hour,day,reserve_up_MW,reserve_down_MW
1,1,138.96908872500006,136.39933110000004
2,1,133.16160112500012,132.82851160000004
3,1,118.8763426,158.94805369999986
4,1,127.95712417500005,125.56027815000002
5,1,143.2056500750001,156.3751658249999
6,1,185.77768730000003,172.87383639999993
7,1,208.70481552499993,180.08759689999994
8,1,217.58292095000002,197.4509913499999
9,1,220.99813697500014,193.0151103249999
10,1,202.91143580000002,191.61274367499993
11,1,238.570953275,205.2407155249998
12,1,231.74456875000004,257.09075247500004
13,1,184.06300392500003,249.08390962500013
14,1,250.87925635000028,222.3805638249999
15,1,223.79875510000005,256.1806255749999
16,1,229.72866852500002,209.8927255999999
17,1,188.82921542500014,245.52393204999987
18,1,199.6752974999999,243.94205099999994
19,1,279.73366414999987,254.4805217999999
20,1,234.14038265000022,206.10784687500015
21,1,206.69310134999995,282.970577325
22,1,194.1989398750001,187.84633974999986
23,1,151.1819901,172.38030600000002
24,1,128.71125600000005,171.59134034999994
25,2,140.57959422500008,143.4007920499999
26,2,151.8125687750001,119.14236742499997
27,2,132.4896402250001,141.97631992499996
28,2,135.0247538250001,121.00381700000005
29,2,179.72053695000005,154.4643509749999
30,2,200.940872075,182.5180735999998
31,2,207.17801497500022,223.7346234499999
32,2,215.4606920250001,211.99711202499986
33,2,198.56626519999998,251.61412212500005
34,2,352.3933337000003,241.15260097499976
35,2,212.43083930000006,285.7862628249999
36,2,281.0989247750001,269.20483370000005
37,2,260.0732958250002,266.39078007500007
38,2,259.6838532499999,210.18930424999985
39,2,177.48711232500017,238.61146477500006
40,2,203.6909189750001,228.65739844999973
41,2,200.58730665000013,253.73384202500011
42,2,253.13016065000002,265.6912835999999
43,2,282.13402565000024,210.31952884999998
44,2,234.09529232500012,223.67123277500008
45,2,286.8882143500002,248.16768395000003
46,2,262.8529721000001,200.58908662499988
47,2,186.76365255000005,171.87936389999993
48,2,156.46746212500017,169.93418357499996
49,3,163.88117234999999,154.016357775
50,3,145.57195667500008,144.15857192500002
51,3,123.7764478500001,151.18279042499995
52,3,121.60425945000007,169.27307012499995
53,3,156.3126344750001,143.67507629999997
54,3,196.16422697500005,192.39786114999993
55,3,272.11352730000027,197.51663177499998
56,3,254.60001155000018,207.03649522499973
57,3,282.21239850000006,224.32332824999986
58,3,251.97741967499996,261.83328427499987
59,3,236.9273502250001,323.6914553749998
60,3,316.7649559250001,249.58238262499998
61,3,194.84253395,196.78954792500002
62,3,247.77298907500005,233.77986997499988
63,3,270.93388914999997,244.9331008749999
64,3,282.8296440500002,222.90423277499988
65,3,289.9047675000003,244.8477846249998
66,3,333.45709107500033,261.43998635
67,3,258.50127042500014,226.56643992499988
68,3,212.42717094999998,232.76356224999992
69,3,248.4556273250002,271.78955437499985
70,3,227.10809612500006,231.42296402499983
71,3,181.53462297500016,178.6666050249999
72,3,172.5539421750001,156.28418094999992
73,4,163.59311362500011,174.30552792499998
74,4,168.55921385000005,175.61498909999995
75,4,150.32411105000028,141.17054749999994
76,4,114.26237635000004,161.76527115000005
77,4,139.45251907500005,202.07217314999997
78,4,230.28400464999987,214.947440225
79,4,241.0644060250001,231.7093154749999
80,4,280.0848410250002,229.89763032499974
81,4,249.45057517500027,293.4672266
82,4,279.1743851499999,259.0580298
83,4,296.6952075000004,271.9000242749999
84,4,220.0181149250001,298.2951910749998
85,4,302.1797395000001,261.50721577499985
86,4,245.2472153999999,247.0601943749998
87,4,253.86234435000017,250.57834189999994
88,4,243.2762407750002,242.491661475
89,4,242.88330072500008,223.34239332500002
90,4,289.3015822500002,292.85193225
91,4,251.42896130000042,265.499077775
92,4,246.88782735,267.0524307499998
93,4,218.45926857500012,245.96714412499995
94,4,280.07354267500034,204.61090865000006
95,4,202.536619825,188.637438375
96,4,166.39858962500003,205.44217677500006
97,5,171.22888920000005,175.4085573
98,5,166.61838647500002,143.63041939999982
99,5,137.934799375,160.02810334999992
100,5,149.68033005000007,180.37498677499997
101,5,191.76007275000003,177.9489263249999
102,5,182.5351359750003,164.78618857499993
103,5,217.8686814750002,226.15069242499993
104,5,295.18408117500024,227.41609484999998
105,5,303.697560975,256.5920776000001
106,5,320.0404664250004,283.893631475
107,5,303.42784249999994,302.97343292499977
108,5,313.72911369999997,324.6857417499998
109,5,266.404969175,326.8431731499999
110,5,246.0181087250002,261.94426162499974
111,5,218.2970222000002,241.73083275
112,5,268.8815192000002,241.8539756999999
113,5,214.74490315000008,296.1784307749999
114,5,309.9344949,249.8870536999999
115,5,270.56570017500025,297.83508407500005
116,5,226.64872935000022,217.64665519999994
117,5,250.57650452500008,244.83134959999984
118,5,237.21476282500007,245.58888652499988
119,5,191.07538720000002,209.108990975
120,5,156.88211972500005,161.24300042499996
121,6,160.20575150000008,158.164152075
122,6,152.47519380000006,134.11308310000007
123,6,136.02477197500008,161.62525737500002
124,6,165.47000159999993,145.53461837499987
125,6,183.91456624999995,149.7480938
126,6,181.2657615999999,208.31913907499995
127,6,217.64343422499996,231.18984324999997
128,6,254.32568932499998,225.466400175
129,6,303.4650966500002,232.38556695000008
130,6,265.3387379249998,272.6328322250001
131,6,295.47229315000004,261.11403789999997
132,6,278.19990414999995,236.10726684999992
133,6,253.34573905000022,210.1513243999999
134,6,300.17474542500025,287.3778902499998
135,6,220.03152467499996,195.47343550000016
136,6,201.98642065000007,284.6176267499998
137,6,242.2931904500004,223.6851027249998
138,6,260.12877250000014,234.0896948249998
139,6,231.91146107499998,251.76325672499985
140,6,279.6927545750004,266.5233411250001
141,6,230.474684625,200.63463682499992
142,6,232.20647944999985,241.89278747499995
143,6,191.17282879999996,185.97942334999996
144,6,188.32591187499997,151.45610247500002
145,7,143.9955772250002,199.93003440000004
146,7,141.8103417250001,212.42033154999984
147,7,164.2230504750001,116.66796382500002
148,7,145.75817982500013,163.50013969999992
149,7,192.36405255,174.25592639999994
150,7,199.10795260000032,158.98922860000005
151,7,263.48936982500004,191.13200129999998
152,7,255.40916017500012,277.21256825
153,7,166.70617072500005,208.11365227500002
154,7,234.66666057500004,245.59119227499997
155,7,256.66017792499997,224.43586755
156,7,271.1612600499999,261.35134819999985
157,7,263.26329527499996,211.85441882499978
158,7,223.28183807500005,225.1813859000001
159,7,216.73470097500004,240.49106732499996
160,7,207.7611979500003,213.4776207749999
161,7,177.14775112500047,264.7780175749999
162,7,217.545753725,232.5626117000001
163,7,216.42431285000018,184.21240992500012
164,7,190.17214835000033,230.95002457500004
165,7,167.7149324250001,201.673456675
166,7,204.31612540000032,231.073058575
167,7,168.91300285000014,245.64427507500005
168,7,136.288078125,204.42984389999998
169,8,165.78382802500002,169.10053144999995
170,8,117.16117577500012,172.84306405000007
171,8,112.26028100000012,182.89302224999994
172,8,141.60579127499994,149.56162524999985
173,8,169.27494755000015,169.80183729999996
174,8,216.8825344250003,133.02027764999994
175,8,186.65832822500008,173.61679882499996
176,8,252.70145770000028,189.03702915
177,8,224.8658007500002,228.57502557499987
178,8,210.37007247500017,221.00786302500006
179,8,279.7281340749999,304.61034340000003
180,8,193.76248205000013,233.71397202500006
181,8,203.64581169999997,182.8174347749998
182,8,222.45055874999997,213.52427332500002
183,8,208.44122137500005,221.71599149999992
184,8,194.24868959999998,193.4099198999998
185,8,233.99675004999995,219.2930967999999
186,8,252.22146914999985,231.66260387500012
187,8,247.18769125,238.2618069
188,8,219.8281291749999,238.29993189999996
189,8,234.95192475,235.12234929999988
190,8,253.37455325000002,239.07807574999998
191,8,166.84186602500017,156.374184925
192,8,144.93176244999995,139.35123647500006
193,9,171.03801947500006,166.994159125
194,9,125.6410626000002,173.1994110999999
195,9,151.25287100000003,146.281686375
196,9,173.446069475,118.85355852499998
197,9,175.73226955,178.28852649999993
198,9,205.63868937500007,178.74026242500003
199,9,249.03565750000013,260.4202279999999
200,9,256.11972480000014,228.0541776500001
201,9,262.5241586500002,315.11736499999995
202,9,300.27583207500027,300.7591735249998
203,9,308.0219655500001,247.1619633249999
204,9,332.5351255250007,308.21763577499996
205,9,278.142886025,235.15016962500002
206,9,225.94458187500015,269.5270349999999
207,9,220.5514804250002,229.7971321500001
208,9,299.7025147500001,231.800361125
209,9,246.29966450000012,248.58849785000007
210,9,255.86635682500003,245.567508525
211,9,241.83391057500015,255.5853477249999
212,9,242.42809692500012,250.3036956749999
213,9,220.50900815000028,232.22559177500003
214,9,208.313743,227.33888622500012
215,9,193.0557564500002,176.92930460000002
216,9,106.1803519750001,130.11619862499992
217,10,155.6290205250001,145.27494982500005
218,10,175.71216790000014,132.76424217499996
219,10,122.31867279999999,107.69917665
220,10,150.60170530000022,127.06204577499993
221,10,178.06376840000013,175.362939625
222,10,161.88462204999985,242.38857507500006
223,10,206.89304145000017,242.7488511500001
224,10,255.98514880000005,244.66758047500002
225,10,324.07461757500016,262.9006665500001
226,10,218.1720457250002,233.12297395000002
227,10,323.66792449999997,324.31343044999994
228,10,311.2528210500003,281.3572273000001
229,10,269.52225630000027,191.76358665000004
230,10,318.61955164999995,220.1512056
231,10,270.73548515000016,213.66300942500004
232,10,203.52272415000013,259.92185005000016
233,10,256.0355617750003,255.54313304999988
234,10,209.772129825,273.000337875
235,10,315.24482217499997,229.89184379999983
236,10,247.3870351999999,253.6410363
237,10,279.0043413500005,230.1151705749998
238,10,206.00975680000022,188.93548284999977
239,10,213.73805874999996,203.41833642499998
240,10,184.80899619999997,134.37386937499994
241,11,159.07291852499998,147.20144107500002
242,11,135.74339810000006,119.28325012499998
243,11,143.07264360000008,171.67349702500002
244,11,160.34217950000001,115.31523965000002
245,11,147.503025,131.68835239999993
246,11,238.20027212500008,202.6593001999999
247,11,233.58482825000021,248.32526612499987
248,11,233.17660825000016,270.2014695
249,11,308.7404776000002,240.9480507500001
250,11,264.66392195000026,324.2447667749999
251,11,263.47598717500006,292.697159425
252,11,253.284772675,280.6468142499999
253,11,238.44417935,240.85956552499977
254,11,220.84712510000014,254.8357802
255,11,213.4419051000002,214.09446024999977
256,11,182.21840280000018,226.49026615
257,11,249.50956254999988,203.68010382500012
258,11,259.7994352000003,343.95536557499986
259,11,221.99473115000035,210.35557782499993
260,11,319.80661070000014,256.21992442500004
261,11,290.21241375,206.928830075
262,11,168.21867572500005,280.84920767499995
263,11,218.02139190000042,165.384735875
264,11,198.2860544250002,181.78159397499996
265,12,154.0626085,135.2306690999999
266,12,148.62933407499992,145.99264820000002
267,12,136.89109487499996,197.6514464
268,12,137.54054335000018,184.62530305
269,12,146.23786342500006,160.51049769999992
270,12,177.8705534,172.43784225000002
271,12,260.3561631750002,222.4750742999999
272,12,282.480630325,275.28122310000003
273,12,306.6431423750001,297.44092692500004
274,12,254.1409492500003,267.48880537499997
275,12,240.83732115000004,262.9438160249998
276,12,294.5944301000003,247.16816137499984
277,12,321.7935444499999,308.8225203000001
278,12,250.9712937250003,269.6046737749999
279,12,258.18882722500007,265.3269955249999
280,12,268.49945032500017,208.69783467499997
281,12,283.6941809750001,198.62394549999988
282,12,247.21319040000023,251.06178407499993
283,12,252.19910155000002,230.69011454999998
284,12,299.56989380000005,246.80593644999993
285,12,271.6444521750002,243.6997141999998
286,12,251.41722122500002,267.27086877499994
287,12,206.966009025,160.10104067499998
288,12,171.40031722500004,143.60338297499996
289,13,135.59308937500015,152.72356687499996
290,13,166.66690292500004,172.38616947499997
291,13,183.22483705000005,150.99375134999985
292,13,175.76367917500016,150.17866745000003
293,13,167.4138701,146.28510749999987
294,13,229.09688525000033,217.21873727499997
295,13,212.9009421500001,249.17049287500012
296,13,269.21769545000006,253.75626707499987
297,13,267.8012233750002,319.47334664999994
298,13,294.27620815,295.519920525
299,13,323.38765027500006,298.7987763499999
300,13,260.47335807499996,235.23511729999996
301,13,251.17575285000044,311.5357809499999
302,13,263.65074185,298.6806880499999
303,13,214.49362090000022,241.17894557499972
304,13,217.85273524999997,235.67024877500006
305,13,238.44539820000028,242.14068205
306,13,211.08051782500013,283.62184452499986
307,13,237.63468377500004,224.58743267500012
308,13,218.51062707500006,214.49792534999995
309,13,225.04199805000002,203.48087642500002
310,13,230.17593034999993,228.98082225000007
311,13,223.96662070000005,189.35203407499995
312,13,132.18005260000004,165.38372362499993
313,14,145.2442099750001,175.24373667499998
314,14,167.52053825000002,153.61844512500005
315,14,137.50256265000002,145.04357044999992
316,14,135.69293080000014,151.574267125
317,14,134.14459220000006,159.37481054999998
318,14,157.60345975000007,174.92307122499994
319,14,217.9631695499999,197.9400122750001
320,14,206.14347062500008,191.49867152499976
321,14,241.50387912500003,235.58866509999984
322,14,268.87980937500026,218.204052325
323,14,299.80221844999994,339.2768819249999
324,14,248.90676755000013,300.86754219999995
325,14,292.61462037499996,193.7042080000001
326,14,265.086111675,186.66642367499998
327,14,236.00139785000022,195.88785744999998
328,14,263.539696025,146.50182537499984
329,14,168.7152073250003,186.59480107499996
330,14,217.44517292499995,222.70564530000001
331,14,261.34375234999993,230.4746195
332,14,193.73461622499997,272.84766217499987
333,14,249.33343052500015,216.89808204999997
334,14,223.45605250000014,209.77931379999993
335,14,177.45034859999998,237.9054237499999
336,14,164.2883724250001,132.11248155
337,15,136.8465823250001,158.9752436500001
338,15,120.94922552499997,124.26471947499999
339,15,154.12559517499997,134.50346272500005
340,15,135.28774687499998,130.89053082500004
341,15,162.34033595000017,185.65380064999988
342,15,164.86755222500022,203.60888207500003
343,15,254.38120105000002,204.89418152500002
344,15,191.23017825000005,229.86524405
345,15,222.16216297500006,335.54532345
346,15,227.0547908999999,195.48577977500003
347,15,258.0284036250003,246.59739037499986
348,15,221.60459759999998,242.7716349749998
349,15,260.2534704000001,247.80274769999977
350,15,267.086596625,259.72665422499983
351,15,251.06313805000008,182.59665137500002
352,15,223.81574540000008,175.72602510000016
353,15,221.70141237500005,245.3445162499999
354,15,302.64078750000033,214.45664817499994
355,15,242.91941344999992,305.3802048499998
356,15,235.6984049750003,217.78694889999997
357,15,194.44220554999993,227.55091730000004
358,15,190.81340325000014,260.747116725
359,15,210.36654792500008,179.63726540000002
360,15,184.82867717500005,194.6267969749999
361,16,143.58981082500003,143.797476375
362,16,116.15430982500015,139.8705355249999
363,16,150.94450822500008,108.19107782500004
364,16,158.43745217500003,123.66882564999995
365,16,177.10288552500012,170.58521407499993
366,16,212.16726695000017,187.19419640000004
367,16,231.88195670000033,219.91559157500006
368,16,288.6933564500001,269.06472105
369,16,241.58374410000036,279.88987745000003
370,16,272.24940267499994,294.79553277499986
371,16,358.9683255750002,256.0709873250001
372,16,316.231063375,306.43728909999993
373,16,301.10596932500016,277.6351023749999
374,16,291.754499925,297.6848519250001
375,16,301.6203876750002,267.74977032500004
376,16,227.16531857500019,283.90423947500005
377,16,270.5458882999999,230.98484627499997
378,16,284.604330675,295.25916599999994
379,16,294.530579625,223.96168350000016
380,16,275.56676115000033,267.79974799999985
381,16,255.57391952500006,257.2710518749999
382,16,237.01998999999998,225.67950099999996
383,16,189.26829877500012,192.3071984
384,16,203.7141036000003,185.76253849999995
385,17,177.24605292500019,160.64406634999995
386,17,162.75033715,160.66823947499995
387,17,176.53427647500013,167.00556457499997
388,17,183.24957995000022,193.30823575000005
389,17,190.11568722500016,181.17291547499997
390,17,218.21873234999984,236.08024985000003
391,17,287.6235363000003,253.93624402499992
392,17,300.5245861000002,334.28601805
393,17,246.19128499999988,283.4055600249998
394,17,282.8358353500001,245.68677019999978
395,17,258.3291631749999,304.74140809999983
396,17,323.4289739000006,292.12203899999975
397,17,206.22962852500018,256.63112945
398,17,267.370967175,270.08325279999997
399,17,193.7574596999999,257.437158325
400,17,215.16073152500024,213.82238090000004
401,17,252.236686125,234.5476557249999
402,17,280.400045675,256.81110620000015
403,17,297.2038168250004,272.9249484500002
404,17,249.34278745000015,270.1748049
405,17,283.0424250750001,218.36743289999984
406,17,271.23060777499995,239.663717175
407,17,207.84197425000022,207.55190902499993
408,17,178.00503670000012,200.01152085
409,18,179.96918127500024,176.82896599999998
410,18,121.79141760000003,172.662648275
411,18,157.46378285000011,199.26466175000002
412,18,165.81282115000022,174.57479619999992
413,18,161.166766575,185.65726282499992
414,18,184.07747245000016,166.78981495000002
415,18,260.223895625,273.067787825
416,18,361.49726275000035,326.01557807500006
417,18,243.80860285000028,306.9836803999999
418,18,306.24359300000026,339.90999105
419,18,305.10860845000013,322.85817907500007
420,18,286.06986955,297.09546235
421,18,237.44265384999994,258.23702794999986
422,18,237.7974955749999,241.8716037999999
423,18,272.86369594999985,213.22141442499992
424,18,239.86767275000034,255.49848072499992
425,18,236.75875867499997,298.26525692500013
426,18,263.8455134500001,295.1832535499998
427,18,295.6858946250003,337.0590119750001
428,18,279.88222959999996,300.5831341500001
429,18,265.5869468250001,290.90177957499975
430,18,231.83669355000012,224.4885726750001
431,18,235.31852794999998,221.640834225
432,18,192.88229512500038,171.724287825
433,19,182.4789449500002,199.67272972499998
434,19,173.87343254999996,155.12786370000003
435,19,137.1493825,172.3351242249999
436,19,162.46833305000013,166.24006802500003
437,19,191.12189737500006,219.50978627499995
438,19,195.37125437500015,192.6904200250001
439,19,252.1773740500001,202.3403693000002
440,19,222.75846087499986,275.65348445000006
441,19,242.4299653250001,259.57862317499985
442,19,305.9825936750001,235.5644620999998
443,19,264.92518369999993,322.74799089999976
444,19,249.1290456000002,314.6867646999999
445,19,290.8857531500006,299.62514795000016
446,19,310.3487567,253.5148684749999
447,19,225.78881090000013,283.7243324250001
448,19,229.0416433,284.250565925
449,19,235.05887335000017,325.086434725
450,19,302.41595970000037,197.29542357500003
451,19,232.66179712499996,263.2424154749998
452,19,252.03594475000003,249.98574344999997
453,19,224.6907907250003,232.3370741
454,19,180.51006069999988,245.25000577499983
455,19,205.4465035499999,196.57965992500002
456,19,203.1729592500003,147.52307267500004
457,20,175.23348540000012,147.36505935000002
458,20,147.57007337500008,138.49316467499986
459,20,148.36828022500012,120.32678332500002
460,20,192.2941951250001,139.45902849999993
461,20,187.19162080000007,128.93872620000002
462,20,211.2918747,210.658789425
463,20,256.63461540000014,245.6862818749998
464,20,269.57570955000006,240.39623149999989
465,20,281.8487529999999,329.4859474
466,20,344.8258117000005,254.2823879999999
467,20,282.23833824999997,260.11331840000014
468,20,327.99458520000076,298.5453343249999
469,20,284.01630540000014,220.3052886750001
470,20,254.1371495250003,263.01620885
471,20,238.97570214999996,262.2811189749999
472,20,222.54926647500017,229.48531299999988
473,20,231.40681657499997,194.89410982499982
474,20,279.5107199000002,254.41834595
475,20,294.486054975,277.53248762500004
476,20,284.3353886750004,292.00876957500003
477,20,253.55585267500027,209.53418597500007
478,20,206.31219727500007,218.8421139250001
479,20,193.86503450000032,237.21799037499989
480,20,205.81227239999993,201.6217313749999
481,21,174.4325590750002,175.42931377500008
482,21,139.6426150000001,213.22152567499995
483,21,158.126272625,157.0959385
484,21,152.96772315000018,135.06285477499992
485,21,176.66661442500015,195.40218312500005
486,21,172.56958507499996,194.81225074999998
487,21,189.6990476000001,194.703935925
488,21,258.8154116999999,271.9081368749999
489,21,240.53350445000018,253.0020777749998
490,21,254.52338870000017,279.59779312500007
491,21,260.09105157500017,283.18272217499987
492,21,297.48391935000046,298.64718132499974
493,21,233.19974534999983,241.33386722499992
494,21,261.7595993750001,273.37975372500017
495,21,204.39623260000002,209.99564254999993
496,21,239.20303805000012,171.132525075
497,21,191.76427797500008,275.4348323999997
498,21,208.33179747499997,223.74652325000005
499,21,204.11215630000004,230.79669707499997
500,21,226.3371152750001,242.3681415000001
501,21,214.8715739500002,205.95237877499991
502,21,219.7616314999999,195.35956004999986
503,21,199.04515755,208.73946909999995
504,21,181.28179515000025,192.44168154999997
505,22,191.252764625,192.94263842499998
506,22,203.24541500000038,147.360234575
507,22,166.42185427500002,178.69463839999992
508,22,209.93065125000004,148.52302679999994
509,22,175.7020310249999,219.0873983499999
510,22,178.09799045000025,204.16578189999996
511,22,245.28527037500012,167.45819195000007
512,22,200.9373885750004,236.54192125000003
513,22,218.15249447500008,231.17769332499995
514,22,250.30155414999987,210.41943852499986
515,22,239.3137352500002,233.80237947499995
516,22,291.31920430000014,223.47818569999998
517,22,272.2995874000003,234.2277818999999
518,22,288.52443195000035,188.7528591749999
519,22,260.4489453000001,255.660296325
520,22,201.89587175000003,211.6796822500001
521,22,216.08593065000002,238.3763310999999
522,22,241.52763437500005,283.8844672749999
523,22,326.4669018499999,210.18282899999986
524,22,241.18010397499998,238.21049944999987
525,22,244.89728745000002,178.4194748
526,22,200.73388202500013,194.69306092500005
527,22,167.864270675,198.22805852499997
528,22,178.63446412500008,183.923016625
529,23,174.73022100000009,144.9896671249999
530,23,161.67162925000005,137.64614829999996
531,23,173.07658627500004,182.60840045
532,23,208.39464392500008,184.82144572499993
533,23,159.81021587499998,187.40020724999988
534,23,225.33698955,271.75057152499994
535,23,235.9122020250001,238.2110031
536,23,325.6641778999999,242.32145617500004
537,23,249.4501370000001,274.2010343999999
538,23,287.11234852500024,247.66216134999985
539,23,299.25303242500013,297.6145540499998
540,23,300.5509265500002,290.78303752500005
541,23,306.5422308999999,262.66420309999984
542,23,259.1050163750002,296.9930948249999
543,23,266.19819087500025,265.23555992499996
544,23,248.34609757500013,215.66232682499992
545,23,206.2039879000002,250.866550325
546,23,199.6715798750003,344.54490185000003
547,23,318.58972007500006,313.29111494999984
548,23,228.5818907999999,292.9728325749998
549,23,261.7526589749999,253.68725862500008
550,23,209.19702080000042,221.89510394999996
551,23,190.29107357500044,237.33731949999998
552,23,160.8027985500001,179.63022552499996
553,24,166.60026154999997,213.43311062499987
554,24,154.40132137499995,130.74483309999994
555,24,166.69031130000008,206.88483849999994
556,24,208.20358045000012,166.3337649
557,24,185.85040739999997,232.50620927499986
558,24,209.3636236000001,234.24285539999985
559,24,208.25961105,241.02105935
560,24,256.0912474250003,265.6201499499998
561,24,266.09193115000005,312.55064044999983
562,24,291.94949252499987,258.1297132249998
563,24,290.48186635000025,255.0977859749999
564,24,280.9619252750001,314.01148780000005
565,24,274.634284125,251.7404711249998
566,24,233.73943470000023,229.27883917500003
567,24,265.60292660000005,265.38052632499983
568,24,285.58502727500013,249.87721984999996
569,24,241.14330012500034,193.39783900000015
570,24,278.4437734250001,208.43118382500018
571,24,249.94279225000002,271.29439180000014
572,24,259.45283225000003,264.3144604750001
573,24,253.75376292499993,254.49284439999997
574,24,264.910380475,220.813396925
575,24,198.70189032500002,206.75265062499992
576,24,205.5219066250002,189.963700975
577,25,171.03468530000012,121.10190740000007
578,25,165.59406895,137.71286972499996
579,25,170.8862150750001,151.13557952499986
580,25,142.28829390000007,162.90376119999996
581,25,157.74369595000002,151.30888904999995
582,25,203.758368325,227.58566682500003
583,25,190.85711650000025,214.11423857499994
584,25,269.0128899499999,287.2693056249999
585,25,338.2899078500003,308.5739350999999
586,25,277.98061985000015,302.59260057500006
587,25,272.66880600000036,304.167597775
588,25,261.6439846000001,266.146062275
589,25,268.23967167500047,255.815429275
590,25,297.00645212500046,342.8046677
591,25,300.19803435000006,209.24201327499998
592,25,264.474576975,188.025653475
593,25,285.82469222500026,242.41872082500007
594,25,291.45934072499995,217.0572310999998
595,25,222.3491323000003,249.7841241000001
596,25,227.65227657500003,275.51702889999984
597,25,282.2670668000001,244.26613487499992
598,25,291.35329120000017,202.39518425
599,25,182.17372672500005,163.7231430749999
600,25,183.5990258750001,194.44602069999996
601,26,207.54914865000006,164.15798619999993
602,26,144.65686307500002,133.95136159999993
603,26,144.568006575,115.44567069999997
604,26,135.74509602500004,110.9050413
605,26,165.38899442499996,193.31096302499992
606,26,255.60735210000007,213.200690075
607,26,254.00809947500017,235.69399025
608,26,285.5013193750001,251.1964167249998
609,26,245.19047080000013,240.9963636499999
610,26,292.56352152500034,265.58057680000013
611,26,294.83476095000015,324.08100779999984
612,26,253.4463153750003,274.0303013249998
613,26,264.96646115,279.09717810000006
614,26,253.85329632500003,234.6660668249998
615,26,224.650357525,228.59582105
616,26,244.78456800000015,219.87946492499992
617,26,192.58234660000014,329.4330743999999
618,26,258.77820072500026,327.27917779999973
619,26,226.96721719999982,277.2694507
620,26,224.13787374999998,292.01698874999994
621,26,278.6905649250001,295.56984784999986
622,26,194.5110593000001,209.02629429999996
623,26,212.44799957500018,204.96419290000003
624,26,154.20807822499998,198.8146857249999
625,27,148.67347782500033,136.06302795
626,27,129.49699875000007,117.69594387499998
627,27,128.027275775,151.20742142499992
628,27,147.19908070000008,140.3854205
629,27,155.360253775,169.68146649999994
630,27,173.23688147500005,210.46054455
631,27,211.08974305000004,211.85982752499996
632,27,213.08774320000003,268.03612695
633,27,235.07382120000028,216.02204062500007
634,27,242.01331262500014,247.95565699999977
635,27,259.6882658249999,303.66067384999974
636,27,262.6159172750001,317.35168112499997
637,27,326.2336429250002,225.1258807000001
638,27,241.21498502500017,246.43461984999982
639,27,217.85407720000032,210.64382752499995
640,27,249.28785552500005,209.14655132499973
641,27,224.8808845000002,216.16464304999982
642,27,259.71436795,266.99453745000005
643,27,223.81365165000017,345.51508814999994
644,27,233.12741770000002,253.18655262499996
645,27,284.6474949500003,221.78167322499996
646,27,263.6205459500001,231.7271141249998
647,27,178.68484699999996,169.33872974999997
648,27,202.11076245000004,161.399454075
649,28,142.6297740750001,156.74432677499993
650,28,162.50610642499998,157.10474722499993
651,28,142.06169197500003,149.75001822500005
652,28,150.6961899000001,137.50387417500008
653,28,129.14253070000004,167.3004732
654,28,198.62166472499996,164.20115314999995
655,28,194.53567937500017,165.19021062500008
656,28,228.4449331250001,157.26714084999986
657,28,218.95481890000002,153.2881215249999
658,28,292.28870542500016,277.3169055500001
659,28,246.59797055000016,284.7731167249999
660,28,255.44346144999994,223.38416912499994
661,28,231.0065063000003,248.26837652499978
662,28,174.70646727500002,214.29911062500003
663,28,223.9901711000001,227.437454775
664,28,207.5696685499999,227.25056224999992
665,28,228.94007965000003,178.90684657499992
666,28,209.90468462500002,194.67189867499997
667,28,235.15111782500026,269.4860214499999
668,28,193.07658892500012,234.62269337500007
669,28,212.26634697500015,276.8894378000001
670,28,249.97862067500012,243.04356397499998
671,28,198.45676037500021,174.69629609999998
672,28,172.66957167500001,178.9418313249999
673,29,113.53090282500004,153.3442272
674,29,139.76547770000008,143.3115760249999
675,29,142.75425947500005,127.40047427499998
676,29,125.88551340000001,169.67419917499996
677,29,144.0254509750001,171.0640895
678,29,192.8137383250005,198.72269812499997
679,29,231.71597525000004,157.956397225
680,29,189.85351707500007,208.1977733999999
681,29,247.85765267499994,247.05710179999988
682,29,261.99807132500007,170.65294677500003
683,29,217.97669542500012,215.77839402499984
684,29,245.681292725,254.81681834999998
685,29,206.38882667500008,222.75996457500014
686,29,219.22881119999988,238.52304890000005
687,29,208.44970930000045,259.13381039999985
688,29,206.37004655000015,205.5866287249998
689,29,204.7954346749999,202.27359354999996
690,29,216.70875187500002,256.03190737499983
691,29,212.29500845000024,223.4049820249998
692,29,204.4704634750001,210.13705155000005
693,29,281.01061290000007,254.36618302499988
694,29,196.812929275,165.18223587499995
695,29,163.36390417499996,142.92692480000005
696,29,152.99702352499997,165.06132264999997
697,30,165.46740360000007,125.12995310000005
698,30,125.9137651,147.00389024999993
699,30,129.68735237500005,151.23219655000003
700,30,129.00852335000002,147.21276377500004
701,30,159.53214205000012,152.3174310249999
702,30,195.90700392500003,226.608340075
703,30,191.3371346000001,219.72958757500004
704,30,219.60364854999995,247.859570375
705,30,287.31620412499996,264.9604832499998
706,30,186.628358575,268.2130098499999
707,30,293.88813767500005,300.80859045000017
708,30,328.98937060000026,299.7757875749998
709,30,327.6780532250002,287.6446009499998
710,30,335.6154694750001,244.6610364749999
711,30,246.0184383250001,234.5130779000001
712,30,271.46846682500006,279.68499840000004
713,30,258.65121275,258.73152007499993
714,30,214.57238970000017,262.8306006
715,30,322.8542099750002,266.8937796249999
716,30,300.2456481500001,195.61923509999997
717,30,255.33338435000002,279.2511641499999
718,30,236.64864480000014,232.90527515000005
719,30,182.15188675000024,181.504121
720,30,182.55684415,221.2563923749999
721,31,148.75135584999998,142.08911799999996
722,31,141.47190364999994,123.14100177499998
723,31,162.256259225,122.17191942499988
724,31,136.9510222000001,135.38430197500008
725,31,172.97422042500017,165.44709665000005
726,31,181.39662995000015,216.30851287499996
727,31,200.43631334999998,254.87155827499998
728,31,258.543562725,213.5018467999999
729,31,228.6268171999999,255.36042620000012
730,31,217.53918017500007,276.9668720500001
731,31,285.870849225,297.7943212750001
732,31,233.57605562500015,333.1215186250001
733,31,219.70814552500036,218.68663095000002
734,31,195.70672139999994,264.18373362499995
735,31,234.39448265000016,272.48352955000007
736,31,251.82818285000013,238.42313065000013
737,31,190.4406113500001,214.27561735
738,31,179.58147495000003,238.85972947500002
739,31,251.90145065000024,258.47717587499983
740,31,223.66653867500008,298.5553785500001
741,31,185.61113885000015,243.85425779999994
742,31,237.0855689500002,273.36509427499993
743,31,203.13293815000014,188.50683074999995
744,31,129.8895236500001,222.32523387499998
745,32,136.5915813750001,163.45685935
746,32,180.78125415000022,127.59039297499994
747,32,122.24034877500011,167.06340787499997
748,32,129.51056485000007,118.57334149999991
749,32,192.42342540000004,173.60473579999996
750,32,183.92807670000013,173.4929834749999
751,32,206.67663827500013,182.48387392500018
752,32,208.71374415000008,213.74664065000002
753,32,298.65303340000014,261.8144077750001
754,32,299.1238036250001,328.0859082499999
755,32,263.87327437499994,283.8786130750001
756,32,308.45801837499994,222.24761719999998
757,32,221.01886607500003,270.44375442499984
758,32,200.93796144999993,237.3913888750002
759,32,242.19425082500032,203.2336093750001
760,32,246.87134657500008,233.11696427499987
761,32,202.48437482500015,237.4008501749999
762,32,294.11934927500016,246.90666007500008
763,32,259.67397087500007,270.2588444250001
764,32,210.61324047500005,202.45010367500004
765,32,245.60872797500053,271.9637517499999
766,32,229.51929362500005,267.6871592499998
767,32,171.00160030000006,208.177744
768,32,136.1310760500001,178.81208550000002
769,33,109.67629185000003,203.31337280000008
770,33,150.56425172500008,154.38785437499996
771,33,141.2366223500001,132.70965972499997
772,33,114.771959675,174.075164175
773,33,151.29574430000008,163.19971574999988
774,33,167.87642340000005,178.27133110000005
775,33,198.9803781999999,209.2591968750001
776,33,288.25839677500045,228.18943575
777,33,265.60903829999995,237.93470990000003
778,33,323.581856275,280.3561837750001
779,33,296.0706111000002,304.66001825
780,33,239.07023292499989,273.18947310000004
781,33,222.08370712500016,265.3658871749998
782,33,197.70763532500013,175.0986943750002
783,33,238.850215225,252.72578822499992
784,33,223.63060532500015,213.4521324249999
785,33,156.81621052500014,236.03336174999987
786,33,262.5466406750001,208.04867107499996
787,33,260.61652170000013,211.77077617499992
788,33,280.3244072,212.58142315000006
789,33,199.97665732499996,259.182269825
790,33,205.8257397250002,227.7834377999999
791,33,182.3703269250001,201.74153697499997
792,33,163.8902863,150.490998
793,34,168.53730020000006,113.06859942499999
794,34,162.19484839999993,170.38120787499992
795,34,141.6561192750001,116.53424877499995
796,34,125.52893620000017,124.22330309999995
797,34,168.74675982500003,138.82431239999994
798,34,195.12699800000004,193.20486147499997
799,34,219.0130257000001,182.0493153500002
800,34,248.8494996,189.3472737
801,34,273.9196859500002,263.49208865000014
802,34,327.9709765250001,253.56444739999995
803,34,284.73512882500006,279.3282127
804,34,253.8219708750005,239.59120394999994
805,34,259.3319032250005,226.37043829999993
806,34,264.45158987500014,210.833798575
807,34,257.49193977499993,190.21709690000012
808,34,235.253603575,228.83430352499994
809,34,195.80018682500003,246.4267696000001
810,34,243.60797077500035,294.0685136000001
811,34,244.82872214999986,221.88716852499994
812,34,269.0678165250001,185.37987534999996
813,34,323.3733377,184.964590125
814,34,239.52550022500003,242.08446930000008
815,34,179.75407767500002,226.94457315000002
816,34,129.84493275000008,161.22121400000003
817,35,162.4720562,139.45651395
818,35,165.88499600000017,138.3020413
819,35,120.6055932000001,143.42893622499997
820,35,150.8654442,134.11902747500005
821,35,153.56700632500016,167.35065332500005
822,35,174.7534245500001,197.30518117499983
823,35,234.58182847500024,200.241345775
824,35,240.12138540000004,251.4975940000001
825,35,257.7390352,248.17613017499983
826,35,228.51752647499995,223.92739150000014
827,35,226.55956077500002,230.43789327499988
828,35,288.9575598500003,245.65605390000002
829,35,184.0673676500001,219.05292040000018
830,35,199.41095842500005,245.54686509999993
831,35,170.17710592500003,211.55463779999985
832,35,205.50160827500008,205.81789395000004
833,35,195.806818225,210.69508294999991
834,35,210.2142345000001,189.4151475000002
835,35,235.21189045000003,251.56192580000004
836,35,198.94751227500018,222.04204014999982
837,35,198.14707797499997,244.9128432499998
838,35,177.65977564999994,248.87897692500007
839,35,170.9753469750001,161.52691290000004
840,35,142.30975062500008,171.99264959999988
841,36,137.0208388,127.63429437500005
842,36,150.37096215000003,126.67679377499995
843,36,134.58853662500016,158.59690607499996
844,36,169.86422172500014,188.50753754999994
845,36,188.82852352500038,162.45909339999997
846,36,205.34494459999993,217.5809652
847,36,229.77839415000008,241.79663372500005
848,36,208.72160509999983,250.04500317499992
849,36,276.72772175,207.43101417499994
850,36,210.01177140000007,255.3624925499999
851,36,230.20875335000017,189.62001409999985
852,36,197.7952157750001,251.24270050000007
853,36,204.25790849999998,260.18058462500005
854,36,216.22087212500014,174.58525614999996
855,36,224.56101737500006,244.677458925
856,36,199.55739114999994,198.09361525000003
857,36,225.1019333000001,161.79809810000003
858,36,233.86384632500005,255.50805012499993
859,36,237.54894205000028,228.496645225
860,36,231.12780192499991,226.75293534999994
861,36,216.48743650000003,225.34896075000003
862,36,222.9139661250001,244.57951802499989
863,36,140.07270935000008,216.486112375
864,36,168.51860785000002,202.2908312749999
865,37,147.15676537500016,132.32722789999997
866,37,147.77597580000008,113.92225052499998
867,37,188.55630440000016,158.7049978249999
868,37,168.58424182500028,182.94272254999993
869,37,164.53827152500008,156.13089784999988
870,37,214.12283270000023,193.4500801499999
871,37,202.96412575000033,183.3406435
872,37,254.0535255999999,231.2386075250002
873,37,224.16798157499989,257.4752682999999
874,37,246.8285349000002,275.913616625
875,37,214.63495125000017,286.34780154999993
876,37,258.211423875,246.55861965000008
877,37,258.3692159250001,313.30314582499994
878,37,278.7135153,233.98821147500007
879,37,232.83639732499995,211.87410245000004
880,37,263.63428412499997,249.6374891749998
881,37,252.27027275000017,203.44835022499996
882,37,293.80016349999994,242.48604432500002
883,37,270.6225711750002,207.63800259999994
884,37,182.8854545000001,245.95116602500008
885,37,193.32043817500005,281.8263338749999
886,37,238.45362784999998,193.21075237500008
887,37,261.07404140000006,194.2799092
888,37,202.34185152500012,162.941938875
889,38,156.75659217500015,176.56001767499998
890,38,146.72082035000003,159.86011992499994
891,38,170.20701904999999,151.83846212499995
892,38,148.70754552500006,178.74361105000003
893,38,224.91405117500008,145.00968150000006
894,38,237.43878220000016,182.52551477499992
895,38,238.4864811000001,230.83402169999988
896,38,252.47752107500014,279.97919184999995
897,38,272.59082357500006,308.8117628000001
898,38,225.51363112499996,344.7584191749999
899,38,301.4139695,350.28415767499985
900,38,265.4316626750001,266.13853927499986
901,38,252.90921184999996,266.4087392499998
902,38,235.75511550000004,287.94432047499987
903,38,231.56123000000025,188.1318333999999
904,38,218.47837460000005,233.53450804999974
905,38,233.55082937500006,290.18325519999996
906,38,251.82396150000022,246.2930754499999
907,38,223.43901515000016,301.5002812
908,38,271.0898475500003,235.5396783499999
909,38,210.02243362499988,245.48451199999985
910,38,218.80603090000002,254.37921145
911,38,134.32890175,205.06414137499985
912,38,153.8368575000001,169.65744349999994
913,39,163.89328612499992,148.8178322249999
914,39,148.4858387,143.75904425
915,39,122.77168260000015,147.6631673999999
916,39,142.72324774999998,168.60065584999995
917,39,154.59406797500014,179.78137527499993
918,39,153.1478748500001,211.61608379999996
919,39,198.55936472500002,238.79853427499998
920,39,225.7230809250002,239.16310675
921,39,305.9639635000001,261.69051429999985
922,39,259.27006032500014,278.5327083
923,39,291.108339475,263.86136464999987
924,39,293.2182228500001,248.78059112499992
925,39,320.316938,199.70258375
926,39,237.77542515000005,279.66623269999985
927,39,234.0566960250004,208.4854891249999
928,39,255.66902592500008,191.39405694999988
929,39,194.92229182500017,196.26800812499985
930,39,277.05549437500036,252.80607902499997
931,39,290.73078549999997,278.5800304999999
932,39,265.1518353250001,265.9531144750001
933,39,199.61519985000024,228.41919327499994
934,39,214.07349662500016,261.26184602499984
935,39,190.9230023250001,221.73970674999984
936,39,184.52317665000004,150.67826432500004
937,40,180.32475817500006,210.33937599999985
938,40,186.79026942500008,135.10651495000002
939,40,190.67954655000008,158.5639261
940,40,196.20403217500007,196.89125925000002
941,40,174.79744065,176.94963079999997
942,40,240.02318764999993,202.25386417500005
943,40,245.0716236,191.8101998750002
944,40,272.90356887500036,224.86561534999998
945,40,265.47504500000014,289.9458458249999
946,40,333.70829057500055,277.4685313250002
947,40,240.97248000000013,251.38501624999992
948,40,301.7845785000001,259.238543875
949,40,296.2168914250001,237.49717942499987
950,40,246.3315019000002,285.422098925
951,40,220.41462952500018,306.7154155500001
952,40,264.9855784500004,268.937096025
953,40,229.12492745000014,233.8408630750001
954,40,252.066979325,224.599565275
955,40,223.75930897499995,217.54922424999978
956,40,239.3175527000001,216.33827597499987
957,40,266.0654676500001,220.16211185
958,40,215.90860812499983,200.69240955
959,40,213.70453067499983,187.4048219999999
960,40,179.91370265000018,136.74315875000008
961,41,120.91709042499997,145.59186507499996
962,41,127.34618600000003,112.28669532500004
963,41,128.95877542500006,107.24679267500002
964,41,156.89360405000008,104.80119479999989
965,41,137.7519052500001,155.92409797499994
966,41,210.67204750000013,189.15537612499995
967,41,257.7990776250002,164.4434759000001
968,41,271.42283362500007,211.03114872500004
969,41,286.0988842750001,241.38073262499998
970,41,238.5238668250002,338.99453274999996
971,41,314.9279603250001,247.17892857500001
972,41,267.1848176500005,284.05686145
973,41,236.37984602500012,237.235800325
974,41,211.85556522500002,275.4072014249999
975,41,246.8370689250002,240.78600997499984
976,41,247.95109327500006,285.12243082500004
977,41,226.70909727500026,261.42134724999994
978,41,230.7825247749999,290.8057377749999
979,41,322.91660205000005,246.09677240000008
980,41,293.0943807000001,209.29543117500012
981,41,229.59559699999997,223.61196242500006
982,41,253.8276664,241.4725875749999
983,41,249.7067766250002,227.0811275999999
984,41,185.67531322500008,161.88464147499997
985,42,143.07230189999996,170.52469735
986,42,124.26374077500002,137.22671282499996
987,42,137.75710235000028,100.99668822499996
988,42,135.22783177499997,141.70323924999997
989,42,133.354319025,147.85635064999997
990,42,143.06482412500014,217.39270537499988
991,42,195.54943512500023,217.45326102499988
992,42,213.59503545000018,214.4603061
993,42,197.7811128749999,225.13177024999985
994,42,276.6281305000002,185.5332429
995,42,300.47728662500003,221.94353869999992
996,42,268.30258025000006,232.47662669999994
997,42,204.6085609250003,212.50833294999995
998,42,185.61195362500007,216.15235684999993
999,42,172.40814690000008,287.6521023999999
1000,42,239.661864425,233.31984282499997
1001,42,224.96151200000014,243.45102354999997
1002,42,193.7743184500001,232.8895684499999
1003,42,249.2122902750001,214.95609474999992
1004,42,222.3982553750001,232.45582669999996
1005,42,226.68868445000015,201.44146094999994
1006,42,183.74057537500033,184.81844719999998
1007,42,193.93158607500007,156.20965549999994
1008,42,156.366607025,172.60911837500004
1009,43,108.73126057500006,117.40704392499998
1010,43,114.62718532500011,130.70199777500002
1011,43,133.48894679999998,129.11416619999994
1012,43,115.31477247500007,106.32979072499998
1013,43,155.88804627499997,175.75399069999997
1014,43,126.37512947500002,179.90354157500005
1015,43,199.184578325,223.66824969999988
1016,43,190.6341094749999,229.4230878
1017,43,274.40555852500006,269.9261388
1018,43,179.11870940000006,235.55280225000007
1019,43,274.63797075000014,203.040141475
1020,43,230.02405792500014,223.14937162500007
1021,43,187.15346397500002,243.12477854999997
1022,43,186.5956961000001,224.24965105000012
1023,43,223.543751175,219.55512914999997
1024,43,201.03219430000004,209.53645987499993
1025,43,225.68359017500018,173.85006957500002
1026,43,253.5824377250001,244.57919592499996
1027,43,199.61037229999988,297.86371710000003
1028,43,191.03223372500014,280.7993926249999
1029,43,196.5270536750001,216.98932659999997
1030,43,194.36791072499983,186.842820275
1031,43,150.03943012500008,184.322143775
1032,43,157.19192707500005,130.95232317499992
1033,44,159.46772719999998,152.31884057499997
1034,44,108.50203232499999,153.69055587499997
1035,44,147.5008729,136.59234519999998
1036,44,126.38872980000005,157.20932645
1037,44,180.96115567500007,152.5209044
1038,44,179.05624525000002,184.15010992499995
1039,44,215.26505652500026,232.981609875
1040,44,276.66854377500005,265.1659565999999
1041,44,291.0686553500001,218.20889585000012
1042,44,276.3452000750001,285.35759447500004
1043,44,228.48174065000018,293.31241527500003
1044,44,312.4421644,335.4176661999999
1045,44,270.34753962500025,289.0509226749999
1046,44,246.71021260000018,290.12965429999997
1047,44,280.98106500000006,243.0594809499999
1048,44,256.69869874999995,236.54702154999993
1049,44,208.38921865000003,201.60281899999978
1050,44,208.75574787499983,233.65481497499985
1051,44,238.7643389750005,250.25371812500003
1052,44,215.11697095000005,255.05960892500002
1053,44,256.29589012500026,269.26465172499996
1054,44,227.8034778250002,183.51742342499986
1055,44,219.05291855000013,179.69501750000003
1056,44,181.23485462499997,144.080975475
1057,45,163.1326490250002,156.08208660000003
1058,45,132.59952052500006,130.14980292500002
1059,45,137.80448915,125.76613970000008
1060,45,124.76901017500003,122.50752230000005
1061,45,142.9899550250001,159.29939532500003
1062,45,188.47133969999993,202.56102447499998
1063,45,222.57026390000013,271.1304372999999
1064,45,198.86677502499992,260.939739875
1065,45,249.53504950000004,209.74390975000006
1066,45,238.12194775000006,252.4001896
1067,45,246.13534745000015,312.8734309750001
1068,45,241.60343265000023,251.01828249999988
1069,45,230.67301614999997,228.7235006749999
1070,45,321.27089970000003,229.4542236
1071,45,275.89932435000014,185.5041411499999
1072,45,237.90816545,198.63671219999992
1073,45,208.50381435,199.09825872499988
1074,45,208.17612027500007,243.9416737749998
1075,45,280.8540421,290.40005077499995
1076,45,319.9990607000002,237.40009242499985
1077,45,216.56870755,230.59132242499984
1078,45,266.08195577500004,199.84498127499984
1079,45,227.12348580000017,207.09657112500003
1080,45,214.25762877500017,165.72980195000008
1081,46,151.741953075,226.79374432500003
1082,46,190.24720235000024,181.992305225
1083,46,159.84733175000014,187.12784142499996
1084,46,177.54773770000017,176.49777767499995
1085,46,140.68326025000005,188.08313800000002
1086,46,205.6182048500001,231.20292437500004
1087,46,169.0468441750001,242.36881514999993
1088,46,267.33542752500006,241.41815997499998
1089,46,270.9578040500002,359.13844029999973
1090,46,300.59210982500053,330.8555364749998
1091,46,344.27140692499995,238.05955645000014
1092,46,292.6603475500001,272.18296734999984
1093,46,243.23429270000003,244.3140420499999
1094,46,268.99097412500026,199.49765265000008
1095,46,245.4052076000001,232.0191026000001
1096,46,239.63915132500009,240.0740262999999
1097,46,213.19643682499998,252.699244125
1098,46,263.19024954999986,272.32682807499975
1099,46,238.80084189999997,280.41408860000007
1100,46,265.96665722500006,242.11499475000002
1101,46,210.52925429999993,325.24349857499976
1102,46,237.01909870000003,225.337445775
1103,46,237.7667803750004,173.31283512499994
1104,46,203.13740477500005,180.50059197500002
1105,47,141.72392672500007,193.17018947499992
1106,47,163.52791045000004,178.6573854749999
1107,47,191.0222966750003,170.73119194999992
1108,47,175.46663984999998,175.59695165
1109,47,189.8336522250002,167.24816554999984
1110,47,235.20423367500015,259.811217275
1111,47,305.34055492500045,226.65721232500007
1112,47,286.34944420000045,336.11701985000013
1113,47,260.1730139750001,257.38933462499983
1114,47,273.3153379,359.98835099999997
1115,47,265.0451438250001,332.45396574999995
1116,47,315.12662317499996,245.23686042499997
1117,47,186.61365007499995,219.27408730000008
1118,47,216.80024805000033,256.23675764999984
1119,47,196.61302390000026,262.28236825000016
1120,47,186.7922324250001,234.2022773749999
1121,47,193.93962532500012,185.10545262500005
1122,47,322.77728615000024,254.70693217499996
1123,47,265.67956359999994,220.7533072249999
1124,47,236.73529182500016,230.05576722500004
1125,47,248.77400565000016,205.74909767499997
1126,47,167.36948407500017,216.11877227500003
1127,47,181.43647640000012,199.60373660000008
1128,47,191.4328471500001,208.37946302499995
1129,48,195.4325523500001,216.43374052500008
1130,48,193.4735346000004,186.03689825000004
1131,48,181.229081275,157.1991648500001
1132,48,129.262928525,185.7492627249999
1133,48,177.90363270000012,160.3512348499999
1134,48,217.29560612500012,193.84467535000005
1135,48,250.89565072500022,203.4016193249999
1136,48,222.25392512500022,264.478417525
1137,48,249.4499871000002,240.29935409999996
1138,48,271.04275482500015,286.1722301
1139,48,327.7791180000004,226.88712895000003
1140,48,255.0103260499999,341.95824087500006
1141,48,225.72767609999985,234.52418240000006
1142,48,263.6659298000003,223.31991004999986
1143,48,222.5251927750002,225.0597905499999
1144,48,178.2428721250002,288.07557269999995
1145,48,247.54483777499988,223.49273487500005
1146,48,267.83711095000035,191.56005242499987
1147,48,256.9402352249999,192.8646562
1148,48,147.86537982499993,216.35793474999986
1149,48,231.88142940000006,267.496851025
1150,48,197.72055712500008,245.94733324999999
1151,48,190.24698510000047,220.49701832500003
1152,48,161.29298657500004,173.430623075
1153,49,134.0902091500002,140.27109189999993
1154,49,149.14143212500002,121.01023204999996
1155,49,118.47657302500014,150.13419557499998
1156,49,128.85615507500006,135.08651442499996
1157,49,113.65883685000006,173.24903740000002
1158,49,144.68466855000003,163.84219932499997
1159,49,183.74144134999983,163.476390675
1160,49,200.08236994999993,189.797752425
1161,49,223.42710495000014,209.0517825249999
1162,49,249.6220839250003,301.29812722500014
1163,49,196.4939334250002,307.6045685500002
1164,49,210.80343305000002,282.81791829999975
1165,49,160.52105650000001,249.53165749999982
1166,49,207.39418655000006,203.84171009999994
1167,49,184.61623515000014,208.41385415000002
1168,49,236.0490210250002,214.13374905
1169,49,225.96879542499997,215.86731732499993
1170,49,204.29659980000017,203.78841382500002
1171,49,302.3810761250004,215.39882587499983
1172,49,271.49102762500013,207.49365074999986
1173,49,207.22017970000013,227.0594520750001
1174,49,184.57767250000023,187.60847252500002
1175,49,152.23274022500007,153.06491519999994
1176,49,139.651796875,142.0183634500001
1177,50,135.50080160000007,110.11853594999998
1178,50,120.57132989999997,137.9042208250001
1179,50,113.56927577500002,107.68431449999991
1180,50,118.09074927500012,120.116266875
1181,50,158.9777892250001,140.28915682499994
1182,50,186.31389925000008,156.07837174999997
1183,50,178.57182942500003,245.27795495
1184,50,197.71072550000008,211.09745922499994
1185,50,247.6270971500001,225.49714697500002
1186,50,211.06063842499995,203.32979585000012
1187,50,313.25695682500003,243.70830785000007
1188,50,249.47998335000008,233.48044032499985
1189,50,251.14552630000017,227.64902689999997
1190,50,234.40278034999994,226.53060979999987
1191,50,219.3363208,232.39693104999998
1192,50,154.52475404999993,205.11550515000002
1193,50,186.33502077500015,244.95432904999998
1194,50,193.62101552500002,189.6512833749999
1195,50,214.02099632500017,296.0519440500001
1196,50,212.0114466,245.67185627499998
1197,50,208.08920524999996,240.32376095000006
1198,50,203.96834835000004,226.55849592499993
1199,50,183.07727315000017,182.544918075
1200,50,174.05844105000008,134.00815684999992
1201,51,147.2527796999999,126.13229759999999
1202,51,152.1421974000002,143.98645750000003
1203,51,135.19589965000006,143.88473625000006
1204,51,128.36021360000012,143.37701972499997
1205,51,194.13231940000003,185.6522293499999
1206,51,201.2253462999999,157.66079822500006
1207,51,235.97743975000026,244.76334484999995
1208,51,222.5597198000002,239.7700447499999
1209,51,264.14089007500024,284.9689176249998
1210,51,233.6278893000004,257.36767162500007
1211,51,289.63197657500007,175.9683285750001
1212,51,224.46896060000006,250.73275852499995
1213,51,236.81049917500013,226.79008064999977
1214,51,200.90088627500018,218.17596449999985
1215,51,275.50513584999993,236.67149729999988
1216,51,206.75869877499983,246.77544910000017
1217,51,242.20161567500014,208.54917622499983
1218,51,221.29766845000017,203.08066335000018
1219,51,282.3889345750005,281.7729027749999
1220,51,228.85651019999983,243.71895452499996
1221,51,182.12709355000013,235.01650717500002
1222,51,190.04580992500007,273.75982834999996
1223,51,163.16547100000008,183.03015372499993
1224,51,165.4922926750001,177.06952482500003
1225,52,172.27659682500013,170.5878978
1226,52,180.72814837500022,165.23940417499995
1227,52,147.2846739000001,162.47397444999996
1228,52,132.12635480000014,192.3530897249999
1229,52,147.95396620000014,207.342272325
1230,52,171.75624672499993,204.9941101
1231,52,214.50153079999995,204.80080047499996
1232,52,291.305406925,294.2584512
1233,52,220.8429796750001,235.66430499999993
1234,52,343.7045607250001,295.43856704999996
1235,52,288.57162690000007,296.49212232499997
1236,52,321.157932975,200.5241452
1237,52,265.9005541000001,202.7864649500001
1238,52,233.27011072500017,224.23421169999995
1239,52,238.79183630000017,257.6699125250001
1240,52,250.61230015000007,236.77711204999986
1241,52,222.17508225000023,191.95588504999995
1242,52,277.9951575749999,254.0180627999997
1243,52,264.35370440000014,255.54714584999974
1244,52,268.8297504000002,210.34582100000011
1245,52,228.43095577499997,247.86360667500009
1246,52,195.52819274999996,236.43604087500006
1247,52,220.29142860000013,180.985696325
1248,52,163.21821452499992,170.00171377499996
1249,53,137.04091770000005,152.09200157499993
1250,53,160.84604815000003,198.67002702499994
1251,53,127.3354996750001,151.18301325
1252,53,164.2022439499999,142.8227080249999
1253,53,179.07568252500016,145.95696592499988
1254,53,181.2083933,175.1721875499999
1255,53,216.51356410000022,181.7978548999996
1256,53,276.13762267500033,198.39092822499998
1257,53,238.55393557499997,228.84057959999996
1258,53,271.8818371750001,274.4746770749998
1259,53,322.02341905000054,280.1269173749999
1260,53,260.83012282500016,210.58012944999996
1261,53,276.72478515000023,296.0350543249999
1262,53,253.4906918500005,222.54190382500005
1263,53,265.9267607000001,244.6512413
1264,53,262.69040302500025,250.41420320000006
1265,53,223.3454475000002,244.37634055000004
1266,53,231.02471480000003,244.73796439999998
1267,53,331.38542262499993,267.235471375
1268,53,226.48714157500004,283.57279597499996
1269,53,230.76953882500013,271.52752159999983
1270,53,218.400365375,280.7703683499999
1271,53,197.3560351250003,190.16598260000006
1272,53,193.7080951,190.76098370000003
1273,54,149.6101176,178.223554975
1274,54,128.9212699000002,144.591369375
1275,54,158.07906562500006,181.69439352499995
1276,54,169.2170962500002,170.56201362499996
1277,54,128.97477267499997,216.04417292500003
1278,54,191.23922847500017,182.22749702499988
1279,54,206.65721282500004,209.21371589999995
1280,54,212.4950167,239.49108167500017
1281,54,226.69437252500023,302.8213097749998
1282,54,276.82478660000015,270.0549617
1283,54,270.9452777000001,278.08602370000006
1284,54,247.03336592500017,267.18855222499997
1285,54,256.18358852500006,358.19507495
1286,54,258.3983285000001,255.42116190000002
1287,54,210.676144825,208.88050252499988
1288,54,235.96621942500002,278.68301950000006
1289,54,247.0832222500003,263.2640436999999
1290,54,236.8167897749999,172.64884417499985
1291,54,235.09847905,230.75378862499986
1292,54,298.4450894750002,259.53744434999976
1293,54,228.23393635000008,234.993790325
1294,54,175.7092776,183.3776392749998
1295,54,147.64519887499998,208.62450347499993
1296,54,176.58398187500006,164.53570872500006
1297,55,132.379307775,153.60308005000002
1298,55,146.586595725,149.68958534999987
1299,55,173.4313496000001,165.43966967499995
1300,55,163.46732995000005,144.76503929999993
1301,55,170.00760497500005,154.09019299999994
1302,55,198.61807495000002,189.01387427499998
1303,55,236.09717469999993,211.51674334999979
1304,55,219.15188807500016,317.82087050000007
1305,55,310.78521337499996,242.51673877499985
1306,55,231.26930537500004,263.3937330749999
1307,55,252.79014892499984,371.86653097500016
1308,55,241.00810772500017,322.0361408749999
1309,55,261.10013150000015,255.96564897500002
1310,55,206.86452022500006,279.6762194999999
1311,55,239.31506675000008,246.35028399999982
1312,55,213.41448255000023,224.2319832999998
1313,55,216.98030917500003,321.78379524999997
1314,55,257.5999686750003,205.75290022500008
1315,55,282.36346912500017,212.7761114
1316,55,250.6811666750001,191.31740677499982
1317,55,287.54354817499984,228.61287142499998
1318,55,204.45480292499994,179.13887734999997
1319,55,206.72130075000024,208.4287296
1320,55,142.07768957499997,144.18745302500002
1321,56,122.321364125,162.3023079999998
1322,56,86.96625390000001,130.86669817500007
1323,56,106.89617497499995,137.2765939499999
1324,56,137.06306060000009,138.47828835000004
1325,56,135.35303302500003,142.93553650000007
1326,56,190.06335330000007,163.54496695
1327,56,178.17915695000016,160.03618414999997
1328,56,223.16555100000016,188.71574264999998
1329,56,252.16854457500006,225.3648557499999
1330,56,244.68352047500022,273.34209425000006
1331,56,230.99878350000003,265.4730327749999
1332,56,236.83048020000015,274.7287029749998
1333,56,205.22687807500017,276.3884330249999
1334,56,225.7795848999999,237.93519717500004
1335,56,227.35436345000005,207.82345547500003
1336,56,225.7122580250002,219.39748314999997
1337,56,209.6646077500001,214.06775159999995
1338,56,220.48933902500008,244.9546460749999
1339,56,269.60340042500013,207.5629536749998
1340,56,234.19916707500005,254.45416314999983
1341,56,228.6178998000002,239.45121389999997
1342,56,178.03230552499988,230.7633474999999
1343,56,109.63942030000001,163.91141557499992
1344,56,144.63975492500018,198.13230700000008
1345,57,145.37316002500015,154.55946237499998
1346,57,132.46644437500004,171.97143504999997
1347,57,142.78135274999994,110.56254849999999
1348,57,142.34671537499992,170.43294732499996
1349,57,150.8108595250002,141.8733396
1350,57,156.83871684999997,233.21189069999983
1351,57,202.75326967499993,218.416977625
1352,57,201.1292679000001,214.03914655000003
1353,57,239.41238024999987,217.75302240000002
1354,57,234.5333556750003,240.41535747499987
1355,57,212.79338172500027,249.44650367499997
1356,57,276.54785372500044,246.3693997000001
1357,57,244.193157375,230.77617130000007
1358,57,208.04382095000017,261.91737232499986
1359,57,219.60337772499986,231.85769930000004
1360,57,233.06187827500028,191.2313944749999
1361,57,215.04521817499986,159.812580925
1362,57,205.0101026000001,201.52983057500003
1363,57,264.7048692000003,268.81400187500014
1364,57,211.60736372500003,184.6896025499999
1365,57,292.4744304750001,200.25406834999998
1366,57,224.05563482500003,228.0157258
1367,57,182.53428192500007,164.1670602999999
1368,57,126.89759305000013,154.32325554999994
1369,58,153.31593697500003,152.85576389999989
1370,58,142.98073660000003,145.2501302
1371,58,145.6489654250001,119.90571437499989
1372,58,133.1199388750002,137.65097817499995
1373,58,155.8232748500001,139.86882122499992
1374,58,185.40952750000025,209.9688294249999
1375,58,215.2905230000002,197.22860672500013
1376,58,218.14589595000007,279.0771778999999
1377,58,239.75545000000017,255.52270954999995
1378,58,218.01750952500018,231.94841869999993
1379,58,216.09034470000006,242.04143895
1380,58,270.80208845000004,303.7223133
1381,58,273.5779759750003,290.10580164999976
1382,58,249.72295882499998,259.03429509999995
1383,58,281.76562562499987,330.02621622499976
1384,58,231.02277287499996,242.57139775
1385,58,221.08430277500025,201.22598175
1386,58,231.77055597500026,267.8838901000001
1387,58,261.1825728,246.5092656500001
1388,58,242.6900178250001,221.62158127499998
1389,58,263.1771441000001,293.72889135
1390,58,247.62055790000002,218.53620644999995
1391,58,230.58368610000002,176.14699887499995
1392,58,163.7313262250001,188.02787004999996
1393,59,159.87763675000008,147.28514149999998
1394,59,167.528704125,140.41439209999996
1395,59,150.7118833500001,160.25677405
1396,59,155.6950477500001,131.89026505000004
1397,59,191.12362792500005,185.367603725
1398,59,197.67393725000008,223.37723584999998
1399,59,267.3209515,191.10365285000015
1400,59,218.74337344999986,277.77459977499996
1401,59,257.4093593750001,243.05663957499985
1402,59,316.4624677000002,372.9913003499996
1403,59,309.11099887500006,237.971778225
1404,59,286.8274980250003,265.28060227500004
1405,59,272.7350256750001,241.7005213500001
1406,59,253.37623369999994,290.97307894999994
1407,59,210.63681209999993,245.06797457500016
1408,59,310.1776742749999,231.72841520000003
1409,59,259.869733175,289.29890617500007
1410,59,241.94746885,235.76605895
1411,59,210.902612025,232.38746882499976
1412,59,293.2484394000003,212.89310225000008
1413,59,266.5634306,251.45609762499987
1414,59,216.25608205000043,286.1307888999999
1415,59,193.83211542499998,206.91330762499996
1416,59,166.18667189999996,161.89209792499992
1417,60,164.6751766000001,168.18903049999997
1418,60,178.1086588250001,146.8184750999999
1419,60,145.75383475000007,170.94221219999986
1420,60,138.39162822500003,157.35690424999996
1421,60,189.62519700000013,153.40493507500003
1422,60,229.43668515000016,191.81572649999993
1423,60,282.8375878750004,246.03357197499986
1424,60,268.8415664749998,208.86838844999994
1425,60,267.1235281750003,252.91343417500013
1426,60,274.4821697499999,271.8140443999997
1427,60,282.11440535000037,314.7501716500001
1428,60,278.51464142500015,312.37001507499997
1429,60,237.33982047500024,270.6483893750001
1430,60,218.6947261250001,306.144711575
1431,60,260.4157103250001,238.05978249999993
1432,60,235.86073680000018,180.5081643750001
1433,60,223.326257825,231.71152659999973
1434,60,235.21546322499992,273.38117659999995
1435,60,261.834864525,254.6391598000001
1436,60,190.423873275,202.7387026499999
1437,60,233.85434909999992,225.62351367499997
1438,60,245.638194575,227.1571321
1439,60,224.99912259999994,205.37457407499994
1440,60,223.4234419250001,172.88003917500004
1441,61,169.26954950000007,172.62436757499995
1442,61,174.07538837500005,175.20589827499995
1443,61,168.91418525,160.59940057499995
1444,61,163.87838365000016,178.98655152499992
1445,61,215.17384199999987,161.8311395999998
1446,61,220.69533585000013,208.71202307499993
1447,61,187.82126914999998,252.64485577499994
1448,61,232.04035550000015,240.81132792500006
1449,61,221.11814185000014,294.0820369999998
1450,61,295.3063787500002,272.307805625
1451,61,311.28605902500004,347.61616279999987
1452,61,273.9062797500003,263.5196802749999
1453,61,263.12084550000003,281.92425345000004
1454,61,302.0589696499999,244.67497884999983
1455,61,253.89234955000006,255.09941025
1456,61,250.4042341,243.93153299999994
1457,61,220.45879302500015,203.46077702499997
1458,61,267.04397447500025,199.98472554999984
1459,61,258.75025712500025,280.1026760249998
1460,61,260.57686915000005,266.2693756499998
1461,61,244.9326478500002,232.26748859999984
1462,61,185.61013355000006,276.76543209999994
1463,61,132.4849252249999,220.8036629249999
1464,61,154.5634356,205.7917258
1465,62,166.82017889999997,145.38552544999996
1466,62,181.52027800000008,127.43691302499994
1467,62,153.19147614999991,138.07559677499995
1468,62,172.44295557500024,136.67963182499994
1469,62,157.72144127500013,181.15855935
1470,62,190.34212695000002,192.90673925000004
1471,62,212.61012092500022,183.79095965
1472,62,219.551831775,203.86233977500004
1473,62,270.2781658250003,281.14748264999986
1474,62,210.44029065000026,257.228465075
1475,62,215.06512594999998,288.523729475
1476,62,241.67883212500033,210.08400165
1477,62,230.64473585000013,220.0562882
1478,62,236.79961127500013,227.51193947499996
1479,62,220.2172481250002,187.02880307500004
1480,62,192.15452807500003,180.69693159999997
1481,62,198.16894224999984,210.91076260000006
1482,62,225.1757768,218.29907887499985
1483,62,241.37105970000005,195.626791725
1484,62,190.3156032500001,162.00039307499995
1485,62,231.9141567000001,253.05784814999998
1486,62,173.9087057500003,255.73242927500004
1487,62,171.72239130000008,183.41972637500004
1488,62,216.7783480999999,189.88138774999993
1489,63,224.48276475000023,187.50001437499995
1490,63,146.29526805,216.36552344999996
1491,63,156.02369825000008,149.00252105000004
1492,63,166.84886342500008,133.07609347500005
1493,63,142.73316177500007,144.62318729999996
1494,63,144.96665457500018,179.02256980000007
1495,63,201.8889008500002,173.05873015
1496,63,163.04274917500004,209.05334567499995
1497,63,243.13831742500008,198.13292579999995
1498,63,231.13030475000016,223.46240764999988
1499,63,267.8253512250003,220.62712537499976
1500,63,219.8583050750001,202.78212352499997
1501,63,228.86991062500016,219.200558225
1502,63,213.70669455000026,208.72978392500002
1503,63,195.04695175000006,200.03119044999994
1504,63,209.0307391250002,190.7382325499999
1505,63,189.38712422500004,217.13094452499996
1506,63,234.22456305000017,229.59756567499988
1507,63,231.9140217000001,206.61425047500012
1508,63,256.20673684999997,228.4263419999999
1509,63,237.71760027500005,213.20940817499985
1510,63,178.20647270000012,212.55570115
1511,63,180.77109372500018,166.03362052499998
1512,63,123.97144542500013,156.829450775
1513,64,144.85620987500008,146.1846303499999
1514,64,117.57943895000008,121.19093464999992
1515,64,122.32468884999999,148.47876605000002
1516,64,134.00167540000004,143.15990047499994
1517,64,123.56623379999999,173.25993614999996
1518,64,209.57115980000043,200.40593934999987
1519,64,238.22300085000003,286.84364852499994
1520,64,243.20533659999984,220.1019646250001
1521,64,177.64084607500013,264.80637255
1522,64,261.66222197499997,220.2099125499999
1523,64,325.95435415000003,246.84952065000004
1524,64,322.64714484999996,256.598382825
1525,64,303.2152917499999,253.96297002499995
1526,64,312.31019742500007,204.50753547500017
1527,64,246.9389391500001,277.5910578749999
1528,64,225.78405717500027,256.5993017499998
1529,64,195.52352575000015,254.86528502499993
1530,64,307.7783269,232.28798545000006
1531,64,223.0107221250001,261.6081667749999
1532,64,314.8259818250004,254.35968877499985
1533,64,191.39176545000004,238.74419135
1534,64,194.7581109749999,205.69532709999993
1535,64,190.74606009999997,164.40871922499997
1536,64,207.51838037500005,163.04926849999987
1537,65,147.05224285000006,127.01483340000004
1538,65,145.56077085000004,132.08976305000004
1539,65,102.90391082500005,145.41429607499992
1540,65,153.59920202500007,141.40693952500007
1541,65,134.22624597500004,148.99413267500003
1542,65,155.55462912500016,172.6612947749999
1543,65,199.62416337500053,227.66873224999995
1544,65,225.92550895000005,230.747253675
1545,65,286.3928301500001,267.58071375
1546,65,253.50361904999988,229.73049417499993
1547,65,287.4586977500005,247.87197677500006
1548,65,339.3487031750001,292.7794706999999
1549,65,295.1772887499999,304.18762490000006
1550,65,261.3631645250001,314.1998080749998
1551,65,287.8959852500002,274.45728822499984
1552,65,218.63114022500008,232.62112485
1553,65,224.88396344999992,216.09995157499998
1554,65,241.3363976000001,241.33173402499995
1555,65,268.760777075,239.4798308999999
1556,65,265.3385186250001,247.94773487499998
1557,65,193.18884327500018,223.8247172250002
1558,65,232.9029341500003,261.58046985
1559,65,216.4222602250003,201.018035675
1560,65,130.99223245000007,130.22474707500004
1561,66,165.94372865000008,130.1658261499999
1562,66,153.89174639999996,162.26893330000001
1563,66,116.01398230000001,114.374997825
1564,66,177.84441585000002,138.3929716249999
1565,66,163.13481450000012,141.35543137499997
1566,66,199.111543325,131.103705575
1567,66,259.7285654,216.46947985000003
1568,66,218.2703875249999,243.50652579999985
1569,66,301.74201462500014,277.31064560000004
1570,66,281.27556212499985,253.40568385000003
1571,66,264.01750880000014,245.585552125
1572,66,304.7561420500003,288.3885853999997
1573,66,246.05257685000007,252.52870689999986
1574,66,246.38279625000007,217.960739525
1575,66,275.61307220000026,243.02310919999988
1576,66,215.87139570000002,253.28352502499993
1577,66,316.9632918750002,206.12579887499987
1578,66,200.7163382249999,307.13335770000003
1579,66,240.40276009999994,241.89349880000003
1580,66,290.9988410250001,263.80620027499987
1581,66,200.12216165000007,199.3155646749999
1582,66,201.36895827499995,261.7037413249998
1583,66,207.36674565000035,177.60335987499997
1584,66,159.68279662499995,214.91039447499998
1585,67,181.71806777499998,121.97443482499999
1586,67,168.28117665000025,125.84811114999997
1587,67,174.98778595000036,140.91143649999998
1588,67,159.17389762500014,139.20614774999999
1589,67,169.87157220000017,194.74280309999995
1590,67,185.31504599999988,152.01133172500005
1591,67,211.02260422500007,201.19545025
1592,67,332.50485125,193.57627682499978
1593,67,306.3664872,317.4391824499996
1594,67,312.72277030000026,255.68057707499986
1595,67,292.05785410000004,222.04661747500018
1596,67,283.3583466,229.73073817500006
1597,67,237.71022400000018,223.40830120000004
1598,67,261.1476250000002,245.764051925
1599,67,236.14494932500023,228.83973239999995
1600,67,221.0904080250001,206.35009370000006
1601,67,260.5195098500003,240.59563279999986
1602,67,220.55324450000015,239.471709175
1603,67,236.00607585000017,251.99511160000003
1604,67,228.17223152500014,289.2156374499999
1605,67,271.45180180000017,251.19784607499997
1606,67,195.98619517499998,251.296025
1607,67,186.84457060000005,229.49626069999994
1608,67,166.28912575000004,191.30023939999995
1609,68,175.41705215000007,139.23880744999997
1610,68,148.32320042500012,141.480695625
1611,68,118.71813662500003,158.8782515
1612,68,99.94436440000001,149.04180082499997
1613,68,136.98519722499998,206.34055144999996
1614,68,149.66609655000008,211.9010993749999
1615,68,194.22089415000005,232.90862082499984
1616,68,276.7195068500001,199.94747465
1617,68,234.63448960000022,262.05836324999984
1618,68,317.19045760000006,252.0353482999999
1619,68,317.74312235,283.07173284999993
1620,68,298.46732475,357.05012987499987
1621,68,270.7715296750003,220.64792799999995
1622,68,295.1095058500002,228.2924572249999
1623,68,223.83881022500006,300.93835679999995
1624,68,224.56891555000004,220.76603037499996
1625,68,189.28477797500003,197.12777685000015
1626,68,237.7876901000003,186.48871692500012
1627,68,248.34230660000003,258.6617589
1628,68,280.2711231500001,263.51605232500003
1629,68,219.73815155000005,228.674353925
1630,68,224.87425547499998,193.29852742499995
1631,68,175.47263182500006,193.38113232499987
1632,68,178.06417030000011,134.17263349999996
1633,69,150.27717192500012,165.36217617499995
1634,69,119.92652095,132.20725077499992
1635,69,132.14700817499994,127.63552705
1636,69,135.80295122500002,164.39336427499998
1637,69,167.50756772500011,173.346496875
1638,69,192.01067955000002,190.4341104
1639,69,159.01701510000015,224.6577259249999
1640,69,193.16975667499997,234.39802947499987
1641,69,199.2684120500001,334.6809215499999
1642,69,279.6631502499999,293.840431375
1643,69,258.11970945000024,269.519018975
1644,69,234.77486882500017,325.7054909
1645,69,177.87688010000005,248.41898665000008
1646,69,216.19769420000006,241.6863862999998
1647,69,233.15705305,261.69840000000005
1648,69,192.80546902499992,237.3161216499999
1649,69,165.39045702500016,159.27378827499996
1650,69,220.55896770000027,183.62372832500003
1651,69,243.37289562499996,230.65715650000013
1652,69,213.79147092500006,196.72713825000005
1653,69,202.5042368750003,216.04336732500013
1654,69,197.8163263250001,193.4272547
1655,69,180.35962132499998,172.10646952500008
1656,69,134.69916952499997,143.018355375
1657,70,145.1466457250001,185.4624976
1658,70,167.2213406000002,161.25010669999995
1659,70,150.93379542500008,117.79649077500002
1660,70,166.888261725,132.02144237499994
1661,70,172.0677069750001,140.71157077499996
1662,70,190.73189097500023,164.1325596749999
1663,70,176.37438350000014,166.36217660000005
1664,70,215.23413265000005,217.31029174999992
1665,70,254.1367642000002,198.93534235000004
1666,70,194.57032344999993,205.63378672499994
1667,70,249.38149262500008,196.02885669999992
1668,70,228.19828869999998,317.0397914999998
1669,70,204.2565005250001,237.6726724
1670,70,250.29593215,202.978831325
1671,70,218.71544662500006,190.48935522499994
1672,70,204.81057225,178.13427155
1673,70,193.6845982000002,215.30514632499995
1674,70,194.93139900000014,194.16590682499992
1675,70,184.43645397500006,201.7598273999999
1676,70,213.83575517500037,217.6567704249999
1677,70,248.03250195,245.63892769999987
1678,70,186.390282475,212.73675107499992
1679,70,170.535979,192.1529622
1680,70,171.60401962499998,156.21574382499995
1681,71,153.19602357499997,154.57624765000006
1682,71,127.94789650000007,115.76967199999993
1683,71,136.74902515000002,104.45024585000006
1684,71,119.12202127500008,135.94640015
1685,71,170.90405992500007,164.79606992499995
1686,71,171.49419652500012,181.05634839999993
1687,71,191.01305660000014,236.45883809999998
1688,71,274.77545865000025,254.74215839999988
1689,71,305.6491063000001,248.61242627500002
1690,71,259.3453020500001,226.2408204749999
1691,71,293.34770047500007,229.67480782500013
1692,71,265.1669762250003,246.21897492499983
1693,71,283.70644207500044,211.22133085
1694,71,320.91626950000034,238.06330457499996
1695,71,230.47254240000007,340.0198552749999
1696,71,241.27151592500007,255.32565247499997
1697,71,258.39975095000005,191.20360532499996
1698,71,235.73286667499983,223.87028039999996
1699,71,190.142963425,189.1667821749999
1700,71,276.7622193500003,202.09469312499988
1701,71,225.69674607500005,249.09897687499998
1702,71,249.11621930000018,220.4204924499998
1703,71,161.08770932500002,195.38378432499997
1704,71,151.77781447499999,161.454174675
1705,72,118.132002825,133.532940525
1706,72,136.708127875,147.10375927500002
1707,72,134.3535092,125.75530292499998
1708,72,143.39620832499998,149.87987179999993
1709,72,173.454192825,168.87865537499994
1710,72,171.62076542500006,218.41106654999976
1711,72,232.32902882500036,167.10149559999996
1712,72,287.408637825,220.75268425000013
1713,72,283.7991509500001,273.18563352499984
1714,72,270.5726298750001,243.6488322749998
1715,72,231.77602805000004,334.9374513250001
1716,72,331.22245455000035,242.34599835
1717,72,324.1157521250004,311.31843142499997
1718,72,218.84740322499994,298.3879434500001
1719,72,218.10483525,311.5926600749999
1720,72,239.1812176,240.71964409999987
1721,72,280.72070380000014,237.70344442499993
1722,72,219.4021017250001,250.83473885
1723,72,198.10676917500012,269.89093509999987
1724,72,294.5919166,215.58781434999992
1725,72,188.15235510000008,259.87814419999995
1726,72,204.93786822500016,209.08174762499988
1727,72,207.57685389999995,154.74009262499993
1728,72,158.18771242499994,206.025537875
1729,73,141.65901960000014,122.034143175
1730,73,147.3475438000001,147.05490725
1731,73,133.72826465000006,144.263622875
1732,73,131.95929505000015,183.24134795000003
1733,73,170.72346437500028,174.73939722499992
1734,73,211.65695490000002,174.97748352499994
1735,73,230.40002245000022,222.03248652500008
1736,73,296.8300447750002,268.242029225
1737,73,251.50351292500014,318.15430534999996
1738,73,308.2089838750004,292.5701267999999
1739,73,307.66858210000004,307.1054937499999
1740,73,288.62692255,336.718979025
1741,73,247.1767763250001,351.3595470999999
1742,73,278.0415363000003,232.29010544999988
1743,73,246.53045677500018,198.2015848250001
1744,73,277.09281257500004,244.21711370000008
1745,73,251.84336437500025,266.25559039999996
1746,73,229.27071549999997,268.68621820000004
1747,73,242.0114786750002,190.52411004999988
1748,73,277.10949877500025,209.21975557499994
1749,73,223.4563629000001,213.2153606999999
1750,73,206.12651082500003,261.80390032500003
1751,73,204.5703138749999,208.43588637499988
1752,73,169.68439352500002,168.36300224999994
1753,74,157.90579632500018,153.47237119999994
1754,74,147.60579015000013,132.90783835000002
1755,74,138.2964733500001,133.61135402500003
1756,74,132.67720500000001,169.52085267500001
1757,74,161.21540117500007,170.92712332499994
1758,74,225.2239689,175.8241259
1759,74,223.33595697500016,219.4873615749999
1760,74,300.92381565,254.5886530000001
1761,74,311.33679062500033,245.73169654999998
1762,74,269.184767175,263.87160172499995
1763,74,240.25002247500015,278.9104654499999
1764,74,321.0314014500001,238.92028939999972
1765,74,304.43591010000034,289.2505507499999
1766,74,229.3027624000002,214.8826496250001
1767,74,233.44826125000012,272.43185527499986
1768,74,262.08011517499983,194.1966506999998
1769,74,223.65440927499984,142.31823122499998
1770,74,268.5153191250003,207.67781262499994
1771,74,242.00741949999988,244.51914440000004
1772,74,227.2663279000001,246.5731149499999
1773,74,220.7743173500001,253.53714247499988
1774,74,169.87585150000018,262.3064944250001
1775,74,198.9008841500002,214.23066542499984
1776,74,175.22202512500013,184.0227372249999
1777,75,156.207178925,111.68889009999992
1778,75,177.35530180000012,139.74437217499997
1779,75,134.6295944750001,141.44726260000002
1780,75,121.51578617500002,154.0525009
1781,75,159.2003602,173.48568210000002
1782,75,222.05575735000002,188.56940552499995
1783,75,195.625233325,206.46245985000013
1784,75,255.9778223000001,256.03043197499994
1785,75,228.03494285000002,257.2125053499999
1786,75,241.18801904999992,368.4551566499998
1787,75,332.4117884499999,293.4041763499997
1788,75,289.01478177500076,253.308404325
1789,75,250.19699132499994,320.1486508250001
1790,75,234.51023092500031,285.0023433499997
1791,75,268.4746242000001,212.88186702499985
1792,75,283.4811661500003,226.5566676749998
1793,75,238.52316215000013,281.36580545000004
1794,75,238.6241503,191.86969009999993
1795,75,207.89636877500018,242.73403342499984
1796,75,303.6199539500002,248.88815357500013
1797,75,179.8631724750001,258.11662617499996
1798,75,211.83998262500023,211.50232764999993
1799,75,178.532739375,182.79710797500005
1800,75,173.80573829999997,181.890516425
1801,76,174.2958139500001,145.59578902499987
1802,76,172.62021017500012,103.34749965000009
1803,76,147.78639162500002,159.6563565749999
1804,76,143.27675412499994,142.136068675
1805,76,161.2010474,195.37974269999995
1806,76,207.38454394999997,158.24219914999995
1807,76,158.26478687500023,199.71099597500006
1808,76,187.1065575750001,211.98894752499982
1809,76,211.63832004999995,272.57361307499986
1810,76,321.4366801250004,312.7299300749997
1811,76,280.3151795250003,321.6402609249998
1812,76,269.61514529999994,287.13701434999984
1813,76,230.24048272500016,330.72763444999975
1814,76,202.54514494999992,247.93616337499975
1815,76,231.91713249999998,203.45005462500006
1816,76,218.74033642500027,228.23720237499987
1817,76,199.74511235000006,248.13692962499994
1818,76,150.77934602500005,242.1950248
1819,76,173.25484290000006,239.87695107499988
1820,76,216.1525288250001,264.5128511999998
1821,76,203.56176537499994,212.17644399999986
1822,76,224.23366835000024,186.47239927500004
1823,76,199.697680725,179.7370381749999
1824,76,159.40197247499995,139.24377437499996
1825,77,150.75913655000002,116.96310970000002
1826,77,135.15499590000022,135.05135629999998
1827,77,118.99721500000007,148.5116227499999
1828,77,126.96623345000002,150.12428902499997
1829,77,161.20191177500004,183.79404472499996
1830,77,165.482772,148.3744227499999
1831,77,207.00024032500022,222.16915204999998
1832,77,216.41082317500002,222.85339379999988
1833,77,252.30332640000017,248.85226400000005
1834,77,290.7580208500001,238.1620415499999
1835,77,267.57537617500014,325.82491709999977
1836,77,230.24143812500012,227.8711392749999
1837,77,179.42451642500004,278.1108902999998
1838,77,229.47801517500034,218.008226775
1839,77,325.7825368750003,240.93344885000005
1840,77,199.57807565000016,185.32129584999996
1841,77,213.52163200000004,187.9947267999999
1842,77,207.64668915,234.855150375
1843,77,140.74106572500014,247.4651628499999
1844,77,199.66672652500006,240.54945290000006
1845,77,267.9446722000001,193.2653089749998
1846,77,228.97562962500012,186.07838627499999
1847,77,166.12135130000007,178.15546247499992
1848,77,169.74394859999992,185.88472487499996
1849,78,149.98957384999997,141.397515275
1850,78,163.42148442500002,144.39082407499995
1851,78,128.53524197500002,171.92954634999995
1852,78,181.56994832500013,163.10371697499988
1853,78,188.50811607499998,166.91949292500004
1854,78,192.17238455000023,199.37333724999996
1855,78,217.39310342499994,201.19301767499988
1856,78,219.25509797500007,256.542447425
1857,78,240.11201697499996,296.5887026749999
1858,78,283.5379230249999,261.904504
1859,78,233.7377646000001,277.5551413499998
1860,78,300.03053925000006,294.57542279999984
1861,78,261.877622275,322.7743196499999
1862,78,212.9140155250002,210.9222515999998
1863,78,225.82375312499994,265.292390325
1864,78,285.00662497499997,218.40992067499997
1865,78,217.83826172499994,243.31427377499978
1866,78,233.0854319000004,219.61757112500004
1867,78,268.3296829750001,259.26736697499985
1868,78,210.13227972499993,193.16499007500005
1869,78,220.35865497499998,224.43473995000008
1870,78,205.61381772500013,196.93204462499995
1871,78,145.01554157500004,208.86726414999993
1872,78,161.65441147500013,143.68556400000008
1873,79,138.52901352500015,121.87304609999993
1874,79,126.555648175,134.2157874749999
1875,79,152.4792225000001,134.813259925
1876,79,142.34583450000014,154.40162374999989
1877,79,180.73176732500002,125.31312267499996
1878,79,167.58460209999993,205.5830186
1879,79,220.612770625,285.38083022500007
1880,79,323.4193002750003,251.32329034999992
1881,79,265.1076472500001,245.30504247499982
1882,79,231.7921707750001,276.314747225
1883,79,235.05395617500028,312.7191011249997
1884,79,255.71291185000007,323.8104378999999
1885,79,260.57181890000027,285.7225282
1886,79,255.83030782499992,314.2083266750001
1887,79,330.35347457500046,273.192242825
1888,79,325.30856274999996,301.31401395
1889,79,285.67651825000013,265.09846867500005
1890,79,223.56769192500025,232.46179802499995
1891,79,218.8963616750001,238.53670127499998
1892,79,260.6228086000001,206.26773402499992
1893,79,187.594332775,218.5720108
1894,79,189.81894440000008,197.95135792500005
1895,79,170.0605214250001,192.9633201499999
1896,79,186.47109227500005,189.31022774999997
1897,80,105.12993314999996,167.9800157
1898,80,166.15768492500007,126.31970117499999
1899,80,160.70493522499999,179.574703375
1900,80,171.75223762500002,121.33660709999992
1901,80,155.87155537500007,127.0220447
1902,80,184.08406655000013,188.57575312500006
1903,80,257.54952779999996,223.68555735
1904,80,273.56229237500037,310.0559022999999
1905,80,280.0739566499999,271.5968275999999
1906,80,308.609949275,356.14262202500004
1907,80,229.08534892500003,251.79033734999985
1908,80,282.2256336500002,231.45424919999977
1909,80,256.0643318250001,209.17090582499998
1910,80,323.0222151500003,350.53722942499974
1911,80,236.06987050000004,227.66488305
1912,80,284.53358699999995,252.95385934999996
1913,80,250.2356790000001,226.10091000000017
1914,80,235.6003068250002,237.6415771500001
1915,80,287.7768527750002,257.111222975
1916,80,256.67015244999993,275.1692165000002
1917,80,259.7197412750002,236.2764837499999
1918,80,199.98423874999992,223.69338022499988
1919,80,183.49212977499997,230.07952049999994
1920,80,145.8103312500001,182.17471739999988
1921,81,153.5265733,129.55648730000001
1922,81,185.27525240000006,145.84295372499992
1923,81,101.31872965000002,117.23589442499998
1924,81,164.64313570000007,136.69226062499988
1925,81,164.98088010000004,137.08012465000002
1926,81,195.85400760000016,190.725230725
1927,81,219.0528993750001,231.11837987500007
1928,81,262.13403410000006,269.73492089999996
1929,81,239.30633107500037,239.90715474999982
1930,81,319.1676564750001,267.12610434999993
1931,81,303.49460972500003,223.45686220000002
1932,81,330.3711692000002,271.2665328749999
1933,81,217.04502005000006,244.59573749999998
1934,81,300.87350937500025,249.86434605
1935,81,288.6313222500001,249.17702364999988
1936,81,189.68181157499998,228.57769059999998
1937,81,222.8133608999999,207.57872927500014
1938,81,218.03466127499993,184.64333779999995
1939,81,241.28932005000019,233.19860480000003
1940,81,251.40495744999996,267.2043263749999
1941,81,271.40077137500043,201.45879685000003
1942,81,188.00191957500004,223.62018945
1943,81,188.54361357500025,159.50801347499998
1944,81,151.62987877499998,161.58888767499997
1945,82,159.40313637500003,123.02213472499997
1946,82,145.61993192500006,86.35762647499998
1947,82,142.61503960000005,113.1133146749999
1948,82,161.89319805000014,151.4126619
1949,82,147.69817320000018,161.74647702500002
1950,82,185.62390590000012,193.9220383999999
1951,82,228.36426807499998,246.49641154999995
1952,82,257.1332804750003,262.2945276250001
1953,82,299.07084775000004,252.96600429999992
1954,82,262.58492762500015,345.435399875
1955,82,221.1428365250004,305.87564729999997
1956,82,276.8178688250002,265.113320975
1957,82,264.0709772500003,294.8745498249998
1958,82,225.02824362500002,239.49839627499986
1959,82,199.24355087500018,272.19087837499995
1960,82,207.31897709999993,251.27318274999988
1961,82,246.06986167499986,219.28803379999994
1962,82,193.50186195000003,284.69428687500005
1963,82,209.046977125,196.6857217999999
1964,82,298.72281317500034,215.05758919999994
1965,82,234.08115850000004,190.65252522500006
1966,82,161.4168289499999,219.65481844999977
1967,82,183.4258766000001,220.70584252499995
1968,82,117.25060575000012,175.01989295000004
1969,83,148.6180411750001,134.60525939999997
1970,83,126.40178532500002,156.73374779999995
1971,83,119.41661124999999,139.99496274999996
1972,83,137.67467052500004,91.63345555000001
1973,83,184.24357280000012,115.39977950000004
1974,83,189.05754837500004,187.61117945
1975,83,140.84022327500003,149.09584010000003
1976,83,217.8337313000001,233.8704899
1977,83,259.03872309999997,180.32025787499998
1978,83,294.3491347,217.2721566500001
1979,83,280.4008175250001,248.74747910000002
1980,83,280.77265075,251.06275222500003
1981,83,222.39464985000018,179.6785286249999
1982,83,209.324082325,224.413735675
1983,83,257.744943475,201.49333400000003
1984,83,201.22188500000013,220.37409960000002
1985,83,217.95776135000006,205.04817524999999
1986,83,205.57634562499987,168.6713517999999
1987,83,217.1235467500001,176.76573345000008
1988,83,220.0330211,228.06276119999987
1989,83,167.78272692499996,171.74930422499995
1990,83,189.35043372500002,172.00688724999986
1991,83,165.621014725,154.08403342499997
1992,83,127.80352695000005,183.2843676
1993,84,157.54862417500007,133.7972167
1994,84,141.14272495000006,112.39677872499996
1995,84,124.65565265000006,97.424517375
1996,84,151.86067732500004,130.30251677499993
1997,84,141.72815220000012,182.7365937249999
1998,84,165.24283622500002,130.39867024999995
1999,84,136.88405097500004,171.704045975
2000,84,226.97885522500013,193.0879430249999
2001,84,220.9729554750002,219.82877180000003
2002,84,256.3284566000001,237.59354022499986
2003,84,214.11299047500003,300.47834775
2004,84,232.672363775,260.3152771999999
2005,84,220.74206519999998,251.15702092499987
2006,84,278.8104648500001,188.43477794999984
2007,84,200.65446690000007,219.910239375
2008,84,168.86860649999994,211.29656925
2009,84,186.94134912500007,197.8395011249999
2010,84,227.4383696000001,241.91626474999998
2011,84,225.1168954000001,221.30799695000002
2012,84,174.90877457500017,283.9190419749998
2013,84,205.9619733250002,240.17935597500002
2014,84,192.11181862500007,247.07866565
2015,84,150.394684025,181.05602319999997
2016,84,122.46137685000002,123.65782197499996
2017,85,141.41809285,133.31062054999998
2018,85,134.69315415000003,136.6760797
2019,85,122.99540782500021,140.4566913749999
2020,85,125.9209906000001,158.791999425
2021,85,144.17222317500006,124.47130062499993
2022,85,198.19161630000005,156.91506667499988
2023,85,224.70184210000014,200.17775109999997
2024,85,277.4231472000002,220.70819454999986
2025,85,208.13479679999995,279.61998507500005
2026,85,244.10029232499994,294.02164219999986
2027,85,250.05709750000008,326.1465412749998
2028,85,256.8655321750001,311.56625490000005
2029,85,250.4476667000001,289.2759090749999
2030,85,235.94459832499993,260.90929709999995
2031,85,222.97598290000008,282.2088881499998
2032,85,209.25440375000008,253.76613310000013
2033,85,228.82486415000028,235.44410359999995
2034,85,227.43405552500002,202.59584007499998
2035,85,261.05667912499996,244.4642372749999
2036,85,210.60098347500002,259.7756167749997
2037,85,276.65414347500047,295.8326302999999
2038,85,225.43671620000015,222.93083887499995
2039,85,247.5290929250001,233.6509410999999
2040,85,153.48440532500024,175.3238515999999
2041,86,169.22634557500004,119.5651529
2042,86,111.66300809999998,132.55174215
2043,86,119.94699832499998,178.950391775
2044,86,137.81075335000006,140.77638424999992
2045,86,200.8666947000001,146.68140385000004
2046,86,205.67945287499992,141.03117302499993
2047,86,199.68701535000014,227.75381430000016
2048,86,307.1349964250002,204.03035490000002
2049,86,264.898413375,287.27145092499984
2050,86,246.74144335000022,324.56392989999983
2051,86,258.4737448499999,270.7488322749998
2052,86,350.98921544999996,306.4131263750001
2053,86,250.2011134500001,243.40461522499982
2054,86,252.87123397500002,253.86791987500004
2055,86,333.87959052500025,294.88571389999987
2056,86,261.37302982500006,243.653623175
2057,86,208.95697370000022,228.43663104999987
2058,86,283.7412948750001,238.07175122499996
2059,86,277.1735580000003,254.27831097499984
2060,86,197.13908225000006,290.95057884999983
2061,86,268.7855398999999,251.308984275
2062,86,193.09232537499997,234.1446331999999
2063,86,171.47577817500022,210.143710875
2064,86,148.22821512500002,173.7373332749999
2065,87,159.86672807500003,143.44300319999994
2066,87,131.06071917500006,152.530281075
2067,87,153.03843167500003,108.80496115
2068,87,143.433452,131.28921712500005
2069,87,145.54145627500003,169.16434299999995
2070,87,183.73635865000017,180.64420727499993
2071,87,213.54516417500014,199.18770439999997
2072,87,264.6598457,372.7378841250001
2073,87,234.0519046750002,325.6658718499999
2074,87,314.3407355249999,243.49397167500007
2075,87,268.0951584249999,269.4165712499999
2076,87,224.51263197499992,257.513201825
2077,87,297.0468093000002,227.56190332500012
2078,87,248.25867820000002,233.22769849999997
2079,87,204.74629627500013,264.25032707499975
2080,87,210.72894480000025,224.85569559999993
2081,87,230.42410617500008,283.89573390000004
2082,87,220.5447052750001,199.61998702500003
2083,87,209.54544955000017,192.51273099999992
2084,87,236.01570155000005,248.9819775999999
2085,87,239.16195127500015,257.622436
2086,87,253.35558845000025,236.11319287499987
2087,87,180.29506504999995,177.55814719999995
2088,87,191.42085812500008,196.65476784999987
2089,88,145.96761157500015,175.49093340000002
2090,88,120.29675562500015,135.9211323
2091,88,132.29295822500012,122.00166242499998
2092,88,158.678366225,159.98939459999997
2093,88,216.70694170000016,173.24788090000004
2094,88,200.25331677500003,168.004596475
2095,88,213.77234900000013,211.82846274999997
2096,88,245.48786787500006,289.65466782500016
2097,88,213.33788729999998,324.777342075
2098,88,259.9325749000001,330.4393973749999
2099,88,307.7602234750001,250.71445407499988
2100,88,286.4710246000001,281.20427774999996
2101,88,231.6054746250001,263.0544074
2102,88,246.60015962500023,276.0847705499998
2103,88,169.4029349249999,265.86291499999993
2104,88,218.96369955000023,213.80072004999977
2105,88,268.63484129999995,226.84524414999998
2106,88,238.36740607500025,220.02006952500003
2107,88,231.69687187500017,249.93683295
2108,88,232.99724027500014,322.37769917500003
2109,88,282.4849416250001,224.46565839999994
2110,88,172.99075077500015,224.42422957500003
2111,88,163.65708225000026,171.06752329999995
2112,88,138.59211090000014,210.6296317249999
2113,89,120.70023947500003,176.77722145
2114,89,154.07660077499992,195.05421267500003
2115,89,152.6458764000001,136.65795579999997
2116,89,159.69763270000007,170.85367867499997
2117,89,159.64906057500002,159.14835689999998
2118,89,152.30636267499997,155.6889494
2119,89,227.9829725000002,192.95797094999995
2120,89,230.94996210000002,248.005801975
2121,89,239.25331870000002,225.53729235000003
2122,89,361.8005357999999,340.5426468999998
2123,89,257.2432509500001,245.48177192499972
2124,89,254.8594210250001,274.419426025
2125,89,305.2931941000001,236.9674238
2126,89,274.46429457500005,253.44721664999992
2127,89,242.0375605000001,192.4057043499999
2128,89,245.97805622499993,200.4393555499999
2129,89,261.3365099249999,236.07092594999995
2130,89,292.7701935750001,229.57563489999995
2131,89,261.06086405,304.6946331
2132,89,216.41154904999993,209.38392490000004
2133,89,232.95640537500017,216.14578337499998
2134,89,220.68086065000017,245.68991430000005
2135,89,199.63785335000009,200.727946325
2136,89,172.14350765000006,172.6562728
2137,90,144.08361200000022,153.01316234999996
2138,90,199.41724422499996,154.65177334999996
2139,90,121.75998792500005,158.42475480000002
2140,90,150.95465082500004,138.74614305000003
2141,90,160.2110192,153.30301519999995
2142,90,198.46042280000015,166.1998193
2143,90,199.31170782500027,160.662798475
2144,90,172.39691360000015,180.02889329999982
2145,90,227.84771915000022,228.01905684999997
2146,90,273.5237308750005,255.43548699999994
2147,90,261.48833687500024,306.3888611999999
2148,90,289.1571936000002,257.2900662249999
2149,90,209.34992370000003,176.28541715
2150,90,278.81915017500006,223.70684445
2151,90,267.03304732499987,202.674610275
2152,90,185.7928423750003,193.28975874999998
2153,90,204.94337802500007,176.74980944999987
2154,90,168.81329837499987,205.41330149999993
2155,90,185.96127007500007,205.35538492499992
2156,90,235.4129124249999,225.72308970000003
2157,90,171.4391116000002,277.4034105999999
2158,90,205.46948822499996,224.4441766
2159,90,149.07005022499993,163.25561925
2160,90,117.79783872500012,189.43601247499998
2161,91,204.88285464999996,190.565714825
2162,91,123.93171995000002,149.61388937500004
2163,91,163.63348960000025,165.43312475000002
2164,91,155.91645159999996,120.90510860000006
2165,91,154.88943325000005,146.64070002499994
2166,91,143.15853145,150.0759241749999
2167,91,228.16857620000013,204.83001555
2168,91,200.94136854999988,226.82852637499985
2169,91,246.72743752500008,204.00178324999985
2170,91,269.7657863000002,212.67190590000007
2171,91,244.93686954999993,268.145747525
2172,91,212.02248737499986,242.9601509750001
2173,91,236.58416905000013,196.74454044999987
2174,91,184.21788975000007,198.07688974999996
2175,91,192.3670883500001,209.26848325000003
2176,91,174.23952467500033,231.28176110000004
2177,91,241.23891595000003,176.539747025
2178,91,221.96567762500013,210.98010832499972
2179,91,187.99559955000012,215.45499207499998
2180,91,220.7551029500001,204.61892790000007
2181,91,166.6389225250001,236.97121744999998
2182,91,210.14718749999986,231.7126866499999
2183,91,168.19228490000012,167.30888442499997
2184,91,173.8680755750001,150.55365012499993
2185,92,144.66623869999992,149.515659975
2186,92,144.6936510999999,146.20724935000004
2187,92,107.09672750000004,121.59005197500001
2188,92,186.54408025000026,149.27900457499996
2189,92,150.87691322500007,123.710271025
2190,92,190.86770012499994,178.1511883
2191,92,221.75261762500014,214.5680441749999
2192,92,280.16123607500003,332.1898920999997
2193,92,239.54797910000013,204.02647075000004
2194,92,263.2991134500002,327.8855968249999
2195,92,303.72913487500006,252.50207789999993
2196,92,248.59877347500003,257.22769545000006
2197,92,298.8164994250003,258.8036541499999
2198,92,234.11477010000027,262.515187175
2199,92,274.5126802750001,240.31032334999992
2200,92,293.7961795000001,292.48039327499976
2201,92,210.94577922500014,261.8002495249998
2202,92,236.09452852500033,222.0035513249997
2203,92,254.54046620000003,233.604052825
2204,92,266.9854692500001,270.97514527499993
2205,92,308.0478834500003,259.0781124749999
2206,92,232.18416707500012,206.87260997500005
2207,92,183.52528347500004,201.14653072500002
2208,92,153.99206335000005,168.23725574999997
2209,93,124.9509409500001,142.87676427500008
2210,93,131.06045922500002,151.59215807499993
2211,93,162.8784981500002,154.40115984999997
2212,93,134.45849345000016,151.52896242499997
2213,93,136.80977030000005,219.75669032500002
2214,93,181.4842816000002,227.34435494999985
2215,93,228.06992177500013,236.30379987499992
2216,93,240.54078657500014,245.28350454999998
2217,93,225.55669487500006,261.89750119999997
2218,93,262.51805400000023,236.33767969999997
2219,93,278.059300025,253.218309775
2220,93,302.82883655000023,298.0012581750001
2221,93,262.17011982500014,242.6189717749998
2222,93,282.20209272499983,288.80745425000003
2223,93,238.299554075,244.04131180000007
2224,93,187.2839638750002,205.7531118249999
2225,93,228.5610167000001,237.2404332750001
2226,93,211.78998137500008,247.20967582499983
2227,93,223.67984867499996,188.35282019999994
2228,93,174.9057348499999,268.1773220499999
2229,93,250.61903475000022,309.01085717499984
2230,93,243.4104240750002,249.68198170000008
2231,93,168.1541381250002,190.50974614999998
2232,93,181.34651417500015,164.83000359999994
2233,94,142.52963082500017,144.95801614999996
2234,94,131.62550087500003,162.52822542499996
2235,94,147.22679625000004,148.24487312499997
2236,94,158.93394170000005,159.20819545000003
2237,94,150.471059475,143.68746775
2238,94,155.32841315000024,217.84411097500004
2239,94,207.15783505000016,201.56059899999997
2240,94,254.92311577500035,223.17693467499987
2241,94,336.8917469500002,262.89149770000006
2242,94,301.38380129999996,235.89130892499995
2243,94,297.7228063250003,315.64461027499965
2244,94,321.31244685000013,299.48528357500015
2245,94,294.7183919500003,364.83276755
2246,94,267.0159614000002,252.14754242499984
2247,94,244.11111575,247.19543470000008
2248,94,180.75577725000005,244.70977950000005
2249,94,274.086066025,242.15280102499986
2250,94,274.65510385000016,206.95686424999988
2251,94,245.6790589000001,214.43435502499977
2252,94,245.84812595000005,242.87621664999995
2253,94,226.88508607500012,232.647145375
2254,94,188.76045610000014,222.06512142500003
2255,94,214.93403737500014,184.02424125
2256,94,166.18678580000017,209.66749322499993
2257,95,166.87602915000014,166.47582659999998
2258,95,141.33312217499994,144.15627634999993
2259,95,145.9091491750002,148.01250257499993
2260,95,185.1241394,133.29225495
2261,95,191.08157397500014,180.50964219999992
2262,95,179.7644137499999,168.54162672499993
2263,95,249.27368240000013,171.91288824999984
2264,95,241.2742123000002,232.1393568499999
2265,95,297.8966168250003,243.5098546749999
2266,95,251.28750380000008,268.6716982000001
2267,95,272.39591985,249.67134499999997
2268,95,235.4057405750002,328.9181008249999
2269,95,339.47983197500014,297.7870200499999
2270,95,238.0041491250002,217.33913082499998
2271,95,227.69281182499992,240.86719777499997
2272,95,254.43250965,257.9330607750001
2273,95,220.40432735000005,235.1332450249999
2274,95,274.13920447500027,245.80748502499995
2275,95,255.6686606250001,205.40522977500012
2276,95,238.04902427500008,217.65257802499994
2277,95,214.3936646500001,189.8246866750001
2278,95,214.08551112499995,219.02119695000002
2279,95,180.08883350000005,188.79997469999995
2280,95,165.29905162500003,190.75398739999994
2281,96,135.22006870000007,192.19772367500008
2282,96,161.85802787500015,151.96031925
2283,96,127.77683702500013,131.03335679999998
2284,96,139.61952477499995,161.28863617499997
2285,96,149.663115575,153.65643130000004
2286,96,194.32554792499997,181.22220297499996
2287,96,209.71201142500024,174.2951612500001
2288,96,255.3389195,267.58605795000005
2289,96,260.6606979000001,317.35294047499997
2290,96,255.42909655000017,289.98488069999985
2291,96,288.23829720000003,322.77105007499955
2292,96,270.0419949249999,306.98057192499994
2293,96,223.83511064999993,332.21228844999973
2294,96,324.3751132,241.65761835000006
2295,96,249.2085760500001,270.85074847500005
2296,96,184.15255157500007,272.6337783749999
2297,96,190.1043642,180.35475834999994
2298,96,221.4722131000002,246.74007722500005
2299,96,177.26126505000013,220.3744612999999
2300,96,212.4569480250002,223.02351752499993
2301,96,202.16264865000022,222.38357469999988
2302,96,226.2997352750001,186.52512914999997
2303,96,176.27781832500008,218.84009067499994
2304,96,146.22476997500002,125.92761069999997
2305,97,119.11926065000007,175.8728989
2306,97,167.2953978750001,182.02269057500004
2307,97,150.5622641750001,151.82504147500003
2308,97,113.2377395,136.17857380000004
2309,97,166.17673647499998,141.68929842499992
2310,97,151.24052522500008,150.69031717499996
2311,97,201.04174765,180.69591164999997
2312,97,168.0019569000001,195.70763822499976
2313,97,254.3742531250001,240.89107374999998
2314,97,275.27321427499993,279.2606891749997
2315,97,292.230710775,270.791336475
2316,97,276.13052892500014,230.47677574999994
2317,97,267.86028725000057,229.33675104999992
2318,97,256.32062867499985,222.7253379
2319,97,235.61766337500018,239.18836449999995
2320,97,216.1156998250001,205.5305909999999
2321,97,222.85481022500002,206.35405074999994
2322,97,201.27460124999996,272.2658849499999
2323,97,190.67751265000015,228.42227307500002
2324,97,203.74569859999988,240.79445967500004
2325,97,257.1877192249999,208.30564527499985
2326,97,183.87852575,176.03040192500004
2327,97,140.65939125000008,181.63325229999998
2328,97,157.747534375,170.880509425
2329,98,176.29473075000004,162.761042925
2330,98,145.34242662500026,142.78328152499995
2331,98,148.00452150000012,126.43655007499993
2332,98,143.05738952499996,155.97456717499995
2333,98,102.32619145000007,142.245158725
2334,98,127.05228132500015,157.14842297499996
2335,98,180.97521045000013,200.1291567749999
2336,98,222.13902737500004,206.85787314999993
2337,98,198.22203502500014,170.06505310000009
2338,98,267.5960351500004,234.46151089999978
2339,98,262.3452965,218.16445042499987
2340,98,221.36589987500014,194.10666492499996
2341,98,182.88296377500012,236.42040750000004
2342,98,255.457734825,247.46024479999994
2343,98,212.64125290000007,221.0097102249999
2344,98,157.95048845000005,189.4126150749998
2345,98,234.94069585000022,204.21833564999997
2346,98,211.07676392499997,184.42404340000002
2347,98,210.50058895000006,154.10583592500004
2348,98,285.90967755000037,215.65436500000007
2349,98,281.8198517750002,222.85263054999984
2350,98,230.0950046000001,174.34056002499997
2351,98,187.46973405000006,162.12811579999993
2352,98,134.62264352500023,160.4396077749999
2353,99,130.854748475,136.82207842499997
2354,99,124.94644812500006,143.48384514999992
2355,99,104.38563217500001,129.34561032499997
2356,99,167.90522195000023,108.75420247499999
2357,99,155.36058277500024,147.4787542
2358,99,149.1610809250002,201.09354244999997
2359,99,236.29331012500046,228.71673197500007
2360,99,266.33714907500007,173.78081824999992
2361,99,301.6152369250005,256.416123625
2362,99,286.96569605000036,292.906449625
2363,99,299.6442050249999,250.18834399999997
2364,99,268.7240808249999,265.232737025
2365,99,271.53231070000004,268.90090269999996
2366,99,263.37595150000016,288.7369531500001
2367,99,325.55540357500007,249.69115547499985
2368,99,227.34005924999997,299.2336878500001
2369,99,250.88029257500006,282.31614269999983
2370,99,293.0636560250001,268.0226361249999
2371,99,227.96098212500033,223.2661926749999
2372,99,267.370653925,229.3875520749998
2373,99,224.13415855,255.388782425
2374,99,242.1348693500001,207.74938450000008
2375,99,260.00710292499997,200.7847330249999
2376,99,207.85564005000003,189.5118680249999
2377,100,146.06140890000006,155.77305644999996
2378,100,160.42434355000003,145.96095997499992
2379,100,170.10026922500015,166.20153362499997
2380,100,167.80499347500003,176.84474210000002
2381,100,178.33316654999985,185.76264629999997
2382,100,220.22320435000034,205.03840287499992
2383,100,231.70348082500007,243.82118720000003
2384,100,265.04223025,278.051172125
2385,100,290.60543212500005,228.81723817499994
2386,100,257.9091317000001,214.39083737500002
2387,100,344.08260955000003,186.83358452500005
2388,100,345.97359080000024,312.82081335
2389,100,244.56498115,242.38314160000007
2390,100,351.5060436250002,266.0398103
2391,100,308.69182572499994,319.14798825000014
2392,100,297.3418544250002,283.8638015749999
2393,100,258.0806536000001,234.18544265000014
2394,100,259.08402947500014,289.7317954
2395,100,246.5630755499999,225.88700434999998
2396,100,295.946976925,263.47193557499986
2397,100,296.2184135000002,224.96098107500012
2398,100,220.67275294999985,271.3071311
2399,100,212.16017942500008,220.31602822500008
2400,100,177.8530386500001,195.93916202499994
2401,101,157.3698649750002,146.162920375
2402,101,136.214950125,131.50358204999998
2403,101,159.972333875,144.49296109999995
2404,101,166.57899650000002,134.96790712500004
2405,101,156.805170875,143.09240334999987
2406,101,169.08802987500042,201.34599237499992
2407,101,159.03838435000017,174.45106275
2408,101,236.00910442500032,250.9767709499999
2409,101,283.48799882500015,263.133929225
2410,101,286.2823870250002,311.97146457500014
2411,101,285.41228997500025,343.8999867749999
2412,101,279.63098317500015,267.9057142749999
2413,101,196.3804415250002,260.6351156
2414,101,325.0671612750001,225.68210714999998
2415,101,317.40054362500024,326.705359625
2416,101,236.10201750000022,283.4193038749999
2417,101,244.6732704000001,183.17745042500005
2418,101,246.46150720000003,187.877810775
2419,101,220.02262525000003,243.73025502499985
2420,101,260.8054566500001,250.03798957500004
2421,101,246.68648622500012,261.90509087499976
2422,101,198.87965302500012,200.42220140000012
2423,101,199.52776660000018,188.88408332499995
2424,101,150.25650627500008,163.34905324999994
2425,102,142.44996125000006,162.25281052499997
2426,102,122.94384237500006,150.57423760000006
2427,102,108.102557725,150.5670384999999
2428,102,162.6793137000001,151.10817712499997
2429,102,168.38872719999992,164.36873932500004
2430,102,181.2518088250004,190.53979407499992
2431,102,189.54578687500023,188.57867865
2432,102,184.63957179999997,220.16082294999995
2433,102,330.8133306250002,300.6615158500001
2434,102,293.12420679999997,207.94717152500007
2435,102,246.08544102500025,226.0912901499998
2436,102,299.8171725500002,296.59957169999984
2437,102,264.32690177499995,232.91679230000005
2438,102,270.3095316250001,236.5086129749999
2439,102,237.71093680000052,213.42119577500006
2440,102,219.34870387500007,272.48541424999996
2441,102,222.48302710000002,219.05260794999984
2442,102,212.7479416500001,195.24887859999993
2443,102,275.74842070000034,227.51988540000002
2444,102,234.77477872500026,254.7811106249999
2445,102,284.48154009999996,247.2183744999998
2446,102,254.45610522500039,250.38475392499993
2447,102,184.38264670000007,176.50078329999997
2448,102,162.75893584999994,196.87536102499993
2449,103,186.47088687500005,168.6042832
2450,103,147.99236802500008,146.7422634249999
2451,103,156.29259307500013,144.11718984999993
2452,103,148.407895875,165.48127354999997
2453,103,143.045783025,190.92034602500001
2454,103,166.08515049999988,188.63772414999994
2455,103,200.71323622499992,234.84272472499975
2456,103,241.33665537500008,252.77724979999994
2457,103,253.99974610000027,235.34381657499978
2458,103,212.52412045,291.7522627999999
2459,103,311.08300895000013,358.7891163499999
2460,103,267.6801572750002,233.786196625
2461,103,297.0067381250002,282.1233218
2462,103,232.46483850000004,214.60679669999996
2463,103,297.68438040000007,251.4757351
2464,103,199.41976734999997,298.397363875
2465,103,259.3471181000002,214.61555425
2466,103,194.03378974999995,211.52657317499995
2467,103,210.65177482500007,241.68524289999993
2468,103,233.89222022499996,310.55872965000003
2469,103,235.69307892500012,242.3579298749998
2470,103,200.99483047500007,246.37025
2471,103,208.18909342499995,176.02043824999998
2472,103,179.18655097500022,212.06798102499997
2473,104,166.8679583500001,148.75883139999996
2474,104,119.33123752500006,152.78202635000002
2475,104,145.33259780000012,142.15453227499995
2476,104,163.65807857500005,160.381651675
2477,104,199.0321032500001,159.14999737499997
2478,104,199.6273533750004,151.80360254999994
2479,104,205.95375402499994,164.76420909999993
2480,104,191.39585637500002,227.04282320000007
2481,104,251.33846987499993,206.2073507999998
2482,104,217.81181992500012,216.37774604999993
2483,104,225.05080982500007,284.3182455249999
2484,104,258.30316382500007,276.82598592499977
2485,104,240.0821664000001,266.656519125
2486,104,229.13277305000008,265.9388125999999
2487,104,231.1460528,193.15696577499995
2488,104,181.05216959999987,163.32223630000004
2489,104,170.39133037500005,209.67809755
2490,104,176.10926027500008,192.75773657500002
2491,104,212.32456559999997,214.41245237499993
2492,104,202.58908007500025,198.65198127500008
2493,104,213.73024807500065,257.6883493249999
2494,104,235.6391440250004,276.10416774999993
2495,104,182.10776047500008,162.84900472500004
2496,104,170.20745432500013,125.89037765
2497,105,179.13755607500002,169.97082832499996
2498,105,168.869082325,148.09390122500002
2499,105,123.423661375,136.51486062499998
2500,105,132.27229090000003,111.74399580000009
2501,105,114.58294355000012,173.47632345000005
2502,105,144.00139112500008,205.19909252499997
2503,105,216.85478660000035,198.1467176
2504,105,203.19947685000014,200.88648122499995
2505,105,236.15506975000017,217.39753980000017
2506,105,287.1014904250003,209.4342606999998
2507,105,253.7072761250004,225.69257279999988
2508,105,196.59455165000003,276.84062124999974
2509,105,220.25504622500011,257.0163986999999
2510,105,219.9870053499999,254.79033327499997
2511,105,225.07746315000034,244.75011757499993
2512,105,164.94124737500024,171.90025074999994
2513,105,173.99042177500002,187.25938594999997
2514,105,203.46868410000022,172.19449832499996
2515,105,201.52239372499997,203.6317039250001
2516,105,196.52731840000007,193.75525337499985
2517,105,185.5402634250001,246.91393032499997
2518,105,185.18618755000008,196.59165982499994
2519,105,153.31415224999998,166.75537365
2520,105,167.1549229000001,179.59399484999983
2521,106,104.22693394999993,133.46775119999992
2522,106,115.20860662500013,145.96314289999998
2523,106,138.946662,133.26029355000003
2524,106,106.75945859999997,150.47192957499988
2525,106,144.93627947499994,164.26605704999997
2526,106,177.46236750000023,192.68125592500002
2527,106,194.48525120000005,212.78784654999998
2528,106,218.8022949250001,190.59684445000005
2529,106,276.1242912500001,200.64372617499998
2530,106,266.8684520000001,244.16398499999997
2531,106,291.2469617750001,269.6116683499999
2532,106,317.6500083500001,276.0286998
2533,106,262.83838395000015,275.5753378749999
2534,106,316.16251872500004,283.38274645
2535,106,278.5458790749999,256.9121388499999
2536,106,218.8181074000001,247.44659979999986
2537,106,261.0092205500001,288.8742651500001
2538,106,249.40092025000013,271.0577356999998
2539,106,207.95689162500008,242.26872384999987
2540,106,273.14155055,257.23602487499994
2541,106,244.61082895000004,287.46607375
2542,106,229.3051757500001,230.87347444999995
2543,106,186.92308047500012,182.64840232499998
2544,106,167.0543417750001,157.37117272499984
2545,107,136.83897355000002,130.24537612499998
2546,107,146.6962467750001,150.3485769749999
2547,107,136.13580972500006,131.35776372499984
2548,107,144.22887174999997,127.07939602500005
2549,107,159.76660625000022,172.08250787499995
2550,107,202.87882550000018,206.88773587499998
2551,107,154.15183950000005,262.779011975
2552,107,225.30078692500007,249.04787402500006
2553,107,194.50812822499998,290.00480489999995
2554,107,305.51436660000047,279.37741545000006
2555,107,265.49429137499993,291.82975732499995
2556,107,335.55304042500006,279.79856822499994
2557,107,296.2212969500001,359.28929747500007
2558,107,251.46564685000004,309.7746803999998
2559,107,289.0336711750001,280.856137925
2560,107,265.02968139999996,304.74112927500016
2561,107,266.774460375,215.61256364999994
2562,107,252.96089732499996,236.4511093749999
2563,107,294.49107927500006,226.7373587749999
2564,107,288.16558465000014,313.5055295999999
2565,107,242.00788067500008,227.5986734500001
2566,107,249.46112962499998,181.59488722499987
2567,107,217.71013272500016,194.73896157500002
2568,107,162.76875492500022,200.014369875
2569,108,150.2901984,159.07597585000002
2570,108,141.23903927500015,155.93011875000002
2571,108,112.06841350000008,134.0080043249999
2572,108,158.201588925,166.13235244999998
2573,108,143.84177799999998,150.66714452499994
2574,108,195.3234339499999,218.76545040000005
2575,108,226.01822760000013,175.57383774999988
2576,108,242.27137725000028,219.20751434999985
2577,108,256.14321280000036,298.306356875
2578,108,338.54827339999997,262.45519060000015
2579,108,289.78058395000045,322.07083765000004
2580,108,256.8230421500001,291.2017574750001
2581,108,273.92968660000014,268.50563352500006
2582,108,225.62454185000004,310.9239332750001
2583,108,253.06062260000004,273.2512043249998
2584,108,262.3509251750001,319.33148894999977
2585,108,301.3606444250004,291.04763902499997
2586,108,263.10184910000027,306.68162712499975
2587,108,234.54183617499984,287.18735227499997
2588,108,223.14777040000013,283.8047573749998
2589,108,260.580106,229.44427139999993
2590,108,240.56884045000012,194.98100364999993
2591,108,185.21653989999982,229.8898704499999
2592,108,170.6708857499999,225.25395919999997
2593,109,181.00295495000012,131.06659832500003
2594,109,182.8522014500001,137.49236879999995
2595,109,162.2457995000001,151.87978802499998
2596,109,182.52868767500007,150.83559555000005
2597,109,166.47915465000008,159.07961494999992
2598,109,159.71174287500008,185.65179837499988
2599,109,175.2256925500002,218.9105769500001
2600,109,244.30777570000015,314.08217144999986
2601,109,269.5321766000003,291.92439889999986
2602,109,321.85449639999996,330.53032772499995
2603,109,378.72016852500013,306.87701579999987
2604,109,347.8772704500001,232.646032625
2605,109,351.90415842500016,218.53716772499996
2606,109,292.06951275000006,289.224467
2607,109,283.6159021000001,310.54111485
2608,109,339.344932125,262.6217921749999
2609,109,296.69951190000006,276.8421066999998
2610,109,325.05513967500013,313.2790995
2611,109,242.96905722499997,295.53971334999994
2612,109,299.9893886749999,318.9763766749998
2613,109,291.27659647500013,243.28823355000003
2614,109,240.57360322500008,231.39778242499983
2615,109,178.12642997500012,258.648208825
2616,109,176.29925492500007,206.39549722500004
2617,110,158.01461280000007,188.71705615
2618,110,168.54053275000007,186.02057322499996
2619,110,143.27024207500003,168.6113038999999
2620,110,138.54975397499987,172.67296144999992
2621,110,187.9124391500003,205.45860320000008
2622,110,192.73124455,188.05707519999996
2623,110,171.59738820000015,210.55943567499997
2624,110,246.37968042500023,258.50763419999976
2625,110,242.33192012500012,308.8414552999998
2626,110,355.50941025000014,317.1801976249999
2627,110,307.29828000000026,277.3395133249999
2628,110,265.3471436250001,331.48032209999997
2629,110,316.3539249500004,300.4020629249999
2630,110,333.3693334249999,247.3041772499999
2631,110,332.4050973250002,281.8452247499999
2632,110,220.41718825000027,280.8961975000001
2633,110,232.256797775,361.2698610250002
2634,110,298.51019577500017,340.76579249999975
2635,110,280.8183818,303.07038442499993
2636,110,290.37863172500033,276.87758682500004
2637,110,242.11421692500005,250.90760857499998
2638,110,254.68191110000015,249.45903124999987
2639,110,218.99164220000006,265.499004625
2640,110,178.0529313500001,189.96509795000003
2641,111,166.89387977500002,182.91157207499998
2642,111,164.10048127500013,162.81621335000006
2643,111,144.8306995250001,174.82002939999995
2644,111,170.44152162500018,177.8539344
2645,111,152.00503395000015,130.80851637499998
2646,111,190.37834682500014,182.98301114999998
2647,111,204.90806652500015,183.11000592499997
2648,111,216.0821809000002,237.08258740000008
2649,111,219.22745727500035,242.43068855000013
2650,111,278.2475684500002,316.30328335
2651,111,237.0227278000002,338.2509670499999
2652,111,276.1547214000001,224.82856262500007
2653,111,235.92958905000006,233.1324774500001
2654,111,267.17428015000024,289.5194938000001
2655,111,263.6383522999999,223.61229862500005
2656,111,271.65088432500045,297.90236175000007
2657,111,250.64885937500026,363.4478045000001
2658,111,245.34093337499996,306.7964414249999
2659,111,315.2516770500002,250.77261367500003
2660,111,212.4290091749998,305.6133055249998
2661,111,291.88282840000056,321.9075126749998
2662,111,171.0087241000001,271.69632387500013
2663,111,201.31432059999997,185.435715775
2664,111,167.97797485000018,226.50858155
2665,112,172.2837518,176.40435867499988
2666,112,176.90713717500012,165.15555562499986
2667,112,119.29385575000006,135.40740682499992
2668,112,205.37969942500004,125.31782465
2669,112,182.0709368250002,145.39006595000004
2670,112,161.2072743,172.18404242499997
2671,112,177.201530675,192.59772689999997
2672,112,230.12191857500005,194.53439104999998
2673,112,267.9906376500001,203.8996727250002
2674,112,265.7233975000001,251.87786759999983
2675,112,268.0946201749999,240.67518562500007
2676,112,287.4247509750002,436.126131925
2677,112,187.60699807500006,290.4060831999999
2678,112,183.50486672500017,252.4938917249999
2679,112,257.8185480250001,328.56776605000005
2680,112,272.60094977500046,272.020668425
2681,112,217.80451022500006,221.30936270000024
2682,112,272.86982905,260.79468432499993
2683,112,352.4476939250002,307.14842022499977
2684,112,304.27162505000007,261.254678775
2685,112,232.8518182250001,259.0677506249997
2686,112,254.17522280000014,246.06509929999987
2687,112,235.61107525000006,252.31961664999994
2688,112,209.1127012000003,171.59525897499992
2689,113,166.7868880250001,155.4986814
2690,113,151.11119635000026,143.71244859999993
2691,113,190.07728232500006,115.14700070000006
2692,113,149.84478302500014,151.070606725
2693,113,143.7093289500001,175.01088802499993
2694,113,141.02170644999998,255.15157922499986
2695,113,188.8612419500002,234.95027567499983
2696,113,237.60781694999997,227.51255040000012
2697,113,233.90725447500017,327.364678475
2698,113,248.6787779,287.72953175
2699,113,319.5237108,346.99709110000003
2700,113,337.8835098500002,263.933311775
2701,113,339.8387346499999,290.50457832500007
2702,113,329.350007875,328.6462296750001
2703,113,278.2831743000001,265.3200386749998
2704,113,274.85188244999995,260.7150326999998
2705,113,260.18969337500016,266.38280770000006
2706,113,321.59414175000006,330.99719049999993
2707,113,232.80227687500008,253.0565552500001
2708,113,294.6565636000003,217.97698855
2709,113,240.89820915000016,233.52109427499994
2710,113,196.7473627000002,261.3056030749999
2711,113,190.41833359999998,149.91689344999998
2712,113,183.522755325,158.593305875
2713,114,160.19244280000004,144.05849864999993
2714,114,158.60126265000008,136.0777968749999
2715,114,145.43702377500017,127.13465702500001
2716,114,135.98793180000007,125.48003240000006
2717,114,158.32701125,157.01311962499992
2718,114,220.6015561000003,177.15581547499988
2719,114,212.97205157500002,211.29750337499982
2720,114,265.9090242000002,251.37902854999967
2721,114,245.66297449999982,312.4471905749999
2722,114,298.8172053500003,269.90283417500007
2723,114,360.64594350000016,300.76591440000016
2724,114,332.23777147500016,286.48767335000014
2725,114,324.74277885,324.51363490000006
2726,114,338.65832375000025,201.2861993499999
2727,114,258.15683167500003,318.95113985
2728,114,328.6375572000002,355.312797175
2729,114,268.1222138249998,253.9096399
2730,114,269.2053711500002,248.8098822
2731,114,248.07890409999996,218.39919512499995
2732,114,284.1619933250001,203.75547024999986
2733,114,232.76619720000008,265.4279651499999
2734,114,202.83522152500015,205.15527692499987
2735,114,174.60255807500002,211.40435109999999
2736,114,164.00909345000014,193.2250236749999
2737,115,125.52327892500006,151.89626540000003
2738,115,153.23798082500008,162.63679334999995
2739,115,167.28424110000003,145.23431212499992
2740,115,134.07155087500004,158.91469202500002
2741,115,162.37519907500018,152.32388357500005
2742,115,185.9912846749998,203.9387441
2743,115,267.611041875,201.8558790500001
2744,115,175.57916272500006,269.9815927499998
2745,115,297.818798125,230.1718878749998
2746,115,321.465373925,321.7132584
2747,115,286.56636385,273.2573367249999
2748,115,351.7019701500002,290.9285728000001
2749,115,259.16758362500025,260.95187369999985
2750,115,306.88953767500004,230.22015152500018
2751,115,281.7445724750004,274.0868976
2752,115,236.84284492500018,228.49031487500002
2753,115,290.7733203250003,275.04241747499987
2754,115,229.04886472499993,240.07375745
2755,115,217.14295397500013,278.30213572499997
2756,115,285.4407832000003,305.25370654999983
2757,115,231.89205479999993,238.58982219999993
2758,115,247.99526385000053,205.07368295000003
2759,115,192.56197582500016,180.1017002249999
2760,115,163.28461892500013,193.82600025000002
2761,116,194.5390627000001,179.02736037499992
2762,116,118.25360297500015,158.79585030000004
2763,116,147.62157370000003,149.82865024999998
2764,116,179.29078685000013,153.95886597499987
2765,116,155.67339509999996,198.62527735
2766,116,182.24738965,199.485132725
2767,116,223.95706344999988,197.8555961
2768,116,229.64973160000005,238.51082275000005
2769,116,215.01927744999998,274.6485756000001
2770,116,294.8913410000001,267.96709762499984
2771,116,307.1158083500002,267.373869175
2772,116,252.40199047500028,268.82768217499995
2773,116,273.3762071000002,268.01188525000003
2774,116,224.81077377499986,271.77987222499974
2775,116,297.7777695250003,258.20849684999985
2776,116,289.2663714250005,199.63932112499992
2777,116,232.87474880000013,202.48907424999993
2778,116,188.816270675,267.91441515
2779,116,205.4975566500002,271.036366425
2780,116,219.49620424999995,249.69502810000017
2781,116,244.94260784999994,269.4607515999998
2782,116,300.38955400000003,285.6143133499999
2783,116,232.58489377500018,212.86118972499995
2784,116,166.50945702500002,175.25180949999998
2785,117,170.10510787499996,173.66464460000003
2786,117,169.71667167500004,188.2867841499999
2787,117,151.53086802500005,164.662037075
2788,117,157.29234820000013,182.02450369999997
2789,117,156.693191425,192.53282227499997
2790,117,190.37616974999992,193.75506624999997
2791,117,204.43565222500033,191.28039087499997
2792,117,280.3124870250002,263.27222642500004
2793,117,251.15314022500024,248.8502228749999
2794,117,344.65821260000035,249.9069452249998
2795,117,325.00870027500025,290.9493619749999
2796,117,273.7704869500002,304.9577308249999
2797,117,300.4794574250002,237.10638467499996
2798,117,207.3880658750001,251.02257282499994
2799,117,233.10439135000001,276.75225885
2800,117,228.47044287499992,303.58461880000004
2801,117,294.9175397250002,229.58962524999993
2802,117,221.2812744000001,268.92429312499985
2803,117,245.9321797,295.2766699749998
2804,117,245.2886497750003,216.43121060000016
2805,117,274.27161110000026,228.85021262500007
2806,117,229.89835435000006,174.02749812499997
2807,117,237.65125342500028,185.33098877499992
2808,117,170.9412321000002,152.60826367500005
2809,118,174.86631820000008,202.08020617499992
2810,118,159.21126455000024,176.92314880000004
2811,118,117.61745705000001,160.822233825
2812,118,158.60680759999997,164.1410861749999
2813,118,196.37267605000005,230.04907867499998
2814,118,170.13695519999996,171.63760052499995
2815,118,202.40408742500003,223.35035077499998
2816,118,226.95534850000013,265.2940394999998
2817,118,216.33467990000003,246.04295074999993
2818,118,244.7992716500001,291.00471037499995
2819,118,278.4195350250001,252.57958157499988
2820,118,329.75088925000034,323.86230924999995
2821,118,312.7405596000001,198.85341072499995
2822,118,260.22158612500016,253.88159719999987
2823,118,250.38468435,211.7195703749999
2824,118,206.46216527500013,257.9280098999998
2825,118,251.32849439999993,258.14308110000013
2826,118,250.25681235000025,262.10186139999985
2827,118,227.01726167500033,268.38727752499983
2828,118,227.58865367500022,201.84731627499997
2829,118,229.5022509749998,304.3647209999998
2830,118,248.77727240000024,221.11514897499998
2831,118,159.958451125,247.17960917500005
2832,118,188.62760634999998,175.08635809999996
2833,119,161.4652713500001,167.19776269999994
2834,119,125.66226052500011,183.95143040000002
2835,119,117.14072537500002,171.50018704999997
2836,119,125.414994225,186.09935277499994
2837,119,143.68604350000004,165.83028802499996
2838,119,178.96803262499998,185.15199547499998
2839,119,166.4968013249999,162.2697087749999
2840,119,195.7387246750001,228.4478645749999
2841,119,208.1399921250001,167.18462592499998
2842,119,235.29644942500022,207.05828727500017
2843,119,266.76681405000016,298.8554085999998
2844,119,262.1719900250003,304.5075223749998
2845,119,242.78021202499994,259.290648475
2846,119,278.09778815000016,251.6463719250001
2847,119,271.86143842500013,244.43971714999995
2848,119,279.16393480000033,304.094760275
2849,119,261.1253728250002,290.96976612499986
2850,119,321.12594585000016,227.48922262500005
2851,119,230.90163282500004,309.15893632499996
2852,119,270.1790770500004,234.89793550000007
2853,119,298.1377247500002,222.96427580000002
2854,119,231.596505175,180.6437883499999
2855,119,179.25797382500005,175.03298822499994
2856,119,142.44779807500004,166.94165897499997
2857,120,137.30028352500005,178.40797930000002
2858,120,132.01463517500002,156.73851522500001
2859,120,142.6672061,125.5976239
2860,120,122.49980835000008,159.46768784999995
2861,120,170.88698845,213.78017322500006
2862,120,265.11032780000005,185.70963612499997
2863,120,202.82571122499996,262.07933337500015
2864,120,216.8872718749998,295.7314379500001
2865,120,272.39880320000003,293.8637670999998
2866,120,253.24924332499998,303.8395562750001
2867,120,439.4727354000001,333.6591011749998
2868,120,249.11835862499998,304.00470594999973
2869,120,302.1340561500001,326.57038962499985
2870,120,324.0880174250001,283.72781709999987
2871,120,294.6473506000001,377.46048772499995
2872,120,340.0627256000002,299.6691294500001
2873,120,257.325021425,295.1201502
2874,120,255.25394365,226.07293874999985
2875,120,262.3232510249998,255.67141424999994
2876,120,262.48279035000013,249.7457975249999
2877,120,276.23331650000046,195.20783409999996
2878,120,261.3664545999999,324.8967913749999
2879,120,187.05124842499998,208.99733117499994
2880,120,150.70272237500006,208.02094945
2881,121,182.05588870000008,173.72916189999998
2882,121,211.00541297500013,169.55314305000002
2883,121,191.69987740000005,164.278202125
2884,121,170.643315525,170.66426695000007
2885,121,161.2195075000001,149.71220442499998
2886,121,220.3409607499999,159.40297679999998
2887,121,249.68040105000017,220.63187262499994
2888,121,242.59169985000005,220.31672179999995
2889,121,286.3881260000003,239.12128514999995
2890,121,324.00736685000015,304.56594012499977
2891,121,287.3229692000001,274.3377001500001
2892,121,276.5862870750001,297.00112984999987
2893,121,350.4753201750001,305.7017642249999
2894,121,320.64191440000025,267.11125029999994
2895,121,350.39493427499986,276.16147927500015
2896,121,263.751815575,278.9058477750001
2897,121,286.73821864999996,361.1043614250001
2898,121,253.0819948499999,232.73090019999987
2899,121,219.862425,215.11048117499968
2900,121,266.34246025000016,240.73859992499987
2901,121,260.74949090000007,249.10183227499996
2902,121,220.5692389,233.34846304999982
2903,121,256.07018815000043,182.58494904999992
2904,121,201.4153206750002,210.87658114999985
2905,122,195.96539450000017,160.62229355000002
2906,122,145.23022095000007,161.06000392500005
2907,122,179.56646342500017,142.6143744499999
2908,122,233.23936267500005,175.21436082499991
2909,122,183.16114235000006,184.54871352499993
2910,122,180.68736152500017,214.15957347499995
2911,122,233.08110490000024,213.7253980999999
2912,122,254.46846035000033,280.3601857
2913,122,292.3030210000002,347.02384225000003
2914,122,303.95542897500025,243.16969979999982
2915,122,358.67106085000023,344.585275925
2916,122,317.77879020000006,350.23207834999994
2917,122,221.2342127500003,277.72005939999985
2918,122,281.7143651500001,252.90458117500003
2919,122,204.5821487750002,321.60601754999993
2920,122,289.19854597500034,289.56892157499976
2921,122,304.2057497250001,273.16055599999993
2922,122,265.17686842500007,366.9787378
2923,122,275.518919575,218.64803552500018
2924,122,259.44788657500027,292.28868099999994
2925,122,258.60443024999984,218.94131072499985
2926,122,250.48783482500014,244.25210392500014
2927,122,240.26977389999996,227.23529912499993
2928,122,182.9191429500001,161.947218775
2929,123,195.17302105000005,180.2676779
2930,123,180.95877000000002,114.95363182500003
2931,123,180.02580382500014,169.60089527499997
2932,123,159.2082765,155.5862267999999
2933,123,186.50986615,179.24109292499992
2934,123,190.90418327499998,213.81470224999998
2935,123,239.19421142500005,259.71260922499994
2936,123,232.31557002500006,276.11222389999983
2937,123,274.2088283750001,288.61460800000003
2938,123,312.1392809999999,284.68153704999986
2939,123,307.0742780749998,338.9630721
2940,123,291.9155006750002,431.2231651750001
2941,123,265.39682659999994,275.7506792749998
2942,123,308.4129694000003,330.0664488750001
2943,123,319.7231507000002,340.08232419999985
2944,123,312.32745109999996,244.5389381999999
2945,123,368.55784422500005,305.23757079999996
2946,123,300.42386045,250.57938897499997
2947,123,257.38274130000025,224.07913119999972
2948,123,243.49959264999993,210.83130992500014
2949,123,268.22515057500004,234.6273129249999
2950,123,198.09539687499995,213.06603355000018
2951,123,209.615690875,203.62889077499995
2952,123,165.1092204,126.9500536999999
2953,124,128.84661707500007,160.41553612499993
2954,124,140.69767847499998,127.80922235000006
2955,124,148.49279792500013,144.55405844999996
2956,124,172.94194437500005,161.82656300000002
2957,124,170.73056810000003,158.53197775000007
2958,124,253.70860525,152.31117072499998
2959,124,242.86290839999998,165.31480559999997
2960,124,179.67679542500014,254.74173662499987
2961,124,346.4855625500001,284.69008310000004
2962,124,284.97965495000005,370.07494222499986
2963,124,269.93470655,359.03496744999967
2964,124,311.14075489999993,270.9860461250001
2965,124,306.5841988750001,287.3018860499999
2966,124,220.66477440000014,258.75430842500003
2967,124,205.40536345000032,252.62447672500014
2968,124,261.7250640250001,287.3468925249999
2969,124,280.4517106250001,263.47677104999997
2970,124,227.86538510000008,319.5192422999999
2971,124,324.72147589999986,243.79762165000008
2972,124,278.96244122500013,245.1834592750002
2973,124,237.5424612,282.04917105000015
2974,124,230.18081574999997,290.06236367500003
2975,124,209.08832222500024,221.9301809499999
2976,124,177.41336970000015,217.72725720000005
2977,125,162.40040867500008,157.76238787499997
2978,125,179.458632125,172.202186475
2979,125,173.38331582500012,164.88639435000005
2980,125,152.57504097500006,174.30059462500003
2981,125,176.41961112500007,174.77910207500003
2982,125,170.05581299999994,220.41263522499992
2983,125,224.29586817499995,165.39804805000006
2984,125,234.85694850000021,231.19444819999995
2985,125,227.38520262499992,278.74250195
2986,125,259.3166620250001,299.7409770999998
2987,125,232.68116205000015,276.22506219999997
2988,125,237.86057997499995,302.5270022999998
2989,125,238.51444407500023,285.17494300000004
2990,125,270.94456409999987,291.57599330000005
2991,125,198.33634745,225.84251399999994
2992,125,323.0521518000002,171.32851937500016
2993,125,239.23699257500022,277.3247148249999
2994,125,161.64180762500007,214.15429517499993
2995,125,237.94640377500008,260.4893360749999
2996,125,210.86858675000036,191.44885144999998
2997,125,272.3422396499999,245.25961764999974
2998,125,231.22155597500011,233.04586477499993
2999,125,185.39172930000024,190.95848702499995
3000,125,186.64058925000012,195.32206769999993
3001,126,163.2800098500001,128.47822975000003
3002,126,137.13172082500006,140.33395895000007
3003,126,150.06704042500007,144.97908312500005
3004,126,140.99367932500013,137.940400125
3005,126,151.28123017500008,129.76129452499995
3006,126,159.16418710000013,160.40709709999993
3007,126,177.77418922500004,178.78543669999993
3008,126,200.5637528499999,247.67943687499996
3009,126,190.24023767500012,202.9705187750001
3010,126,211.41255395000007,202.1931516499999
3011,126,280.3611104500001,201.82123710000002
3012,126,280.97320064999997,250.57044262499986
3013,126,280.06163265000004,269.93886307499986
3014,126,260.1895307750003,212.6675343
3015,126,256.3032061250003,262.654577225
3016,126,185.03061029999998,251.96360294999994
3017,126,242.00362485000022,290.8078642999999
3018,126,229.8604459500001,231.53971402500014
3019,126,269.4109674000001,232.56774795000007
3020,126,261.4302965500002,217.3326051749999
3021,126,230.86585535000017,248.22183569999993
3022,126,270.78793920000004,244.80892974999995
3023,126,179.86839709999998,177.133790475
3024,126,157.07703052499994,139.97915954999996
3025,127,135.1041356000001,164.49262092499998
3026,127,142.36971185000016,123.03546567500001
3027,127,148.5196591250001,150.67212077500002
3028,127,143.619302525,166.32636495000006
3029,127,171.08193547500005,169.45930532500006
3030,127,234.23151285000012,225.62039384999994
3031,127,232.3135166750001,175.02664732499989
3032,127,263.42453205000027,227.0786758000001
3033,127,259.35575492500027,262.8645855000001
3034,127,345.06064745000015,282.32639539999985
3035,127,348.4918943500003,268.50434215000007
3036,127,280.9695105750001,298.37467857499985
3037,127,313.8654777000004,240.4809696249999
3038,127,240.2098433500003,383.79113055000005
3039,127,240.7666880499999,270.42693124999994
3040,127,284.4861005249999,275.54905105000006
3041,127,322.5587487250001,323.4435114749999
3042,127,307.5168157500002,268.990879425
3043,127,260.20774765000016,284.6722211749999
3044,127,260.1860891250001,256.68766347499985
3045,127,295.67353330000026,254.2583409500001
3046,127,229.63482740000023,277.80314902499975
3047,127,195.97630050000015,189.74488482499999
3048,127,169.8265807,204.76578474999997
3049,128,212.95964960000003,135.8729318
3050,128,118.29769025000002,142.65214542499993
3051,128,150.55085935000005,134.09017222499995
3052,128,154.59970785000002,180.22857487500002
3053,128,158.63780962500002,173.21220232499996
3054,128,200.97329722500018,252.54590839999975
3055,128,244.15152650000005,246.46851802499992
3056,128,258.17411845000015,279.6194182749998
3057,128,326.97558505000023,324.6131467749999
3058,128,272.38057467500005,320.2070302500001
3059,128,344.12069545000065,368.55054547500015
3060,128,282.81506290000027,336.47910444999997
3061,128,359.49369305000016,279.32680912500007
3062,128,324.03801354999996,279.058990425
3063,128,295.1162083249999,418.05063375
3064,128,295.2044063750002,402.38464530000005
3065,128,286.79809359999996,364.7526528249999
3066,128,284.4284262000001,317.42009647500004
3067,128,245.97038377500002,394.21064720000004
3068,128,263.803924525,269.20781869999985
3069,128,285.2896281750004,237.5805284
3070,128,249.48035025000013,192.3996105500001
3071,128,234.95520017499985,242.17089079999988
3072,128,216.8959221750001,221.475407275
3073,129,212.13605477500008,166.64277404999993
3074,129,161.97245740000005,204.32475637499996
3075,129,154.23166645000003,170.38972432499997
3076,129,157.6769521500001,188.1220327749998
3077,129,154.87933060000012,186.20608897499994
3078,129,249.5295417750002,159.56348844999997
3079,129,282.9835787500001,211.76914195000012
3080,129,282.74778162499996,226.22446115000017
3081,129,261.89423705000013,217.52118540000004
3082,129,345.293560975,293.12236949999993
3083,129,286.4502006000001,411.67637704999976
3084,129,310.66711192500014,339.865956075
3085,129,332.146493975,251.4329191000001
3086,129,358.6690168999999,304.31163525
3087,129,299.5515086500002,315.8031343999998
3088,129,333.30703312500054,375.4449931999999
3089,129,364.8779122000001,297.0014572749997
3090,129,305.9345917999999,277.20593214999997
3091,129,324.48762705000024,300.77310159999996
3092,129,259.94992902499996,316.87217239999995
3093,129,316.71358335000014,285.133154075
3094,129,227.50631900000013,254.324435525
3095,129,221.28150397500008,223.65651335000007
3096,129,218.73302622500015,202.97354512499993
3097,130,175.22441427500013,140.3488096999999
3098,130,185.0519383750001,146.4815745
3099,130,155.33488417500013,165.79284645
3100,130,133.55991667500007,153.37978575
3101,130,149.94414300000034,207.19690369999992
3102,130,221.5043553750002,169.5525928749999
3103,130,200.42735977500007,185.68383075000003
3104,130,283.81534595000016,272.45595597499994
3105,130,300.48916822499996,313.09161307499994
3106,130,372.3480431750004,320.5981889499999
3107,130,274.5595545000002,331.540094525
3108,130,382.1347423250002,231.30283385
3109,130,328.07210277499996,326.71196899999984
3110,130,279.57427270000005,312.78666644999987
3111,130,274.761014975,348.2140910500001
3112,130,346.53118777500026,264.6057181500001
3113,130,317.3079617250003,270.67247379999986
3114,130,291.7833007249999,338.20514547499994
3115,130,282.85767945000026,292.26939957499997
3116,130,227.39943245,249.0013633750001
3117,130,225.9126614000001,232.0575704499999
3118,130,275.75782530000004,199.40512769999992
3119,130,282.30439402499997,197.09596814999983
3120,130,185.691287875,200.87062322499972
3121,131,171.05089690000005,162.08860684999996
3122,131,172.19972765000017,144.09509344999998
3123,131,169.71101742500005,158.83959389999993
3124,131,146.09599577500003,172.503001975
3125,131,208.0777954000001,165.29402434999997
3126,131,210.3626445000003,180.7959102999999
3127,131,184.52551097499997,222.68723027499996
3128,131,265.62041562500013,317.5016217249998
3129,131,274.9867090750001,293.40367612499995
3130,131,337.68636060000006,303.6427754
3131,131,310.7211917000002,339.91741254999965
3132,131,312.8666399750001,259.5880498
3133,131,334.98706812500006,264.55201097499986
3134,131,273.4031133000001,288.39776155000004
3135,131,285.88397880000036,290.50750765
3136,131,300.51325712500034,260.08278507499983
3137,131,337.9166744500001,302.8954322999999
3138,131,356.69657237500036,241.238318
3139,131,298.91027870000016,266.6522102
3140,131,241.6409221750001,215.43820060000013
3141,131,259.52426937500013,309.6593293750001
3142,131,279.3523772000002,269.82244797499993
3143,131,237.4825868000002,221.20246554999977
3144,131,187.08002767500022,155.9965047249999
3145,132,155.33537355000004,223.60452074999998
3146,132,122.99250687500015,197.409773325
3147,132,143.60305830000004,186.4547401499999
3148,132,175.81146660000002,169.4967362
3149,132,149.89039995000002,170.03224635000004
3150,132,176.70016097500013,195.83565137499994
3151,132,198.41832752500005,242.21369889999988
3152,132,191.98846099999994,259.6980867749999
3153,132,237.47170922500004,220.7136448749999
3154,132,293.4698477249999,314.2913176249997
3155,132,230.16805357500024,307.0446465499998
3156,132,256.2424426250001,360.90003707499994
3157,132,334.87198985,284.1441294750002
3158,132,315.6011655499999,252.34367204999995
3159,132,242.65002432500012,279.9862248499999
3160,132,305.88815615000016,270.980436125
3161,132,322.70325227500007,304.4415737
3162,132,295.6581275250004,225.920160625
3163,132,285.0917180250001,271.64525512499995
3164,132,272.2757065500001,233.02638642499983
3165,132,254.26797182499996,239.79144467500004
3166,132,270.5476762500002,229.22517844999982
3167,132,228.79653235000023,220.63025629999999
3168,132,230.1852992500003,221.84747139999985
3169,133,142.75093855000014,158.07066832499999
3170,133,137.03662042499997,203.36593314999988
3171,133,178.0879842500001,190.11954152499993
3172,133,126.00792107499996,161.55847919999997
3173,133,167.7725781750001,197.13300289999998
3174,133,196.57885917500005,173.43015074999994
3175,133,193.91404217499993,209.82662614999987
3176,133,249.67623192500014,264.03340374999993
3177,133,239.66153282499994,227.9621251749998
3178,133,270.54373415000003,231.70035505
3179,133,306.2132458000003,326.9791987999998
3180,133,311.96161945000006,260.6273805999999
3181,133,205.24393635000007,254.85858204999988
3182,133,263.09625454999997,305.6161468249999
3183,133,250.21179397500038,258.24732312499987
3184,133,243.781388925,263.9286973500001
3185,133,304.1802710750001,289.9588846999999
3186,133,288.7793178250002,285.2804358000002
3187,133,287.71414655000046,254.99425765
3188,133,243.55314567499988,299.7117358749998
3189,133,256.3158506000001,266.9219750750001
3190,133,210.94147770000015,293.41879267499996
3191,133,234.1946941750001,250.19098587500008
3192,133,196.34604322500002,159.06831334999998
3193,134,138.75781240000003,212.44486547500003
3194,134,170.78135115000006,173.64321797499997
3195,134,173.736217675,154.07379092499988
3196,134,168.4458097750001,136.61694325
3197,134,185.32029942500006,191.21443912500004
3198,134,237.25420057500017,223.91973562499987
3199,134,222.712865475,223.49122389999985
3200,134,277.26829495,228.55717522499998
3201,134,336.030410725,284.73948909999996
3202,134,340.7144168000002,299.49572905000014
3203,134,348.98297317500015,288.47660777499993
3204,134,308.2038093500001,277.0197604249999
3205,134,473.2709656250001,370.0179081749999
3206,134,378.09542959999993,284.19773869999983
3207,134,321.1162897499999,315.17338092499983
3208,134,284.54328002500034,383.29521834999986
3209,134,287.7096342250001,410.50875699999995
3210,134,276.66376425000044,299.3665252750001
3211,134,418.1030688000001,212.495927425
3212,134,322.76000582500023,290.6138203999999
3213,134,304.1093264499998,258.78619150000003
3214,134,303.3021212250001,242.97372620000002
3215,134,211.72845639999997,210.58610952499987
3216,134,202.3402291500002,211.72794320000003
3217,135,142.63730620000007,187.25099290000009
3218,135,171.37718647500003,158.39642999999992
3219,135,210.48474654999995,144.642433775
3220,135,190.08001700000023,110.03157755000001
3221,135,206.1160591000001,157.5598462249999
3222,135,204.09287845000014,238.44488262500005
3223,135,256.37962065,198.35057430000012
3224,135,244.297298975,222.28886010000005
3225,135,272.4129901,270.3606306999999
3226,135,320.3416477500003,266.83864699999987
3227,135,324.28663144999985,353.54384845000004
3228,135,259.229357625,365.1458097499998
3229,135,218.779559275,258.92930485
3230,135,266.33126265000027,354.46736747499995
3231,135,257.8324899749999,335.757785125
3232,135,230.61754660000008,366.1351697250001
3233,135,264.56334304999996,319.6739414749998
3234,135,336.5231186750001,260.4800594249999
3235,135,268.8127757250003,318.0027323999999
3236,135,281.4438850250002,310.23777177499994
3237,135,202.4186501000001,324.8609233000001
3238,135,242.17206839999994,232.3707673250001
3239,135,208.13324699999998,192.7703551499999
3240,135,200.4748463000002,229.98691949999997
3241,136,198.4765851249999,177.71018932499982
3242,136,155.8388076,170.75633050000005
3243,136,217.26842115,133.7485141
3244,136,155.7368430250001,164.343780675
3245,136,190.91876095,151.530632775
3246,136,196.80053812499992,183.443961225
3247,136,184.72855177500014,230.89484507499992
3248,136,251.56651865000015,276.63901110000006
3249,136,295.69865752500004,322.77578129999984
3250,136,285.560186025,334.72670122499983
3251,136,253.78016624999998,340.64995269999986
3252,136,297.9246377499999,342.19627462499983
3253,136,272.4323402500001,316.4733273250001
3254,136,299.81954217500015,271.8659048
3255,136,245.1022961250003,354.0804877
3256,136,287.9851751250002,302.7467439249998
3257,136,321.3359254750003,335.4334914249999
3258,136,310.90298835000027,334.4293629000001
3259,136,248.57740547500026,350.358893225
3260,136,249.247898125,358.1397543249999
3261,136,313.1920287000001,302.31845492499997
3262,136,297.40154770000004,258.40194454999994
3263,136,218.72889997500016,250.82466524999995
3264,136,169.15413822500005,179.5347804750001
3265,137,205.045211225,151.88487839999988
3266,137,170.7706496500001,125.72000087500001
3267,137,185.61052355000007,155.41747337499987
3268,137,191.76099510000006,117.89506419999984
3269,137,242.21561697500005,192.36616679999997
3270,137,211.18533495000042,228.62785979999987
3271,137,223.8832635250002,257.12175779999995
3272,137,328.70344505000014,242.65232915
3273,137,241.35632287500005,343.5375927749998
3274,137,260.16138637499995,334.92104447500003
3275,137,328.17070452500025,343.65478922499983
3276,137,257.7604007000001,332.8834520749999
3277,137,284.58428112499996,258.73500415
3278,137,234.43372205000006,411.7727684499996
3279,137,344.6601548250002,329.4040709000001
3280,137,267.4708045000002,323.9832527249999
3281,137,295.80046542500014,282.7204843750001
3282,137,354.69609085000053,281.49331970000014
3283,137,215.19383989999994,311.3811631999999
3284,137,228.7362994249999,275.64591000000013
3285,137,292.73344555000045,325.92833014999985
3286,137,269.85619327500007,240.74134802499987
3287,137,223.68517580000014,268.61341114999993
3288,137,149.32286062499992,183.18905209999994
3289,138,166.9722771000001,199.545583175
3290,138,171.44179874999998,184.30838042499994
3291,138,175.70306830000035,154.37907652500007
3292,138,161.39668762500008,155.61864992500003
3293,138,193.02045735000007,151.9463519999999
3294,138,201.34181482499986,192.3493423249998
3295,138,212.01779002499995,179.0402725000001
3296,138,329.3366131500003,204.81597547500007
3297,138,302.1542717000002,228.1885719249999
3298,138,251.71555475000008,337.75937679999987
3299,138,316.97921637499985,325.35104464999995
3300,138,280.09706600000004,272.6346942
3301,138,245.11400775000027,284.4239461249999
3302,138,301.49507600000004,286.1270712999999
3303,138,271.69308102499997,299.401147475
3304,138,225.08397892500017,243.73626760000002
3305,138,305.5913071500002,278.03504622499986
3306,138,275.3945617000001,271.5539004500001
3307,138,201.99335784999994,302.4477097000001
3308,138,239.93229860000017,270.79748209999997
3309,138,222.11607425000008,215.12604670000002
3310,138,251.292306975,193.05129742499997
3311,138,194.63337514999984,224.94446112499998
3312,138,167.32006849999993,167.10130227499988
3313,139,185.63750097500022,141.71202742499997
3314,139,164.9906663500001,175.37463322500008
3315,139,188.99085259999998,180.54602335000007
3316,139,160.16874095000003,174.42956429999992
3317,139,152.13810610000002,149.3886525
3318,139,161.10765117499983,187.3657159
3319,139,241.81655215000006,200.3782731
3320,139,195.23533007500015,229.58627385000003
3321,139,278.1721621500003,213.28598062500015
3322,139,300.12956672500013,216.78826277500013
3323,139,257.056846325,258.73371629999986
3324,139,307.65835675000045,249.053260225
3325,139,278.9276566500001,285.65133009999994
3326,139,301.65188215,299.23634747499995
3327,139,304.863025425,334.5067236499998
3328,139,274.96744920000003,320.6127529500001
3329,139,291.0876172500007,312.0956503
3330,139,280.43657710000014,297.25730684999985
3331,139,252.37119545000076,316.498875325
3332,139,277.972532625,285.7064702499998
3333,139,316.0870605250002,271.911209075
3334,139,271.9046627750003,290.02833554999995
3335,139,208.89334855000004,204.5529532249999
3336,139,189.12129455000002,218.18293389999997
3337,140,188.87258597499988,180.2334680249999
3338,140,152.823679625,207.109065025
3339,140,183.91141767500005,207.06915427499993
3340,140,193.90940622500005,198.58526752499986
3341,140,176.70499362500013,147.77775719999997
3342,140,183.60603747500016,169.44959545000006
3343,140,169.22306124999983,227.48205384999994
3344,140,174.333676025,215.05961559999986
3345,140,246.8005255750001,244.15530350000006
3346,140,294.91808852500003,278.50464372499994
3347,140,247.32594332500028,256.92930844999984
3348,140,324.75124005000015,275.4139036
3349,140,273.0224657500004,288.7209511
3350,140,262.2492158500002,309.02984622500003
3351,140,295.5505089750004,281.1419274750001
3352,140,245.89092427500015,261.4236814500001
3353,140,286.6123078750001,238.51777705000012
3354,140,327.8149864750003,334.33411555
3355,140,323.0687353000003,230.06528550000002
3356,140,276.1739876500001,296.00126087499996
3357,140,225.97116760000006,254.43971744999976
3358,140,228.0230207500004,229.06485012499985
3359,140,167.57822982500016,243.47624135
3360,140,163.75796715000007,180.0695596
3361,141,162.79689292499995,142.4946842999999
3362,141,159.61211500000024,150.49379055000009
3363,141,138.60979157499997,174.95878419999997
3364,141,148.19675567500002,214.77041987500002
3365,141,169.87726442500013,216.70123729999997
3366,141,212.60841262500014,232.04610255
3367,141,257.0027043000001,195.3972215999999
3368,141,246.62561572500016,284.8321492999999
3369,141,204.72259947500015,279.11390067499997
3370,141,299.041753675,311.57107075000005
3371,141,349.6570943000003,292.3159925
3372,141,383.80991405,305.05911869999983
3373,141,378.0169916,297.58258057499984
3374,141,446.8571700750002,301.9279303750001
3375,141,379.49790317500015,335.15729817500005
3376,141,325.5712492250001,381.5445753999999
3377,141,324.38529790000007,338.0701317749999
3378,141,316.53551852500004,344.8478831499998
3379,141,293.40155619999996,332.28076854999995
3380,141,360.3203099000001,320.36522962499976
3381,141,312.50461845000007,225.49933997500003
3382,141,270.0597724250001,258.6108516499998
3383,141,257.606406375,265.22861035
3384,141,241.76511515000007,169.35719592499987
3385,142,157.28900140000013,202.96893815
3386,142,157.17894492500005,181.56778999999995
3387,142,158.2750006250001,184.5968555
3388,142,202.28457412500012,166.25890867499987
3389,142,161.7991546,148.61937697500002
3390,142,223.70972975000006,182.0561121999998
3391,142,279.29587605000006,247.5254895499999
3392,142,224.88075692500013,286.5107378499997
3393,142,240.86145845000007,324.82826369999987
3394,142,350.4792001,293.24378239999993
3395,142,290.46300312500017,274.5150570499999
3396,142,311.1777789500002,313.2427210499999
3397,142,318.6964465750002,317.56255057499993
3398,142,311.17890999999986,318.1438600749999
3399,142,346.5325424500004,321.08836542500006
3400,142,368.06849850000003,324.430729625
3401,142,359.42618387500005,292.07341935
3402,142,378.29444509999985,303.58336102500004
3403,142,309.5948094750001,201.712565875
3404,142,306.8977222750002,312.93697737499997
3405,142,327.0305357500007,282.0045800749999
3406,142,231.11582310000026,219.11468827499996
3407,142,256.76233825,233.3487518749998
3408,142,218.17334707500032,209.44210814999994
3409,143,181.3331486000002,184.34861082500004
3410,143,170.10748594999998,200.5253748249998
3411,143,187.98143570000002,182.57930642499997
3412,143,178.84026995000022,247.5520586
3413,143,167.33344352500006,206.36721389999997
3414,143,153.60617869999996,187.13965477499994
3415,143,209.98585137499995,213.93138937500012
3416,143,248.437349375,266.8396167500001
3417,143,285.394029725,238.32487707499996
3418,143,334.28146890000016,286.5845887999999
3419,143,272.7190093250001,365.95769214999984
3420,143,273.61395314999993,411.7291923
3421,143,333.6279372500002,278.4922911
3422,143,273.0422528500002,298.2979443499999
3423,143,301.6640006500001,320.0526413250001
3424,143,334.80067095000015,252.54907410000004
3425,143,378.9478502750003,292.0726791999999
3426,143,293.5646713,333.39772555
3427,143,275.251820875,299.80334552500005
3428,143,271.9017741000001,379.92591984999996
3429,143,302.09120637499984,287.18659915
3430,143,188.27883780000016,294.3224406499999
3431,143,219.24874520000023,237.06674242499992
3432,143,175.52490310000027,194.50429925000003
3433,144,202.02016690000005,174.38988877500003
3434,144,146.99413060000006,173.56243815
3435,144,183.88689319999995,173.86008532499994
3436,144,185.88478792499998,150.60057564999994
3437,144,208.16606217500004,199.09837979999995
3438,144,221.6423123000003,227.47322119999995
3439,144,218.9101894749998,229.3204855250001
3440,144,252.2002736250001,247.50572252499998
3441,144,344.14042807500005,242.13727342500013
3442,144,362.4634937250001,277.53828064999993
3443,144,317.3125578500002,293.3631978999998
3444,144,388.3692960500003,301.88360082499986
3445,144,274.5120388250001,258.88204347500005
3446,144,320.2675961750001,307.3157247500001
3447,144,332.82373692499993,299.24805882499993
3448,144,310.2806420500001,333.4199993749998
3449,144,323.42017512500024,285.9721448749999
3450,144,342.3728685750003,288.04688275
3451,144,308.4510472500001,302.57948889999994
3452,144,224.67085425000005,238.68885304999998
3453,144,316.4858010250002,276.3931544000002
3454,144,228.4663807500001,242.51271452499992
3455,144,227.8280399499999,250.76282662499995
3456,144,149.00375679999996,164.53744122499995
3457,145,200.038007425,173.08384349999992
3458,145,152.16757155000002,166.1775532750001
3459,145,155.59987787500006,189.13085675000005
3460,145,158.035124925,154.67452852500006
3461,145,175.191635325,174.51751729999995
3462,145,197.59519375,150.65970249999992
3463,145,228.57011482499985,237.14593677499988
3464,145,248.6238913000006,277.31136924999976
3465,145,254.890726675,291.0719700499999
3466,145,344.56169255,358.1617739249999
3467,145,319.2421705999999,379.54416395
3468,145,244.9464650250001,350.70311904999994
3469,145,317.9595806500001,266.2620312499999
3470,145,322.1458319750003,233.758779925
3471,145,246.23317477500012,288.16239347500016
3472,145,227.40848204999992,343.38108157500005
3473,145,257.70141564999994,296.7730787000001
3474,145,227.4246425500001,279.96348377499993
3475,145,218.2043576750001,231.10789527499986
3476,145,243.41212205000028,247.17492249999998
3477,145,238.7526000000001,258.5811239999998
3478,145,187.306580375,234.4177906000001
3479,145,192.92348189999984,198.45751354999993
3480,145,194.45221517500016,169.8398532249999
3481,146,144.6956805500001,157.97052782499992
3482,146,140.67413227500015,139.60202029999996
3483,146,180.6963235500001,130.24730524999987
3484,146,169.02839110000002,153.580124925
3485,146,166.50439520000012,142.598709875
3486,146,171.21411717499996,185.68807397500004
3487,146,180.77455082500012,181.66918432499995
3488,146,219.43794472500025,190.8283943500001
3489,146,255.85530602500012,236.85195324999995
3490,146,233.0728748500002,307.2311461250001
3491,146,274.3695149,264.90844675
3492,146,282.3357971749999,390.4615919749999
3493,146,296.7302566250001,195.27709952499998
3494,146,269.0902371250003,215.61535697500017
3495,146,238.79040010000028,271.46369917500004
3496,146,244.93746232500024,182.2375767999999
3497,146,234.77987355000036,223.399514625
3498,146,223.53664002500028,280.1112632999998
3499,146,205.61289812500016,239.74765767499997
3500,146,194.9306289500002,197.723012375
3501,146,184.06230025000005,216.10773574999996
3502,146,196.67448094999992,186.37508802499997
3503,146,213.76212195000016,174.76271472500002
3504,146,167.97157610000005,197.7595326249999
3505,147,130.5037582,214.6226930749998
3506,147,143.5057402500001,181.07136425000004
3507,147,168.88635477500014,133.55405004999994
3508,147,190.17870662500025,172.94365030000006
3509,147,135.7015497500002,167.64640815
3510,147,199.12080975000023,161.67822052499997
3511,147,198.68130275000016,208.37483849999995
3512,147,168.9685349250002,188.81636295000004
3513,147,224.19216880000016,219.17333317499975
3514,147,248.28383850000034,201.5671522
3515,147,283.3111767749999,235.635380375
3516,147,262.93601485000005,251.80562122499998
3517,147,198.70660590000017,269.3988205500001
3518,147,249.60034059999998,251.40721600000006
3519,147,285.9426012749999,237.69090942499986
3520,147,201.85728490000008,283.22446062500006
3521,147,219.1172246500002,263.4301835249999
3522,147,219.81553345,223.00687337500017
3523,147,215.11735670000007,213.92798327499995
3524,147,193.27523325000004,171.8964545999998
3525,147,208.06231779999996,213.35125310000006
3526,147,249.49782205000008,203.14576329999994
3527,147,196.81538652500012,160.5346220999999
3528,147,165.14920365000006,177.4881125
3529,148,162.94220052500003,164.70998324999994
3530,148,178.4256241750001,131.79165112500004
3531,148,150.4107756000001,164.59325707499994
3532,148,135.1443729,167.69623055
3533,148,186.80542615000007,133.82340302499998
3534,148,204.6464102249999,186.62543864999992
3535,148,182.7109856500002,201.65617004999996
3536,148,234.17472665000008,160.88440777500003
3537,148,201.1404647250002,241.70233885
3538,148,215.65299472499987,254.2660309499999
3539,148,308.1885637000004,284.46852415
3540,148,327.2220583,244.95331887499998
3541,148,290.6642968750002,293.5157878749999
3542,148,294.85341545000017,275.81788682499996
3543,148,278.36256237500027,331.19327724999994
3544,148,279.43852137500005,286.64121222499983
3545,148,223.8679393,224.90787537499997
3546,148,292.01116197500016,278.3329448499999
3547,148,203.9502080250001,189.06649077499998
3548,148,234.26423454999986,226.2424479249999
3549,148,240.28523552500025,230.15692097500005
3550,148,221.56879807500025,293.4431310750001
3551,148,211.62114115000014,259.2035283749999
3552,148,148.07679062500006,204.62852775000007
3553,149,141.593364575,153.21523774999994
3554,149,147.289809425,184.70536980000003
3555,149,114.7746205250001,200.02571452499993
3556,149,125.73930680000008,125.41284024999999
3557,149,180.88854015000015,190.77056795000004
3558,149,205.98748522499994,193.92869615
3559,149,221.12598517499998,233.80759247499998
3560,149,170.83571872500008,284.126154475
3561,149,211.057487575,210.14820632500005
3562,149,239.36893062500033,296.5484917500001
3563,149,254.78266545000014,331.45636285
3564,149,363.65227705000007,273.27335315000016
3565,149,323.7868731750003,363.82600142499984
3566,149,294.94496660000016,309.3623092249999
3567,149,264.95392307500003,308.78683844999983
3568,149,231.84660180000014,304.4728493000002
3569,149,198.80571837500025,344.1584158
3570,149,243.283564675,340.8266472
3571,149,251.00616965000023,296.4978615
3572,149,297.7476376000001,272.10251287499995
3573,149,240.4542277500002,223.66842379999997
3574,149,246.45572715000026,217.6830072749999
3575,149,245.93510567499996,243.7422755249999
3576,149,197.71467822500017,154.14789359999992
3577,150,182.0513077500002,182.75283240000005
3578,150,144.40475727500004,178.21135789999994
3579,150,183.70389567500007,167.19804222499988
3580,150,193.42543365000006,191.27325905000004
3581,150,201.42115332500038,187.38167487499993
3582,150,202.2549467250002,175.15632197500003
3583,150,253.56532262500025,214.82762574999995
3584,150,276.7475823750002,250.23634160000006
3585,150,255.9611676250002,243.83651587500003
3586,150,308.41382902500027,272.33385724999977
3587,150,316.8388352750004,356.5016450249999
3588,150,366.3654583000001,284.39825047499994
3589,150,323.90259590000005,320.55423535
3590,150,299.36449435,302.7244021499997
3591,150,408.3793552000004,236.24777989999995
3592,150,331.26399162500036,255.396138775
3593,150,288.3534202749999,269.0172737749998
3594,150,281.75318222500005,252.42847262500004
3595,150,392.7642505250003,314.8009245499999
3596,150,237.40573687499997,279.08543425000005
3597,150,342.25595765000025,247.82431632499987
3598,150,272.95931375,237.7531059499999
3599,150,241.72822215000014,203.14343692499992
3600,150,201.23038812500005,190.59919792499997
3601,151,195.445606275,259.05658854999984
3602,151,207.96264802500005,164.19606527500002
3603,151,152.757473075,176.40146885000001
3604,151,163.08888682500003,213.29017787499993
3605,151,161.40242360000002,170.49911362499998
3606,151,216.14881407500008,229.9998009749999
3607,151,235.42544230000013,254.23994517499995
3608,151,226.94273142500003,287.0002424249999
3609,151,288.69726067500005,339.84296314999966
3610,151,376.40752567500044,395.54991075000004
3611,151,265.34349555000017,338.6320675
3612,151,363.9589361250004,337.07322535
3613,151,305.08622260000004,336.70160647499995
3614,151,372.08229745000006,310.22512915000004
3615,151,417.22751372500034,289.2649517749999
3616,151,359.68024752500014,329.78829047500005
3617,151,395.8540725000007,346.43039544999993
3618,151,346.8887722500002,320.3175779500001
3619,151,389.40510800000027,429.3934845750001
3620,151,271.652763425,417.483994725
3621,151,325.53602322500024,325.4434947500001
3622,151,308.62639364999995,259.9055528749997
3623,151,283.2296594500001,337.8247847250001
3624,151,255.9910758750001,218.465409775
3625,152,227.24112002500004,199.76845642499995
3626,152,200.1690527750003,234.4883195
3627,152,160.55540595000008,213.2831531999999
3628,152,164.58433772499995,171.6318350500001
3629,152,158.76170689999998,163.59503044999994
3630,152,197.27848387500012,281.21606524999993
3631,152,204.90721890000003,216.70074977500008
3632,152,244.1562151250001,215.66651087500009
3633,152,225.68137457500012,293.15685295000003
3634,152,336.36369272500053,313.2466198999999
3635,152,418.9254648250002,326.80024227499996
3636,152,398.21908805000066,293.1009044
3637,152,378.17435747500076,366.9297093749999
3638,152,303.10054857500006,340.53968900000007
3639,152,390.4709836250001,398.12507022499994
3640,152,373.28397725000025,365.34654215000006
3641,152,435.5542142000003,377.0237886499999
3642,152,400.7830343000003,336.48822417500014
3643,152,407.0421613500002,399.76885555000007
3644,152,368.9160578750001,326.4869713250001
3645,152,293.5777134750002,342.06232602500006
3646,152,271.15933702499996,255.02326957500006
3647,152,237.8726134250001,253.836230225
3648,152,258.967187725,210.06957514999982
3649,153,191.7325011,200.29399875000004
3650,153,217.18850092500008,219.8961905499998
3651,153,183.2728890000001,203.21337962499996
3652,153,178.36635755000017,158.102536725
3653,153,199.4764997750001,137.4762651499999
3654,153,234.77755937500012,175.0849162749999
3655,153,196.0123773,245.59246310000006
3656,153,278.48986197500005,179.86624119999993
3657,153,250.097492925,364.68278884999995
3658,153,341.9497370250004,353.60475012499995
3659,153,339.5859884,309.0620745000001
3660,153,292.8488061500003,345.6892116999999
3661,153,296.2050855749999,324.26055020000007
3662,153,311.87414580000006,255.7760412749999
3663,153,360.75825487500026,393.8086184749999
3664,153,375.9941523750001,329.05843717499994
3665,153,334.1533383500001,290.1195555
3666,153,314.11322712499987,220.51322944999998
3667,153,361.7213302250001,285.28832367499984
3668,153,292.249601525,281.86442962500007
3669,153,319.35495770000034,261.65223617499987
3670,153,253.68145182500012,229.01252600000004
3671,153,247.05924612500013,188.732382925
3672,153,225.30139125000017,218.99201187500003
3673,154,252.83826125000004,199.28377500000002
3674,154,215.64238790000007,216.56055417499994
3675,154,193.33337080000035,216.93793379999994
3676,154,177.09759019999996,203.33241187499996
3677,154,201.2791111500002,172.58753762499987
3678,154,187.23846230000004,204.1465332749999
3679,154,219.27524257499988,220.87688574999993
3680,154,203.6949964749999,199.08332587499996
3681,154,198.7864742999999,289.6918600999999
3682,154,238.3640468000001,264.9430231749999
3683,154,265.41494820000014,250.94598622500007
3684,154,359.9471128500001,296.86973477500004
3685,154,263.61642950000027,272.0786518749999
3686,154,241.33541855000013,291.97600994999993
3687,154,268.03765990000034,264.51191225000014
3688,154,313.81762374999994,238.83469989999975
3689,154,258.0529907500003,257.68211117499993
3690,154,259.56731635000006,278.02877302499996
3691,154,272.4269859000001,301.49342317499963
3692,154,275.0085456,264.83955565
3693,154,330.3495898000001,244.40235287500002
3694,154,249.72441957500004,252.59648672499998
3695,154,217.07174247500015,215.5700045499999
3696,154,190.9611621,216.2373273
3697,155,198.20840152500006,195.44983849999986
3698,155,146.35417512500015,135.52348834999998
3699,155,148.27147157500002,157.27020072499994
3700,155,220.21632867500006,163.3803496
3701,155,196.40090634999996,207.270060375
3702,155,244.9407530750002,173.93135875
3703,155,243.447233775,215.9066045250001
3704,155,306.7648559250001,296.7918078250001
3705,155,270.93131190000014,352.34247897499995
3706,155,311.88042300000046,254.36450807500003
3707,155,344.47137187500005,284.411281825
3708,155,358.72567192500026,333.8127744
3709,155,325.33727145,391.19307489999994
3710,155,367.05018362500005,371.88487680000003
3711,155,343.11924720000025,289.5984918500001
3712,155,373.0897793249999,359.61227742499983
3713,155,357.4683843749999,323.245146125
3714,155,297.4752973000003,222.72186494999988
3715,155,247.50781400000034,236.4149476499997
3716,155,252.0926224,241.62056934999987
3717,155,273.27247877500014,255.59233750000016
3718,155,244.07577530000003,229.44071142499985
3719,155,238.6614386750001,183.08789260000003
3720,155,192.2355718500002,198.82640007499995
3721,156,175.67155612500005,176.42025994999992
3722,156,142.7495426500001,152.70636287499997
3723,156,148.90061652499995,146.32302015
3724,156,207.384662725,160.26606474999994
3725,156,201.51506807499996,195.38983037499995
3726,156,151.575087425,208.37379557500003
3727,156,228.05821292500013,292.4879417
3728,156,287.15224230000035,238.95349504999996
3729,156,303.45859584999994,284.949698775
3730,156,277.7777887000001,259.26740197499987
3731,156,315.366921775,291.61939567499996
3732,156,288.50203162500003,299.65644482499977
3733,156,291.52084935000005,367.1078282999999
3734,156,351.0274218250002,296.064353975
3735,156,230.60664322500003,275.3964253250001
3736,156,352.5899532750003,266.1113588249999
3737,156,266.866409525,344.68558500000006
3738,156,324.0130770500002,326.7224624999999
3739,156,242.14027975000005,277.5403511749999
3740,156,225.32465900000022,286.070606475
3741,156,235.04354767500035,264.2077484749999
3742,156,233.92157887500002,239.95069167499986
3743,156,170.45452932500035,210.9185103999999
3744,156,208.6082651750001,225.3139276749999
3745,157,174.18187760000012,194.11660080000001
3746,157,197.95649132500003,156.20707592500003
3747,157,170.4803143250001,185.40138267500006
3748,157,208.7697121000004,189.59596512499996
3749,157,196.15388267499986,186.242090625
3750,157,202.52477424999995,199.86063257499995
3751,157,233.69847897500017,268.36922764999986
3752,157,285.75672944999997,263.66924037500013
3753,157,239.60804065000016,379.79174755
3754,157,243.38907759999998,361.6268105749998
3755,157,295.15304752500015,391.8113898249998
3756,157,233.5021474250002,350.96077854999976
3757,157,322.77124637500015,352.1225272999998
3758,157,293.67583952499996,285.4590566500001
3759,157,305.92259757500005,270.70348814999994
3760,157,341.65201620000045,276.48846534999996
3761,157,288.20850385000017,282.57318102500005
3762,157,310.33022742500026,300.0931813499999
3763,157,262.04960822500016,245.16519872499993
3764,157,224.29917460000007,218.59630670000013
3765,157,300.56773460000056,256.3134672
3766,157,250.1558795750003,241.783950725
3767,157,273.2837587,241.62285912500008
3768,157,189.82312512500022,209.08343647500004
3769,158,176.3962213000002,173.23790137499992
3770,158,174.46076067500002,154.327037125
3771,158,185.02400080000004,177.04612272499992
3772,158,176.443607025,213.62805892499992
3773,158,225.47935730000023,212.96289587500002
3774,158,181.23011810000014,212.5994343499999
3775,158,213.94619912500013,208.68906732499994
3776,158,262.3886206750003,270.52208732500003
3777,158,304.0241329000002,241.06539407499997
3778,158,246.34636792500015,345.5978845250001
3779,158,295.76891722500005,306.23617102500015
3780,158,328.60906067500014,318.71707589999994
3781,158,297.85992312500014,324.71526134999993
3782,158,307.4488742000001,327.28424642500005
3783,158,346.66092150000026,310.5126911
3784,158,231.40848657499998,287.95908459999987
3785,158,306.9240674000001,274.6062505999999
3786,158,363.21485135000023,324.7952208249999
3787,158,283.17771805000007,303.00701757499985
3788,158,317.9743318000003,184.43943182499996
3789,158,271.71184297499997,295.26034654999984
3790,158,227.41681335000024,259.07795530000004
3791,158,240.60012830000022,303.4609161249998
3792,158,242.130690525,219.20020229999994
3793,159,233.22046337499995,190.7709664999999
3794,159,187.35378194999998,187.98085640000005
3795,159,174.3565464250001,157.40460637499996
3796,159,201.06452555000016,171.03225907500007
3797,159,187.58961602499994,223.64031377499998
3798,159,233.1803850500002,161.27585289999996
3799,159,191.80660777499997,224.5812002250001
3800,159,268.1792410500001,244.20449997499992
3801,159,300.012465475,207.27749957500006
3802,159,291.2521147749999,352.4753063249999
3803,159,331.2109298500002,387.9471180249998
3804,159,277.41075152500036,317.7817080250001
3805,159,255.99642442499987,327.0048287499999
3806,159,274.05196414999995,343.15488567499995
3807,159,317.74386470000024,316.633084275
3808,159,364.1726933000001,224.53501737500005
3809,159,396.1861146500006,285.246668075
3810,159,253.31550597499987,246.78038897499988
3811,159,266.4380051,324.886971775
3812,159,260.1294855750001,309.6517902749999
3813,159,211.4431626750001,259.9234295999999
3814,159,249.30734002500034,212.4365133000001
3815,159,221.2380051749999,273.2000653749999
3816,159,208.7750471500001,214.01077474999977
3817,160,217.8794118250001,173.03556267499994
3818,160,246.84579630000007,174.1155988
3819,160,133.84132892500006,197.9285496749999
3820,160,175.62780130000004,191.25705342499987
3821,160,178.70864317500013,175.49251954999994
3822,160,201.213411475,200.21701779999995
3823,160,238.82842270000015,211.04136547499994
3824,160,248.6456534500003,197.45565222499988
3825,160,243.93566517500042,210.89111702499986
3826,160,315.2394727249999,362.6101562250001
3827,160,309.34638750000056,385.1570517999999
3828,160,294.4925028500003,295.8016186499999
3829,160,274.97703602499996,322.4542155249999
3830,160,219.05355277500018,263.08098605
3831,160,290.7620682250001,357.9515010249997
3832,160,257.2263332499999,279.4400693749999
3833,160,224.5407462500002,278.37494049999975
3834,160,231.14722195000004,271.9380768999998
3835,160,306.0925457250002,238.87346902499996
3836,160,257.23294945000015,257.10039115000006
3837,160,238.34252472500032,225.15722067499988
3838,160,227.94645827500005,204.5394108250002
3839,160,199.44591224999994,239.4262631000001
3840,160,190.91588080000017,200.55250575
3841,161,223.33166837500016,182.774304325
3842,161,228.3387967000001,205.98519279999996
3843,161,180.72283312500008,227.62605912499993
3844,161,204.13627272500008,159.70722192499994
3845,161,207.32287447499996,175.69680717499992
3846,161,199.49689782500008,184.06306209999997
3847,161,183.18074250000006,198.99068447499997
3848,161,190.62361794999993,151.20120557499996
3849,161,297.1228824000002,221.58505017500005
3850,161,272.36982307499994,230.75617982500006
3851,161,304.3408720499999,283.13075377499996
3852,161,277.48515030000044,276.94467079999987
3853,161,298.63500152500023,269.0900309999999
3854,161,288.64880192499993,264.03465485000015
3855,161,279.7646773750006,204.36554662500004
3856,161,243.93343570000008,235.854538125
3857,161,267.5846210749999,300.3477567499998
3858,161,229.37960625000002,287.12825805000006
3859,161,325.6427711250001,269.1418758
3860,161,289.34558677500013,216.52584195
3861,161,213.39206837499987,290.24957537500006
3862,161,251.66452595,332.3181368999998
3863,161,218.77141615000005,282.2717691749999
3864,161,206.37895865000013,158.05247692500006
3865,162,156.9490918250001,156.11331335
3866,162,163.12417795000002,168.66286129999997
3867,162,221.99509520000018,161.69670212499994
3868,162,201.88062715000007,174.102751625
3869,162,191.62375997499993,182.5959685499999
3870,162,197.1289059000003,234.84449674999988
3871,162,237.96400277500004,248.36475674999988
3872,162,278.14123322500006,302.82483827499976
3873,162,289.7081132000002,302.3012807249999
3874,162,287.7668054999999,274.41930049999974
3875,162,383.26044635000017,271.9190942000001
3876,162,314.502619,321.3610379000001
3877,162,419.0890072750002,474.44585509999945
3878,162,314.867176075,252.136591575
3879,162,402.11016795000046,295.66729547500006
3880,162,290.6696527749999,268.47193895000015
3881,162,348.39032437500055,432.14918717499995
3882,162,342.4905836000002,341.05130455000017
3883,162,322.946511875,315.66735925
3884,162,308.62891805000004,347.52010767499985
3885,162,427.5072545250001,281.8644426999998
3886,162,269.71772452500016,334.637064925
3887,162,211.33379705000004,294.83935289999977
3888,162,264.0559892500001,266.03141494999994
3889,163,219.66702955000017,176.20859132500007
3890,163,295.1436624500003,206.61733437499998
3891,163,194.01033620000015,231.95198705
3892,163,199.1657747,172.83737517500003
3893,163,213.29453800000007,146.83922290000004
3894,163,245.4292440750002,273.237929375
3895,163,210.55034267500017,261.51184094999985
3896,163,256.29513520000006,336.45231817499973
3897,163,312.4402026000006,289.1802620750001
3898,163,304.7854001000002,315.76950787500004
3899,163,299.705214125,296.307773725
3900,163,358.2583527250004,352.5144422999999
3901,163,293.9484904500001,362.39571080000013
3902,163,304.17721885000014,323.658698525
3903,163,332.8172571250002,407.187859725
3904,163,440.53398360000017,300.625518875
3905,163,346.08735990000014,334.642215825
3906,163,340.8472389250002,409.1448336499999
3907,163,456.7776471750004,320.741360525
3908,163,284.29544330000033,291.43669312500003
3909,163,320.943786825,311.053924275
3910,163,321.63090812500013,233.87847994999998
3911,163,240.5867802000002,224.68194734999997
3912,163,256.8869934750003,245.73176554999986
3913,164,217.08239470000012,202.56389719999993
3914,164,235.86935150000008,185.28440034999994
3915,164,254.49015630000002,188.19086519999996
3916,164,192.27832184999988,173.45762549999992
3917,164,205.29120962500008,216.48588534999993
3918,164,248.30582505000018,201.76532704999983
3919,164,271.3711225750001,237.96269429999995
3920,164,260.5553470000001,252.62915942499995
3921,164,299.00333790000013,240.76244012499996
3922,164,308.2404457250001,384.0112799499999
3923,164,351.58596067500025,378.3317288
3924,164,279.2902105000001,316.31515135000006
3925,164,343.84793959999996,355.5093765249999
3926,164,286.4448581750001,395.15904207499995
3927,164,284.2288589500001,375.32380017500003
3928,164,294.22587007500005,383.291424525
3929,164,372.8088323250003,359.58562527499987
3930,164,357.30624105,308.5322665000001
3931,164,451.09008157500006,345.4436808500002
3932,164,368.1117543250002,300.5326995249999
3933,164,292.4199443750001,332.5259942749999
3934,164,232.62222200000008,227.25510682499993
3935,164,234.0133627750002,269.761907075
3936,164,210.2742529750001,222.28085370000008
3937,165,210.47967710000012,216.12540174999998
3938,165,169.24280815000003,198.2649521749999
3939,165,175.7301720000001,201.03499457499987
3940,165,151.7152263499999,152.10078382499998
3941,165,222.00915385000005,196.53073349999997
3942,165,209.21621727500002,203.3217017749999
3943,165,240.31999017500007,202.95653269999977
3944,165,237.13114697500004,315.2133521249998
3945,165,293.97142985000016,320.77658685000006
3946,165,257.115832275,320.3259109500002
3947,165,358.2234275250002,334.2264064249998
3948,165,355.60627930000044,286.1176570250001
3949,165,385.9687249750003,325.932613575
3950,165,382.17302777500015,322.686271725
3951,165,340.0448390000001,323.52194777499983
3952,165,293.57502832500006,343.46946497499994
3953,165,303.1112361500001,309.548927425
3954,165,327.0246478750005,239.2412876749999
3955,165,250.55703045,308.3109412000001
3956,165,323.8307063750002,233.47930327500004
3957,165,230.8072333250002,229.54478287499995
3958,165,293.0995198999999,288.29566339999985
3959,165,186.8043850250001,237.27571667499996
3960,165,183.1744740750005,184.56722180000003
3961,166,228.43527495000006,209.96443509999995
3962,166,185.32706322500013,183.32562377499994
3963,166,144.55791117500013,178.31890759999993
3964,166,194.2446637499999,171.62363155000003
3965,166,172.2088827500001,158.54003652499983
3966,166,241.87981012500006,219.07341654999996
3967,166,220.63319649999994,220.9446878249999
3968,166,238.28362190000024,209.84530647499997
3969,166,312.1372829500002,235.70082097499994
3970,166,326.9918563000001,299.59965487499994
3971,166,392.4974114000001,343.51285559999974
3972,166,299.54130510000016,313.777028125
3973,166,298.5678686250001,301.5382432
3974,166,296.8518657499999,385.5644468249999
3975,166,305.1369374750001,324.52568992500005
3976,166,302.2086915249999,296.66292599999986
3977,166,277.5495734000002,344.3422257
3978,166,256.81590500000004,262.24746665
3979,166,254.17309952500014,276.05441944999995
3980,166,327.32023495,302.30308185
3981,166,209.0890044000001,257.2334945749999
3982,166,219.99126832499994,249.60251950000008
3983,166,232.80214389999992,217.21917032500005
3984,166,252.4433346750002,250.6048715999999
3985,167,217.51078742499993,188.39012865
3986,167,230.31799922500005,143.71144125000004
3987,167,211.95733317499997,169.95782475
3988,167,185.08207907499988,197.98717367499984
3989,167,201.09052695000014,183.40931117499997
3990,167,226.41582525000024,183.63896247499997
3991,167,213.08432925000008,220.1176208
3992,167,237.10471672500006,231.82105670000004
3993,167,304.6038604250003,307.55055352500005
3994,167,335.0177946250001,266.06393582499993
3995,167,273.6925975499999,347.1973165750002
3996,167,271.27929537500006,350.7736081749998
3997,167,339.25039037500034,306.6003787000001
3998,167,299.3654354500002,301.14483875
3999,167,303.0741455500002,428.48320067500003
4000,167,298.4240962250001,340.56360997499996
4001,167,333.7478080500001,319.093707725
4002,167,340.00795537500005,372.49357880000014
4003,167,331.9140845750003,345.57207437499983
4004,167,317.41123717500034,286.6634426249999
4005,167,302.3825133,252.94388547499995
4006,167,275.899884725,269.7780442249999
4007,167,225.56979435,268.0261056249999
4008,167,201.33185147499998,242.35573272500005
4009,168,243.0859044999999,192.4961601999999
4010,168,212.25289635000013,180.94099444999992
4011,168,188.68993134999997,152.20378227500004
4012,168,217.819661725,183.398268675
4013,168,177.0210904750001,211.68741455000003
4014,168,228.23241190000013,224.758483825
4015,168,190.73694685000004,176.75716267500002
4016,168,252.28294992499988,217.3426686749998
4017,168,255.72619660000026,270.93723994999993
4018,168,259.0328407250002,393.90385204999995
4019,168,260.53741620000017,325.56721849999985
4020,168,241.59780337499984,348.58156962499993
4021,168,347.819812875,341.0652627249998
4022,168,324.54419695000024,321.429441825
4023,168,289.8778960500003,351.26618647500004
4024,168,368.0228489500002,382.57239972499985
4025,168,309.4824063249999,287.02640552499986
4026,168,361.20830340000055,305.0643397
4027,168,233.06171665000016,224.32431572500008
4028,168,251.29980047500018,314.40522927499967
4029,168,288.5068812750002,319.7471226499998
4030,168,242.1249705000001,201.22498144999997
4031,168,195.32923250000005,183.90578787499996
4032,168,196.7740318750001,205.82964449999997
4033,169,201.62277512500026,190.52864522499988
4034,169,155.62631990000017,185.67418399999994
4035,169,183.2159807000002,191.88726735
4036,169,188.32436464999995,211.50282377500002
4037,169,180.168149675,176.49823065000007
4038,169,308.76134202500054,224.8775800749999
4039,169,256.53356452500014,254.10766999999998
4040,169,282.74563739999996,276.23375864999997
4041,169,352.9914458000002,327.9409670000001
4042,169,348.93196977499997,362.98071152499995
4043,169,316.31553437500014,369.03253215000007
4044,169,311.7979708500001,311.99151747499985
4045,169,366.8288432999999,335.189463425
4046,169,461.45871205000014,296.78189567499993
4047,169,426.6837851500003,320.30997345000003
4048,169,419.4368483750004,301.58142862499983
4049,169,458.1874939750006,351.45544142500006
4050,169,364.74609552500016,317.03277312499995
4051,169,298.29893117500006,337.6745399249999
4052,169,314.9133093500001,289.40940670000003
4053,169,262.02922264999995,308.851684625
4054,169,286.528825875,318.0633551499997
4055,169,223.62622452500005,232.308874775
4056,169,203.69053265000016,226.52819110000002
4057,170,187.35264035000034,190.31996560000002
4058,170,203.93854510000017,192.95178162500002
4059,170,174.13375650000012,174.32334967499997
4060,170,174.54284302500014,199.97376037499993
4061,170,199.5788590750002,166.87816669999987
4062,170,215.7752344250003,204.59542599999983
4063,170,225.56716387500006,248.225192
4064,170,257.76508695000007,289.2476300750001
4065,170,241.06808992500015,306.107845
4066,170,336.9074584250002,333.2143347499999
4067,170,348.56328295000014,301.47896904999993
4068,170,317.2491359500001,289.58261915
4069,170,352.1695733500002,438.55873249999973
4070,170,277.026464375,469.75634609999986
4071,170,293.9660605250003,484.73462864999965
4072,170,294.5004113499999,321.66996719999986
4073,170,330.692744475,295.9994098499999
4074,170,352.75474569999994,310.0168875249998
4075,170,335.27258982500007,332.3335192999999
4076,170,271.0155885000001,284.307814725
4077,170,308.82881350000025,338.62154745000015
4078,170,252.4760364250002,288.92031225000005
4079,170,250.70795624999994,257.07238709999984
4080,170,207.1987895750003,244.5035692500001
4081,171,200.68692020000003,203.1960223249999
4082,171,203.3150743500002,205.75770052500002
4083,171,192.28564889999984,183.99847677499992
4084,171,182.32388447500017,201.519040625
4085,171,191.73782957500023,205.96004192500004
4086,171,220.98724355000007,153.22450390000017
4087,171,217.78604180000013,207.02255597499993
4088,171,227.70773365000008,324.802047325
4089,171,256.11969765000003,342.64696589999994
4090,171,322.11142920000066,305.165887525
4091,171,259.36207975000025,382.3048616749998
4092,171,289.5903794499999,343.00725924999995
4093,171,290.30045790000025,354.33772122500005
4094,171,381.14509905000034,305.98728792500015
4095,171,311.7827072000001,316.3371097249998
4096,171,376.5658093750001,383.3510287749999
4097,171,315.9540344000002,337.59191524999994
4098,171,356.58613397500017,353.5395728
4099,171,300.59539770000004,405.049980475
4100,171,317.27557297500044,355.88387277499976
4101,171,284.2455603250003,319.72606704999976
4102,171,292.31517902500025,305.355374375
4103,171,229.25301547500015,205.55050460000015
4104,171,219.32771862500027,234.38481529999987
4105,172,207.43149417499987,224.80687670000006
4106,172,188.06796570000006,212.22785817499994
4107,172,193.57587675000016,204.43577135000004
4108,172,174.34280305000007,153.086948675
4109,172,203.74630647500027,194.91689625000006
4110,172,214.99650922500027,180.43272757500006
4111,172,212.91046434999996,291.7091551749999
4112,172,309.94661257500024,306.3840096250001
4113,172,242.03638320000005,321.1927375499997
4114,172,343.64921320000013,265.476195825
4115,172,458.57808942500037,370.57217637499986
4116,172,319.65805935000026,434.46131782500015
4117,172,245.814178375,344.95647682500015
4118,172,321.2710584250001,258.2104388500001
4119,172,419.856878725,258.8225015999998
4120,172,337.5842749250003,357.642813725
4121,172,262.01842995000004,375.7230214749998
4122,172,283.92636192500015,395.09218097499996
4123,172,248.6157477000001,299.0167952999998
4124,172,295.42970664999996,309.65227167499995
4125,172,285.3395160750001,385.9367571
4126,172,231.53611165000012,302.1593540499998
4127,172,178.6047452250001,230.80291920000005
4128,172,292.77893502500024,238.13641254999996
4129,173,165.93444592499998,198.39396217500007
4130,173,162.76666060000002,185.24638592499983
4131,173,187.46372575000018,172.6868153499999
4132,173,186.434856325,208.00810777499998
4133,173,186.10838035000006,147.217670875
4134,173,202.05020907499997,143.57697642499988
4135,173,238.82838049999998,202.32923239999985
4136,173,218.46675267500004,191.84905725000004
4137,173,280.3175871250002,324.75967649999996
4138,173,298.16119112499996,358.1375839249996
4139,173,391.2214318,312.4220275250001
4140,173,317.26106537500016,342.9426346749997
4141,173,259.2295907500003,334.6265556499999
4142,173,329.38370257500014,343.4572944250002
4143,173,303.0567306250003,360.41220842500013
4144,173,319.1326371249999,305.35593167499997
4145,173,384.231974325,322.38974129999974
4146,173,288.4646001250003,278.4568755999999
4147,173,275.0211734750001,348.0459395999999
4148,173,288.45145987499995,285.60683395
4149,173,306.2464239499999,256.19526024999993
4150,173,252.350534325,299.50008629999985
4151,173,215.13935032499995,201.07434149999995
4152,173,198.14743702500022,235.07457652499994
4153,174,165.91826970000002,182.17874762499997
4154,174,179.19134602500012,199.92757619999998
4155,174,149.79224312500003,196.4147805
4156,174,207.79844847500004,202.6816277499999
4157,174,190.9001061000001,218.8266497749999
4158,174,186.1362054000001,201.14546172500002
4159,174,223.58481312500015,187.807039125
4160,174,197.48310142500006,222.29159992499996
4161,174,241.6702263500003,220.860052375
4162,174,267.7343973000002,244.6225301749999
4163,174,300.98532009999985,378.15366722499977
4164,174,334.00640665000014,304.73556232500016
4165,174,340.3984831250001,247.74311672500002
4166,174,311.41246790000014,301.8568400749997
4167,174,327.89968632500063,339.40044480000006
4168,174,300.36706549999997,239.66387797499993
4169,174,296.908791025,291.10303684999985
4170,174,267.2700295750002,203.83235249999984
4171,174,274.96155672500004,266.93502805000014
4172,174,246.78895552500012,319.24290807500006
4173,174,280.1521342250003,300.2580757749999
4174,174,279.90588274999993,272.1798064499998
4175,174,211.27602464999995,203.1777763500002
4176,174,153.88706529999996,209.27024629999994
4177,175,166.7118634250001,233.05862072499997
4178,175,154.50671047500003,204.11620392499998
4179,175,172.06452000000002,176.514169975
4180,175,234.95690675000003,146.05249869999994
4181,175,205.92670000000007,159.14068674999993
4182,175,174.17797995,180.13928119999989
4183,175,206.9810111750001,266.66474609999995
4184,175,175.2651532499999,253.32477359999996
4185,175,225.25133642500012,237.0119259750001
4186,175,269.5370767500001,306.6516194250001
4187,175,294.9915136250002,333.74344069999995
4188,175,357.348467975,257.4312317749999
4189,175,228.81428952500008,331.0783808
4190,175,307.9429997,248.90264149999996
4191,175,276.4933433499999,236.91376959999997
4192,175,259.7385400000005,261.039418275
4193,175,275.0114397000003,355.29962917499984
4194,175,339.3830563500001,328.94733804999987
4195,175,248.57433702500003,291.17204125
4196,175,208.827265575,225.3758019500001
4197,175,304.5633950250001,243.27811742500006
4198,175,241.04595352500024,237.069809325
4199,175,200.9101738000001,233.93108187500002
4200,175,207.38440952500005,193.96225625000005
4201,176,158.43159342500007,164.41689474999998
4202,176,152.84667997500014,150.84375157499994
4203,176,184.10481280000022,198.99455002499997
4204,176,178.75323800000004,158.25652097500003
4205,176,158.67232765,171.525724975
4206,176,184.87886860000003,184.53806329999992
4207,176,237.4531194250001,253.0088503500001
4208,176,203.36550600000015,247.3630353250001
4209,176,261.1279078250002,327.23978427500003
4210,176,363.5015332000004,344.91908442500005
4211,176,226.63792199999997,310.5103731
4212,176,303.8897400250004,283.90323027500006
4213,176,288.04557645,317.5175030999999
4214,176,363.02969542499994,372.82801267499997
4215,176,348.05721132500014,297.9234403000001
4216,176,278.68041775,313.32449907499984
4217,176,304.8531598750002,350.59198067500006
4218,176,337.23485287500034,326.85546854999996
4219,176,335.14128729999993,333.9253858499998
4220,176,307.385767675,388.62936172499985
4221,176,267.21903527499984,244.63161577499991
4222,176,292.5819293000002,278.6243921250001
4223,176,226.69206600000012,232.15352844999987
4224,176,206.91361627500035,178.459492375
4225,177,197.88832630000013,194.27082174999998
4226,177,137.19414545000012,164.11727479999996
4227,177,129.8962820750001,185.97797539999988
4228,177,169.03644202499993,193.5698294749999
4229,177,195.56508200000013,164.08985702499987
4230,177,176.09881300000004,195.57699447499996
4231,177,192.96284147500006,234.62834377500013
4232,177,231.34235257500006,274.612720975
4233,177,299.4549472000001,245.27633077499996
4234,177,234.44330107500008,259.60579607499994
4235,177,343.1556065000002,317.97606285000006
4236,177,422.94925960000035,244.31503265000003
4237,177,255.01283952500017,366.5322599
4238,177,316.0617767,303.2070001500001
4239,177,321.817101725,323.59575884999987
4240,177,378.4661581250002,334.41996957499975
4241,177,332.8849425250002,270.517203475
4242,177,316.8904228,296.79365100000007
4243,177,324.5333283000001,278.8070281249999
4244,177,286.72623010000007,328.77362412499997
4245,177,270.856830725,298.81600030000016
4246,177,257.7279745000001,279.22328242500004
4247,177,266.2644153250002,277.1683998749998
4248,177,297.4516720250003,212.6650670499999
4249,178,233.26383332500023,248.51935372499992
4250,178,242.10078337500005,178.73084984999997
4251,178,184.82291240000006,161.96976507499994
4252,178,180.97494605000003,179.98345787499994
4253,178,158.1703630000001,208.2321382749999
4254,178,233.61009482500003,235.7657353499999
4255,178,230.90838129999992,204.9005522749999
4256,178,274.2188134250001,205.6618577500001
4257,178,316.857904825,285.879049175
4258,178,377.24173540000044,275.21591887499994
4259,178,396.46754045,360.360943975
4260,178,343.54214877500016,341.3819635
4261,178,390.3626664750003,344.1827445750001
4262,178,414.83776652500046,390.37644829999994
4263,178,346.872374875,338.53338692499995
4264,178,322.992020625,376.39416544999983
4265,178,335.44757734999996,383.727933225
4266,178,355.1292078250001,384.4475386250001
4267,178,331.6097728500001,325.6698714749998
4268,178,303.227834025,355.24516834999974
4269,178,273.753838275,314.4330011999999
4270,178,210.26295789999995,291.55123377500007
4271,178,211.035766775,238.84938694999988
4272,178,215.71580142500017,225.42970382499993
4273,179,201.29494550000018,206.14245182500002
4274,179,173.15947127500007,208.39539082499988
4275,179,168.05273187500012,208.52723665
4276,179,229.3558086750001,180.14452117499997
4277,179,131.456522,194.84660965000006
4278,179,176.03155320000002,236.5266640249999
4279,179,229.37860960000023,196.60606962499998
4280,179,319.10302667500025,206.24737054999986
4281,179,284.7173197500002,238.46062882500007
4282,179,320.8496942250001,332.7822094999999
4283,179,376.8454847250001,473.2408829499999
4284,179,372.07542220000005,415.07108600000004
4285,179,358.7367145250001,367.16853969999994
4286,179,348.8962345,313.98437975000013
4287,179,335.3064228000002,381.4749631750001
4288,179,401.90391050000045,329.829297325
4289,179,328.2018058500005,333.68615879999993
4290,179,412.19374290000013,388.4059992499999
4291,179,326.4946756000001,336.2232711249999
4292,179,307.48996407500016,388.0253295499999
4293,179,259.54880579999997,253.50490599999978
4294,179,232.54541365000009,284.8256922249999
4295,179,209.4661453500001,275.4317941749998
4296,179,208.68828107500005,201.68637612499998
4297,180,170.43208207500004,247.83889514999996
4298,180,168.71033489999996,188.31803797499998
4299,180,192.06197205,147.97372579999993
4300,180,154.38245435,167.60595862500008
4301,180,212.08031864999992,226.68793029999998
4302,180,170.55688885000015,183.0676751750001
4303,180,224.02694230000003,288.38503122499986
4304,180,205.19632589999998,253.32755624999987
4305,180,317.75041627500025,302.92610349999984
4306,180,356.22380947500005,369.97381939999957
4307,180,356.1458505750004,337.8249927249999
4308,180,362.83808200000004,382.40212024999994
4309,180,351.62641855000004,409.72166614999975
4310,180,404.5255376000001,322.8591058499999
4311,180,318.976886025,315.20010842499994
4312,180,306.03152157500017,372.02821035
4313,180,305.0679875500001,468.8934967499998
4314,180,385.3322213500003,300.63438277499984
4315,180,243.95461067499986,267.965201925
4316,180,298.46198302500005,346.41437237499997
4317,180,248.58995417500017,322.4679540249999
4318,180,246.78157705000018,259.6493228749998
4319,180,214.65810315000013,230.49189644999996
4320,180,236.07409532500023,267.20799132499997
4321,181,208.24034074999997,229.06594177499994
4322,181,161.95908567499998,211.8191028999999
4323,181,215.53788312500035,232.82201375
4324,181,179.84384465000005,217.31645592499996
4325,181,179.0890575750002,169.80865522499988
4326,181,231.83758980000016,169.8903966749999
4327,181,245.25129867500004,181.60571279999994
4328,181,277.32593005000024,253.68401699999998
4329,181,341.79907122500015,208.98887340000005
4330,181,297.86983515000026,283.23578592499996
4331,181,378.82209825000024,259.76149059999995
4332,181,292.4784142750001,268.50820904999995
4333,181,320.1486653500001,349.1571832499999
4334,181,318.37998767500005,309.9288181500002
4335,181,394.36921087500014,308.3105598750001
4336,181,317.259140925,330.28296479999983
4337,181,351.6314882000001,289.068946625
4338,181,343.1952537750002,285.16053267499996
4339,181,282.5697462500002,339.59588684999994
4340,181,322.8772735000001,285.5447415499999
4341,181,303.8831372750002,269.59446407499985
4342,181,238.33247419999998,256.7319049749999
4343,181,272.7052292000001,276.9022952249999
4344,181,254.3417711500001,220.02655414999987
4345,182,203.31929655000016,262.18427049999997
4346,182,178.31803507500007,196.52113894999997
4347,182,207.44260390000028,187.8402597749999
4348,182,186.55597115000018,154.85448915
4349,182,179.22222035,163.95170180000002
4350,182,169.55874822500002,186.69434317499997
4351,182,192.15348395000004,209.92755949999994
4352,182,193.59737170000005,226.54726839999978
4353,182,293.70324372500033,207.48786105000002
4354,182,199.6771104249998,350.5206162500001
4355,182,331.24649002500024,281.9176933499998
4356,182,298.94957975000017,345.04190222499983
4357,182,278.19465742499995,246.83093412500003
4358,182,295.9412049250002,285.88290507500005
4359,182,276.6674144250001,308.92397604999996
4360,182,281.9554548749999,376.202018975
4361,182,303.5055422000001,262.47571729999987
4362,182,292.8173560250001,318.841812575
4363,182,306.81743905000025,336.71309574999987
4364,182,320.66242149999994,246.67100272499988
4365,182,255.9960839000001,274.79337927499995
4366,182,213.8014169000001,237.99167994999993
4367,182,254.72565870000005,266.101763325
4368,182,237.605141375,234.50562025000002
4369,183,185.93512495000004,158.24905322499998
4370,183,158.0771423500001,177.068732425
4371,183,171.28843559999996,166.70253642499995
4372,183,228.29805982500008,218.38640119999997
4373,183,193.47676545000013,216.7927368999998
4374,183,219.06317115000024,205.22418687499982
4375,183,242.45003462499994,238.55993414999992
4376,183,296.23255337500007,255.82176767499988
4377,183,338.31882132500016,259.84846862499984
4378,183,350.38906775,285.4062408
4379,183,292.144834725,309.73203317500014
4380,183,346.5539085500002,293.4231578749999
4381,183,315.24841462500035,419.07107154999983
4382,183,320.9579423000002,359.3709186
4383,183,355.2509060750002,424.0884698000001
4384,183,329.1177117500001,356.7928359000001
4385,183,314.8630289500002,316.9252902500001
4386,183,297.46961110000007,377.8219328999999
4387,183,258.0117933999999,314.8791247
4388,183,263.967431325,313.1786146249999
4389,183,273.35393727500036,233.41735847499987
4390,183,305.6070443000001,249.2780331249998
4391,183,279.5969140500001,292.77135919999984
4392,183,238.10755024999986,216.21053447499986
4393,184,148.63179554999996,186.72695457499995
4394,184,219.89572195000017,162.0566367
4395,184,175.4452445,167.68200310000003
4396,184,168.18424130000014,196.87435817499994
4397,184,180.83768787499992,173.7885657
4398,184,250.27585075000016,236.10665759999995
4399,184,222.12815395,224.7059826749999
4400,184,201.85980615000022,239.01539744999997
4401,184,296.445335,288.11210627499986
4402,184,304.41585805,286.25589362500006
4403,184,309.4245647250002,273.1956546000001
4404,184,262.0482985750002,411.38901024999996
4405,184,401.45067947500024,311.178021225
4406,184,320.362386225,351.0512098
4407,184,376.34896655,426.19721942499984
4408,184,326.85989670000004,342.2297967999999
4409,184,420.4381503750001,353.4841020750001
4410,184,378.590943275,280.5298144500001
4411,184,312.49201107500016,312.218852025
4412,184,274.5676173500001,340.02481914999987
4413,184,324.5852952500003,326.87457825
4414,184,264.98724667500005,261.87729042499996
4415,184,267.426619425,266.84287597499986
4416,184,195.42975372499996,211.65564457499983
4417,185,205.91363047500002,189.33180750000005
4418,185,156.63282662500018,192.10320260000003
4419,185,164.37213435000007,161.5348149
4420,185,180.0170575000002,187.5203698499999
4421,185,158.347781075,225.82846342499994
4422,185,229.21794120000015,212.55963357499996
4423,185,239.6420489750003,206.87850815000004
4424,185,239.19211232500015,220.53740474999992
4425,185,264.062093075,230.70182405
4426,185,280.3964569000001,299.06480599999986
4427,185,218.8748390500001,280.02422932499996
4428,185,278.149560625,237.63427307499995
4429,185,246.49931180000019,189.13124984999996
4430,185,322.26995280000006,249.36103375
4431,185,302.0529240000002,298.53169110000005
4432,185,322.81162565,312.634493475
4433,185,270.13016322500005,268.95442497499977
4434,185,280.24548352500005,267.9370507
4435,185,248.71595565000004,259.8792623000001
4436,185,285.5228349,262.55112267499976
4437,185,208.65658927500004,310.7757529249999
4438,185,249.43575725000022,204.57110574999993
4439,185,186.9443042499999,242.73972117500003
4440,185,204.05706397500018,224.70353247499997
4441,186,194.80300490000013,215.59345907499994
4442,186,179.27030810000014,161.31075697499983
4443,186,157.20281194999998,184.08135184999998
4444,186,189.88354720000012,202.50239727499994
4445,186,205.86704525000013,191.74218647500004
4446,186,177.01239137499996,200.23747065000003
4447,186,253.8557111250002,221.85816729999996
4448,186,270.9105335750004,269.48035845
4449,186,304.51710095,248.20037082499994
4450,186,256.5094700250001,287.43363427500014
4451,186,359.1935758750001,359.29451652499984
4452,186,321.3694097500003,348.1443741499999
4453,186,340.2921813500002,269.7377063000001
4454,186,303.3500068000001,289.41629352500007
4455,186,353.0665149250003,229.4173073000001
4456,186,288.9326635,377.7778172749998
4457,186,301.7143603750005,301.37951995000003
4458,186,359.2346621000006,309.03512332499986
4459,186,325.70712322500026,280.73415062499987
4460,186,256.28374935000005,237.96046257500004
4461,186,288.33826530000016,239.28085682499983
4462,186,344.5628597250003,301.2115230249999
4463,186,215.55011890000014,199.61507627499998
4464,186,212.9893200750002,200.389383525
4465,187,189.21430217500017,156.31432362500004
4466,187,189.6315418000001,186.27080219999993
4467,187,165.2759431500002,211.24533757499995
4468,187,155.68682717500002,214.19528962499993
4469,187,193.25892437500036,173.29284917499996
4470,187,238.3388623750002,197.12590694999997
4471,187,228.53963075,202.9680425499999
4472,187,289.14493300000004,198.22049987499997
4473,187,300.4794140750003,294.09048592499994
4474,187,324.1322570750003,286.99133024999986
4475,187,294.99068982500006,297.8571204499999
4476,187,440.78134355,377.5825848499999
4477,187,298.8535603500001,405.65075345
4478,187,319.22760282499985,280.6499197249999
4479,187,336.95571107500007,321.09347397499994
4480,187,326.0799931500001,382.51780102499987
4481,187,425.4655545500006,302.935288675
4482,187,341.1248077000001,330.41932647499993
4483,187,397.1441503500002,374.1371591500002
4484,187,257.91489297499993,317.0710857749998
4485,187,269.9454564000003,305.8841072
4486,187,257.5895717250001,270.6070447249999
4487,187,215.86628695000002,251.3182274
4488,187,233.8380256000002,198.87981374999998
4489,188,193.58745135000035,224.64887292499998
4490,188,163.82736012500007,177.4393302
4491,188,204.0674681499999,169.13747629999997
4492,188,191.1772358750004,208.289421425
4493,188,195.42360790000006,161.14229702500006
4494,188,252.5759673750003,188.61695552499998
4495,188,186.86095707500007,194.6435864500001
4496,188,209.834006225,222.30375859999998
4497,188,264.45027705000007,241.18030509999997
4498,188,242.83398387500023,305.28297004999996
4499,188,342.865148525,316.5780321999998
4500,188,340.87654632499994,272.1553444499999
4501,188,376.0179839750002,328.41629522500006
4502,188,375.5755745750001,347.14690217500015
4503,188,316.363957625,302.31726979999985
4504,188,288.0652621750002,346.92375419999996
4505,188,350.2444934750001,313.112663075
4506,188,313.6671861500002,414.46963542499975
4507,188,399.8953740750004,285.05222850000007
4508,188,237.4621193000001,298.26068284999997
4509,188,330.0504392750002,303.19378634999987
4510,188,308.31973377500003,281.47792315000004
4511,188,267.22413752500006,252.73050777499972
4512,188,225.111944225,218.45696909999995
4513,189,237.4416901499998,243.57273672499988
4514,189,194.4927843000001,219.3611335500001
4515,189,185.59424585000014,191.3533286499999
4516,189,214.17124297500033,200.89677040000004
4517,189,164.2094019999999,208.19931097500003
4518,189,182.05690772500014,195.73111869999994
4519,189,196.27051582500025,217.00358179999984
4520,189,263.8814861249999,212.67175759999986
4521,189,329.3911841749999,237.17393142499995
4522,189,258.3702377750001,219.46274820000002
4523,189,361.8551328250001,286.68195227500007
4524,189,323.80000135000034,302.4683497
4525,189,334.18430217499997,312.925881375
4526,189,273.3873483000001,357.1147193749999
4527,189,321.2701707750001,361.7650227749998
4528,189,269.96576125,322.6415452749998
4529,189,267.8863250250001,332.22582954999984
4530,189,331.31157662500027,362.37869462499987
4531,189,296.054014975,322.0551636999999
4532,189,359.0540367750002,351.88862535
4533,189,323.46954127500044,318.7054578
4534,189,249.5311232500001,269.412460175
4535,189,221.68732730000005,196.44711064999996
4536,189,202.78921664999996,211.88676557499997
4537,190,212.54599327500017,182.01677512499992
4538,190,155.78385522499988,187.22590502499983
4539,190,159.26520494999988,186.886202625
4540,190,185.21808025,169.66746907500004
4541,190,221.0678394250001,227.0908180749999
4542,190,194.42108637500013,206.63064720000006
4543,190,187.661648325,247.88240299999975
4544,190,320.96677035,221.09103892499968
4545,190,320.2421464500003,256.00557054999996
4546,190,276.8710598500003,346.572842025
4547,190,394.71150635000015,308.9405275749999
4548,190,291.2894914750002,393.4093047000001
4549,190,315.6014399500001,389.91109237499995
4550,190,349.30703620000014,400.8559312749997
4551,190,395.59878467499993,425.75726169999996
4552,190,273.15466792500024,383.131527475
4553,190,342.5546492250002,403.72132882499966
4554,190,372.3746988250001,403.20507097499996
4555,190,276.9384583500002,312.90131217500004
4556,190,367.2210246500003,366.28997797499994
4557,190,355.79560522500003,386.15195507499993
4558,190,291.89058405000014,303.98730212500016
4559,190,280.5701293750003,192.64100447499996
4560,190,222.8370286000001,211.57653572499981
4561,191,268.967849,177.93314660000004
4562,191,231.3653054000003,178.5658548999999
4563,191,158.70130229999995,180.22825972499993
4564,191,225.0296815250002,235.20963495
4565,191,228.07483767500017,178.34546915000004
4566,191,268.3423109500001,193.2210993999999
4567,191,272.79050842499987,224.65255007500008
4568,191,259.2799002,290.27172199999995
4569,191,302.43626417500013,295.16697620000014
4570,191,335.5103714750002,353.8525964499999
4571,191,483.82935069999996,342.16843375
4572,191,288.8337846999999,491.8234692749998
4573,191,409.4157921750001,453.1703242999997
4574,191,435.7752213499999,341.1347274249998
4575,191,379.6099020749999,453.5833332249997
4576,191,428.58765947500046,390.33034385
4577,191,424.73298520000037,431.9712540000001
4578,191,379.35372967500007,479.3700887749999
4579,191,318.08564457500006,449.44741455
4580,191,365.6948114999998,330.0183794249999
4581,191,445.6512789250006,413.25799402500013
4582,191,297.73131127500005,293.4196985500001
4583,191,310.87219945000004,212.67401045000008
4584,191,256.5053192250001,261.54789107499994
4585,192,241.56873620000005,208.13745057499983
4586,192,236.7068469250001,248.64504224999996
4587,192,161.92873947500004,159.19060589999998
4588,192,190.77139615000036,218.79504772500002
4589,192,207.12576692500028,223.0455753999998
4590,192,193.62248,224.40180812499983
4591,192,277.39273852500014,282.239429625
4592,192,259.50175722500023,276.28479432499984
4593,192,328.64942444999997,322.93472612499994
4594,192,381.5332417249999,307.6541724499999
4595,192,413.1666255249999,401.7132249
4596,192,395.7851786500006,437.688180775
4597,192,319.3439990250001,330.0200619499999
4598,192,447.12333572500074,363.2823151499998
4599,192,454.5378445250001,347.8153641749999
4600,192,442.6391283750006,296.32041089999973
4601,192,380.4820421499998,467.4681352000001
4602,192,378.5584268250005,383.4011315500002
4603,192,386.33423727500065,338.400106125
4604,192,315.3210204000002,366.7492467499999
4605,192,347.94829022500005,346.3993796500002
4606,192,312.67540982500014,363.32035537499985
4607,192,272.2144344250001,333.793701525
4608,192,236.46877487499995,257.7631891249998
4609,193,201.60622530000035,262.6440635499998
4610,193,227.17382754999988,232.7371109999999
4611,193,288.4540755999999,191.4304947
4612,193,239.38740065000005,181.2971040750001
4613,193,256.2122007500002,264.6520439249999
4614,193,220.7249609250001,237.35856065000002
4615,193,217.42656565000007,308.1218782750002
4616,193,260.52713072500035,337.28845797500014
4617,193,335.5185394250004,277.45880665000016
4618,193,303.189861675,409.17513147499966
4619,193,313.0069286000002,440.9927455499998
4620,193,391.1583767749998,347.5736412
4621,193,393.5841723,286.8646938250001
4622,193,351.2115440750001,398.7684408
4623,193,305.64799789999984,429.97432367499994
4624,193,363.3871691250001,369.91110912499994
4625,193,399.1910344500003,418.0000363499999
4626,193,298.1978423500003,364.424932625
4627,193,338.4094755750001,305.835260625
4628,193,376.41706010000036,331.1815771249999
4629,193,331.3004909500001,325.4863377249999
4630,193,312.85953825000024,312.5837827249999
4631,193,223.25650794999984,369.54730039999964
4632,193,261.37679572499997,284.71543055000006
4633,194,282.6274862000003,232.72853435000002
4634,194,209.53027380000015,248.49068260000007
4635,194,184.82598095000003,218.20140257499997
4636,194,204.57767610000008,175.92185497499997
4637,194,224.97424417500002,238.00370075000004
4638,194,239.36784700000015,326.86479419999984
4639,194,297.0570964750001,257.7496490000001
4640,194,287.12536430000023,293.3007158
4641,194,269.57105867500024,407.9356430750001
4642,194,331.21515022500023,401.47284359999986
4643,194,293.71316929999966,339.1916179750001
4644,194,364.66843922500016,348.1322087000001
4645,194,339.28310650000003,306.609547025
4646,194,324.459561825,278.8532698749999
4647,194,308.1960982250001,335.3164562499999
4648,194,321.077937975,352.77273735000006
4649,194,387.79697467500006,425.7355585
4650,194,384.62911895000025,360.5462363249999
4651,194,297.1762236500003,296.9789337500001
4652,194,279.80142675000025,305.721105675
4653,194,301.34225400000025,285.62196359999996
4654,194,311.67119884999994,254.9276223249999
4655,194,212.24941102500017,242.81283170000003
4656,194,190.9507875249999,203.32836234999994
4657,195,275.529590775,198.853804125
4658,195,147.40877117500006,192.03129265
4659,195,171.0825363000001,237.69957549999992
4660,195,184.93978219999985,206.06082989999993
4661,195,227.26451910000014,210.69414617499984
4662,195,221.50428734999997,166.40540684999996
4663,195,224.122986175,189.73951349999993
4664,195,229.01895700000006,280.16662222499986
4665,195,281.86887325000004,310.435351025
4666,195,339.47376047500006,321.74626735000004
4667,195,350.5649960000002,351.649224925
4668,195,332.76646010000013,365.42631654999997
4669,195,390.9700097499999,379.3693456749999
4670,195,305.06981865000023,358.7090525
4671,195,379.22613587500007,350.8863370999998
4672,195,273.08831105000013,365.2521260000001
4673,195,306.15315630000015,312.33748022500004
4674,195,333.10885097500017,331.8735704249999
4675,195,290.1963675000003,361.74173084999995
4676,195,348.054972725,344.6104369249997
4677,195,305.11993540000043,338.25633857500014
4678,195,285.54732959999996,293.9474686499999
4679,195,210.79789015000006,279.4143006750001
4680,195,202.56393790000018,278.6894903749999
4681,196,248.79468185000005,214.10509917500002
4682,196,173.7562596000002,190.7707322249999
4683,196,141.25490240000016,177.1057735999999
4684,196,180.23470082499995,159.14579285
4685,196,183.90995962500023,217.39290067499985
4686,196,193.58295660000005,168.23273059999997
4687,196,224.15690877500023,144.11927644999997
4688,196,260.1805494250001,232.18780912499992
4689,196,258.52546597500015,237.09470169999992
4690,196,253.6030664250002,310.78366344999995
4691,196,258.47914397500006,361.7742047749999
4692,196,237.8279581,332.1372065750001
4693,196,278.96220600000026,386.1450910499999
4694,196,328.5508702500001,269.06076299999984
4695,196,324.9731500750001,301.198201825
4696,196,325.4964199000001,290.403045225
4697,196,354.7189963500002,370.13998509999993
4698,196,315.13930197500014,279.14785635
4699,196,343.13295037500035,275.14214585
4700,196,267.69740945,263.06966102499985
4701,196,270.30687065000006,279.87164237499974
4702,196,287.2894678,296.5527292750001
4703,196,215.59272177500003,224.29701594999995
4704,196,175.27740222500034,168.26497397500003
4705,197,168.77384227500002,159.7347827000001
4706,197,158.33907702500005,178.2279201249999
4707,197,175.85737762500008,197.77816412500005
4708,197,219.88125612500062,169.40705244999992
4709,197,194.85876330000013,193.70105087500002
4710,197,260.9386924250002,238.5050221749999
4711,197,193.65143300000014,207.3157967999999
4712,197,295.40600905000014,228.01739010000006
4713,197,306.08267267500014,272.07677265000007
4714,197,281.30661705,250.33788155
4715,197,281.2429782500001,250.6160921749999
4716,197,319.40326347500024,263.6953508749998
4717,197,420.65293412499994,381.7010267999998
4718,197,378.3571413750004,401.0515295
4719,197,427.9679483250009,324.6107995749999
4720,197,434.01853922500055,327.11404335
4721,197,343.66067382500034,291.5778002750002
4722,197,267.6974137750001,246.95105812499995
4723,197,300.527691175,313.45258954999997
4724,197,288.1765294999999,284.28839412499997
4725,197,322.218876025,244.67440497500007
4726,197,222.512347825,296.9088315499999
4727,197,234.34423242499986,234.1535618499999
4728,197,197.8097812499999,209.33206095000003
4729,198,163.25094412500027,146.92107879999992
4730,198,248.82340457500013,159.914136725
4731,198,165.21101599999997,187.6370108249999
4732,198,184.36949547500024,183.23718914999998
4733,198,222.079191675,211.4493604
4734,198,221.20466207500004,191.91625460000006
4735,198,267.6949423500002,226.428961475
4736,198,272.72278055,222.52620545000008
4737,198,321.05814200000043,259.92225482499975
4738,198,313.3304423250004,421.75074665000005
4739,198,279.1937134000001,253.3979163
4740,198,335.9710755250001,428.2968461999998
4741,198,276.3166595249999,277.589781025
4742,198,455.5947903000001,390.54699745
4743,198,358.23343805000025,267.08327749999995
4744,198,349.35577715000034,293.2478415500001
4745,198,318.49632557500024,325.3382734999999
4746,198,285.5637998500002,254.30471745
4747,198,320.2442312500001,291.95214335000003
4748,198,255.98943019999987,260.416061025
4749,198,274.66369172500015,222.42988612500005
4750,198,301.1880112500004,243.950279475
4751,198,265.60215875000017,199.449308725
4752,198,211.65917202499992,180.78669969999999
4753,199,182.86872682500012,212.29583957499995
4754,199,169.1053216000002,225.60670695000002
4755,199,188.41811067500018,143.514628775
4756,199,204.18851155000004,210.35875489999995
4757,199,187.2065358000002,253.54343999999995
4758,199,229.14761172500005,232.70678419999996
4759,199,220.8288330250001,233.48323122499994
4760,199,238.69050710000016,264.5388944
4761,199,341.68429985000023,251.8647954
4762,199,261.09886567500024,300.0951679999999
4763,199,321.3618732250002,276.2793069749999
4764,199,301.50616167500004,336.3195990249999
4765,199,369.5904988000003,339.6392525500001
4766,199,273.0043960500001,359.35979470000007
4767,199,252.93591297500006,379.7389674249999
4768,199,295.65026230000024,384.57204120000017
4769,199,352.45307667500026,375.48017865
4770,199,315.86710147500014,314.54489642499993
4771,199,339.1069463000001,336.2534883999998
4772,199,305.8689512750003,282.5864485
4773,199,353.9830079000001,263.8270250999998
4774,199,320.2122377999999,277.59878817500004
4775,199,223.55400110000033,255.76156587499992
4776,199,255.0811528,204.169700025
4777,200,234.067435625,198.04405027499996
4778,200,231.5799240500001,163.17765874999992
4779,200,169.97467897499996,201.94088462500002
4780,200,210.4509895750001,210.92601564999995
4781,200,153.50391052500015,211.22260515000002
4782,200,178.62936240000002,253.91817062499987
4783,200,222.42467717500003,190.76304989999988
4784,200,268.6600139750001,295.039009675
4785,200,313.0886418500003,250.09999177499998
4786,200,331.625438975,340.2781462249998
4787,200,289.9292732000003,366.9168914499997
4788,200,391.55487440000013,337.4119691000002
4789,200,479.86302824999984,338.3476660749999
4790,200,321.6252666749999,306.99949064999976
4791,200,374.0495066250003,363.9120362499998
4792,200,378.1868982000005,411.6692579249995
4793,200,377.6951835750005,272.82743694999994
4794,200,394.5149989250001,375.69966535000003
4795,200,364.226133175,398.10292464999986
4796,200,331.86385745,296.74386144999994
4797,200,238.21024002500016,286.6299776000001
4798,200,263.76265855000025,267.6519410000001
4799,200,303.699238975,242.74682699999985
4800,200,275.9859910250001,292.8564182250001
4801,201,203.12942214999998,201.867805675
4802,201,203.9343030500001,235.56965719999994
4803,201,178.75613939999988,190.99087897499996
4804,201,163.8498674000001,147.0547564999999
4805,201,211.36512500000026,231.7295874
4806,201,235.88818455,211.14224395000008
4807,201,230.90915915000016,225.14857454999998
4808,201,216.40865135000007,246.98216722499987
4809,201,332.3950308,277.20287905000004
4810,201,304.9641300500001,351.0919359249998
4811,201,325.7482545500003,325.3498878250001
4812,201,332.9296388750001,370.22963235000003
4813,201,366.0806705,411.383541425
4814,201,356.52895065000007,430.36878519999993
4815,201,389.8907341500001,326.16080102499984
4816,201,379.4086331250003,333.5752253249999
4817,201,281.8772942750002,465.79387529999985
4818,201,286.76796130000037,422.7337599249998
4819,201,364.779499275,311.37334179999993
4820,201,408.9992571250001,294.8622424
4821,201,334.85817932500004,333.33281567500006
4822,201,314.41954557500026,333.80734852499984
4823,201,242.94193002499992,279.3721767499999
4824,201,223.7879738750001,212.46833582499988
4825,202,215.42021812500008,200.38427897499986
4826,202,207.74635105000004,245.1472077249999
4827,202,216.5241059250004,192.45530062499998
4828,202,210.614713875,168.94008114999994
4829,202,188.61685222500023,208.18877824999998
4830,202,210.37819384999992,155.53531142499992
4831,202,240.39824147499996,244.2061311999999
4832,202,271.3107415000003,272.5460114999999
4833,202,330.92059715,289.069280175
4834,202,323.0737198500002,328.0878852499999
4835,202,307.80835032500033,438.5880107499998
4836,202,447.39137759999994,349.6202254750001
4837,202,330.711662375,304.6876820249999
4838,202,445.9498502250001,292.45158734999995
4839,202,342.72423095000016,360.6152122249997
4840,202,421.33738097500077,452.1787196
4841,202,363.274196175,405.14740289999986
4842,202,426.15560147500037,310.53394342499996
4843,202,350.1491927250004,429.9397645249999
4844,202,346.6624659750003,211.80963967499986
4845,202,303.582436625,288.88358487499994
4846,202,292.322595575,269.111352625
4847,202,298.8990877000002,232.6492508999999
4848,202,241.09461825000005,212.9391550499999
4849,203,223.44300900000005,191.98915929999995
4850,203,195.63477125000003,173.46366377499993
4851,203,204.8833734000001,193.95479427500004
4852,203,237.4042534250003,216.5504848499999
4853,203,222.25441972500033,184.03458747499997
4854,203,170.5530685250003,208.04714032500004
4855,203,149.5043618499999,229.0766276499998
4856,203,279.798359425,210.53538572500014
4857,203,278.10309562500015,281.4151572499999
4858,203,317.2483422250001,383.69052187500006
4859,203,361.9611556749999,318.360147325
4860,203,323.81209262500016,308.75953915
4861,203,453.5802704000006,401.7219938749998
4862,203,295.2397095500002,325.87071819999966
4863,203,265.25313602500023,334.43096694999986
4864,203,289.05048212500014,426.4371271
4865,203,455.5628098749999,361.65483897499985
4866,203,292.10640324999986,302.9714706750002
4867,203,433.71287477500016,284.9206929250001
4868,203,334.73564800000037,283.7108187499998
4869,203,469.87860990000024,327.6182196999998
4870,203,366.2217548250003,375.01589092499984
4871,203,290.84115884999994,274.80367745
4872,203,259.2722014250001,215.67274850000007
4873,204,198.36432950000022,199.86408269999993
4874,204,143.4661118500003,187.38272097499993
4875,204,198.22726519999992,195.99554462499987
4876,204,205.0934511000001,180.18159532499993
4877,204,196.48461977500006,204.45902454999998
4878,204,212.80193345000012,209.28109525000002
4879,204,325.6016070000003,252.5146046749999
4880,204,353.6910382000001,252.88390984999995
4881,204,316.66718210000016,304.213314675
4882,204,349.3181895000001,333.9204940499999
4883,204,405.7791229750002,326.813709075
4884,204,359.6806773500002,463.14376767499994
4885,204,422.72193090000076,426.92015924999987
4886,204,361.55472665000025,393.25597982500005
4887,204,416.75670015,315.9666687749998
4888,204,434.26924662500016,459.8555113
4889,204,414.7374528750004,303.6513720499999
4890,204,388.4260493000002,336.41622225000003
4891,204,356.0840235750001,387.98710229999995
4892,204,367.43641700000023,342.4203418250001
4893,204,295.8683645750001,403.78328305
4894,204,280.74926787500016,338.46756825
4895,204,238.6387692750002,281.29486767499986
4896,204,220.94269265,222.9698033999999
4897,205,250.1583426250001,195.28313369999995
4898,205,209.96482909999997,195.36947322499987
4899,205,162.3394044000001,188.906578175
4900,205,207.2743140499999,182.78547284999993
4901,205,225.27458282500015,192.6168564999998
4902,205,198.5771928250003,235.53070670000005
4903,205,231.96442105,213.78987949999984
4904,205,298.9441080500003,301.80791817500005
4905,205,275.7257570250001,306.42362672499996
4906,205,284.64313059999995,374.8603112249999
4907,205,361.9310654,360.63158302499977
4908,205,411.034214925,366.4226262499999
4909,205,380.34394355000006,453.88201175000006
4910,205,368.37042050000025,363.3214035999998
4911,205,395.6389917500003,306.0205029499999
4912,205,351.8053291000001,354.280323175
4913,205,381.37429169999996,367.96032702499986
4914,205,300.2804000750001,319.6264972250002
4915,205,429.9085825500001,398.9407871999998
4916,205,355.39223065,426.39857804999974
4917,205,307.10740992500007,360.14315975
4918,205,319.17087440000023,286.5374354499999
4919,205,284.02880957500054,258.78107070000016
4920,205,243.4982191499999,251.83889297500002
4921,206,206.2763826250001,222.47417215000002
4922,206,182.43292602500009,204.38248172500008
4923,206,216.2186852749999,161.50436084999996
4924,206,208.53447779999993,213.65497519999997
4925,206,144.35041592500016,225.07640979999996
4926,206,196.638728875,241.99888887499995
4927,206,245.01991050000015,200.47467284999982
4928,206,286.3933004000003,326.03342574999976
4929,206,357.6800892000002,343.1313757249998
4930,206,326.4782658749999,307.05599117500003
4931,206,421.22170574999996,358.67114412500007
4932,206,355.28185862499987,314.2775673
4933,206,401.69148780000023,385.023504525
4934,206,304.1495842,411.13084259999994
4935,206,249.57919335000025,387.2879382499998
4936,206,301.61436712500006,307.7571207000001
4937,206,368.8273212,405.5781807999999
4938,206,281.65439219999996,337.741692825
4939,206,311.21166682500063,315.3660995249999
4940,206,297.6645344,286.724693125
4941,206,319.1977433750004,353.0815002999998
4942,206,272.2412591750002,213.6606755999998
4943,206,259.5641021750002,307.181622025
4944,206,251.547244675,183.36356825000016
4945,207,166.75366202500015,219.69561154999997
4946,207,192.6922987000001,232.91574492500007
4947,207,203.130044375,245.01039004999996
4948,207,174.9374994750001,226.721581175
4949,207,238.06497987500015,224.1837164999999
4950,207,276.8978224000003,242.73594265000003
4951,207,243.20537307500013,226.24256509999992
4952,207,224.98843782500006,319.52291775000003
4953,207,326.1321132750003,288.9800422999999
4954,207,284.77662527500036,271.54083824999987
4955,207,380.3436667000003,328.03233812499985
4956,207,308.7386653000001,254.5195809499998
4957,207,306.2677195000003,329.2860646249999
4958,207,323.0495771000002,340.27030447499993
4959,207,374.6964592500005,343.1638146
4960,207,351.03755720000004,387.20679812499986
4961,207,294.2383937250001,284.3590739
4962,207,309.57441885,291.6482521250001
4963,207,361.01373632500014,368.04049405
4964,207,351.70513137499995,358.464872625
4965,207,232.66243362499995,314.052807775
4966,207,316.17781725,227.79599487499993
4967,207,256.0570296750002,271.6278563000001
4968,207,213.11250009999995,271.3429278
4969,208,221.40833745000015,281.01862777499997
4970,208,206.8068937,191.9948786749999
4971,208,216.09765142500032,213.00560697500003
4972,208,157.43084004999992,186.92338332499997
4973,208,223.31078515000036,208.15180432499992
4974,208,254.3798223500002,203.76195349999995
4975,208,205.3248769249999,212.41522567500022
4976,208,216.79036752500002,226.47360947499993
4977,208,292.4861776000001,235.49590675000007
4978,208,338.4970633250002,345.5293212249999
4979,208,356.44804802500005,371.7089184249998
4980,208,387.98736605000005,358.86644749999994
4981,208,337.46640395000003,292.9557439250001
4982,208,413.72524857500014,373.9880256
4983,208,393.05513952500013,303.9690575499999
4984,208,337.00672107500037,258.11284075000003
4985,208,332.3015893250004,313.23364667500005
4986,208,334.44425315000035,423.2149376499999
4987,208,286.8532298000002,365.38870407499996
4988,208,264.71546592499993,368.67082957499997
4989,208,336.05289040000025,296.9869166249999
4990,208,264.406254975,341.694704475
4991,208,252.4537621000001,260.86737817500006
4992,208,238.88399382499998,188.86884182499995
4993,209,164.86824962499992,248.17088977500003
4994,209,187.3700411750002,162.048161875
4995,209,205.6194887250001,180.4433915
4996,209,166.23104652500012,186.30000442499997
4997,209,194.239503325,194.18369590000003
4998,209,198.54292340000023,220.86795602499993
4999,209,214.5584945750001,168.65975932499992
5000,209,259.0491891500001,229.84674784999999
5001,209,275.43169450000005,277.3351851499999
5002,209,325.9564535,403.1698202750001
5003,209,393.5611533250003,346.56290852499967
5004,209,361.8994612750001,325.372525925
5005,209,321.84778207499994,326.35174379999995
5006,209,317.3930229250002,298.4596575750001
5007,209,381.05393965000013,278.154893525
5008,209,300.7263575000003,291.12269330000004
5009,209,326.5290203250005,327.35696404999993
5010,209,296.2846326250001,378.18351237499985
5011,209,312.6462540750001,364.24553727499995
5012,209,308.8471668250002,227.48533012500008
5013,209,252.37762015000038,318.15223564999974
5014,209,271.902006925,260.4196801999998
5015,209,234.45107837500035,258.05480815
5016,209,216.54024367500006,206.69324122499995
5017,210,177.18235310000037,175.42229939999993
5018,210,232.26486630000005,184.30429995000003
5019,210,197.62367860000018,189.43907237500002
5020,210,175.36809227500004,196.48301842499995
5021,210,153.55233672500015,167.12352949999993
5022,210,203.67435240000026,209.03502865000002
5023,210,195.32786695000033,194.78303707499995
5024,210,232.89307835000017,229.38537347500005
5025,210,219.98432762500022,265.26334505
5026,210,335.816457875,302.599080425
5027,210,350.30457975,291.61520019999995
5028,210,345.78555844999994,335.91190430000006
5029,210,311.5802202499998,282.79566074999997
5030,210,371.0058420250008,268.6986131499999
5031,210,334.97919900000005,304.2053462749999
5032,210,316.3802559500006,326.630298975
5033,210,325.23983020000014,279.98266837499995
5034,210,315.1845326250001,285.75828455000004
5035,210,272.9816161000002,349.03168654999996
5036,210,285.5489759,291.133894975
5037,210,364.04660890000036,276.12355097499994
5038,210,348.9429754250001,252.55656615000015
5039,210,199.92923612500033,236.5400133
5040,210,211.23404407500007,246.0282717999999
5041,211,194.84496887500018,191.94825752499992
5042,211,201.83623145000024,219.041898
5043,211,183.2938718000002,216.4192758249998
5044,211,210.00210362500005,199.74144822499994
5045,211,187.7254690250001,215.68240500000002
5046,211,313.49128865,242.04412262499997
5047,211,280.5511787000002,284.90389047499974
5048,211,230.28617795000022,262.42170785
5049,211,280.019548375,327.0473640749999
5050,211,306.0280308749999,316.31813242499993
5051,211,321.72539112500067,368.23176705000014
5052,211,395.54524047499973,387.72111934999975
5053,211,382.0442537250001,366.31549255000004
5054,211,480.2554854750002,400.917987625
5055,211,408.14675059999985,409.69164272499995
5056,211,433.4825316000006,339.91133432500004
5057,211,290.72045817500054,388.658368725
5058,211,302.78623815000014,331.23477720000005
5059,211,271.8794236250002,273.346414925
5060,211,354.1239853250003,335.9078617250001
5061,211,340.0332098000002,303.7470780750001
5062,211,328.6819014750001,276.65965457499976
5063,211,299.2781746750002,257.0389401499999
5064,211,262.14147600000007,188.82654247499994
5065,212,225.71465024999986,225.25555734999995
5066,212,216.13436035000015,195.34965795000005
5067,212,186.13953412499993,179.7129408250001
5068,212,198.78302682500004,215.37597784999997
5069,212,177.6267961500001,190.064066825
5070,212,257.2494725,234.3779671749999
5071,212,218.84172740000025,254.69002962500008
5072,212,255.343286275,211.654314875
5073,212,350.4714567000003,352.1924919999998
5074,212,299.93538905000025,291.591081625
5075,212,363.6730545250001,310.45024947499985
5076,212,358.84888965000005,353.9425603000001
5077,212,331.21387779999986,332.62115675
5078,212,353.37846580000047,429.03890159999975
5079,212,416.9832985500003,366.8558517499997
5080,212,385.7013275000003,395.84866547499985
5081,212,270.8281847750003,391.35485964999975
5082,212,277.87931605000006,341.14240200000006
5083,212,332.5760097000001,396.9955930499998
5084,212,357.5712595000003,280.07208592500007
5085,212,269.4953674500003,370.6554475749999
5086,212,288.51214434999997,272.266230975
5087,212,253.43261400000023,262.462216775
5088,212,237.22932125000017,203.4407832749999
5089,213,203.35406285000016,193.21429364999995
5090,213,150.2478446,229.49561777499991
5091,213,186.79136110000027,177.0490460499999
5092,213,206.01914975000005,238.7537381499999
5093,213,187.0082797250002,217.47977399999985
5094,213,205.03206980000016,187.22009294999992
5095,213,220.90807105,248.68250717499993
5096,213,273.41169077500007,281.472519875
5097,213,285.3445415250001,307.3470316750002
5098,213,317.01161242500007,316.60736964999995
5099,213,305.4642393250001,339.2991831999999
5100,213,376.13370812499977,472.74350319999985
5101,213,373.14907697500007,290.2682982749998
5102,213,423.0434496750005,326.3046978
5103,213,413.2089368750003,398.9368510500001
5104,213,388.3043631749998,384.90446547499994
5105,213,261.23891984999966,362.7392720499999
5106,213,419.31340955000053,301.26353399999994
5107,213,388.68899415,289.5735871499999
5108,213,333.3613137750003,336.42564052500006
5109,213,284.70464392500014,358.26139509999985
5110,213,267.86070195000036,276.0305598999998
5111,213,263.0721088749999,243.00242512499995
5112,213,212.7275523500001,214.953154
5113,214,208.24050462500009,239.28618782499996
5114,214,187.61748684999998,225.92159667499988
5115,214,201.03236335000014,244.52551279999997
5116,214,237.9208733750004,204.63365089999996
5117,214,190.0754638000001,195.02714182500006
5118,214,259.96015642500015,270.0652977
5119,214,237.61043089999995,296.29329852499995
5120,214,259.2345390999999,290.5740268000002
5121,214,340.18178150000006,267.48727665
5122,214,328.93574297500004,293.77962467500004
5123,214,400.6734631500003,438.4630801999998
5124,214,340.8850391499999,338.8843777
5125,214,340.38241680000056,305.34636297500003
5126,214,324.9305500250001,299.0036902249999
5127,214,430.59219629999996,369.3061890750001
5128,214,377.02933090000016,359.696583075
5129,214,387.19334395,357.84483709999984
5130,214,447.47148255,361.2705957499999
5131,214,317.73441220000007,344.0703768000001
5132,214,344.8120604750003,388.0441046750001
5133,214,373.7755370250002,365.4346430749998
5134,214,338.06219720000024,312.92539775
5135,214,348.59880045000017,271.12708487499987
5136,214,282.10502370000006,222.5037147249999
5137,215,197.5649309000002,265.36959577499994
5138,215,259.7274837499999,174.9591509500001
5139,215,160.18015397500017,243.81756779999995
5140,215,173.19032449999986,229.6538524249999
5141,215,205.01034425000006,215.58163695000002
5142,215,292.0035598750003,227.61185789999976
5143,215,265.25854687500004,207.83772467500012
5144,215,329.73050835000015,271.90248135
5145,215,286.3023396250002,299.4038825749999
5146,215,378.90738065000005,430.30476504999996
5147,215,340.0142197000005,357.699615175
5148,215,434.03094925000016,354.80315740000015
5149,215,296.3288128750002,282.861347925
5150,215,380.2972724000001,372.3896828999998
5151,215,409.3705087249998,316.01753627499994
5152,215,341.37097037499973,399.31631345000005
5153,215,277.5110255250002,291.783843275
5154,215,338.85837435000013,398.88584775000004
5155,215,248.35241457500007,366.6914417749997
5156,215,290.801309275,364.16260775
5157,215,284.86588835000043,343.4809294
5158,215,310.10712909999984,264.3041666250001
5159,215,291.96605690000035,237.0526048499999
5160,215,246.1084856000001,214.49622540000016
5161,216,309.68794547500045,257.3137105499999
5162,216,209.93641312500012,246.093737325
5163,216,212.42582500000026,235.19531139999992
5164,216,184.13792142500006,198.1925270249999
5165,216,206.70763672500001,222.09593564999994
5166,216,217.69246945000023,215.70016182499995
5167,216,225.48204034999998,218.60341177499987
5168,216,281.6317756000001,232.63672004999984
5169,216,278.41381195,236.50376652500015
5170,216,360.4317163750003,226.4393676499999
5171,216,304.3648989750002,376.118004275
5172,216,350.39605530000017,318.7007047499998
5173,216,304.61829460000024,321.1637455499998
5174,216,321.4505501000001,328.1224498999998
5175,216,361.9350399750002,390.850079475
5176,216,339.8513574000001,400.522227525
5177,216,363.44244812500006,293.718961625
5178,216,323.71129445000014,325.5128651
5179,216,336.51496670000006,306.64598212499993
5180,216,325.7350703000001,308.07243082499986
5181,216,304.10036760000037,336.46491442499985
5182,216,289.12214200000017,234.70438772499995
5183,216,264.38893705000015,280.14959884999973
5184,216,194.69923787500002,221.38870095
5185,217,190.27101954999983,193.68013889999997
5186,217,229.11278542500008,229.31098027499985
5187,217,234.03900227500026,179.99292142500002
5188,217,175.66311025000005,164.44260235
5189,217,237.884341,208.22782349999991
5190,217,157.63911385000011,210.96019237500008
5191,217,216.98317345000018,224.522991025
5192,217,189.6349247250003,255.1657829749999
5193,217,214.10064670000014,286.39232685000013
5194,217,342.61280567500023,306.44129275000006
5195,217,315.9447850000001,362.67019025
5196,217,376.4651209,320.48101047499983
5197,217,323.7965417249999,302.36623917500003
5198,217,358.33264747499993,289.150419
5199,217,353.50666222500007,256.32040644999995
5200,217,384.7071086000002,300.8896752999998
5201,217,347.32401955000023,398.239862575
5202,217,343.2463190250001,305.04833912499987
5203,217,402.33213922500033,367.41476122499984
5204,217,361.62649472500004,339.49449467500017
5205,217,324.3098033250002,303.8163597749998
5206,217,223.5043260500001,300.39141822500017
5207,217,240.19298540000017,258.4189373749999
5208,217,206.9224213500001,291.17050654999997
5209,218,225.5805570500002,165.23482500000006
5210,218,199.18054057500035,169.8571371000001
5211,218,217.22768337500025,165.35822244999997
5212,218,157.65955244999998,201.82619627500003
5213,218,198.45082837500001,215.4550618250001
5214,218,178.32698077500012,245.4218320499998
5215,218,215.18875695000003,276.26150500000006
5216,218,240.06834310000005,284.8689577499998
5217,218,330.3478485000003,292.1178963750001
5218,218,282.70726199999996,314.8814311249999
5219,218,336.0937713500004,435.3811212249998
5220,218,371.07171804999996,355.7012268
5221,218,420.7202099000004,427.5744427249997
5222,218,427.3282159250005,491.3414109249997
5223,218,387.65115557500053,319.6808303499999
5224,218,397.0758379250004,309.7964156749998
5225,218,361.1808397249998,432.8682416499999
5226,218,527.3529289,413.59005889999986
5227,218,359.26371025000003,380.0368497249997
5228,218,395.5899048,340.25796902499997
5229,218,369.42009917500013,346.4314656749999
5230,218,315.83968645000016,392.3954119499999
5231,218,221.41423572500014,281.552936525
5232,218,260.4831736250001,246.92418179999987
5233,219,223.81002132500018,235.26024875000002
5234,219,233.08614504999986,222.74712849999997
5235,219,210.0759870750001,194.48664594999994
5236,219,221.17962852500006,189.67712259999996
5237,219,149.5323666250002,238.7461860499999
5238,219,228.08004365,258.1780326250001
5239,219,222.75004052500026,320.75751479999997
5240,219,312.7287462250002,333.161186275
5241,219,313.8549084500001,327.57125534999994
5242,219,375.67074797500015,355.814864625
5243,219,460.6371612500001,431.3207007249998
5244,219,406.2795846250001,343.21971295000003
5245,219,404.89498600000024,383.02812347500014
5246,219,302.18171699999994,405.8801205250001
5247,219,405.2684854750004,397.54211687500003
5248,219,382.8064205500003,420.415628575
5249,219,438.3408482000003,444.4533510499998
5250,219,415.3442419500003,357.60655504999977
5251,219,464.345703125,454.4358420000001
5252,219,407.09953767500065,338.8354011749999
5253,219,320.1223306749997,404.16450814999985
5254,219,308.43228337500017,365.9215317999999
5255,219,233.3366384750001,382.86649305000003
5256,219,248.87583882500007,294.63932932499995
5257,220,229.7458807500003,228.78587672500007
5258,220,252.20580095000008,271.9629100749999
5259,220,215.55936644999997,225.65023327499998
5260,220,221.02771890000028,186.91029120000002
5261,220,215.08643972500002,262.35580787500004
5262,220,229.3864135500001,210.27574325000018
5263,220,246.71993302500005,249.52772307499987
5264,220,237.58027219999997,267.96302065000003
5265,220,358.5924842000002,361.6529859249998
5266,220,354.75565804999997,339.95128202499995
5267,220,425.247413575,379.9385917999999
5268,220,408.13389157500023,435.8233881499999
5269,220,394.46656395,505.06799555000015
5270,220,376.5274448000001,404.79012862499985
5271,220,409.64397797499987,447.51770777499974
5272,220,509.22751687500045,446.87770019999994
5273,220,343.7872609250004,440.76038737499994
5274,220,400.80245327500035,349.346511975
5275,220,396.47879280000024,366.842939475
5276,220,288.15770429999986,406.15430067499983
5277,220,327.75251452500004,355.4035895749999
5278,220,437.96296062500033,320.67699665
5279,220,274.4032351000004,252.50877919999996
5280,220,266.85980070000005,261.01746687499997
5281,221,198.11523822500027,302.41625180000017
5282,221,236.8161389,181.663737675
5283,221,193.46609375000025,288.10036175000005
5284,221,203.4131033750001,238.61845057499997
5285,221,251.08997870000002,212.361284275
5286,221,257.104710025,252.17476095000012
5287,221,252.06573280000032,240.63821017499973
5288,221,248.8948301749998,291.9872627999999
5289,221,315.8868138750001,334.38470337499996
5290,221,427.85267622500004,379.2859370749999
5291,221,460.0098074250004,415.5082522
5292,221,394.71811212499983,292.082905475
5293,221,393.71795279999986,417.01039334999973
5294,221,467.19559325000057,430.46526025000003
5295,221,391.4735396500005,414.2753547499999
5296,221,409.00258237500026,335.48698122500014
5297,221,354.3860651000003,420.72477982500004
5298,221,409.58893305000004,279.980981025
5299,221,462.3224842750002,326.9340094749999
5300,221,382.0664389250003,368.8834847500001
5301,221,375.94490337500054,301.49650080000015
5302,221,313.47092322500015,408.8575765749998
5303,221,288.674421875,277.37891429999996
5304,221,315.4879857000002,224.9410122
5305,222,226.40965445000018,201.47417560000014
5306,222,219.24674839999992,243.69590139999988
5307,222,280.3578097750001,186.94385802500005
5308,222,245.08027070000003,225.7779920249999
5309,222,183.84427097500003,227.35193650000008
5310,222,282.70762627500005,301.01570175000006
5311,222,254.15715652500003,300.733165525
5312,222,287.9866491,335.4775300749998
5313,222,367.2342198500004,296.9587165500001
5314,222,399.5246322500003,415.0265649250001
5315,222,436.0462018000002,453.90589315
5316,222,405.9505058750003,444.3869801749999
5317,222,452.0080147500001,316.42306780000007
5318,222,382.5388123000003,304.4993476000001
5319,222,426.2371410250007,360.77442747499987
5320,222,340.49219407500027,455.25163292499997
5321,222,506.64229397500003,356.7392987749998
5322,222,375.9623745250001,381.05437252499996
5323,222,416.5738433750007,451.2613491249998
5324,222,419.3000340250002,417.6099245250001
5325,222,395.31244499999985,294.07340020000004
5326,222,364.06825642499996,323.27240549999976
5327,222,303.3169587500003,286.4355472000001
5328,222,263.7771568500001,264.9286695249999
5329,223,221.77198677500036,218.1908610749998
5330,223,272.5839508750003,238.332210175
5331,223,237.3074577,232.9102324499999
5332,223,285.0205262750005,223.8115673
5333,223,228.41654167500008,232.22794902499982
5334,223,230.15229632499995,243.91302084999995
5335,223,247.36517342499994,186.07869762500005
5336,223,220.10331215000014,263.90846127499987
5337,223,361.6317252750001,350.04050179999996
5338,223,300.771813425,299.32463129999985
5339,223,398.5859619500002,403.4924933499999
5340,223,403.72020342500025,428.4889238749997
5341,223,309.0291032250001,327.20560102499996
5342,223,474.80907060000015,384.0553869750002
5343,223,429.610519125,454.1902075999999
5344,223,381.40347957500023,408.3703324249999
5345,223,338.003161075,333.13195930000006
5346,223,402.450317025,370.16590687499985
5347,223,343.8609875249998,428.4060516500001
5348,223,284.2839564000001,366.12179909999986
5349,223,299.4946601500001,330.5230597500001
5350,223,318.5913840250001,343.1295545249999
5351,223,301.88722859999996,339.4750505249999
5352,223,275.58622657500024,232.20359430000008
5353,224,247.12344217500004,217.5624982499999
5354,224,213.89175542500013,222.49019742500016
5355,224,236.783127625,245.46006547499994
5356,224,235.58597685000024,236.21421125000006
5357,224,147.34100312500027,210.08705330000004
5358,224,276.81161572500025,252.67999647500014
5359,224,238.18193610000014,255.6450667749998
5360,224,235.62893482500056,304.38161455
5361,224,258.6094933250002,311.70222934999975
5362,224,314.6518863250001,338.89685262499984
5363,224,335.7803689500002,305.7078520749998
5364,224,413.7153513249998,298.193873275
5365,224,355.6082299499999,423.05605289999994
5366,224,399.02439597500006,417.56770489999997
5367,224,396.520260175,365.6534484999999
5368,224,374.77136544999996,414.6993345249999
5369,224,447.13075785000024,366.369190625
5370,224,426.33683892500034,373.192357525
5371,224,465.8429123500003,350.90351795000015
5372,224,368.45545967500016,310.4281161499999
5373,224,315.87916779999995,339.6252240999998
5374,224,251.5173575249999,337.86066787499976
5375,224,250.958261725,288.29877199999976
5376,224,277.45661032500004,294.7092759000001
5377,225,217.1070234749999,244.71831997500007
5378,225,232.41326600000033,234.00408652499993
5379,225,244.42146167500005,231.32291837500003
5380,225,172.34582097500032,171.46981412499989
5381,225,251.94052125000022,201.81291954999995
5382,225,280.69981922500006,188.99324550000006
5383,225,255.4287586250001,266.7460911499999
5384,225,273.7714000000003,344.0875879749999
5385,225,364.49218975000025,320.29855859999986
5386,225,399.0538339000001,370.43093274999984
5387,225,401.10254402499993,448.7400274999997
5388,225,371.0554308250006,331.28430465000025
5389,225,476.23245205,378.2001073249999
5390,225,467.6815116000003,375.8987212000002
5391,225,503.176030525,341.8114517749998
5392,225,486.84562225000064,410.66099567499987
5393,225,559.6356791750002,555.0751994749999
5394,225,409.7346154249999,460.8688261749999
5395,225,393.7035865749998,441.24604940000006
5396,225,452.28307890000065,405.97504459999993
5397,225,386.4334716499999,463.9084663499998
5398,225,406.41550095,320.44199042499986
5399,225,319.05399939999995,278.39767950000004
5400,225,241.2369999250003,291.09292865000003
5401,226,231.16979855000028,249.987277725
5402,226,277.02508025000003,240.15933587499998
5403,226,212.0506245000001,193.53502275000005
5404,226,262.367075375,168.423056475
5405,226,237.74867835000003,226.5486515999999
5406,226,271.09248192500013,225.4887632500001
5407,226,275.52812572500005,282.28005865
5408,226,311.8777997000002,323.2995342999999
5409,226,296.6955096500001,336.7762381
5410,226,326.32175347500026,318.9122505749998
5411,226,472.73846960000014,366.245862825
5412,226,500.9384676000009,341.38907052499985
5413,226,441.53741440000005,498.376728025
5414,226,491.6603434250002,450.1972398749997
5415,226,501.9783062500002,445.949800925
5416,226,438.76455645000016,385.01493802500005
5417,226,381.14835037500023,444.6852263999999
5418,226,429.5019596500007,489.3478284
5419,226,464.43168852500077,354.3090408500001
5420,226,441.68932367500025,340.7175654749999
5421,226,379.37768480000057,286.99976764999997
5422,226,302.6177673750003,301.47955907499994
5423,226,303.0741002499999,216.25481919999993
5424,226,346.2671786750004,246.31281762500004
5425,227,226.90494082500012,328.3537959250001
5426,227,250.95509805000017,187.89415332499993
5427,227,235.09703544999996,157.09705739999987
5428,227,196.327634525,209.21838362500006
5429,227,202.1311092250001,228.81094487500008
5430,227,306.7156910000001,247.79678107500013
5431,227,304.3411001500001,236.8708595999999
5432,227,311.72298847500025,325.89319387499995
5433,227,438.50042850000045,354.0435552499998
5434,227,318.7899667749998,375.21995664999986
5435,227,509.2981100999998,468.4997202999997
5436,227,333.71754957500013,349.142747675
5437,227,463.1337298000004,379.2490662999998
5438,227,393.5533576250004,424.5561252999999
5439,227,337.1211353750003,314.88355775
5440,227,335.40305720000015,351.0185916250001
5441,227,349.0325743000001,394.54798627499997
5442,227,323.9407142250001,335.2772108500001
5443,227,398.51711565000016,395.0041581500001
5444,227,281.885394775,466.46778415000006
5445,227,385.08121885,333.7957860499999
5446,227,283.57691235000027,311.73466625
5447,227,297.14407092500005,287.678880625
5448,227,253.8542054250002,273.6820392749998
5449,228,201.03761900000006,255.91516259999997
5450,228,162.74255865000012,237.71851764999974
5451,228,205.11624777500003,220.09006699999986
5452,228,240.83593227500012,317.6282385249999
5453,228,208.82129097500035,266.0357631500001
5454,228,205.11602427500043,222.231762775
5455,228,215.2366750499999,332.89157684999986
5456,228,268.26429410000014,306.2874234750001
5457,228,368.2797575999999,323.80693347500016
5458,228,338.2478123000002,386.3659150499999
5459,228,418.91082344999984,377.91537022499995
5460,228,363.11992952499986,378.17937017500003
5461,228,405.7540222250004,409.4690361499998
5462,228,464.23517927500006,406.88437450000004
5463,228,363.6790971500004,395.42325247499997
5464,228,428.8040093999997,381.66541235
5465,228,546.0833555250003,455.34725404999983
5466,228,372.0754151750002,405.7056855499999
5467,228,388.00567147499976,373.51665677500006
5468,228,384.3842925750002,354.88035657500006
5469,228,348.06147867500044,378.82128769999997
5470,228,388.9183237000001,319.7425590500002
5471,228,255.25386995000002,298.2321156499999
5472,228,212.39536605000023,291.3720892
5473,229,252.4606396250001,210.32029612499986
5474,229,193.14848959999986,243.46289817499996
5475,229,207.6040749250002,195.92657102499993
5476,229,233.47492905000018,179.7675970500001
5477,229,205.60901057500007,288.8812015
5478,229,221.52402927500003,211.37543137500003
5479,229,301.8031282750003,243.43437089999995
5480,229,228.33086337499992,301.6309333249999
5481,229,325.5428786000003,355.0650583999999
5482,229,305.85660337499985,347.29673235000007
5483,229,336.25603795000035,408.16746642499993
5484,229,439.04010725000046,410.7665414000001
5485,229,365.63790787500034,343.92362230000003
5486,229,379.4216746250002,363.3571529499999
5487,229,425.81005675000006,428.0958327999999
5488,229,406.75535227500046,332.2977528499998
5489,229,310.6872492750002,374.0629113
5490,229,381.1819762250004,409.2977670749999
5491,229,357.97806552500043,358.388804075
5492,229,382.458262175,344.43413404999995
5493,229,366.54611965000015,328.95094487500006
5494,229,264.61437217500014,264.2628127500001
5495,229,247.87134130000007,307.46634745000006
5496,229,232.832539075,193.62309934999982
5497,230,246.6683135749999,222.64675254999995
5498,230,219.5341513750001,257.38234565
5499,230,204.45382592500027,253.9601205999998
5500,230,205.93411380000018,167.19425027499977
5501,230,245.07602980000019,199.24005937500004
5502,230,239.31429730000002,216.37917497499996
5503,230,190.33405777499993,280.5715952500001
5504,230,276.23400827500024,248.36860727500004
5505,230,301.4980543500003,285.5286819749999
5506,230,304.94146592500016,288.5952870999999
5507,230,347.79809224999985,358.8470224499997
5508,230,313.6122787999999,416.50994087499987
5509,230,393.59291792500017,454.6057188249998
5510,230,399.69140555000035,315.76683774999987
5511,230,381.87884995000024,441.8136096749999
5512,230,370.1952117750002,411.2247980750001
5513,230,431.61758657500036,423.8944481249997
5514,230,281.75518832499995,338.59589152500007
5515,230,307.22617652500014,407.03130204999997
5516,230,448.9667150250001,410.184143275
5517,230,285.1117654250001,274.4525759999999
5518,230,289.71566962500003,252.10466524999998
5519,230,259.25988562500015,284.97215395000006
5520,230,228.20506962500008,258.0160988250001
5521,231,229.49644257500012,199.77454512499986
5522,231,219.58181475000006,188.91195207499993
5523,231,165.35487580000023,186.25753289999997
5524,231,189.866045875,217.644694625
5525,231,258.97143809999994,219.15902747500002
5526,231,260.4106928000003,227.06996842499993
5527,231,267.30362892500006,282.5985184
5528,231,225.75578817500013,245.95410149999987
5529,231,286.99705510000024,360.0235117999998
5530,231,363.54519670000025,434.4853190999998
5531,231,353.4318003500004,311.35233635000003
5532,231,343.2758323000004,324.1422692750001
5533,231,381.5093162500003,333.062176175
5534,231,431.94676197500047,379.5866144249999
5535,231,270.89766117499994,397.50455945
5536,231,316.0422345500002,334.0208982250001
5537,231,415.01197947500003,340.5880811499999
5538,231,379.51646135,330.8596689499998
5539,231,443.70610579999993,318.52268809999987
5540,231,332.58450989999994,281.0315302749998
5541,231,307.10014082500004,334.456523425
5542,231,296.26492770000004,343.557315725
5543,231,256.4084356750001,255.67516562499998
5544,231,239.4260545750003,220.2644313250001
5545,232,226.59611617500028,182.37377579999998
5546,232,204.39349845000015,213.58750419999996
5547,232,223.82683605000003,259.49027599999994
5548,232,192.84658025000002,247.69774134999994
5549,232,193.3556734250002,201.991542825
5550,232,225.91035289999996,214.58607997500002
5551,232,274.78941665,257.94832584999995
5552,232,351.9638768,292.47983117499996
5553,232,283.65805675,387.7565746749998
5554,232,352.27540655000007,286.86684675000004
5555,232,477.05693692500023,354.0405781499999
5556,232,445.7112838750001,407.07961167500014
5557,232,423.26182165000046,359.4745195250002
5558,232,400.56741997500046,463.8895668
5559,232,379.86716095000014,419.5501256
5560,232,413.3563781250004,449.4889646499998
5561,232,377.3805515749998,401.92593309999995
5562,232,472.0745656250013,304.7225538250001
5563,232,384.838689175,345.2311579999998
5564,232,413.22945152500006,428.0844445749998
5565,232,289.51111355000023,440.53906937499994
5566,232,283.77757365000014,326.85194732499986
5567,232,191.1534257250001,254.4617096749999
5568,232,236.36832200000015,234.51633887499992
5569,233,221.78512607500022,211.4955736
5570,233,169.72713704999995,213.59995295000004
5571,233,192.48043494999985,258.4706580499999
5572,233,234.8810654500001,203.0820202000001
5573,233,234.4603644500002,215.20112109999988
5574,233,262.6603574499998,294.7640410750001
5575,233,292.79165310000025,283.64489892499984
5576,233,313.52205367499994,309.06434994999995
5577,233,267.92694767500006,266.15328072499983
5578,233,280.97774050000004,377.80126687499995
5579,233,336.0972866000005,305.6706721249999
5580,233,457.52473210000016,332.45060654999986
5581,233,383.33904150000023,334.66582212499986
5582,233,360.4944942250004,353.7537712
5583,233,403.30881874999966,462.58951279999997
5584,233,408.94188299999973,439.20864182499986
5585,233,350.647763075,426.67807675
5586,233,349.95437265000066,360.1871799500001
5587,233,338.0568352250003,419.58841914999994
5588,233,260.229262025,292.30769972500013
5589,233,336.2281579500001,408.14920519999976
5590,233,367.42848300000026,320.79918644999987
5591,233,301.55753335000026,294.3137868499999
5592,233,271.9975681249999,234.1618644749998
5593,234,202.75615760000022,166.04010004999986
5594,234,244.2657543500002,228.60726805000007
5595,234,209.08184205000012,223.61055562499996
5596,234,184.67645402499988,195.90388142499998
5597,234,213.90475870000012,240.24486282499996
5598,234,234.77304897500005,242.84208587499984
5599,234,204.6627596750002,277.4930995000001
5600,234,269.0660799000001,295.925975375
5601,234,299.7834363249999,309.4727615
5602,234,302.4910465750002,306.61151909999984
5603,234,386.0172594250009,416.11135987499983
5604,234,477.5860894500003,422.30426069999993
5605,234,348.134949375,359.764833675
5606,234,351.1966350250005,334.5959884499997
5607,234,270.1034895749996,338.5526449
5608,234,346.7675444750004,336.9449246500002
5609,234,383.53360027500014,325.702625625
5610,234,345.8578800750001,385.162789825
5611,234,364.3687304750001,371.2943376250001
5612,234,357.1700699500002,344.15884622499993
5613,234,418.9490902500001,271.8654533749999
5614,234,350.77433702500036,333.6275772749999
5615,234,256.75333070000033,294.80999669999994
5616,234,210.58898565000027,218.6282516
5617,235,226.2860276250001,192.462034425
5618,235,168.3984069999999,203.3463184499999
5619,235,188.2316794000002,166.76538787499993
5620,235,173.91135005000007,185.1788821249999
5621,235,206.75043702500025,218.74615595
5622,235,260.47418285,259.85166284999985
5623,235,218.20502294999991,204.7585153999999
5624,235,271.6597643000001,329.97431852499983
5625,235,388.86026920000006,417.07245085
5626,235,312.0072649000001,323.3680649
5627,235,300.3561776,376.89971412500006
5628,235,336.9377440249999,450.7890510249998
5629,235,375.2438974500005,382.444055025
5630,235,297.1510284750002,311.57832329999997
5631,235,400.87429777500006,455.3341767749998
5632,235,358.11476989999994,358.3469979249998
5633,235,367.6770023,357.85719604999997
5634,235,379.36501935000047,349.760228225
5635,235,381.8945593000002,341.58361155000006
5636,235,386.5840829250001,331.70024952499995
5637,235,394.56927862500027,374.49206122500004
5638,235,279.23726742499997,313.21479114999977
5639,235,263.37296067500006,275.019487475
5640,235,238.61588845000006,228.90094852500008
5641,236,212.62294387500012,218.87847899999997
5642,236,183.84472765000027,170.362587325
5643,236,184.5576866500001,243.9003047499998
5644,236,203.28533715000015,233.12500440000005
5645,236,224.72991492500014,187.16904812499996
5646,236,202.08499585000015,265.8786848499999
5647,236,275.07369677500003,301.6519942000001
5648,236,259.88429885000005,295.5172021000001
5649,236,342.7829569250001,273.91569537499987
5650,236,335.563707225,307.5800728249999
5651,236,458.0375009999998,446.5227370249999
5652,236,411.7882489000005,298.3633924249998
5653,236,389.9842788500003,403.72743757500007
5654,236,316.10675957499996,297.56267685
5655,236,417.16451482500025,437.7323544749996
5656,236,255.88673592500004,429.65221540000005
5657,236,337.33461577500054,357.76118715000007
5658,236,392.9290913250003,275.7639771500001
5659,236,430.01051347500044,298.89931117499987
5660,236,320.37198855,341.01465982499997
5661,236,348.89809927500033,310.42676264999983
5662,236,286.9234251250002,372.4953831500001
5663,236,228.13362785000012,278.36852027500004
5664,236,310.8119594000002,289.06258672499985
5665,237,181.64798002500012,184.53313467499981
5666,237,235.64229510000013,201.88744094999993
5667,237,201.30851557500046,215.081484175
5668,237,208.67517577499999,259.16590165
5669,237,194.81874115000028,207.14481204999998
5670,237,194.32595364999997,207.5949655999999
5671,237,249.32616569999982,209.5041927499999
5672,237,249.2214970749999,280.56270274999986
5673,237,203.99424482499998,293.97014630000007
5674,237,293.8479784250002,355.3199997250001
5675,237,385.5673464250001,349.3937086999998
5676,237,292.80817557499995,335.1852010749999
5677,237,238.00351482500025,321.95066287500003
5678,237,340.22227422500004,321.9840414749999
5679,237,286.7178387250001,316.4529421749999
5680,237,340.05491812500026,341.7937140500001
5681,237,349.09098825,302.9003496749999
5682,237,286.4714811250002,213.2872570250001
5683,237,315.34813187500015,389.98399367499997
5684,237,339.52940205000016,372.8234581749999
5685,237,306.44383522500004,287.4580120749999
5686,237,271.37877845000025,254.34877745000006
5687,237,256.17628802500025,294.39094405
5688,237,187.67714822500005,234.45376782500006
5689,238,219.63343707500007,176.715617125
5690,238,199.30208497500013,169.73900217499988
5691,238,200.1059494000001,182.45884822500005
5692,238,151.5799682500001,188.577058675
5693,238,164.9165544249999,190.06425969999995
5694,238,238.96875242499985,189.3571225249999
5695,238,229.75671357500022,233.16753689999996
5696,238,283.4700055250001,282.2286178999997
5697,238,243.27916617500009,288.8949651999999
5698,238,272.1174020750001,296.3912267249998
5699,238,281.5390463750002,266.89303437500007
5700,238,322.6031459500001,303.26495494999995
5701,238,328.1446697250001,311.45997884999974
5702,238,369.83591945000023,208.98914817500005
5703,238,336.2214183000002,289.83589429999984
5704,238,328.28995980000013,294.97336057499996
5705,238,307.2296511000002,294.1956584499999
5706,238,355.8626504000001,304.5844912749999
5707,238,290.219505475,304.4118661250001
5708,238,274.2824617,291.575707125
5709,238,282.456505975,286.5792797999998
5710,238,260.52348422500006,308.34137189999996
5711,238,210.81635755000008,276.2997908499999
5712,238,216.71986440000018,211.07787399999995
5713,239,181.56853720000007,164.27405777499996
5714,239,189.13777460000026,182.94893424999992
5715,239,167.36247572500008,224.88057525000005
5716,239,204.9373442500002,178.29979072500004
5717,239,205.42259847499997,267.3718473999998
5718,239,252.3748151500003,205.906192625
5719,239,214.34879780000006,240.19690769999994
5720,239,268.06373647500027,324.02930790000016
5721,239,327.7369119250002,192.01912992499993
5722,239,356.7627467750001,316.47751927499996
5723,239,286.0756787249999,277.51692727499994
5724,239,402.02296090000056,308.6888692250001
5725,239,403.06812320000034,414.4615342249997
5726,239,431.33789135000046,275.7580729
5727,239,413.4555525000004,409.2895403999998
5728,239,386.60263840000005,455.66104162500017
5729,239,402.1502859750002,352.22595492500005
5730,239,358.60201112499976,403.47347939999986
5731,239,301.154555875,370.04405872500007
5732,239,354.51484455000013,400.28206837499965
5733,239,347.9327705500002,363.4640862250001
5734,239,267.8388309750001,284.9989508
5735,239,288.05231155000035,300.1809668750002
5736,239,198.8064135749999,201.93398324999995
5737,240,221.58208415000004,162.049784525
5738,240,194.25996410000027,161.27442807499997
5739,240,217.05800895000002,239.633853175
5740,240,234.5570369750002,199.55411194999994
5741,240,233.50597077500004,235.44088404999994
5742,240,278.44056655000014,249.828342975
5743,240,250.9644514,263.60283367500017
5744,240,326.45328775000036,339.90138172499996
5745,240,354.943517025,337.388109425
5746,240,343.5170587250001,314.2946005749998
5747,240,316.30708172500005,392.60783377499996
5748,240,302.3803281750003,361.7078270249999
5749,240,316.70414560000006,406.0999607000001
5750,240,361.33557699999994,345.3632036999999
5751,240,502.2733479500006,360.87063939999996
5752,240,378.49584060000007,431.86319447500017
5753,240,421.4876526,407.8916387249999
5754,240,350.68325555000035,433.2635727499999
5755,240,387.60797747499987,449.691997375
5756,240,397.80858895000006,399.4169181749998
5757,240,355.3308920500003,319.0463453000001
5758,240,292.38830039999993,345.5845921
5759,240,295.2298999000001,307.68347352499995
5760,240,234.25846987499995,265.1340421749999
5761,241,247.86688284999985,234.0555409499999
5762,241,209.21577197499988,156.91481644999993
5763,241,263.61449330000005,204.84861422499995
5764,241,223.76145325000033,205.280385175
5765,241,223.45738545000003,232.22485492499982
5766,241,216.19750349999998,255.6842440000001
5767,241,337.7741633500001,243.67577795000005
5768,241,215.10446007500002,320.3122117249999
5769,241,313.8229429500001,356.19473727500014
5770,241,371.8957464250002,377.7182588999999
5771,241,475.3593932,443.0537579500002
5772,241,490.4003861000007,527.0893924750001
5773,241,404.7135076500001,412.34524894999987
5774,241,439.63372207500004,398.652300775
5775,241,418.18474112500036,456.72678590000004
5776,241,500.20696740000005,361.109512325
5777,241,388.88422937500013,504.91642855
5778,241,364.5923790750004,420.4916021749999
5779,241,342.69149382500007,364.33281247499997
5780,241,362.5045223500004,339.62578407499996
5781,241,321.4447330500002,321.07693812499997
5782,241,427.3799924500002,324.71203772499996
5783,241,304.6914882250002,288.3459900999999
5784,241,270.9891717250003,272.6520190749999
5785,242,249.73463302500016,306.0019818999998
5786,242,199.18435762500002,198.86809260000013
5787,242,206.54637750000012,206.32552707500005
5788,242,172.2937824749999,208.02470337499983
5789,242,220.9375188250001,249.42841112500014
5790,242,247.04198737500013,316.7917558500001
5791,242,262.9080376499999,355.8877062999999
5792,242,245.48623705000017,313.07780909999985
5793,242,381.0520630000001,326.55767145000004
5794,242,376.25231250000024,341.58502242500003
5795,242,343.63634810000025,406.5323693
5796,242,376.7979616750001,382.00590299999953
5797,242,340.8369632250003,459.0655935499999
5798,242,402.1444196000007,423.70454929999977
5799,242,345.7745934249999,335.4449442
5800,242,351.77952420000054,339.0984430500001
5801,242,297.0905388749999,354.755106725
5802,242,258.1706072500001,391.6554614250001
5803,242,356.9884560500001,359.01520834999985
5804,242,318.5208847,377.09625097499986
5805,242,319.10284245,374.43440555
5806,242,263.5564832250001,312.4004672499998
5807,242,251.31808440000015,283.0259029250001
5808,242,233.7412364500001,251.25808809999998
5809,243,259.0377576750003,190.43477602499996
5810,243,212.42785815000008,245.44091589999994
5811,243,212.69532642500042,197.23227382500005
5812,243,228.08185165000003,177.95772820000002
5813,243,185.7412581500001,207.27650780000016
5814,243,224.54176875000013,241.3472972249998
5815,243,237.7378071500003,261.74051017500005
5816,243,274.66089479999994,387.12729182499993
5817,243,267.94189872500027,325.74326855000004
5818,243,341.7757341750004,264.74986465
5819,243,278.68115255000043,455.0725408500001
5820,243,424.38282285000037,334.4277865999998
5821,243,400.5159014749998,348.3442120499998
5822,243,348.23170282500035,326.64868839999997
5823,243,344.6423797999996,413.330272775
5824,243,371.4199500500001,425.76508029999997
5825,243,381.88116517499975,440.1074108249998
5826,243,324.19043909999994,250.8935084749998
5827,243,289.1224402250001,406.8260882499997
5828,243,377.19989095000017,386.3160761999998
5829,243,287.62802060000007,308.04317315000003
5830,243,267.90224039999987,320.8603607499997
5831,243,251.44711299999983,253.25459292499983
5832,243,192.8046189000001,211.46633634999998
5833,244,236.48590935000018,254.65485612499998
5834,244,187.33590727500012,288.2384877499999
5835,244,180.14358227500014,263.337947575
5836,244,167.94102372500015,182.07728852499994
5837,244,227.51356285000014,165.48765097499995
5838,244,268.8822546749999,157.64229684999998
5839,244,216.28430350000014,195.89885747499983
5840,244,249.73360605000033,297.5461869750001
5841,244,269.72924442500033,279.5710314499999
5842,244,314.24663727500035,299.726580475
5843,244,321.2551548250002,288.1916068249999
5844,244,330.04402027500026,284.794745425
5845,244,363.02784985000005,334.18782199999987
5846,244,304.8946754500001,274.68030379999993
5847,244,366.25300400000026,267.19851797499996
5848,244,383.9492235000002,304.87190265000004
5849,244,341.3266768249999,271.074123325
5850,244,334.1646171250001,405.0704594249999
5851,244,296.38592127500016,346.0859788749998
5852,244,345.3080142,344.33561412500006
5853,244,405.20164247500037,307.1808791499997
5854,244,329.8804979500001,308.81827954999983
5855,244,235.80829762500005,210.66812519999993
5856,244,218.45880480000014,237.05210125000005
5857,245,156.69354672500003,185.58052634999996
5858,245,165.51718785000014,188.2564461
5859,245,202.44011905000025,192.86813750000005
5860,245,190.2482470249999,148.37420812499988
5861,245,197.8169959000001,171.83994382499998
5862,245,207.75672509999993,234.4358918749998
5863,245,252.02324630000035,244.79881404999995
5864,245,226.30918835,189.34624022499975
5865,245,229.70202350000008,288.0010900999997
5866,245,283.63640582499994,290.91485557499993
5867,245,318.43298997499994,347.80091897499995
5868,245,323.2742224250002,313.37197687499986
5869,245,267.71271110000004,287.57976784999994
5870,245,271.9807830000002,307.69914192500005
5871,245,318.0229352750001,288.4365363500001
5872,245,300.3881128250001,313.33641930000005
5873,245,349.40592187500033,345.42997455
5874,245,287.03190422500006,378.59525199999996
5875,245,233.50738630000012,346.07532067499983
5876,245,298.00855767500025,280.3403137
5877,245,258.46228234999995,365.1786481749999
5878,245,246.6029269500001,305.41043347499976
5879,245,214.40087842499986,246.91537137499995
5880,245,229.41846275000006,245.46699450000003
5881,246,225.29374184999995,183.98543904999985
5882,246,201.50032260000017,145.02346219999993
5883,246,174.923154275,199.71911867499995
5884,246,232.86114277500008,184.54628697499987
5885,246,238.44494224999997,218.16163052499996
5886,246,208.96377690000043,202.11268332499998
5887,246,252.76784332500029,243.89607754999986
5888,246,283.0705862250004,272.82741464999987
5889,246,208.01925842499998,248.89795174999983
5890,246,286.8812496250001,226.2885071999999
5891,246,345.0208998250002,240.76419287499974
5892,246,356.90984742500007,319.5157315249999
5893,246,310.69958160000044,314.4114069000001
5894,246,384.3959855750005,324.12214992499986
5895,246,283.7977056000001,391.4982314
5896,246,314.5846395000002,344.7037809500001
5897,246,337.31217042500043,340.4177081499997
5898,246,293.1448848500003,400.9128714
5899,246,330.47556055000007,324.38630090000004
5900,246,280.90468802500027,311.2579531499999
5901,246,284.98313475,331.5275055499999
5902,246,278.5943478749999,286.6660568
5903,246,259.50214930000027,203.09942952500018
5904,246,242.87549422500007,228.27198055000005
5905,247,201.5460692500003,257.13772285000005
5906,247,177.6122622000001,214.87724964999995
5907,247,198.0365374250001,212.8459991000001
5908,247,173.25030464999998,228.77215087499997
5909,247,195.25946397500007,231.47227624999982
5910,247,237.7598865500001,220.81765027499995
5911,247,249.14312750000008,272.92343207499994
5912,247,318.30323975000005,339.1128152250001
5913,247,299.13977057500017,280.9255641499999
5914,247,311.62126274999997,274.6895464749999
5915,247,372.4121280249999,361.59942137500013
5916,247,312.53668750000014,349.3515672249998
5917,247,327.3867864749998,376.2931055249999
5918,247,391.1391069000008,429.4359021999999
5919,247,468.51886892500016,388.4261659749998
5920,247,353.6623274000001,314.23659465000003
5921,247,385.1679439249999,439.8958819499998
5922,247,363.1158505000001,333.13160972499986
5923,247,363.02565037500017,377.0132283249996
5924,247,319.3870838,387.52558869999984
5925,247,390.2680015250001,296.2817441249999
5926,247,260.6068896,317.9269065499999
5927,247,193.43191645000022,233.32140879999986
5928,247,242.5294791000001,223.6987505249998
5929,248,206.990898375,218.740446475
5930,248,201.63571862500024,175.24173534999994
5931,248,210.31127812500017,158.56340944999988
5932,248,300.37677040000017,174.993119225
5933,248,211.61930554999986,216.19859712499988
5934,248,206.8026162750001,236.04472382499995
5935,248,246.82816025000005,249.80792432499993
5936,248,298.49734527500004,230.31278052499977
5937,248,352.3717972500002,307.7587215499999
5938,248,353.78231155000003,291.94995399999993
5939,248,422.56824235000045,332.51154694999997
5940,248,326.12688890000027,327.73861140000014
5941,248,304.61269522500004,350.94384199999985
5942,248,352.7870741000002,318.79343317500013
5943,248,327.5686850249999,280.30699875
5944,248,334.43293159999996,269.81493379999995
5945,248,446.12543047500014,322.95513362499986
5946,248,317.953123025,359.3937269749998
5947,248,357.5761564750006,347.73831617499997
5948,248,285.8381668499999,403.9520204749999
5949,248,298.0116208000003,342.436667525
5950,248,340.75642537499994,321.925481375
5951,248,282.42992845000003,266.8375407
5952,248,247.95823125000004,260.62638952499987
5953,249,219.316693525,209.19679845
5954,249,209.80227467500015,215.98867395
5955,249,207.89381020000013,220.63820624999988
5956,249,186.737593425,180.54838919999997
5957,249,229.1493178,219.58233917500002
5958,249,171.43661855000016,233.01527200000004
5959,249,243.41728587499986,278.83466179999994
5960,249,314.00906472500014,237.75426857500008
5961,249,332.7110147250004,332.31923470000004
5962,249,334.5590223249999,365.82132614999995
5963,249,375.6565667500003,297.96785597500013
5964,249,318.66966339999993,303.08459692500014
5965,249,350.24745277500074,366.4742599749999
5966,249,311.6518485750003,323.2280680499998
5967,249,394.55746322500056,313.522453675
5968,249,389.35974425000006,432.59140782500003
5969,249,383.05743487500024,426.11290329999997
5970,249,418.1638275500005,316.5600526750002
5971,249,374.69638815,273.0319210499997
5972,249,335.67888847500035,272.15355910000017
5973,249,278.78320432500016,320.55387597500004
5974,249,284.6415782249998,338.2610970249999
5975,249,257.04714545,297.86061312499993
5976,249,258.174934425,230.04792357499997
5977,250,200.41842529999997,223.88683275000002
5978,250,197.0524999500002,246.63736097499998
5979,250,251.5282103750003,251.50203025000005
5980,250,193.05510495,201.8484211999999
5981,250,241.70532730000008,218.68481125
5982,250,300.77334299999995,212.6197705749999
5983,250,308.63635162500026,214.42954835000015
5984,250,245.67989920000014,272.42797000000013
5985,250,334.94005335000037,308.5035275249999
5986,250,370.3513278750004,355.716745725
5987,250,358.6527754000001,406.84166477500014
5988,250,315.5492520000007,422.05863347500014
5989,250,338.471755825,424.5420069249999
5990,250,305.76297884999985,350.0467319249999
5991,250,430.58213034999994,356.753468625
5992,250,372.9006150749999,320.8869613999998
5993,250,445.73775752499995,328.7403668249998
5994,250,362.3787432249999,281.6607722750001
5995,250,324.1750430750002,284.32784365
5996,250,328.6318947249999,263.4537980249999
5997,250,337.9535649500002,284.190835825
5998,250,361.70719387500003,248.73735667500003
5999,250,358.9868470250002,323.43159349999996
6000,250,187.6478894,237.84771909999986
6001,251,221.42741377500013,206.87247957499994
6002,251,184.16699335,197.16756492499997
6003,251,171.4458183000002,162.76128592499998
6004,251,171.91324352500024,173.74593067499995
6005,251,247.01514857500013,248.000500625
6006,251,237.67048015000051,247.9854924999999
6007,251,255.25425129999996,248.72503837499988
6008,251,282.6226885500002,274.864694925
6009,251,282.965423775,343.402560775
6010,251,295.5189552000002,394.23853972499995
6011,251,297.64208852499985,372.53769127499993
6012,251,344.3130986750001,401.7296974999998
6013,251,377.6121922000009,364.535746925
6014,251,322.3539797250003,341.9534566249999
6015,251,353.129315775,320.20407284999993
6016,251,413.7264621500003,309.1985043750001
6017,251,306.54001895000005,361.826887425
6018,251,382.22341742500026,288.16365859999996
6019,251,266.43547700000005,338.13328130000014
6020,251,295.39994060000015,347.70144835
6021,251,370.0126915500008,368.1994958
6022,251,207.4526451750002,285.69238002500003
6023,251,234.9727521750001,192.9135252999999
6024,251,252.8642872000001,202.67746652499994
6025,252,220.92550002500028,286.76826822499993
6026,252,214.92728235000004,242.67986897499972
6027,252,192.59320335000015,193.05918350000002
6028,252,140.65509237499998,193.67828874999987
6029,252,173.62160902500023,220.08358647499995
6030,252,185.7690597500001,199.15788032499998
6031,252,224.072664,255.16577287499982
6032,252,246.93433107500027,190.48446812499986
6033,252,280.70886495000036,243.55984622500006
6034,252,294.95231160000014,291.84246140000005
6035,252,420.72278359999996,317.45253249999973
6036,252,346.4907130250003,355.19989970000006
6037,252,358.8466449250002,352.0544180249999
6038,252,293.42471120000005,412.9006379
6039,252,344.4661358000003,300.18052622499994
6040,252,321.8395396250002,294.58345567499987
6041,252,319.6607444250004,333.41469657499977
6042,252,309.2201987,342.1952362999997
6043,252,257.789644975,304.11903929999994
6044,252,334.8721659000002,322.8877878499999
6045,252,367.5498288250005,270.564256775
6046,252,279.4811454000001,299.17834067499984
6047,252,217.4546161500001,266.60496355
6048,252,168.08864322500014,189.444690325
6049,253,209.9356785500001,199.035557725
6050,253,221.56197802499992,151.15738015000008
6051,253,201.8193703,171.6217126749999
6052,253,213.50373760000002,143.79617419999994
6053,253,219.1127437250001,208.91888119999993
6054,253,280.4573614500001,216.40584472500012
6055,253,253.1399475500002,246.96131559999992
6056,253,301.237392675,296.50583247500015
6057,253,374.5094782000002,268.87715694999997
6058,253,369.5499041000003,292.68601819999975
6059,253,294.57458602500003,344.39088255
6060,253,352.59948847499993,361.62162349999994
6061,253,320.67038125,323.5216764500001
6062,253,354.3786699499998,407.8706534250001
6063,253,365.0934024750004,400.32232242500004
6064,253,393.7038033000001,341.8500270249999
6065,253,341.8455196250003,465.4567155249998
6066,253,329.96403504999995,360.8133424749999
6067,253,360.7522258500002,407.91558202499994
6068,253,306.09385727499995,325.468744875
6069,253,274.52049832500006,312.21891675
6070,253,267.7757667750001,289.77169697500005
6071,253,258.2999319500001,290.86725790000014
6072,253,235.95591005,209.37431779999997
6073,254,201.42888207500016,223.3958402749999
6074,254,188.46204262500007,200.7318550249999
6075,254,195.6977380500001,187.51329622499995
6076,254,181.0732794000002,239.61891044999987
6077,254,188.69210885,241.51864944999988
6078,254,240.08760029999996,260.07601134999993
6079,254,285.29180762499993,323.56203982499994
6080,254,230.33540925000003,277.12437919999974
6081,254,292.7556738000004,340.03226170000005
6082,254,294.71556037500017,327.71827464999996
6083,254,349.45659797500014,259.9277724249999
6084,254,384.9805872500001,358.442667175
6085,254,423.96614075000105,385.01891027500017
6086,254,319.5062942750003,322.18397787499975
6087,254,354.1325209000004,324.47056734999995
6088,254,337.897819725,315.27624030000004
6089,254,300.8961188000002,464.21057814999983
6090,254,342.57553210000026,428.08394765000014
6091,254,366.9079269750002,328.63088135
6092,254,338.53595560000036,352.28707899999984
6093,254,317.81044032500006,323.01951402500003
6094,254,280.65975545000003,303.1351017249999
6095,254,281.7107764000001,244.14224154999988
6096,254,268.11236522500025,265.1611835999999
6097,255,208.9626138250004,193.480080375
6098,255,209.46547752500032,205.44698209999996
6099,255,191.02539844999995,222.1594829999999
6100,255,194.86185960000006,170.436030875
6101,255,207.69110310000025,220.70201097499992
6102,255,251.77017862499994,212.53165012500008
6103,255,248.21016642500035,280.2891141
6104,255,280.6984241750001,216.98222422500004
6105,255,321.70128569999997,272.36880210000004
6106,255,374.4575251250001,370.37435222500005
6107,255,390.95887500000043,302.0137208750001
6108,255,326.49050282500014,403.72950320000007
6109,255,308.6357155000002,401.29617309999986
6110,255,341.3068260500005,350.1720086999999
6111,255,349.99233072500004,444.53433077499994
6112,255,327.2650801750002,340.9994564499999
6113,255,343.27128860000016,330.2245708750001
6114,255,357.37884985000005,280.8861536999999
6115,255,393.3254821250001,343.938242075
6116,255,336.5029849500001,356.168062275
6117,255,350.82623475000014,363.2896559499999
6118,255,265.029137075,328.2508089500002
6119,255,242.4303851500001,238.12269537499998
6120,255,196.30329590000002,241.67046875
6121,256,199.02502722500012,221.71468017499984
6122,256,249.97636955000002,158.32737579999994
6123,256,180.62927607500006,157.7568765749999
6124,256,164.65644627500012,194.0287815499999
6125,256,141.57524277500005,197.02419812499986
6126,256,200.45275040000004,217.5707112500001
6127,256,264.47418777500013,271.71077505
6128,256,249.7870538000003,261.2188763999999
6129,256,271.395999175,274.74821600000007
6130,256,373.47257824999997,280.0857864000001
6131,256,427.68012152500035,348.7943000999999
6132,256,443.4862417000006,262.8502596999998
6133,256,406.68546422500043,348.62127602500016
6134,256,323.69639682500036,303.714660775
6135,256,405.29553462499985,375.80811637499994
6136,256,299.0592156749998,349.2054313750001
6137,256,345.2898930250002,271.45839490000003
6138,256,406.455130725,290.88924215
6139,256,270.81083835000004,416.368276725
6140,256,306.2939673,415.8972644999999
6141,256,285.5977968750001,413.68912217499997
6142,256,247.19242787500025,305.97837612499995
6143,256,233.8212840499999,271.3476658749999
6144,256,231.75616312500017,263.1878878
6145,257,230.51090952500005,199.2564005000001
6146,257,173.04720605,276.986092375
6147,257,180.25720552499996,235.98392519999993
6148,257,144.712774475,232.66705544999996
6149,257,196.97074392500002,185.01387617499995
6150,257,215.4333212750002,228.17635882500002
6151,257,253.88635717500006,248.3491942499999
6152,257,300.4061610000002,261.11051727499984
6153,257,413.987652475,317.39476369999977
6154,257,350.63064432500045,398.24373609999986
6155,257,424.9611726500002,302.11962655000013
6156,257,355.0606177000002,405.2698465750001
6157,257,433.95630712500014,377.1932719249999
6158,257,315.7912112000003,392.4286288999998
6159,257,366.6375016750003,375.4169465749999
6160,257,388.80484600000034,393.7746723499997
6161,257,369.1536088749998,393.892367425
6162,257,385.760313525,312.40249627499986
6163,257,372.1630139500006,388.73068265000006
6164,257,323.3052123250002,338.15073770000015
6165,257,276.5154315000001,325.57858969999995
6166,257,294.35989262499993,281.773401275
6167,257,318.5602530250002,284.2509456749999
6168,257,257.33008000000007,257.85077754999986
6169,258,210.40998862500038,160.59241814999996
6170,258,176.45724827499998,168.19902364999996
6171,258,178.0755507250002,193.62033009999993
6172,258,181.41669455,171.78842382499985
6173,258,162.2488106250001,165.13117689999999
6174,258,195.26847014999993,197.67217814999998
6175,258,239.5244290000003,228.0886320000002
6176,258,284.638761475,239.09734825000015
6177,258,295.3638951000001,260.6166233249999
6178,258,325.234553075,255.22293422499982
6179,258,315.75539482500005,351.144151975
6180,258,351.28329450000035,360.05739434999987
6181,258,388.07557842500023,309.9740288749999
6182,258,333.5886788000003,403.9308928249999
6183,258,427.19969792500024,340.1156218499999
6184,258,345.9082938749999,346.5196626499999
6185,258,334.2560561249999,295.415295775
6186,258,337.8239324250002,349.0466827749999
6187,258,351.90572875,296.96416387499994
6188,258,361.7129271000002,311.0230264749998
6189,258,358.90764682500014,319.329071225
6190,258,286.43192390000013,293.9044787749999
6191,258,245.6605293499999,255.36309069999987
6192,258,253.40491392500016,254.48041702499998
6193,259,175.28097067500008,184.21781297500002
6194,259,207.84548837500012,237.78816909999995
6195,259,217.0821867749999,177.20434159999996
6196,259,209.17791440000016,170.29211274999994
6197,259,205.79927392500002,193.923316
6198,259,212.7880362749999,187.36044799999993
6199,259,236.8034242250001,237.69765169999994
6200,259,246.14050925000004,266.41062424999984
6201,259,337.47766865000017,314.84395712499975
6202,259,281.98394195000003,284.7592776749998
6203,259,335.4595532500002,395.4528914
6204,259,308.88444705000006,387.9679442749999
6205,259,318.5349158250003,412.9811033249998
6206,259,293.7124868500001,320.325787175
6207,259,363.9177757250002,360.1099927999998
6208,259,428.7318806000004,331.2071365249999
6209,259,242.33363537500009,358.4358494999999
6210,259,239.7075122750002,360.2164009999999
6211,259,318.2296186000001,355.6067821749999
6212,259,370.02512437500013,275.18148319999983
6213,259,299.33186342500017,281.7605050749998
6214,259,317.69546412500017,300.99522827499993
6215,259,236.34510050000006,216.99544617499993
6216,259,219.28883725000023,238.57580994999998
6217,260,143.38633515000012,170.017094525
6218,260,139.38744522500002,208.63496707500002
6219,260,171.29524385000008,181.1750039499999
6220,260,163.69512622499997,176.72513614999997
6221,260,189.1357915750001,187.66609492499995
6222,260,226.72834905000025,256.62839054999995
6223,260,265.7569710250002,206.25319085000004
6224,260,270.3624200500001,311.3615033000001
6225,260,289.92198010000016,282.89167562499983
6226,260,279.9932634249999,311.796306725
6227,260,321.3418396,360.11177984999983
6228,260,377.4038672750001,329.36579312499987
6229,260,254.97860114999997,337.19092865000005
6230,260,336.6158848999999,409.555701925
6231,260,341.84359117500037,362.9903953999999
6232,260,379.95298477500035,487.6289677749999
6233,260,334.66111135000006,354.46745532499995
6234,260,374.51122262499996,314.74262065000005
6235,260,340.6950916250005,413.164160975
6236,260,325.6317815,314.6848634500001
6237,260,418.4431581500005,330.20763317499996
6238,260,273.25629372499986,289.46516240000005
6239,260,258.73314055000026,262.6822852249999
6240,260,225.41195022500003,206.39985815
6241,261,139.35759824999997,211.03549757499985
6242,261,207.9441781000001,212.22117237499987
6243,261,185.47694977500012,212.14913345000002
6244,261,217.00306170000022,175.54455437500008
6245,261,182.48203075000006,200.93163044999994
6246,261,260.90718789999994,217.6142261000001
6247,261,284.85681587500017,246.4210645
6248,261,277.8988941,274.7341815249998
6249,261,255.99388252499995,316.9383757249997
6250,261,271.24184975000014,283.27342642499997
6251,261,310.31070245,369.18895235
6252,261,306.98826327500007,295.47350100000006
6253,261,310.21673472500015,333.58372979999996
6254,261,301.7254424750001,349.90566017499964
6255,261,386.1190476500001,365.43142639999974
6256,261,350.2819557500002,360.54568909999983
6257,261,414.23972407500025,424.82755105
6258,261,285.7475454500002,402.743753975
6259,261,385.1448464750001,319.1345924750001
6260,261,302.18568292500004,300.60207554999977
6261,261,344.51581902500027,242.51781879999987
6262,261,248.36019685000008,312.3354768500001
6263,261,227.87817355000024,250.80034477499999
6264,261,189.52827422500013,202.10630609999993
6265,262,197.80298262500008,193.49170982499987
6266,262,206.68284560000012,220.33140360000004
6267,262,174.46114030000012,162.52195314999997
6268,262,190.99533560000003,186.56216404999998
6269,262,186.7003933750001,195.37689292499994
6270,262,207.73016362500016,228.76139007499995
6271,262,229.78590747499985,262.8938480249998
6272,262,251.11014460000015,351.3906246249998
6273,262,293.8054847250003,267.77716777499995
6274,262,287.2393181000001,325.89756172499995
6275,262,362.925353425,373.4920669749999
6276,262,403.91995567500004,318.25884444999986
6277,262,364.1302343,369.1622464249999
6278,262,266.1598774,376.8567028
6279,262,283.2013661000001,373.5624317999999
6280,262,360.4872223500004,369.2635605000001
6281,262,372.0323423000001,318.2188406749999
6282,262,263.35508827500007,283.72332982499984
6283,262,278.75628352499996,271.450551575
6284,262,285.6827301500001,313.19344667499996
6285,262,293.301608275,324.1199313499999
6286,262,278.6722723500003,271.9277406750001
6287,262,279.56119679999995,204.64446837500003
6288,262,207.93785335000013,213.55969885000002
6289,263,205.2426957750002,216.64242267499998
6290,263,188.50266315000033,174.909764
6291,263,180.8713919500002,210.79826235000007
6292,263,196.36126537499996,163.91333644999986
6293,263,164.25078582499992,146.95367902499987
6294,263,250.3944346750003,169.45015592499988
6295,263,216.01553932500008,238.38650144999988
6296,263,271.47870600000005,277.5448214999998
6297,263,290.9769095249999,321.59193394999994
6298,263,312.1630547249999,297.8095688750001
6299,263,285.09983487499994,398.46860227499985
6300,263,331.11740102499994,434.36283714999985
6301,263,340.68190027500054,392.08040797499996
6302,263,421.5355380750006,403.77395959999984
6303,263,370.06917880000015,292.1356189999998
6304,263,418.22288892500035,417.91765202500017
6305,263,377.49633992500037,365.64510979999994
6306,263,411.58066869999993,378.7574138249999
6307,263,324.5204741250002,322.26493760000017
6308,263,344.8415364249999,350.71309844999996
6309,263,307.05777845000017,340.5594812999999
6310,263,290.7726637500001,286.85847124999987
6311,263,247.58542669999994,242.02634299999994
6312,263,179.92639837500002,202.20331070000006
6313,264,209.1701265499999,187.66361884999998
6314,264,175.77791070000023,207.80111145
6315,264,157.38120795000006,198.71763152499994
6316,264,190.9352715499999,194.66486082500006
6317,264,181.85572432500004,169.27819057500005
6318,264,217.16059175000012,218.47122222499996
6319,264,249.605896925,245.18185175
6320,264,270.2003044499999,239.2457345750001
6321,264,292.43866694999997,333.3468680999998
6322,264,262.3871232750002,332.3450951
6323,264,321.58576287500034,444.86418874999987
6324,264,373.49025529999994,282.38846605
6325,264,314.3092077749999,321.6907906999997
6326,264,398.3574043000002,362.7359434749998
6327,264,416.95388452500026,495.23159395
6328,264,352.48053377500037,296.94660477499997
6329,264,393.6430055000003,315.21496337499997
6330,264,415.9943480750003,319.4290744499998
6331,264,390.8811343250001,386.85356864999994
6332,264,260.0548666500002,334.2937082750001
6333,264,291.3135789749999,435.68684035
6334,264,267.06434507500023,314.4010141
6335,264,250.50521805,288.9914371750001
6336,264,227.57715300000038,203.71156177499995
6337,265,243.41985047500032,208.92974677499996
6338,265,166.89342620000014,195.08879004999991
6339,265,173.2652714250001,138.31600347500006
6340,265,164.12212702500005,146.90255607499995
6341,265,190.6434232500003,198.15309994999993
6342,265,258.239418575,201.32131735000004
6343,265,204.74942402499994,205.3898172749999
6344,265,239.96173372500027,274.9123808249999
6345,265,282.12700817500047,316.22697219999986
6346,265,259.4554085000003,284.0665151249999
6347,265,317.51900190000026,314.32804617500005
6348,265,390.61257370000067,285.420487775
6349,265,317.1094698500002,308.9301370499999
6350,265,287.5141956750002,255.426985925
6351,265,355.519748225,296.62729579999984
6352,265,315.2668036000001,324.4420162
6353,265,295.42779134999995,292.2211471749998
6354,265,433.16036535000035,327.79849194999986
6355,265,281.5958097500003,352.09102085
6356,265,361.9201266250001,264.132650825
6357,265,254.35530782500035,285.91007534999983
6358,265,318.3232804000003,264.84864934999996
6359,265,244.6580724999999,260.69186092500007
6360,265,201.31589925000017,221.67672562499982
6361,266,194.6546945,164.83227557500004
6362,266,196.1430477,184.12763259999994
6363,266,151.224999475,155.95500129999985
6364,266,160.49743879999997,222.77878477499985
6365,266,191.8709748,152.84731742499994
6366,266,159.4307267499999,225.35605722500003
6367,266,184.95303064999985,195.42458589999998
6368,266,245.72590865000018,198.80890195000003
6369,266,314.33456277500005,190.6508373499999
6370,266,384.9837490500002,268.17728265000005
6371,266,301.86401917499984,313.7672131249999
6372,266,267.5478319250001,290.17520379999985
6373,266,302.02652965000004,314.14733282499986
6374,266,306.8767036500001,349.23287129999994
6375,266,409.8524778249998,428.6909263999999
6376,266,364.58516902500025,352.1879576000001
6377,266,355.58870200000007,401.5436165749996
6378,266,388.27742850000044,351.38676647499994
6379,266,300.0102508750001,295.79867287499997
6380,266,379.89625320000033,343.13318180000005
6381,266,337.9004416250005,301.6377365249998
6382,266,290.4528427500001,272.6740083749999
6383,266,246.3066064250001,282.21294359999996
6384,266,174.56969565000003,239.81493609999995
6385,267,179.72889517500016,211.98870592499995
6386,267,181.9288055500001,199.98765802500003
6387,267,172.37935875000016,167.86394964999994
6388,267,183.3316397500002,163.052475975
6389,267,178.28560512500027,191.13400657499994
6390,267,247.7330139750002,181.33786690000005
6391,267,225.24497397499994,254.5225642749999
6392,267,246.74898895000004,259.2074612500001
6393,267,274.05946527500004,267.9725407999997
6394,267,327.68023715000004,375.82086297500007
6395,267,249.22938137500023,360.8804698499998
6396,267,378.1997298500002,323.4087291499999
6397,267,253.4795829500001,340.6269298999999
6398,267,369.1247301750003,321.58930084999986
6399,267,334.7544109000006,371.0151535999999
6400,267,347.79420597499984,370.6311839749998
6401,267,343.72759605000044,331.591675425
6402,267,311.9644544250002,324.32797655
6403,267,321.4405474250001,341.91879144999996
6404,267,373.11776687500014,275.5484016
6405,267,342.3989556250002,297.05518589999986
6406,267,250.6895776500001,254.38166695
6407,267,240.42491250000012,276.54199255000015
6408,267,203.78751390000002,208.04666492500002
6409,268,162.12827555000018,168.00555679999985
6410,268,163.73901367499994,170.96269194999996
6411,268,156.69817160000014,166.73110782500004
6412,268,155.267382725,170.94560207499995
6413,268,199.78229555000036,181.81608684999998
6414,268,235.78330280000029,243.73026880000003
6415,268,242.47206004999993,240.66942704999997
6416,268,282.0477988250001,299.811593925
6417,268,345.25117357500005,221.68632774999986
6418,268,282.5847164,351.3456891249998
6419,268,413.0822233,252.49970254999977
6420,268,291.36696370000027,290.5719962749997
6421,268,288.9205360500001,329.6531328499999
6422,268,336.18967599999996,367.792391575
6423,268,337.4296337249998,250.95606824999993
6424,268,353.51579475000017,307.35582742500003
6425,268,348.47950952500037,334.09687224999993
6426,268,348.09569715000015,327.32919534999996
6427,268,270.19166585000005,343.820203475
6428,268,351.6908890500002,327.6473717499998
6429,268,322.190817975,262.0309698499999
6430,268,283.2996823750001,257.89540499999987
6431,268,239.8882207,228.46149725000004
6432,268,216.73631285000022,179.66490417499978
6433,269,174.46463602500017,189.33488397499997
6434,269,141.92902262500002,184.732814325
6435,269,146.65945127500007,174.66956499999995
6436,269,187.96998952500002,164.80354430000003
6437,269,190.59752392500008,170.008633775
6438,269,232.65300105000023,218.019506175
6439,269,259.05295694999984,237.24647757499991
6440,269,252.63456322500042,245.33332417499992
6441,269,256.829850125,297.6876776999998
6442,269,298.95237585000007,271.6098005
6443,269,297.03533340000035,364.86710819999985
6444,269,416.0766237000001,327.7420520999999
6445,269,334.9848825250001,313.7951089000001
6446,269,306.25129102499994,315.94814299999996
6447,269,344.4801242750002,192.03506632500006
6448,269,317.425988475,367.9923207249999
6449,269,308.3442006250003,344.27774922499987
6450,269,283.7812081250004,260.949487425
6451,269,330.68675480000024,251.25734660000003
6452,269,331.7731327,297.4931131499999
6453,269,304.25073280000015,279.3752227000001
6454,269,278.91978447500026,285.19678982499977
6455,269,185.74560652499997,229.5034621499998
6456,269,167.14144717500005,200.26381407499997
6457,270,193.9292313000002,187.35668305000002
6458,270,183.5356638500002,158.39953952500005
6459,270,148.0384752750001,200.00921557499996
6460,270,146.81014482500007,153.07840899999997
6461,270,197.97427944999993,209.6869703499999
6462,270,221.7886798750002,223.53863449999992
6463,270,196.58095887500016,239.044705475
6464,270,277.2265730500001,229.51063450000015
6465,270,301.0085875000003,297.6270742499999
6466,270,398.0304169000001,319.74438180000016
6467,270,324.4486348750004,298.7438705750001
6468,270,365.7503453000002,406.35655855000005
6469,270,361.1822216000003,343.2569619749998
6470,270,313.8916532000002,325.28003545
6471,270,374.9977370250002,306.99507162500015
6472,270,326.7678608,380.9716265499998
6473,270,368.2612751999999,373.04971815
6474,270,424.7194476000001,387.51587934999986
6475,270,317.9056432750001,308.3201746499998
6476,270,331.8984154,327.070760975
6477,270,234.18919695,290.73020437500014
6478,270,250.63363367500037,265.99707217500014
6479,270,217.95276217500017,292.401371925
6480,270,230.24447172500004,215.1518380999999
6481,271,225.79349142499996,175.2965421999999
6482,271,178.8405811499999,181.339931175
6483,271,165.33332940000008,169.61472814999996
6484,271,158.28466040000004,151.200170925
6485,271,207.2125468750001,195.01608139999996
6486,271,187.20927900000015,207.4701024749998
6487,271,225.83883552500012,226.18825912500017
6488,271,248.35171519999994,286.06402982500003
6489,271,306.41839875000005,308.9967978249998
6490,271,278.3004145750002,288.61994957499996
6491,271,339.507715825,292.2900637749999
6492,271,282.02095860000003,398.79218797500005
6493,271,243.3736517750002,348.51903409999994
6494,271,317.2725270250001,289.5004542749999
6495,271,314.99537342499997,272.3446828499998
6496,271,339.1894550500001,292.0497589999999
6497,271,349.0111261249999,318.97853429999986
6498,271,344.7701214500002,357.8136315999999
6499,271,281.54062917500016,353.3662644499999
6500,271,408.0370875750003,379.37661529999986
6501,271,255.43193652500008,283.273327525
6502,271,279.8954390000001,252.27843725000014
6503,271,223.48753805000007,282.1066872499997
6504,271,276.986793575,277.17413525
6505,272,199.85075247500015,188.69832839999998
6506,272,165.81711065000007,166.30038664999998
6507,272,154.58393540000003,245.10910685000002
6508,272,193.0837987500005,173.09838590000007
6509,272,170.75651474999998,203.36495867499994
6510,272,203.12783792500022,194.45467732499995
6511,272,232.12888412500007,202.72774112500014
6512,272,236.200803575,228.66480127500006
6513,272,326.6982554750002,215.68394707499982
6514,272,220.3685419000002,299.5155374
6515,272,277.9269062750001,388.79298817499983
6516,272,317.7882199249999,324.9885045500001
6517,272,314.04351375000033,230.1068451499998
6518,272,261.190359025,243.96739019999984
6519,272,279.6738429750003,319.58832937499983
6520,272,377.6433080250003,299.0974254999999
6521,272,280.888306775,319.0496092
6522,272,247.59231142500013,316.80697754999966
6523,272,285.32352110000005,300.6161232999999
6524,272,210.18543004999992,238.9878299249999
6525,272,255.62591015000018,292.9222715500001
6526,272,324.52815380000015,235.64317594999997
6527,272,194.12461985000007,217.495888225
6528,272,146.82047684999995,175.44801565
6529,273,193.25139029999994,186.4837546749999
6530,273,187.95723032500024,141.87452315
6531,273,171.82910502500005,163.6690800499999
6532,273,135.7758150000002,146.92346145000005
6533,273,196.6940734750001,192.67472234999997
6534,273,198.220189025,197.82586287499998
6535,273,264.5868687250001,219.1332722
6536,273,179.8478036750001,183.729261475
6537,273,287.4780840000001,207.68120505000005
6538,273,313.8783135000002,236.16616307500004
6539,273,263.0043543000001,301.72271044999997
6540,273,284.6650237250004,264.7526159499999
6541,273,283.31025727499997,283.43792117499993
6542,273,315.44997409999996,428.8888002499999
6543,273,317.14906707499995,427.1493876249999
6544,273,318.37618902500014,367.63708822500007
6545,273,297.82584547500016,365.4945815499998
6546,273,350.4428360750002,349.6990963999998
6547,273,391.9723014750003,401.79074734999995
6548,273,316.9900196499998,302.74564445
6549,273,326.0826715750003,206.15285112499993
6550,273,245.79503477500006,222.8157045000001
6551,273,252.59687957500023,212.54424492500002
6552,273,198.79069645000004,206.958970275
6553,274,182.52691687499998,175.88020447500008
6554,274,179.03193652500005,162.32155172500003
6555,274,168.145490475,139.12102505000001
6556,274,186.50080697500036,210.56689662500008
6557,274,233.3569937999999,206.60749324999995
6558,274,197.7859681000001,195.65519092499986
6559,274,249.33903952500015,235.81137237499996
6560,274,315.9212997,256.00773795000003
6561,274,270.0610693000001,261.74227335000006
6562,274,237.97546012500013,273.1321664249999
6563,274,409.9481300500005,293.3331061249997
6564,274,461.11414347500045,264.730054675
6565,274,311.76235772499973,365.502237325
6566,274,319.9940959500001,431.88389712499975
6567,274,432.5624219250002,355.3391942749997
6568,274,442.6176158750003,402.82601274999956
6569,274,513.0988491250002,513.9658048
6570,274,346.7168220750003,497.06762662499995
6571,274,347.7207213500001,421.9141668999998
6572,274,391.8309786,348.26911699999977
6573,274,260.1115026500002,427.57635457499987
6574,274,278.8476312,321.14846754999985
6575,274,249.23459580000005,278.155211375
6576,274,256.8768048750003,208.14009657500003
6577,275,201.52349899999993,145.62953907500003
6578,275,182.07644130000014,187.13370355000004
6579,275,222.82198855000016,189.2861977749999
6580,275,188.0247258250002,151.33790900000002
6581,275,185.196673775,215.04060685000002
6582,275,191.45559477500024,181.68413592500002
6583,275,256.722804175,223.67025655000003
6584,275,289.22338575000015,352.340601375
6585,275,359.401522325,358.40075057499985
6586,275,338.8224236500001,407.2290642249998
6587,275,333.41967055000003,452.26121792499976
6588,275,463.2403257250003,301.0862831249999
6589,275,322.0992864000001,420.68910537499994
6590,275,382.2079611000004,306.3616135499998
6591,275,431.5400699250004,348.986030775
6592,275,389.8286324750002,437.60882549999997
6593,275,407.4040526250001,307.139672525
6594,275,391.35091754999996,348.46396804999983
6595,275,437.70334292500036,359.77778764999994
6596,275,374.7985889500002,333.2646298750001
6597,275,297.06228887500015,321.4910431500001
6598,275,274.37822104999987,257.49788749999993
6599,275,219.089373525,236.05579754999997
6600,275,232.4752780500002,191.32094777499998
6601,276,187.36498490000028,181.770441
6602,276,182.53972307500007,144.537258775
6603,276,176.71771527499993,154.87707065000006
6604,276,187.39130272500034,141.47366257500005
6605,276,194.98581715000014,191.846991075
6606,276,227.25389684999988,269.0689123499999
6607,276,207.15654800000002,222.40928147499986
6608,276,236.3200242000005,228.395919675
6609,276,314.61503862500007,256.387878325
6610,276,290.69206032500006,369.68742012499996
6611,276,404.44986025000003,338.4616618750001
6612,276,303.4407865750002,304.64829319999996
6613,276,336.08953384999995,344.1960612249999
6614,276,400.63999185000023,323.8227761250002
6615,276,270.7022499000001,306.36290270000006
6616,276,295.4849409000002,440.6432433
6617,276,420.65567135,339.12677904999987
6618,276,376.85775502499996,411.27641775000006
6619,276,373.0737649000002,302.923070325
6620,276,391.14330567499997,308.8244292249999
6621,276,346.97379517499996,307.3140501749998
6622,276,246.632378625,288.3212337250002
6623,276,246.7310584750002,229.93755445
6624,276,193.44661829999987,187.19404809999995
6625,277,147.38810137499996,183.91847595000002
6626,277,210.90439977500012,169.350352975
6627,277,234.4863655250001,158.69716199999993
6628,277,144.50169065000017,188.0999251749999
6629,277,181.9264848500001,203.54819650000005
6630,277,188.57815464999987,222.55797242499992
6631,277,220.64193127500022,223.33849667499985
6632,277,249.8015143250002,340.61868130000016
6633,277,286.00467335000013,323.78115207499985
6634,277,290.7576923250001,325.0876352499996
6635,277,348.92873895000014,335.7096370999998
6636,277,303.24288732500014,259.7639145999999
6637,277,279.1887258500001,252.25541159999983
6638,277,281.47904852499994,326.78633597499993
6639,277,253.10039112500021,347.7860016249998
6640,277,279.2776228000002,311.84867337499986
6641,277,327.33310805000013,354.84873744999976
6642,277,347.3615416000001,283.1822755750001
6643,277,271.3957369500002,284.7745565999999
6644,277,292.9781316250004,310.1271895749999
6645,277,288.0833105250001,316.1080482749999
6646,277,299.4500282250001,252.2283967499999
6647,277,225.22537102500038,257.6133798249999
6648,277,137.4357287750001,199.94178112500003
6649,278,166.29887530000008,147.98265589999997
6650,278,154.02915307500012,153.7977901999999
6651,278,173.65760475000002,175.50908455
6652,278,155.683431575,198.22060782499995
6653,278,177.89720844999994,201.40600594999995
6654,278,177.26400912499992,190.53562162500003
6655,278,234.9052149250002,186.654006875
6656,278,340.40129192500024,186.2993970749999
6657,278,235.64532697500022,258.111946825
6658,278,341.92255897500024,365.2070601749999
6659,278,317.3062463000002,342.4403517249999
6660,278,300.725969575,349.6569671999997
6661,278,303.11672765000014,266.1217752
6662,278,340.95156644999986,257.12298632500006
6663,278,300.47100305,292.570477225
6664,278,274.51982162500013,257.88470365000006
6665,278,332.4511055500003,302.91165369999976
6666,278,304.32358539999996,322.70564757499994
6667,278,279.65243017500006,315.3727529999999
6668,278,342.0417131249999,305.60729885
6669,278,266.7361323000001,309.098866525
6670,278,247.037430525,212.86362569999986
6671,278,216.14050695000023,215.5740605499999
6672,278,209.91923292500016,208.39923417499998
6673,279,145.27536504999995,171.316050325
6674,279,196.3617525750001,171.54164354999997
6675,279,172.33561137499998,150.12380459999997
6676,279,193.76535125000004,164.14725810000004
6677,279,186.77936277500004,197.73916180000003
6678,279,238.9968775000002,187.20874214999992
6679,279,212.51376737499982,247.58741940000002
6680,279,220.2290391000002,190.33736832500003
6681,279,207.0227059999999,245.3710104500001
6682,279,279.1691206,274.342661525
6683,279,244.1977097250002,242.5023745249999
6684,279,266.97923342500013,256.85838837499995
6685,279,348.3006772,273.2534426749999
6686,279,200.827203625,318.93946562500014
6687,279,259.7303186000003,290.70690502499986
6688,279,253.41527390000024,290.5073763249999
6689,279,231.72160247500017,282.78794215000005
6690,279,254.30291137500024,298.42333769999965
6691,279,224.04563922500026,278.20859277499983
6692,279,282.117923,307.63256034999995
6693,279,276.5713154,296.24522479999973
6694,279,279.9660746500002,257.3935720249999
6695,279,225.04637742500023,186.612409775
6696,279,203.39145512500005,174.578367225
6697,280,169.53465182500014,208.91484029999998
6698,280,160.39607537500007,185.88285114999996
6699,280,159.78288734999995,165.00537885000006
6700,280,133.78194247500014,150.70808267500004
6701,280,173.41562825,183.73788667499994
6702,280,182.71791957500017,164.32054097499997
6703,280,235.6156217250001,183.858062825
6704,280,168.082694175,241.59856424999992
6705,280,238.54290147500006,262.5836324499998
6706,280,239.88791300000005,240.07841624999995
6707,280,243.48202287500007,303.5351570250002
6708,280,345.89353485000015,284.26769037500014
6709,280,289.96650597500013,268.6857665749999
6710,280,277.19954510000025,273.86942827500013
6711,280,215.76240905000014,264.45412397499996
6712,280,254.11060610000013,237.08112015000012
6713,280,226.46460737500007,260.3408839499998
6714,280,301.7619181750001,269.4512217999999
6715,280,289.72415117500015,265.1195757749998
6716,280,285.3272689500001,261.9041704750001
6717,280,211.05710362499994,268.0271250249998
6718,280,234.07445082499999,216.2059171499999
6719,280,204.84285577500012,243.20207554999996
6720,280,215.36280702500022,168.69253539999994
6721,281,152.37053972500007,86.50359884999997
6722,281,140.04133299999998,117.86244657500006
6723,281,183.95128004999992,172.88405197500003
6724,281,184.37938372500005,200.5986074249999
6725,281,214.81461652500008,165.2654707749999
6726,281,196.4480730250001,256.48771995000004
6727,281,205.3505939500002,214.10066457499994
6728,281,248.73442310000036,290.11694742499975
6729,281,209.15115360000001,290.20028057499985
6730,281,250.15592822500017,275.45152974999996
6731,281,314.7229497,297.42222437499976
6732,281,247.0107375250001,357.4044430499999
6733,281,319.92252027499995,391.1735195749999
6734,281,287.18421225,376.9556045749998
6735,281,299.6465011250002,306.92985817500005
6736,281,310.39359737500047,330.3362679
6737,281,304.0736512750003,327.58506242500005
6738,281,315.89150117500026,338.0507685749999
6739,281,309.82174995000014,313.49506522499985
6740,281,346.2370241000003,304.8340815
6741,281,290.94189437499995,330.28526452499955
6742,281,264.2862746500002,200.02717492500005
6743,281,205.67827762500033,180.0596478999999
6744,281,202.25649275,163.5487602249999
6745,282,188.885299175,169.36640677499992
6746,282,123.39394570000005,146.467659475
6747,282,125.84491265000003,156.03797885000003
6748,282,152.62378942500027,153.010742675
6749,282,154.6742463999999,203.19815857500004
6750,282,212.590999125,194.22188077499993
6751,282,324.8469437749999,271.7210761499999
6752,282,255.88944290000023,300.940592725
6753,282,231.30447182500012,270.68187732499996
6754,282,322.280576825,214.81570950000014
6755,282,296.3090233250002,360.72374164999985
6756,282,311.6599734250005,312.75618577499995
6757,282,307.7909056250004,285.80586292499993
6758,282,307.9251195500001,310.37363497499985
6759,282,364.07901285,270.31674890000005
6760,282,327.05353792499994,295.33647479999996
6761,282,241.0064507250001,281.3586231999999
6762,282,253.70636262500028,298.4110816750002
6763,282,217.0816329000004,273.8110571249998
6764,282,214.07730620000012,313.936629725
6765,282,199.43664750000002,292.8615233749998
6766,282,203.77464935,260.691624875
6767,282,220.24035404999998,229.74637992499987
6768,282,173.88927932500005,237.01201270000007
6769,283,154.04785257500004,153.885438475
6770,283,192.361620825,162.669749875
6771,283,137.20725364999996,161.90008032499998
6772,283,157.50923397499997,135.28134532499996
6773,283,153.27244582500032,175.48463217499994
6774,283,220.36293512500004,181.0626072
6775,283,240.5933461250002,238.9440541250001
6776,283,315.04406567499996,230.17035967499993
6777,283,285.60319577500013,248.78314417499996
6778,283,297.69038895000017,275.9866632999998
6779,283,311.4929882999998,299.4478761249999
6780,283,372.8750706250008,259.09583762499994
6781,283,288.3580631000001,318.87104427500003
6782,283,266.36472427499996,288.68736792499965
6783,283,251.00858257499982,241.35782199999971
6784,283,297.1441597500001,239.24821967499986
6785,283,245.1056577750001,346.0221266
6786,283,232.2645712500001,300.974388375
6787,283,278.02808275000007,272.77750647500005
6788,283,234.43679100000003,298.0368330499999
6789,283,253.46662632500016,232.05949382499978
6790,283,223.84022512500025,261.49742760000004
6791,283,223.57812492500005,249.55696647499988
6792,283,207.91636970000025,226.4910229749999
6793,284,137.48585530000014,189.22227320000002
6794,284,151.54062470000014,186.42114677499995
6795,284,151.74755802500007,156.84461364999993
6796,284,142.73740067500003,167.58388300000007
6797,284,141.34246920000007,182.02753895
6798,284,166.76679165000002,239.1923297749999
6799,284,214.91016079999986,216.78163347499984
6800,284,241.744489025,209.87644072499998
6801,284,317.6514473000001,295.02493042499975
6802,284,303.34075125000004,253.97853994999997
6803,284,371.6229417999999,273.93800665000003
6804,284,265.13164077500005,257.12038802499984
6805,284,292.88476537500003,257.199183025
6806,284,296.24075970000024,250.14268370000005
6807,284,240.43986515000023,239.81433522499987
6808,284,251.61209547500016,259.08703467499987
6809,284,195.1020431499999,267.7754034
6810,284,280.038273675,244.68545312500012
6811,284,310.32184292500017,238.49867812500003
6812,284,282.616179975,269.0338866249999
6813,284,183.91277237500026,209.38481574999994
6814,284,273.62211342500035,197.75436179999994
6815,284,202.44376489999996,233.70804349999992
6816,284,194.38649937499997,199.8713190749999
6817,285,200.2376352000005,223.48132247499998
6818,285,158.49488392500004,208.10584749999987
6819,285,170.42653649999994,207.11508850000007
6820,285,242.19023650000017,187.43158775
6821,285,208.79838572500012,192.12351527499996
6822,285,218.85104850000022,206.79822847499997
6823,285,197.6014939000002,233.93895905
6824,285,251.06792737500018,256.51640837499997
6825,285,222.08314225000026,263.2533702249999
6826,285,299.1655655500001,248.02005005000004
6827,285,301.3647499500004,355.6766877499998
6828,285,274.9263732750002,382.71657690000006
6829,285,239.08407620000008,335.2330839499998
6830,285,285.73435217500014,270.9216282
6831,285,292.0198915000002,262.0337133000001
6832,285,245.73639132499991,249.84053512499992
6833,285,224.1200550250001,223.5926404750001
6834,285,241.75949787500025,256.18710977499995
6835,285,211.24398837500013,241.81866119999995
6836,285,228.6534404750002,240.99007002499997
6837,285,277.7121744000001,267.10681354999986
6838,285,309.07808755000053,270.2536163250001
6839,285,186.13148995000023,211.48440100000002
6840,285,215.44566249999994,234.74092547499998
6841,286,184.8401022750002,191.86977772499995
6842,286,202.85493827500005,173.93890835000002
6843,286,173.66783987500008,188.89515037500001
6844,286,165.06286675000007,158.63493377499998
6845,286,210.09303270000024,179.87781299999995
6846,286,216.60806545000025,188.73048379999983
6847,286,185.03093555000012,160.00235780000003
6848,286,201.483871725,233.62956944999982
6849,286,223.8799396,206.23001145000006
6850,286,298.5374392750002,260.7208841749999
6851,286,275.3915648750001,321.18702152500003
6852,286,305.47027180000015,312.717649425
6853,286,296.3485165750001,292.555831025
6854,286,233.16197109999985,218.2104191749999
6855,286,215.21456782500013,185.53348764999987
6856,286,242.8594415250001,228.64683869999982
6857,286,265.136617075,234.16226344999995
6858,286,261.65955550000007,235.52947304999986
6859,286,263.3902292500002,226.60140362499996
6860,286,275.57444339999995,235.15073385000002
6861,286,190.861485375,195.9634590750001
6862,286,224.7494806500001,237.48986102500004
6863,286,184.487295775,171.71582667500002
6864,286,193.8779388499999,211.55961825000003
6865,287,183.11102755000013,236.4589076999999
6866,287,216.15897587499984,161.38773735
6867,287,164.17723297500007,142.67389795000008
6868,287,174.88448762500013,169.86391510000007
6869,287,125.02928917500014,183.73401877499995
6870,287,158.99067120000004,146.82088334999992
6871,287,202.46293775000007,233.57694042499995
6872,287,180.60708999999997,226.00013404999999
6873,287,223.6416181750002,183.22691780000005
6874,287,220.31830492500023,265.1615161499999
6875,287,290.6683713500002,253.65905222499998
6876,287,282.8174773750003,262.266293
6877,287,239.99337707500007,245.58211042499994
6878,287,268.26791860000026,204.70698724999983
6879,287,299.3462942000001,222.44483699999995
6880,287,216.8874335750001,251.30167177500016
6881,287,313.8949676750001,226.79315004999995
6882,287,199.17879567500012,281.56688797499976
6883,287,265.11989492500015,304.38484237499983
6884,287,215.70104872500008,239.96852739999989
6885,287,295.03224854999996,300.78941855000005
6886,287,217.21118430000007,247.3331282000001
6887,287,206.3066953250001,265.98444074999986
6888,287,176.49788379999995,208.35459504999994
6889,288,164.98174050000003,135.63878294999995
6890,288,144.84722730000016,129.75952087499996
6891,288,152.45599722499998,157.4700524249999
6892,288,147.59885385000007,141.48947405
6893,288,205.059578075,173.59824347499995
6894,288,192.1411802500001,176.64708745000001
6895,288,254.2389844,228.46858869999988
6896,288,199.9585081250001,239.63863364999997
6897,288,262.28332337500024,237.46808087500003
6898,288,321.27204564999994,240.76894752499993
6899,288,274.0901502999999,292.5257297749999
6900,288,262.3681703,218.89139595000006
6901,288,286.58021822499995,245.18390949999997
6902,288,237.58825230000042,305.7122160749998
6903,288,347.19775782500005,305.12076120000006
6904,288,337.04798530000016,315.4527016749998
6905,288,314.9175976500002,309.83855427499986
6906,288,376.3821773250001,325.12954827500005
6907,288,314.45862955000007,340.903829975
6908,288,341.7953766249999,286.83108507499986
6909,288,264.38383445000034,225.11149457500002
6910,288,223.80612107499994,243.1528861
6911,288,185.45934002500007,209.91828809999998
6912,288,153.17534695000003,224.36196964999993
6913,289,174.02894627500012,174.88253897500002
6914,289,142.5611547500001,150.755403575
6915,289,206.68673385,165.39539992499996
6916,289,222.83706015000018,135.99831724999993
6917,289,173.74858042500017,158.8995318499999
6918,289,214.38670772500004,189.33886139999998
6919,289,222.00762137500024,231.89603589999987
6920,289,299.7962255750002,238.43592049999992
6921,289,279.2141856500001,276.7387913749999
6922,289,333.61434247500006,270.4712808249998
6923,289,326.75024842499994,339.5065789249999
6924,289,277.16928435,334.37695485000006
6925,289,287.45383997500016,288.999950225
6926,289,426.49533425000016,373.3037585500001
6927,289,353.638324625,299.72475117500005
6928,289,340.04760042500027,309.932679325
6929,289,361.28354615000023,324.3047916499999
6930,289,358.1906634500002,287.07828592500005
6931,289,269.18695982500003,278.3254145500001
6932,289,294.0662197500001,294.94001472499974
6933,289,229.76713247500027,244.13973315000015
6934,289,273.97353017500006,297.55735079999994
6935,289,204.90579972500063,256.8349604249999
6936,289,232.17025144999988,211.4323980999999
6937,290,169.55900542500004,185.22805325000002
6938,290,146.48515892500006,151.3216027499999
6939,290,146.69692087500005,175.2191145749999
6940,290,188.022457975,169.41640349999992
6941,290,176.42079257500006,227.28870209999997
6942,290,175.94649757500014,286.4673712499999
6943,290,238.63691624999998,237.13959339999985
6944,290,293.70780045000015,276.0954313999998
6945,290,277.3611344499999,238.36264882500004
6946,290,254.4676716250001,254.21119552500016
6947,290,264.1528656000001,428.6290392749996
6948,290,266.95543075000023,326.5695399499999
6949,290,258.25561200000004,277.63466509999995
6950,290,269.6222350250001,369.25576392499977
6951,290,345.9879098750001,337.2544669499997
6952,290,339.94822765,308.04352574999984
6953,290,315.738482675,318.6808581249998
6954,290,330.9569093250002,326.37793402500006
6955,290,263.2591755000003,275.48606375
6956,290,325.60530290000014,292.75084740000005
6957,290,334.73960415,275.96330764999993
6958,290,309.634809025,274.47246644999984
6959,290,244.1946314999999,185.81730842500002
6960,290,195.95617817500028,187.76399550000002
6961,291,219.87715182500006,179.6529157
6962,291,152.95044837499995,142.642344525
6963,291,175.68942602500002,161.54781107499997
6964,291,186.40659400000004,182.229244375
6965,291,202.95923105,180.6961262499999
6966,291,249.23532474999996,193.23885779999992
6967,291,253.02051262500015,166.93005322500008
6968,291,316.69573222500003,296.39682155
6969,291,242.52019684999993,294.7609346749998
6970,291,280.3910424250001,335.72196887500013
6971,291,295.854678325,375.90512027499994
6972,291,367.46885487500003,339.7818856000001
6973,291,272.5328184500002,308.5963381
6974,291,306.6826056,276.7043532749999
6975,291,351.8362728750001,270.49904525000005
6976,291,300.830236625,289.11369357499996
6977,291,317.123606725,360.9085055749999
6978,291,335.90622744999996,309.24718675000014
6979,291,329.4687598500002,308.764862375
6980,291,347.2911569500001,270.3579864499999
6981,291,303.62676752500005,302.9672840499999
6982,291,278.0003438000002,255.04169229999997
6983,291,272.99205877500054,208.02910140000012
6984,291,255.17747902500014,242.52235779999984
6985,292,193.89444795000026,139.81206867499998
6986,292,214.7597961500002,183.38059935000004
6987,292,169.71160427500007,187.3448308249999
6988,292,180.59222552500003,208.39374269999996
6989,292,200.44371372499995,174.73634987500006
6990,292,282.01264052499994,224.4550527999999
6991,292,244.28454320000003,235.890358175
6992,292,260.1373597000002,263.382829675
6993,292,248.26477267500002,319.1096046249999
6994,292,322.3630830000001,316.2968761500001
6995,292,291.67339332500023,302.90057627499993
6996,292,341.27170034999995,344.7312203
6997,292,307.5188876500001,323.8394058249999
6998,292,317.93374162500004,324.25561452500017
6999,292,323.59512177500005,287.585501325
7000,292,344.6086727000005,251.68054010000003
7001,292,296.08962934999994,326.22314610000006
7002,292,253.90146945000023,234.40832499999988
7003,292,327.3690291500006,332.5895258249999
7004,292,230.10439752499997,217.536035825
7005,292,335.6301537500003,281.86926822500016
7006,292,262.3191955750004,207.27333287499997
7007,292,258.509355,208.42504537500008
7008,292,178.20425627500026,159.35567795
7009,293,202.65577965000003,158.31540152499997
7010,293,175.10623565000003,151.19028155
7011,293,150.9191563500001,146.25504925
7012,293,213.03788630000003,237.69163547500006
7013,293,150.94494632500005,242.39195782500002
7014,293,148.3481662750001,174.58839189999992
7015,293,215.74153970000012,214.59329159999982
7016,293,223.0859057250002,264.2586194749999
7017,293,238.43083475000014,232.03170420000004
7018,293,294.70380819999986,215.021514175
7019,293,287.64146917500034,308.627444375
7020,293,306.9892735000003,277.77475597500006
7021,293,266.35118297500026,225.40885842499978
7022,293,243.21277917500007,238.2120242249999
7023,293,251.6312071999999,300.92957190000004
7024,293,225.24605765000013,317.46343742500005
7025,293,243.0921058250001,238.04893772500003
7026,293,282.84544192500005,211.13905792499986
7027,293,245.01685377500007,248.2936114499998
7028,293,290.13137815000044,271.39666609999995
7029,293,267.0223123499999,248.97459790000005
7030,293,264.21137040000013,218.1619834749999
7031,293,179.36637262500005,195.40186232499997
7032,293,167.19493057500003,158.145937525
7033,294,143.16305187500006,188.22080472499988
7034,294,174.40157467499992,160.05873400000002
7035,294,147.75924580000003,170.45738569999992
7036,294,194.702032875,164.96729699999986
7037,294,122.20015982500001,167.8037577
7038,294,166.19059502500005,176.32854199999997
7039,294,206.76555144999992,208.09855754999995
7040,294,248.3567670000004,199.59089557499996
7041,294,254.96430515000048,238.19989765000005
7042,294,315.4239526249999,240.13562297499988
7043,294,307.320599225,308.9047725249998
7044,294,291.1893018000002,318.15568535
7045,294,245.47504750000013,281.4301049500001
7046,294,208.63706765000018,279.45359812500004
7047,294,219.63029165000006,265.417655975
7048,294,237.5127001750002,214.76850745000016
7049,294,209.571491725,256.020371175
7050,294,244.56190102500022,205.69330227499987
7051,294,248.41344584999996,199.46969502499996
7052,294,229.46547930000003,270.4072762499999
7053,294,243.9072216750002,223.72285844999988
7054,294,210.78980130000008,219.9612107249999
7055,294,201.37832889999993,149.65761909999986
7056,294,141.47929425000007,162.89021657499995
7057,295,155.35110720000017,159.92694844999988
7058,295,147.81268817500006,130.26595014999995
7059,295,114.75686130000017,159.94766792499996
7060,295,131.75915100000003,139.61700574999992
7061,295,154.54109675000012,190.816533525
7062,295,175.70131254999995,238.92642389999986
7063,295,216.3096650500001,208.11131564999988
7064,295,237.55685552500023,262.96302547499977
7065,295,267.4927907749999,227.45907732499967
7066,295,272.3821432000001,235.37714362500006
7067,295,305.2296282250003,257.07330902499984
7068,295,289.32968857500015,283.74319197499983
7069,295,284.7582539250001,262.80788082499987
7070,295,263.234942325,253.56792809999996
7071,295,343.5753656750003,289.60134289999996
7072,295,263.67287980000015,334.0126717749999
7073,295,293.1367389750004,282.5506216749999
7074,295,260.64137937499993,287.04278847499984
7075,295,277.66187295,267.6505645999999
7076,295,268.43197732499993,285.71111364999985
7077,295,284.80140339999997,251.93107577500004
7078,295,272.4839636500002,210.51906727500017
7079,295,211.00744279999986,224.43854152499995
7080,295,157.40343332500004,204.95394694999996
7081,296,156.29222227500006,146.5008495
7082,296,147.62520840000005,170.51300134999997
7083,296,144.22824459999995,139.62062159999994
7084,296,199.29594312500012,155.79964847499997
7085,296,179.45927367500008,121.69822877499992
7086,296,189.11306652500014,195.49479559999983
7087,296,244.63704265,193.10567004999996
7088,296,307.58140975000003,260.16244132499975
7089,296,210.07714115,222.85961407499997
7090,296,214.95360584999997,342.21077097499995
7091,296,251.62264142500004,225.5424487749998
7092,296,240.6076214250002,312.5117207000001
7093,296,282.08932607500014,310.93952362499994
7094,296,281.9563783000002,298.52813157499986
7095,296,268.6553663000003,275.4114464500001
7096,296,254.61898775000006,224.30028187500002
7097,296,284.51964737499986,220.34618687499994
7098,296,272.13797740000007,222.5539662749997
7099,296,302.0670493750001,232.45282242500005
7100,296,229.27458427500022,286.8978878999999
7101,296,180.56836899999996,269.53111977500004
7102,296,267.8424114250001,202.50107317499987
7103,296,197.54758385000014,206.63651154999994
7104,296,198.47231955000012,185.897409175
7105,297,164.20236077500007,168.71415564999995
7106,297,141.73080260000006,187.03821774999994
7107,297,164.40656487500007,153.37036619999992
7108,297,146.67850237500005,150.67957064999993
7109,297,203.20977012499995,161.92273072500004
7110,297,197.90495327499994,216.333900725
7111,297,234.98018177499983,235.4033053249999
7112,297,284.8904162250004,225.09748530000002
7113,297,289.44091937500036,244.9991871249999
7114,297,314.5843159750003,284.63760312500006
7115,297,305.4151274750002,274.9861527749999
7116,297,356.52356282500017,322.14663279999974
7117,297,340.27587525,265.09263942500013
7118,297,254.13998797500017,260.8179727750001
7119,297,218.4178137500002,256.6956199999999
7120,297,215.25162175000037,248.2199415
7121,297,271.1633955750002,277.74475295000013
7122,297,230.5568720250002,254.21958587499995
7123,297,290.5284620750002,276.8411019999999
7124,297,238.22397572499986,321.48811187499973
7125,297,196.9104795500001,294.94566662499983
7126,297,186.08413497500015,233.29353447499983
7127,297,242.6063970250002,183.486577125
7128,297,169.45055075000036,152.59035322499994
7129,298,211.04146510000004,159.63993817499988
7130,298,186.64523275000008,201.36667327500004
7131,298,161.19943517500008,100.26346797499997
7132,298,139.1730420000001,135.28610142500003
7133,298,171.48608057499996,173.486116
7134,298,191.72566942500032,144.69752979999998
7135,298,270.41196575000004,176.98207157499996
7136,298,263.97346600000003,281.011976675
7137,298,329.96931985000015,275.897374925
7138,298,354.96159607500033,283.7680232000001
7139,298,338.56528089999995,258.0629889499998
7140,298,303.9967490750003,312.66154670000014
7141,298,285.4349903250002,259.7737138
7142,298,235.2800169500004,306.86233357499987
7143,298,278.1879937000001,322.3781298
7144,298,303.5387992499999,217.50539144999985
7145,298,270.27346082500003,239.82013475000002
7146,298,248.5433800500005,231.86629175000004
7147,298,262.45648232500025,303.094630325
7148,298,259.2524030000001,268.22353732500005
7149,298,292.5156562500001,284.03472572500016
7150,298,226.39859749999997,292.5574721249999
7151,298,209.4736717749999,193.45229847500005
7152,298,187.06771690000005,158.73631564999994
7153,299,138.39548872500004,222.7840213249999
7154,299,162.6654844500001,179.3028681
7155,299,143.481316825,177.95465927499998
7156,299,240.86897452500014,178.84537032499998
7157,299,212.49460837499998,174.28005787499998
7158,299,181.78659690000012,169.47642415
7159,299,249.64095327499996,194.2722551499998
7160,299,217.7650373250001,245.35693139999995
7161,299,344.6639750500002,295.04919357499995
7162,299,279.7610695250001,297.4354160250001
7163,299,321.61331747500026,334.04969495
7164,299,318.68243460000036,240.47684222499998
7165,299,195.31796719999983,295.90010882499985
7166,299,331.78173312499996,290.0525675250001
7167,299,246.78331057500029,287.6987839250001
7168,299,274.41929505000013,247.25324344999996
7169,299,285.4357340250001,214.233560925
7170,299,239.90554087500016,271.22751599999987
7171,299,196.41681140000003,264.103766125
7172,299,303.5547546500003,295.78431402499973
7173,299,305.12515377500006,242.77052835000006
7174,299,229.56357910000003,240.4209211499999
7175,299,221.448522175,174.7454286
7176,299,162.4941641250001,176.557780675
7177,300,132.04343947500007,169.2789124749999
7178,300,169.82283732500008,162.76120567499993
7179,300,157.413942575,116.13019669999996
7180,300,136.4304524,157.25512922499996
7181,300,229.67414160000007,150.90634319999998
7182,300,196.89113582500008,174.88372822500006
7183,300,235.55391627499995,190.6520305499999
7184,300,249.54562665000014,224.18099624999996
7185,300,250.28955965000029,237.60446842499965
7186,300,216.57401595000002,333.9862050249999
7187,300,285.4128849500001,238.24598667499987
7188,300,290.65819225000024,298.99326705
7189,300,225.98641297499995,241.75093442500005
7190,300,252.57461604999997,224.09126329999998
7191,300,248.72162797499988,248.1124870999999
7192,300,221.56009355000032,335.2385948499997
7193,300,188.51431962500016,252.57835814999987
7194,300,274.39656602499997,250.3991672000002
7195,300,252.60494077500016,248.08307949999994
7196,300,220.68188350000003,313.7086407249998
7197,300,300.66135534999995,244.60067905
7198,300,179.0498906500001,243.49019247499996
7199,300,200.61599600000025,194.12308417499992
7200,300,156.84036432500005,136.00438312499995
7201,301,186.02267165000006,135.18281827500002
7202,301,149.87111385000014,156.36467374999995
7203,301,133.18711245000014,163.58890045000004
7204,301,124.71533717500003,139.05804834999992
7205,301,157.48753720000025,162.02357779999997
7206,301,157.39005522500008,148.17871817500006
7207,301,197.79256310000022,183.56628744999995
7208,301,170.30382255000023,201.18387400000006
7209,301,228.11236839999992,224.79940732499995
7210,301,199.0852466,221.59354612499993
7211,301,283.6963930750002,307.45389072499984
7212,301,266.11390420000004,267.73671214999996
7213,301,275.3402247999999,207.5021361499999
7214,301,235.07247200000012,261.71300077499984
7215,301,234.20418759999993,234.93171817499984
7216,301,187.0143355000001,241.71085484999992
7217,301,269.6159168500003,198.12965087499998
7218,301,233.10365949999994,217.4048775749999
7219,301,232.0843353750004,211.36525029999984
7220,301,191.08936520000015,273.20277142500004
7221,301,224.32134692500014,265.09541347499976
7222,301,169.64824037500006,203.29902314999995
7223,301,218.9048364,142.39665479999996
7224,301,141.98468310000013,134.62528405
7225,302,142.60632562500015,141.89125952500004
7226,302,137.2228907750001,145.29696389999992
7227,302,168.39464522500003,157.8697121749999
7228,302,188.2866041750002,181.5382494499999
7229,302,158.61500522500006,184.8015990499999
7230,302,223.9625679749999,158.01071319999994
7231,302,221.1294581000002,214.93986869999992
7232,302,260.98031782500004,262.644765375
7233,302,292.7066869,239.86860100000018
7234,302,226.3230056249999,235.50665145000005
7235,302,228.3154708750002,309.77016679999986
7236,302,256.7312769750001,361.95588124999983
7237,302,295.40765502500005,244.043002875
7238,302,280.407254275,339.5618016750001
7239,302,313.834691575,325.59157604999984
7240,302,246.3334672000001,235.83567570000005
7241,302,294.4362086250001,298.96318214999997
7242,302,271.0807755749999,279.46307149999996
7243,302,279.10308342500025,266.05513817499997
7244,302,275.9067289750004,209.17476019999998
7245,302,285.9049821500001,250.06130014999985
7246,302,222.22927530000004,209.16715319999986
7247,302,156.91143295,180.5994774499999
7248,302,192.24540510000003,156.07731844999995
7249,303,162.68054890000002,178.524509425
7250,303,139.63576197499998,149.510741425
7251,303,158.37409185,160.08333925
7252,303,154.0458154750001,147.83214834999995
7253,303,197.4677789500001,217.08293410000005
7254,303,215.42938527500002,237.12476054999996
7255,303,241.1010935250003,283.74597614999993
7256,303,279.04186860000027,227.71288352499994
7257,303,264.6236770000003,249.77466157499998
7258,303,327.95548977500016,309.66575747499985
7259,303,295.28330970000013,317.72192602499985
7260,303,287.3267396249999,269.68578702499985
7261,303,283.8923075250002,274.1044557
7262,303,261.9974402749999,279.20302855
7263,303,286.9160073500002,214.969116375
7264,303,284.3394658750002,238.4563772499999
7265,303,299.19663769999994,344.47215137499995
7266,303,269.67462574999996,217.88369340000008
7267,303,251.91784490000012,223.615097775
7268,303,285.118276175,310.81332837499986
7269,303,250.99706980000047,209.28406517499997
7270,303,260.03263545,206.67469069999987
7271,303,239.94985770000022,178.8619872499999
7272,303,183.3313679000002,172.65697609999992
7273,304,155.34216510000005,174.57214925
7274,304,150.9802719500001,155.96680462499992
7275,304,173.6893424750004,119.57169432500001
7276,304,178.10321370000003,183.84474382500002
7277,304,167.91068249999998,198.70082997499998
7278,304,192.48560722500002,217.67072734999994
7279,304,178.59633532499996,269.301248725
7280,304,251.5154016250002,273.4498894499998
7281,304,256.3705256500003,235.8622055749999
7282,304,273.84433134999995,269.007478575
7283,304,304.3485644000001,302.1402054
7284,304,350.7147605,263.80106002499986
7285,304,324.14038032500014,221.33790622499978
7286,304,291.3000201000002,258.56112629999996
7287,304,336.5098694250004,254.31536272499994
7288,304,331.51344647500014,322.69349245000006
7289,304,234.93357112499993,251.1921117
7290,304,200.73609567500006,235.81845432499995
7291,304,257.98003592500004,190.04684877500011
7292,304,208.99379424999998,252.48702942499995
7293,304,227.57901627500001,235.12343214999987
7294,304,243.179204125,208.1286656750001
7295,304,171.06439035000002,167.4738959
7296,304,172.1896065000001,155.84965167500002
7297,305,193.17914222499996,163.40054924999998
7298,305,139.21772230000013,165.9576677
7299,305,152.226509975,154.16329255000005
7300,305,134.14441739999995,150.41619944999994
7301,305,172.93349935000023,170.10223055
7302,305,209.56089287499998,181.09655227499994
7303,305,242.90844115000021,210.7030115
7304,305,279.9463311250001,317.59553182500014
7305,305,333.9120306750002,238.35673330000003
7306,305,262.36511707500006,329.0875351499998
7307,305,278.688446825,256.77792180000006
7308,305,278.02660187500004,311.86272305000017
7309,305,312.2122264,339.4907105499999
7310,305,324.9843572249999,275.74426089999986
7311,305,296.00870372499986,247.41935827500006
7312,305,217.30132895000006,282.650334025
7313,305,234.67997795000005,230.20060577499993
7314,305,252.93014152500018,219.30371265000002
7315,305,253.22754642500018,212.62692014999988
7316,305,323.5098778750006,247.15508154999986
7317,305,222.56805557500024,278.5687107749998
7318,305,254.39106447500023,238.94900277500017
7319,305,190.38700105000018,255.943332225
7320,305,169.85843047500026,173.289820975
7321,306,126.33916965000009,156.24277157500003
7322,306,149.9887564,167.81680992500003
7323,306,106.13907102499994,160.60155187499993
7324,306,136.23536657500014,186.09385515000002
7325,306,153.70924155,148.242768975
7326,306,220.9392840750001,208.27682299999998
7327,306,284.60906572500005,206.56507230000008
7328,306,241.59214897499987,233.9943470999997
7329,306,236.68850195,242.34808697499992
7330,306,335.22459879999997,283.4493779249999
7331,306,344.3698306250004,320.22030812499986
7332,306,284.1072019500001,223.06615117499985
7333,306,249.12749330000003,330.308192525
7334,306,204.3651692250002,274.15186700000004
7335,306,212.97474289999997,254.984451325
7336,306,246.43541755000018,276.777129425
7337,306,240.14877949999993,255.55248987500016
7338,306,224.8159363750001,266.28348649999975
7339,306,252.3023370749999,221.24985427499996
7340,306,239.02838457500016,288.33980462499983
7341,306,259.0238952250001,264.82581525
7342,306,199.25287725000015,223.87891377500014
7343,306,197.6242319500002,195.71045585000002
7344,306,211.97492514999993,151.83942315000007
7345,307,121.51532250000005,149.18277929999988
7346,307,140.62294032500017,162.75887164999995
7347,307,159.62695505000005,166.97779137499992
7348,307,143.91707937500007,114.30233627500004
7349,307,196.2760957000001,183.97869649999998
7350,307,171.62446932500006,175.78614689999995
7351,307,160.06448205000004,214.725576
7352,307,185.46790657500017,243.75401504999996
7353,307,213.07969962500044,260.3545489250001
7354,307,198.46167795000025,257.2994274500001
7355,307,215.24574860000013,275.69753547499994
7356,307,259.3539097500003,286.9246648999999
7357,307,239.81330327500035,230.69918444999996
7358,307,240.47236262500024,250.25953702499976
7359,307,210.25495342500005,259.2019216999999
7360,307,246.14542370000018,286.26838905000005
7361,307,223.71239537499997,242.54420484999991
7362,307,198.2497886250001,199.708970625
7363,307,218.45649357499997,284.664189525
7364,307,226.95968942500014,247.42534917500012
7365,307,268.2351884750003,226.89123762500003
7366,307,186.29169345000003,228.4111381
7367,307,171.39979547500016,182.38029082500003
7368,307,199.72006637500004,164.816858975
7369,308,167.33645012500008,168.01954859999998
7370,308,173.78446377500052,153.11375827499987
7371,308,143.675215425,149.19526025000005
7372,308,154.83315817499994,138.80491014999993
7373,308,126.01744995000028,138.12045712500006
7374,308,201.24210907500003,177.16706647499993
7375,308,197.64200047500003,148.78826044999994
7376,308,225.45651282499995,212.04167224999998
7377,308,293.813147275,221.15743615
7378,308,287.4835660750002,281.5970072749999
7379,308,248.54563550000012,210.65112547499976
7380,308,267.98432110000016,266.58225067499984
7381,308,246.16181962500002,275.81526794999996
7382,308,264.26917955,239.99572929999988
7383,308,230.89394637499998,278.3654922250001
7384,308,254.06437017500014,242.5486332
7385,308,239.28842775000015,242.1841578749999
7386,308,237.54699225000002,242.51099307499987
7387,308,328.40614689999984,251.7939435999999
7388,308,255.8957460750005,303.65451422500007
7389,308,190.1747596500001,213.21655642499996
7390,308,142.1496308250001,224.14691937499998
7391,308,203.70430480000002,189.96944290000005
7392,308,171.4161406500001,170.78668379999993
7393,309,162.82114439999998,134.57117885000002
7394,309,134.96647085000006,112.238455525
7395,309,184.5181925750002,131.190232125
7396,309,181.88997255000004,133.333833525
7397,309,183.303941,144.9918814
7398,309,254.25524495000002,172.95450014999992
7399,309,260.432663225,236.5385711
7400,309,237.64243670000013,293.96136987499995
7401,309,248.07080902500013,203.48028549999998
7402,309,296.70359582499987,299.12759095
7403,309,328.62421237500007,264.5661968749999
7404,309,330.17163520000014,299.0588357000001
7405,309,237.8067672499999,344.85621662500006
7406,309,321.68347522500005,324.0809267249999
7407,309,271.91426972500005,332.93337504999977
7408,309,295.18461709999985,282.8113083499999
7409,309,241.69863725000005,282.820954925
7410,309,256.07738244999996,393.163505
7411,309,224.07972902500035,292.8946376749998
7412,309,234.16995342500007,315.46116392500005
7413,309,288.1973019750002,250.56041032500002
7414,309,253.3588115750003,154.85399017500004
7415,309,161.74664162500014,210.58100557499998
7416,309,172.03216550000008,168.59797872499996
7417,310,135.97892005000023,163.82844960000003
7418,310,160.1120737750001,161.79823077499998
7419,310,166.97793555000004,143.8392247
7420,310,141.97331910000014,137.30143180000005
7421,310,167.9414288,178.60652762499996
7422,310,143.74316844999993,178.22288799999998
7423,310,194.40272307500004,185.66104105
7424,310,272.82263824999984,200.92895105
7425,310,274.12642575000007,239.00935570000001
7426,310,280.90273720000005,296.72951610000007
7427,310,289.56193562500005,223.63454119999983
7428,310,385.8142033000001,276.4060468250001
7429,310,262.72001112500016,282.66393215
7430,310,299.50615307500016,379.6806499499998
7431,310,255.5418392250001,297.37998585000014
7432,310,279.2751943749999,344.8816383499998
7433,310,283.77646825000005,260.1932745749999
7434,310,217.74388402500017,293.44317424999986
7435,310,261.9129918250002,286.9849795249999
7436,310,297.65937675,309.06836650000014
7437,310,261.2656026749999,319.0564886750001
7438,310,215.88879092499985,274.00297900000015
7439,310,250.60139574999997,207.76350260000004
7440,310,186.37119132499998,171.90819999999997
7441,311,162.49857885000017,192.16342844999997
7442,311,159.010249225,166.1583849499999
7443,311,144.49470712500005,145.84314590000005
7444,311,185.53311895000002,185.93316397499996
7445,311,208.38975345000046,254.68016677499998
7446,311,176.5452518500001,187.88971144999982
7447,311,221.40435995000007,217.46720312499986
7448,311,241.69714672500027,299.2845607749998
7449,311,289.9683011250004,258.4905555749998
7450,311,294.11802100000017,271.12406109999995
7451,311,335.45216795000033,310.39903795
7452,311,361.9256516,244.94402387500003
7453,311,309.0821753000005,234.07369124999997
7454,311,279.33481622500017,359.35991509999985
7455,311,300.93066020000026,239.58520069999994
7456,311,353.027300075,257.3784387499998
7457,311,290.2894198500003,255.01601952499988
7458,311,271.6703458750002,254.50076552499993
7459,311,292.4640444249999,247.7007085750002
7460,311,221.879231,249.88644152499998
7461,311,275.9958578500002,239.92345002499968
7462,311,221.69097802499985,207.9583633499999
7463,311,202.73263605000008,205.75582857499995
7464,311,192.90252207499998,157.30627807499985
7465,312,170.61591044999994,169.15806929999997
7466,312,139.03589347500008,183.06735347499998
7467,312,141.1204376250002,185.7782067
7468,312,133.83667259999999,139.96033839999996
7469,312,150.55541955000007,155.88596379999996
7470,312,211.7843001250004,201.39753129999997
7471,312,270.89226555000033,264.4448369749998
7472,312,218.23023632499996,293.77763667500005
7473,312,304.34904345,248.2507287749999
7474,312,264.35781555,266.47903467500004
7475,312,256.0821222750003,314.430594625
7476,312,268.9004162250001,249.37970189999973
7477,312,254.0579788000004,281.43878464999983
7478,312,305.13150735000033,269.0667753249998
7479,312,216.18302147499986,271.34319212499986
7480,312,262.53847665000006,250.3767419249999
7481,312,269.0000796249999,231.94219644999998
7482,312,307.55390355000077,357.89664099999993
7483,312,314.212093675,255.665120925
7484,312,297.93210047499997,283.88866615000006
7485,312,244.23540995000047,227.76339954999997
7486,312,224.5769610750001,207.9502328499999
7487,312,187.62020302500025,273.7219700999999
7488,312,163.81756170000023,216.02999735000003
7489,313,180.44479390000004,170.259099475
7490,313,197.10507137500014,183.2082648749998
7491,313,197.49560215000002,161.16483509999992
7492,313,198.54933052500002,233.9408108999999
7493,313,203.89332392500012,191.45467189999994
7494,313,231.82343832500027,238.556536725
7495,313,209.39300704999988,273.03662377499984
7496,313,271.5292210000002,287.2855522
7497,313,284.51030945,283.346126725
7498,313,219.43914369999993,329.0380216499998
7499,313,253.8898028000001,267.46243452499994
7500,313,314.21150642500004,315.05519174999995
7501,313,250.31506015000008,214.16525867500008
7502,313,242.30428160000014,305.26246904999994
7503,313,231.63239930000017,355.8031009
7504,313,271.82242890000003,216.06696885000002
7505,313,227.2218878500001,223.64470907499995
7506,313,230.3705490500003,233.25524004999994
7507,313,299.2552500249999,284.8876646250001
7508,313,234.8196323000003,225.97661224999985
7509,313,210.87403115,233.0067962
7510,313,236.17725460000014,245.91763642500007
7511,313,181.95568120000013,181.68439045000002
7512,313,199.55034107500018,166.3420872249999
7513,314,181.2616259,149.72393637499994
7514,314,172.7664681750001,137.30236932500003
7515,314,209.7155801000004,171.84459664999991
7516,314,149.92652917499996,209.28652622499988
7517,314,166.20552677500032,170.85311324999992
7518,314,215.66929729999993,178.79183229999992
7519,314,201.63697230000002,176.90093860000007
7520,314,238.79499890000005,255.28466512499995
7521,314,268.9267794749999,245.3078822999998
7522,314,298.1279991000001,292.13654029999987
7523,314,228.08087264999995,276.2404994000001
7524,314,222.85106632500003,256.043642825
7525,314,202.43926200000004,290.48130234999996
7526,314,222.12526495000003,211.43499359999998
7527,314,217.3836572750003,239.39200522499996
7528,314,209.19445987500006,197.4052781999999
7529,314,223.2888498000002,205.1823479750001
7530,314,190.9067326,186.04144762499996
7531,314,233.76712882500007,164.98255064999992
7532,314,199.96681762500015,269.2396183
7533,314,195.12725257500017,210.0499382000001
7534,314,229.83311107499998,188.54341190000002
7535,314,188.63147154999996,185.53223215000003
7536,314,203.9259529250001,172.01958495000002
7537,315,175.91003052500005,169.16345957500005
7538,315,163.71543625000038,198.25550362499985
7539,315,154.26540575000013,183.3725210500001
7540,315,211.10920322500007,161.53520547499997
7541,315,187.13201545000024,201.25615212499997
7542,315,141.62311297499983,183.21781490000004
7543,315,208.03379540000017,193.99683414999998
7544,315,224.6788253750001,182.93981539999993
7545,315,257.67815385000023,248.91604877499992
7546,315,286.83639137500035,216.19512592499996
7547,315,197.05146655,244.08396964999994
7548,315,253.66865419999993,241.3884197499999
7549,315,195.33705529999992,283.21062429999995
7550,315,225.38156639999994,234.5174058999998
7551,315,238.11383415,217.64045509999994
7552,315,200.39503542500017,226.68820994999993
7553,315,151.28776387500022,213.904438175
7554,315,217.55697010000017,212.50639225000015
7555,315,305.9438070499999,195.82832549999978
7556,315,202.36028287500008,227.64446714999988
7557,315,205.05466042499995,246.41636227499998
7558,315,193.84584379999995,191.291534625
7559,315,160.93564257499995,135.02087934999997
7560,315,169.3159282750001,226.03398212500002
7561,316,163.8824376500002,161.625458375
7562,316,107.34717197500004,133.26390342500008
7563,316,151.16407405000004,131.54100524999998
7564,316,159.18623610000012,136.95056685
7565,316,200.0851190499999,142.17226812499996
7566,316,223.91896262500032,191.77334104999997
7567,316,261.6651733500003,202.844961525
7568,316,175.50244087500005,299.1110272999998
7569,316,241.74961695000007,273.89274902500017
7570,316,268.2491705750002,236.63019632499984
7571,316,260.2857082249999,320.5460098750001
7572,316,308.4341645750003,254.63354355000004
7573,316,274.79339960000016,284.55533964999984
7574,316,269.3693161749999,260.88685745
7575,316,228.5636276250004,262.18808092499984
7576,316,208.77199995000007,313.59402847499996
7577,316,268.3619814000002,226.54775484999996
7578,316,222.68793065000017,243.3742064000001
7579,316,297.0174714499999,254.58642464999977
7580,316,229.39122555000034,269.3768467
7581,316,219.37478639999998,320.15256785000014
7582,316,185.59112985000013,200.81238869999981
7583,316,229.62639127500051,178.204734625
7584,316,147.39589085000006,165.04110394999998
7585,317,111.39527632500007,184.15469819999993
7586,317,144.98542255000007,141.92480167500003
7587,317,139.5347540250003,134.45085262499992
7588,317,171.08350682499997,192.95903732499994
7589,317,186.31511692500004,140.76641749999993
7590,317,201.61643960000015,238.18404449999994
7591,317,243.65657895000032,235.80790402499994
7592,317,230.22676522500018,272.6487595000001
7593,317,334.9300841750004,273.47346852499993
7594,317,300.2224116,271.20461515
7595,317,293.3406263500003,243.427498225
7596,317,317.92217325000024,259.134957475
7597,317,255.16653902499988,268.7550722999998
7598,317,308.4449420000003,248.2336884249998
7599,317,266.8831351000001,312.4045131000001
7600,317,299.9274075500001,251.8580758499998
7601,317,304.487996125,277.011685925
7602,317,228.25278457499996,266.3180919749999
7603,317,255.66364267499998,293.1865578249998
7604,317,221.23916222500011,258.13845832499993
7605,317,229.50428297499997,218.89501570000004
7606,317,222.66842799999992,178.59666835000013
7607,317,236.1604789499999,137.9587759749999
7608,317,181.0236298,149.04315024999988
7609,318,153.39206130000002,184.1120805
7610,318,176.794801575,127.81997827499998
7611,318,186.00126715000005,127.84843927499992
7612,318,166.04475155000006,182.27707445
7613,318,202.55823572500003,194.87734627499992
7614,318,199.16081062499993,189.75667082499993
7615,318,280.4587037500002,222.46166952499988
7616,318,280.35610312500035,234.40067892499997
7617,318,317.46366420000015,269.00165692499985
7618,318,215.92551594999986,324.0571066
7619,318,337.5423341500001,287.44571749999994
7620,318,211.4145195250001,360.044961825
7621,318,259.9646970000001,205.12525200000002
7622,318,232.9754380500001,244.880722875
7623,318,299.8660394,211.01598775000002
7624,318,249.55702640000032,252.10016849999985
7625,318,215.7686735999999,204.1566131500001
7626,318,292.18501740000016,237.64075372500002
7627,318,269.52345210000004,287.047895325
7628,318,222.6108127999999,266.7211535750001
7629,318,261.6765156500002,321.8513982999999
7630,318,264.4075556750001,217.63869265
7631,318,142.70989569999998,172.90388629999995
7632,318,158.53545352500004,154.55891874999998
7633,319,156.8786614000001,152.93637854999994
7634,319,147.163325175,120.6076839000001
7635,319,149.64584342500018,137.301281725
7636,319,141.87995950000027,158.27438247499992
7637,319,133.5498624750001,196.99309702500005
7638,319,174.88679782500003,179.29326562500006
7639,319,266.33310872500005,214.37129212499985
7640,319,236.62875770000014,236.90472744999983
7641,319,300.98156974999995,264.8589210000002
7642,319,324.85009340000016,279.1641752499999
7643,319,316.42050135,322.0931361999998
7644,319,255.89688265000015,270.46320172499986
7645,319,253.72463340000022,264.45910100000015
7646,319,244.79354805000006,253.71951307500004
7647,319,321.5246733250001,238.49528342499997
7648,319,294.60912880000006,193.561121125
7649,319,243.76256622500017,258.4555649
7650,319,258.57995325000013,319.21587535
7651,319,317.04116787500027,227.5226474999999
7652,319,274.25713837500007,242.81748432500004
7653,319,301.1273349500002,223.90859734999992
7654,319,242.5541253750001,259.4971223749999
7655,319,144.23050385000008,231.87934935000004
7656,319,162.22262252500002,191.25873624999997
7657,320,175.90719660000008,125.68117537499992
7658,320,149.66527897499998,121.81509622499995
7659,320,189.7221943750001,154.24484057499993
7660,320,166.98447497500007,203.10854142499994
7661,320,142.83475805000003,161.26447712499998
7662,320,181.18219764999992,167.12351010000003
7663,320,227.2520051499999,209.9230830250001
7664,320,315.9341152500003,242.00675824999976
7665,320,218.1034665000001,299.1042002500001
7666,320,304.77684800000054,380.9893238749998
7667,320,277.0719053750004,357.1735712749998
7668,320,265.00090090000015,324.5652589999999
7669,320,259.3008289749999,320.09932542499985
7670,320,275.747201425,314.07177377499977
7671,320,216.6293767000003,268.348885875
7672,320,257.06291405,233.86254849999995
7673,320,235.13539012500007,237.9358076500001
7674,320,258.9302721250001,245.332732125
7675,320,322.8293039,247.65339212499998
7676,320,240.45525294999996,225.19901657499986
7677,320,217.31390380000013,257.5712078749999
7678,320,222.4896505000001,196.9202385999999
7679,320,183.20870172500014,224.0552587499999
7680,320,175.63643072500017,188.94842655
7681,321,149.74265795000008,143.74665879999998
7682,321,183.63045802500017,150.52262620000005
7683,321,144.110556375,138.02901817500003
7684,321,122.01496939999998,144.45571757500002
7685,321,204.64526090000038,182.62766579999996
7686,321,191.2704679750002,160.30605534999995
7687,321,192.67922750000014,184.3458257249999
7688,321,227.49059825000018,190.47493887499996
7689,321,258.9346965500002,247.62850649999982
7690,321,261.104629375,237.0639880999999
7691,321,315.62617117500025,303.4657091999999
7692,321,329.0263060750002,248.02614059999996
7693,321,288.60359905000007,234.82180132499994
7694,321,252.9947674250001,238.87208260000008
7695,321,287.6023328000001,232.4871629000001
7696,321,176.1241514250002,247.52766634999975
7697,321,171.57972560000002,219.82818847499976
7698,321,255.24399415000016,245.67342470000006
7699,321,273.05529285000006,198.90323460000002
7700,321,211.37202247499994,225.69443445000005
7701,321,251.82062665000018,264.97709299999997
7702,321,212.89467827500005,199.30598797500005
7703,321,162.4214287500002,168.44262707499996
7704,321,153.51425659999992,194.01069589999997
7705,322,158.05812780000002,168.42706164999998
7706,322,179.77959440000006,140.88532425000005
7707,322,133.08841717499993,184.9190822499999
7708,322,166.03413442500022,98.67249067500002
7709,322,189.79750592500008,127.57791574999993
7710,322,167.39296902500007,159.78917557499977
7711,322,168.17443055000007,175.5846861
7712,322,245.73009340000016,214.06116762499994
7713,322,220.2073462000002,285.8157883
7714,322,211.27924410000008,267.4096421500001
7715,322,281.0577099000002,223.1190615249999
7716,322,265.638915325,309.6372157499999
7717,322,221.84702007500027,208.60069330000002
7718,322,183.00658935000035,234.37767429999977
7719,322,172.42792227500013,197.7755940999999
7720,322,225.2277808749999,220.1633871499999
7721,322,200.91598140000025,197.721520925
7722,322,280.2684261750003,188.71977667499996
7723,322,279.92171765,198.440420625
7724,322,225.79018080000014,205.85348787499981
7725,322,230.17204040000007,220.06846979999983
7726,322,210.33432184999987,211.00668540000004
7727,322,215.81807805000008,191.40641914999992
7728,322,122.29172500000004,136.91407162500002
7729,323,117.91541460000009,155.377483325
7730,323,153.38438622500013,143.47304694999997
7731,323,158.99279092500032,162.6173739749999
7732,323,182.793327025,131.61403407500003
7733,323,137.84810747500006,167.52659300000008
7734,323,213.4714126000004,205.37065894999995
7735,323,211.86877567500025,233.7755072999999
7736,323,209.2698615750002,223.96240550000005
7737,323,233.3013116500002,268.5462843749999
7738,323,221.31717027500008,263.1437706249999
7739,323,254.2688428500002,272.69413739999993
7740,323,246.3689631750002,348.08690812500004
7741,323,267.69313387500017,327.9538529
7742,323,265.6183548749999,241.47108477499995
7743,323,313.1918732999999,183.4750273250001
7744,323,271.413269875,268.25936837499984
7745,323,287.7735779250002,289.52185937499996
7746,323,311.176328225,218.82001617499975
7747,323,239.0138862999999,239.14939104999985
7748,323,251.05277112500056,303.28310114999977
7749,323,267.0275689750001,279.4018753249999
7750,323,230.0211026,264.756489575
7751,323,186.88353170000002,230.91649794999998
7752,323,208.21858202500022,151.00679222500003
7753,324,144.21934492500006,124.76241797500002
7754,324,125.19500632500004,149.64608055000002
7755,324,154.19418220000017,129.878988
7756,324,190.21029120000009,141.59904095000007
7757,324,182.67691727500022,142.37623879999995
7758,324,148.16868440000013,185.95808299999996
7759,324,225.5055592249999,210.08707735000002
7760,324,208.5420569000002,224.0548309999999
7761,324,319.6272719000001,312.3880640499999
7762,324,302.564006575,318.452543775
7763,324,262.9688098749999,322.92484987500006
7764,324,297.260316075,288.81068192500004
7765,324,226.6026757249998,219.2216525499997
7766,324,330.4702382250001,252.06240172499997
7767,324,325.03690390000025,192.13195804999992
7768,324,235.42930787500018,248.6060758999999
7769,324,284.9362165250002,211.2691472499999
7770,324,260.38069972499983,270.14614542499993
7771,324,323.6403771500002,233.63243814999998
7772,324,234.62202992500002,266.9826067249999
7773,324,221.1383405250001,225.1145839250001
7774,324,261.46707612500006,198.18735237500016
7775,324,182.56882095000017,204.26712334999996
7776,324,197.5304924500002,145.26576784999995
7777,325,149.51606145,151.53774047499996
7778,325,130.57754812500005,142.5800198500001
7779,325,133.41252465000005,132.6797003999999
7780,325,142.08802749999998,156.74781427499988
7781,325,131.94869294999998,162.15403622499997
7782,325,200.72740787500007,206.46449442499994
7783,325,241.59144722500017,191.78425247499993
7784,325,235.5848311000001,217.2948768750001
7785,325,254.26259850000002,308.74910815
7786,325,327.42508290000023,277.40636789999996
7787,325,307.8856463500001,318.76774185
7788,325,303.05272052499987,306.3983471500001
7789,325,322.08348172500007,245.19347727500002
7790,325,301.1795740750001,284.0773193749999
7791,325,300.80543705000025,222.36982495
7792,325,235.4787027750002,232.67308232500017
7793,325,270.73572467500026,311.4209762499997
7794,325,216.53404205000004,318.9999023499999
7795,325,219.33643137499996,228.97121562499984
7796,325,209.7164891000001,274.21312542500004
7797,325,254.11711520000017,258.3061390249999
7798,325,230.6950849,221.81796340000017
7799,325,178.77751340000003,205.37565624999996
7800,325,179.97799677500018,193.669845625
7801,326,181.97207405000012,132.00290152499986
7802,326,161.69083915000013,149.75069304999994
7803,326,182.29462082500004,136.26828822499994
7804,326,112.97375180000004,146.44626889999995
7805,326,163.50420285000007,157.72677177499997
7806,326,131.29567422500008,190.18519569999998
7807,326,174.06042662500013,237.82604469999995
7808,326,261.0324525500002,242.73055295
7809,326,234.74749952499997,220.65392239999989
7810,326,236.53973515000018,235.1210995500001
7811,326,251.7568800750002,264.8343816249999
7812,326,239.14988690000013,170.16370825
7813,326,243.68537272500026,223.41447050000008
7814,326,244.62034865000015,259.1301293749999
7815,326,218.3476307250002,181.36275455000003
7816,326,224.9888345000001,212.8967429
7817,326,229.31143627500006,227.1897170499999
7818,326,226.81112430000002,228.2557440249999
7819,326,221.04935167500017,233.396649475
7820,326,214.93606634999992,204.042367575
7821,326,177.3904240999999,242.88891905000003
7822,326,192.51576790000007,193.8854365499999
7823,326,160.55969995000015,192.08015170000002
7824,326,136.59983350000002,152.52403627500004
7825,327,148.7419441499999,127.45978675
7826,327,149.238107275,131.94609827499997
7827,327,132.32204462500005,148.552549375
7828,327,154.88498565000003,160.305514425
7829,327,206.5046076250001,165.01879012500007
7830,327,155.55867385000005,192.97833037499993
7831,327,207.14080779999995,176.07524699999993
7832,327,242.1674057500001,175.73499620000007
7833,327,264.19538637500017,234.1531672499999
7834,327,270.28252892500007,273.2174094250001
7835,327,229.57326740000008,253.062956875
7836,327,271.5236004000002,211.47268787499996
7837,327,258.9737848000002,252.517291425
7838,327,191.25616109999999,235.653981375
7839,327,201.8586486750001,220.7845960250001
7840,327,180.15623467499995,205.01601727499997
7841,327,203.10478942499995,220.49952390000016
7842,327,238.0008737500002,255.70032490000014
7843,327,269.95926717500026,173.54055940000012
7844,327,226.70179037500014,268.51007672499986
7845,327,301.4339863500003,181.83275092499997
7846,327,199.7996800000001,229.15509312500006
7847,327,188.97128709999998,186.28834217499997
7848,327,167.23389772500008,185.03206650000004
7849,328,188.05898982500014,125.91228512499998
7850,328,130.90642640000019,138.9232790999999
7851,328,131.55801827500017,135.64884147499995
7852,328,129.2919146500001,142.37402514999997
7853,328,143.01984205000008,140.10208184999993
7854,328,195.40204112500004,171.12450585
7855,328,205.627624625,204.4934277999999
7856,328,193.0046559750001,195.9875553
7857,328,204.165052525,264.69776487499996
7858,328,228.08556792500016,303.3098418750001
7859,328,246.00137894999992,285.54493987499995
7860,328,268.7238639750001,237.07445834999987
7861,328,213.43954362499997,213.59109312499987
7862,328,219.985062325,201.66835672500002
7863,328,257.06887977500014,266.1787431
7864,328,218.5613439500002,190.9670207250001
7865,328,250.64139030000007,212.1788209999998
7866,328,217.3718518,268.07524077499966
7867,328,225.251254425,201.606991075
7868,328,281.8773549500001,268.63258835
7869,328,245.30072104999994,302.0213645249999
7870,328,182.31278707500013,231.5132670499999
7871,328,134.82502332499993,180.565818125
7872,328,180.9221606250001,132.36566075
7873,329,179.22967550000007,148.34496855
7874,329,119.0901796000001,142.184872975
7875,329,122.36134055000001,137.40849774999995
7876,329,135.99602999999996,170.09007935
7877,329,177.5498163000001,168.49368319999996
7878,329,202.51220042500012,188.42700172500008
7879,329,183.73336667500013,163.55300504999994
7880,329,164.31485172500007,202.74491402500004
7881,329,208.3945355000002,222.10002492499987
7882,329,250.943325575,186.69812092499978
7883,329,213.15190760000002,264.1132455750002
7884,329,240.91477375000005,239.48388289999997
7885,329,249.4747978999999,205.5258867249999
7886,329,243.089377625,149.91131975000002
7887,329,212.73677385000002,200.39456322499996
7888,329,256.19076852499995,223.44986769999988
7889,329,233.36477532500004,237.0609811249999
7890,329,237.29001809999997,220.32963217499997
7891,329,256.31420320000007,252.6489512249999
7892,329,246.6201182,253.18749509999986
7893,329,180.53875955,243.78841287499984
7894,329,263.25415732500005,213.75040537499993
7895,329,202.111616975,156.88551037500008
7896,329,139.88551345,128.07967972499992
7897,330,143.4191796500001,117.70834682499998
7898,330,161.70534422500023,134.71387332500004
7899,330,144.73263185000008,96.18421472500006
7900,330,161.15989114999994,131.87316925
7901,330,153.415738175,155.21415822499992
7902,330,212.92243167500015,171.38389195000002
7903,330,176.22992462500014,251.80516187499984
7904,330,260.06031975000013,242.046874675
7905,330,311.8798839000003,294.3715637249998
7906,330,261.16023835000016,241.95363005000004
7907,330,297.6581119000001,251.6065378749998
7908,330,186.45101190000022,220.76643387500008
7909,330,267.99582145,317.0349581749999
7910,330,281.61846297500006,285.8560452999998
7911,330,304.7099253750001,267.2808553999997
7912,330,249.1010307500001,279.7920596499998
7913,330,333.40630205000025,234.20655480000008
7914,330,307.5494206500002,239.45498512500018
7915,330,250.22522589999994,247.38516914999994
7916,330,241.9175416500002,290.61775047499987
7917,330,309.9472093500001,210.09726602499984
7918,330,245.2950126,222.90062967499983
7919,330,186.33225022499994,188.178290775
7920,330,194.69492207500025,186.01109064999991
7921,331,168.4930503,145.7734868
7922,331,143.12186917500003,181.25524917499996
7923,331,173.73262425000027,160.26922499999992
7924,331,156.82894430000005,167.78855174999987
7925,331,197.06704737500013,173.88642644999993
7926,331,222.89208915000012,173.33771782499986
7927,331,230.72812687500016,237.9915625000001
7928,331,238.83064970000027,200.65705092499996
7929,331,232.86496105000003,289.4416731749999
7930,331,285.577736675,214.60245595000018
7931,331,264.83262550000006,235.285640725
7932,331,302.7839328250001,286.7952881
7933,331,275.55425312500034,205.99386257499992
7934,331,319.30043720000026,235.7130127499999
7935,331,290.7728168250002,239.07872834999995
7936,331,243.96543197499994,257.5844815499998
7937,331,258.77513045,297.7520022999999
7938,331,283.22138770000015,297.36299807499995
7939,331,275.33176942500006,283.48016270000005
7940,331,263.9489251,222.20887144999998
7941,331,190.0375281749999,248.76576934999997
7942,331,261.36327665000016,243.00759885000008
7943,331,252.22850987500004,200.865032675
7944,331,190.8748314500001,166.10500779999995
7945,332,167.39198485000006,145.03838855
7946,332,199.95231592500016,158.52760939999996
7947,332,168.33034945000003,136.0852714499999
7948,332,153.99820000000005,138.53142529999997
7949,332,184.16950702499994,145.85272522500009
7950,332,209.7123024249999,199.27131992499994
7951,332,209.96041380000014,331.43721267499984
7952,332,268.9406894000002,293.6694435999999
7953,332,310.8935084499999,251.8170392749998
7954,332,249.10474072500017,233.25799604999992
7955,332,317.56813787500016,308.04073879999993
7956,332,322.48619705,240.70635872499977
7957,332,289.3345146250001,283.474813625
7958,332,253.90817992500016,252.95062760000005
7959,332,286.2626976500001,278.3508054
7960,332,273.8915557,286.51353347500003
7961,332,263.87956877500005,300.9064156
7962,332,259.9399402,261.80470034999985
7963,332,285.1510277500005,287.52663559999985
7964,332,243.0533173999999,281.98031852500003
7965,332,197.56284425000007,297.5842301499998
7966,332,251.87219770000019,286.6415879499999
7967,332,226.1863206250003,238.077297875
7968,332,187.94503559999993,193.4520454499999
7969,333,160.61772772500015,135.95741302499994
7970,333,133.93743694999992,185.3486532249999
7971,333,154.20483439999998,156.24902489999982
7972,333,132.42879345000003,163.10908547499992
7973,333,165.27892440000008,190.48220259999994
7974,333,143.66368007500012,204.9765402
7975,333,245.7566115000001,288.63976435000006
7976,333,250.96887274999997,254.74058997499995
7977,333,279.8264587749999,254.75385697499976
7978,333,244.16883887499986,258.0772350750001
7979,333,317.09267247500014,277.335998225
7980,333,289.3991848999999,288.8527120749998
7981,333,346.51549617500024,204.282885175
7982,333,290.62974875,257.4988090749998
7983,333,252.96031527499994,256.45360914999986
7984,333,266.990554775,224.22017142499993
7985,333,287.8171121250003,226.00198400000002
7986,333,227.2247251500001,278.2572963249999
7987,333,296.8119391500003,351.18235082499973
7988,333,301.95169000000027,223.13030402499982
7989,333,237.0535549500001,311.10621707500013
7990,333,311.3987199250003,206.68934005
7991,333,177.45706437500007,186.65266089999994
7992,333,207.16535672499992,157.55893714999996
7993,334,160.9833095000001,180.54746937499993
7994,334,157.61304850000016,134.1925828999999
7995,334,156.48056527499998,155.58429607499988
7996,334,169.98917932500007,138.60128799999995
7997,334,185.88529112499995,125.84811395
7998,334,202.12675507500003,205.81554300000005
7999,334,228.0589514750001,275.25770902500005
8000,334,201.86790672500004,273.97744155
8001,334,267.5694249500002,253.30315290000007
8002,334,263.97552457500024,328.17783312499995
8003,334,319.05267767500004,309.02659782499995
8004,334,257.78371675000017,312.09678830000007
8005,334,248.30259022500007,316.97479804999983
8006,334,273.23259659999997,257.0558309749998
8007,334,245.8183022999999,266.3841758499999
8008,334,290.34480667500037,260.9562175749999
8009,334,209.93606994999993,274.7685544749998
8010,334,360.96610697500006,269.5994180749999
8011,334,209.22794737499999,236.19972369999996
8012,334,248.55435507500005,310.9903583999998
8013,334,251.61595277500015,233.3272445
8014,334,171.0114104500002,235.82145947499995
8015,334,203.56743764999996,176.43446187499995
8016,334,201.91862832499993,202.07276935000004
8017,335,142.88496725000022,196.72486985000006
8018,335,133.8553297000001,184.36947382499994
8019,335,150.42780427499991,144.37725655000003
8020,335,166.71985492499994,163.73517892499996
8021,335,187.98604670000003,112.96208825
8022,335,178.6119424250001,170.9842860999999
8023,335,161.47488555000007,191.62547999999998
8024,335,151.6453469750001,180.88512717499998
8025,335,199.73982177499994,244.15569329999988
8026,335,219.04994300000007,218.74138237500011
8027,335,246.28602380000007,295.32852995
8028,335,264.31611207500015,300.4606173999998
8029,335,261.72472695,232.829511325
8030,335,239.53146205,180.11447975000004
8031,335,250.6587062499999,251.29030847500007
8032,335,286.90647275000015,218.02867134999994
8033,335,293.558313975,219.82341477499978
8034,335,239.81454237500003,240.50852735000018
8035,335,248.9338465250001,235.2621411
8036,335,278.0701302750002,250.23547447500005
8037,335,306.23847512500026,242.89824769999987
8038,335,226.17690387500025,234.60574019999999
8039,335,178.51622372499992,184.7734148
8040,335,146.596297775,182.2581687
8041,336,165.7319924500001,164.35704884999987
8042,336,148.55804857500004,153.16190090000003
8043,336,102.7533912750002,142.58146182499996
8044,336,163.97622822500009,167.83640657499987
8045,336,158.19246684999996,135.26300212499996
8046,336,159.89336045000022,143.61271174999996
8047,336,222.17950555000013,197.98401552499996
8048,336,215.57825500000024,225.27387774999988
8049,336,184.71994055000002,282.307071075
8050,336,256.2246631250003,228.37096947500004
8051,336,315.9766667749999,265.797444875
8052,336,257.1813322750003,243.49032394999983
8053,336,226.57486265000017,263.1232140249999
8054,336,225.027464425,191.7566724250001
8055,336,181.12961877499995,229.264306525
8056,336,247.5730210500003,220.0708917249998
8057,336,204.0639018499999,237.87509215
8058,336,314.0733396750001,270.8178604000001
8059,336,264.22157927500007,248.03071147499992
8060,336,258.8441716500001,265.1567162749999
8061,336,224.20311780000006,280.4114129000001
8062,336,209.97540177499985,240.24478072499977
8063,336,196.90047062500005,180.76708892500002
8064,336,173.11683035000013,177.98431485000003
8065,337,169.13230782500005,131.40096017499997
8066,337,149.48422555000013,139.69220089999988
8067,337,107.66755242500008,112.59658019999995
8068,337,137.2273368500002,133.84963084999993
8069,337,156.49502310000003,175.15461787499999
8070,337,191.93688262500007,237.61025819999998
8071,337,244.49860347499998,214.62634012500004
8072,337,246.18579840000024,268.6050025500001
8073,337,341.3499480500004,298.96361957499994
8074,337,284.0616088500001,286.0461763249999
8075,337,311.64279327500014,259.8901420999999
8076,337,293.30878245000014,244.30503279999988
8077,337,312.22545330000025,281.42098762499984
8078,337,246.21593165000004,282.99060072500004
8079,337,357.91557540000025,217.54427852499987
8080,337,257.2817203750002,269.62398754999987
8081,337,314.72107962500024,295.9876814999999
8082,337,300.1416167,251.60645112500015
8083,337,302.86103120000007,290.3993418999998
8084,337,314.62098292500013,266.25875329999985
8085,337,269.7730681749999,251.1606201
8086,337,253.6805069250002,187.24583735
8087,337,220.61615810000004,245.669885975
8088,337,164.8253763000002,204.56706369999998
8089,338,157.06054825000007,178.37364852499996
8090,338,116.54038802500011,127.89159362499997
8091,338,105.04274667500007,147.39258284999988
8092,338,129.91732549999995,157.690043
8093,338,212.59745865000014,163.50230127499987
8094,338,201.99952477500005,150.80395517499994
8095,338,278.1618856250001,182.12498807500003
8096,338,272.0697390000002,182.5427339750002
8097,338,320.4991245750003,280.6663473749999
8098,338,245.7382579,236.9165563750001
8099,338,251.17113240000012,297.06924567500016
8100,338,295.4081372000001,325.93235019999986
8101,338,306.55881102499995,315.0611617499999
8102,338,323.7545995500001,239.25826512499998
8103,338,233.7597439500001,258.9445980249999
8104,338,304.5416806249999,233.01064802499997
8105,338,348.95847055000013,219.5960350249999
8106,338,300.4628307999999,259.792901825
8107,338,330.09321127500033,209.22741619999996
8108,338,279.56925015000013,264.6665545499999
8109,338,228.37739562500002,287.8097536999999
8110,338,215.7908296500002,246.5352499999998
8111,338,211.511646525,224.78060897500012
8112,338,221.727722625,206.82738852499998
8113,339,180.7501212499999,198.35185635
8114,339,218.95112420000004,179.88242375
8115,339,183.46994307499992,178.177308475
8116,339,148.06121829999998,162.4136580499999
8117,339,142.17650547500008,172.2867061249999
8118,339,209.42764655,182.273715275
8119,339,213.97643767499994,251.89413357499984
8120,339,249.71907482500018,246.6620766749998
8121,339,311.1247374750003,280.28986577499995
8122,339,324.3446505250002,286.1322409749999
8123,339,293.198644075,337.7273522249999
8124,339,356.39239485000024,300.2450411499997
8125,339,270.7586453,319.7733098749998
8126,339,244.07647327500007,247.7150967
8127,339,240.96501492500022,270.31655749999993
8128,339,217.8599730500003,188.18504277500003
8129,339,265.8545414500003,278.76964047499985
8130,339,256.13379957500024,328.838277275
8131,339,257.8286573750001,279.1134376249999
8132,339,265.4729491000002,178.7533204749999
8133,339,261.15497170000015,208.10575407499965
8134,339,248.02698640000025,243.4200701249999
8135,339,233.82563025000024,196.04116897500018
8136,339,170.1467733,187.03219637499996
8137,340,199.60504044999993,195.58662967499998
8138,340,180.6432486000001,190.01187917499993
8139,340,161.02521717500005,192.3003822000001
8140,340,152.32195982500005,147.35984257499996
8141,340,166.86273544999997,197.5959159
8142,340,189.51904700000023,230.59483845
8143,340,278.771594725,250.78168772500004
8144,340,322.808059175,225.04941947499987
8145,340,268.0358535750004,290.5069641
8146,340,229.27226830000026,311.60307795
8147,340,300.0247978750001,282.74995762500004
8148,340,287.93409042499997,273.21834609999985
8149,340,245.66058435000008,274.83215224999975
8150,340,273.4215624,263.8792614749999
8151,340,258.99236317500026,255.59515810000005
8152,340,235.23436762499998,275.98591607500003
8153,340,215.3470250250001,274.6023085499999
8154,340,248.27111299999996,257.6800454999998
8155,340,345.1371774000001,300.7457008250001
8156,340,287.58865395,261.3337046249999
8157,340,254.51881465000005,228.16923285000013
8158,340,230.72930782500006,243.68734982500004
8159,340,251.39098330000036,236.39504444999994
8160,340,170.25954680000018,212.99333569999993
8161,341,192.28730277500006,168.08875260000002
8162,341,174.6193402250001,213.28720640000006
8163,341,157.63744812499996,138.662315025
8164,341,196.68650042500002,148.66989417499997
8165,341,227.85130275000017,173.22184420000002
8166,341,264.19244795000054,221.7298674
8167,341,304.3618302,247.89992929999983
8168,341,287.58849917500004,297.11134609999993
8169,341,225.1140226500001,203.89788012499997
8170,341,222.73739419999984,315.32420969999976
8171,341,330.04171470000017,300.9313371999999
8172,341,234.85491779999995,267.505610025
8173,341,275.3195081250002,217.81199327499996
8174,341,199.58144842500016,264.429730975
8175,341,286.55771397500007,217.84420580000008
8176,341,217.17766625000002,238.72373207500004
8177,341,260.3314470750001,261.70989144999976
8178,341,256.6541422500001,261.52486357500004
8179,341,280.10427085000015,312.9934695999998
8180,341,227.60511785000006,245.41362387499981
8181,341,233.91669209999992,279.0689119749998
8182,341,206.30282855000007,234.69531685000007
8183,341,221.9093280000002,183.35080079999997
8184,341,155.36539549999998,165.19022017499992
8185,342,130.36860710000005,154.12722302499992
8186,342,140.55377337500008,125.86909277499996
8187,342,140.158878725,133.9874821249999
8188,342,161.14772187500006,144.8245083500001
8189,342,153.16963180000016,187.05601009999984
8190,342,183.65828455000008,192.6261884
8191,342,228.73974340000035,229.21475810000007
8192,342,237.63403657499993,246.13590217499996
8193,342,317.4862311500006,229.75463877499982
8194,342,272.5455630500002,246.63621549999988
8195,342,279.5226119000001,324.686125225
8196,342,221.72349402500012,321.54813112500005
8197,342,243.55472750000007,213.35410677499988
8198,342,212.6397240250004,227.018807375
8199,342,186.31253274999992,317.52231374999985
8200,342,163.76796225000024,258.47803102499995
8201,342,279.31538465000017,224.09996292499991
8202,342,242.4072636250006,297.28769249999993
8203,342,307.96615040000034,226.10596419999996
8204,342,240.974567875,209.8527593999998
8205,342,232.45684939999995,205.50353007500001
8206,342,205.0317017750005,192.93007980000013
8207,342,205.73297677500028,190.09244700000005
8208,342,158.8170765500002,145.19736547499988
8209,343,174.04000642500006,152.52842087500005
8210,343,153.38728125000026,124.81341462499992
8211,343,155.769010775,125.87772392500003
8212,343,172.15593690000014,144.233335275
8213,343,125.45464737499998,158.65476927500004
8214,343,192.05235069999995,166.07146082500003
8215,343,185.0276982750001,180.97195014999988
8216,343,181.569091425,200.46077529999997
8217,343,227.497492225,159.59096150000008
8218,343,236.09704730000038,267.95022564999994
8219,343,304.09757845000047,295.4300498749999
8220,343,292.1746932000001,270.20621782499995
8221,343,249.92558805000004,233.64071847500014
8222,343,249.4552051500002,210.0424112749999
8223,343,236.53962802499998,262.1827874999999
8224,343,200.1613597250003,194.73003255000003
8225,343,243.30206045000008,153.55248899999998
8226,343,265.4207935249999,253.4596066750001
8227,343,215.80533880000024,196.89893429999995
8228,343,285.5010470000003,211.590257775
8229,343,208.7978008999999,298.343615075
8230,343,248.98920015000027,244.96155422499993
8231,343,206.369561375,192.0433545
8232,343,156.01886432500004,162.33913045000003
8233,344,114.21513482500002,160.02436324999996
8234,344,104.10271035000008,160.3606760749999
8235,344,184.5839678250001,185.51712092500009
8236,344,197.4030421,142.76583632499987
8237,344,215.73273257499994,147.74961015000002
8238,344,181.1788042,171.61981805
8239,344,234.31598237500015,202.7475454000001
8240,344,219.9075511250001,228.35116757499998
8241,344,278.2617489500001,253.74274722499996
8242,344,282.5187221500001,225.8478624750001
8243,344,355.1758413500001,258.87790830000006
8244,344,261.8843896500003,331.85440619999974
8245,344,233.8642061000002,262.687417425
8246,344,316.64586677500023,279.40644414999986
8247,344,294.0209708000001,280.7903759250001
8248,344,260.2142383500003,268.12853444999985
8249,344,251.42997312500012,228.1553669
8250,344,256.66951540000036,342.05845742500003
8251,344,276.28505647500043,303.5014492749999
8252,344,302.85573957500003,283.6397807249999
8253,344,268.87111287500016,308.819165475
8254,344,269.2978297000002,294.9159248000001
8255,344,246.65329877500002,220.64834975000002
8256,344,195.20669639999994,188.03281282500006
8257,345,180.69236082499998,175.6482587249999
8258,345,133.08412067500004,147.852497125
8259,345,170.22784367500003,142.46350115
8260,345,148.97466737500002,196.59892397499993
8261,345,174.92095212499987,251.45794327499993
8262,345,191.7847656499999,239.1826853999999
8263,345,234.38935657500002,236.09427062499975
8264,345,284.9540041750002,315.22984710000003
8265,345,258.798393575,285.89484500000003
8266,345,290.86091187500017,253.16651942500016
8267,345,349.94582125,292.6356611000001
8268,345,220.9624248750001,280.3181748249999
8269,345,325.5630890000002,227.47912997499995
8270,345,207.19180945000016,248.4114341
8271,345,267.790457775,270.49592565
8272,345,238.666760025,260.3617793500001
8273,345,265.62002442500005,182.87133899999995
8274,345,283.22361202499985,264.546472475
8275,345,297.26829032500007,296.3669730749999
8276,345,308.4288558750004,239.58036047499985
8277,345,264.9914628250001,280.7086442249999
8278,345,193.3113138000001,271.6563668749999
8279,345,206.01096879999994,218.87206664999997
8280,345,222.67881455000003,180.16775767499996
8281,346,193.57067405000015,173.515156475
8282,346,236.22011927500017,207.81379467500005
8283,346,178.3873850500002,195.16467297499992
8284,346,197.82298887500005,178.51969200000002
8285,346,198.52383152500013,182.38564579999993
8286,346,242.7030967500002,236.38551224999998
8287,346,235.71346347500022,299.34088432499993
8288,346,220.13755345000024,256.36120932499983
8289,346,254.4983775500001,338.4866096999999
8290,346,311.79092792500023,289.05981344999987
8291,346,414.1776493750001,285.89133324999995
8292,346,279.971201725,284.28071112500004
8293,346,284.46455420000007,254.33075084999996
8294,346,232.0502899,249.43593987500006
8295,346,235.51521914999995,205.33160605
8296,346,210.31653239999991,246.61897089999985
8297,346,196.64106749999993,213.462510925
8298,346,220.02176882500004,268.95253620000005
8299,346,297.7592644750001,246.13602957499995
8300,346,279.9547635500002,297.19488365000007
8301,346,234.13302912500052,262.6724616250001
8302,346,252.4759896750001,226.61442527499997
8303,346,214.45066815000007,180.80141600000007
8304,346,197.70390820000017,144.28602325000003
8305,347,158.89257837500003,153.68321554999994
8306,347,191.4513112750003,134.93031007499988
8307,347,160.42908512500006,147.39224624999997
8308,347,154.34103144999997,180.11774354999994
8309,347,194.48734294999997,172.37502822500005
8310,347,146.69472127499984,171.94766040000002
8311,347,208.40328290000028,211.83580532500002
8312,347,200.50595490000006,269.38885137499966
8313,347,251.63028800000012,305.21092982499977
8314,347,249.27932887500018,370.3512598500001
8315,347,281.13144095000007,331.5112076
8316,347,298.75369612500003,374.27647934999993
8317,347,259.13872940000016,268.5624251999999
8318,347,282.5108720750003,267.1314212749999
8319,347,253.86649100000005,258.12377724999976
8320,347,245.0556332250001,243.45120475000004
8321,347,286.4378578499999,233.79284734999996
8322,347,232.3624780500003,292.13086665000003
8323,347,275.5312227750002,326.4918420749999
8324,347,254.12389865,223.5446206249998
8325,347,233.32626450000024,272.8272567750001
8326,347,291.3780125750001,217.38564419999977
8327,347,200.21006765,213.50616857499995
8328,347,180.63576562500018,218.25106952499976
8329,348,175.30054802500004,154.2899967
8330,348,162.6630021750001,180.55602012499995
8331,348,162.19432437499995,161.8371398749999
8332,348,177.89732787499995,152.32925365000003
8333,348,147.85033012500003,230.65271864999994
8334,348,171.53966545,209.14196484999997
8335,348,245.7423338750001,260.72578465000004
8336,348,264.73901782499996,236.28064722499983
8337,348,243.72614269999997,274.9092444749999
8338,348,285.02743670000024,308.4306211249999
8339,348,306.87857552500026,305.1922004999998
8340,348,311.17006442499985,324.2481603500001
8341,348,223.07465790000003,232.31016634999997
8342,348,312.10082730000045,223.75669924999983
8343,348,262.58141392500005,240.3677894249999
8344,348,256.6786223250001,274.09130987500004
8345,348,257.87704877500005,195.84936682500006
8346,348,266.4907940500001,285.4023398749999
8347,348,307.19482165,246.76041134999986
8348,348,201.44442320000016,311.4451796499998
8349,348,246.10467562499997,231.673443
8350,348,235.33843100000013,204.99342499999992
8351,348,174.10011002500008,240.010670575
8352,348,226.079407075,203.58911830000002
8353,349,191.14622430000006,230.9050550249999
8354,349,194.43629242500026,182.13728227499996
8355,349,200.81141750000026,184.79243032499994
8356,349,185.34005875000003,139.5819012
8357,349,181.01281884999992,162.76423244999995
8358,349,245.11337625000024,171.00126422499983
8359,349,243.24267402500018,315.00915255
8360,349,267.6331996750001,231.5256650999999
8361,349,338.72838340000015,301.47117130000004
8362,349,299.2869292250003,336.81048655
8363,349,291.8967593,287.9182567499999
8364,349,286.3791751250001,329.2125074500002
8365,349,221.42229037500002,278.7512494
8366,349,262.33045717500033,246.31006537499997
8367,349,180.92800472499994,248.7865372249999
8368,349,222.04950470000028,268.32515859999995
8369,349,247.46885849999998,217.86229702499975
8370,349,244.64264107500009,236.106591775
8371,349,234.0879306500001,281.2402179499998
8372,349,261.6591375250006,225.8079065999998
8373,349,201.58580687500017,255.33443382499985
8374,349,222.71760335000005,253.26725582499992
8375,349,228.15324062500022,231.71304315000003
8376,349,166.67964874999996,245.10419967499996
8377,350,152.81976972500001,165.1730292750001
8378,350,174.834282325,186.40633985
8379,350,124.85679580000007,137.94758332499993
8380,350,133.0902344500001,177.3720195749999
8381,350,167.84423944999998,179.17905404999993
8382,350,192.74092410000011,195.4903218
8383,350,197.06933842500015,200.72025377499986
8384,350,213.48854742500043,221.64531749999995
8385,350,214.86118030000029,243.73790322499994
8386,350,240.55146665000012,290.2468070749999
8387,350,373.9432372750007,291.7251818500001
8388,350,247.40415755000015,251.05812614999982
8389,350,239.2320502249998,249.01941102499984
8390,350,247.37301937499996,249.79435312500007
8391,350,202.36321020000008,191.04141099999993
8392,350,250.78877015,231.3246848999999
8393,350,204.04101700000012,189.15775957500006
8394,350,265.456577625,259.5636449750001
8395,350,206.23996712499985,274.0275453500001
8396,350,275.0054371249999,267.20672815000006
8397,350,227.83185872500002,234.50167119999986
8398,350,230.13629365000008,284.901878225
8399,350,175.5707966,243.1285347999999
8400,350,173.6180483249999,163.01726259999998
8401,351,138.72124592499998,163.65497795000005
8402,351,137.06972910000002,153.11052710000007
8403,351,168.77216980000017,137.4107303749999
8404,351,149.45399982499998,172.02226422499993
8405,351,208.26018240000033,167.17208010000002
8406,351,268.6242481000001,220.11565937499998
8407,351,248.49049797499993,281.1149558249999
8408,351,262.74174785000014,317.04981177499997
8409,351,262.5182379000004,329.889974125
8410,351,273.2175775499999,307.45496515
8411,351,252.00120160000037,325.2286963
8412,351,240.65122587500005,269.7950385749997
8413,351,325.7184839250003,319.85868084999987
8414,351,261.22508582500024,282.1499968750001
8415,351,245.21889654999998,312.96971879999984
8416,351,248.63494142500008,234.3781892250001
8417,351,213.74924970000012,230.29144960000013
8418,351,261.98496902500017,320.6783954000001
8419,351,240.32212050000027,333.9579949499999
8420,351,281.59168287500023,265.9117832749998
8421,351,346.3754841750002,316.7554611749998
8422,351,206.07983409999997,220.67603127500018
8423,351,190.24484380000007,194.10816162499998
8424,351,140.54151547500004,142.433475225
8425,352,160.637500575,157.84832542499993
8426,352,140.28320832500006,136.2831701
8427,352,145.543196325,160.5752118249999
8428,352,140.89955922500002,168.29770552499997
8429,352,179.88474772500007,201.74455952499983
8430,352,172.34036682500002,221.05587742499978
8431,352,248.00432107500012,204.27767012499993
8432,352,245.34393239999994,304.9933880000001
8433,352,316.119794875,299.25906295000004
8434,352,250.1264498250003,278.1166628999998
8435,352,326.76733360000003,239.27031267499999
8436,352,284.876621775,233.21699949999984
8437,352,257.21733192500017,313.8532137749998
8438,352,231.76151440000012,282.221791125
8439,352,255.50400690000012,244.69887542499993
8440,352,327.46714885000006,294.1093602499999
8441,352,285.99454090000046,279.06979394999996
8442,352,267.6053657750001,297.7553807999998
8443,352,287.2653650750004,265.08925625000006
8444,352,296.465335375,348.5112695250001
8445,352,313.97831637499996,325.14737742500006
8446,352,279.9696755250002,232.83008777499998
8447,352,180.164458975,243.998263275
8448,352,205.60470070000008,196.978897925
8449,353,147.2311781,208.21489332499993
8450,353,173.8616979500001,206.21398082499994
8451,353,143.0075504,153.99961632500003
8452,353,175.6997060750001,128.564865925
8453,353,222.7842077,191.8877880999999
8454,353,285.6978006500002,198.81908839999983
8455,353,259.27970415000004,295.07667680000003
8456,353,267.47344412500024,282.8311727
8457,353,354.1062787000001,263.6386539000001
8458,353,267.77250515000026,303.18113582499984
8459,353,273.2346857249999,321.1294707249998
8460,353,256.71802295000003,267.26327902499986
8461,353,290.81350325000005,288.6017469749998
8462,353,238.69183579999992,264.14818424999993
8463,353,247.38939649999998,246.68368710000016
8464,353,186.0965093750002,267.42437044999997
8465,353,288.99379180000005,279.917406925
8466,353,321.3551038250002,313.31433619999984
8467,353,236.56145279999998,303.1095225249998
8468,353,272.67868554999995,330.28263697499995
8469,353,297.8299204750002,332.42017394999993
8470,353,286.741259075,239.78679542500007
8471,353,279.9818306750001,258.03332665
8472,353,222.43181232500004,216.0837971499999
8473,354,218.61301525000056,149.45081199999998
8474,354,171.01720834999998,169.22584872499993
8475,354,209.2947917500003,204.22911852500002
8476,354,195.17544575000028,263.1005376249999
8477,354,216.00467415000014,226.86990247499998
8478,354,230.47251497499997,237.35497222499976
8479,354,299.73054375000055,200.8587371000001
8480,354,309.1291790500002,243.94113949999976
8481,354,350.8790019,253.46580304999998
8482,354,236.78948425000036,254.80561895000002
8483,354,309.9934696250001,317.029397325
8484,354,292.73342797500015,296.6685900500001
8485,354,259.9340327000001,335.2414686750001
8486,354,215.89149852500003,246.71976572500012
8487,354,222.12822852500022,248.35019494999975
8488,354,261.0106376500002,186.05875952499989
8489,354,267.2115962500001,254.89858399999997
8490,354,277.65571695,268.31113819999996
8491,354,294.4235210500003,220.2244037999999
8492,354,238.38223822500007,249.71435747499993
8493,354,256.2451293250002,272.980818225
8494,354,246.2002198750002,250.07575762499982
8495,354,201.95143430000013,231.49947774999998
8496,354,245.27833160000006,222.23843869999996
8497,355,205.79736042499997,232.65730417500006
8498,355,190.32345295000013,194.80764472500005
8499,355,199.7382449500007,240.47372512499996
8500,355,184.52860560000016,179.67445477499996
8501,355,217.39362107500006,212.039404775
8502,355,205.63131827500024,199.11974045000008
8503,355,235.48331829999995,271.68869479999984
8504,355,281.4807058,303.1701988
8505,355,357.0667522250003,262.596979675
8506,355,324.1731180500005,309.0065296
8507,355,312.76462432500034,294.42147832500007
8508,355,301.5065618,365.61126977499987
8509,355,276.3175783500002,242.107792975
8510,355,243.90120990000008,282.02465867499996
8511,355,270.13340237500006,227.2846094249999
8512,355,294.3795426500001,292.7407204749999
8513,355,232.350906075,250.45850229999985
8514,355,263.5279190250002,265.05558865
8515,355,336.03939302500004,296.3328177499999
8516,355,217.33993527499993,228.76613457500014
8517,355,292.81575265000026,227.7285953999999
8518,355,195.7947092999999,257.8500213749999
8519,355,181.29749837500015,247.02914412499993
8520,355,181.66147807500016,175.79797654999996
8521,356,170.96354105,144.35293777500002
8522,356,162.50323180000012,174.60140272499996
8523,356,168.01151405000002,154.32151744999996
8524,356,145.91441352500013,154.85845882500007
8525,356,179.29821405,167.79378952499997
8526,356,192.9691440500001,146.62417614999998
8527,356,222.80574140000004,247.22666895
8528,356,283.5897121000001,255.74113149999994
8529,356,279.45820837500014,216.3826427000001
8530,356,303.3443620250001,288.20246112499996
8531,356,327.1309611250002,338.30340884999976
8532,356,338.1340679750004,244.67523029999992
8533,356,297.5720521750004,207.17493189999996
8534,356,220.5858771500001,243.50008677500014
8535,356,208.9724227250001,169.02652277500013
8536,356,162.80379092500004,220.77601470000002
8537,356,225.0676455500003,259.58295074999995
8538,356,282.75730620000013,226.281956375
8539,356,215.13519985000022,244.25699192500016
8540,356,262.04885677500005,250.56086620000002
8541,356,227.15560100000005,239.47111602500001
8542,356,224.96381110000019,238.65136544999993
8543,356,198.69566162500013,151.2940998499999
8544,356,150.20172687500008,178.70631864999996
8545,357,132.8115590250001,156.37195430000003
8546,357,154.04781430000008,163.88058242499994
8547,357,155.97762607500025,135.1855431
8548,357,150.94941187500015,150.80193932499998
8549,357,173.5262241750001,160.2955591249999
8550,357,198.29366004999997,166.71655142499992
8551,357,227.70481467500036,166.23171374999995
8552,357,222.81847030000017,247.77533982499995
8553,357,220.62272645000024,238.69435397499984
8554,357,257.3843297249998,264.461901175
8555,357,287.602606625,295.10306637499986
8556,357,237.86210612500037,205.5847589249998
8557,357,269.2209219499999,228.76178289999987
8558,357,223.0251440250005,178.7290066999999
8559,357,223.88920587500013,182.44958850000012
8560,357,248.09799207500004,193.02126225
8561,357,201.37520357500017,221.2026922999998
8562,357,229.23677100000003,239.3303807999999
8563,357,338.49420902500015,232.6250945749998
8564,357,201.84204022500012,229.39286237499994
8565,357,174.43592372500024,257.4356448499998
8566,357,179.8616002999999,210.89261144999995
8567,357,179.1167160999999,183.3335976499999
8568,357,170.68600664999997,159.14380025000003
8569,358,126.21418065000003,167.954964925
8570,358,137.74304665000005,117.01508582499997
8571,358,152.10657864999996,134.53467297499986
8572,358,152.2261623000001,120.47358659999989
8573,358,211.22897504999997,143.19670935000005
8574,358,209.06875320000017,143.73873799999996
8575,358,200.8458291500002,192.04920969999995
8576,358,215.75542410000014,241.52884942499998
8577,358,244.82895395,251.144368675
8578,358,270.19314560000026,240.92261522500007
8579,358,280.83809732500026,313.77129285
8580,358,243.03754762500012,302.5632128
8581,358,235.81451650000008,218.73210704999985
8582,358,219.09920774999995,210.28190792499996
8583,358,283.3719881750002,227.88293912499998
8584,358,279.4713083,216.89000322499987
8585,358,235.32448125000005,269.6329248499998
8586,358,216.61870700000003,252.28114832499998
8587,358,283.23660885000015,248.4188716
8588,358,200.2912789750001,207.36881569999986
8589,358,246.15416444999994,208.6958208999999
8590,358,203.57319130000022,194.00308737499998
8591,358,168.7847601000001,189.8118838499999
8592,358,182.30534172500023,176.5684645499999
8593,359,148.4765994750001,135.37874144999995
8594,359,159.4675411750002,130.703391475
8595,359,148.56015497500007,126.70859865000007
8596,359,140.21188847500005,110.56132405000004
8597,359,147.16176645000013,141.35910239999993
8598,359,186.07788795000016,214.78950542499996
8599,359,199.48138745000006,259.896850975
8600,359,182.31400185000007,195.30258350000008
8601,359,202.92929312500007,237.07767677500013
8602,359,212.86764282500008,253.9612513999999
8603,359,245.86774665000007,243.10032069999988
8604,359,240.68344542500006,264.77923845000004
8605,359,282.0193459499999,231.1323497999999
8606,359,243.8423758,213.39656622500002
8607,359,197.0634437750001,203.34954927499984
8608,359,253.8509785,207.06833594999978
8609,359,217.76761160000012,198.33047987499995
8610,359,229.42661422500012,186.71548747499995
8611,359,268.8365208500003,211.5292287499999
8612,359,227.3008496249999,254.13838339999998
8613,359,202.51971942500018,181.97707680000002
8614,359,214.58953390000016,184.94596429999987
8615,359,177.5351033249999,203.50463549999995
8616,359,155.07549545000006,172.78648669999995
8617,360,110.12443342500005,148.88731852500007
8618,360,134.88604475000005,162.05198027499995
8619,360,180.44012837500009,166.436259925
8620,360,166.0986520250002,198.24056154999988
8621,360,201.41469009999997,207.54464207499993
8622,360,154.643257825,194.52515122499992
8623,360,281.96955894999996,232.45339962499983
8624,360,250.45982962499988,226.0028499249998
8625,360,272.4907546,239.77437387499992
8626,360,282.9598394750001,252.87705809999997
8627,360,333.5888735750002,315.43801152499987
8628,360,270.9849844999999,278.9168439000001
8629,360,240.3920348750002,334.049925025
8630,360,264.39437167499995,309.77223625
8631,360,187.77004945000022,283.65516004999995
8632,360,243.63018845000022,220.4003091999999
8633,360,227.30456717500056,263.17714874999973
8634,360,269.248870025,234.28566684999987
8635,360,278.00646460000013,227.38363429999998
8636,360,316.6765229500002,256.13414622499977
8637,360,229.988225725,253.621775525
8638,360,259.0057526500001,218.01969947500012
8639,360,207.900051925,202.87390589999993
8640,360,203.1441059999999,225.034900225
8641,361,149.36143202500008,165.02611100000007
8642,361,179.09900247500013,188.58809122500003
8643,361,181.18215590000005,256.2673921249999
8644,361,161.70149057499995,225.95474477499994
8645,361,228.16430787500025,204.91251852499994
8646,361,228.09671447500023,224.64124722499992
8647,361,199.38652772500006,209.25123139999994
8648,361,263.89344904999996,247.8858008499999
8649,361,256.69059675000005,169.53253772499994
8650,361,241.56702822499997,294.0261902499998
8651,361,264.8115588750002,306.14541577499995
8652,361,309.84709175,226.22627232499988
8653,361,196.8935600500002,227.35755632500008
8654,361,245.41941715000013,282.8662696000001
8655,361,202.8436355750001,197.31044205000006
8656,361,271.62235985000007,219.66971279999993
8657,361,303.94596850000016,246.7821161250001
8658,361,257.41476965000027,229.44115402500012
8659,361,281.95188050000024,222.5287002249999
8660,361,304.81280897500005,304.46096302500007
8661,361,249.9281874500001,238.85739542499988
8662,361,250.6796385500001,205.13656085000002
8663,361,232.7759900250001,197.88275097500002
8664,361,192.42041060000014,200.29554439999993
8665,362,174.79388617500018,192.81363275000007
8666,362,164.51462407500003,130.382793925
8667,362,171.89137102500013,150.7895285499999
8668,362,192.72567002499997,151.30009654999992
8669,362,168.66419349999995,214.8073111749999
8670,362,226.26734162499991,186.71775087499992
8671,362,239.09788479999995,244.3308986
8672,362,216.65320637500008,285.03076047499985
8673,362,225.33596252500007,282.40634777499974
8674,362,285.4972083500004,268.083613
8675,362,321.8655187250001,342.85167915
8676,362,273.8481120250002,249.95447024999999
8677,362,203.9204136500001,227.11318707499993
8678,362,198.96555160000003,241.82325919999982
8679,362,232.3964228000002,296.29787399999987
8680,362,200.56507539999996,191.29934172499992
8681,362,211.99515940000003,265.21097269999984
8682,362,273.12399517499995,242.43463020000016
8683,362,244.92018064999996,252.95548639999993
8684,362,288.54662804999987,250.82134734999983
8685,362,289.5846293750001,207.31271907500002
8686,362,206.25733587499997,281.80806177499994
8687,362,176.33202769999997,209.84829242499993
8688,362,194.5864489500002,178.30180457499995
8689,363,165.53782357500006,186.83302762499997
8690,363,165.16965284999992,156.64736417500004
8691,363,152.33372665000005,139.91602537499995
8692,363,170.6793930250001,156.3176486499999
8693,363,184.90324045000006,138.52289112500006
8694,363,187.98826295000006,182.3509969499999
8695,363,226.77578107500022,191.0757618250001
8696,363,288.8866390000005,221.59145275000003
8697,363,258.36194245,222.46873439999996
8698,363,258.99352327500003,252.02241939999996
8699,363,244.77021250000016,218.7479914750001
8700,363,311.07332447500005,272.6866737749999
8701,363,190.63457580000005,194.06289092500003
8702,363,201.002265475,232.16266147499988
8703,363,202.39945942499992,253.799261275
8704,363,239.8767505500004,203.935236025
8705,363,164.6994204500001,202.40615544999986
8706,363,192.75821609999997,246.07524527499984
8707,363,257.9642525250002,256.3596464999998
8708,363,224.44578067500018,244.7244237999999
8709,363,205.53240287500026,262.67747822499985
8710,363,182.11551887500002,214.2870699500001
8711,363,238.5102960750001,187.140776125
8712,363,206.2282944249999,164.106495225
8713,364,211.80450070000006,232.97769019999998
8714,364,210.34949375000014,223.11197582499983
8715,364,163.61273472500022,186.89945044999996
8716,364,171.710211775,179.70185607499994
8717,364,177.31189490000008,210.97587332499995
8718,364,142.62025702500017,217.176767375
8719,364,211.87029885000038,164.15941260000005
8720,364,242.25257630000016,217.8526084
8721,364,238.28234042500043,217.37888827500012
8722,364,254.99957142500017,207.17968529999987
8723,364,195.37836002500018,255.26717717499997
8724,364,240.99285322499992,253.2541006250001
8725,364,265.5193626250002,203.51749084999983
8726,364,209.22191477500004,209.77369477499997
8727,364,219.9151692250001,174.43851937499977
8728,364,245.18902847500004,185.88041654999998
8729,364,202.25084795000026,229.15452807499997
8730,364,268.28667992499993,298.68797557500005
8731,364,276.4615832249999,211.78108774999978
8732,364,266.5606594,203.34981472499987
8733,364,208.514560475,252.5998657249999
8734,364,225.42307015000017,234.75763937499985
8735,364,222.24856685000032,218.78476384999996
8736,364,148.95152505000007,179.23798489999996
8737,365,127.96373139999993,137.80772587499993
8738,365,171.1443128999999,126.64481064999993
8739,365,136.57972517500008,150.4701413749999
8740,365,201.29949282500013,201.08171132499982
8741,365,165.05346515000002,203.38834759999992
8742,365,202.78922197500026,171.6505362749999
8743,365,219.80986995000006,237.48925974999983
8744,365,236.92701675,286.755004975
8745,365,204.5056970000001,203.12541030000006
8746,365,217.51790257500008,226.09807282499995
8747,365,224.78559492500005,272.6660887500002
8748,365,284.74821780000036,214.00721730000015
8749,365,310.96203052500016,273.573588275
8750,365,232.5601740250002,257.739105225
8751,365,189.47284122500002,203.82199330000006
8752,365,211.39097277500025,192.43341369999996
8753,365,229.1982569250003,206.9740490000001
8754,365,241.89562087500008,254.68054752500007
8755,365,225.63369347500011,236.77414035
8756,365,243.49392784999998,261.1157329749999
8757,365,265.9307084750002,286.66519905
8758,365,215.1073863500001,233.08922752499979
8759,365,161.9985025000001,174.435923575
8760,365,140.23480320000002,205.49637255
