hour,day,reserve_up_MW,reserve_down_MW
1,1,152.0861680750001,168.24203857499998
2,1,156.70357455000016,193.09632074999996
3,1,121.76049477500007,146.3393285
4,1,158.8882189750001,154.606026725
5,1,182.00372625000006,137.28014924999997
6,1,179.42679702500007,158.767129925
7,1,227.16589472499996,146.74262260000003
8,1,238.61687997500027,195.1147322
9,1,220.09552672500018,230.70061117499998
10,1,183.789204475,163.1292004249998
11,1,227.83390582500016,189.4288464
12,1,273.13943795000006,215.77543347500014
13,1,259.221638525,214.47223939999998
14,1,218.46777312499995,220.46063649999996
15,1,237.75412025000006,192.50826365000012
16,1,192.90314212500027,197.186472725
17,1,193.2640004750001,201.44718992499998
18,1,210.84069222500005,244.4232057750001
19,1,269.055525825,222.875070075
20,1,283.72574747499993,263.0250798249999
21,1,216.40380699999992,243.56015254999988
22,1,245.48496442500004,217.1996301499999
23,1,164.74025662499997,205.68331342499994
24,1,148.52551197500003,149.702894825
25,2,139.51628205000003,169.36846615000002
26,2,128.95004635000015,159.09519672499994
27,2,149.58318080000004,154.69184304999993
28,2,151.57379432500022,159.88706387499997
29,2,143.91815407499996,159.615925475
30,2,193.90663997500008,172.64773669999994
31,2,226.66260034999993,155.10572472499996
32,2,213.59603502500005,244.04516829999983
33,2,211.69012775000016,235.93974382499982
34,2,207.30327597500002,206.0049861000001
35,2,268.36323877499996,228.04503192500002
36,2,290.6515607000003,287.4167450249997
37,2,260.93472645,273.3446049
38,2,217.48583354999994,280.2512108749998
39,2,245.80870879999995,265.631883675
40,2,247.6318215500005,202.8977561499999
41,2,297.3030054500002,223.89157262499987
42,2,282.22179770000014,212.85134609999994
43,2,265.5476176500005,234.68733180000004
44,2,272.7897195999999,278.88242982500003
45,2,345.3695392000003,218.29433254999992
46,2,229.03213790000012,222.55438309999988
47,2,211.75425797499986,200.5994450999999
48,2,172.25014652500016,191.76197637500002
49,3,123.0088141750001,136.93853890000003
50,3,141.93878980000002,109.25202312499998
51,3,153.76902535000008,124.15267137499991
52,3,201.59869932500004,134.87858227499993
53,3,178.7598205750001,162.32419379999993
54,3,184.23604350000016,223.16458684999998
55,3,219.68297520000004,182.42966802500015
56,3,257.0543696250001,183.366849325
57,3,235.78174624999994,246.51675922499993
58,3,270.9734468249998,248.62041454999977
59,3,320.81855387500013,230.13185917499993
60,3,295.4667845250001,291.21188680000006
61,3,266.6586348750002,260.29506304999995
62,3,247.76878334999998,221.44098585000006
63,3,269.6337341500001,330.0259697249998
64,3,260.90788810000004,259.84506569999985
65,3,272.5269189500002,248.85746527499987
66,3,265.52328487500023,238.29215445
67,3,312.72244294999985,321.3491376999997
68,3,221.6412176999999,281.1987267249999
69,3,278.8666101,271.8209844249999
70,3,317.7608014000001,226.78075402500008
71,3,215.07797087500006,238.80589842499998
72,3,176.43880217499998,207.3912782749999
73,4,138.38913180000003,171.15029664999986
74,4,96.215628975,149.478205225
75,4,145.66085800000008,141.63458979999996
76,4,139.83588315000006,140.5624388249999
77,4,160.16382687500015,138.29896659999997
78,4,143.83322375000066,185.90247664999995
79,4,170.35146845000006,212.9979299750001
80,4,215.60414872500004,182.34023567500003
81,4,300.4204522500003,270.8769658749998
82,4,258.39653420000013,276.55635752499984
83,4,320.41619125,367.45811059999994
84,4,293.16492232500013,307.12950587499995
85,4,260.72399415,250.717243275
86,4,326.0685317750002,277.1645175499999
87,4,276.52368510000025,360.68412244999996
88,4,288.3038553500004,226.3055882
89,4,234.34333547500015,211.24806732500002
90,4,291.1680132500002,263.817811225
91,4,351.41718040000023,312.0550913999997
92,4,298.8662429750003,230.86619584999994
93,4,237.415669825,273.53171322500003
94,4,238.96874212499984,211.92385059999978
95,4,198.7171667500001,219.8899455499999
96,4,196.24340642500005,227.72374017500007
97,5,144.0440469250001,156.426153575
98,5,157.2808018250002,140.0748706249999
99,5,125.31543032500007,168.95228257500003
100,5,128.19172147500007,142.92226124999988
101,5,166.86922470000025,150.0033482999999
102,5,201.34508192500004,207.30442442499998
103,5,189.55862432499993,197.2986076749998
104,5,243.83179730000006,241.57375740000003
105,5,262.6642059750001,283.5563332999999
106,5,305.03766997500014,332.5018083499998
107,5,316.3707986750002,255.96892039999977
108,5,329.89473985000006,239.5881087499999
109,5,275.15230645000025,289.42514560000006
110,5,268.53368420000015,249.70316374999993
111,5,244.9408416250003,231.77440225000004
112,5,223.465898475,210.39727457499998
113,5,237.44065297500026,239.45426019999996
114,5,251.12971500000003,255.93037717500005
115,5,270.1000807999999,231.88272447499997
116,5,240.16010530000028,243.00574840000002
117,5,224.23128227500007,194.4900424249999
118,5,198.90165837500007,240.85196859999985
119,5,212.95045460000028,230.05108777499998
120,5,202.10041222500035,218.108791
121,6,175.25998762500032,147.19000887499993
122,6,155.693751525,173.38177987499998
123,6,143.289084875,127.84780819999989
124,6,178.38116910000014,124.61751532500006
125,6,162.89327450000002,160.26291017499992
126,6,197.37911367499999,149.00302022499994
127,6,213.31196875,200.8874942749999
128,6,228.039645075,244.0182876250001
129,6,228.3412264750001,262.6441094750001
130,6,301.9356911250003,248.97207274999985
131,6,284.7520792250002,268.70750995
132,6,222.30468890000003,262.3773235999999
133,6,226.02577895000005,265.9626855
134,6,208.21690292500006,297.917168925
135,6,245.36073627500008,239.49521697499983
136,6,192.55324247500008,246.02919719999989
137,6,271.244252125,222.79920287500008
138,6,280.7742378750001,266.7283411
139,6,218.43624497500008,253.7281408749999
140,6,213.431627225,276.950831075
141,6,233.22262267500022,212.9687147499999
142,6,210.85349420000017,219.402744025
143,6,186.59507215000002,202.66414550000005
144,6,168.10228260000005,147.17105442499997
145,7,132.53288469999998,159.69583520000003
146,7,186.74939945000017,151.56092404999993
147,7,172.06648287500002,166.01752825
148,7,153.86342545000008,157.25720489999998
149,7,167.98999970000006,139.31264715000003
150,7,198.043957325,178.72022564999992
151,7,215.2688631750001,172.63109524999985
152,7,218.14258762500015,205.62813654999994
153,7,256.14184515000017,221.3853025749999
154,7,263.8140699000003,246.63542672499992
155,7,245.17257605000015,222.48977497499988
156,7,250.06412690000002,352.98665905000007
157,7,270.56937077500027,230.382820025
158,7,251.13824727500014,231.56315119999994
159,7,238.68999970000007,152.12449977500006
160,7,211.62116512500018,189.08114779999994
161,7,223.9899030500004,188.01983715000003
162,7,190.38622630000003,196.25205740000007
163,7,160.18370635000016,188.99706279999987
164,7,251.753759875,252.3612903
165,7,240.0955531250005,199.293463175
166,7,223.3660802500001,244.56373579999993
167,7,192.66596462500013,222.798569575
168,7,182.11043592500002,197.79788257499996
169,8,134.23459954999993,180.58674860000005
170,8,127.39997910000025,158.40309597499996
171,8,161.60880380000003,142.99125924999998
172,8,153.90160627500003,148.13456104999997
173,8,173.42536837500003,148.01800269999995
174,8,149.89630084999985,202.77646925
175,8,182.55474057499987,179.31572264999994
176,8,156.9261535249999,219.73778682499992
177,8,237.23402367500006,273.5428024249998
178,8,216.19173525000025,212.0469340499998
179,8,209.39173760000003,212.8659053750001
180,8,202.56013342500012,236.55830790000005
181,8,250.4993676999999,262.04355792499996
182,8,202.99159385000036,197.2516051
183,8,205.65274515000033,239.5557909249999
184,8,215.14548000000013,210.83815277499997
185,8,188.2266943250001,205.07985135
186,8,240.7308061750001,248.35463987499975
187,8,219.66279560000004,255.21448327499988
188,8,214.16452907500008,284.2864329749999
189,8,186.9912996750001,198.99594242499995
190,8,200.72012572500023,189.13507254999996
191,8,191.7321449000002,164.34989152499992
192,8,186.84279497500006,158.71478692499994
193,9,135.66306609999998,135.30541095
194,9,131.54441727500006,127.06036137499997
195,9,111.70600990000008,147.52896260000003
196,9,108.77223330000007,163.096119025
197,9,140.55001847500003,143.03591674999998
198,9,176.0201843750002,194.26124722499998
199,9,252.83268550000017,200.553584
200,9,291.3535114250002,282.9764615249999
201,9,276.86246210000013,237.77361694999985
202,9,246.24256945000013,301.4756720499999
203,9,257.741916575,281.2871130499998
204,9,280.8713490750001,299.30848779999997
205,9,278.6854176000003,343.7626517499999
206,9,232.73176580000018,272.72679242499987
207,9,297.78077530000024,301.9789785999999
208,9,202.77513154999986,272.21645734999987
209,9,217.31521375000005,239.05085197499977
210,9,268.479913675,206.00326987499983
211,9,309.5962531749999,257.10365970000004
212,9,237.0425918750003,296.29280102499996
213,9,241.46556715000003,277.20824512499996
214,9,228.16823900000003,219.5081183499999
215,9,210.91802939999985,231.97208262499993
216,9,177.99197190000007,215.82027937499998
217,10,129.588268575,177.32176125
218,10,146.68738637499996,152.69756717499993
219,10,150.4943729500001,165.12201242499998
220,10,137.53442852500012,128.178124725
221,10,148.46076145000006,132.8091776249999
222,10,235.32480757499997,144.29906882500006
223,10,212.28870120000025,197.0115493749999
224,10,258.5003047750001,274.84741635
225,10,292.1171797250002,278.97049044999983
226,10,285.1413848499999,249.38500862499995
227,10,280.4316138500001,319.37259652499984
228,10,284.55223249999995,287.857437075
229,10,218.91216340000005,276.03253107500007
230,10,246.65970179999994,256.2209817000001
231,10,258.3028536000001,234.64924412499994
232,10,237.97409015000022,239.5167912499999
233,10,226.07606662499998,218.96963445
234,10,251.40748502499997,262.53459412499996
235,10,295.77506797499996,219.13104475000011
236,10,259.48125587500004,264.91932744999997
237,10,247.81973055000026,232.36468127499987
238,10,222.49099470000027,253.82549277499993
239,10,221.9884868499999,236.50374637499988
240,10,187.52324432500006,218.3591070249999
241,11,191.07446220000003,166.8419304
242,11,147.00411860000003,160.92596214999986
243,11,190.51962799999995,171.0276920999999
244,11,166.57603092500017,142.416764025
245,11,159.83800642500006,153.77582857500005
246,11,222.91657805000017,186.47688252499998
247,11,229.64940334999983,214.30706577499996
248,11,305.9942846,236.79836667499995
249,11,321.8752860500002,256.7525971
250,11,323.20408460000033,279.39620352499986
251,11,289.2610695000004,318.97570967499996
252,11,237.98081262500028,275.1619804999998
253,11,223.76432502499992,271.881655025
254,11,186.34927465,225.00117587499997
255,11,168.46762857500016,242.49737654999979
256,11,219.4617997999999,272.1369466749999
257,11,264.66396249999997,239.28060664999995
258,11,246.34070820000022,195.58303215
259,11,265.02701422500013,266.31891725
260,11,246.45888577500017,230.49612434999983
261,11,283.7535426000003,288.20166795
262,11,194.54740175000015,262.15970655000007
263,11,230.99132697499996,225.09687867499997
264,11,167.8244583,231.53263787499986
265,12,188.35531922500007,144.52323505000007
266,12,138.9465212250001,151.87715197499992
267,12,144.8933505750001,130.86816669999996
268,12,128.53510810000003,134.028429325
269,12,185.05318805000013,120.39790409999996
270,12,228.70118087500003,152.41755374999994
271,12,294.2200634000002,188.26099147500017
272,12,248.67950072499997,273.34284369999995
273,12,256.10914300000036,301.4817522249999
274,12,304.3576539000002,261.20505182499994
275,12,309.35229945000015,291.68932014999984
276,12,242.61758167500005,248.83629044999975
277,12,232.01952802500017,249.32954882499996
278,12,278.4983464750005,257.87999214999985
279,12,226.5619685250002,228.4945837499999
280,12,234.04156927500006,253.22810042499978
281,12,236.41258270000014,250.87960472500004
282,12,258.1354698250001,220.58680550000003
283,12,247.0074558250002,287.30094744999997
284,12,307.0689275000001,247.13320255000002
285,12,290.87585710000013,280.2321534749999
286,12,184.70023460000027,245.06996602499999
287,12,149.1073103000001,250.18200317499992
288,12,125.71743227499998,236.09605729999996
289,13,193.7038967250001,163.34740619999997
290,13,154.51867377500002,171.678523525
291,13,155.5452889500001,127.37279542499999
292,13,149.29012497499997,164.94801060000003
293,13,179.1265381500001,153.71754314999993
294,13,159.8024707000002,207.430640025
295,13,214.6268362999999,223.31216587500006
296,13,279.5014177750001,269.9433563999999
297,13,285.3907904500001,269.05519222499976
298,13,247.34098825000007,311.0814246999999
299,13,261.10777334999995,317.38569322500007
300,13,255.29888942500006,307.34474387499995
301,13,266.74891270000023,262.6487011999999
302,13,203.96841687500006,255.55661634999987
303,13,239.9389099,279.00989404999996
304,13,232.34682977500006,222.71237027499996
305,13,259.7125626000001,254.85777737499996
306,13,225.44956365000002,199.460100275
307,13,230.21076342500015,230.37104019999975
308,13,312.93310705,236.00078015000003
309,13,275.45411285000006,277.6741999000001
310,13,255.19192620000013,205.6677713750001
311,13,171.05945342500019,200.40573587499998
312,13,196.36677135000008,178.18904504999995
313,14,184.253075025,195.29546555000002
314,14,157.69353127500017,191.31130409999992
315,14,171.0760775,157.88002720000003
316,14,120.78311367500012,173.29798577499992
317,14,165.93511155000004,181.3907817999999
318,14,136.01829865000002,165.03487074999998
319,14,178.7694329750001,179.31561324999996
320,14,165.82642795000012,261.09724725000007
321,14,221.01405117500025,212.38385025000005
322,14,287.12486135000006,227.17055532499992
323,14,284.7648094749999,260.58824680000004
324,14,254.57282135000008,270.66037422500006
325,14,235.6873981500002,254.483448475
326,14,241.2531785500002,223.3979193500001
327,14,191.50888477499987,161.96269167500012
328,14,203.77023745000014,228.88532064999998
329,14,225.12779792500004,238.13373872499994
330,14,212.37584415000015,271.7786546
331,14,284.9541971750002,252.41330902499988
332,14,242.99041217500016,237.53376589999988
333,14,243.07733020000015,237.86537417499977
334,14,247.9087709000003,233.70137759999994
335,14,155.4271940500002,236.61556142499995
336,14,170.986347275,189.7803007750001
337,15,130.49928462500006,146.1900666499999
338,15,150.3692911000001,163.20116640000003
339,15,166.34878845000006,173.638277275
340,15,178.7094945,115.08112115000003
341,15,196.00456302500018,138.0151620249999
342,15,186.13133902500005,183.79700602500003
343,15,175.0329352000001,195.35334400000005
344,15,196.86983975000007,205.7805137249998
345,15,204.49144327500017,240.4147540249999
346,15,175.72644622500002,249.1510406999999
347,15,238.48200370000004,285.36773202499984
348,15,219.38360205000023,260.4824641000001
349,15,202.98123199999992,217.30246124999996
350,15,244.36927637500014,209.85269452499995
351,15,254.04389507500008,189.306508875
352,15,245.67856732500002,234.32754675000007
353,15,225.17438310000006,244.4000525500001
354,15,211.92739442499987,192.64801365000002
355,15,242.8040981750001,234.16808730000002
356,15,238.36435312500004,308.5131914499999
357,15,225.10625405000002,272.01562574999997
358,15,157.1186568250001,291.7701949749999
359,15,193.85695764999997,217.71848324999993
360,15,162.73987927500008,166.1582451999999
361,16,137.56015524999998,167.9596556749999
362,16,155.0191156500002,138.66244399999994
363,16,132.38188967500014,113.81099372499995
364,16,178.14448487500005,132.28054644999997
365,16,152.85825595000014,131.27746979999995
366,16,189.5026607000002,215.60277737500004
367,16,228.71755565000007,189.4480831749999
368,16,208.81825719999995,266.23932
369,16,244.08899580000005,219.14648752499988
370,16,243.95236520000012,261.8371433749999
371,16,246.4523951500001,288.2496945749999
372,16,243.23351042500008,270.0134051999998
373,16,256.15111002500026,290.7685573499998
374,16,236.48928310000025,330.6322336499999
375,16,244.16264132500015,254.19133947500012
376,16,243.48674512500008,285.10079872499983
377,16,281.82481965000017,288.1879252499999
378,16,246.73210217500028,267.3624470250001
379,16,334.73509082500004,222.48187854999998
380,16,285.4598030499999,242.7953025750001
381,16,255.6137666250002,244.937309775
382,16,200.56094912500032,242.42845835000003
383,16,191.91869057500026,219.55858957499998
384,16,166.81087760000003,166.52654892499993
385,17,161.77024732500007,138.52456390000003
386,17,172.82932825000006,170.9534922499999
387,17,183.78536935,190.36359395
388,17,184.37916335,166.21363337500003
389,17,146.31298382500015,199.87325949999996
390,17,174.43523232500016,170.0385958
391,17,222.99543534999998,219.36273897499996
392,17,275.4297806750001,267.8975536000001
393,17,287.3639918000001,277.90585914999997
394,17,267.4841791249999,260.46743122500004
395,17,254.71157432500007,332.91654862499996
396,17,293.02367040000036,224.99848932500004
397,17,269.15175590000007,256.645115725
398,17,333.73310640000005,216.17839572500003
399,17,248.63681007500014,304.44296609999964
400,17,230.43504217500038,274.4536047249998
401,17,213.7631981,208.98018424999995
402,17,245.54415715000002,192.464647675
403,17,273.98092237500003,230.61561449999982
404,17,273.34064272499995,238.81463787499987
405,17,333.93040952499996,253.66082867499983
406,17,290.218360675,228.13124872500003
407,17,264.9971972249999,187.37844340000004
408,17,185.6945942,193.7914303499999
409,18,143.1702210750001,155.17365762499998
410,18,110.58881000000008,155.70181607499998
411,18,146.48093380000012,158.4298855
412,18,144.965828675,135.51115129999994
413,18,159.40586257500007,164.69893824999997
414,18,199.02273750000026,191.49766582500007
415,18,280.7701436,278.26720290000014
416,18,316.21975192499997,284.0747256
417,18,217.95318742500015,277.94334012499996
418,18,212.9083846250001,284.0403718000001
419,18,252.4955260500002,258.6783112500001
420,18,303.8758440750001,285.59330394999984
421,18,297.7285541000002,299.34303054999975
422,18,356.1638313500007,271.17592787500007
423,18,255.3527813,287.2381378749998
424,18,229.70690100000024,224.3966777
425,18,231.50705027500015,251.76787077499998
426,18,276.93826135000006,246.04304172499994
427,18,264.09835957500013,249.9721883750001
428,18,245.72657840000025,226.50749472499996
429,18,241.5887375,289.0665774999999
430,18,227.52373387500012,226.16072422499988
431,18,214.6718697750003,240.5964270249999
432,18,159.4563818250001,192.83398745000005
433,19,171.78044282500008,164.471908975
434,19,211.8336045750001,165.9413681000001
435,19,192.39083547500013,144.91177157499993
436,19,149.95576715,149.48017707500006
437,19,186.35866572500004,146.15934260000006
438,19,219.11180520000033,220.64004044999982
439,19,285.4087467999999,275.31275714999987
440,19,244.87944395000002,281.45732454999995
441,19,283.8028979750003,213.9143941500001
442,19,317.8333652000002,310.68970337499997
443,19,260.69199337500015,301.5049033749999
444,19,270.36849165000035,338.895818975
445,19,220.49543659999995,285.19978759999975
446,19,236.11722597500005,227.39979837499996
447,19,303.3870788000004,237.29997402500015
448,19,232.62619657500002,223.51283962500003
449,19,261.7818707000001,254.02855772500004
450,19,255.17696325000026,274.03754352499993
451,19,280.555353525,312.04460935
452,19,269.4178705000002,250.94985960000008
453,19,242.29202152500028,282.7972174250001
454,19,252.13125635000017,252.14528262500005
455,19,270.81380157500007,167.53708587500006
456,19,165.98166765000002,157.01250714999992
457,20,139.71297155000008,165.83698549999997
458,20,130.221275825,157.9442623249999
459,20,126.06297802500004,132.187269325
460,20,140.30983692500004,133.79938692500002
461,20,140.90121037500015,125.1851833
462,20,159.1826286750001,213.99252677499993
463,20,223.59973037500015,291.9422970499999
464,20,244.00732657500032,265.63657440000003
465,20,243.70559370000018,261.7645079750001
466,20,270.0837103000003,313.377661375
467,20,323.08837025000014,369.86861539999995
468,20,247.159508625,246.62239769999985
469,20,240.09296240000003,257.87677197499994
470,20,271.0253703750001,268.91761234999996
471,20,226.7564465250001,271.02547512499996
472,20,221.79200852500009,218.29069667500008
473,20,204.15740792500006,281.9509013999997
474,20,251.76835012500044,228.59687022499998
475,20,302.18835700000017,293.00311604999996
476,20,229.49991720000043,249.72405594999998
477,20,263.7255035500003,208.42939582499992
478,20,219.07945545000007,210.817379825
479,20,212.55188087499982,184.82882217499997
480,20,201.44156619999993,159.96453204999992
481,21,216.60455857500008,247.2038730499999
482,21,165.83647890000003,200.955357925
483,21,172.0274588750002,166.53804197499989
484,21,193.49739572500016,151.94928924999994
485,21,203.1714387250002,187.252744825
486,21,195.0124715500002,142.04737945000002
487,21,216.68915027500012,153.79599649999992
488,21,190.42461707500007,197.69826285000002
489,21,210.40900472500016,215.58657147500003
490,21,251.78676927500015,200.1367309
491,21,205.0421698000003,225.43987167499978
492,21,171.9278333250001,237.46203014999992
493,21,232.69627995000008,242.78787502499995
494,21,298.12315624999997,236.20961685000003
495,21,208.28969420000004,222.21755814999972
496,21,203.93222032500012,194.59871967499993
497,21,262.19750915000026,250.74929470000004
498,21,244.05925192500035,262.87822202499996
499,21,244.23235462499997,230.046979175
500,21,240.24361185000012,221.94295104999998
501,21,248.1172813000003,206.51615620000007
502,21,199.5555034000002,155.51637284999993
503,21,226.14161385000017,179.21489949999994
504,21,259.1411321500001,185.34446217499993
505,22,235.7529586,141.214938775
506,22,156.47923437500006,137.964164975
507,22,173.84536820000005,148.42512330000002
508,22,146.55410809999995,165.919840575
509,22,200.978209475,147.97599522499993
510,22,196.2962355499999,208.92710109999982
511,22,198.06824860000012,183.06472177499995
512,22,216.4295352750001,217.7474925499999
513,22,242.51956627500005,196.54090165000008
514,22,225.61363592500044,221.55606552500007
515,22,237.22364262499997,199.35011172499975
516,22,252.4666672499999,174.20189267499993
517,22,296.8189977500002,248.8921498499999
518,22,248.0195810500001,207.53543642499986
519,22,235.32016945000026,238.18543807499998
520,22,201.68574865000005,197.21968637499998
521,22,205.27323672500015,186.75081374999985
522,22,257.3153949750001,204.97241287500003
523,22,228.97698277500007,271.95794214999995
524,22,212.75629945000009,275.0830500999999
525,22,269.8323667,245.23322649999994
526,22,249.77742757500016,302.6429439
527,22,192.83861575000014,244.38713509999997
528,22,212.8123488,212.80207322499996
529,23,150.64573825000002,175.34736285000002
530,23,176.50284315000013,166.74378309999992
531,23,203.25763809999998,128.756543675
532,23,177.83351445000005,136.439854375
533,23,183.7911927750001,177.43817635000005
534,23,185.96111347499988,218.2789358
535,23,211.8565189500001,232.1404830249999
536,23,247.34885307499985,235.3615729249999
537,23,221.23164397499994,232.75558437499993
538,23,252.92285392499997,239.36629892499985
539,23,284.6313659000002,282.8503102
540,23,329.64949092500024,271.0569607749999
541,23,354.42086997499996,275.23544664999986
542,23,316.50341057500043,241.60107249999987
543,23,312.8219696750002,262.45071972500017
544,23,257.05571514999997,255.07002127499987
545,23,244.76170800000017,257.20612099999994
546,23,298.2838853500005,259.5072656999999
547,23,267.6515380250001,284.35003767499984
548,23,288.4917626250002,312.6487404999999
549,23,305.0743189,236.6107049499998
550,23,221.75582050000025,243.68192670000013
551,23,195.69724360000004,246.360562475
552,23,189.890538175,171.36265024999997
553,24,167.40533395,148.41365884999993
554,24,170.67718889999998,167.4648464999999
555,24,170.08370517500003,142.38936417499997
556,24,167.9767138500001,138.3458309749999
557,24,160.279924025,112.93234104999995
558,24,157.04881482500014,171.43516327499998
559,24,223.0609104250001,187.72755532500003
560,24,299.73666819999994,252.4887811249999
561,24,255.25131332500018,224.72836839999997
562,24,251.484660675,291.0208134499999
563,24,338.77639225000064,314.1487792749999
564,24,325.0466444000002,295.41806692500006
565,24,214.2675006,302.99991959999977
566,24,248.10183364999997,268.68220690000004
567,24,242.3235855000001,263.53491799999995
568,24,246.8809225749999,223.72703272499996
569,24,299.6673134750001,245.01668320000005
570,24,200.0979852000001,241.197072075
571,24,250.31478352500014,254.48555134999992
572,24,250.213561,242.34372977499984
573,24,263.86187915000005,247.78022977499998
574,24,233.69078012500017,221.23312762499995
575,24,208.66875465000015,191.21197034999997
576,24,182.66301020000003,164.8153361749999
577,25,165.57576697500014,176.00662397499997
578,25,169.61782327500006,165.09931012499993
579,25,124.388931775,155.9545660999999
580,25,137.71276730000008,151.79111807500004
581,25,158.2850170000001,165.50240347499994
582,25,189.52531697500035,183.3361341999999
583,25,226.0516285749999,215.86254047499995
584,25,252.45408377500007,234.9251689749999
585,25,242.16613637500012,249.17393629999995
586,25,215.0721023250002,243.93150610000012
587,25,235.055014175,335.67332477499986
588,25,252.668336725,269.544946825
589,25,296.03189817500004,339.255662125
590,25,219.31494672500017,239.48197949999985
591,25,228.51791220000018,265.6652472
592,25,233.53331475000007,240.08815432499983
593,25,259.6958008500002,266.48384469999996
594,25,246.2436271750002,242.44838769999996
595,25,299.37406442500003,237.89295334999997
596,25,232.6590868000001,295.80436199999997
597,25,299.21534255000006,241.96729685000008
598,25,252.59230877500005,270.770808425
599,25,199.18161012500002,205.9195171999999
600,25,178.16147232500003,176.57395465000002
601,26,151.3724065500001,124.60208087500004
602,26,161.6307582000001,131.47243902500003
603,26,159.52346025000003,128.36631482499993
604,26,163.79259850000003,129.19615955
605,26,157.81373737500013,176.67981297499998
606,26,205.9786371000003,206.89801099999994
607,26,206.30308560000003,225.89647070000018
608,26,258.80786252500013,226.7871555250001
609,26,233.44750200000016,256.75620512499995
610,26,266.120258175,328.79062837499987
611,26,278.653182125,313.1839434000001
612,26,257.4155640000003,268.92895762499967
613,26,232.08598945000017,232.59653930000013
614,26,230.35080474999995,228.3554072500001
615,26,241.08615320000013,222.14031605000002
616,26,221.6227329249999,269.3663012499999
617,26,197.44717975000017,264.698350875
618,26,303.0935167250004,284.6062595000001
619,26,248.40728685000005,271.043648625
620,26,249.57963972500016,290.29967737499976
621,26,226.08622667500003,267.6895785250001
622,26,184.23291987500005,222.42028260000004
623,26,160.43662987499994,170.72828855000006
624,26,178.214602,189.98080677499973
625,27,149.63039647500005,147.945462625
626,27,140.2156580000001,108.34224287499995
627,27,160.79993195000003,125.54609677500002
628,27,165.39776897500008,129.986915225
629,27,182.71217615000012,171.08074062500006
630,27,183.52980415000002,162.34261997499988
631,27,211.31820617500009,193.77896124999995
632,27,200.75846025000016,203.95002362500006
633,27,256.4625383250001,209.14932324999984
634,27,285.5040055250001,232.37803320000012
635,27,251.3682576,262.23953155
636,27,204.87425097500022,244.65837597500007
637,27,256.0281005750002,260.6759893749998
638,27,302.8133133749999,246.12991499999993
639,27,245.16953140000015,221.50572124999997
640,27,201.9902167000001,222.92545989999996
641,27,218.84833189999978,245.376283475
642,27,250.95524415000006,222.02384762499997
643,27,223.95418755000028,234.81933762500003
644,27,221.53302750000006,291.7058791999999
645,27,315.8729148250002,217.23391802499998
646,27,240.95480527500018,207.23829769999998
647,27,227.23826167500033,220.10780852499983
648,27,173.916446475,156.95837329999998
649,28,138.46808305,155.20260974999988
650,28,150.99071255,147.39584580000002
651,28,179.62377312500004,122.85783337500004
652,28,161.0113216000002,110.63445000000006
653,28,139.13638425000008,146.74918585
654,28,159.53368720000012,161.4053633000001
655,28,195.46514705000016,165.6880897999999
656,28,153.54376167500016,194.264710875
657,28,164.36316042500002,225.040194225
658,28,236.05165207500005,217.76362722500002
659,28,216.76289037499996,215.04252905000004
660,28,206.9906059499999,280.3664332749999
661,28,233.36329287500033,262.7377064249998
662,28,198.41099822500007,234.2173524499999
663,28,208.7745419750001,199.61306517499992
664,28,242.52544702499998,208.55247544999992
665,28,219.1107170000001,238.56903092500005
666,28,293.0095772000001,223.59692815000005
667,28,213.14816865000023,186.06449147500007
668,28,255.40111605000004,241.47292155
669,28,229.59931179999992,239.06887679999983
670,28,202.9691208499999,205.21373432499996
671,28,184.63504767500012,164.82947864999994
672,28,139.0266003,169.8663826
673,29,160.18940295000004,127.61574725000001
674,29,165.29694417500005,110.30445862500005
675,29,145.1928882,114.70586047499998
676,29,155.37511650000002,114.8049973
677,29,144.67696527500004,113.11426604999997
678,29,190.71955580000008,176.07760487500002
679,29,205.3315735500001,190.24620250000004
680,29,226.12526614999996,203.81722767499997
681,29,193.668096125,195.8096801999999
682,29,197.88427884999996,219.39720595000003
683,29,238.51673227499992,250.0070273
684,29,239.61271425000007,267.51441457499993
685,29,252.247057075,232.77044494999993
686,29,217.2865648500001,262.10512572499994
687,29,245.9320200249999,255.93090502500002
688,29,227.34292505000002,204.07123019999995
689,29,212.16976655000028,265.8662703249999
690,29,263.6532287000001,317.125134625
691,29,173.74078157500014,243.71095854999993
692,29,211.99528260000005,253.96182037499977
693,29,211.60615252500017,278.99616775000004
694,29,257.4970125000003,239.73591405000005
695,29,143.55012867500022,207.88724289999993
696,29,130.48585502500015,140.15501650000004
697,30,155.99116360000005,142.48464475000003
698,30,152.29775275000003,124.94659940000005
699,30,148.64701207500008,110.81256619999999
700,30,131.11287307500007,90.39026057499993
701,30,172.9425998750002,107.365954775
702,30,165.4084580000001,174.19323412500003
703,30,226.09209840000037,192.54923207500016
704,30,190.76808217500007,257.18419549999976
705,30,225.73392682500014,233.92373935
706,30,272.50817777500026,299.74298917500005
707,30,242.13315424999996,254.85196202499998
708,30,264.0023938750001,280.32112347500004
709,30,226.00929807500023,321.68427762499994
710,30,228.91433685000038,285.259676225
711,30,203.62242032499995,235.68919879999982
712,30,168.6122759750001,193.70584104999995
713,30,207.91063700000007,280.913719475
714,30,220.31937000000005,203.36938080000002
715,30,283.8570744000001,271.3927442999999
716,30,200.05051615,244.8309511999999
717,30,210.29791590000025,261.6911310499998
718,30,208.7347684,247.98664705000004
719,30,199.36142522499998,250.80768642499993
720,30,222.14921270000013,184.10753967499994
721,31,169.11808665,139.1277396
722,31,141.13380689999997,150.939656125
723,31,110.66190657500002,145.14288449999992
724,31,128.81261490000009,148.77449102499995
725,31,119.93373920000005,137.9739924749999
726,31,166.90469030000008,211.2575334500001
727,31,253.13968624999995,199.1778928750001
728,31,225.26799840000015,264.3428729499999
729,31,241.95819607500016,214.66041704999995
730,31,249.06745152500025,293.0468928249999
731,31,241.8722732999999,309.49355052500005
732,31,256.9704345000001,311.577122175
733,31,289.70728720000034,241.68610790000002
734,31,234.43802317500013,216.16149187500005
735,31,207.0920259750001,243.95616039999996
736,31,210.49828905000024,242.46665745000007
737,31,229.08830072500024,235.601221575
738,31,224.38842122499997,239.92436379999992
739,31,267.22153610000004,241.2434070249999
740,31,232.12998039999988,247.90634809999992
741,31,245.56436965000012,283.9966403
742,31,234.0931680250001,226.0185713
743,31,193.098873025,226.23921052500006
744,31,201.44582142500002,146.60161349999993
745,32,158.33134230000002,125.65170792499997
746,32,155.88491582500012,147.95605052499997
747,32,157.68268627500004,141.45789445000003
748,32,123.95860525000015,169.51909300000005
749,32,161.16361895,160.0381315999999
750,32,159.61061410000016,162.2605348749999
751,32,178.41347695,201.51031107499992
752,32,254.88068539999995,302.6082447749998
753,32,240.1004371000001,263.968123075
754,32,243.0228058250001,274.2931671999999
755,32,265.22151807500006,257.1889146499999
756,32,232.03721677500016,253.61229325000005
757,32,251.2070725749998,278.88457889999995
758,32,246.27193817500017,311.66574672499974
759,32,237.08496722500013,259.51832064999985
760,32,228.81284305000028,266.6400951500001
761,32,218.70926127500007,242.65404039999999
762,32,143.29851717500006,228.02261102499995
763,32,218.709186725,229.64529902499993
764,32,222.1895897250001,225.332207925
765,32,216.65218487500016,219.19335825000002
766,32,208.9437801499999,331.51340567499994
767,32,242.71848220000004,218.08261817499994
768,32,173.8183645750002,183.1602760499999
769,33,108.26233610000003,154.697287125
770,33,116.16282330000004,169.9587982
771,33,120.39251530000007,157.46144024999995
772,33,137.43291165000008,178.86723059999997
773,33,152.40883455000005,161.0274252000001
774,33,228.83200977500002,231.55055772499998
775,33,257.0127904000001,217.06937334999992
776,33,189.38903047499988,236.04268037499997
777,33,242.801450475,268.6063266000001
778,33,298.44165842500024,334.8680883000002
779,33,248.90167217500004,346.2940556249998
780,33,221.0557928,213.83972865000004
781,33,359.3171482250003,222.02876902499983
782,33,243.4833573250001,206.83142312499987
783,33,240.3674578750001,230.79968822499995
784,33,236.1458726249999,232.53032749999997
785,33,240.06760395000003,227.54133974999996
786,33,212.71964817499997,241.28800307500006
787,33,221.78149972500012,228.74689629999995
788,33,259.9202440500002,223.5696846500001
789,33,259.322839325,215.38050637500015
790,33,215.08834245000034,224.00702065000002
791,33,237.46787557500028,213.52833885000007
792,33,204.2436035000001,184.23659632499994
793,34,130.24607422499997,147.19976877500005
794,34,157.45052417500017,141.36467802499996
795,34,152.65458177499994,158.22590152499993
796,34,148.488721225,154.61402829999986
797,34,144.48896802499996,213.4580106249999
798,34,180.74091562499999,201.95762212499994
799,34,202.22619540000028,257.77739042499996
800,34,338.88217740000005,238.21087245
801,34,237.94803612500027,255.8477912749999
802,34,254.06203310000024,276.64733205000005
803,34,336.33309952499997,347.9708178249998
804,34,280.73515002500056,279.1485183000001
805,34,205.17814602500013,307.2505541999999
806,34,231.17246165,271.8573868499999
807,34,206.30105662499994,233.87530274999995
808,34,227.65596742500003,222.04245872499993
809,34,201.11547550000031,196.80160647500009
810,34,236.2571527,191.89531429999994
811,34,268.88165059999994,250.18771904999977
812,34,245.21180680000032,249.34508602500006
813,34,189.79091735000014,206.3279382999999
814,34,222.40754687500004,176.700752525
815,34,203.70351199999996,177.16162494999986
816,34,193.1044697499999,158.97274575
817,35,158.115918125,171.34898554999992
818,35,143.26231065000002,163.52445117500002
819,35,144.49851937500023,173.974399525
820,35,113.55262005000004,139.30499509999996
821,35,209.10650644999998,201.93480639999996
822,35,171.6892508000002,151.03679419999997
823,35,190.64627137499986,189.20266180000002
824,35,215.07899037500005,195.8752756249999
825,35,259.7386418000002,229.04963407500003
826,35,228.98714177500005,279.95964224999983
827,35,306.0314721500001,322.09358852500014
828,35,234.4713743,244.39574089999985
829,35,201.05819789999987,294.24476302499977
830,35,290.09110552500044,231.45121852499994
831,35,219.69279432500002,255.06827782499994
832,35,226.42842427499997,248.41488432499995
833,35,240.0011932750002,215.06998997499997
834,35,263.41459902500026,277.70039310000004
835,35,206.89560747499996,259.4143631750001
836,35,207.13201950000013,202.60191185000014
837,35,194.2502943499999,278.85164389999994
838,35,165.37282152500006,222.44843202499996
839,35,175.61449795000004,210.92479567499998
840,35,151.62167589999993,199.39620435
841,36,155.39660570000012,132.50969027499997
842,36,150.25845245,138.38203397499996
843,36,124.63185960000013,143.51569285
844,36,177.75197780000002,157.01400265000004
845,36,198.51153337500028,193.06182177499994
846,36,212.20873524999996,184.37779914999993
847,36,169.56289757499985,170.63364692500005
848,36,187.7814946250001,223.68285855000002
849,36,235.26395437499997,255.65593244999985
850,36,250.23418557500014,263.2964995499999
851,36,225.8997541500001,199.26511282499993
852,36,252.1954711000002,263.62712187499994
853,36,204.1327885,215.61245960000002
854,36,224.9671896250003,253.7485261999999
855,36,211.14657017500008,230.99985249999992
856,36,217.742228275,270.530187075
857,36,249.31507347500016,235.155473025
858,36,238.71499892500003,204.620306325
859,36,230.115670975,206.81371084999992
860,36,211.30223899999993,210.84651502500003
861,36,219.2741069250001,213.807459225
862,36,168.68406202499992,232.97358102499993
863,36,211.4916688250001,186.266550575
864,36,181.50765742500002,185.30475042500007
865,37,158.65704422500013,155.5737474
866,37,154.6102104000001,167.83081499999992
867,37,144.37121060000004,172.1762637249999
868,37,142.61127025000005,162.16515242499995
869,37,148.73318100000006,133.2175716499999
870,37,178.8406416500001,177.405537
871,37,215.55851515000046,215.44717539999988
872,37,325.6328397750004,249.08709372499982
873,37,247.55993920000003,291.0151721749998
874,37,264.771545925,269.55096870000006
875,37,270.55977930000006,296.7687837
876,37,260.72439084999985,316.1403278
877,37,280.4374793999999,293.66276274999996
878,37,326.3500020250002,287.5908499500001
879,37,245.8136517000002,268.09084822500006
880,37,198.69369152499996,211.6491713499997
881,37,249.55938962500005,212.14659562500003
882,37,287.7890122000001,240.39978684999994
883,37,277.01534775000005,271.9752806
884,37,246.28735897500007,276.19159450000006
885,37,219.37066575000003,228.7952348749999
886,37,207.7290508250003,264.974827325
887,37,251.57759110000015,188.61395064999994
888,37,198.57789779999996,168.04474787499987
889,38,158.24917262499997,152.23091650000003
890,38,195.3483194250001,182.52270614999998
891,38,175.2045947500001,184.528789825
892,38,149.0286322750001,200.24210877499996
893,38,180.24546017500023,192.39962405
894,38,227.29942927500005,203.86292642499996
895,38,233.40126807500008,157.64183124999983
896,38,265.77178410000005,247.93154502499993
897,38,260.63554275,278.2045151499999
898,38,265.5722846500002,345.96582947499996
899,38,264.7078206000002,340.1465314499999
900,38,208.29340407500013,252.87589747499982
901,38,251.71460315000024,239.14220655000003
902,38,237.44709172499992,335.46996435
903,38,236.254444975,226.77224202500008
904,38,256.19102220000036,250.89568935000017
905,38,271.1165237500002,206.77416050000008
906,38,306.36108100000035,226.17104789999985
907,38,202.13246994999994,231.93100097499996
908,38,268.9078850000003,259.7594426999998
909,38,192.73962725,266.4679370000001
910,38,230.3800806750001,247.1988641749999
911,38,225.42008395000005,235.15743045000002
912,38,206.59919430000014,202.92685077499993
913,39,164.3659992500002,149.8777115250001
914,39,151.90458639999997,167.25008972499995
915,39,123.96915937500006,136.748227625
916,39,128.52009287499996,155.2653247749999
917,39,149.26982595,151.70096585
918,39,178.15966152499993,198.003368975
919,39,233.184486425,179.28488989999997
920,39,226.88464594999994,217.2445405750001
921,39,187.41006772499998,209.5124476499999
922,39,232.6470854000002,204.496686875
923,39,296.61364225,280.59586285000006
924,39,269.87903432499996,327.38864939999996
925,39,265.1264785000002,313.8901799
926,39,247.30909997500004,281.2111861750001
927,39,234.202780975,248.98034714999991
928,39,245.31523694999996,259.91398157500015
929,39,245.38928787499998,260.52940737499983
930,39,260.821259625,314.02506982499995
931,39,200.41439107500025,333.16318007499996
932,39,291.5159624750003,338.3758294249999
933,39,225.4351515500001,242.95627894999998
934,39,200.0707961250001,215.29399559999993
935,39,165.8593080750001,207.74608607500005
936,39,148.6131365500001,166.7152087
937,40,174.05636460000017,146.516626975
938,40,168.7143328250001,141.28267925
939,40,190.91323727500006,195.38660112500006
940,40,179.15675687500016,170.887889275
941,40,199.01372947500005,170.59132442499993
942,40,228.72499745000005,171.21163162499997
943,40,246.65110430000004,161.34512729999994
944,40,259.943657275,247.2830524
945,40,237.840886625,285.04876142499995
946,40,318.6776803,292.9701169499999
947,40,315.0135683250002,234.04545944999984
948,40,260.76947085000006,237.3381136500002
949,40,257.9363614750001,245.73808715
950,40,272.383908125,215.54449440000002
951,40,237.22638095000022,289.10502222499997
952,40,195.96347210000027,273.7986727250001
953,40,225.22725467500015,247.25544294999992
954,40,221.4133732250001,238.2400558249999
955,40,236.1401889000001,253.08293125000017
956,40,261.70516135000014,280.64939717499993
957,40,213.53381944999992,228.153705775
958,40,217.82466812500013,219.21965582499996
959,40,174.87769277499996,157.02612182500002
960,40,157.34496385,154.93008532499994
961,41,132.14196872500005,148.17787655
962,41,141.71389349999998,151.10524289999995
963,41,151.12858727500006,131.5482811
964,41,137.74707755000009,140.46195824999998
965,41,137.80075880000004,136.6790067
966,41,173.2826316249999,172.78942115
967,41,243.06155172500002,166.62945582500004
968,41,323.2843437750006,281.70315965
969,41,220.24613195,265.83822155
970,41,242.98855592500013,290.83076327499987
971,41,264.3744417000004,300.6112095499999
972,41,253.61074260000015,239.79416405000003
973,41,267.7029344500002,273.0804965499999
974,41,322.0879697500002,268.01258882499997
975,41,268.1856677750002,291.43022334999995
976,41,223.4854160499999,212.01907877499977
977,41,177.76049652500018,209.87283364999996
978,41,186.500144875,231.3895032000001
979,41,196.91523282499998,222.85092420000007
980,41,216.2738564749999,259.2800891999999
981,41,186.54899544999995,258.04477842499995
982,41,237.91609662500022,249.86224327500003
983,41,248.8708100500003,216.71671612499995
984,41,211.93947167500005,168.050904075
985,42,158.79987017500002,134.21167450000007
986,42,164.5485067000002,140.92372949999998
987,42,116.81430035,120.34513612499997
988,42,158.03511922500002,152.31986612499992
989,42,158.15425560000006,149.9477323
990,42,181.40258715000033,134.30144957499988
991,42,229.71039655,197.63705129999994
992,42,184.94644587500014,193.34603025
993,42,186.97367995000008,197.89243807499997
994,42,227.2209092250004,243.69489262500016
995,42,265.6113325500001,213.25885145000007
996,42,250.351140275,219.534088075
997,42,187.76435772500008,235.17883992499992
998,42,185.8286281999999,234.43275072500006
999,42,200.21769407499988,210.136145225
1000,42,186.0555440500002,248.68964357499993
1001,42,215.19091117500034,233.40391339999988
1002,42,195.5696130750003,224.38474442499978
1003,42,223.16576110000008,229.1875227499999
1004,42,187.94607704999999,211.07685517499993
1005,42,213.64271395000014,283.99374494999995
1006,42,201.50203,185.47217470000004
1007,42,233.9115040750001,166.49405965
1008,42,177.0935978500001,200.40942014999996
1009,43,116.96717625,119.26415662499991
1010,43,118.28702705000009,123.26530407499999
1011,43,129.49753535000008,135.13330372499996
1012,43,115.4312932,113.64248712499996
1013,43,139.159456675,149.93255924999994
1014,43,164.56897755000006,183.636372925
1015,43,141.08973605000006,189.77104802499997
1016,43,224.626069725,208.10578392500003
1017,43,267.76493915000003,200.40597144999998
1018,43,231.15672660000018,196.64036224999992
1019,43,225.8150182,190.87455887500005
1020,43,192.6460432250003,170.8623091
1021,43,238.16507792500016,199.597541425
1022,43,213.30400565000008,202.38831775000006
1023,43,223.2910844000001,223.02415924999985
1024,43,224.764420825,192.81856985000002
1025,43,180.96851887500006,205.83359992500004
1026,43,190.47444632499995,188.22581162500012
1027,43,229.1087216000002,222.0522115999998
1028,43,250.19910682500014,257.46428057500003
1029,43,195.22641292500003,256.1874212750001
1030,43,196.82037564999996,218.19062940000003
1031,43,167.8350736000001,168.4916255
1032,43,170.88162392500016,193.126667925
1033,44,111.39526510000007,135.67402635000002
1034,44,137.91309955000017,150.9553100749999
1035,44,153.67721575000024,110.30718510000003
1036,44,135.49446782500019,166.87212787499996
1037,44,168.9407905500002,196.29290422499992
1038,44,203.6307032750002,211.35329582500006
1039,44,219.92670027499992,218.4754926250001
1040,44,280.90490585000015,293.41483619999997
1041,44,274.1330595500001,215.8327516999999
1042,44,267.0752380250002,189.33555979999997
1043,44,267.7981143750003,267.836288125
1044,44,290.3642330000001,272.8162823
1045,44,308.70239312500007,265.2898147249999
1046,44,319.9149927750003,230.865581175
1047,44,309.71569120000004,218.75563877500008
1048,44,294.5395496750003,212.9027257000001
1049,44,240.8962000250005,217.18054022499996
1050,44,219.33769307500032,258.6008760999998
1051,44,183.72405642500007,235.52583014999988
1052,44,261.12196617500007,338.02754354999996
1053,44,226.42172815000015,257.774486175
1054,44,251.09165617500003,224.7990976749998
1055,44,199.54365094999991,184.72662387499997
1056,44,205.06583707500005,218.7770869999998
1057,45,156.6790900000001,147.94698755
1058,45,125.54320160000003,154.85379220000004
1059,45,138.53716500000016,139.75423697500008
1060,45,161.87702330000002,152.63117710000003
1061,45,168.6888947500002,130.30929067500003
1062,45,150.8415607,141.56306724999993
1063,45,162.27110895000004,167.840722625
1064,45,257.9805447750001,246.55325642499986
1065,45,311.8472935500006,236.46299527500008
1066,45,320.8262623500003,222.617061175
1067,45,347.32523149999986,295.28753272500006
1068,45,395.0405842500004,253.9324396500001
1069,45,323.83408770000017,227.74428999999995
1070,45,334.0804730750001,229.72824179999995
1071,45,223.52344987500004,192.8166388249998
1072,45,230.45640822500008,194.8661511749999
1073,45,267.6692379999999,249.67360722499998
1074,45,190.8643624,244.37363829999978
1075,45,212.31621720000007,224.91101355
1076,45,198.16217452500018,232.62200924999996
1077,45,218.68575982499985,224.3529596000001
1078,45,210.0954643250003,251.9353165999999
1079,45,187.94889415000006,215.1937767500001
1080,45,197.1111201000003,192.36029609999997
1081,46,165.3792730500001,177.24606770000003
1082,46,172.44077692500008,169.09135649999996
1083,46,170.54428310000003,220.1731701249999
1084,46,193.2595745000001,189.76801570000003
1085,46,187.27534164999997,206.82144489999996
1086,46,165.14227430000008,233.508783075
1087,46,171.40130677499988,206.07309717499987
1088,46,226.19536830000038,246.09845157500013
1089,46,285.5634654250001,309.8208153499999
1090,46,280.1921702750001,257.35243332499994
1091,46,266.7788248750001,272.101205575
1092,46,246.504067125,266.1230969499999
1093,46,227.41353905000017,312.6659359999999
1094,46,214.91896740000004,235.00689040000015
1095,46,214.28860460000016,259.41930192499984
1096,46,254.39328192500017,224.96330129999996
1097,46,210.50311052500018,261.256790325
1098,46,279.16131850000016,257.2471352249999
1099,46,239.8680513500001,312.946275375
1100,46,212.24333692500016,261.0843820750001
1101,46,303.9350947500002,225.89841382499978
1102,46,234.44191715000005,251.9934643499999
1103,46,204.1770251000003,206.09597749999983
1104,46,160.0717703250001,174.83795802499998
1105,47,195.35551792500002,198.14199547499996
1106,47,156.92522280000006,212.0912409999999
1107,47,184.5498326500001,162.424416875
1108,47,177.64670220000005,174.6647784249999
1109,47,181.78668905000026,181.23918407500003
1110,47,194.055913525,184.13211847499997
1111,47,277.22031059999995,224.60279409999993
1112,47,254.23325267499996,236.9908312999998
1113,47,241.68072877500026,283.9069938749998
1114,47,408.25457177500016,266.6509686249999
1115,47,280.03942400000005,295.41856577499976
1116,47,307.01253955,269.7707444999999
1117,47,256.005535725,267.6687656749999
1118,47,227.86432352500003,217.5326608
1119,47,253.7130280500002,217.96100400000012
1120,47,261.5975552499999,229.46937227499996
1121,47,259.88554777500013,199.74808697499992
1122,47,234.3525933000002,236.78829219999994
1123,47,254.7880941500001,234.9156978000001
1124,47,257.44139962499986,256.18804847499996
1125,47,206.05285300000008,264.20124932499994
1126,47,196.02485750000005,278.62496102499995
1127,47,173.84711805000006,213.3778497
1128,47,169.17483072500008,196.13643269999997
1129,48,205.46061954999993,153.4508574250001
1130,48,167.28724915000006,170.47922872500004
1131,48,200.408285925,173.0464197
1132,48,168.34863719999996,162.138532225
1133,48,135.18148049999994,170.70688227499986
1134,48,188.90800617499997,200.280524925
1135,48,194.36541212500006,243.43520165000012
1136,48,229.0721194000002,255.08559402499986
1137,48,174.6330891250002,278.6187163499999
1138,48,213.19332352500038,296.24343824999994
1139,48,249.58508644999995,255.6124334500002
1140,48,237.44448040000026,241.94393375000007
1141,48,220.45109730000007,229.88661959999988
1142,48,255.74066982500008,228.33910684999992
1143,48,198.38667084999992,243.31968987500008
1144,48,216.114494525,263.142270725
1145,48,192.843281875,239.10480767500002
1146,48,212.49911030000015,253.13484405000008
1147,48,259.6876742250002,246.68065834999993
1148,48,258.4639462250004,231.33241549999983
1149,48,294.2139001750004,247.44661039999977
1150,48,301.2998521500001,217.28716302499993
1151,48,198.1879518250001,212.04275442499994
1152,48,189.7839801500001,188.5159822749999
1153,49,138.84484492500005,149.2436892249999
1154,49,149.52468940000006,151.83815024999996
1155,49,126.89677839999999,152.85233787499988
1156,49,137.94345440000018,155.34392842500012
1157,49,114.75686950000002,150.922400775
1158,49,170.99662510000013,191.53149299999995
1159,49,173.82673620000006,157.4632623249999
1160,49,199.04321340000007,204.15525294999998
1161,49,215.09579522500013,217.38242479999977
1162,49,241.835657725,302.40068669999994
1163,49,298.2802025000002,238.11327747500002
1164,49,274.8227835500003,216.5796923749999
1165,49,279.4137748250002,210.05546337499982
1166,49,226.17139282499988,243.48487132499997
1167,49,279.1573345249998,197.921818075
1168,49,239.65425042500013,191.1638532499999
1169,49,219.44793595000004,160.9814348499999
1170,49,209.94137932500013,157.723013225
1171,49,206.072736975,193.39471232500003
1172,49,206.0316115000001,166.60811932500008
1173,49,228.1025536500001,183.63766677499981
1174,49,225.57568095000005,196.83224524999991
1175,49,182.58569402500004,148.14210382499996
1176,49,143.94017669999994,149.256603675
1177,50,125.72707782500007,107.9010545
1178,50,142.130926025,125.00521927500007
1179,50,153.6331679500001,120.13554869999993
1180,50,153.89893192500006,132.37438582499996
1181,50,172.1516670000002,148.30172867500005
1182,50,159.95740935000003,126.81267787499998
1183,50,178.90012459999997,161.80217177499998
1184,50,199.08700070000026,203.38138297499998
1185,50,245.8000193000003,238.32247447499995
1186,50,200.0371239000002,231.15692459999997
1187,50,267.5876646000001,244.82135404999974
1188,50,314.5646239250001,190.99399510000006
1189,50,247.96694962499996,193.7155346
1190,50,221.98377165000002,151.0057560749999
1191,50,231.32590732500023,193.4064456499999
1192,50,233.5702780249999,215.19997105
1193,50,198.8841252250001,203.93253299999998
1194,50,159.2081275749999,218.34120067499998
1195,50,226.2742056000002,253.68702427499989
1196,50,221.4735172500003,288.2785193
1197,50,209.32036095,227.81937849999997
1198,50,174.9724913500002,231.35372317499997
1199,50,140.60458922500004,243.3769764499999
1200,50,135.85018355000003,178.96208669999987
1201,51,121.15469047500005,100.42008867499993
1202,51,138.34863230000016,135.9608983749999
1203,51,129.23801812499994,152.9124887999999
1204,51,131.14741107500004,170.35635032499994
1205,51,130.62986612500015,144.48609822499998
1206,51,184.74470562500014,212.56141569999994
1207,51,190.31119565,203.341845225
1208,51,148.33104262499998,198.55324162499988
1209,51,208.65316289999998,248.0377506249999
1210,51,232.1013089500001,230.16919692500005
1211,51,229.87245685000033,249.54266777499984
1212,51,250.29887822499992,239.2369569249998
1213,51,305.2589912000002,274.757098325
1214,51,300.28019935000043,311.1334734750001
1215,51,249.7144673749999,269.8682638750001
1216,51,225.03028692500007,238.83325970000004
1217,51,153.31840717499998,224.67435509999999
1218,51,207.99558867499994,191.96440752499993
1219,51,218.34466155,277.5347254249998
1220,51,163.62077432499996,233.58465725000013
1221,51,284.08786829999997,236.39628265
1222,51,263.9224476,221.863871825
1223,51,223.5937532749999,219.92936249999997
1224,51,194.46666135000004,186.61571660000004
1225,52,181.18175967500008,153.09508925
1226,52,151.66945822500014,163.98211789999993
1227,52,183.36060905,162.91329625000003
1228,52,187.48857805000011,184.97711060000006
1229,52,192.09588315,157.04087245000005
1230,52,230.8969185000003,176.40757797499992
1231,52,210.96615287499998,212.29726380000008
1232,52,237.2190778250001,256.34373100000005
1233,52,279.43942445000016,252.314921475
1234,52,274.82518842499996,301.3449830999999
1235,52,293.5923678500003,244.15121169999978
1236,52,311.5280863500004,272.80280979999975
1237,52,257.05356452499996,255.5515594749998
1238,52,225.9540655500003,259.99114019999996
1239,52,217.31315572500023,211.96465167499997
1240,52,216.40306855000006,282.3361109999999
1241,52,243.12953057500016,240.1153405999999
1242,52,234.70073195000015,214.39328589999997
1243,52,223.2471054000004,216.96165857499992
1244,52,217.9263158000001,281.02639492500015
1245,52,230.8577984500003,271.83980369999983
1246,52,215.1015341250001,208.69189515000016
1247,52,253.91077370000005,239.33030382499993
1248,52,225.88125462500017,172.46376172500004
1249,53,190.26129365000014,187.93132379999994
1250,53,186.76766585000004,178.3823842
1251,53,181.81680367500007,197.7373721999999
1252,53,187.12521809999998,170.89365997500005
1253,53,175.2955311500001,136.83220512499992
1254,53,193.79953112500002,198.76701859999986
1255,53,196.4155884000001,161.05594875000003
1256,53,230.68607592499998,234.56477947499997
1257,53,261.0835898250001,299.4064992500001
1258,53,245.9912048250002,261.1593767
1259,53,271.86669625,283.14127184999984
1260,53,264.27209922500015,268.0336735250001
1261,53,268.3021680500002,262.7956545249999
1262,53,273.2983643249999,253.49893110000005
1263,53,330.6476048000003,270.008965375
1264,53,278.3065185250001,264.92650145000016
1265,53,224.22510852500017,324.24346482499993
1266,53,218.14072915000014,241.85802667500002
1267,53,262.05469402500034,264.966510625
1268,53,199.38313934999996,249.73674529999994
1269,53,203.47391320000003,228.6844851749998
1270,53,213.3550821999999,200.7438389999999
1271,53,178.53305347500026,187.08222347500003
1272,53,220.58273292500007,206.82244997500004
1273,54,129.6929750500001,140.72509789999998
1274,54,143.33731292500005,127.07397009999994
1275,54,146.55862755000012,146.69028949999995
1276,54,151.51365972500002,170.06262357499998
1277,54,185.00466467499996,134.74706325000002
1278,54,195.37725647500022,179.78742347500003
1279,54,213.69841675,222.52401172499987
1280,54,286.1052115,255.37451800000002
1281,54,261.0456444250003,299.3588504500001
1282,54,269.6987228250001,313.3810639749998
1283,54,277.35520207500065,279.4458728999999
1284,54,255.42911634999996,270.98232507499995
1285,54,278.43038119999994,270.15087512499986
1286,54,250.82607220000014,284.3445542499999
1287,54,234.13688009999996,234.41050635000008
1288,54,262.9960591250007,277.11249124999983
1289,54,183.418606375,272.88641237499996
1290,54,219.91533594999981,246.7336286000001
1291,54,307.5131648250003,271.96544237500007
1292,54,265.2252399250001,207.2688265000002
1293,54,273.36162960000024,286.13609249999985
1294,54,250.42687467500002,236.056187775
1295,54,201.64615687500003,216.48971639999993
1296,54,169.066985375,193.41234862499996
1297,55,184.88105957499994,157.78240630000002
1298,55,144.11768872499994,164.17551439999994
1299,55,162.5603789,153.71866849999998
1300,55,157.31440682500008,156.0408162
1301,55,190.40841467500013,151.2272277999999
1302,55,208.83892245000004,179.85074827499992
1303,55,218.70041660000004,226.2148026750001
1304,55,260.8092986750001,208.35225957500012
1305,55,275.40182777500013,184.58743545
1306,55,295.05406297500025,230.07397242499985
1307,55,310.1368673000002,293.73564162499986
1308,55,290.7489879000002,308.90528777499986
1309,55,332.0110227000004,283.27496887499984
1310,55,264.7386921500005,266.5313820499998
1311,55,227.25993010000013,245.00659094999997
1312,55,256.85441517500044,242.23873602500004
1313,55,225.84133657500018,226.16005890000014
1314,55,261.3728689750002,212.70867607499997
1315,55,299.8120962499999,274.99902732499993
1316,55,258.88659069999994,283.19803222499985
1317,55,246.468604675,307.1837126500001
1318,55,259.14711897500007,258.51657982499995
1319,55,192.69279960000017,193.48098992499993
1320,55,195.117156825,186.08238829999993
1321,56,136.63738027500017,159.08347297499992
1322,56,124.47728602500001,165.635616475
1323,56,131.25301445,146.57917422499997
1324,56,133.87944665000026,150.183473375
1325,56,145.1258462,123.85945135000001
1326,56,122.3126807250001,175.087436075
1327,56,174.13089657500018,166.98845922499999
1328,56,184.4333777,168.70308352499995
1329,56,208.50480735000008,177.1748161999998
1330,56,332.86283162500007,235.23026837499998
1331,56,316.4981510500002,269.19497632499974
1332,56,297.9396211750002,196.9772595999998
1333,56,220.75261082499998,195.79782987499982
1334,56,197.10352757500016,217.92363119999996
1335,56,220.63206257500016,140.9753951500001
1336,56,229.62711764999997,258.98884357499986
1337,56,261.4968081000001,163.23359682500003
1338,56,220.28990419999985,192.55197494999985
1339,56,194.54998002499985,237.62111884999976
1340,56,257.17132444999993,227.21677870000013
1341,56,204.76281995000005,265.7217352499999
1342,56,192.8287383000001,225.11351907499994
1343,56,180.9018021,219.13461897499994
1344,56,177.6804614500001,176.31757964999997
1345,57,114.31979449999994,122.88508997500004
1346,57,128.15736187499996,147.38610652499997
1347,57,126.533415775,142.32287007499994
1348,57,144.4783229750001,132.8868331250001
1349,57,136.48705377500008,165.217088525
1350,57,168.62231255000006,166.20801857499995
1351,57,233.5213647500002,152.87103602500002
1352,57,200.11519159999995,188.95210910000006
1353,57,178.99451379999996,159.5434134250001
1354,57,171.92943547500025,217.1186756
1355,57,223.7989426750001,251.2022195000001
1356,57,245.70537622500007,212.51811485000016
1357,57,302.8126042750001,226.93325917499993
1358,57,250.12354855000035,227.4657429750001
1359,57,238.41813700000017,158.3204924500001
1360,57,259.0853873250001,214.84411199999994
1361,57,227.9927936000002,185.38262069999996
1362,57,214.60807497500016,157.688915225
1363,57,237.1068202000001,161.0620781500001
1364,57,246.33394797500017,233.09704979999987
1365,57,206.25243575000007,199.42670602499987
1366,57,231.22621302500005,202.33089394999993
1367,57,194.77614197500014,164.93166997499992
1368,57,193.40746247499993,170.323196075
1369,58,145.14222130000007,173.88391519999993
1370,58,140.27256165000006,166.25184177500006
1371,58,100.02989587500005,165.71364994999996
1372,58,114.35777610000002,134.39284045
1373,58,144.25564197499995,157.75915104999996
1374,58,203.36689860000018,206.8362584
1375,58,209.05115750000004,235.1578865
1376,58,223.6599324,206.20497375000014
1377,58,201.15456082500003,245.48389134999982
1378,58,207.15334005000034,288.23075184999993
1379,58,265.6118520000002,235.55756927499993
1380,58,290.65869155000007,287.552738525
1381,58,272.6210552500001,316.4119274999998
1382,58,230.57114304999996,319.5270458000001
1383,58,257.54818660000086,261.26813227499997
1384,58,250.3761323000001,264.4062308000001
1385,58,221.07389309999994,233.48561399999974
1386,58,194.12906382500012,239.88072024999988
1387,58,269.4559105750003,232.3577936000001
1388,58,266.16543429999996,245.62466512500004
1389,58,233.13962547500003,266.1792466749999
1390,58,266.6786768000001,214.52622927499993
1391,58,201.81591117500014,169.335909
1392,58,167.923896125,181.03239894999993
1393,59,199.93036330000012,173.52320307499997
1394,59,153.35939345000008,123.15486402499994
1395,59,180.56007832500012,146.2466182
1396,59,173.7004559000001,153.91815834999997
1397,59,186.5076202000003,142.86854822500004
1398,59,174.16405564999997,177.75400532499992
1399,59,149.5815918,223.16329820000007
1400,59,206.6687216499999,271.669678875
1401,59,243.23317967500026,273.78416432499995
1402,59,263.06921622500005,291.4323899249998
1403,59,241.51522707500015,341.8114992000001
1404,59,310.3330174000001,365.63043742499985
1405,59,217.71664497500026,290.69062892499994
1406,59,253.38791997500033,299.555603775
1407,59,241.49992297500017,238.28578974999994
1408,59,193.80758845000025,254.53196592500007
1409,59,177.03090660000012,230.97957130000003
1410,59,214.49431225000012,227.14230282499994
1411,59,278.9776199250001,197.648175025
1412,59,261.2642697750001,246.29360079999984
1413,59,230.42195147500018,280.39755967499997
1414,59,154.53461925,228.00107527499983
1415,59,185.62317480000013,188.2231537
1416,59,200.07014022500016,157.7561563
1417,60,134.446696625,152.42969602499988
1418,60,166.2381266500002,142.11104032500003
1419,60,151.89406907499998,134.34768947499995
1420,60,166.77881897500004,163.40695602500003
1421,60,174.29686665,193.04658089999998
1422,60,210.44533265,170.458550675
1423,60,198.63439245000018,237.33685687500002
1424,60,288.0951658,227.06553920000005
1425,60,237.82756210000005,275.75352954999994
1426,60,292.4290226,232.7854239749998
1427,60,251.0884163250003,267.08780524999986
1428,60,240.20431102500038,296.4142173999999
1429,60,264.15251250000034,250.76130577499998
1430,60,256.1702060500002,230.283991325
1431,60,292.4926001000001,278.5671311499999
1432,60,269.8276486250003,268.08902999999987
1433,60,211.99246000000005,246.8996430250001
1434,60,224.47517737500016,224.17174417500004
1435,60,242.12191857500005,218.7365845249999
1436,60,222.36223612500024,265.1428964999999
1437,60,218.52772477500002,193.74167319999987
1438,60,220.65564352499996,212.57699409999995
1439,60,221.96759147500018,174.72699157499994
1440,60,237.0871450250002,197.80542699999998
1441,61,190.590208775,165.16293337500002
1442,61,190.00855172500016,178.62972207499996
1443,61,134.31367405000003,191.90660487500003
1444,61,177.48426655000003,185.3994963249999
1445,61,154.04570772499994,169.96874377499984
1446,61,222.83611324999998,220.798734725
1447,61,225.9939558750001,254.28269334999987
1448,61,297.0685062750001,252.44132839999997
1449,61,242.6636688000001,275.6296191999998
1450,61,272.31116150000025,251.009811125
1451,61,311.13663860000014,260.97018152499993
1452,61,277.6416523749998,289.43716207499995
1453,61,291.1974986250002,229.81058282499993
1454,61,210.26727510000003,216.40474842499998
1455,61,276.4043792750002,235.13379274999983
1456,61,226.31576777500038,236.27025000000015
1457,61,242.27659962500024,191.21862642499994
1458,61,215.21208860000013,210.73825664999993
1459,61,193.83721070000018,231.2518021999998
1460,61,259.3134366,256.5694776749998
1461,61,210.4918780500001,296.52159999999986
1462,61,200.52323555000024,284.86429765
1463,61,199.06988730000015,226.17572714999994
1464,61,190.47137200000003,187.15607862499996
1465,62,164.6371543250001,155.53073069999988
1466,62,141.05218735000003,132.7764734
1467,62,130.13627132500005,134.46384057499998
1468,62,157.9265510250001,161.08840729999994
1469,62,155.20964922500002,181.38621059999997
1470,62,207.6086709999998,161.8325687999999
1471,62,230.66672500000016,191.7872120250001
1472,62,197.63354052500003,189.0410235499999
1473,62,261.1510852750001,183.11560412499983
1474,62,301.61121285000024,213.6708107500001
1475,62,265.60920532500006,266.2053815249999
1476,62,326.7702719000001,275.9726266249998
1477,62,275.033725875,216.83146110000007
1478,62,207.0509567750001,226.57659249999983
1479,62,207.3043539750002,224.97055252499985
1480,62,229.4214407249999,219.9153704249999
1481,62,229.48871435000018,212.55256684999983
1482,62,232.22159810000036,203.77363354999994
1483,62,226.62491354999986,251.76270019999993
1484,62,212.9883569000002,222.6955101999999
1485,62,170.51002364999988,232.00541827499998
1486,62,247.75637632499996,236.91922717499995
1487,62,207.73336540000014,212.71905392500003
1488,62,177.22738530000038,156.64879342499995
1489,63,192.51988527500006,187.12635292499994
1490,63,184.33665515000013,153.0042489500001
1491,63,185.40479142500004,150.73943877500002
1492,63,167.75788417500007,134.41030164999998
1493,63,122.4979240750001,182.83092937499993
1494,63,155.08677190000014,161.3750500499999
1495,63,168.41262192500002,215.3410424
1496,63,150.21013530000002,250.316243075
1497,63,151.0191555250001,241.32267712499998
1498,63,188.06223137499995,237.9776237999999
1499,63,234.0074633750001,243.85688149999993
1500,63,316.4318834250002,231.6532006499998
1501,63,241.45020290000008,253.53310712499984
1502,63,215.1349950250002,249.4636347249999
1503,63,256.3455974,202.77462099999997
1504,63,216.721267325,202.46633467499973
1505,63,248.92219557499996,180.02654497499992
1506,63,228.11705669999992,222.52520904999994
1507,63,205.493894475,228.61047402499997
1508,63,210.8521383250001,280.2674622999999
1509,63,225.60439920000013,241.60115792499982
1510,63,221.63524942500032,244.0098009
1511,63,143.01230410000028,151.14555260000006
1512,63,158.39731900000024,120.34758859999997
1513,64,111.02944600000005,134.50813049999996
1514,64,114.32760590000007,112.0818632999999
1515,64,144.31639672500006,112.15553849999999
1516,64,123.22476790000002,131.84044624999996
1517,64,166.28063432500014,174.293316775
1518,64,182.78519062499996,192.63116029999986
1519,64,189.56983022500003,188.5114294
1520,64,236.10661162500028,224.94558730000006
1521,64,262.1698021000003,289.5065109500001
1522,64,285.5027817250002,252.4433543999998
1523,64,248.67522164999997,261.46956379999995
1524,64,306.6246345000002,245.1680589999998
1525,64,282.4914304249999,235.11236477500006
1526,64,271.39894515000015,302.5334484499999
1527,64,230.43776427499995,295.47603469999984
1528,64,229.1233189500001,352.99939929999994
1529,64,281.23109665000027,287.41805692500003
1530,64,211.64688405000018,248.19012279999998
1531,64,273.1319568500002,271.6376356749998
1532,64,245.03572865000018,267.5087302499999
1533,64,227.51777675000017,263.6004964749997
1534,64,216.7493610000001,243.65923377500005
1535,64,185.13623537500024,213.09584695
1536,64,162.6468642250001,166.0141427249999
1537,65,161.359916775,139.29575417499993
1538,65,144.75326114999996,166.08230309999993
1539,65,130.893509475,134.22630915000002
1540,65,138.92275139999998,180.41697969999996
1541,65,156.74681339999992,171.08551677500003
1542,65,168.83947367500002,154.85112659999996
1543,65,193.47232527500023,215.0280215749997
1544,65,220.76940060000015,208.75413187500004
1545,65,295.57547875,251.34288725
1546,65,215.72913597500013,256.36831462499987
1547,65,271.5335984500001,241.84682587499987
1548,65,310.65277150000003,280.85182477499984
1549,65,224.51289125000017,268.17351350000007
1550,65,350.4019591250004,308.37610459999985
1551,65,280.072261625,270.3859702749997
1552,65,268.74244190000064,265.64576252499995
1553,65,330.96985807500016,251.4173445749999
1554,65,249.82559072500058,208.15612995000004
1555,65,203.3497321000002,304.52668177500004
1556,65,292.50935615000003,210.9989305499999
1557,65,223.48288900000023,256.4962459999999
1558,65,232.08058902500002,228.26413415000007
1559,65,198.90362582500006,209.204921325
1560,65,189.29928885000007,219.34547409999985
1561,66,183.1904605500001,148.62981787499996
1562,66,177.64939007500016,120.44991239999993
1563,66,135.63626240000002,119.350779725
1564,66,181.86524512500003,147.19059229999996
1565,66,150.7425989750002,136.54139877500006
1566,66,198.43038545000002,181.75837697499986
1567,66,211.64249925000007,205.28143145
1568,66,231.2191149500003,275.40691094999977
1569,66,245.91435460000005,238.57956557499998
1570,66,348.2203775250004,274.8566798
1571,66,270.89355240000015,302.465822375
1572,66,222.42206890000014,278.72600909999994
1573,66,259.65802229999997,184.79470454999995
1574,66,256.0157237,209.68494557499986
1575,66,261.0129819500003,210.82211452499996
1576,66,244.87128869999987,246.13432542500004
1577,66,246.3410652000005,214.45887179999977
1578,66,232.2430987750003,225.413646975
1579,66,253.9237912750002,279.6177332
1580,66,324.3080777500004,216.4357371749999
1581,66,235.17466597500012,214.60546434999998
1582,66,222.5278284000002,187.7472381
1583,66,187.92815265000016,195.1090548749999
1584,66,177.13472397499999,171.976473625
1585,67,135.12279455000004,169.34095735
1586,67,155.34419960000025,174.36335747499993
1587,67,164.49483717500016,134.2337882
1588,67,166.97160875000003,146.88449689999985
1589,67,186.9973562750001,122.44648827499998
1590,67,166.47891482500012,135.01826329999994
1591,67,205.57448857500003,204.9866848499999
1592,67,283.1550222750001,191.9496478000001
1593,67,234.71617900000007,245.35934732499987
1594,67,285.63084715,304.7603816999999
1595,67,292.62375617500027,257.20228165000003
1596,67,241.94966542499998,224.06384250000002
1597,67,264.62423632500014,256.6771996499999
1598,67,207.1833299750002,226.80699367499992
1599,67,248.29521905000007,222.9779545749999
1600,67,266.4930416250002,233.83669104999979
1601,67,252.5879006500001,255.81649062499994
1602,67,225.18548970000026,209.66751909999988
1603,67,192.05214812499997,195.03643262499986
1604,67,284.6928357000002,253.79628769999988
1605,67,288.3289443750005,195.66854854999997
1606,67,249.1225724000003,215.95246120000007
1607,67,202.90794412500014,210.54845337499995
1608,67,180.48720697499996,187.61187187499996
1609,68,146.409962425,158.5288981
1610,68,156.00748764999994,158.68221752499997
1611,68,137.68986567500008,150.54889225000005
1612,68,147.0100839,154.9840309
1613,68,159.21518509999996,146.30447597499992
1614,68,162.84673240000006,164.9443879249999
1615,68,190.23674897500013,219.67234812500004
1616,68,226.61552125000006,239.303677025
1617,68,222.43167847499998,203.48393774999988
1618,68,337.0438410000004,300.9006517249999
1619,68,282.3138176000001,267.816187125
1620,68,327.14338572500014,259.281001425
1621,68,319.994088675,285.74949867500004
1622,68,229.22334625000025,277.31981525000015
1623,68,271.416439775,260.433101025
1624,68,253.31755537499996,260.52379312500005
1625,68,254.17257459999996,253.33581717499982
1626,68,232.96095105000006,180.91113340000015
1627,68,258.0096876499999,267.7597827999998
1628,68,257.5224019250001,244.66739432499998
1629,68,246.08912697499994,209.47044552500003
1630,68,224.76781445000015,202.47490049999993
1631,68,223.67930125000026,159.70919955
1632,68,224.62502742500016,155.154020775
1633,69,161.93334637500018,121.59578475
1634,69,176.55449447500027,139.38685124999995
1635,69,129.010605675,140.89985202499992
1636,69,158.9512054000001,135.28147222500007
1637,69,139.99323742500002,172.74764247500002
1638,69,184.366988525,167.73324377499995
1639,69,200.88990272500007,153.94491852500005
1640,69,177.40439582499994,206.20702367500004
1641,69,328.3067111249999,220.02735172500002
1642,69,243.65410355,215.78820955000003
1643,69,268.73212835000027,233.1582836999999
1644,69,242.5473918250001,330.3163189749997
1645,69,244.74284015000003,218.2869673499999
1646,69,189.30506790000004,183.72248785
1647,69,197.62496742500002,177.6363918499999
1648,69,199.00848650000017,243.853946125
1649,69,233.32337065000058,252.13246544999993
1650,69,205.91031887500003,268.79953187499984
1651,69,192.1304810750001,210.85077972499988
1652,69,194.81620030000005,182.1499400749998
1653,69,211.49281084999996,209.16681430000006
1654,69,191.63229027500012,195.92726602499994
1655,69,141.95118977500002,144.9732696749999
1656,69,142.4068322500001,147.68697492500002
1657,70,194.20389645000012,105.44794862500001
1658,70,144.19974274999996,96.96722044999996
1659,70,159.59187550000007,100.14584737499996
1660,70,163.92153955000003,152.29599202499992
1661,70,168.90451145000003,122.79103669999992
1662,70,187.73862275000002,133.3928999999999
1663,70,183.6525207000001,167.87341155000001
1664,70,147.61360562499988,175.39778849999988
1665,70,202.4593931000001,222.48419382499998
1666,70,233.36542830000013,239.28744229999984
1667,70,237.0761654500003,244.29957532499998
1668,70,285.77472847499996,216.09225112499996
1669,70,228.88794910000024,170.2249206749999
1670,70,243.1391654,200.58682262500002
1671,70,227.4001469499999,177.95035022499997
1672,70,177.82472412500016,236.6252100499998
1673,70,223.17109479999993,213.70491509999997
1674,70,218.39299502500012,207.05951122500005
1675,70,197.2849221750001,215.18186932499995
1676,70,212.00888712499992,204.85077639999992
1677,70,206.5588519750002,198.07624539999995
1678,70,191.21891885000002,197.52513732499995
1679,70,197.53250575000007,213.905869725
1680,70,184.64704085000014,173.72343914999993
1681,71,144.30625445,139.1725763000001
1682,71,133.66542237500005,146.17110192499996
1683,71,144.5341544000001,108.40805899999995
1684,71,124.91589165000005,125.37426165
1685,71,169.45283887500005,141.88360142499988
1686,71,157.00598559999986,170.68419177499996
1687,71,219.4666973000003,240.5489897500002
1688,71,245.246766175,266.923622975
1689,71,248.58846172499995,287.1931605000001
1690,71,325.44059377500014,256.0063209500002
1691,71,245.3098609000001,251.168315675
1692,71,242.01701627500037,284.3559720999999
1693,71,232.68292115000003,291.4389334499999
1694,71,185.91750710000008,255.40789109999986
1695,71,215.8029456750001,227.0237862999998
1696,71,221.05967255000007,289.3187855499999
1697,71,232.92156970000013,260.4611833249999
1698,71,248.20449462500002,229.27733027499988
1699,71,194.71209472500016,222.474900875
1700,71,253.0106852,200.1974850499999
1701,71,230.13049032500027,271.0777704499999
1702,71,197.72998167500023,252.390609525
1703,71,237.21628515000012,203.0525912749999
1704,71,169.57056789999996,157.86085132499994
1705,72,115.91622732500007,150.2982928749999
1706,72,118.98106457500012,150.09111234999997
1707,72,95.53315607500004,149.20275262499996
1708,72,132.06380147499996,130.11872717499998
1709,72,163.00413210000005,158.53269362499995
1710,72,175.51303810000007,182.34968177499985
1711,72,208.73848929999994,243.06629922499985
1712,72,189.615707075,255.40835459999988
1713,72,240.17589192499997,316.9335043249997
1714,72,257.02048357500024,268.2565407500001
1715,72,328.81973152500007,316.9527275999999
1716,72,332.0830771,321.3425650249998
1717,72,288.24563142500017,247.40162055
1718,72,239.40719565000035,276.8149792250001
1719,72,234.2597280999998,343.57420032500005
1720,72,324.16260630000045,245.47893400000015
1721,72,251.09481597500007,342.0385059999998
1722,72,222.16597050000016,244.46375262499993
1723,72,191.3900156750001,228.48409100000003
1724,72,211.5760138750001,261.0768857999998
1725,72,222.989635125,286.13064392499984
1726,72,240.35043187500017,263.00321192499985
1727,72,249.73382637500006,234.3079092999999
1728,72,208.27844682500026,174.58268485000002
1729,73,174.25814707500015,167.9951041
1730,73,200.53042447500007,145.624173125
1731,73,165.021920775,170.70080149999995
1732,73,139.32242972500018,158.22581192500002
1733,73,173.0431415000001,171.88452934999992
1734,73,229.48927745000017,209.2456132749999
1735,73,211.661204775,254.5180700749998
1736,73,277.38020232500014,249.30184500000016
1737,73,335.09175420000037,281.40423465000003
1738,73,257.41645550000004,319.52220647499996
1739,73,304.1277555000001,264.20208255
1740,73,333.03536772500007,293.98982679999995
1741,73,232.7840323,248.0644044000001
1742,73,241.81430655000023,246.56905697500002
1743,73,209.5295885750001,242.96553032499992
1744,73,295.87365797500007,202.22526527499994
1745,73,323.4988201,228.43798309999985
1746,73,255.78966190000025,245.20647679999985
1747,73,250.8226899000001,255.66694564999975
1748,73,231.7426512500001,201.61839612500006
1749,73,226.57437299999992,233.2342801999999
1750,73,269.6664282000005,195.05978564999995
1751,73,199.61552482500002,246.9925944499999
1752,73,159.14099202500014,181.08201367499993
1753,74,145.9789073250001,165.95273607499996
1754,74,161.97432222500015,180.8975828249999
1755,74,140.54195137500005,169.03052452500003
1756,74,133.29084677500003,165.0899678749999
1757,74,161.62346535000006,143.5762019
1758,74,179.73963725000027,175.75137932499993
1759,74,171.286081625,197.91304879999987
1760,74,271.7253733750001,253.57717270000003
1761,74,273.5398786750001,316.1556407
1762,74,228.32995150000022,284.1038831999999
1763,74,220.9217967000002,322.67838577500004
1764,74,211.68288837500012,300.5355639999997
1765,74,239.80019022500005,264.05672049999987
1766,74,272.16459157500026,232.7088362250002
1767,74,249.54095712500006,229.06054994999982
1768,74,244.31064075000023,243.05942727500008
1769,74,285.1226543,239.1067751999999
1770,74,198.8508510750001,214.9363717
1771,74,196.5150995750002,216.26026664999992
1772,74,253.70856175000017,252.6557855249998
1773,74,237.7251339,240.0774736249999
1774,74,232.763278975,237.24164789999998
1775,74,192.64999800000018,210.73410617499988
1776,74,161.04887205,184.351825675
1777,75,176.41576825,139.90063475000002
1778,75,150.78328052499998,137.97661157499996
1779,75,134.87206032500012,124.78265297500008
1780,75,185.63052149999993,164.58084627499989
1781,75,183.5356819000001,138.0064981499999
1782,75,228.984944825,158.71982559999998
1783,75,233.00377732500021,245.31890319999985
1784,75,287.9044736000001,265.62497874999997
1785,75,320.1342512500001,316.452204975
1786,75,317.18581159999997,334.38238984999987
1787,75,336.5228432000002,395.9332434499998
1788,75,260.3088912500001,297.92121154999984
1789,75,291.21889157500016,375.1815671999997
1790,75,212.5351918,312.14954549999993
1791,75,240.82153225000002,312.7046228249996
1792,75,282.04606160000003,216.11057577499994
1793,75,242.71899080000014,246.409067025
1794,75,264.09101862499995,213.26887915000003
1795,75,251.93226577500005,239.93319337500003
1796,75,219.29597900000005,281.47028117499997
1797,75,255.00763804999997,189.15540202499994
1798,75,247.42302717500007,225.7141982249999
1799,75,202.06427977500027,192.368901225
1800,75,157.38634595000008,154.22387405000003
1801,76,133.88472752500005,184.02824367499989
1802,76,192.8816763000002,159.95022225000008
1803,76,171.99950402500002,171.50900970000004
1804,76,133.70691457500004,141.45396812499996
1805,76,119.3757393000001,159.9504910249999
1806,76,174.85924555000003,156.25618357500002
1807,76,196.61964344999996,204.64225942500008
1808,76,199.36977495000008,186.9716535
1809,76,229.9363426249999,231.55863380000005
1810,76,210.24268257500006,263.96710610000014
1811,76,340.3911179000002,285.60622402499996
1812,76,250.617038875,268.24699567499977
1813,76,223.14228879999996,204.4859775249997
1814,76,289.75190085,299.8274014000001
1815,76,233.6470392000001,232.86092920000004
1816,76,243.829334925,284.3464515249999
1817,76,228.7174677250001,222.6907630999999
1818,76,246.21111302500003,249.42854219999992
1819,76,216.921317025,245.91348799999997
1820,76,232.98276435000002,264.4311473999999
1821,76,232.1877878250001,217.18105742499995
1822,76,219.796663175,214.49505920000001
1823,76,177.98580809999999,208.638238725
1824,76,185.79938885,155.21209944999993
1825,77,161.74657527500003,179.99604550000006
1826,77,122.17637860000005,137.04137032499995
1827,77,126.94944587500002,160.07825077499996
1828,77,172.82839534999997,135.61656044999995
1829,77,182.51262402500004,156.40450177500003
1830,77,148.75817425000002,156.96358087499988
1831,77,185.49959902500018,175.157956675
1832,77,178.96366135000014,216.16656882499984
1833,77,201.68131377500015,256.23612864999996
1834,77,200.82288457500016,241.90766477500006
1835,77,306.05475684999993,291.28696164999997
1836,77,268.9161947000001,320.65779707499996
1837,77,238.44742562500016,265.0132200499999
1838,77,242.7229276500002,249.0737146249998
1839,77,214.199327825,252.96945195
1840,77,210.87640540000024,194.27253449999998
1841,77,210.31358020000013,203.89703597499994
1842,77,171.02911422500028,243.74739532499996
1843,77,184.4369510249999,230.25640129999996
1844,77,232.16466670000017,250.82257010000012
1845,77,223.74484732500014,251.28561595000002
1846,77,226.39813085000003,214.26165632500005
1847,77,207.51710297500006,216.6025578749999
1848,77,206.6424730749999,163.76480649999993
1849,78,181.38721175000023,140.64564682499991
1850,78,154.19450485000016,125.78152990000004
1851,78,159.59043045000004,114.37791662500001
1852,78,223.18901587500005,111.99779637500008
1853,78,211.6968835,151.90661949999995
1854,78,189.52497204999997,171.41133815000003
1855,78,233.64679465000003,289.1363883499999
1856,78,194.23866685000016,267.4795227000001
1857,78,236.85430650000006,331.6742359749998
1858,78,253.7086624750005,272.203389825
1859,78,320.6989344750001,228.19944674999988
1860,78,276.8720695750001,279.17144085000007
1861,78,273.76428504999996,267.3156242499999
1862,78,251.68784232500013,258.53340315
1863,78,204.1730624750001,246.3520324000001
1864,78,249.29716955000004,257.7402845249999
1865,78,229.9293353250002,217.48608134999984
1866,78,205.8028163250001,246.44144089999995
1867,78,250.02881025,201.72111404999998
1868,78,260.40131455000034,253.42833915
1869,78,236.04381970000009,272.5330590749999
1870,78,255.89364765000016,232.4604240249999
1871,78,194.3505257250002,201.79421677499985
1872,78,177.67968537500002,161.13181654999997
1873,79,160.03533602500022,157.96995210000003
1874,79,151.36551717500004,187.16275692499997
1875,79,131.277492325,177.16192694999995
1876,79,164.8487075500001,151.81044639999993
1877,79,123.70661322500007,164.897858525
1878,79,143.21176235000013,190.20415737500002
1879,79,194.10779265000008,203.5684737000001
1880,79,190.26827575000007,211.18208994999992
1881,79,249.92412345000005,258.8215200999997
1882,79,283.15775310000015,197.14051532500014
1883,79,283.93057332500047,239.3785939500001
1884,79,278.7502153749999,230.23647542500004
1885,79,297.9062463,257.653674275
1886,79,302.742545525,283.26071074999993
1887,79,277.46821007500006,233.46562277499999
1888,79,251.6747948500004,268.085634725
1889,79,236.04632027500008,264.2651131249998
1890,79,200.3756707,255.74508795000003
1891,79,207.349016275,251.70071402499977
1892,79,194.9402668499998,245.57719412499983
1893,79,254.80372660000003,202.75191307499995
1894,79,260.0373184250001,218.7050751000001
1895,79,244.46874770000028,257.52648815
1896,79,241.86675952500036,174.3648972499999
1897,80,155.6870249000002,151.5104605749999
1898,80,147.02319827500008,189.034552075
1899,80,142.12321007500006,132.8806302499999
1900,80,151.1987575,163.10515769999998
1901,80,153.61892230000007,142.94259032500005
1902,80,191.77473437499992,204.24273134999993
1903,80,233.63547232500008,178.61674839999995
1904,80,253.88117514999988,223.15248357500008
1905,80,263.8275877000002,299.56353467499986
1906,80,287.24423652500064,261.5849852499998
1907,80,306.0148664250001,247.37013609999985
1908,80,316.84389437500005,237.1112469
1909,80,291.8083494250001,261.5696762249999
1910,80,283.7124463000002,272.6788518500001
1911,80,206.41627362500003,244.43837854999998
1912,80,245.61479975000015,201.2279344749999
1913,80,244.87824167499988,218.23960109999985
1914,80,266.01703212500007,150.022243225
1915,80,258.1962519000002,175.18349255
1916,80,249.1286677249999,204.7478193749999
1917,80,262.57701617500015,232.7313958000001
1918,80,277.6906732000002,221.53489662499996
1919,80,206.59722785000002,196.2627244
1920,80,200.403178375,181.24278044999997
1921,81,147.4249022000002,146.19306602499995
1922,81,138.11710535000003,159.73504694999997
1923,81,133.38712607499997,142.04864547499997
1924,81,116.75339110000004,133.961627675
1925,81,115.964290675,117.31983977499999
1926,81,172.27603577500008,196.03037644999998
1927,81,187.79987022500018,205.33956550000005
1928,81,217.8038170000003,273.46891909999994
1929,81,252.8488879250002,236.67165089999995
1930,81,190.4910473000001,248.80772595
1931,81,267.83060172500024,269.49857099999997
1932,81,227.38289692500013,325.84845594999996
1933,81,269.112021225,254.37696974999997
1934,81,273.60175940000045,310.6259939249998
1935,81,232.00016652500005,246.5389839999999
1936,81,217.79955527500002,223.84591880000008
1937,81,194.6747619250002,244.65909414999993
1938,81,290.08627075000015,241.41548837499997
1939,81,196.63244680000003,238.57016429999987
1940,81,297.266904725,244.24956767499995
1941,81,276.28881370000005,227.6862836749999
1942,81,220.0028551499999,232.07343270000004
1943,81,188.28554090000006,175.17938582500005
1944,81,197.81603980000017,143.81438647500005
1945,82,147.21759357500002,155.51140789999988
1946,82,139.95308574999996,152.31722644999996
1947,82,169.97179492500035,132.44787492499992
1948,82,140.92682067500013,146.825569125
1949,82,150.12213694999997,170.4323497249999
1950,82,180.3528358999999,175.844004175
1951,82,210.89979407500013,204.0601973749999
1952,82,220.98032190000006,286.2883799749999
1953,82,226.79167292500017,284.6452892999999
1954,82,276.056879975,290.2338505750001
1955,82,355.48933650000004,296.1338567499999
1956,82,368.9092121750002,285.37417134999976
1957,82,305.6428435750001,258.43105862499993
1958,82,357.8046783500002,192.5240699749998
1959,82,284.8346960000001,256.8503351
1960,82,291.8454033000003,230.0499815249999
1961,82,278.6648703750002,194.18545815000004
1962,82,236.9086331000001,202.42656945000002
1963,82,223.32918402500013,252.52807054999982
1964,82,185.84535762500002,257.4590405499998
1965,82,284.0290525000002,255.70954407499994
1966,82,204.3484815000001,257.40344942499996
1967,82,197.5085587750001,195.5699545999999
1968,82,196.02355867500012,178.36127337499997
1969,83,153.4123199500001,121.38170097499997
1970,83,165.9883105500001,140.63092067499997
1971,83,177.6069607500001,130.52143217499994
1972,83,141.42678985000003,158.76741850000002
1973,83,159.32968882500015,141.746778225
1974,83,154.92103252500002,158.20010072500003
1975,83,163.90612812500012,226.56524650000006
1976,83,217.11019690000006,237.30928914999998
1977,83,198.0240044500002,317.78381694999996
1978,83,245.768309325,322.74145277499997
1979,83,241.30027005,310.8803737000002
1980,83,231.08822795000032,235.61170410000005
1981,83,234.34556402500004,211.09021702500002
1982,83,237.46559975000002,187.46320107499997
1983,83,241.04465920000004,222.55297382499992
1984,83,187.54368939999983,224.95900874999984
1985,83,197.793853325,213.0942483
1986,83,193.83062710000004,215.469759775
1987,83,182.82761764999998,197.66710157499998
1988,83,264.69529452499995,212.88857924999985
1989,83,246.76572425000023,235.22272464999992
1990,83,157.56047387500018,252.97065014999995
1991,83,146.6495933000002,183.63056262500004
1992,83,126.34798277499996,197.78667939999997
1993,84,128.3638761500001,157.9086055499999
1994,84,127.12492252500009,136.17149394999996
1995,84,123.33304497499995,183.34888419999987
1996,84,122.95569217500008,166.00815395000004
1997,84,131.45854445000015,184.5351776999999
1998,84,142.21629849999997,145.94111512499998
1999,84,179.83532822500004,202.404937475
2000,84,228.31697814999993,201.81755592499994
2001,84,277.93450470000005,167.53789227499996
2002,84,240.42764765000018,237.3509233499999
2003,84,269.2022312500003,219.2296439249999
2004,84,243.26380710000012,228.29853309999993
2005,84,191.73462307500003,244.574932575
2006,84,190.2622280250002,217.06576239999976
2007,84,246.0865117999999,230.64728879999996
2008,84,218.9093877499999,248.54867224999987
2009,84,268.20285417500014,222.69611769999992
2010,84,199.25242855000002,223.25285459999998
2011,84,199.73891742500012,230.46724980000005
2012,84,199.4123472,224.0784430500001
2013,84,232.094141225,240.89783432500002
2014,84,173.55471787500005,214.79782327499993
2015,84,197.01419957500013,234.21798197500001
2016,84,180.29754035000025,164.23461527499984
2017,85,110.1991173000001,99.08676794999991
2018,85,118.77933222500006,119.44067852500001
2019,85,105.70604557500009,94.65069087499997
2020,85,116.71639317499998,108.3161020999999
2021,85,119.12521024999995,163.17132967499998
2022,85,166.54879782499984,174.60795209999995
2023,85,178.52131262500012,230.12359944999983
2024,85,218.92851860000005,268.8031963249998
2025,85,247.64083832499998,259.690153975
2026,85,230.9627962,355.9551439
2027,85,257.0739113750004,238.31531612499992
2028,85,327.00870025000023,253.66692099999977
2029,85,304.3532924000001,280.7283373999998
2030,85,295.0507079250001,317.0959265750001
2031,85,295.46607140000003,257.70159735000016
2032,85,271.4950132250001,253.21822874999975
2033,85,239.20588677500012,227.0432229249999
2034,85,224.64254037500024,227.40385369999996
2035,85,240.3597044500001,268.4304414999999
2036,85,205.53733665000004,250.64306477500003
2037,85,200.88331670000014,262.36478407499993
2038,85,198.065064575,195.64858124999995
2039,85,213.07210932499999,197.6596481499999
2040,85,199.46670422500034,200.9119078
2041,86,122.3070701500001,145.61834070000003
2042,86,161.58836117500016,124.53112692499995
2043,86,128.23279472500008,135.014238575
2044,86,139.14962489999988,133.86848650000002
2045,86,134.32507317500003,138.0228322499999
2046,86,179.51345127499994,196.8426464999999
2047,86,211.24427252500016,217.89326552499995
2048,86,230.5041049000001,240.55481944999985
2049,86,291.61507445000007,276.6460715500001
2050,86,290.6175326250003,276.5737691749998
2051,86,258.5263138750002,283.76855442499976
2052,86,251.02627202500017,253.32731225000015
2053,86,251.27560302499987,232.15189699999993
2054,86,259.930097925,282.07559112500013
2055,86,283.23398127499996,265.8211802000001
2056,86,307.1998212250005,346.74071112499985
2057,86,211.9376818250003,259.87281642499994
2058,86,255.32492985,240.85774980000008
2059,86,214.54197310000004,217.18829582500004
2060,86,274.30104349999993,221.89662722499992
2061,86,238.28436417500018,209.67241384999994
2062,86,255.73442030000024,217.77336059999988
2063,86,248.7145014500001,152.7171465749999
2064,86,171.0568339250002,193.111127475
2065,87,142.8381116500001,136.8442308999999
2066,87,145.04162880000007,147.59257652499997
2067,87,156.46170735000007,140.6643286
2068,87,129.28292997500003,140.0501959749999
2069,87,144.71013517500018,164.51659495
2070,87,173.04600030000034,184.68276437499992
2071,87,225.57890780000002,227.83250187499982
2072,87,203.69339365000002,209.692598175
2073,87,235.0388621750003,285.24183042500005
2074,87,251.198074825,283.57632167499986
2075,87,267.2747310000002,318.52692227500006
2076,87,247.20844177499998,311.8649521000001
2077,87,288.18531185000006,337.150337625
2078,87,274.2176564250001,278.31291124999996
2079,87,246.21227205000025,258.8933420999999
2080,87,250.17218420000017,263.035835
2081,87,194.49047367500012,299.8611857999998
2082,87,220.23228910000014,262.0119437999999
2083,87,241.88502100000028,237.31872517500005
2084,87,230.51907052500033,251.23824142500018
2085,87,267.8341523000003,209.382389875
2086,87,259.11491150000023,227.51358162499997
2087,87,204.89245312500032,181.8030799
2088,87,173.59354170000003,172.46475470000001
2089,88,191.3780529750001,152.386565975
2090,88,170.08936900000018,152.3476632
2091,88,144.64622437500026,137.51932244999998
2092,88,134.07990307499998,157.90578049999996
2093,88,136.29791892500006,175.89162910000005
2094,88,128.2513700000001,178.31978330000004
2095,88,188.2589925000003,192.31870272499992
2096,88,193.43827852499996,244.314628375
2097,88,189.91950005000007,334.3364422000001
2098,88,239.68457695000018,292.0176621249999
2099,88,311.97898825000055,309.1572042499999
2100,88,249.46729940000023,342.90151334999996
2101,88,301.51637794999994,298.54861617499995
2102,88,266.99726757500014,280.97779157499997
2103,88,269.98376220000006,206.40325489999992
2104,88,226.29924625000027,242.19781189999998
2105,88,240.55893585000015,198.29904512500002
2106,88,213.61434510000004,238.9524454499998
2107,88,254.5782832000001,245.21257759999983
2108,88,274.51698439999996,224.81825242499997
2109,88,224.33611320000023,226.3050797749999
2110,88,257.8612350750003,221.62480309999995
2111,88,194.872382775,201.0609179249998
2112,88,190.0264697750001,184.77909022499995
2113,89,179.2328446250001,151.33462327499996
2114,89,144.58246949999997,147.8044315249999
2115,89,145.13099502499998,168.6641388249999
2116,89,150.3978627500002,162.02925640000004
2117,89,136.41148462500013,155.76362037499993
2118,89,143.3750733250002,168.9134844
2119,89,222.5848874750002,215.519346225
2120,89,225.26513530000017,241.21522927499979
2121,89,277.29400587500004,265.5777739
2122,89,289.4288140000004,328.6978146499999
2123,89,287.05482400000005,337.3595218249998
2124,89,335.35279107500014,339.64848092499983
2125,89,269.2711038500004,260.42746355
2126,89,260.8719406500002,211.15924482499983
2127,89,242.97826320000013,181.9539290749999
2128,89,228.96353452500017,216.71329922500013
2129,89,238.4727801500003,206.36390952500005
2130,89,254.96526027500016,243.82441500000002
2131,89,195.39682450000004,239.12666769999987
2132,89,232.0638621500001,298.31219952500004
2133,89,247.6924155000005,277.20239034999986
2134,89,217.12710425000023,221.0654344
2135,89,247.65059670000005,210.69346372500002
2136,89,152.38169217500004,164.62894142499994
2137,90,128.7635852500001,145.71687619999994
2138,90,125.15084605000004,150.7527083749999
2139,90,136.5790512250001,153.81591132499992
2140,90,146.38156687500003,166.35251067499996
2141,90,153.9115303000001,178.75124302499995
2142,90,122.7739591000001,166.72653415000005
2143,90,147.67032879999982,204.24904024999992
2144,90,269.87993315000017,184.3770534499998
2145,90,244.44550877500012,236.02174109999984
2146,90,240.96555055000013,259.806760425
2147,90,247.7865041500001,272.2663663249999
2148,90,297.74327457500027,243.20214209999983
2149,90,224.09241605,238.33843514999984
2150,90,229.00284170000037,239.450012
2151,90,244.70447155000033,205.82448352500006
2152,90,262.19520497500014,217.57258979999986
2153,90,234.35392840000026,228.0820045249999
2154,90,203.67419877499987,202.9884344749999
2155,90,210.76509844999993,196.97423407499986
2156,90,198.61201250000005,203.00027944999994
2157,90,195.45697045000009,251.33377599999983
2158,90,194.54798245000012,250.666131625
2159,90,154.90307772500017,162.4335713999999
2160,90,155.28078157500005,190.04333007499997
2161,91,143.29529330000003,147.37907504999993
2162,91,129.462820175,160.14948099999998
2163,91,143.3727408,123.42405230000001
2164,91,138.2226202250001,145.56204649999995
2165,91,126.30923730000009,128.38146632499993
2166,91,164.03533260000017,151.8842290749999
2167,91,206.23945515000008,158.81266602500003
2168,91,188.28212747500015,185.57332354999997
2169,91,211.5571403500001,248.95585554999994
2170,91,217.8636949750005,181.71643732500007
2171,91,273.5724173250004,301.7774627999999
2172,91,240.90964817500017,351.5317578749997
2173,91,204.49359270000002,240.23542234999994
2174,91,236.98252242499984,270.00952785000004
2175,91,165.0013676750001,206.4375188749999
2176,91,180.3871193,241.03764227499988
2177,91,208.35493099999985,252.16350339999997
2178,91,189.48026552500005,185.75487594999993
2179,91,173.84001425000014,189.32761689999995
2180,91,226.5783299499999,263.92600315000004
2181,91,217.80531070000006,233.89625942500007
2182,91,186.37006955000004,195.97412832499973
2183,91,229.83754745000053,225.48696417500003
2184,91,153.3494083250003,168.12398074999996
2185,92,133.60395075000005,144.30341894999998
2186,92,155.942602825,125.43673465000003
2187,92,149.82669167499995,142.47253334999994
2188,92,143.39391457500014,165.16204377499992
2189,92,122.40861970000003,151.94191659999998
2190,92,200.51886539999984,166.019918825
2191,92,172.97886305000003,165.43845314999987
2192,92,193.89936342500005,270.6909548500001
2193,92,263.532723175,314.50079689999984
2194,92,246.0371341999999,227.75658557499983
2195,92,337.30717942500013,265.3431689000001
2196,92,309.6331548250002,252.5901541499998
2197,92,289.9520765,266.63033567499997
2198,92,294.129266625,247.65581197499986
2199,92,296.6447291000003,226.6830811749999
2200,92,259.9425650500002,179.2201484499999
2201,92,254.35740414999987,171.01466622500004
2202,92,225.19470912500003,238.58813322500004
2203,92,280.8555129249999,237.91301619999996
2204,92,261.36590915000016,222.18695435000006
2205,92,268.3427025750004,265.4664965750002
2206,92,242.93827315000007,214.5548061
2207,92,204.03111340000004,224.6919305
2208,92,166.43876142500005,170.08423577500002
2209,93,116.430486175,158.9502126
2210,93,139.32954854999997,165.22426135
2211,93,143.5274937250002,163.958708075
2212,93,148.6603610250002,176.4743752249999
2213,93,132.17151425000011,135.83131967499995
2214,93,174.21198882500022,150.83431027499998
2215,93,182.48591675000017,180.70991400000014
2216,93,258.22968617500004,228.9597582749999
2217,93,254.66736467500013,273.93162437499996
2218,93,305.04653765,289.854896875
2219,93,240.07623369999993,242.90106082500012
2220,93,290.78673550000036,284.789958175
2221,93,266.5862755000003,252.31717517499993
2222,93,256.0693304750001,254.06691825000004
2223,93,258.29086854999986,242.5260585749998
2224,93,292.69891875,266.30219660000006
2225,93,208.99193104999995,273.99180687499995
2226,93,225.39679352500013,243.85097154999994
2227,93,229.52928077500025,246.06908497499995
2228,93,240.10772502500006,210.78891195000023
2229,93,254.4419006750001,269.3434526249997
2230,93,221.39579650000002,287.03284347499994
2231,93,214.55265582500016,194.32196454999993
2232,93,169.88588145000003,191.68107637499986
2233,94,160.88013897500005,151.58280067500007
2234,94,141.38983767500005,137.692056625
2235,94,170.10302675000008,165.98279797499993
2236,94,181.30252687500013,142.28059822500006
2237,94,124.22915290000003,166.71388307499996
2238,94,180.41823750000003,163.5696048249999
2239,94,207.95457197500014,195.33461724999998
2240,94,242.60562427500014,218.02548822499986
2241,94,287.7601182500001,288.8650773
2242,94,273.64441747499995,260.4891897
2243,94,287.1901556500002,345.3309470999998
2244,94,296.06783572500024,282.1739381499999
2245,94,301.4190042000001,298.2650357749999
2246,94,291.909185025,293.79362679999986
2247,94,277.7614555250001,220.521289525
2248,94,293.50868592500024,214.12112572499987
2249,94,245.24590127500002,229.02323764999986
2250,94,262.92723540000003,284.305858325
2251,94,248.95725855000012,255.79169964999988
2252,94,303.76694387500004,230.9061232749999
2253,94,203.35474399999998,208.8618299499998
2254,94,215.462075325,226.41157424999994
2255,94,153.97530957499993,201.65427040000003
2256,94,169.81602537500004,210.056424375
2257,95,157.58390750000007,152.5625131000001
2258,95,153.8056998250001,177.85724049999988
2259,95,128.4032104750001,163.94723762499987
2260,95,128.61893317500005,130.00106789999995
2261,95,143.95478800000006,134.68317349999998
2262,95,156.18085032500005,147.42595877500003
2263,95,197.82911392500006,204.30565687499993
2264,95,292.1284673250001,183.94414139999984
2265,95,246.06230282500002,226.39658522499994
2266,95,302.1327310750002,231.30399337500003
2267,95,279.6937565500002,295.7778073249999
2268,95,304.9093407500002,316.883314825
2269,95,273.41289562500026,262.7022600499999
2270,95,215.33372425000027,242.59720794999993
2271,95,230.48156662500014,216.58201567499992
2272,95,217.29514967499995,200.34756947499983
2273,95,228.2405586000002,195.2670497749998
2274,95,233.69933860000015,211.9342302500001
2275,95,195.21665507500006,275.55575862499995
2276,95,323.7469819500003,293.36436567500016
2277,95,248.16249450000043,233.412365275
2278,95,231.04335787499997,243.82113789999994
2279,95,206.55140662500003,213.83694827499994
2280,95,189.68600830000005,158.3212011500001
2281,96,153.5641187000001,165.20969827499994
2282,96,141.00959447500006,124.18702389999997
2283,96,133.22158222500005,135.27657569999988
2284,96,178.99276710000012,152.65089849999993
2285,96,145.02662897500005,168.49240259999988
2286,96,230.24277090000007,176.07991469999996
2287,96,238.0895348750002,197.82496137499987
2288,96,279.8975479500002,289.40196192499997
2289,96,268.13755987499997,257.82044162500006
2290,96,273.43476745,285.54227925000004
2291,96,307.16025980000006,317.4782851250001
2292,96,297.3163498500003,245.09571624999995
2293,96,226.4524181000001,264.78195287499994
2294,96,239.91122225000026,234.39971052499996
2295,96,235.49500842500007,236.32642147499985
2296,96,259.16341189999997,212.39856114999986
2297,96,263.83249525000053,256.6045313749999
2298,96,206.47681452500007,226.5084847500002
2299,96,229.48469405000006,232.5859268249999
2300,96,190.16281629999997,217.75386114999986
2301,96,214.25944872499986,187.661558825
2302,96,258.90476302499997,183.420673825
2303,96,202.0495726000002,221.82771152499993
2304,96,163.57582082500008,169.05306269999997
2305,97,155.2291681750001,165.19662195
2306,97,148.72471390000018,168.10393945
2307,97,165.92242867500005,168.17793782500004
2308,97,112.19708114999997,142.58917752500003
2309,97,150.86433967500005,161.469223625
2310,97,159.920349375,169.238457825
2311,97,189.51137917499995,198.646731775
2312,97,215.73966655000015,205.55139497499997
2313,97,209.26780497499988,188.1985626999998
2314,97,265.4974315000002,217.88450312500015
2315,97,284.32963097500004,230.59919337499997
2316,97,249.8516082750001,265.3024908749998
2317,97,251.30263832500015,213.65200392500006
2318,97,215.40541550000015,236.5899218749999
2319,97,289.0192936750002,197.59659269999983
2320,97,240.09334212500045,219.93734089999995
2321,97,222.25367597500008,236.79395479999994
2322,97,171.5298938000001,180.12881264999993
2323,97,195.2602427250004,187.58169822500005
2324,97,208.78299255000013,213.44605414999967
2325,97,224.0078897250002,242.99079117500003
2326,97,244.21457387500016,250.6199451999999
2327,97,204.0583944500004,198.15241762499997
2328,97,206.17981242500002,173.8621211749999
2329,98,133.44364370000002,134.29639427499998
2330,98,122.05319570000012,123.78489162499994
2331,98,137.67524595,129.699670525
2332,98,133.4760741,134.17800597500008
2333,98,146.67950082499996,160.03532634999996
2334,98,168.1703069750001,151.82144117500002
2335,98,212.22531845000003,149.18990482500004
2336,98,178.31653190000003,169.16717249999994
2337,98,216.88095602500022,223.35872287499998
2338,98,191.24796125000015,258.26153029999995
2339,98,279.4559369250002,235.767116675
2340,98,263.4900328250003,242.51838244999985
2341,98,267.95811580000003,239.988842325
2342,98,234.73994330000005,250.15168592499992
2343,98,229.79312590000038,229.10988415000003
2344,98,233.74532835000002,221.64009142499992
2345,98,217.13484777500008,208.01739892499995
2346,98,207.53786045000018,206.1039637999998
2347,98,177.6784532250003,205.55665944999998
2348,98,263.16699700000026,249.73008122499976
2349,98,238.71258717500012,210.2852266999999
2350,98,184.95716177499992,244.58023787500002
2351,98,188.17755465,163.9340298500001
2352,98,164.259974275,183.8471181249999
2353,99,110.03029817500004,169.57254565
2354,99,136.16130472500004,117.79352252500001
2355,99,142.2668042250001,114.78949197499999
2356,99,140.085763225,142.52361327499997
2357,99,141.32459680000014,131.47089890000007
2358,99,155.88667875000004,141.84624544999997
2359,99,189.39355077500005,205.9386432249999
2360,99,233.6572671749999,229.20191299999985
2361,99,276.060801225,346.03615997499975
2362,99,236.06530877500018,267.0959437250001
2363,99,186.89046277499995,223.50553687499988
2364,99,268.0416830249999,241.8292490499999
2365,99,249.78958340000025,274.6422064499999
2366,99,265.4635726750002,260.8451579499998
2367,99,297.5371975,267.7790034249998
2368,99,309.1080761750004,243.7463659249999
2369,99,273.008383875,293.342611575
2370,99,306.6172562500004,324.7266800749999
2371,99,212.5981016000002,257.4591532499997
2372,99,221.87530825000002,191.22942805000002
2373,99,227.24649107499994,260.0188014749999
2374,99,203.91074260000016,280.777458325
2375,99,188.0414547249999,245.558452075
2376,99,214.57834350000002,259.84583557499997
2377,100,182.9430396250001,168.25709014999995
2378,100,150.36593965000014,195.24767224999994
2379,100,148.299431875,200.67202607500002
2380,100,151.751481275,151.09917042499993
2381,100,162.86144542500014,207.90334340000007
2382,100,233.14750885000015,247.56486022500005
2383,100,244.45703992499983,231.91759177499986
2384,100,252.82178172499994,184.81329007499994
2385,100,224.0656149250001,226.7470716250001
2386,100,227.1341400250002,260.621065875
2387,100,277.2668687,334.80899952499993
2388,100,282.2716823249999,288.39218137499995
2389,100,320.6546160999999,278.175249525
2390,100,275.65646267499994,258.81529354999986
2391,100,293.27047830000015,259.6537869
2392,100,322.800336625,246.8140967250001
2393,100,258.12457414999994,223.02378210000003
2394,100,223.82575044999993,220.84981727499988
2395,100,260.62157364999985,269.698386775
2396,100,280.461456125,228.92581802499996
2397,100,241.03607970000007,221.22140310000006
2398,100,253.7181808250001,197.37963574999992
2399,100,222.20875627500004,227.29693692499998
2400,100,193.90684297500013,144.978531875
2401,101,138.4044955750001,143.90597599999995
2402,101,110.61264857500004,158.55909717499998
2403,101,122.52578517499998,150.57948595000005
2404,101,122.38782337500007,178.85662872499992
2405,101,128.24884705000025,164.70263209999993
2406,101,200.0716911,159.15901692500006
2407,101,184.9180652000001,205.3845157000002
2408,101,215.23226010000016,269.3925484000002
2409,101,279.94626472500033,310.5417802749999
2410,101,243.97382082500008,237.3364436500001
2411,101,247.13476532500013,325.0745285250001
2412,101,213.11276250000031,248.81138282499998
2413,101,241.46850760000018,353.03814485
2414,101,205.44353477500022,240.67101604999993
2415,101,217.13907537500003,263.067416925
2416,101,218.71863107500002,238.68396059999998
2417,101,237.72991972500012,229.13873627499993
2418,101,301.17308345000026,208.48508497499995
2419,101,202.82263577500007,235.17789164999976
2420,101,233.1692610500002,210.66481802499996
2421,101,228.37805715000027,261.018176025
2422,101,201.82822334999992,281.7321370000001
2423,101,195.3179480250002,236.72240870000002
2424,101,215.12357607500024,173.9361027
2425,102,128.2863769250001,143.51772659999997
2426,102,155.50083250000012,154.0067839250001
2427,102,159.09645960000006,139.88556789999993
2428,102,194.05669187500007,133.07800647499997
2429,102,154.24811874999992,182.2367770500001
2430,102,203.73086090000027,176.9676217
2431,102,248.27818162500017,191.8901519499999
2432,102,263.814516775,271.50003277499997
2433,102,242.35459982500007,260.45712742499995
2434,102,257.5027153000001,251.42115962499994
2435,102,270.11377670000024,293.70835724999984
2436,102,279.61312417500005,286.1944672249999
2437,102,238.10389855000017,293.929021775
2438,102,248.30255295000023,321.5656089499998
2439,102,248.2765794500002,256.69321557500007
2440,102,234.62838845000016,220.69496962499997
2441,102,205.8251818000002,225.24245160000012
2442,102,238.11530775000006,200.56271509999976
2443,102,246.48988980000001,244.71764734999988
2444,102,260.1739964500001,241.00381329999985
2445,102,243.75827702499993,188.90023735
2446,102,241.61012920000007,228.24885665000005
2447,102,216.62550242499992,216.58438270000005
2448,102,194.05265865000007,167.5122331999999
2449,103,127.9078351250001,167.69274344999997
2450,103,154.61974002500003,176.13816084999985
2451,103,160.265434675,149.31367364999994
2452,103,150.88338857500003,156.46693745000005
2453,103,142.78524187499997,185.72787452499998
2454,103,137.10005017500018,147.862438275
2455,103,253.73949665000015,206.59535657499993
2456,103,263.4432810500003,176.00963417500014
2457,103,264.3325246499999,268.20319282500003
2458,103,322.13185087500005,285.0609832499998
2459,103,336.52453497500017,276.11583595
2460,103,296.95371717500007,245.12595369999985
2461,103,265.4791034749999,240.21320022500015
2462,103,223.7834158999999,264.0179324249998
2463,103,246.91302967500008,242.92028660000005
2464,103,261.67279722499995,234.87686927499985
2465,103,265.1650637999999,229.5041837750001
2466,103,277.59420959999994,194.59601157499984
2467,103,249.54376432499998,230.62624625000015
2468,103,217.42625394999993,208.989416775
2469,103,248.91136170000004,180.65632507499998
2470,103,261.30487562500036,217.95670532499997
2471,103,179.3299705999999,233.68722947499998
2472,103,182.30513460000006,221.54536429999996
2473,104,187.56603419999996,162.76487772499988
2474,104,183.4337064,146.05001475
2475,104,205.3159940000001,155.65501047500004
2476,104,170.52059100000014,172.105708925
2477,104,144.25318895000007,156.1059715749999
2478,104,165.098974725,164.74255389999996
2479,104,180.9277222,178.80621502499997
2480,104,202.97881720000018,246.79740852499995
2481,104,257.46207697500006,237.56030459999994
2482,104,265.64850347500027,267.4025953749999
2483,104,236.6400851500003,273.7060106749999
2484,104,209.75083127499994,267.7613284
2485,104,216.29795175,284.32768947499994
2486,104,240.25804120000032,244.36017239999978
2487,104,251.42204742500013,209.30877550000002
2488,104,232.34506855000006,211.2042779749999
2489,104,197.45638132500017,201.82142412499996
2490,104,220.01538890000006,187.09384347500003
2491,104,217.1139355000004,222.94302560000003
2492,104,240.00106992499988,248.10928927500004
2493,104,270.7058351999999,209.78356692500006
2494,104,244.15878975000027,190.5660232499999
2495,104,180.53727937500008,184.28541382499998
2496,104,160.78126762500003,157.2045154249999
2497,105,150.56118027500008,154.70600424999998
2498,105,150.92892035000006,168.82510977499987
2499,105,151.57458617500012,116.98051334999997
2500,105,171.53027810000012,139.9741993749999
2501,105,132.29325425000007,148.09246064999996
2502,105,157.70924417499998,161.478817575
2503,105,177.0019333000001,179.205510125
2504,105,175.1371936750004,199.04566097499998
2505,105,201.45225627500002,240.46157127499998
2506,105,201.60612502499995,203.44756667499996
2507,105,197.36775639999996,294.0793097999998
2508,105,228.48900327500002,290.7351114249999
2509,105,242.67018405000002,215.97247292499998
2510,105,249.30124449999983,205.5376959
2511,105,250.54042035000032,187.92195755
2512,105,239.63751067499987,138.341484325
2513,105,268.2090705250002,151.721315075
2514,105,279.450410775,247.48630877499983
2515,105,232.69105645000025,230.06005707499986
2516,105,264.8856418250001,257.9547103999999
2517,105,206.05952779999996,222.038214875
2518,105,210.0119896500001,179.3854842
2519,105,200.67592260000004,202.17921677499987
2520,105,219.85839829999998,175.95399987499997
2521,106,112.08873952499997,111.62884639999996
2522,106,130.68374202500002,139.5326217500001
2523,106,144.94806360000013,135.75372394999988
2524,106,138.326960175,161.442390025
2525,106,155.63762262500003,162.74287642500002
2526,106,177.4666673000001,166.29607705000004
2527,106,162.84610024999995,207.2707741249998
2528,106,235.50779900000003,189.72753840000007
2529,106,285.45687347500035,255.82547449999987
2530,106,354.51754777499997,228.7503226
2531,106,350.4733516,280.80907285
2532,106,289.59545357499996,201.31649092499978
2533,106,359.46491375000016,221.34047834999976
2534,106,332.1516980250003,241.65542895000007
2535,106,256.0490674500001,252.86130037499998
2536,106,272.01399742499984,265.746174075
2537,106,262.7740309000002,283.9781908499999
2538,106,194.41224009999993,296.4685643749999
2539,106,234.664144325,293.03783999999985
2540,106,231.65753910000006,264.1056994499999
2541,106,258.11863530000016,269.5703580499999
2542,106,229.92993555000012,259.15445257499994
2543,106,148.3374704750002,210.55968352499994
2544,106,120.54125297500005,172.33173372499988
2545,107,149.29772557500002,149.23635025
2546,107,149.42537640000006,116.5744548750001
2547,107,123.51957245000008,120.20063867499996
2548,107,139.12580012500007,151.7933759249999
2549,107,164.21613235000007,131.29238832499993
2550,107,195.02465670000004,153.04937504999998
2551,107,223.62576722500037,232.00029590000003
2552,107,255.5179282750001,234.8407276750001
2553,107,271.4492504250002,250.73836012500004
2554,107,291.47599752499997,263.15958919999997
2555,107,258.17644847500014,257.90601657499985
2556,107,301.42786950000016,323.5161005500001
2557,107,267.8588497750001,269.2773508
2558,107,315.46953145,282.6579931749998
2559,107,268.11950275000004,338.5731977749998
2560,107,268.16915340000025,318.10474202500006
2561,107,236.91593020000005,260.8443475749999
2562,107,298.44856457500003,252.97105450000015
2563,107,240.2864248000002,236.78164615000014
2564,107,245.55799810000005,258.63564949999994
2565,107,207.86495380000036,263.24642392500004
2566,107,276.6330858000002,208.60480527499976
2567,107,242.96546504999998,189.01554054999988
2568,107,205.59501837500014,168.97705427499992
2569,108,141.63660190000013,152.09617729999994
2570,108,170.1101395,168.06595879999995
2571,108,148.23150927499995,155.51871962499996
2572,108,153.04537820000007,137.34202462500002
2573,108,140.99305899999993,140.28499094999995
2574,108,205.23005095000013,193.2409425
2575,108,205.5967263999999,176.5597688499999
2576,108,206.70820845000014,234.22562467500006
2577,108,283.31232397500014,311.170344075
2578,108,254.10349187499986,306.71056424999995
2579,108,301.5445357750003,308.81494592499985
2580,108,314.44407709999996,286.49238545000014
2581,108,291.24480955,284.97158615
2582,108,290.51883535000024,298.87879807499985
2583,108,308.8118351000004,243.5126106500001
2584,108,248.14677522500034,288.4604509750001
2585,108,190.98776665,248.19750567499997
2586,108,286.5440690750002,234.4749334749999
2587,108,227.58553070000002,216.96412047500002
2588,108,218.31789959999998,298.460306425
2589,108,243.76712900000012,316.05415807500003
2590,108,246.09663235,222.4214178249999
2591,108,210.99314447499995,213.24737007499994
2592,108,213.59336407500018,221.986789725
2593,109,155.861432875,145.20583854999998
2594,109,143.59453215000002,150.79515229999993
2595,109,150.0471705500001,164.78943564999997
2596,109,144.73307945000016,154.60126312500006
2597,109,144.302596025,157.79016202499992
2598,109,190.49871004999994,198.16226047499993
2599,109,204.9844645000001,230.6619838749998
2600,109,210.7467153000001,227.78595155000005
2601,109,272.01883229999993,279.01971117500005
2602,109,316.9504753000002,255.83840562499984
2603,109,335.7927791000004,340.494023725
2604,109,290.5444302250002,284.7001885249998
2605,109,316.4859848500003,382.2105634499999
2606,109,277.9789515750001,401.4483476999999
2607,109,229.78336765000003,269.33460119999984
2608,109,259.6467457250002,233.14200265000017
2609,109,298.3346114000002,325.8750299749998
2610,109,316.1931710250001,197.32211372499984
2611,109,300.6967960500001,276.8645001499999
2612,109,297.7346356000003,233.44793159999995
2613,109,277.0220387500001,244.09067555000001
2614,109,230.1010984250002,301.56796919999977
2615,109,191.67180829999995,233.68464452500007
2616,109,189.95403190000013,216.944316275
2617,110,143.3052660250001,150.6226971249999
2618,110,141.17723272500007,182.035075425
2619,110,146.03792119999994,136.52430370000002
2620,110,152.186331075,147.40671759999992
2621,110,176.21645925,148.77566499999995
2622,110,188.6486236500001,163.06621679999995
2623,110,212.47179402499992,188.28829352499986
2624,110,217.6515737,229.0840879999999
2625,110,258.7565592750001,237.472041275
2626,110,323.38379082500023,300.3793202000001
2627,110,335.5290316500003,434.746948975
2628,110,357.06471655000007,273.6837138249999
2629,110,382.2516676250001,320.26818287500004
2630,110,365.2643457750004,300.015487175
2631,110,329.5294193250005,280.13424490000006
2632,110,301.66947952500016,250.6773462249999
2633,110,429.02816007500024,332.8900898749997
2634,110,373.0171919250001,365.55169727500004
2635,110,304.83001095000026,278.9139425999998
2636,110,270.00859125,235.38987365000006
2637,110,250.2106664750001,320.70371585000004
2638,110,277.8490706250001,310.29130754999994
2639,110,186.88478470000007,212.12789167500006
2640,110,178.13724389999987,238.7114970749999
2641,111,152.17771685000002,225.55738472500002
2642,111,156.6333347250001,205.81982587499996
2643,111,145.83082145000006,193.58426750000004
2644,111,165.52105354999998,132.34899540000004
2645,111,140.5782141250001,145.6498002749999
2646,111,205.9825776250001,141.99401252499996
2647,111,204.9903724250001,218.49685992499997
2648,111,234.33437232500032,202.3177225749999
2649,111,291.80739255,264.55612339999993
2650,111,273.50696232500025,200.8870361249999
2651,111,283.0954070250003,281.39862125000013
2652,111,249.8198150749999,316.0769645249999
2653,111,323.1867875749999,235.85210554999986
2654,111,341.107664125,221.28832349999988
2655,111,345.4018738499999,297.4502236249999
2656,111,327.166197725,239.54791445000012
2657,111,338.79429357500044,358.331621025
2658,111,307.55224127500026,305.7155171500002
2659,111,306.2920771500004,278.49741157499983
2660,111,392.0198165249999,277.37066342500003
2661,111,243.64542304999992,232.66254010000006
2662,111,259.43400292500013,254.7672177749998
2663,111,212.95678395000016,250.01495682499996
2664,111,197.66944199999995,237.67864187499987
2665,112,183.243136075,185.69768417499995
2666,112,140.65986192500006,169.19595342499986
2667,112,144.33380267499996,168.40978102500003
2668,112,147.20541447500005,144.4148278999999
2669,112,206.24576007499996,164.53855632499994
2670,112,171.81964999999997,180.78066039999993
2671,112,174.44553637499996,164.87645347499995
2672,112,179.82500327499991,185.2493431249999
2673,112,244.12607435000024,237.52483822499994
2674,112,276.6272722500004,279.0627374000001
2675,112,238.02830565000005,279.96440527499993
2676,112,304.1658426500002,262.3722888499999
2677,112,253.2895901500002,361.48143974999994
2678,112,225.7221245,260.0907657
2679,112,231.66081442500024,304.80615154999987
2680,112,262.5860767500003,263.52643435000016
2681,112,198.25841255000026,308.1800446999999
2682,112,316.81017555,282.5377280749999
2683,112,248.3055311250003,272.78959912499994
2684,112,246.42834592500012,305.99294845000003
2685,112,244.2033950000001,261.7102294749999
2686,112,206.09042067500002,249.8449331
2687,112,225.70384402500002,249.261505875
2688,112,175.7450496750002,239.90757854999998
2689,113,169.16120110000006,213.10681489999996
2690,113,130.986174625,194.98986349999996
2691,113,161.6892644500003,188.412195425
2692,113,177.75800267500009,158.5470906
2693,113,161.13605760000007,153.81945582499998
2694,113,193.19544917500008,194.046904175
2695,113,207.9447431749999,208.80700069999986
2696,113,255.2959854750003,266.3255329250001
2697,113,303.20026297500044,284.84584489999986
2698,113,358.2969395000001,345.7035961999999
2699,113,286.5748483250005,316.1900918250001
2700,113,329.23572430000013,313.5820534999998
2701,113,266.27126080000016,293.002812675
2702,113,275.11172090000036,300.63200457499977
2703,113,288.68884510000015,248.80864034999996
2704,113,329.7890707500004,304.96048779999984
2705,113,315.4968670250002,312.5277445999998
2706,113,266.6958600250001,319.8292260499999
2707,113,214.99076072499986,305.6915485999999
2708,113,254.27505207500008,324.7873866
2709,113,279.3186334,222.00020772499997
2710,113,259.01776935,259.3368695
2711,113,213.91607312500008,229.65740299999996
2712,113,206.38293975,198.05392805000002
2713,114,119.37855944999997,148.07997954999996
2714,114,130.35048252500007,138.86231270000002
2715,114,158.46931272500004,144.53353722499998
2716,114,151.47610117500014,169.67077414999994
2717,114,198.7250324000001,174.26042447499992
2718,114,200.33427580000014,152.42517344999993
2719,114,247.00449347500012,198.03631352499974
2720,114,256.74199532500006,168.55381854999985
2721,114,260.701562625,246.3725989499998
2722,114,337.31058047500005,258.69383889999995
2723,114,319.1587092250004,249.84640867499996
2724,114,269.80376665000017,286.2418872999999
2725,114,352.8351437500001,181.305805525
2726,114,314.78810752500004,246.02701029999994
2727,114,296.24903395,275.2696407250001
2728,114,309.0645465000002,235.30128374999998
2729,114,334.0671647500001,208.899223375
2730,114,216.30374487500032,198.6778833
2731,114,197.0172909500002,281.40792240000013
2732,114,267.6575716000004,243.2986176249999
2733,114,284.5699032250003,264.1697597749999
2734,114,277.2926937,234.51218247499997
2735,114,222.76791312499998,238.90369282499995
2736,114,191.46432672500012,168.24585854999998
2737,115,145.97291867500007,182.4984567
2738,115,161.82253120000001,138.73123072500002
2739,115,161.14032505000006,158.90683185000006
2740,115,144.39201570000012,171.76530587499997
2741,115,156.997350225,161.45895200000004
2742,115,136.39977147500005,224.18825762499995
2743,115,176.85164175000006,199.54403215
2744,115,246.489320275,229.73828389999994
2745,115,263.27872367500015,235.62810322499996
2746,115,370.38381787500003,264.34932947499965
2747,115,318.257805675,289.352763925
2748,115,258.71018417500005,346.31491865
2749,115,274.61331862500003,261.8530173750001
2750,115,302.82110717500007,264.582469875
2751,115,285.1211271499999,300.37928804999984
2752,115,290.63480519999996,300.33672402499997
2753,115,295.1664851000001,289.9843312749999
2754,115,272.5043369,315.417217675
2755,115,265.8400341500003,259.5065061
2756,115,263.3043823250001,226.1098956499999
2757,115,263.93460895000015,268.41715110000007
2758,115,200.66104997500017,270.03401727499994
2759,115,252.37145837499997,270.15585009999995
2760,115,151.34068422500005,194.05739575000007
2761,116,138.53381172500008,131.51069357500006
2762,116,152.77169684999998,139.4532208249999
2763,116,151.82975565000004,147.94986267500008
2764,116,158.61326007500014,129.02340395
2765,116,210.02326150000013,142.21241817499995
2766,116,169.90415282499998,233.70034134999992
2767,116,174.73743354999993,202.99849345000007
2768,116,247.9729082750002,206.51845167500005
2769,116,264.1621147,289.4324435749998
2770,116,366.1509099000002,267.08551360000007
2771,116,284.39258000000007,296.9021056749999
2772,116,295.79423315000014,320.94044002500004
2773,116,373.79480307500035,285.16157595000004
2774,116,230.16338237500048,311.36485742499997
2775,116,181.64871212500032,286.84879005000005
2776,116,237.56263890000048,220.67614952499986
2777,116,269.89801347500025,218.7823938500001
2778,116,274.9132624000001,274.5316967000002
2779,116,242.8293485499999,230.26979062499984
2780,116,203.5743962000004,257.03445945000004
2781,116,225.31226147499999,217.3652820499999
2782,116,276.70640417500044,206.42554135000006
2783,116,225.91225080000015,177.60836379999995
2784,116,172.15166755000004,180.4294276
2785,117,174.32374312499996,146.43066067500004
2786,117,229.6485711250001,208.84336135
2787,117,216.01138010000034,169.7149506
2788,117,167.02213492500024,147.09659772499992
2789,117,158.69956262499994,155.0786701749999
2790,117,186.54002367500004,193.8515586749999
2791,117,176.55254700000012,191.40892639999993
2792,117,273.4126243750002,208.50912059999985
2793,117,276.95137737500033,257.794414825
2794,117,310.91241407500024,241.18296197500007
2795,117,318.7003623250001,261.858776725
2796,117,258.554159275,354.40629709999996
2797,117,271.3061323000002,262.8642129000001
2798,117,275.83129125000005,288.95883912500017
2799,117,259.71457787500026,228.38047730000002
2800,117,202.91479559999993,270.22663665000005
2801,117,257.143448425,234.53463399999995
2802,117,282.1498603000002,340.288167125
2803,117,311.5988706250001,251.46392830000005
2804,117,275.084469,246.30221987499988
2805,117,304.33831235,225.54829059999992
2806,117,317.17175702500015,210.46043384999987
2807,117,214.9586538000001,186.7270306999999
2808,117,187.88215102500007,163.73102417499993
2809,118,143.765511725,122.70162567500002
2810,118,138.54931777500008,163.1224527
2811,118,153.71822350000002,172.58532529999988
2812,118,137.09039670000004,128.43457680000006
2813,118,167.72777395000014,150.8294064999999
2814,118,185.09788622500014,171.2318258999999
2815,118,186.06682770000015,168.37666880000003
2816,118,279.5679328250002,224.05147515
2817,118,213.0293208500002,244.99908932499997
2818,118,309.7211341,295.61552304999987
2819,118,227.56861265000026,272.9368830999999
2820,118,290.25978887500014,272.383206625
2821,118,277.31243422500035,269.5168064999999
2822,118,254.6936299250002,246.308202525
2823,118,248.45340132500021,250.92630084999993
2824,118,271.8912104500004,299.55091242499986
2825,118,170.5841126750002,213.37488692499994
2826,118,210.96295805000022,290.0094819249998
2827,118,250.18134452500038,248.97239597499993
2828,118,258.447709225,198.70882882500013
2829,118,242.51318565000005,223.13983112499994
2830,118,211.35826602500012,265.67789102500006
2831,118,231.7228040500001,211.47206157499994
2832,118,197.6741832,190.23209077499985
2833,119,171.41250735000006,177.69784532499992
2834,119,164.9867314,122.2039608
2835,119,135.89286860000007,138.59310394999994
2836,119,116.9576208250001,161.25194472499993
2837,119,163.48035012500011,170.8539189999999
2838,119,154.87947277500012,174.7661492499999
2839,119,209.29711922500013,171.67129577500003
2840,119,221.53392470000034,220.806336075
2841,119,319.73839065000004,208.56035022499978
2842,119,285.56757945,235.37952664999986
2843,119,247.99324265000035,284.5826632499998
2844,119,284.73651214999995,285.3727464
2845,119,238.58184055000004,307.59028215
2846,119,224.76214200000024,299.04429734999997
2847,119,241.00194465000004,312.15783739999995
2848,119,232.89331277500017,297.876807075
2849,119,292.4165693000001,245.93041457499996
2850,119,201.1363539000002,263.0053503999999
2851,119,249.17625442499997,295.2331587
2852,119,302.4560118000001,242.92769974999985
2853,119,309.47945055000014,193.71508004999998
2854,119,278.5231967250002,268.4577302999998
2855,119,239.21196500000013,198.6373645999999
2856,119,227.41825165,178.26202395
2857,120,170.73513179999998,144.07394849999997
2858,120,175.90167500000013,132.08275987500002
2859,120,151.30952069999995,139.25416909999998
2860,120,143.7753626750001,142.05483025
2861,120,164.80916007500014,155.973071025
2862,120,168.80397789999995,171.135757275
2863,120,183.26437495000005,197.34693012499997
2864,120,207.54958762500002,237.90576339999973
2865,120,261.2480437999999,267.77640102500004
2866,120,279.8076583250004,303.8057117749998
2867,120,215.4496441750003,323.717496925
2868,120,229.4435095500001,346.297365775
2869,120,316.36282122499995,339.74896999999976
2870,120,250.02862267500024,345.31633324999984
2871,120,315.6449362000004,360.3734003999999
2872,120,250.73481410000005,342.0127197999998
2873,120,302.47315679999997,316.65211452499994
2874,120,284.77690830000023,281.0378707750001
2875,120,218.3453534250002,266.20948739999994
2876,120,226.79451210000036,242.59864704999995
2877,120,269.4047075000003,321.17373662499983
2878,120,291.2898513250003,329.1415224499998
2879,120,216.37630517499997,272.56277575
2880,120,244.18303147500046,233.33434177499993
2881,121,190.15356017499994,182.74165840000003
2882,121,168.54810982500024,224.74092410000003
2883,121,172.2709914,162.50827760000007
2884,121,181.2245154250001,212.19034094999995
2885,121,199.4188800000003,183.76405852499994
2886,121,171.71796535,216.18219820000002
2887,121,179.15495837500015,243.22540120000008
2888,121,229.85311925000025,305.79168434999985
2889,121,265.54424604999997,274.8878973499997
2890,121,266.15682072500005,309.52780025
2891,121,265.19992030000003,279.71576142499987
2892,121,287.9734773499999,281.86864904999993
2893,121,250.80585292500018,288.3831768
2894,121,246.48090047500034,317.184610675
2895,121,267.1036005750004,379.0587144499997
2896,121,305.4655483750001,325.39603982499995
2897,121,262.80050010000014,211.21219347500005
2898,121,194.89714310000005,238.84850185000016
2899,121,223.47496810000018,272.5683120499999
2900,121,247.59853100000012,240.31992840000004
2901,121,248.1182197000004,262.1345350250001
2902,121,225.47539725000036,267.2972477249999
2903,121,205.4513112000002,248.69743469999983
2904,121,200.91228517500002,214.54659972499994
2905,122,211.07183347500023,205.00516977499998
2906,122,171.2616814000001,181.245754375
2907,122,163.8767999750001,145.64855989999998
2908,122,171.31473127500007,151.84315999999995
2909,122,158.80671462499993,182.74982647500002
2910,122,206.10943332500017,167.34815592499996
2911,122,266.37395755000017,199.75659252499992
2912,122,233.3611708250005,237.45849049999993
2913,122,273.81652465,269.5890506249998
2914,122,307.5970810000002,304.14950527500014
2915,122,304.6944588750001,329.3246751500001
2916,122,361.329821075,363.48023279999995
2917,122,265.1013562500001,288.7285964
2918,122,292.8556834500001,287.425218125
2919,122,253.95712182500012,265.49732102499985
2920,122,257.47765910000015,225.34376565000005
2921,122,318.00776475,278.4921459
2922,122,283.27823915000016,244.02026557500002
2923,122,237.0205690500002,262.77487767499986
2924,122,259.9191287750001,247.54465057500005
2925,122,225.756179425,202.59870177499994
2926,122,247.45762247500016,212.12543429999988
2927,122,185.35848765,205.28368054999999
2928,122,152.71276122499998,192.23256772500002
2929,123,158.44440352500007,197.82995277499992
2930,123,138.78658552500016,161.28657032499996
2931,123,121.44808110000005,146.85109932499998
2932,123,168.17658120000002,161.3032819999999
2933,123,138.40126837500003,189.82522645
2934,123,199.6275196000001,214.4708898
2935,123,157.70717620000016,260.9609608000001
2936,123,216.17735149999996,262.20822432499995
2937,123,254.9888921250002,246.0742608
2938,123,302.69967847500027,257.0623460500001
2939,123,373.29011884999994,245.40595527499988
2940,123,351.6415287500002,278.4448580999997
2941,123,384.1587343500002,305.21096839999984
2942,123,316.7921472000001,205.078396875
2943,123,296.9122958000002,229.15843345000013
2944,123,270.6581288750001,211.81852399999985
2945,123,300.168880875,239.19389630000003
2946,123,295.433318375,246.48952507499985
2947,123,261.1731486750003,251.56483007500012
2948,123,236.23293434999982,269.1208934250001
2949,123,218.24986910000024,258.0664333749998
2950,123,231.40464325000008,231.996375425
2951,123,230.34322217500002,212.52799747499998
2952,123,233.3211025000002,214.76750320000008
2953,124,175.04975892500022,150.58534424999993
2954,124,169.25127935000012,145.94350749999992
2955,124,163.20622282500017,147.51005327499996
2956,124,169.6682680500001,150.19497115000001
2957,124,174.04230257499998,159.85644785
2958,124,195.44960554999997,149.3001720499999
2959,124,225.0854372250002,214.29286242499998
2960,124,217.79070855000018,188.2065657
2961,124,256.2855475750002,282.28480727500016
2962,124,276.11755750000003,241.69457982500006
2963,124,271.49570265000006,252.27951262499982
2964,124,286.737162325,254.43416127499984
2965,124,235.94202395000022,261.38245152499996
2966,124,233.83695650000016,225.63492107500008
2967,124,242.3523418750002,306.59943832499994
2968,124,270.65578457500015,246.89057752500003
2969,124,215.31416334999994,274.8744191
2970,124,255.325272575,245.25066619999996
2971,124,286.6437052750003,290.69425402499974
2972,124,254.55575002500012,308.29972337499976
2973,124,246.98623962500008,253.94833164999994
2974,124,278.77462822500013,210.16264287499996
2975,124,244.65363300000007,183.51698692499994
2976,124,205.89973012499985,194.62434365
2977,125,199.8660216,155.09700492500002
2978,125,193.46238284999998,149.92725397499999
2979,125,185.4407174750003,130.726726725
2980,125,155.43495295000002,155.71061009999994
2981,125,163.50020710000015,195.01218085
2982,125,165.60082847500001,158.83550900000006
2983,125,195.51621182500008,216.1114987999999
2984,125,210.270752475,226.74476457499995
2985,125,225.91339887499993,268.59790702500004
2986,125,288.5029475250002,277.5450354249998
2987,125,253.57967597499996,292.28991095000003
2988,125,296.3901681750002,268.99510719999995
2989,125,268.03526047500014,282.8662794249999
2990,125,292.34803675000006,241.0163682249999
2991,125,281.95561517500056,276.56104717500006
2992,125,236.7105906000001,230.95618849999994
2993,125,178.9874319500002,290.87205105
2994,125,272.1589937000001,262.917950675
2995,125,250.27939417500005,219.13823479999996
2996,125,273.62135447500003,216.95614847499996
2997,125,221.2935321500001,203.80042912499994
2998,125,222.04683697500005,224.42689942499993
2999,125,234.22728027500017,190.56427847499992
3000,125,142.83126775000008,204.40474579999994
3001,126,135.81207155000007,177.11115242499997
3002,126,140.76464895000015,149.2438019749999
3003,126,153.70200100000005,141.40705925
3004,126,172.91488395000005,175.96873037499998
3005,126,143.49571837500002,164.80585997499992
3006,126,178.53567582500023,186.41796614999998
3007,126,187.99641797499984,176.9915917249999
3008,126,224.1655639,205.2167475999999
3009,126,221.06469932499988,210.74211487499988
3010,126,262.96680340000034,242.29899527500004
3011,126,278.70370164999997,271.8842855249998
3012,126,261.05642814999993,263.29734617499986
3013,126,283.5445938500001,242.71060082499986
3014,126,276.29268875,224.80821614999985
3015,126,283.7513695,194.82496402499993
3016,126,250.33739237500004,164.4451575
3017,126,252.78415602500013,207.6606953
3018,126,233.12937020000015,215.44650912500012
3019,126,246.155193525,209.72127044999993
3020,126,230.65275985000022,290.3669697999998
3021,126,248.33615287499993,274.05891974999986
3022,126,262.6497809,186.269645425
3023,126,217.64064505,199.7098633249999
3024,126,147.96832230000018,178.09602354999996
3025,127,153.25270757500004,172.26602107500003
3026,127,168.56139082500005,159.07736764999999
3027,127,159.844064425,118.66375139999997
3028,127,160.13853427499998,162.8213891
3029,127,156.77755587500002,137.78239859999996
3030,127,216.2345603500001,156.732417875
3031,127,234.76865440000006,177.9038096499998
3032,127,202.6138319249999,232.37172820000004
3033,127,241.4684158750003,255.69848577499994
3034,127,278.12537072500015,281.484619
3035,127,287.48837184999996,279.64185950000007
3036,127,275.2257765000001,373.98993649999994
3037,127,321.9147872500009,409.0678046499998
3038,127,327.3502394750004,412.8553313749999
3039,127,330.85027532500044,335.6012901
3040,127,339.610206225,273.33315824999977
3041,127,331.3784576250001,288.53492835000003
3042,127,300.4636843500003,245.69550795000012
3043,127,285.42264119999993,234.9948039749999
3044,127,340.51100995000036,246.38496317499988
3045,127,329.9628738000003,294.5917212999999
3046,127,285.863015,284.65502460000005
3047,127,286.55422802500004,259.1633179749999
3048,127,215.2122537750003,226.06984927499994
3049,128,151.5173818750001,154.30074024999988
3050,128,143.17029950000003,162.48443714999996
3051,128,117.56386842500001,154.37035242500002
3052,128,150.61607332500006,122.84349877499997
3053,128,146.58062935000018,137.5914654750001
3054,128,191.98848957499993,198.45831749999988
3055,128,267.26837357500006,189.04178942500002
3056,128,260.65244610000013,264.1965656
3057,128,242.7110474249999,306.055575075
3058,128,335.5737921500002,247.8388385500001
3059,128,294.1966124000001,242.21611512499987
3060,128,290.75612262500044,269.95239014999987
3061,128,308.64936412500015,280.28216837499997
3062,128,362.9060210750001,329.36493894999984
3063,128,351.42798240000013,285.6148305249999
3064,128,315.63469725000016,259.27921512500006
3065,128,304.8691482250001,314.917137875
3066,128,341.9797189000001,253.55794957500007
3067,128,294.7130572750001,265.5567417249998
3068,128,247.43635332500014,281.37821467500004
3069,128,260.35415300000034,248.89464209999983
3070,128,257.4511915000001,202.4594557749998
3071,128,231.1151715000001,210.513915325
3072,128,189.06384565000027,228.81741647499982
3073,129,188.75910992499993,178.94340644999994
3074,129,166.04236982500004,188.50503009999997
3075,129,150.04360137500004,222.04346132499995
3076,129,169.09784387500014,214.05194665
3077,129,169.3418161,169.6920424
3078,129,175.88044319999995,196.85864919999995
3079,129,230.6934878749999,197.8576865999998
3080,129,227.318531025,244.48149134999997
3081,129,310.4680163750003,241.7064186500001
3082,129,323.87814352500027,342.434113775
3083,129,306.5371703500002,392.23684749999995
3084,129,360.0621178250003,369.96297590000006
3085,129,342.9577226500004,352.57395374999993
3086,129,294.8062643250004,273.968988375
3087,129,322.69010652500003,326.9471562500001
3088,129,358.244213675,297.880536475
3089,129,378.07006352500014,374.501427575
3090,129,310.9700504000001,356.66994627499975
3091,129,258.78424925,298.40794844999994
3092,129,248.5954653000002,328.77971527499983
3093,129,299.06376855000013,310.69253615
3094,129,317.7452541000001,248.600159975
3095,129,236.3447441250002,256.8264214999999
3096,129,198.62430870000009,216.12577722499978
3097,130,208.2710676499999,138.54711969999994
3098,130,172.02596565,153.75494019999996
3099,130,160.4476224750001,195.38285835
3100,130,188.98384367500003,194.38115904999995
3101,130,194.42281944999993,185.05269907500002
3102,130,239.97058844999998,216.49193144999995
3103,130,241.5756799500001,198.30628047499982
3104,130,233.53158955000015,230.05380717500003
3105,130,293.6966019000002,238.57881947499982
3106,130,221.89705562499998,319.38700822499993
3107,130,245.05855797500016,344.91232817499997
3108,130,263.647631125,369.3971026249999
3109,130,272.75040482500003,326.42396307500013
3110,130,304.13693972500033,313.1237801499999
3111,130,377.79950365000036,273.09759035000013
3112,130,263.71629447500015,296.206341675
3113,130,257.2656005250001,293.1746195249998
3114,130,289.787367475,311.27273795
3115,130,292.0417026750008,371.371278275
3116,130,302.4402827,289.45298590000004
3117,130,262.4685325250002,270.71807059999975
3118,130,222.74357704999994,232.92061452499985
3119,130,248.5087294000001,233.67115712499992
3120,130,176.37718552499985,206.31473119999993
3121,131,189.17818912500007,153.23516639999997
3122,131,160.3599036750001,153.93588570000003
3123,131,145.1935502,148.45163579999996
3124,131,168.3255343250001,160.05921712499992
3125,131,134.112724725,171.809501975
3126,131,181.89196544999996,201.7207316749999
3127,131,190.18067840000015,278.64880275
3128,131,206.5708413000001,175.62948892499992
3129,131,318.664463875,240.47804017500007
3130,131,326.2156825500001,292.217382025
3131,131,329.39682110000024,283.3214207999998
3132,131,351.9584938000003,328.6600210499997
3133,131,223.30728777500036,323.08615679999997
3134,131,268.52375235000017,298.65380879999975
3135,131,258.0177302250001,278.85541075000003
3136,131,267.24535530000026,285.6583923749999
3137,131,273.87124674999995,246.53643054999998
3138,131,297.40380355000036,262.72999372500004
3139,131,282.32306085000016,196.13849635000014
3140,131,276.8868136250002,283.18047644999984
3141,131,262.3928647250006,319.7814661000002
3142,131,251.03932754999994,309.41461109999983
3143,131,183.40246119999995,257.125000125
3144,131,179.91960185000016,180.92582449999998
3145,132,185.61831970000003,138.25911447499993
3146,132,204.06195700000006,178.646811975
3147,132,198.765563525,160.95172989999992
3148,132,190.228026875,161.67557262499994
3149,132,199.17895364999995,195.43452807499992
3150,132,182.91428264999996,161.55984310000005
3151,132,181.13265480000035,184.1400881999998
3152,132,206.44208037500005,209.64784562500006
3153,132,239.604527125,255.4039364749998
3154,132,232.35161770000002,269.7485219
3155,132,286.7470493500002,266.460589125
3156,132,286.32306729999993,282.53636064999984
3157,132,265.4801848500001,296.00246737499987
3158,132,279.963325475,268.0852747999999
3159,132,284.8196292999998,279.5810192999999
3160,132,284.32092590000025,261.886801925
3161,132,270.9983974250002,271.34847160000004
3162,132,251.94213812500016,254.52816684999982
3163,132,215.5574026750001,269.2748414249999
3164,132,272.9157316750001,333.93878305
3165,132,288.0560489250001,278.1641732749998
3166,132,226.75578844999995,311.49285867499987
3167,132,251.27136234999992,264.2264911499999
3168,132,261.5415598500001,221.55229490000005
3169,133,183.570407525,187.43402372499997
3170,133,153.59005087500006,209.32238469999987
3171,133,151.70625442500003,245.03820982500002
3172,133,129.65127915,212.46037549999988
3173,133,137.43354155000003,189.54780824999992
3174,133,158.8093373500001,192.2130659999999
3175,133,171.65628020000008,182.69644207499988
3176,133,181.66271510000007,252.59238434999997
3177,133,257.77340892500035,260.362259525
3178,133,285.1028620499999,270.83788565000003
3179,133,363.1689583499999,261.2261702499999
3180,133,342.7737360000001,211.92313542499983
3181,133,301.83686987500005,263.5154766749997
3182,133,306.1296380250002,324.1240950749999
3183,133,259.3247714499999,238.47593689999988
3184,133,319.1736950000001,215.43794257500002
3185,133,264.52903667500016,248.94054669999997
3186,133,276.1488554499998,300.93419327499987
3187,133,265.91806999999994,299.96100159999986
3188,133,271.68343695,254.71851744999995
3189,133,311.01367815000003,298.72201184999983
3190,133,243.35081334999995,226.28608374999996
3191,133,205.65243672499997,217.65093554999993
3192,133,198.68128850000008,175.92948687499998
3193,134,164.632556075,217.91432715000002
3194,134,193.07355762500003,158.7613436750001
3195,134,153.483632075,138.36102032500003
3196,134,171.28751687499994,144.21984654999994
3197,134,186.2172345250001,197.20881582499993
3198,134,189.51449510000018,194.223922975
3199,134,181.72843345000015,218.03726634999998
3200,134,263.92759054999993,240.91214314999996
3201,134,260.3700600749999,335.57134675
3202,134,323.17244009999985,301.6633607000001
3203,134,302.11439494999996,346.8303790749999
3204,134,317.6626359750002,318.99231587500003
3205,134,326.983266675,320.4827228499999
3206,134,327.85995777500057,334.87606837499993
3207,134,335.16984785000005,287.44795035000004
3208,134,421.74550017500053,328.34465702499983
3209,134,313.560543875,332.0085191500001
3210,134,310.0109316750004,322.06864714999995
3211,134,343.0544386250003,301.517172425
3212,134,367.25588540000007,347.82752067499985
3213,134,280.08317034999993,362.5179745250001
3214,134,255.15913525000013,293.87652127499973
3215,134,197.72479937500003,240.30765577499997
3216,134,222.010604275,217.88051699999994
3217,135,166.74461229999997,179.41888575000002
3218,135,140.36854652499997,162.04342602499992
3219,135,124.26534062500014,145.9077551
3220,135,143.9212984250001,179.01830677500004
3221,135,144.79150462500007,267.7718975499999
3222,135,212.91722745000015,215.23134212499986
3223,135,197.657066275,234.9121765250001
3224,135,248.9173284499999,258.42229137499976
3225,135,300.8430342000004,222.5703631
3226,135,297.0513597999999,299.51454969999986
3227,135,275.1384051000002,333.51132377499994
3228,135,313.78337972500003,269.239429975
3229,135,267.47284817500014,266.3878457249999
3230,135,394.4141139000002,402.0541960249998
3231,135,289.52591505000015,301.24142095
3232,135,331.09247937500015,306.11579467499996
3233,135,316.62189912500014,262.24446045
3234,135,215.80384972500005,309.95962699999995
3235,135,243.8894618500001,353.0479140499998
3236,135,282.0864809000004,305.9479908249998
3237,135,257.4654582499999,258.462822575
3238,135,265.1658746500002,205.2636316749999
3239,135,225.75435854999995,246.76120479999994
3240,135,201.78550994999998,197.57041852499995
3241,136,172.26265087500008,147.62463765
3242,136,156.282752625,155.19703390000006
3243,136,198.24910875000023,159.287253825
3244,136,212.14421407500015,193.37158775000003
3245,136,217.7122263000001,166.06066177499986
3246,136,241.7702641000003,217.85765904999994
3247,136,229.6130907500001,209.8603152749999
3248,136,261.74931377500036,255.55948922500005
3249,136,302.2791375500004,344.33691409999983
3250,136,338.84131679999996,255.48180064999994
3251,136,326.9147091,284.3220578250001
3252,136,349.95576507500016,323.04208135
3253,136,292.0865987250001,271.6074894249998
3254,136,332.90571022500063,319.1114157749999
3255,136,381.3138397500001,382.99223007499995
3256,136,352.5301321000002,319.00721767500005
3257,136,367.8919779000002,384.363976725
3258,136,356.30045077500006,279.78691225
3259,136,265.6841968250002,296.8743186749999
3260,136,308.58035755000003,320.85215335
3261,136,288.316837125,232.9555786749999
3262,136,260.81703689999995,237.65781582499997
3263,136,197.980738525,236.3658926499998
3264,136,199.8817444000001,186.36319317500005
3265,137,218.42160257500038,173.53770754999996
3266,137,132.2413995,187.4965686999999
3267,137,224.367128575,186.5913145249998
3268,137,168.435774675,181.79809700000007
3269,137,203.93844327500005,182.59855344999994
3270,137,259.81344570000033,227.97366714999998
3271,137,257.33386985000027,233.32281462500003
3272,137,299.05919507499993,229.32436322499998
3273,137,327.540938,248.20283954999985
3274,137,338.8133258250001,311.6849036749999
3275,137,362.3386906250003,323.9850029749998
3276,137,390.765776825,289.9976596250001
3277,137,434.4950228750005,315.1464697750001
3278,137,354.28479445000033,302.6815624999999
3279,137,355.16263037499994,329.74167387499995
3280,137,339.101198675,331.0624962500001
3281,137,381.1875735750003,369.2420970749998
3282,137,290.05450617500003,295.177953225
3283,137,283.7718615249999,321.78704260000006
3284,137,241.55087064999995,372.47707764999956
3285,137,270.384134775,237.30536747500008
3286,137,238.59188610000015,228.16401449999995
3287,137,178.22536207500002,194.55599699999988
3288,137,217.42465175,176.42401382499997
3289,138,174.11302659999998,181.05591635
3290,138,139.79256507500006,160.3700911749999
3291,138,186.51132535000025,188.57610985000002
3292,138,202.2271999250001,178.86965917499998
3293,138,175.10114119999994,184.43452187499997
3294,138,157.7013024750001,199.21554327500002
3295,138,248.65770055000002,238.40219287499997
3296,138,236.72745815000013,256.86094755
3297,138,313.7593022500001,260.0205108500001
3298,138,287.7548269250004,262.30181607500015
3299,138,384.82561269999985,287.79539449999993
3300,138,333.47874945,303.606993375
3301,138,315.709597175,338.13384665
3302,138,286.41991385,310.21996427500005
3303,138,302.5477759000002,296.61456447499984
3304,138,308.88385777500037,373.125214425
3305,138,295.2196796249998,298.7499741749999
3306,138,318.69988509999996,312.1680671249998
3307,138,298.92310712500006,290.530055275
3308,138,324.1645087500006,273.1833759
3309,138,243.3549308250001,244.294039875
3310,138,241.59321582500002,253.47597857499983
3311,138,202.32174272500015,236.6805366999999
3312,138,210.80926405000014,194.39417367499985
3313,139,164.80012599999998,126.86768837499997
3314,139,145.34669529999996,151.75804509999998
3315,139,134.04202205000016,151.77065955
3316,139,149.54853767500003,154.26807515000002
3317,139,139.30098442500005,198.6830341
3318,139,152.64807227500012,204.56806525000002
3319,139,167.75832192500008,204.196974625
3320,139,202.59347947500004,218.73044317499978
3321,139,244.19528364999996,274.5198526999999
3322,139,280.61428405000004,277.2700788750001
3323,139,333.3709253500001,236.76827172499992
3324,139,330.8328977750001,256.069505775
3325,139,316.52077154999995,248.68677712500008
3326,139,288.5217940500001,261.2896214249999
3327,139,291.0602057250001,269.1358821999999
3328,139,276.44654212499995,255.08996284999992
3329,139,297.35687550000006,261.74690319999996
3330,139,297.9703542500001,223.65132279999992
3331,139,253.56771650000013,256.2595332
3332,139,284.16001229999995,275.9214601749997
3333,139,267.9457347250001,248.95273435000007
3334,139,290.84380222500016,252.14355534999987
3335,139,225.60038282500017,263.46813927499994
3336,139,168.66015552500005,212.71757215000002
3337,140,189.69509847499992,166.66572887500004
3338,140,167.15065504999995,143.638679675
3339,140,154.77160959999998,155.05149827499997
3340,140,132.98465157500002,189.19023497499998
3341,140,142.35252600000004,205.1452426499999
3342,140,187.39827612500014,172.79117825000003
3343,140,135.615327025,177.4592836249999
3344,140,147.09708045000013,198.37171655000003
3345,140,253.52382855000036,242.8890359499999
3346,140,224.46681562500004,250.30876117499994
3347,140,319.89934042500005,254.85359419999972
3348,140,246.55513384999995,247.53671727500011
3349,140,193.53605445000028,255.89319875000018
3350,140,310.12789005,252.14564167500004
3351,140,275.0632630250003,283.31078004999966
3352,140,300.74322092499995,235.32475252499995
3353,140,379.50549502500013,256.4002748250001
3354,140,332.5746677249998,313.02992452499996
3355,140,415.34772265000015,247.90066367499998
3356,140,259.21075025000044,307.97912922499995
3357,140,298.8712411,268.71134865
3358,140,235.87637367500002,253.02183637499996
3359,140,172.87728517499986,214.5269093
3360,140,208.74367575000008,216.71155302499983
3361,141,148.52126097500008,154.29879225
3362,141,153.68220187500003,161.03203392499998
3363,141,152.8513653,177.26694622499994
3364,141,151.02998247500017,184.91509379999994
3365,141,198.8017355,204.06378185000005
3366,141,229.36406592499998,190.36056945000007
3367,141,214.0413540250002,218.90729779999992
3368,141,238.76689315000021,244.2702061750001
3369,141,296.39498595000015,322.87549809999996
3370,141,299.99050307500016,313.617316875
3371,141,333.0838974500001,283.06584302499994
3372,141,316.6359173750002,337.99817179999985
3373,141,359.31096712500016,332.57132917499996
3374,141,340.93653252499996,376.4226966999999
3375,141,331.39668444999995,368.24511300000006
3376,141,330.62943682500025,373.15481517499984
3377,141,325.29378495000026,330.7866518249999
3378,141,349.21573475000037,342.5937782999998
3379,141,225.08787392500005,304.23251192500015
3380,141,315.01375782500025,365.05398849999995
3381,141,355.6427674000004,336.80355762499994
3382,141,299.61607612500006,308.549739575
3383,141,281.81531580000023,301.08203734999995
3384,141,258.18020785000016,230.56447682499999
3385,142,170.96588499999993,157.4163316999998
3386,142,166.05391917500015,157.35746407499997
3387,142,179.30933920000012,133.745754775
3388,142,186.88789642500004,143.28506664999995
3389,142,200.79950264999997,185.79875539999998
3390,142,212.3327539499999,193.93466692500004
3391,142,249.350608025,189.33297159999995
3392,142,229.69939475000012,292.8532245
3393,142,292.59281062499997,249.41150149999999
3394,142,337.65064412500055,332.1854250999999
3395,142,337.37127017500006,325.25080514999996
3396,142,372.6811469250001,286.7134336749998
3397,142,325.29413585000015,327.0921601749998
3398,142,293.48238182500006,460.93238584999983
3399,142,305.96067685,402.38697965000006
3400,142,330.68622230000017,398.22117617499987
3401,142,319.8961690000001,277.05239385
3402,142,275.96490842500015,277.8372875250001
3403,142,356.4853612000001,287.5554464249999
3404,142,315.9950597250001,307.1367885249998
3405,142,331.10026855000035,335.46563252500016
3406,142,277.9058300500004,249.18713845000002
3407,142,277.9238391,205.65309912499993
3408,142,242.690628625,197.52890522499996
3409,143,179.75217787500003,211.42600507500003
3410,143,179.42826655,191.5597831999999
3411,143,182.81157855000006,194.52991392499996
3412,143,236.43496917500022,174.943418975
3413,143,198.0235039750001,208.69630042499998
3414,143,169.81997090000016,159.52030377499997
3415,143,208.82329157500016,280.9616023
3416,143,263.31484720000003,263.1028697249999
3417,143,256.5081354750001,292.2332785499999
3418,143,322.72572207500025,299.081256075
3419,143,388.8083361250002,258.1433038250001
3420,143,358.38915642499995,299.05442234999987
3421,143,347.23299962500033,379.11156512499986
3422,143,315.64080732499997,331.44899177499997
3423,143,313.8324579500001,340.9615842500001
3424,143,281.6255631000001,293.98245447499994
3425,143,323.20692780000024,295.1005359750001
3426,143,282.7496196000003,305.6777152749998
3427,143,261.72686335000014,287.9622959999999
3428,143,280.9924583500004,284.7673164
3429,143,254.93806634999999,259.55627235
3430,143,215.8502413500001,260.531645275
3431,143,198.20488567500024,218.81811092499993
3432,143,245.5180937000003,194.29741904999997
3433,144,201.54096969999995,204.6805711
3434,144,133.42152542499997,173.48459775000006
3435,144,159.65842157500026,141.477657175
3436,144,150.4290978,168.44241892500003
3437,144,148.81819519999993,188.66629692500007
3438,144,211.1292728000002,210.2822157
3439,144,160.59611732500014,244.6722740749999
3440,144,215.02975150000006,283.2988317749998
3441,144,213.36194447500026,322.75015002500004
3442,144,314.07875225,317.63991097500013
3443,144,284.0763881500006,322.87375739999993
3444,144,339.02496329999997,307.90991882499986
3445,144,334.61294819999983,285.8402897000001
3446,144,362.5705186749999,354.871784
3447,144,317.1980544500002,285.12952062499994
3448,144,276.93458135000026,395.83366424999986
3449,144,232.41000725000012,298.06074369999976
3450,144,309.18409502500026,281.97551314999987
3451,144,267.1304191,274.12597304999986
3452,144,294.95666795000034,323.15124927500005
3453,144,258.46745610000016,254.01628634999997
3454,144,223.48437047500016,262.14396015
3455,144,260.23281892499995,235.64354397499983
3456,144,212.0057874,226.29018935
3457,145,205.30332844999998,222.12637605000003
3458,145,191.77849515000005,206.29073087499995
3459,145,200.7810516,175.8618400499999
3460,145,200.89997720000008,144.93746382500007
3461,145,205.16152627500009,190.381675675
3462,145,172.3022922,175.45804117500006
3463,145,167.12005124999988,184.08257100000014
3464,145,234.24093929999992,185.6043384499999
3465,145,311.731937025,229.99271182499993
3466,145,280.7323326999999,224.15025830000002
3467,145,333.50824895000005,278.58365639999994
3468,145,283.54716357500035,292.4407669249998
3469,145,260.40954997500006,267.43745932499996
3470,145,315.55236382500004,304.6493893499999
3471,145,274.2832197250002,251.515887125
3472,145,278.30750907500004,304.79415642499987
3473,145,281.2788635250002,313.7915055749999
3474,145,238.15759377499987,305.294791875
3475,145,225.01317400000002,291.220301675
3476,145,250.81880485000005,238.97650217499995
3477,145,235.87906657500014,209.370925275
3478,145,211.1050848000002,201.35734587499996
3479,145,196.14573462500005,216.96782809999996
3480,145,179.5849797250001,206.5625435
3481,146,151.45580605000004,148.41216615000008
3482,146,183.67982947500002,161.157027675
3483,146,188.34865932500014,144.07447727499988
3484,146,202.19101397499998,135.3607474
3485,146,171.17682770000002,130.15610494999987
3486,146,167.21552342500013,153.62947042499997
3487,146,169.53814282500008,180.4284944499999
3488,146,240.76643560000008,228.58777167499983
3489,146,260.9431965000002,280.3092360249999
3490,146,294.9096354500001,279.6351266250001
3491,146,289.2349871000002,247.46834827500012
3492,146,263.4579326500002,303.27615875000004
3493,146,280.109276075,238.18285997499984
3494,146,236.04242362500014,222.78444547499993
3495,146,235.886341125,256.29168764999986
3496,146,228.59496454999993,254.5355787499999
3497,146,250.83367665000017,281.4073542
3498,146,208.37210467500012,240.5796684500001
3499,146,197.77471237499992,171.26306765000004
3500,146,206.45568962500028,160.2898515000001
3501,146,222.91450750000027,156.35452600000008
3502,146,208.38274687499992,174.4109601
3503,146,214.1977786250003,194.27488720000002
3504,146,209.1616219000001,156.3541222249999
3505,147,158.4237834,170.6050559
3506,147,150.81135787500006,179.28451907500002
3507,147,123.09125380000009,135.41811150000004
3508,147,128.15084587500004,146.81012914999997
3509,147,144.47886187500018,174.8086164
3510,147,180.8056862000002,164.02260262500002
3511,147,191.70799330000006,162.98835102499993
3512,147,143.8531383250001,225.46319929999993
3513,147,183.06559809999993,239.59922895000005
3514,147,222.22278742499992,269.35876614999995
3515,147,243.28765675,296.9327866499999
3516,147,266.46504000000016,314.3772141500001
3517,147,242.53852265000006,278.89272982500006
3518,147,197.449326875,232.2916421499998
3519,147,208.53624230000014,267.8534501249999
3520,147,200.37023372500022,308.63595432499994
3521,147,203.69692510000016,251.20352927499994
3522,147,244.03251855000008,219.5284222500001
3523,147,235.97576639999997,206.38611990000007
3524,147,215.28221522499996,224.17519795000007
3525,147,279.80172559999994,273.964176275
3526,147,209.36908677499997,318.42212055
3527,147,203.05341457500023,199.03523909999996
3528,147,233.43375085000017,163.38684542500002
3529,148,163.2323011500001,166.53145002499997
3530,148,120.5216123250001,169.27645699999997
3531,148,120.08495025000008,132.510177
3532,148,132.3101763250001,118.63031989999993
3533,148,192.4000824500004,191.60032305
3534,148,198.4737722250003,190.52493545
3535,148,272.6741598750002,176.79189019999995
3536,148,250.66689045000024,222.95106605
3537,148,277.2829841500003,199.26362712500003
3538,148,251.52949155000016,215.57514672500002
3539,148,249.9119402000003,190.90563089999995
3540,148,238.50599087499995,264.0381484499999
3541,148,291.6007296749999,267.4014784999997
3542,148,266.84089587500006,209.85305899999997
3543,148,236.633515875,278.867247925
3544,148,335.4623208250001,241.80645415000004
3545,148,269.9354647250002,263.31128202499985
3546,148,273.8759281250001,236.44727445
3547,148,313.776774375,201.04987462500003
3548,148,242.18059912499996,231.83940505000015
3549,148,205.06984502500006,251.21461110000018
3550,148,238.20323782500014,261.9648659749999
3551,148,206.6676517250001,220.960251825
3552,148,213.47472607500004,171.9824781499999
3553,149,153.81881122500008,160.09471647499998
3554,149,138.86752239999998,157.5339863000001
3555,149,203.93441112500008,161.38375922499998
3556,149,178.82297215000003,169.86400492500007
3557,149,215.12846902500004,214.8119186
3558,149,207.15714072500032,170.99609147500001
3559,149,224.81833595000018,246.838449
3560,149,221.8527693,227.6227123
3561,149,225.91049695000024,275.89447952499984
3562,149,258.1971005250003,365.7819271249999
3563,149,227.72638037500005,282.7805489249999
3564,149,352.0245663250002,287.2959937000001
3565,149,320.9514472750002,364.9675297499999
3566,149,308.14220042500017,335.42376104999994
3567,149,364.03982095000015,312.37878632499996
3568,149,416.00633722500027,289.77397080000003
3569,149,396.1783735250002,312.3214598499999
3570,149,295.1634326000001,291.39577599999996
3571,149,305.4423357750002,331.3428382250001
3572,149,291.310356475,342.0884642249998
3573,149,297.4484365500002,245.8459339749997
3574,149,319.76548760000054,287.3651206249998
3575,149,283.64107190000004,251.640656175
3576,149,225.81995352500007,207.71717017499998
3577,150,188.32049754999994,201.98415359999987
3578,150,147.813807,141.4519325749999
3579,150,158.83170067500004,150.7029011249999
3580,150,174.01647169999995,174.633239025
3581,150,202.14557202500004,164.56418164999994
3582,150,234.5808372750001,215.4091634
3583,150,190.45056767500006,210.41555462499997
3584,150,217.35562810000016,208.8261358000001
3585,150,265.9527648000002,238.73416987500002
3586,150,283.163065525,336.109199
3587,150,324.06886227500024,308.08975839999994
3588,150,320.67563612500004,417.99962297499985
3589,150,337.64372085000014,332.13472194999997
3590,150,310.7602935750001,379.06548434999996
3591,150,360.75783657500045,394.37112735
3592,150,332.9158256250002,361.46136472499995
3593,150,304.0621236249999,348.9837809499999
3594,150,343.7460718750002,358.25548279999987
3595,150,323.05771285000003,313.3698274249998
3596,150,284.10455865000046,332.2026326749999
3597,150,266.43776264999997,258.37630509999985
3598,150,210.162161325,240.75245804999997
3599,150,230.26844402500012,251.84472197500006
3600,150,198.66538015,192.92159357499992
3601,151,123.16626280000017,171.80108315
3602,151,142.75648800000013,198.26138367500005
3603,151,124.81522605000004,172.83457324999995
3604,151,185.31420335000004,178.0172308
3605,151,164.79051042500004,186.74735977499992
3606,151,191.05954477500015,222.52572554999992
3607,151,230.53326072500036,184.98044422499993
3608,151,230.8091776999999,251.7366682249998
3609,151,307.85479527500013,296.58497352500007
3610,151,319.09705594999997,269.23260092499993
3611,151,377.6262339500008,318.4176289500001
3612,151,298.2052349500002,293.183978725
3613,151,273.407843425,330.20080384999983
3614,151,261.085887275,393.21965324999985
3615,151,320.26520722500027,356.82439775
3616,151,271.40847510000003,384.1647671999998
3617,151,356.3514201250001,409.45965747499963
3618,151,318.484687925,391.57672985
3619,151,330.5139866250002,401.63284845
3620,151,314.6150650750001,354.86383944999983
3621,151,306.4368731750003,296.329029
3622,151,321.89964632500005,332.45903017500007
3623,151,306.66663495000023,317.87447975
3624,151,277.9919047000002,265.957595575
3625,152,195.6763580250001,219.18244954999994
3626,152,253.52511077500031,211.22155754999994
3627,152,210.3958301249999,213.48966912499992
3628,152,154.6405784000002,194.0932745999999
3629,152,176.14974057500012,171.87367740000005
3630,152,183.5660124250002,222.22745054999984
3631,152,241.33799275,308.86503544999994
3632,152,261.62091359999994,252.19047744999997
3633,152,264.7625372750001,299.8249570000001
3634,152,371.7460467249999,363.722580775
3635,152,304.89149735,306.64954577499986
3636,152,319.74380747500004,341.95745210000007
3637,152,385.71721297500005,345.5401173749999
3638,152,376.11618540000075,408.9283108249998
3639,152,375.0722892500006,405.13065345000007
3640,152,357.25501287500026,351.5202875749999
3641,152,404.812188675,375.00860032499986
3642,152,354.17592642500017,320.673722775
3643,152,275.62970997500014,284.7297448250001
3644,152,252.41405745000006,318.5182848999999
3645,152,330.275497425,310.97111589999975
3646,152,322.6210059750001,335.9341492249997
3647,152,266.3916619500005,307.4255755999999
3648,152,265.62418415000013,245.62700397499975
3649,153,194.8639327999999,200.63315727499992
3650,153,216.29189250000013,225.03781225
3651,153,227.18037230000007,201.44136972499996
3652,153,212.95847662499995,217.46973545000003
3653,153,188.72119932499982,195.49593337500005
3654,153,151.691702975,229.14677999999992
3655,153,217.39768665000003,205.95880392499987
3656,153,168.8185699500002,238.73497085000002
3657,153,257.24965275,271.3086374749997
3658,153,298.26676462500006,345.6318825249998
3659,153,348.43866647500045,323.610882825
3660,153,380.18800772500003,304.01748592499996
3661,153,370.24101720000044,245.98332024999996
3662,153,280.5420638250001,291.53295272499986
3663,153,331.5634806500001,306.920821425
3664,153,234.24089179999982,332.1082669749999
3665,153,269.7750833249999,288.5294208749999
3666,153,278.64219852500014,323.44854635
3667,153,249.712742625,346.5599364
3668,153,229.32324092500008,314.09995697499977
3669,153,246.09074722500003,288.43919495
3670,153,313.120025575,223.02698855
3671,153,264.87436327500006,231.2720762999999
3672,153,244.73434647500005,256.207245125
3673,154,267.30561510000007,269.6968102499997
3674,154,222.7404752250001,256.84233205
3675,154,192.15026890000024,198.348573025
3676,154,190.184867875,173.77532669999994
3677,154,200.7437475750001,169.46889742500002
3678,154,198.65903857499995,149.722836425
3679,154,211.25880317499997,165.3621389749999
3680,154,207.25163089999995,233.69203584999997
3681,154,217.9995785499999,212.881490925
3682,154,335.4601626500001,271.9295065249999
3683,154,294.20428642499996,254.940221075
3684,154,300.18976617500016,294.7116999000001
3685,154,276.96839515,269.56068062500003
3686,154,269.0276632250002,283.0652444000001
3687,154,208.3562162500001,256.67194589999986
3688,154,318.71483022500007,265.857997175
3689,154,280.7938648249999,258.55815614999995
3690,154,297.48123975000044,283.8564648999999
3691,154,258.43955834999997,213.93495072500008
3692,154,326.8956057250002,236.08543514999985
3693,154,330.4324879,247.02754529999999
3694,154,300.5297440250002,222.25619847499985
3695,154,298.2909646000001,215.85833864999984
3696,154,235.3844372750002,170.60862544999992
3697,155,162.50529837500014,127.42020247499997
3698,155,144.10814570000005,129.54568007500006
3699,155,167.371818,165.87029974999996
3700,155,201.4079503500003,161.11821972500002
3701,155,166.2010360500003,187.78806002500005
3702,155,209.8838267500001,208.14245879999996
3703,155,206.66242647500007,232.30956682500005
3704,155,329.34154815,251.00199065000015
3705,155,305.2245442000001,296.7075700749999
3706,155,335.33068460000027,275.59485099999984
3707,155,368.75908612500035,286.0036493499998
3708,155,321.8825843000002,334.0002341749997
3709,155,373.18021742500025,305.6261851249999
3710,155,375.7956198000005,396.60233029999984
3711,155,366.68841235,393.26658547500006
3712,155,336.79882702500004,386.9306751249999
3713,155,320.5754238000003,309.07501269999983
3714,155,285.44504882499996,280.2507221999998
3715,155,309.5846608750003,277.1989161
3716,155,295.92322600000034,276.25837717499996
3717,155,366.24983010000017,296.49810085
3718,155,239.26471587500004,230.51061939999988
3719,155,256.0476843250003,189.24513420000014
3720,155,202.43366047500024,207.95683297499994
3721,156,192.48129815000013,157.7328338250001
3722,156,184.68866362500017,186.26587965
3723,156,167.9888353,140.91778612500005
3724,156,170.82676125000003,139.92248709999998
3725,156,206.56889317500017,190.0230309999999
3726,156,235.66767695000047,195.3664217
3727,156,230.81665730000014,177.97858332499985
3728,156,266.8567826000003,215.88090712500014
3729,156,262.59563400000025,270.1749806999999
3730,156,310.63322195000035,223.94478742499984
3731,156,308.6654276750005,306.22284190000016
3732,156,284.33047207500033,329.1549487749999
3733,156,283.3861122500002,284.91324762500005
3734,156,300.02089417500025,266.08905987499986
3735,156,289.48798995000027,263.48611694999994
3736,156,305.23976822500015,291.15909100000005
3737,156,266.38875980000034,297.1869704749997
3738,156,208.35223974999997,245.57702454999986
3739,156,281.32926542500013,325.52394004999985
3740,156,212.31421432500014,256.6560202999999
3741,156,245.31124012500027,271.3343934000001
3742,156,218.2331053750001,255.96926212499972
3743,156,185.64039277500007,231.68961252499994
3744,156,170.9481897500002,223.230605475
3745,157,156.78867490000016,199.64572364999998
3746,157,163.09641657500003,212.50878074999991
3747,157,136.966366775,225.0872794749999
3748,157,155.88950437499994,187.34619307499992
3749,157,194.41849182500013,190.27597945000002
3750,157,200.69931787500013,183.62669552499995
3751,157,227.49002292500012,258.22455379999997
3752,157,228.86051637500015,226.91112934999984
3753,157,256.1513752000002,268.5523164499999
3754,157,275.19023255000013,314.1517631749998
3755,157,306.495871375,291.30161615
3756,157,364.66106592500023,269.25912880000004
3757,157,381.46867380000003,223.5922746999999
3758,157,294.93069619999994,293.20907999999986
3759,157,310.37629927500063,279.61390444999995
3760,157,339.39860647500063,296.5166843499999
3761,157,311.32767590000014,264.2982613
3762,157,339.58700725000017,299.3740911499998
3763,157,276.2226930250002,267.9275465
3764,157,354.7112160500001,272.73688047499974
3765,157,258.54157444999987,275.1171114749999
3766,157,309.96934945000015,282.2852581749999
3767,157,257.0106917250001,258.69681074999994
3768,157,182.24984465000006,259.77007440000006
3769,158,197.08920325000025,185.80116535000008
3770,158,142.55963327500018,188.15055842499993
3771,158,177.83081375000012,200.09096627499991
3772,158,217.65584870000006,150.30628222499993
3773,158,207.09417217499993,187.16261029999998
3774,158,204.95716712500007,147.4551075
3775,158,222.2763515000001,205.3477815999999
3776,158,249.8849054250001,251.09956074999988
3777,158,214.74777705000025,256.31466795000006
3778,158,207.29373582500006,245.87275309999995
3779,158,245.19759892499997,327.34183199999995
3780,158,315.33032947500027,283.5392673
3781,158,298.7003592250001,357.09924052499997
3782,158,333.0386340250001,339.662402
3783,158,322.4064316250008,296.39812267499985
3784,158,266.8492845250004,350.8772990499998
3785,158,259.1641502000001,335.87959852500006
3786,158,271.72929515000004,353.88723374999995
3787,158,266.6907286000002,290.2475059000001
3788,158,274.5007781,320.39650989999996
3789,158,264.48631250000005,378.25986295
3790,158,275.9756679500001,279.13468002499997
3791,158,369.17668287500004,311.67115237499985
3792,158,245.73273880000028,266.884248875
3793,159,213.62997257500018,255.03319519999997
3794,159,226.39354160000005,236.5323476999999
3795,159,169.9921374,188.96404904999997
3796,159,160.94155007500012,207.236644575
3797,159,213.04168782500017,190.478553725
3798,159,201.35262055000018,171.32279699999998
3799,159,186.3462324999999,192.62372792499974
3800,159,295.8812785,259.9891567000001
3801,159,282.09149252500004,188.32906952500002
3802,159,302.3303350750001,300.0854189749999
3803,159,330.1328678499999,305.42379232499985
3804,159,306.03323265000023,321.8254332749998
3805,159,345.8838024500001,271.20596614999977
3806,159,298.45115795000004,296.9371258500001
3807,159,318.24839592500024,221.68019900000007
3808,159,332.4856933999999,304.74487150000004
3809,159,322.9542027250003,349.7272296499999
3810,159,275.19409169999983,325.8536278249999
3811,159,249.89418917499984,258.31715702500014
3812,159,253.41559642500013,307.3530997
3813,159,257.25516107500005,274.87428122499995
3814,159,265.9025647750002,308.9315774249999
3815,159,232.99210100000008,316.0728831749998
3816,159,200.41629730000005,231.95226229999992
3817,160,224.09051469999997,148.31518807499995
3818,160,217.04413244999998,187.9197832999999
3819,160,172.92839425000005,196.235376275
3820,160,200.99755177500015,172.14911899999998
3821,160,249.6628464250001,144.40901945000005
3822,160,261.7623860000001,160.66381182499998
3823,160,219.13223055000003,208.84512945
3824,160,233.0464364999999,224.02476959999996
3825,160,214.65521467500014,277.4904751999999
3826,160,272.86993052500003,274.2077509249999
3827,160,274.4308157500001,340.8660322999999
3828,160,274.7287609000001,352.838640275
3829,160,213.38770677500023,267.35126102500004
3830,160,271.75828680000035,292.2496923499998
3831,160,300.9064253750003,323.05186460000004
3832,160,229.09857837500016,304.9854722749999
3833,160,256.489456,285.43495229999996
3834,160,199.97459910000003,303.191895275
3835,160,229.5121382250001,312.2691350750001
3836,160,267.45785339999986,227.21824700000008
3837,160,275.01046715,217.19611527500007
3838,160,263.75902377500006,210.56310324999984
3839,160,210.17744819999996,230.31172947499988
3840,160,184.3964934000001,234.84730862499993
3841,161,219.71060072500003,173.91447929999998
3842,161,226.85909320000002,189.95854842499998
3843,161,229.3965744500002,160.73402134999998
3844,161,236.2659755,198.43796819999994
3845,161,239.31038635000007,223.1442351999999
3846,161,209.72054590000005,174.01925799999998
3847,161,196.70945202500008,185.7568320499999
3848,161,193.86209417499987,251.4678821749999
3849,161,240.4870351250001,237.57398099999995
3850,161,267.44839947500014,227.1333876999998
3851,161,301.1701395500001,261.51481585
3852,161,338.0987320000004,258.2561219749998
3853,161,304.24731132500017,247.926363175
3854,161,282.0828226000001,287.09533997500006
3855,161,277.75921230000006,226.74692062499986
3856,161,216.04249847500006,222.9107521499999
3857,161,236.3008674000003,323.0268294249999
3858,161,222.49848812500022,322.28663259999985
3859,161,277.45073360000004,285.1751991250001
3860,161,235.52806200000023,281.3796807499999
3861,161,238.80619005000005,214.264781675
3862,161,271.6382926250002,206.4007806749999
3863,161,237.1531904750002,203.16520584999995
3864,161,250.25284855,201.48655400000007
3865,162,188.28101470000024,171.31129165
3866,162,183.54725687500002,207.20862652499983
3867,162,175.82081567500003,203.9182184249999
3868,162,164.2231686250002,171.97144184999996
3869,162,192.71291174999996,181.82270174999996
3870,162,207.68449032499996,235.50115842500003
3871,162,266.44317385000005,252.15496542500003
3872,162,282.0123311250002,236.915731875
3873,162,281.9623897750003,300.9955206500001
3874,162,335.5867891250003,301.1052126500001
3875,162,314.39024465000034,277.97055302499996
3876,162,372.40279522500066,310.25900827500004
3877,162,359.17299287500026,258.7739639
3878,162,322.57105237500025,341.25471032500013
3879,162,336.97147755000015,398.5139501999998
3880,162,356.2495618750001,367.14918372500006
3881,162,411.83869739999994,413.9791060749998
3882,162,468.97982382500004,341.670371325
3883,162,379.6763523000003,346.7155989249999
3884,162,271.05370180000017,370.8779555499999
3885,162,248.07771025000005,368.97928324999975
3886,162,329.2832701499999,344.8517482999997
3887,162,280.52157802500005,296.58026652499996
3888,162,248.7738768000002,254.89017737499995
3889,163,218.21953237500026,213.138544525
3890,163,164.06060680000002,209.03254119999997
3891,163,187.12166497500013,216.86255629999988
3892,163,198.529254075,193.06215735
3893,163,199.66865924999996,209.31603729999995
3894,163,219.24008792499984,230.07383779999992
3895,163,300.2993752000002,237.69898815
3896,163,277.35413127500004,251.36922392499997
3897,163,300.25399967500005,247.41579204999988
3898,163,312.026122975,266.4198991500001
3899,163,325.2794168500002,305.7862094749999
3900,163,389.29617857500017,287.83769012499994
3901,163,326.4601743750002,397.968975575
3902,163,308.23381005,425.4705623
3903,163,299.02554617499993,393.0600001999998
3904,163,393.7724522500006,345.405164025
3905,163,406.46051135000033,296.1780247500001
3906,163,454.80505302500023,353.2965293
3907,163,364.86047977500016,339.6097949499999
3908,163,357.22568835000027,316.70281732499984
3909,163,327.8327061000001,292.6012805999998
3910,163,277.9411607000001,396.4097470999999
3911,163,239.52817667500005,247.81979509999982
3912,163,234.25736427500027,203.37205370000012
3913,164,208.76620617500012,235.54723857500005
3914,164,157.71583587499993,224.75412249999994
3915,164,182.85568105000024,184.35906692499992
3916,164,183.25065367499997,200.70936309999985
3917,164,158.01784694999992,222.35701692500004
3918,164,225.01970700000007,198.60018387499986
3919,164,229.6953868499999,249.98506955000005
3920,164,233.08145615,294.215206125
3921,164,240.95850645000007,329.29547457499984
3922,164,281.6036507749999,296.4452536
3923,164,381.3308491000003,382.9031656249998
3924,164,368.77460147500005,340.27166984999985
3925,164,331.00741370000014,295.6390674749999
3926,164,305.073281825,269.8099821499999
3927,164,384.9686068000001,281.756315525
3928,164,306.94619857500004,366.55460582500007
3929,164,294.262012925,346.59230085
3930,164,370.601291725,398.0726866499998
3931,164,336.96214855000005,344.8308573499999
3932,164,398.44620290000023,399.685325075
3933,164,308.70279737500005,333.1946086500001
3934,164,270.95106469999996,254.1563136000001
3935,164,269.61331147500005,241.63999347500015
3936,164,213.78617297500017,215.26855694999992
3937,165,175.23311132500007,213.16597122500002
3938,165,194.4613548000003,197.08171979999997
3939,165,157.55380465000007,173.022153925
3940,165,164.99122752499997,185.38573505000008
3941,165,196.6240274,198.29460424999996
3942,165,205.47737890000008,183.03980820000004
3943,165,207.47331770000034,248.37493254999993
3944,165,259.0533754749999,245.437468675
3945,165,272.4022792500003,320.47924334999993
3946,165,300.51843630000013,328.22228759999973
3947,165,356.25890509999994,331.225511375
3948,165,395.4288912000003,306.56962532499995
3949,165,300.66411800000014,306.07261325
3950,165,353.2878252250006,337.9637777999998
3951,165,355.19965337500037,374.42879855
3952,165,380.95316030000004,385.9558857499999
3953,165,329.1628585000001,333.68010219999985
3954,165,305.6992905500001,362.75497594999973
3955,165,308.10276989999994,337.6496764249998
3956,165,314.1860824749999,379.0552973250001
3957,165,358.0444656750002,339.13756957500004
3958,165,276.66985135000004,332.46211209999984
3959,165,237.37383472500005,251.64445842499975
3960,165,247.2128998500002,212.523155325
3961,166,185.3232360250002,203.5267566249999
3962,166,218.7333717250001,182.83096989999996
3963,166,190.2915985000001,205.5840516249999
3964,166,178.81980377500042,199.10719142499994
3965,166,205.60595185000017,233.329381075
3966,166,184.79553992499996,188.71975780000002
3967,166,227.77903720000012,251.66540825000004
3968,166,329.76797762500064,248.721061125
3969,166,289.30435055000027,298.29916245000004
3970,166,295.8460901250005,365.8649101999998
3971,166,344.05842422499984,335.57288330000006
3972,166,240.68864457500007,351.8724541499997
3973,166,281.49476522500015,295.8073959499999
3974,166,255.88500469999997,407.95432219999987
3975,166,316.3547704250002,321.6828792499999
3976,166,322.9610678500004,255.32743879999998
3977,166,343.44025577500025,246.1661857499999
3978,166,271.92150252500005,323.946267175
3979,166,274.8163482,339.7436293999999
3980,166,227.19189562500026,327.38848184999995
3981,166,309.58061577500007,255.9745940249998
3982,166,289.5228984000004,247.60917555000003
3983,166,276.8176449000001,286.2629418499998
3984,166,233.65960242500003,211.03130535000003
3985,167,220.695310575,170.584811925
3986,167,183.212894125,166.51333347500008
3987,167,177.21292167500002,143.60446995
3988,167,213.34068932500006,153.10991227499994
3989,167,172.97374867499988,203.55412414999995
3990,167,187.10944684999984,201.09572757499987
3991,167,264.58827020000007,217.19961719999984
3992,167,228.9163289750001,230.8022602750001
3993,167,255.02239125,246.82478330000004
3994,167,293.06370580000004,241.07021844999989
3995,167,343.46591885000015,297.42322494999974
3996,167,259.67389867500015,369.50183144999994
3997,167,301.90247810000005,313.60043442499966
3998,167,337.43818520000025,343.9839354750002
3999,167,357.1278769000004,288.72462192500006
4000,167,360.30304747500054,329.50027067500014
4001,167,300.8380951250001,310.56874675000006
4002,167,293.4158519,299.59653957499995
4003,167,325.97527615000024,231.72288980000002
4004,167,291.34033350000016,265.3518886749999
4005,167,313.35704739999994,303.8227211499999
4006,167,333.63213122499997,238.97505602500001
4007,167,258.269595775,255.61156369999975
4008,167,245.53258807500004,218.56331045000005
4009,168,254.02014410000007,185.77733552499996
4010,168,205.14282685000003,191.24697709999992
4011,168,225.96633667500015,150.07187185
4012,168,179.19393027499996,169.4226742749999
4013,168,149.30426725000018,176.8885071499999
4014,168,144.96225732499994,119.90147402500003
4015,168,194.29836807500024,185.742223325
4016,168,212.14792022500018,193.43805494999972
4017,168,286.51185470000024,238.82241450000006
4018,168,297.0879840500004,326.2211814999999
4019,168,310.53448035000065,347.1313613499999
4020,168,275.44589615000024,339.0482232999999
4021,168,233.79455237499997,278.97765594999987
4022,168,282.4946111500001,304.53011682499994
4023,168,432.91391382500024,320.62382597499993
4024,168,309.84773912499986,310.7942704000001
4025,168,295.29011867500003,276.65734885
4026,168,394.87581707500027,337.9750312249996
4027,168,343.36655905000043,293.9667250500001
4028,168,359.40945190000025,346.5819894749999
4029,168,246.84999372500008,304.5479225249998
4030,168,266.76649930000013,270.5225187749999
4031,168,185.80328315000025,261.4064170249998
4032,168,212.51860185000038,231.19587235000006
4033,169,170.75034407500002,215.9597814
4034,169,165.62100120000014,161.03242204999998
4035,169,155.93853575,161.6562391999999
4036,169,163.78504074999998,217.70726939999992
4037,169,165.6401481750001,227.60110967499998
4038,169,210.6500215250002,212.07698382499993
4039,169,222.81717257500034,205.1001914499999
4040,169,268.40754949999996,369.59881300000006
4041,169,304.3421019750002,309.86821272500003
4042,169,288.3119034750004,310.20787079999985
4043,169,343.6356064249998,394.0521306249999
4044,169,289.4914210000001,286.610119575
4045,169,357.3408139250005,311.3950806
4046,169,327.4451376499999,360.5932935249999
4047,169,339.63392507500043,345.4528336249998
4048,169,296.8163468749999,301.83951582499975
4049,169,405.72107305000054,329.96210435
4050,169,275.7238084,390.68584462499985
4051,169,340.85921857500045,326.73053290000007
4052,169,285.6923451250001,376.83470969999973
4053,169,328.8558596250002,355.7981905749999
4054,169,284.26084622500014,275.6601952999998
4055,169,240.28813322500005,313.6211865999999
4056,169,251.12894617500035,262.9563986749999
4057,170,231.4092126250003,160.1391129749999
4058,170,186.92742182500012,162.2221039249999
4059,170,189.84023892500025,178.91487309999997
4060,170,183.230923275,191.3199085999999
4061,170,189.3046024250002,211.1467909
4062,170,201.52599657500008,244.0591660749999
4063,170,185.72318737499995,225.90793572500007
4064,170,236.6557121500002,332.6451832749999
4065,170,252.0736918250003,332.70476359999986
4066,170,221.02854537500002,318.247431525
4067,170,291.50153072500007,267.27337692499987
4068,170,311.2191926250001,265.622892525
4069,170,333.14937342500014,343.3296564249998
4070,170,382.10265930000037,338.88090722499976
4071,170,300.4731655500002,384.310812
4072,170,277.5860362000003,375.1656341
4073,170,352.4101583250002,312.9044090500001
4074,170,360.96162012500014,319.2314753500002
4075,170,383.7231329500002,305.6566396500001
4076,170,330.2091097750003,285.985232825
4077,170,317.9715152000001,234.92633480000018
4078,170,315.29710947500075,280.157620675
4079,170,267.11882260000016,268.98871740000016
4080,170,252.53058605,247.90218810000005
4081,171,210.99943227500012,211.8760899749999
4082,171,147.21385937499997,216.5622666
4083,171,164.35476444999986,202.36807744999993
4084,171,166.77511322500004,201.74683429999993
4085,171,191.3579385500002,259.063473
4086,171,216.39880617500017,229.16887462499994
4087,171,250.33984350000028,199.8826359749998
4088,171,249.4356653749999,237.59730639999987
4089,171,242.04943287500015,274.8724155499999
4090,171,345.36435805000013,374.4898496500001
4091,171,322.9682497000001,346.9835047999999
4092,171,335.93585662500004,313.7983972999999
4093,171,339.37681367500045,267.77659755
4094,171,335.813848625,345.9788076749999
4095,171,342.5051286750002,362.6995827249998
4096,171,330.6409209750001,329.2020851750001
4097,171,248.3893263750001,401.4015818249999
4098,171,355.44356280000005,317.3591808499998
4099,171,365.92311692500004,244.40068012499987
4100,171,313.0054228,231.80373549999985
4101,171,299.38482230000005,238.07666642500004
4102,171,304.32515805000037,257.914316275
4103,171,249.81769620000014,231.53323627500004
4104,171,247.19046027500022,195.24270075000004
4105,172,183.550853475,187.40706734999998
4106,172,193.61932212500005,172.53875935000002
4107,172,181.91749920000007,187.84863987499995
4108,172,144.67230307500006,154.75153722499994
4109,172,174.16906715000022,192.1260528749999
4110,172,221.49728020000003,206.42919695000003
4111,172,252.7394645250002,268.8124274
4112,172,265.51255787499997,269.4176736749999
4113,172,274.32331837500004,261.35665274999997
4114,172,257.47132975,343.70404697499976
4115,172,320.4724607999999,277.1851147499999
4116,172,429.906844275,338.542909675
4117,172,285.853896625,274.42123902499986
4118,172,277.2862236000003,280.4778696249998
4119,172,312.49667354999997,343.81839055
4120,172,300.2971602000002,427.2584094499999
4121,172,305.7472716000001,431.688813375
4122,172,352.552983125,290.87301195
4123,172,294.5228893250003,257.2955929499999
4124,172,279.29585597500005,293.4438184749997
4125,172,326.8831064249999,212.453185275
4126,172,263.30220890000015,211.51919652499993
4127,172,242.22844672500003,222.56838002500004
4128,172,242.7302163500002,205.98274139999995
4129,173,215.0234111000001,205.09572204999995
4130,173,195.53902050000022,223.80712842499992
4131,173,163.55582347500007,194.11799640000004
4132,173,173.42211619999995,152.52864997500006
4133,173,201.1728696749999,156.997059
4134,173,198.251309075,254.2613517999999
4135,173,175.33669115000015,277.91411537499994
4136,173,239.3681486500002,240.6184141499998
4137,173,299.67187237500025,283.22799829999997
4138,173,267.72875480000005,266.83048285
4139,173,310.859082275,290.26140315
4140,173,363.27168685000015,350.8098627
4141,173,331.2378307,336.5591540999999
4142,173,349.62431447500035,385.99325524999983
4143,173,327.9781385500003,298.94282339999984
4144,173,326.34750227499995,350.9928196999998
4145,173,309.5822189500001,337.9379387000001
4146,173,289.45753897500015,293.1047894999999
4147,173,337.3370141000002,213.76712575
4148,173,256.5332044250001,267.53555604999997
4149,173,238.10321625000017,269.0076627249999
4150,173,305.66696907500017,278.3646661999998
4151,173,235.93212425,256.23616155
4152,173,218.3403862750001,169.3883082499999
4153,174,199.28070265000017,189.2888137249999
4154,174,198.05427097500007,163.29530482500002
4155,174,167.95388362499995,164.25288447499995
4156,174,180.32378525,199.52065075
4157,174,212.31831799999998,189.01596467500002
4158,174,207.51662592500014,171.62392757499998
4159,174,217.73759262500016,214.761611625
4160,174,234.8858701499999,277.597503725
4161,174,206.68313360000005,280.9476337999997
4162,174,294.3760770500003,274.74875912500005
4163,174,326.09475640000016,304.269861225
4164,174,327.5460191,321.11186189999984
4165,174,206.92986262500003,305.6391013250001
4166,174,276.2522121250002,286.2891565249998
4167,174,346.0908734249999,304.6103952000001
4168,174,343.2477333500002,243.26368177500007
4169,174,315.36362965000023,285.0473191
4170,174,305.48210022500007,306.32754492499987
4171,174,256.4401252250002,357.59997702499993
4172,174,243.76111245,276.942348625
4173,174,258.45080127500023,303.3981534500001
4174,174,273.3478043250002,278.4874631999999
4175,174,260.7888920250002,214.7326136499999
4176,174,195.83465439999986,196.52984002499997
4177,175,236.10878860000014,206.91341745
4178,175,165.41529612500017,180.99000227500005
4179,175,207.30157760000003,164.12263592500003
4180,175,200.04082737500005,200.15523809999988
4181,175,169.9486453,240.29742699999989
4182,175,179.37054955,205.7518538749999
4183,175,181.977259475,203.29426957500002
4184,175,158.9727655250001,219.76715819999993
4185,175,253.46087300000013,198.9550210499999
4186,175,197.35715397500007,219.59653812500002
4187,175,284.57715895000007,279.58886840000014
4188,175,313.5753556500001,252.2049850250001
4189,175,259.47140085,279.0260338750001
4190,175,275.0325138000001,242.17493947499975
4191,175,242.92060574999996,255.30129674999995
4192,175,281.745230525,253.652104475
4193,175,204.2089822500002,311.5436161749998
4194,175,250.83037420000022,341.88941527499986
4195,175,260.3644326500001,285.1221240499999
4196,175,204.96578510000012,267.10309577499993
4197,175,240.8293138250001,289.61400404999995
4198,175,245.0467756,239.53222787499982
4199,175,231.36140707500005,220.01233197499994
4200,175,230.19605504999998,196.130717225
4201,176,201.49211172500014,152.94897264999997
4202,176,167.51566990000012,162.35195545000005
4203,176,159.52744590000003,155.41561704999992
4204,176,154.1340901000002,171.96085250000004
4205,176,186.8421645750001,186.92281589999993
4206,176,237.99493502500036,192.441135325
4207,176,273.23588465,245.20663612500005
4208,176,171.7377125000001,242.22147004999994
4209,176,299.6081574250004,241.43863055000003
4210,176,278.1438234000002,258.6607749500002
4211,176,261.14887235000015,361.3031740749998
4212,176,283.66478367500054,381.1105384499999
4213,176,276.20045177500003,395.38831690000006
4214,176,320.05642477500015,381.797014625
4215,176,310.17686359999993,320.3098255250001
4216,176,352.84366725,283.3043704999999
4217,176,332.69429657500007,328.4403122750001
4218,176,306.8839325250002,302.80929542499996
4219,176,264.89912794999987,268.43362664999995
4220,176,334.02680387500027,304.8093788
4221,176,320.3483729000002,276.7987300749999
4222,176,287.22232847500004,256.00889949999987
4223,176,299.09165814999994,193.45175194999996
4224,176,197.94460372500004,214.000376775
4225,177,189.79556020000007,209.58326929999993
4226,177,163.434077675,185.88461387500004
4227,177,154.01496217500005,233.98069117499983
4228,177,162.18057700000003,239.1998956
4229,177,152.27317322499997,271.31238410000003
4230,177,197.97192012500017,225.13408349999995
4231,177,181.07808715000007,251.75107262499978
4232,177,239.3329026749999,296.7592335749998
4233,177,252.14489889999996,294.82823489999976
4234,177,288.3137843500009,310.91627474999984
4235,177,285.47346237500017,263.4968547000001
4236,177,358.4994312000001,311.6450542499999
4237,177,307.00291592500025,351.80390985
4238,177,303.6889225000001,248.00263402500008
4239,177,335.7645196500003,313.57815364999993
4240,177,291.08022597499996,303.27654895
4241,177,342.16078490000007,287.0100618749999
4242,177,404.96071077500017,303.234826025
4243,177,322.81978319999996,347.16002357499985
4244,177,288.83861350000006,311.2118899999999
4245,177,237.56434300000012,275.88227592499993
4246,177,255.7010549750002,342.0975037499999
4247,177,280.23819115000026,321.03699639999985
4248,177,250.39806585000002,231.93391639999993
4249,178,153.08687152500005,196.22147647500006
4250,178,200.04214905000006,214.6798042999999
4251,178,166.17764287500012,211.3467426499999
4252,178,199.3139538000002,197.1249843499997
4253,178,236.73977104999983,218.69005149999992
4254,178,248.66766042500015,202.10794627499996
4255,178,212.4336548750001,204.16204092499993
4256,178,304.0047941249999,196.445505875
4257,178,299.21280232499987,253.3946304249998
4258,178,302.4461378750001,303.90832299999977
4259,178,316.06774085000006,383.8910034
4260,178,326.2091842,345.126212825
4261,178,389.2937952500001,287.38203447499984
4262,178,325.3302053750001,294.267849725
4263,178,330.97820420000073,289.4437586499998
4264,178,378.01924792500034,293.849666775
4265,178,365.77882000000017,358.57632654999986
4266,178,308.8871813250003,338.04519287499994
4267,178,365.82232515,320.2160991999999
4268,178,397.0436038249999,280.28175380000016
4269,178,342.3878201,300.78162770000006
4270,178,319.7851457249999,305.21811905
4271,178,221.7584736000002,246.903338875
4272,178,227.55485860000016,242.29044394999994
4273,179,192.27076847500018,211.11262284999992
4274,179,195.6682729749999,221.89986049999996
4275,179,170.55251595000038,193.796417975
4276,179,186.2310443000001,152.65541494999997
4277,179,219.20718705000024,208.51139795000006
4278,179,195.32820579999986,222.09839612499997
4279,179,228.48758070000045,201.76465012500006
4280,179,253.6604570250001,251.46084737499993
4281,179,297.0436385500003,294.0626153999999
4282,179,319.93311945000005,316.4007445500001
4283,179,289.4340821250003,334.49743155
4284,179,302.05965322500003,422.89000985000007
4285,179,302.53923102500005,349.3778574249998
4286,179,306.107498475,353.3264344999999
4287,179,304.92124262500033,424.57654029999986
4288,179,256.78212869999993,359.62338009999974
4289,179,319.09216752500015,319.7067361500001
4290,179,315.03145489999986,304.4289593250001
4291,179,310.31276167500016,370.20650254999975
4292,179,277.86594940000015,346.60736925000003
4293,179,237.63529087499992,297.6385957750001
4294,179,262.5927741250001,328.542515975
4295,179,257.8341403500001,255.56691095000014
4296,179,286.8258670250002,279.96784289999977
4297,180,159.2886523250001,211.24188092500003
4298,180,221.6958110750001,198.79897587499988
4299,180,168.39894782500016,180.01797969999996
4300,180,186.017067925,216.6250511249999
4301,180,189.60094275000006,215.3508855999999
4302,180,206.74452337499986,209.198249475
4303,180,294.08318492500007,192.45935557499996
4304,180,261.4830641249999,250.19600162499978
4305,180,286.76458125,294.24729127499995
4306,180,280.5183998250001,277.90051160000013
4307,180,365.2828581750002,321.71894747499994
4308,180,305.5120498749999,253.19923229999995
4309,180,351.2838448750001,281.76012892499966
4310,180,330.19548132500006,250.99395742499976
4311,180,327.8931846249999,247.6534617750001
4312,180,304.09877952500005,332.2080799499999
4313,180,324.6541353500003,355.6254205249999
4314,180,429.04785377500025,353.05962342500004
4315,180,376.7448112750006,350.0572992499999
4316,180,325.88815337500034,384.75174874999993
4317,180,293.19383730000004,369.52133799999996
4318,180,327.07410937500003,362.5249015249998
4319,180,291.7514304750001,257.54976712499985
4320,180,206.5492586750002,235.23364635000007
4321,181,225.58998920000005,180.60249294999994
4322,181,185.64682602500014,159.536602375
4323,181,190.51388277500004,141.6350137999999
4324,181,181.17398552500015,179.99324289999998
4325,181,195.41554964999995,201.1704843249999
4326,181,166.20485169999998,198.34338075
4327,181,191.12397397499996,212.76773489999988
4328,181,214.43870385,228.12890530000004
4329,181,276.6196024500001,229.50759987500007
4330,181,206.08176385000013,338.63854640000005
4331,181,234.99460182500036,278.9208560999999
4332,181,249.9241902750001,295.22824097499995
4333,181,256.8992250999999,346.3106973
4334,181,259.59769245000007,322.0309070500001
4335,181,291.754780825,365.25407047499993
4336,181,275.2929758250002,371.71738024999985
4337,181,346.1596255,388.1456056500001
4338,181,348.05763697500004,270.18786997499996
4339,181,327.37046627499996,262.2736084249999
4340,181,275.39378825000006,316.5518070249999
4341,181,291.8297316500001,298.19029079999996
4342,181,284.4283030500003,313.78633700000023
4343,181,282.5162845250001,226.6461144
4344,181,268.63587427500033,247.05294099999986
4345,182,236.65648332499995,198.5921476249999
4346,182,192.86301422500003,212.85779715
4347,182,159.09648432500023,218.49637094999997
4348,182,178.342420225,212.6753933500001
4349,182,200.00545340000014,210.2033359
4350,182,186.60103854999997,233.3952194999999
4351,182,178.95012660000015,202.76049850000004
4352,182,212.89744700000017,236.91422240000003
4353,182,260.65859579999994,263.8830247249998
4354,182,289.2646867750002,351.03291879999995
4355,182,350.7628391000004,273.50020335
4356,182,399.52855675000006,255.76028752499985
4357,182,292.79543802500007,297.89065487499994
4358,182,351.07334867500015,329.61065965000006
4359,182,320.0940514999999,329.03917715
4360,182,334.5328296,326.9806211
4361,182,372.4701630000003,379.6377835749996
4362,182,279.8201348000001,305.41118022499984
4363,182,294.625984975,327.18031359999964
4364,182,294.290970925,364.26106119999974
4365,182,263.45509017499995,291.4640776499999
4366,182,238.74107490000017,224.38424092499997
4367,182,230.12771285000025,241.20828580000006
4368,182,239.68604342500004,238.02765722499987
4369,183,154.3952557249999,168.5645927750001
4370,183,118.77593232499993,178.30425497500005
4371,183,168.72534882500008,182.22061710000008
4372,183,162.93304665000005,173.4758283
4373,183,188.5844430000002,182.20734644999996
4374,183,208.2693272250002,160.47446174999988
4375,183,236.02584384999994,213.7284695500001
4376,183,252.94168682499992,233.96176867499992
4377,183,329.89082432500004,270.9916968749999
4378,183,312.8345361250002,256.70010379999985
4379,183,325.0548722750003,261.0110646499999
4380,183,324.9168854000003,271.4426352750001
4381,183,338.77582025000015,277.9979591000001
4382,183,398.3815358750002,280.55361372500005
4383,183,348.5850921000001,366.06866672499996
4384,183,404.78967935000026,393.9042017500001
4385,183,371.72502292500025,360.17643807499985
4386,183,347.1468523000002,345.06948175
4387,183,352.65576680000026,322.20401749999985
4388,183,323.52402485000005,334.4650575000001
4389,183,309.72200914999996,363.3392611500001
4390,183,290.42790032500005,384.85466275
4391,183,290.87767527500006,297.64848197500004
4392,183,247.53694010000015,257.3559526250001
4393,184,191.81392269999992,146.5631752749999
4394,184,206.2013921250002,170.63345184999997
4395,184,225.40103565000027,179.86991597499997
4396,184,196.2202943000001,194.7577764249999
4397,184,191.5945507500001,206.34606687499996
4398,184,219.62538360000016,222.10843810000006
4399,184,215.81215807499999,274.67499717500004
4400,184,202.94711907500007,294.31543422499993
4401,184,265.13763812499985,252.83217682499986
4402,184,316.81710310000005,288.56441632499985
4403,184,381.6928771250002,371.7773021999998
4404,184,347.49486237500014,313.68494877499995
4405,184,319.72545282500005,367.53050167499975
4406,184,365.0245100750005,257.46928222500014
4407,184,351.71616370000015,316.84903835
4408,184,369.79901535000005,295.5715557000001
4409,184,284.4492174,313.8479674999999
4410,184,390.4219281750003,392.6880301499999
4411,184,372.13260377500046,337.85621524999976
4412,184,381.73940560000005,325.02839872499976
4413,184,359.0769994000005,381.12480897500006
4414,184,231.08615702500003,297.55665127500004
4415,184,267.6740290500002,241.79889722499996
4416,184,209.10213105000014,208.25714167499996
4417,185,211.60188005000015,162.41040067499995
4418,185,209.90954305000025,158.25050542499997
4419,185,187.37197314999986,151.241237925
4420,185,194.33848345000018,148.22027457499996
4421,185,226.53721865000017,191.56434097499994
4422,185,212.51396485000032,196.5780472249999
4423,185,247.4607113500004,199.1456785
4424,185,242.12143994999997,217.20427435
4425,185,244.78009115000012,251.69971720000007
4426,185,254.21531807500014,249.16371089999978
4427,185,228.06479592500006,277.3828849999999
4428,185,322.9165390000003,319.9840473999999
4429,185,291.4340103750003,280.343879
4430,185,310.2806297750001,323.336337475
4431,185,284.82624602499993,321.35191485000007
4432,185,283.2200883000002,247.07908072499987
4433,185,325.7690604250002,222.59844454999984
4434,185,300.2536355000001,224.892401925
4435,185,326.0412628,238.66332887499982
4436,185,256.2353012250001,227.12585352500005
4437,185,248.76080485,292.232566875
4438,185,294.6406194250002,206.5006791000001
4439,185,230.10300149999983,200.60575215
4440,185,208.68550315000016,186.95425194999993
4441,186,165.47476015000007,156.17628817499997
4442,186,161.73111445000018,169.024901375
4443,186,166.72928327499997,149.70024429999998
4444,186,179.8569065250001,146.07253414999997
4445,186,202.31311070000038,149.2074796999999
4446,186,203.23953589999996,176.416966725
4447,186,209.1463853750002,225.43122884999985
4448,186,244.08253697500004,245.12227770000013
4449,186,293.64966800000013,280.748779025
4450,186,192.46805215,319.1851233750001
4451,186,267.34330027500005,346.01416989999984
4452,186,305.5676838750003,310.8608403249999
4453,186,289.6266084750001,327.27366682499996
4454,186,284.8000238750001,352.48166544999987
4455,186,377.71698457499997,347.9060958750001
4456,186,289.70203477500036,274.41823622499993
4457,186,320.80039682500006,255.76109372500008
4458,186,256.1147743,285.7875850249999
4459,186,276.6406144250003,308.3497622
4460,186,304.15951865000034,374.4753428749999
4461,186,247.57987579999994,248.43830815000004
4462,186,217.00584525,290.38863459999993
4463,186,240.14016832500047,272.4987622999999
4464,186,187.477736025,219.39929479999995
4465,187,241.57442905,182.1214104249999
4466,187,270.39938892500004,206.39872035000002
4467,187,202.84376827500023,174.02140322499997
4468,187,174.1205823000001,178.08687699999984
4469,187,195.44219520000013,205.388783225
4470,187,202.732676125,220.3430216749999
4471,187,207.15908029999997,199.59038702499993
4472,187,204.43245385000012,244.34922237499995
4473,187,251.16058370000025,347.99896312499993
4474,187,273.19990165,294.8413685750001
4475,187,280.49080115000004,319.1282228499999
4476,187,335.24773782499994,322.57604742499996
4477,187,257.489001025,393.367757
4478,187,287.47762882499995,382.13823417499987
4479,187,355.5291482250002,352.14591257499995
4480,187,316.97229867500045,299.70931277499983
4481,187,307.1268352250004,320.3811117500001
4482,187,307.807192825,306.413810825
4483,187,292.82304490000035,331.4770356500001
4484,187,331.56461364999996,313.2553926249998
4485,187,291.79865555000003,241.60212150000012
4486,187,289.60675632500016,266.2030198500001
4487,187,310.93363225000024,232.39835240000002
4488,187,285.0523728999999,213.10984300000013
4489,188,187.71588632500004,188.309970125
4490,188,171.295568225,199.77243922499997
4491,188,178.94316552499998,161.9365705500001
4492,188,187.11704905000005,220.74964985
4493,188,164.95831394999988,191.67987674999998
4494,188,194.49516317500007,198.06213352500004
4495,188,209.58083260000018,259.539285175
4496,188,207.429173975,243.1873306999999
4497,188,220.80017655000006,311.5175959999998
4498,188,329.41414602500015,314.228865875
4499,188,293.5405936750006,335.44313625
4500,188,331.72934895000003,311.54322927500004
4501,188,324.2700156500005,344.43211402500003
4502,188,251.47570327500006,307.28672487499995
4503,188,342.3145096750003,396.732984825
4504,188,336.0835507750004,294.90517884999986
4505,188,368.4858439750002,332.25413977499994
4506,188,386.66690890000007,313.8547825750001
4507,188,363.0137687,322.22070069999995
4508,188,315.14391307500006,335.9306372999999
4509,188,386.9016220500001,314.0439615500002
4510,188,300.7573645250002,231.75227442499997
4511,188,347.2073841500009,266.5024542499999
4512,188,303.14125017500027,246.782696375
4513,189,218.75342630000011,211.5822514999999
4514,189,226.79253810000012,165.51427074999998
4515,189,191.60697435000023,185.74428394999995
4516,189,124.18973864999992,223.04857509999997
4517,189,214.17392640000014,233.7227106
4518,189,230.94683300000014,182.6501704250001
4519,189,239.53232022500015,246.55979249999996
4520,189,222.12129817500005,246.18300200000004
4521,189,294.82723345000073,278.3858686750001
4522,189,299.1526108250001,270.6512564749999
4523,189,356.992512025,361.1826434499999
4524,189,360.75360940000047,392.85698189999994
4525,189,232.84930565000016,327.1974664249999
4526,189,221.82568320000019,345.95294082500004
4527,189,398.5101281000001,320.086650725
4528,189,326.56636385000024,277.27860372499987
4529,189,333.11475202500014,388.13897267499993
4530,189,412.4999095000002,382.6599390750001
4531,189,361.2141849250006,316.2857978249998
4532,189,318.2660610250001,309.098769
4533,189,316.48415757500015,278.75722042499996
4534,189,321.1230690749999,329.751912575
4535,189,213.486792225,298.55289672499975
4536,189,227.1084698499999,268.06329170000004
4537,190,169.82607790000003,206.72401852499996
4538,190,184.47788950000003,227.035745825
4539,190,136.27660510000004,183.32599762499999
4540,190,163.53527570000003,174.52577389999996
4541,190,194.845745775,231.58288334999995
4542,190,208.57751165000028,196.0695955000001
4543,190,276.6299858250002,254.10886522500005
4544,190,271.5839436500002,252.40092564999975
4545,190,319.76132295000025,251.14841515000006
4546,190,281.2777685,307.0826490499997
4547,190,366.10075077500034,324.7518906999999
4548,190,292.1186158499999,398.827677875
4549,190,355.0624779750002,327.48823170000003
4550,190,416.1512730000002,345.93718284999994
4551,190,420.62209492499983,389.422430825
4552,190,415.0391916000002,335.2810033999999
4553,190,354.9542192749997,402.90041229999986
4554,190,362.96932875000016,480.22710249999994
4555,190,323.4838354750001,347.21792117499996
4556,190,352.5391760250002,327.6106313999999
4557,190,289.88506060000003,354.24409
4558,190,346.9546890250001,332.7155395499999
4559,190,286.63798987500013,305.8843174499998
4560,190,220.18732047500004,269.26083600000015
4561,191,163.61570557500008,219.7857674999999
4562,191,229.81668489999996,219.05580725000004
4563,191,212.98869945000007,245.28773927499984
4564,191,250.9111923750002,203.5806157749999
4565,191,210.76250532499984,210.94664882499998
4566,191,222.58764620000028,230.42522372499988
4567,191,242.64413870000016,288.5215475250001
4568,191,251.4337720000001,241.65341975000007
4569,191,247.99073469999996,282.58800177499984
4570,191,275.4751734250002,368.47879075000014
4571,191,298.30611385000014,362.8227743499998
4572,191,380.04556515000013,402.8500734999998
4573,191,300.35669725000025,446.0023664250001
4574,191,321.00720937500006,465.5878932249998
4575,191,393.50167535000014,423.476615875
4576,191,393.6754181499999,454.39834207499985
4577,191,450.94645964999967,373.88411282500005
4578,191,389.31875197500017,360.08266427500007
4579,191,358.869714500001,401.22307194999985
4580,191,327.3545316500003,381.5925125499999
4581,191,332.58009337499993,425.80515235
4582,191,388.44891640000014,405.90845649999983
4583,191,413.2282064250002,315.88041127500003
4584,191,305.64589050000006,270.1254269749998
4585,192,190.45568220000018,226.24516192499988
4586,192,211.87901387500023,219.3724588
4587,192,207.38468155000015,179.23178239999993
4588,192,227.56715825000003,184.9941551999999
4589,192,195.85590757500006,235.67922840000006
4590,192,199.95958550000012,249.40872924999996
4591,192,216.83830582499996,307.9321388750001
4592,192,190.53229437500022,350.87090602500007
4593,192,251.5285238000002,320.78014082499993
4594,192,287.6278639000001,293.2267745999999
4595,192,269.5287150749999,423.09151884999994
4596,192,312.39083970000047,384.7228143749999
4597,192,422.4374723750003,396.22788830000013
4598,192,390.40312782500075,317.49772092499984
4599,192,393.1188869250002,478.9318641
4600,192,440.06493995000005,392.33116632499997
4601,192,385.61038490000067,451.29370182499986
4602,192,329.0483150250004,407.68265704999993
4603,192,416.88145480000026,379.13108512500014
4604,192,346.58745717499994,385.69574734999975
4605,192,288.0273823750002,278.90036964999996
4606,192,295.03752402500004,324.208496525
4607,192,235.4361403750002,312.6594776749998
4608,192,213.4730249000001,287.47053282499996
4609,193,270.43432362500016,252.74035567500013
4610,193,209.61947364999997,244.3479676999998
4611,193,238.37109689999994,207.83510489999998
4612,193,244.3771534,181.39384972499988
4613,193,261.66980560000025,181.81076985000004
4614,193,263.4511937250004,179.08435325000016
4615,193,280.8120403250002,248.74219290000005
4616,193,239.52888030000014,298.0997806999999
4617,193,262.21048507499995,334.8458255249997
4618,193,234.873453775,370.82308379999995
4619,193,368.94044902500025,401.12101822499994
4620,193,310.89362470000026,316.21541290000005
4621,193,297.4270415000003,298.0746676499997
4622,193,385.300978375,329.7923509500001
4623,193,279.60950857500006,362.70182307499977
4624,193,324.1314834250001,366.0416018750001
4625,193,301.961269175,392.1769062750002
4626,193,367.9395130000001,336.72283257499987
4627,193,300.26424455000017,375.11940755
4628,193,298.94616147500005,352.03086102500004
4629,193,305.2187329000002,328.338658325
4630,193,318.11960432500007,311.6900043000001
4631,193,228.87619967500012,323.87978192499986
4632,193,260.5621764750002,283.2829576250001
4633,194,239.00662032500009,239.00151199999993
4634,194,199.98418052499994,228.51934232499997
4635,194,227.3424459750003,223.17760572500003
4636,194,213.1474566249999,214.87595849999997
4637,194,224.15244280000013,189.17358327499997
4638,194,186.36572775000022,233.35447200000016
4639,194,262.86889822500035,222.74234024999998
4640,194,285.96633087500027,306.5933446249999
4641,194,376.6692246750001,268.6431955749998
4642,194,378.96813654999994,332.84102107499984
4643,194,381.00908050000044,349.5052684499998
4644,194,344.8255384,368.233240425
4645,194,361.44609655,416.7175272999999
4646,194,400.5024721,472.421377925
4647,194,328.9529165,331.9162079749999
4648,194,367.9650575750001,382.3265946749999
4649,194,297.6143125,309.4834886
4650,194,308.62899297499996,357.35979615
4651,194,397.7480669750001,309.67375635
4652,194,317.6141673000001,290.60776327499974
4653,194,347.44981287500025,300.0254453
4654,194,323.6566421499998,265.8695128999999
4655,194,322.1653636000001,271.77373542500004
4656,194,261.7356414249999,222.71876570000012
4657,195,213.7395170999999,171.27385397500007
4658,195,257.53395287500007,149.7406046999999
4659,195,247.4083393000002,111.17619500000006
4660,195,233.4277856000001,175.88405297500003
4661,195,193.9098728000001,190.706482025
4662,195,169.89381772500013,238.91613737499983
4663,195,228.31733067500016,192.5956813999999
4664,195,187.42849955,267.60042324999995
4665,195,251.90112887500004,260.31225624999985
4666,195,294.48379615,323.5044791249999
4667,195,277.1903848999999,294.89581042499975
4668,195,336.0521155,349.9466216999999
4669,195,329.2801615750001,329.9850531
4670,195,314.8240738250005,282.84083140000007
4671,195,381.3430278249999,302.15244652499996
4672,195,305.8089953000001,317.6764974749999
4673,195,366.50274487500013,407.81219275
4674,195,420.5498030250003,326.3689388749999
4675,195,262.3290211,316.0909841499998
4676,195,326.3723256000005,315.82219577499995
4677,195,373.9547855250002,323.27920964999976
4678,195,295.74376452499996,217.6753745000001
4679,195,262.0498197499999,272.63278902499997
4680,195,229.9655833000001,254.241553575
4681,196,218.74299237500023,196.66448630000002
4682,196,200.43610842500033,191.1235024
4683,196,157.95646452500011,205.81333607499994
4684,196,224.06740957500026,179.84455405000006
4685,196,197.6173391750002,167.07971695000003
4686,196,177.7661906,184.18306825
4687,196,188.44431145000016,200.78721577499982
4688,196,236.93557312500016,226.16443162499996
4689,196,231.82006117499998,253.90588652500014
4690,196,294.5496443250004,264.9666337750001
4691,196,301.6907848750003,241.68369842500016
4692,196,346.4564721250001,267.4517865000001
4693,196,269.87450317500003,322.6754210749999
4694,196,323.5268261750002,261.35252357499985
4695,196,323.6403259750004,288.56190272499975
4696,196,319.67696202499997,303.28020627499984
4697,196,315.93295430000035,315.14864320000004
4698,196,309.06422305,306.6860143999998
4699,196,361.86929535000013,256.1342564
4700,196,314.57884245,293.9046602499999
4701,196,312.4704895250002,236.2825231000001
4702,196,248.03604185000046,252.2945183500002
4703,196,270.04592735000006,282.71848805
4704,196,199.9316596,231.66502037499987
4705,197,161.35162067500005,146.33861919999998
4706,197,157.91315650000007,125.34429259999996
4707,197,147.24467355000002,181.70340229999994
4708,197,202.91523160000017,145.73428317499997
4709,197,177.0280571500001,190.001456
4710,197,175.73883705000017,184.4324946499999
4711,197,205.8778203000001,219.8348163999999
4712,197,288.67678547500014,269.90928687499996
4713,197,244.0430928500001,247.1227517
4714,197,268.7726084750002,289.26161385
4715,197,294.9556660250001,238.30407852499988
4716,197,406.74038645000047,313.51927777500003
4717,197,330.9555138250001,368.67155164999997
4718,197,366.1465249250002,370.15587120000004
4719,197,357.89058105000004,337.96358807499985
4720,197,330.68779612500015,352.0355363749999
4721,197,283.28477480000015,317.547880125
4722,197,362.57024527500005,284.801159925
4723,197,401.2433082250002,344.39358222499993
4724,197,326.256442125,265.6625445249999
4725,197,304.68814080000016,283.0007691999999
4726,197,297.6630354250003,213.00720175000004
4727,197,183.9611841250001,187.79723477499977
4728,197,194.11392967499995,211.35882017499995
4729,198,188.2245422000001,183.816005625
4730,198,158.14635372500007,143.62822159999996
4731,198,174.58125337500007,142.34479104999994
4732,198,181.31743240000014,164.72881589999992
4733,198,209.74954664999998,186.736716875
4734,198,233.01157089999987,202.0087875499999
4735,198,188.28812804999998,193.084699825
4736,198,210.25122782500029,259.5042167000001
4737,198,273.666328275,247.89032609999992
4738,198,221.32279650000004,275.15309942500005
4739,198,308.46709617500017,298.58255425
4740,198,333.65827287500014,289.11652045
4741,198,420.0981341500003,307.20874054999996
4742,198,332.94119690000014,352.7834000749999
4743,198,293.1103114750001,306.3360724999999
4744,198,269.049097575,308.6502587999999
4745,198,312.03595960000007,288.1080089749999
4746,198,222.79063830000007,333.19530034999985
4747,198,239.32928875000013,290.1099772749999
4748,198,254.60034334999983,373.9278449249998
4749,198,302.77987177499995,265.4790599249998
4750,198,221.90256710000008,312.17616907499996
4751,198,236.87647357500015,267.22303717499994
4752,198,218.4211038500002,231.4744011749999
4753,199,221.32301857499994,210.33009845
4754,199,233.6437014500003,195.78275632499992
4755,199,198.29500685000002,164.81364660000003
4756,199,199.44263930000028,184.64753855000004
4757,199,158.81240200000002,178.59794877500002
4758,199,170.30352142500013,165.41486539999997
4759,199,216.543327925,235.2444846499999
4760,199,255.35949247500062,227.36005372500006
4761,199,230.5963194750001,342.372840025
4762,199,206.52808117500012,324.51505315
4763,199,282.23408407500006,299.3080327749998
4764,199,294.6714471250001,312.32338469999996
4765,199,265.63448285000027,308.59202757499986
4766,199,253.3626377000002,279.90733145
4767,199,241.34454947500018,355.616712975
4768,199,241.07389547500003,308.42222082499995
4769,199,350.9661433250002,397.80573642499985
4770,199,350.5860169250001,338.5179337499999
4771,199,333.5176458750002,297.83948219999996
4772,199,255.90262077500012,305.4697580999999
4773,199,276.7830216000001,310.3442759499999
4774,199,332.26495095000035,246.39451214999997
4775,199,245.81300839999994,205.48089922499997
4776,199,237.67242172500028,153.03733537499983
4777,200,217.27095390000045,188.741737925
4778,200,185.73513022499995,214.68845665000003
4779,200,174.40464132500006,197.09610525
4780,200,198.16401252499995,219.29640382499997
4781,200,197.48017347500002,187.5881709749999
4782,200,210.41485194999996,174.55527437499995
4783,200,219.71920750000015,240.21056650000008
4784,200,231.3830359,249.80476417500006
4785,200,250.39644330000024,313.8302125
4786,200,268.54451747500013,301.81809607499986
4787,200,380.77969737500047,385.5116968499999
4788,200,419.4236773250002,349.30170914999997
4789,200,387.9192017500003,326.4490667249997
4790,200,333.96825850000005,468.16482485000006
4791,200,369.02149242500036,374.195058425
4792,200,337.10668717500005,341.41825092500005
4793,200,402.5082020249998,349.00072662499997
4794,200,345.1996951000002,374.7089938749998
4795,200,379.69298422500015,288.90834567499985
4796,200,372.29546065,298.90490094999984
4797,200,364.0155332250001,338.5423820249998
4798,200,251.53528477499987,321.362166925
4799,200,259.2271503750004,348.26262899999983
4800,200,239.8949773250004,279.54172770000014
4801,201,199.34132585000032,241.07619724999995
4802,201,180.46295767499998,254.87339962499993
4803,201,193.0372601999999,261.4802629999999
4804,201,202.48368642500003,205.975077175
4805,201,180.560317,204.87952412499988
4806,201,213.93841714999996,201.65424132499993
4807,201,225.6610829000001,208.65239929999984
4808,201,282.43224590000005,266.95676712499994
4809,201,290.89641450000016,319.713351525
4810,201,290.314811375,318.0479551749998
4811,201,318.6046040000001,370.5662051
4812,201,363.09221949999994,345.37501804999994
4813,201,344.45181775000015,348.787674425
4814,201,369.037059075,311.99235540000006
4815,201,351.227238575,363.4562848000001
4816,201,406.3963425000004,356.04330525000006
4817,201,340.6982540250003,260.44660784999996
4818,201,334.6317429749997,391.551378525
4819,201,316.7636839250001,342.7801929999998
4820,201,399.2432837,314.17393367499983
4821,201,360.61290245000055,305.498270125
4822,201,318.5357027000003,333.28230547499993
4823,201,260.7917711500003,327.4663027500001
4824,201,228.95048435000024,272.5571213999999
4825,202,268.89483720000004,226.40768225000005
4826,202,205.7206544000001,216.1705256
4827,202,210.31008750000012,185.8670662
4828,202,158.4211234,185.30684597499996
4829,202,247.97478295000047,200.317630475
4830,202,262.2773762750001,241.391553075
4831,202,216.31625549999998,200.75092705
4832,202,226.20941992500016,214.50510112500012
4833,202,246.26983167499992,314.21071652500007
4834,202,257.6583369,340.5390615249997
4835,202,316.01398124999986,298.7451438499999
4836,202,370.8244196000002,294.10407414999986
4837,202,337.37104375,386.0727790499998
4838,202,292.6711982500001,380.6091842999999
4839,202,336.17107277500054,419.97742597499985
4840,202,342.07773277499984,468.333752225
4841,202,344.97012165,402.88845769999995
4842,202,384.5844072250004,343.0735941249998
4843,202,420.05272552500037,352.09388335
4844,202,446.9641204500002,366.9012313999998
4845,202,338.0730107000003,324.2820864749997
4846,202,307.37942975000027,346.80508405
4847,202,275.14567020000004,349.1400930749999
4848,202,225.76867780000006,229.8323262999999
4849,203,234.14983767500007,211.0524547500002
4850,203,257.388169125,203.33031089999992
4851,203,181.68689432500005,185.22329384999998
4852,203,168.75950340000006,211.83750969999994
4853,203,209.12921422500023,201.24199840000003
4854,203,243.03914170000016,202.55805872500002
4855,203,220.5131237500002,243.4958919749998
4856,203,227.1814155000002,233.30034617500013
4857,203,263.23324190000005,266.61002507499995
4858,203,264.4729309,311.54939275000004
4859,203,356.84984702500003,359.48760252500006
4860,203,372.16012275000014,359.8422926749999
4861,203,352.9291022000004,317.04145682500007
4862,203,318.3207768750003,322.58819959999994
4863,203,350.12440177499997,335.7429729000001
4864,203,303.4784946000002,355.9251395750001
4865,203,272.6929855000002,341.3166259000001
4866,203,395.317321825,367.751351225
4867,203,304.1249313749999,355.779424525
4868,203,297.2140670000001,379.72124592499995
4869,203,327.0204239750002,338.79237370000004
4870,203,314.48353972500024,327.5952606249999
4871,203,348.48628572500036,305.9349060249999
4872,203,221.26402657500017,237.60508049999993
4873,204,189.31073560000033,173.26094540000005
4874,204,195.96638450000023,180.551303075
4875,204,240.53203497499993,168.94869314999988
4876,204,206.1178871250002,173.00132037499998
4877,204,212.54865517500014,163.2865713750001
4878,204,216.23814942500016,217.93893375000005
4879,204,220.94331559999995,311.583050825
4880,204,296.685550625,289.45273664999974
4881,204,266.8305644500001,283.70359145
4882,204,332.47886867499994,333.7975744749998
4883,204,337.513663125,285.5292565500001
4884,204,385.7548217750002,294.3718249249997
4885,204,364.9558787000002,432.40117512499967
4886,204,377.14171447499996,434.7268476999999
4887,204,395.1752914249999,353.283931725
4888,204,369.72702382500034,388.3039512749999
4889,204,339.28966562500045,474.79062912499984
4890,204,355.01355765000005,460.8376635749998
4891,204,274.62492340000006,430.55513755000004
4892,204,340.1935120750003,353.40243517499994
4893,204,354.3602238,293.41253304999987
4894,204,359.81631722500003,305.79552997499974
4895,204,327.80315912500026,335.8111468999998
4896,204,316.17891220000024,284.4704671499999
4897,205,214.54688024999996,170.92969677500008
4898,205,226.91699060000005,192.95553574999988
4899,205,229.24712785000014,180.54751927499996
4900,205,190.9018466250002,216.6699591749999
4901,205,199.73706547500007,166.24304660000004
4902,205,186.19850732499995,191.6178969
4903,205,249.49041082500008,244.7257619999997
4904,205,229.95243402500003,247.78410247499994
4905,205,284.99844265000013,254.22562859999985
4906,205,349.28867812500016,235.25843805000002
4907,205,314.74435945000005,322.36276669999984
4908,205,379.1712678250004,331.7534999499999
4909,205,336.8177729249999,402.3673431499999
4910,205,365.8554654750002,326.67311140000004
4911,205,292.83651352499993,327.761208225
4912,205,430.3970492000001,333.4058106499998
4913,205,366.09195802500005,302.9832054999999
4914,205,421.5467479250001,284.4542587249998
4915,205,347.1592329750001,350.9233268249998
4916,205,338.88344300000006,282.0111222999998
4917,205,324.04669980000017,330.11042789999993
4918,205,309.9477494749999,319.2241440749999
4919,205,252.7514575500003,343.53794365
4920,205,238.31968185000022,277.4696957750001
4921,206,215.70595025000006,187.94446374999995
4922,206,190.00075240000012,206.75734152499996
4923,206,218.79426747500003,182.00789395000004
4924,206,189.00901750000014,191.74259454999992
4925,206,213.80530050000013,173.45571427500002
4926,206,207.6480664000002,212.80930317499997
4927,206,216.33916070000026,243.90968789999988
4928,206,256.65392607500024,253.0967989249998
4929,206,280.57551722500006,288.490820675
4930,206,310.7690933000003,353.1611070499998
4931,206,294.97941504999983,353.15113899999994
4932,206,276.1274152000001,281.1469927249999
4933,206,276.90003617499997,302.449894525
4934,206,334.4611240500001,298.27761172500004
4935,206,330.9555617250002,373.3246549749999
4936,206,345.2528736500004,385.8224586499998
4937,206,314.82114887500006,356.01568147499984
4938,206,321.52140619999994,351.33647474999987
4939,206,346.05753504999996,307.99223765000005
4940,206,352.50378317499997,309.8480356749999
4941,206,354.74839347499994,350.8455967499998
4942,206,327.19857397500016,352.86716727500016
4943,206,266.02554470000007,293.91798574999973
4944,206,253.72143837500033,298.46931770000003
4945,207,165.60056507500002,185.22780219999996
4946,207,156.185793,169.36056387500005
4947,207,197.3850741500002,212.70503159999996
4948,207,180.54865445000013,182.31990109999995
4949,207,200.56987272500012,193.9173442749999
4950,207,201.79417820000003,216.3259314500001
4951,207,258.39178715000014,193.29475477499983
4952,207,292.23373652500004,259.34207964999996
4953,207,331.2730817250003,318.4476013999997
4954,207,397.34920455000054,376.24723835
4955,207,386.0060635000002,308.033740575
4956,207,323.70666870000014,290.25762769999983
4957,207,289.2138274500004,276.3752323250002
4958,207,333.53630532499994,330.05077815000004
4959,207,289.62718395000024,372.1928327249998
4960,207,347.97598185000027,338.89826252499995
4961,207,360.72629582500025,376.4641975249998
4962,207,316.0435239750006,334.41157454999995
4963,207,313.9249896000001,296.92892397500003
4964,207,277.65616020000004,335.9860095500001
4965,207,264.8830446250001,267.12106457499993
4966,207,273.2441005500001,269.43848784999994
4967,207,239.10580377500008,297.6404541999998
4968,207,222.35710630000028,259.6046078499998
4969,208,203.62414897500003,244.40917837500007
4970,208,216.6638231000003,185.27681332499995
4971,208,157.90833862500017,159.67466517499997
4972,208,150.94883637500004,183.1205178
4973,208,212.46795490000005,162.05788212500002
4974,208,213.4669759499999,188.35545222500002
4975,208,207.6213620000001,180.5777301750001
4976,208,275.56588532499995,272.0397048249997
4977,208,299.8586551500001,278.007332625
4978,208,317.04490932499994,327.2756897999999
4979,208,294.1141565500004,378.11565637500007
4980,208,351.5399802500003,402.847848625
4981,208,384.1350537000001,377.3241178000002
4982,208,353.9680346500003,330.0100551749998
4983,208,292.002288925,290.91397905
4984,208,335.5099982750001,348.34502649999996
4985,208,304.9233791500001,381.913834175
4986,208,378.2086678000001,329.2954321750001
4987,208,333.8766766750001,277.81635852499994
4988,208,250.4827562500002,353.98128009999976
4989,208,362.5931919000002,357.3740642999999
4990,208,274.72687767499997,294.79427929999986
4991,208,298.5424686500001,301.1047445249999
4992,208,239.7314696000001,257.7627263750001
4993,209,233.104277925,208.20138492499984
4994,209,179.7015447500002,219.01325187499995
4995,209,137.716621525,208.291429925
4996,209,172.96404512500027,218.97569154999985
4997,209,201.03737687500006,197.1134396749999
4998,209,213.0791307500004,197.57301434999994
4999,209,207.63723364999993,197.13678897500006
5000,209,191.16732545000002,279.25482505
5001,209,243.58022640000016,253.77333612500013
5002,209,292.9495977750005,205.10150587500002
5003,209,281.38362935,261.65089062499993
5004,209,333.50475160000036,299.74130457499996
5005,209,309.2281565999998,281.6855507500001
5006,209,331.1286152250002,292.1505773999998
5007,209,282.5047154000001,353.1657662249999
5008,209,321.49322300000034,331.47579517500003
5009,209,384.06538322500023,325.4256205999999
5010,209,305.7922141000001,310.5337847999999
5011,209,361.03955932500037,273.0699760500002
5012,209,307.720432425,343.12369917499996
5013,209,276.014924575,275.23941994999996
5014,209,378.7361903750001,233.69694212500002
5015,209,310.9125563250001,218.15599670000006
5016,209,242.28053520000034,208.11860067500004
5017,210,212.1711939500002,245.1827374749999
5018,210,174.67667375000002,244.9828962249999
5019,210,188.8772589750001,202.19593862500003
5020,210,190.91259972499992,183.73059990000004
5021,210,221.69928045000006,193.14883517500002
5022,210,192.52002617500005,164.17546904999998
5023,210,234.80868962499997,206.52851124999995
5024,210,240.8217234000001,270.15877502499984
5025,210,244.42452787500022,251.5284188
5026,210,247.09527215000014,219.33544879999994
5027,210,272.8447964750001,275.1714659249998
5028,210,416.8496503000002,352.711608325
5029,210,345.26955802500015,245.97951762499997
5030,210,315.7903211500003,296.622248
5031,210,319.04883070000017,335.67057462500003
5032,210,352.6172366750003,406.8070360999999
5033,210,295.59988654999995,347.02557312499994
5034,210,342.8448348500005,328.2287418500001
5035,210,316.1235834000005,293.0466324749997
5036,210,337.75506605,268.26827074999994
5037,210,354.779360825,284.6479796499999
5038,210,303.54650820000006,290.930432325
5039,210,261.92826822499984,225.31379654999984
5040,210,314.0922464500003,240.273008625
5041,211,196.55239630000003,170.98988937499996
5042,211,195.97492732499995,193.3733504999999
5043,211,201.43649695000013,166.87166274999998
5044,211,215.28541572500055,165.33242277500003
5045,211,234.91153257500008,217.064319
5046,211,249.63120324999994,255.10883492499977
5047,211,236.087866775,187.88693594999998
5048,211,272.17170107500016,241.11558952499988
5049,211,258.82043035000066,306.0532837999999
5050,211,372.29301172500016,323.36274242499985
5051,211,355.89675730000005,300.74959719999987
5052,211,264.93496607500003,359.8490910500001
5053,211,373.5824961250001,335.95518645000004
5054,211,312.81506855000066,372.46312025
5055,211,388.14293520000035,398.6991071749998
5056,211,461.1293851500001,332.48092667499986
5057,211,450.04899390000065,360.262180375
5058,211,423.1830669250004,349.600728175
5059,211,315.5913573749999,347.9585188999999
5060,211,281.50065577500004,391.86851569999976
5061,211,268.0941683500003,334.41906714999993
5062,211,288.7642785249999,372.925006425
5063,211,227.21784192500013,338.746940075
5064,211,249.14830552500015,267.94446692500003
5065,212,185.30129879999993,202.2412079749999
5066,212,154.73421394999997,191.43595615
5067,212,192.57932942500005,190.78719174999992
5068,212,174.8152140750001,215.86707654999992
5069,212,161.11091057500002,214.27079032499995
5070,212,208.52245184999992,201.8954405
5071,212,260.3154484500001,256.999037775
5072,212,282.79793082500015,298.30881147499997
5073,212,310.6775625750005,325.7959994749999
5074,212,360.31419912499996,345.45002914999986
5075,212,327.2450463500003,397.9112338749999
5076,212,384.2880851000001,373.03942682499996
5077,212,342.30890745000056,372.39090877499996
5078,212,312.2367435749997,424.7348099749998
5079,212,403.57374332500046,365.8274060749999
5080,212,324.6316996250001,308.2433772749997
5081,212,347.4340703250001,297.95923767500005
5082,212,347.9045216500001,393.7446366000001
5083,212,314.3449411000002,390.617630325
5084,212,317.22111435000033,348.15585042499987
5085,212,370.5170401000003,337.53785422500005
5086,212,301.41743345000026,290.4029245499999
5087,212,242.3223767250002,251.7048219
5088,212,212.51302359999994,272.99807152499994
5089,213,212.94861425000016,175.0652552749999
5090,213,225.16096402500017,211.03098782500007
5091,213,229.2270893250004,180.21745359999997
5092,213,180.0907003750001,185.3263546749999
5093,213,169.85808850000012,152.5282501249999
5094,213,215.68473122499998,243.59263712499995
5095,213,206.71768647500022,188.96830502499998
5096,213,257.0082045999999,229.38784219999997
5097,213,368.4250425750006,306.50922457500013
5098,213,374.3282041250002,337.4888315499999
5099,213,469.2332957000003,376.87298409999994
5100,213,441.63349027499976,466.198404125
5101,213,323.02341065000076,352.88036185000004
5102,213,350.7341595500001,351.726785575
5103,213,327.2582981000003,359.6096498499999
5104,213,459.5969970000008,413.1132551249998
5105,213,393.1753292750003,306.96564182499986
5106,213,331.4608621499998,332.49398275
5107,213,347.46882785000014,344.1012467249999
5108,213,346.33943094999984,338.48677425
5109,213,353.76437695000004,300.5790757
5110,213,303.75510682499987,230.232015725
5111,213,301.2065972500001,277.04426654999986
5112,213,242.99675407500035,219.55496214999982
5113,214,230.28680642499995,266.73775645
5114,214,262.12311392500015,225.4509579
5115,214,226.383720875,194.32359227499984
5116,214,175.91534182500004,216.798939
5117,214,193.51713082499998,194.08719977500004
5118,214,225.10827020000028,218.36084722499987
5119,214,252.1164126750005,274.84852574999996
5120,214,257.4403943,269.2585639749999
5121,214,284.08923677500024,336.00724554999977
5122,214,323.43122265000005,314.81500032499997
5123,214,328.7589042500002,352.07129129999987
5124,214,399.6982316750002,407.6779009749998
5125,214,319.81503520000035,347.3097787999999
5126,214,388.69740662500027,377.52234452499994
5127,214,342.00920610000014,455.26517279999996
5128,214,337.44479620000055,408.3356696499998
5129,214,315.42991485000005,384.17652780000003
5130,214,373.1795416250004,506.4398243499998
5131,214,351.0792738000001,374.277085575
5132,214,280.8574075000002,422.41640912499975
5133,214,289.97769137500023,435.08676642499995
5134,214,332.50251902500077,303.7604356749999
5135,214,282.47829827500004,294.7866250499999
5136,214,297.4707162000005,285.51372875
5137,215,266.5101919499999,197.67265754999983
5138,215,263.2135525,222.62021234999986
5139,215,218.09217307499998,182.67374727499998
5140,215,206.60801417499982,228.09372570000005
5141,215,177.0153514500001,177.15883252500004
5142,215,255.87520994999994,202.29749120000002
5143,215,181.55176412499998,241.20152620000002
5144,215,282.044279275,305.81244685
5145,215,338.3682643500001,333.60609677499997
5146,215,263.9515592750001,308.5103082999999
5147,215,322.2058535,339.9694356250002
5148,215,394.78453652500014,321.452867225
5149,215,326.6048965250002,312.81590575
5150,215,336.5965123750001,284.57287497500005
5151,215,347.4722082750002,374.0892967499999
5152,215,397.39309115000015,342.99069065000003
5153,215,314.9764392500002,305.54286680000007
5154,215,319.6154379750003,290.86728142500004
5155,215,303.75146962500037,291.03780889999985
5156,215,327.6252462750003,263.1240023499998
5157,215,319.3366931000005,287.856638275
5158,215,278.79720765000036,314.845004125
5159,215,320.6609571500002,287.07106222500005
5160,215,299.0864818000001,254.02973774999998
5161,216,274.57274602500047,235.87685445
5162,216,226.69342622500022,214.96709369999996
5163,216,217.90906779999992,197.67540767499992
5164,216,187.18528937499994,186.97347807500003
5165,216,226.38513142500005,182.0618528
5166,216,252.65947867499995,213.29743415000002
5167,216,212.9658502250001,187.98620292500004
5168,216,217.97292205000042,246.93768539999994
5169,216,281.5058257,289.8070059749999
5170,216,263.6248449750001,314.96261352500005
5171,216,320.3954545,301.8386728499999
5172,216,296.9448975999999,245.7400575
5173,216,306.874206425,282.92654044999995
5174,216,388.7819506000001,325.76095447499995
5175,216,274.43095070000015,335.6446503249999
5176,216,368.20993950000013,299.95386072499997
5177,216,339.5665453750001,345.9768514999999
5178,216,302.78657325000006,300.9079085499998
5179,216,365.8847751750003,315.6999828249997
5180,216,323.52261157500004,274.167176375
5181,216,326.14626820000007,282.07105957499994
5182,216,314.1509636249998,303.845836475
5183,216,322.197195025,277.97113289999993
5184,216,294.80696405000026,245.049222375
5185,217,270.7385853750002,264.36164564999996
5186,217,213.6682553000001,214.53684540000003
5187,217,192.10807742500015,176.6393648499999
5188,217,199.93617379999992,192.06845825000005
5189,217,205.13269172500023,212.09132972499998
5190,217,208.08155654999982,221.17920687500003
5191,217,203.07627079999986,209.3232181749999
5192,217,266.64591257500024,214.9866548499999
5193,217,267.09823687500017,250.1067247999998
5194,217,326.5096008000001,291.07184647499986
5195,217,308.64394490000006,358.16868644999977
5196,217,299.10461435000013,289.30420487499987
5197,217,305.8819813000001,326.51142172499993
5198,217,379.6287959000001,306.3937253
5199,217,304.2949173500002,340.7982414000001
5200,217,359.5393901250001,300.3219581249999
5201,217,307.62334432499995,292.84471915000006
5202,217,311.16324365000014,231.88437894999993
5203,217,361.62033842499994,378.99103009999993
5204,217,367.89263665,378.8187973499999
5205,217,382.41937995,284.29303477499997
5206,217,373.4018708000003,325.4137477500001
5207,217,240.52373685000003,283.11884587499986
5208,217,230.4247098500002,240.0736132749999
5209,218,203.80918317500004,177.64973064999998
5210,218,196.00541437499982,185.06134807499984
5211,218,187.17282955000005,233.40937379999997
5212,218,198.62750477500026,237.46215382499992
5213,218,218.90241780000008,223.9953713
5214,218,235.0554654,248.2641128749998
5215,218,244.51197560000014,241.76580755
5216,218,237.92180704999998,242.8056934249999
5217,218,256.79704330000015,369.65976485000004
5218,218,396.57975027500015,327.6042181499999
5219,218,378.3481438500001,422.2369980999999
5220,218,322.00079665,380.31365172499994
5221,218,490.52876207500015,431.4709217499999
5222,218,409.63286525000024,367.1898570000002
5223,218,354.1747804250001,370.5831325249999
5224,218,404.6042515749998,365.86907952499985
5225,218,403.9254350250002,372.90282054999994
5226,218,421.72883525000015,424.381055575
5227,218,319.1879978499999,486.72405502499987
5228,218,380.9983341000003,411.06128517499997
5229,218,319.0236076,423.1306028999999
5230,218,387.4671078250002,422.51239467499977
5231,218,263.81976315000054,292.06623490000015
5232,218,264.0558351750003,260.07266542499997
5233,219,185.4380366250001,228.3227100749999
5234,219,191.2066781000001,175.71948102500005
5235,219,213.7324091250001,208.13172662499986
5236,219,210.84727919999995,201.75562029999992
5237,219,231.53868272500014,174.1920771249999
5238,219,189.22278875000006,213.45391962500003
5239,219,271.76933010000016,233.75485944999994
5240,219,278.27837675000035,291.66196829999996
5241,219,308.8674876,284.0690658499999
5242,219,315.4742478500001,365.8708801999999
5243,219,302.5161017500003,439.43668
5244,219,441.507800525001,393.75445549999995
5245,219,480.5452734500001,427.89908200000013
5246,219,468.0874748750003,367.0175665749998
5247,219,400.91248462499976,375.2664986499998
5248,219,418.55091637500004,387.82580402500025
5249,219,415.74115995000034,427.85893225000007
5250,219,388.3068236750004,407.02253712499976
5251,219,448.82337785000027,341.00990009999964
5252,219,473.33674362500017,286.0476449250001
5253,219,401.9858433999999,341.44344320000005
5254,219,332.63916327500004,323.9853053499999
5255,219,311.36742964999996,290.13355817499996
5256,219,291.18017065000015,288.7772151749999
5257,220,225.084164875,218.69582987500007
5258,220,234.26146857499998,212.21309804999999
5259,220,220.51330385000003,207.7215798499999
5260,220,241.27398387500006,214.93082507499997
5261,220,253.28856882500014,183.58138374999996
5262,220,286.64564697500015,207.33862392500015
5263,220,304.44706332500033,213.17766957500004
5264,220,310.44950595,266.8202665750001
5265,220,218.90341337500004,281.2183274749999
5266,220,355.25102477500036,352.9927965999999
5267,220,372.9272477,360.6822782749999
5268,220,354.8674117999998,376.1051890749999
5269,220,382.00594355000004,407.1770845499999
5270,220,396.3769291499999,503.78174557499983
5271,220,368.4391676750005,532.098872725
5272,220,336.2648483250002,407.4901202749999
5273,220,389.63512625000004,404.5449506
5274,220,357.06382897500055,489.0853355999999
5275,220,434.96407255000037,380.04936635
5276,220,417.2790502250002,341.5775159000001
5277,220,457.9300523750004,335.318425675
5278,220,380.0310546250001,298.6375452
5279,220,307.5085312000003,309.40546567499996
5280,220,303.81437655000013,289.27497595000017
5281,221,207.04788590000027,259.4787906
5282,221,218.5640150250003,237.57719045000005
5283,221,191.4115280500002,225.7885389
5284,221,197.06990802500013,214.59552605000005
5285,221,262.83218275000024,228.95872275000005
5286,221,175.96833044999983,176.96849302499996
5287,221,240.0631652750002,272.48874885
5288,221,293.72964297499993,257.5061324249999
5289,221,284.7881284249999,384.88196527499997
5290,221,376.1790921250004,385.9396428
5291,221,394.09575084999983,380.44366497500005
5292,221,531.1577599250007,383.82343624999976
5293,221,339.0412997000002,297.790528825
5294,221,428.1817009500003,438.3643173
5295,221,370.07975820000036,359.34967982499995
5296,221,436.29578042500066,293.9448363500004
5297,221,423.26051427500033,398.9905767749999
5298,221,421.5202283000001,377.2130847250001
5299,221,433.3595978000001,434.3832632499999
5300,221,457.24181872500003,335.7501570500001
5301,221,386.50945020000006,391.26158774999993
5302,221,267.6312981000001,310.76373159999974
5303,221,278.64895952499995,280.8067076
5304,221,262.03546622499994,275.8607076249999
5305,222,265.1440865500002,270.5561989499999
5306,222,240.52761725000013,226.19897274999988
5307,222,171.3332710499999,196.31320072499997
5308,222,217.76685542500007,249.11890510000003
5309,222,213.65093637500007,222.51084532500008
5310,222,234.8063810000003,202.06141342499987
5311,222,261.79563677500016,212.0878666249999
5312,222,268.1834217000003,226.73485517499992
5313,222,300.1684400000001,277.09855674999994
5314,222,308.3130404250004,386.5053051499998
5315,222,483.2562240750002,378.0008156749998
5316,222,421.6227382000004,400.368259425
5317,222,411.14011157499965,481.69898709999995
5318,222,370.6535271749999,424.40862504999996
5319,222,453.35051372500016,366.5894617000001
5320,222,402.95915095000015,396.72668294999994
5321,222,440.88541562500035,376.5504524249998
5322,222,351.1341120999998,354.12047044999963
5323,222,423.8049574000004,406.0979138999998
5324,222,378.2523988000004,364.2119840999998
5325,222,346.7820981,351.6120011999999
5326,222,280.16712410000014,310.599365925
5327,222,344.79341462500054,292.620578775
5328,222,278.2625452500001,357.25008649999995
5329,223,252.87547252500013,274.4013452500001
5330,223,239.66480520000022,229.90716764999988
5331,223,220.49690239999995,219.7811703750001
5332,223,191.66957365000002,216.63410744999987
5333,223,226.7307318,202.83697422499995
5334,223,209.55369517500023,208.32340205000008
5335,223,254.54677140000013,233.39930617500002
5336,223,267.2259838750001,353.05616732499993
5337,223,299.6151243000002,316.9588326249998
5338,223,309.88494189999994,351.4103227249998
5339,223,349.3933185249999,336.8823110749999
5340,223,335.0368494750002,413.0531487749999
5341,223,363.10527672499995,368.5046747
5342,223,380.9972738749999,430.2974222749998
5343,223,305.3333975000002,405.2088985249999
5344,223,389.3059101500001,400.23096572500003
5345,223,336.4389395999998,485.5712306500001
5346,223,354.3459083500002,466.9508855499997
5347,223,425.0980842500003,288.92914814999995
5348,223,368.98783715,411.61974177499985
5349,223,362.5241874500002,327.00880369999993
5350,223,344.98600855000007,366.3483802500001
5351,223,284.5013902500001,275.98866359999977
5352,223,317.9358940500001,288.12564279999987
5353,224,236.45579417500022,281.03854829999995
5354,224,211.50691102500025,206.61465825000013
5355,224,228.27950457500003,228.96730297500002
5356,224,204.91169725000026,254.5743549749999
5357,224,218.2482730750001,247.96035205000015
5358,224,215.8645892250003,240.4094206249999
5359,224,250.5006399999999,275.74676797499995
5360,224,218.44558070000002,271.457796675
5361,224,284.2975699750001,263.7262978500001
5362,224,334.66263840000033,336.9837688749998
5363,224,305.7120390749999,329.215224875
5364,224,472.23336857500044,366.82840072500017
5365,224,545.545038275,392.514262725
5366,224,509.64074300000004,384.2730121249999
5367,224,453.72129245000053,356.1115371750002
5368,224,345.1596584750001,372.76649877499983
5369,224,300.16491770000016,320.0546011749998
5370,224,368.22701340000015,466.2655793749999
5371,224,348.3979707000003,447.8958549
5372,224,356.26768855000023,405.50926717499976
5373,224,301.015428475,270.6439068749999
5374,224,338.7314666250003,280.44958129999986
5375,224,286.3739487000003,256.67458779999987
5376,224,287.48879005000026,211.32335957499998
5377,225,238.05916275000016,313.88066589999994
5378,225,203.82466730000033,228.07818500000008
5379,225,212.90411225000017,189.98041335000016
5380,225,188.32818494999998,207.42335244999995
5381,225,208.96760339999994,233.2269249999998
5382,225,240.02422872500017,211.0971589999998
5383,225,210.48435952500006,335.01036052500007
5384,225,241.051394525,267.4580800249999
5385,225,309.5482094750001,285.6444145249998
5386,225,331.0459765000004,336.3844135000001
5387,225,325.7198452500002,382.71625307500005
5388,225,495.14274530000074,414.35056047499995
5389,225,395.0528709250002,382.2748632499997
5390,225,414.7609621250002,363.2827727499998
5391,225,430.13104660000005,530.1083269750001
5392,225,437.9779676000001,476.659559225
5393,225,412.5260555000006,433.65891927499945
5394,225,496.12924072499993,388.89652679999995
5395,225,376.91397042500046,348.27834237499997
5396,225,391.3601961249998,411.2894893000002
5397,225,491.24780575,380.5961927999998
5398,225,404.9579626249999,324.8727556249999
5399,225,314.0542316749999,315.17931327499997
5400,225,249.38501900000006,272.3670350499999
5401,226,234.39463377499993,252.48008537500004
5402,226,209.95095600000008,233.30617267500006
5403,226,275.3011511000002,252.48687314999995
5404,226,291.83470777499997,176.04090185
5405,226,277.8362394500001,184.66773699999996
5406,226,270.0116174499999,231.44092670000003
5407,226,192.1648544750002,300.4528818499997
5408,226,278.4210623750001,350.4866070749998
5409,226,287.3082805250002,310.79951057499994
5410,226,445.2257203750006,276.4004152499997
5411,226,402.49695110000016,407.00727492500005
5412,226,454.87626432499997,413.7228507999996
5413,226,429.9661756750006,482.6328838499998
5414,226,487.1760183500003,489.98300017500014
5415,226,398.1840332500001,473.8452708499999
5416,226,380.4926982500001,416.2073073749999
5417,226,390.97920872500055,431.0245155250001
5418,226,410.73717992500025,465.57429652499974
5419,226,393.44522975000024,384.01157504999986
5420,226,382.8154206500002,368.94189037499984
5421,226,364.65247759999977,389.89534032499995
5422,226,306.87039385000026,335.96756142499993
5423,226,302.45591212499994,282.07411672499995
5424,226,252.93561812500013,287.4838718999997
5425,227,237.3495541500002,271.8132089999999
5426,227,201.88608047500009,226.1978093500001
5427,227,215.17339699999997,207.30564467499985
5428,227,207.53276315000022,218.33636432499995
5429,227,264.31837610000025,198.49702409999992
5430,227,287.50106030000006,219.55782867499994
5431,227,279.7747846000001,230.0637164000002
5432,227,296.9221694250002,284.28602492499994
5433,227,371.8214838249999,383.6199219
5434,227,380.5791675500001,387.6176019999999
5435,227,439.09210117500004,389.771314425
5436,227,325.8449526999996,411.392643025
5437,227,315.10549367500005,338.36964192499966
5438,227,404.8745135250004,381.73958315000004
5439,227,298.8440356000001,448.42216462500016
5440,227,402.80042825000027,438.69050895
5441,227,449.27998295000015,490.37101162499994
5442,227,412.9250757750004,482.47156369999976
5443,227,338.7175222000002,419.5261558999999
5444,227,392.27113152499976,365.2932708249998
5445,227,304.3603990250001,306.956092925
5446,227,345.74573272500004,316.25014992499996
5447,227,323.9850474750003,239.50911309999987
5448,227,253.48209502500052,257.84623032500014
5449,228,246.23894634999988,242.86312255000007
5450,228,230.56396715000017,224.72429575000007
5451,228,248.9909051249999,270.14705760000004
5452,228,223.185806625,221.09730562499988
5453,228,228.23351317500007,227.17529362500017
5454,228,246.67503615000004,242.54990602499987
5455,228,274.5593319000002,299.22699715000005
5456,228,296.53996362500015,337.614207275
5457,228,390.49103807499995,354.95269789999986
5458,228,414.7375296749997,414.64393827499987
5459,228,359.9260127250001,433.0386902749999
5460,228,329.3656406499998,355.03950519999995
5461,228,387.5015108500005,409.643036875
5462,228,314.56151109999996,439.3639536499999
5463,228,391.3973511749998,395.3978050749999
5464,228,392.72885437500054,368.5927480499999
5465,228,404.11197092500015,373.89424727500005
5466,228,359.2509003249999,384.62199754999995
5467,228,342.5145470750001,319.06510107499986
5468,228,337.967482575,338.1598565499999
5469,228,312.02765179999983,308.5467317749999
5470,228,295.20833050000005,302.6330153250001
5471,228,327.81308145000014,248.38998627499984
5472,228,265.0572046749999,226.48114012499994
5473,229,215.64969932500014,258.24793182499985
5474,229,167.75361530000015,246.85335359999993
5475,229,163.53599320000018,190.950365575
5476,229,189.37995915,181.61326862499993
5477,229,206.93357602499998,206.37046457499991
5478,229,200.68044370000015,180.86697310000005
5479,229,264.45070627500013,212.6342961499999
5480,229,344.5862573750002,288.37925160000003
5481,229,352.1444291750005,343.1634957
5482,229,338.16226989999996,352.9675187
5483,229,295.81507260000024,381.7686835249999
5484,229,323.2001607500002,366.9339991499999
5485,229,357.6975676250002,385.77958187499996
5486,229,337.720732375,415.7327275499998
5487,229,408.9403852250003,452.12679824999987
5488,229,345.33804680000026,391.77572045
5489,229,417.15193680000004,393.12717239999984
5490,229,403.2086654000005,446.69403845000005
5491,229,421.0269931499999,464.55346337499986
5492,229,383.6252346250001,375.5851093499999
5493,229,421.26348802500024,363.48289372500017
5494,229,350.45809135000013,339.3614079749998
5495,229,310.1487810500001,306.805990275
5496,229,297.26749252500014,234.60847124999998
5497,230,234.16459747500005,260.32120089999984
5498,230,239.82140435000022,265.17609917500005
5499,230,197.53382112500015,257.6488517749999
5500,230,199.99350260000003,254.50238519999994
5501,230,178.3575800000002,241.0626054999999
5502,230,234.81642362500014,234.2080090249999
5503,230,199.7739133,281.54511447499993
5504,230,219.7780135500002,287.1280287749999
5505,230,283.02048320000006,297.4441964
5506,230,309.7139191000001,334.65369032500007
5507,230,355.7659824000001,374.52922394999996
5508,230,330.9279070000006,308.22369619999984
5509,230,352.26122605000035,326.810501375
5510,230,265.8208525250001,365.2758891499998
5511,230,298.2988898750003,456.2077139999999
5512,230,343.96281845000027,364.6609743749999
5513,230,347.6184226999999,386.64296617499997
5514,230,399.7744339000003,409.94836612499967
5515,230,351.33291000000014,375.3601785000001
5516,230,325.7326529750005,377.30429632499994
5517,230,245.38145765000002,271.3803549999999
5518,230,340.38908152499994,315.5026370999998
5519,230,252.47123527500023,291.6932821999999
5520,230,243.6564642000002,236.38618332499993
5521,231,250.15504705000004,184.62358435000013
5522,231,235.0291381500001,184.81614244999986
5523,231,228.97188585000015,220.69158929999986
5524,231,224.82026079999991,228.77915425
5525,231,245.19321130000026,221.6263788999999
5526,231,251.44797390000014,233.96936344999983
5527,231,241.82860560000017,247.52297192499992
5528,231,295.41223125000045,232.99916607499992
5529,231,354.0980831750002,244.88338797500006
5530,231,367.8682559000001,417.1082067499998
5531,231,231.99413644999998,295.6689691249999
5532,231,380.8254550999999,294.19063774999984
5533,231,331.64559735000034,374.4694605249998
5534,231,376.39465404999993,420.1497016249998
5535,231,239.67551860000015,406.66177742499997
5536,231,425.984858125,382.93679207499997
5537,231,329.816697075,367.3242866749998
5538,231,272.81929182500016,308.2698559249998
5539,231,324.55052560000047,306.911214425
5540,231,344.39799304999997,304.9289799750002
5541,231,312.95614942500004,293.6444336000002
5542,231,281.55954677499983,251.90054540000003
5543,231,254.32470875000018,280.72945860000004
5544,231,224.01604925000032,248.44816774999995
5545,232,255.09258235000033,181.41611895
5546,232,162.4808362500001,219.91423922500002
5547,232,164.46195782500007,182.671797425
5548,232,188.77431790000017,216.42951555000002
5549,232,241.9617278250003,191.01893467499997
5550,232,241.25716730000005,217.80655782499994
5551,232,324.33159100000023,249.91060885000002
5552,232,283.869885875,240.4050490249997
5553,232,290.7994051500001,317.88789189999983
5554,232,351.58189792500013,261.2239346499999
5555,232,334.2989367499996,262.9823500000001
5556,232,355.22767150000004,402.2846890750002
5557,232,340.2510481750003,339.0604415749998
5558,232,427.0623225750003,394.911996575
5559,232,358.7381352750001,340.3477703
5560,232,420.92044885000007,358.87863922500003
5561,232,382.3066447000002,449.4082271
5562,232,436.472884925,375.7433155
5563,232,403.13096780000035,478.84194227499984
5564,232,370.15166205,382.77326664999987
5565,232,318.9357607500001,364.0103201249999
5566,232,356.37968022500013,319.8374244
5567,232,333.24362757500035,331.6739872250001
5568,232,288.7118140500003,265.144109825
5569,233,223.4351036,250.9861575999998
5570,233,217.9418441250001,206.21906967499996
5571,233,268.6627877750002,190.02782580000004
5572,233,231.32578202500036,207.11941594999985
5573,233,225.90964832500015,201.74290324999996
5574,233,281.51596010000026,263.26317589999996
5575,233,255.26769460000014,272.0475456999998
5576,233,260.364961875,290.3474776749999
5577,233,331.9995018000002,289.41000222499997
5578,233,356.51454082500027,303.5282705999999
5579,233,371.80984395000024,380.6705075249997
5580,233,428.58700209999984,406.8918442999999
5581,233,355.2937402250002,412.39443645000006
5582,233,396.7340742750001,356.64737632499987
5583,233,434.5185760250001,385.3762696749999
5584,233,366.23609030000046,384.32576789999996
5585,233,245.20139427500013,360.247015625
5586,233,264.08571130000036,391.22038737499986
5587,233,369.2179856000003,326.4087827499999
5588,233,336.4289983000001,363.3340952249996
5589,233,356.4795796000002,321.6985306999999
5590,233,280.2096436250001,385.20654552499985
5591,233,333.348466925,347.9215023
5592,233,271.76393089999993,224.9350299249999
5593,234,233.91399930000014,255.50597942499994
5594,234,265.8333001750002,188.43342137499994
5595,234,247.78151562500022,199.47782092499997
5596,234,212.395406875,195.44037357499997
5597,234,245.11352885000008,171.22273947499983
5598,234,242.54151977499998,217.30838052500002
5599,234,280.961644625,273.9229886500001
5600,234,296.3397588250002,327.478334975
5601,234,326.106959125,301.45139137499996
5602,234,293.99691325,329.7502187749999
5603,234,283.9127707499997,384.7831890999999
5604,234,270.0620302749998,331.76173670000003
5605,234,293.7781691000001,357.4377096499999
5606,234,349.14801419999986,324.3585269
5607,234,391.3331663749999,308.0521742250001
5608,234,281.7303423750002,271.048575875
5609,234,348.9176881250004,355.23781544999986
5610,234,369.3094960500002,356.7175846749998
5611,234,414.4227802250001,346.897786125
5612,234,343.677647225,241.34219117499993
5613,234,298.901951975,347.3884203999998
5614,234,322.39217862500016,328.18000424999985
5615,234,250.03578712500007,216.97785305000002
5616,234,261.3274547000001,280.776666275
5617,235,184.81367675000004,215.67086497499992
5618,235,174.11377474999995,221.47923180000004
5619,235,182.96324354999993,201.62527134999993
5620,235,169.15746292500012,211.84297789999994
5621,235,190.75709047500015,228.03352774999996
5622,235,190.34692797500003,265.81351895
5623,235,250.35957342499984,307.601267475
5624,235,240.93257430000028,273.32530187499987
5625,235,252.04796072499997,305.5784415999998
5626,235,319.6995313500002,329.41601412499983
5627,235,323.36784342500016,443.99847394999995
5628,235,361.9360027250009,362.5818808249999
5629,235,270.56541505000007,358.03200427499974
5630,235,320.9508043249999,350.0823310499999
5631,235,403.6803574249999,294.2477211749998
5632,235,392.1205364750003,244.7449519999999
5633,235,315.36808459999986,310.1629300999999
5634,235,320.12773552500005,439.6649207999999
5635,235,290.23138637500017,317.49648894999996
5636,235,333.53420767500006,281.90086277500006
5637,235,390.1063852000002,353.82729384999993
5638,235,277.6039783749999,313.85264410000013
5639,235,267.2074944750001,268.20157437500006
5640,235,246.22829764999983,218.79258162499983
5641,236,230.62691757500022,203.15994947499996
5642,236,215.8327745500002,194.85444222499984
5643,236,199.71061255,185.87449135
5644,236,167.56867840000007,198.12804942500003
5645,236,200.76765427500015,230.19726007499986
5646,236,212.25410275000002,234.44708714999996
5647,236,243.66458995000033,287.7129658749998
5648,236,260.15331555000006,332.4138233249997
5649,236,308.5325772000001,318.3929183500002
5650,236,338.5202877750003,458.4786349999999
5651,236,387.2635767250001,346.3441573249999
5652,236,358.731076325,387.165505425
5653,236,338.8250590000003,298.45995222500005
5654,236,345.25317739999997,314.52461412499997
5655,236,368.67673405000016,318.7832038000001
5656,236,352.454989325,386.75431735
5657,236,384.3725836749999,378.259537875
5658,236,351.97477100000026,388.77228157499997
5659,236,371.4921296,301.04871802499986
5660,236,377.3704950499998,409.0883898999999
5661,236,319.6425534250002,296.14915334999995
5662,236,287.2912138499999,266.1661243499998
5663,236,297.79441565000013,235.8313083499999
5664,236,281.8737792750001,240.91590322500008
5665,237,193.86596922500007,207.24390835000003
5666,237,187.77031747500007,195.26751277499994
5667,237,195.91731755000006,231.82265047499993
5668,237,261.5931996500001,239.59954334999995
5669,237,219.11265679999985,201.17872375000005
5670,237,222.69724005000026,209.5903679
5671,237,273.24654717500005,211.98625944999995
5672,237,237.20046412500017,279.8793905499998
5673,237,321.68649075,259.55999104999995
5674,237,306.7214610000002,304.711031875
5675,237,319.00411692500006,237.22493299999985
5676,237,331.1917747249999,339.75849467500007
5677,237,319.44763640000014,359.60621617499993
5678,237,362.7776905250001,301.0357690249998
5679,237,351.0741885,323.50192429999976
5680,237,368.5611311250003,293.9185867
5681,237,348.32965672500023,342.8032737499999
5682,237,362.29354095000014,298.1718531749999
5683,237,283.48271520000014,279.8875284500001
5684,237,404.7095875000002,301.180007625
5685,237,306.96672534999993,318.1510242999997
5686,237,269.19518670000014,272.13181482500016
5687,237,226.56394810000006,261.7922108250001
5688,237,250.2130177250001,238.69736474999996
5689,238,252.42077525000002,208.59069734999997
5690,238,249.78187112500018,153.87978139999984
5691,238,211.39310612500043,182.6829160999999
5692,238,156.45847107500015,150.57753972499995
5693,238,198.12185050000016,165.02736802499987
5694,238,202.68432137499994,214.37958452500007
5695,238,231.53294510000038,213.79143457499993
5696,238,188.47196627500017,219.692990425
5697,238,207.67898357500007,293.78560455
5698,238,291.31452290000027,277.0733367500001
5699,238,319.37104995000004,270.5358737250001
5700,238,364.62911310000015,270.82732832500005
5701,238,373.710382225,372.0136835999998
5702,238,329.1571017250002,299.0328562749998
5703,238,354.65941732500016,268.560135
5704,238,324.3070810250001,252.136075225
5705,238,312.03016982500003,343.1229337249998
5706,238,260.7207919500002,296.5219465
5707,238,285.18669627500026,319.95874172499987
5708,238,264.86854465000016,306.958604875
5709,238,281.61807615000026,263.62045615000005
5710,238,265.73889762500005,287.7894592500001
5711,238,201.486644425,249.2116412999998
5712,238,183.95812515000003,242.35565314999997
5713,239,177.74944475000007,200.14476227499995
5714,239,159.87296030000016,148.91231140000002
5715,239,226.85516005000017,204.31430605
5716,239,189.18469047499997,169.88763534999993
5717,239,224.2901225750001,170.63692234999994
5718,239,265.6164826250002,182.49294540000008
5719,239,243.9356481750001,283.31436422499985
5720,239,277.34278215000006,288.083757925
5721,239,331.96424287499997,236.92361314999988
5722,239,308.3774440000004,365.2071867749999
5723,239,253.0091923000001,286.48125672499987
5724,239,294.0827830750001,401.1209149749999
5725,239,380.7232498999998,394.1246275249998
5726,239,390.57325900000035,429.1152637499998
5727,239,406.1535370500004,367.87648502499997
5728,239,378.5888438749999,373.01116579999984
5729,239,388.40322312499984,298.7528587499999
5730,239,406.2172491749998,312.28623067499996
5731,239,411.4145107000001,472.9620833
5732,239,450.74608747500025,301.7335502999998
5733,239,417.3138150250003,351.87833555000014
5734,239,340.2480688500001,359.7138518999997
5735,239,252.8166149500002,297.5400016750001
5736,239,259.218503725,221.29798124999996
5737,240,162.27384349999988,229.21707849999999
5738,240,241.48221652500024,224.672271825
5739,240,210.6554708000004,178.68618447499995
5740,240,216.00291337499993,260.3521036499999
5741,240,179.02279712500015,234.7584638999999
5742,240,244.0351839,214.14366889999997
5743,240,280.9228035750001,225.02040117500002
5744,240,279.54694312499987,258.8867266749998
5745,240,403.61747522500013,316.49296452500005
5746,240,426.78742395000006,335.63657520000004
5747,240,357.62057260000006,310.2602446000001
5748,240,393.18117730000034,427.1673333
5749,240,368.1919584000002,365.6061785499999
5750,240,361.86586727500026,354.71293407499996
5751,240,341.94960407500014,410.1784719499998
5752,240,359.8970100750003,414.4525562
5753,240,330.1431365750004,433.76886132499993
5754,240,406.57283389999986,375.56719284999997
5755,240,371.00809212499996,390.51715547499987
5756,240,361.1442465000004,451.88909689999963
5757,240,304.16160784999994,519.7063989999997
5758,240,322.2670148000001,413.73265387499987
5759,240,293.88255442499997,375.51402874999997
5760,240,266.8402521500002,312.6799863499999
5761,241,242.4825467000002,275.20775762499983
5762,241,172.74195344999998,232.13063782499995
5763,241,214.0209584999999,208.5562491749999
5764,241,244.83915495000005,268.67038984999976
5765,241,264.32729990000007,249.88282137499982
5766,241,253.6090035250004,191.18360659999985
5767,241,226.67086720000026,256.1397909500001
5768,241,298.2864725750001,247.74506872500012
5769,241,320.2927374750001,290.1848763
5770,241,298.0662755749998,320.0859509999999
5771,241,402.1783626500003,341.8894812499998
5772,241,444.5298170750004,448.88446692499997
5773,241,446.32614472499995,436.843054625
5774,241,400.6547313750001,322.1228536749999
5775,241,338.09364122500006,457.40067465
5776,241,383.35807682500024,385.6880954249999
5777,241,403.3310232750001,443.4516964250001
5778,241,440.70512797500044,407.32586897500016
5779,241,351.2172426000002,450.07572145000006
5780,241,336.2520755249999,384.9701591249999
5781,241,289.1426679000001,335.2567270499999
5782,241,284.630860525,310.0492533500001
5783,241,356.987836,309.3896842749999
5784,241,325.84006815000015,289.7963562750001
5785,242,221.10007972500006,212.37314002499994
5786,242,208.7307661500002,195.79642820000004
5787,242,221.11795197500015,210.86817142499987
5788,242,188.4090939500001,279.43676264999993
5789,242,206.68778252500016,227.96498415000005
5790,242,207.8013287249999,240.4388362749998
5791,242,277.3629475250001,257.25389114999973
5792,242,240.7196045750001,255.86629129999994
5793,242,312.276014475,295.845394525
5794,242,310.33077252500004,318.4779804249998
5795,242,452.4740883000001,285.067016975
5796,242,319.8098215,375.09171944999997
5797,242,373.2242131750001,334.13124525000006
5798,242,391.46517067500076,286.77479129999983
5799,242,417.6026236500003,413.7670373249998
5800,242,310.9697559749999,394.13154445
5801,242,394.2771863500003,319.93712147499997
5802,242,407.2723298250003,400.06065539999986
5803,242,426.6201891500002,322.05771682500006
5804,242,319.94527295000023,453.17903252499997
5805,242,332.76184979999994,329.9765629000001
5806,242,234.45365037499994,366.5281661999999
5807,242,306.08509952500015,251.5361526249999
5808,242,245.58828654999996,209.96518197499998
5809,243,260.04951407500005,165.51926287500004
5810,243,273.06682845000006,210.41017265000002
5811,243,248.04069977499987,167.5903973
5812,243,175.276307975,206.07985169999995
5813,243,239.75021882500027,203.84214615000002
5814,243,220.33566492499995,261.9430765999999
5815,243,225.38252325000008,224.93961512500002
5816,243,255.75293352500026,324.45354447499994
5817,243,294.6771533000001,295.642006875
5818,243,347.9301231750004,363.9570453249997
5819,243,307.84446737500025,401.65398487499994
5820,243,387.77336760000003,403.0718241999999
5821,243,411.3869479250002,332.12359894999986
5822,243,265.92413602499994,381.572821525
5823,243,299.9922494750001,384.4884065499999
5824,243,370.10107240000013,386.39819545
5825,243,296.8561998750005,408.7547634749999
5826,243,307.17122335000033,296.08652185000017
5827,243,297.11438252500045,366.8520041999998
5828,243,211.43675615000012,287.098730025
5829,243,321.98517537500015,333.7695581249999
5830,243,256.95135770000036,329.72135454999994
5831,243,250.6807767250001,315.3032957249999
5832,243,210.09491755000022,289.063254125
5833,244,188.295841775,223.52773217499995
5834,244,195.23088312500016,177.62976295000004
5835,244,181.77573017500023,227.49479672499984
5836,244,199.52678397499997,174.50441247499992
5837,244,186.16490815000017,146.06981922499995
5838,244,188.2701323,198.57230584999982
5839,244,240.9654322750003,252.27314939999997
5840,244,208.74888952499992,245.1249841749999
5841,244,256.5263407750001,208.5292994499999
5842,244,347.54461362500064,260.49123542499996
5843,244,341.860191725,291.7778868749999
5844,244,311.96644800000024,251.97146432499994
5845,244,333.39689212500025,281.33084685
5846,244,274.17614160000016,266.1870918249998
5847,244,382.4311552500001,266.01258142499984
5848,244,310.634649425,268.16240432499995
5849,244,350.6982615000004,354.8510834
5850,244,295.3647848000003,324.6072569749998
5851,244,382.1386232000003,376.9239182999999
5852,244,301.8841491499999,378.75216735000004
5853,244,305.09824342499996,291.18138595000005
5854,244,336.2230056750004,287.34615087500003
5855,244,272.1570658500001,242.43422619999996
5856,244,250.02387685000036,219.51971547499988
5857,245,202.67271327499998,186.32909144999996
5858,245,175.27318865000024,171.86464942500004
5859,245,186.79181960000017,188.90600615
5860,245,208.27090915000008,176.60472075
5861,245,250.06574134999994,214.02206177499994
5862,245,206.55431252499994,203.306597425
5863,245,196.94805537500005,234.06822074999997
5864,245,213.5662293499999,249.02167647500008
5865,245,201.031378625,253.86523617499998
5866,245,228.0984358250002,231.4782899999999
5867,245,294.97465880000027,299.34650857499986
5868,245,304.07580957500016,267.9553973750001
5869,245,434.29233800000014,304.7623140249998
5870,245,369.3681051500001,287.11992567499993
5871,245,295.1174690000001,263.796412075
5872,245,267.58953120000024,263.81612100000007
5873,245,253.90552702499997,315.40375322499995
5874,245,283.92493440000015,266.67546912499995
5875,245,307.5441647250002,310.5178214749999
5876,245,280.6108844250002,326.5827007749999
5877,245,296.3044277750001,266.2523305499999
5878,245,301.92960460000006,308.52469982499997
5879,245,243.80232685000016,292.95523140000006
5880,245,211.35117922499995,238.581446775
5881,246,166.63704444999996,151.68680065000004
5882,246,162.47348555000008,165.35780799999995
5883,246,156.36265612500006,158.23899904999993
5884,246,190.9323124749999,188.693531925
5885,246,186.51454860000007,212.55614189999994
5886,246,217.5332773250002,263.44217642499996
5887,246,220.61486975000008,257.4063845999998
5888,246,189.89458217499998,260.6628806
5889,246,199.6844828,252.54049109999994
5890,246,232.15942949999987,277.23558962499976
5891,246,293.58089992500015,260.5857626999998
5892,246,278.2537660250001,315.11216767499997
5893,246,293.2476809000002,293.0599459000001
5894,246,315.6824379250004,362.4029434249999
5895,246,329.52830740000013,357.4584883499998
5896,246,377.28811667499997,321.0047857999999
5897,246,343.2691123250005,292.29373529999987
5898,246,401.2124093250004,311.5561436499998
5899,246,329.46122482500016,329.3340683250001
5900,246,352.696526625,391.14828874999995
5901,246,286.3017349000001,345.399585375
5902,246,266.9282804750002,307.30305514999986
5903,246,241.74585847500012,317.1202535
5904,246,236.91678587500036,215.97142092499988
5905,247,231.7121379500002,222.088332875
5906,247,203.53843295,229.9406146
5907,247,201.6987651,170.87019529999992
5908,247,209.72522089999995,137.31615155000006
5909,247,196.34753897500036,243.61744667499994
5910,247,241.31471010000018,235.99900382499987
5911,247,301.33803322500034,265.80503812500007
5912,247,270.58834145000014,267.7911797749999
5913,247,243.70002242500013,301.1114855000001
5914,247,324.4967660250002,319.946865375
5915,247,412.07795009999995,333.25335344999985
5916,247,448.57676802500043,328.15619964999996
5917,247,338.74774637499974,346.24263520000005
5918,247,417.9894358749999,349.2948237999998
5919,247,514.6289693500001,372.1264043499998
5920,247,417.01971315000026,282.82778152499975
5921,247,430.26006709999996,280.986957525
5922,247,447.59435042500036,326.60609209999984
5923,247,395.6002360250003,390.493477675
5924,247,325.0569824500003,377.41972432499995
5925,247,328.87439302500013,325.1853207999999
5926,247,341.58746582500055,298.0934062749999
5927,247,290.5298820500001,276.9738448749998
5928,247,249.16344505000012,222.36451780000004
5929,248,186.96743470000013,193.826455575
5930,248,185.6869628500001,181.56804727499994
5931,248,213.0281160000001,140.96220657499998
5932,248,211.51803365000018,220.07315629999988
5933,248,180.0527798750001,163.83575837499995
5934,248,232.62798610000027,201.2214558000001
5935,248,272.91367597500005,217.03793539999987
5936,248,333.28836712500015,240.93277385
5937,248,393.3663126,258.76457407500004
5938,248,343.60266904999986,287.35186247499996
5939,248,261.0194516999999,376.9832048249999
5940,248,312.8887968500002,394.2320920499998
5941,248,341.049382575,375.80971509999995
5942,248,359.39162760000033,273.55914155000005
5943,248,353.31278799999995,262.25549790000014
5944,248,337.41276582500006,321.00581704999985
5945,248,359.53502922500024,350.3046351749999
5946,248,391.78266130000003,320.544693425
5947,248,305.66629062499993,389.0066611499998
5948,248,333.61426925,305.45729397499997
5949,248,305.9171979250001,374.98282887500005
5950,248,253.73636510000028,426.84600865000004
5951,248,287.64024754999997,261.9122083499999
5952,248,224.8671320000003,231.22189757499993
5953,249,234.25732369999997,220.9943076499999
5954,249,225.96599470000035,215.58382772499994
5955,249,196.25800805000003,183.41952637499992
5956,249,209.605666875,193.23070509999997
5957,249,200.70009352500014,208.07571397499987
5958,249,271.26215025000005,212.51123195000008
5959,249,275.082448675,244.45146067499996
5960,249,262.9753528500001,332.6987970749998
5961,249,338.7046053500001,372.20639557499976
5962,249,380.2733135750001,392.91003454999986
5963,249,478.6965784500003,427.33404629999995
5964,249,407.41495405000023,353.51451695000003
5965,249,351.3654786999999,375.8286187499999
5966,249,460.4552756249997,386.86809827499997
5967,249,505.47164937500037,350.822786425
5968,249,351.1349619249999,373.971464575
5969,249,385.76242942500016,432.7775229750001
5970,249,393.52263697500024,368.9936662999998
5971,249,399.4663975499999,361.36945934999983
5972,249,350.3617783000001,341.8643790499999
5973,249,382.8305131499999,392.07144694999994
5974,249,364.19397877500035,352.69236359999985
5975,249,309.34439427500024,385.52720554999996
5976,249,220.24073084999998,289.97628744999986
5977,250,220.05436942500035,264.8680805
5978,250,224.1169384750001,224.12036669999992
5979,250,226.3025571500001,196.33737307500002
5980,250,209.77662640000017,182.3650744
5981,250,196.9270297250002,189.23555777499985
5982,250,258.0928270750001,207.8688775999999
5983,250,210.10668619999984,249.7143580500001
5984,250,344.3266721500001,241.32183337499993
5985,250,385.46639622500004,239.36366187499965
5986,250,348.513900025,316.02891204999986
5987,250,414.6424175000002,335.43868802500003
5988,250,296.4958869000003,289.10729905
5989,250,269.15798170000005,377.2040853749999
5990,250,336.9262863999999,373.2922955249999
5991,250,358.7887967500001,343.67794267499994
5992,250,382.19695325000026,338.6902948249999
5993,250,427.0874049000001,373.0206832749998
5994,250,393.7253321500003,413.7975460250001
5995,250,332.30336022500006,332.3271576249999
5996,250,359.81940892499995,378.6643429249997
5997,250,389.250990175,383.83440644999996
5998,250,324.51198410000006,303.6175136500001
5999,250,272.593072475,289.3559565999998
6000,250,237.93205140000023,231.7317070499999
6001,251,209.87390772499998,239.69943704999991
6002,251,211.49290482500027,212.82490227499997
6003,251,166.54642920000003,230.50440530000003
6004,251,173.95987617500015,206.59753317500008
6005,251,216.32379877500017,235.43483734999992
6006,251,163.40829432500016,215.69245882500002
6007,251,200.23073655000007,208.3200290000001
6008,251,189.46728372500007,344.42145337500006
6009,251,230.6402877750001,301.0053379499999
6010,251,294.38254347499986,331.5078652249998
6011,251,293.7294459750001,325.74653014999984
6012,251,342.53739100000007,317.968685675
6013,251,316.63844170000004,315.01013239999975
6014,251,331.23275972500005,322.28772582499994
6015,251,374.36686485,392.6612690999998
6016,251,362.3683539000004,341.2597614749997
6017,251,303.2968024250001,374.2587472749999
6018,251,325.7173818750002,389.85306195000004
6019,251,315.79065315,350.78930287499986
6020,251,344.2331981750001,319.0089580749998
6021,251,311.98937130000013,291.89382732499996
6022,251,311.7188114,277.8975973999999
6023,251,280.90876952500025,240.45952059999985
6024,251,235.7366134749999,223.75016834999994
6025,252,275.61045355000016,233.58774989999995
6026,252,218.58608205000002,198.78240487499988
6027,252,208.81970522500018,171.472659675
6028,252,239.98631172500006,184.68614357500002
6029,252,193.08046025000016,154.13733899999997
6030,252,162.85243507499996,217.7420370499999
6031,252,204.18483980000013,235.7533267999999
6032,252,226.67357635000002,265.0603098749997
6033,252,252.0319516,278.22265247499985
6034,252,323.24784047500054,359.41211770000007
6035,252,340.10241400000007,307.78128990000005
6036,252,373.8582299000004,421.23191370000006
6037,252,324.51596867500007,346.4013225499998
6038,252,386.9030425750004,377.51596069999994
6039,252,364.400151875,284.2447123249999
6040,252,315.46188175000003,367.5327954499999
6041,252,316.4121796000002,380.85801517500005
6042,252,301.43032559999995,366.14764515000013
6043,252,333.39587540000036,348.94978700000013
6044,252,386.0422490000001,336.7347789249999
6045,252,345.2854205749998,395.8657327999999
6046,252,299.7183062250001,280.847749375
6047,252,203.54576754999988,242.6181800249999
6048,252,188.39696452500004,286.0075454999999
6049,253,169.8385715,183.00081247500003
6050,253,201.31574642500016,176.00544977499993
6051,253,177.1484460250001,191.84518020000002
6052,253,192.692579775,256.0284590999999
6053,253,182.52763654999987,238.628262125
6054,253,220.3964748500003,235.762459825
6055,253,216.7717798250002,216.41264377500005
6056,253,286.03166162500025,336.51979782499996
6057,253,296.4160833000002,283.3024407749999
6058,253,422.91666759999987,335.0851190249999
6059,253,271.9438759,380.1431532249998
6060,253,304.05985445000044,386.14784795
6061,253,377.45832652499985,395.0353411499999
6062,253,361.5180807750001,418.13345187499976
6063,253,336.4679964999998,333.0756051499998
6064,253,310.0592184250001,447.6445280249999
6065,253,331.8918969000002,397.29325454999986
6066,253,282.5694602500005,326.7466183749999
6067,253,259.99362760000014,352.5401217
6068,253,257.30005032500026,327.3636599000001
6069,253,310.1311510250002,319.78146482499994
6070,253,304.44574115000046,258.6459723249999
6071,253,276.50690092499997,247.11855285000001
6072,253,222.64091815000026,283.74449190000007
6073,254,210.87925820000024,200.18771080000005
6074,254,161.49158875000003,189.866956775
6075,254,172.88165310000002,216.41132719999996
6076,254,197.4137966250001,174.143390625
6077,254,230.27447817500004,194.6828411249998
6078,254,289.88453470000013,243.19676697500006
6079,254,256.1863241250001,244.80713387499998
6080,254,265.06823242500025,306.18860114999984
6081,254,252.76467687500025,348.5490728249998
6082,254,264.6644290750001,264.93719359999994
6083,254,277.20757809999986,267.39057449999973
6084,254,274.9154078750002,336.3108558499998
6085,254,358.04002860000014,321.62533752499985
6086,254,391.5535160250006,310.2816774999999
6087,254,367.1081343750001,313.21042532499996
6088,254,324.679384825,370.1516609749999
6089,254,400.13243265000006,290.6280504749999
6090,254,431.41353617500016,345.15763887499986
6091,254,385.3853221749999,393.2163360999999
6092,254,395.06934495000024,358.1165248500001
6093,254,279.46910927500016,287.6364470500001
6094,254,277.7930582250003,268.720252575
6095,254,294.04797050000053,332.51072254999974
6096,254,224.18150765000001,273.035007675
6097,255,192.54398865000002,182.25085417499997
6098,255,205.68396232499998,174.57650969999992
6099,255,167.8438550000002,186.87592364999995
6100,255,177.9221371499999,171.96222714999996
6101,255,208.76876067500018,196.46040669999988
6102,255,204.50482257500002,247.27639692499997
6103,255,299.72276869999996,327.5116293249999
6104,255,246.61511100000004,252.1614930249999
6105,255,256.81852580000003,333.40598754999985
6106,255,320.6013596500003,339.5058608249999
6107,255,313.09596197499997,336.6683354999999
6108,255,360.28262630000006,363.75895182499994
6109,255,270.050353975,361.08570627499995
6110,255,296.29340505,353.049933575
6111,255,359.42147560000035,382.65578189999985
6112,255,397.31880985000043,403.14076505
6113,255,288.7491015250001,302.25679267499993
6114,255,295.80048082500036,295.5508754750001
6115,255,336.2098101000002,288.89279024999985
6116,255,309.5028417000002,296.31296765
6117,255,257.88246579999986,294.2966862999999
6118,255,285.50234705,323.51048532500005
6119,255,300.1754284250003,228.85944184999994
6120,255,236.15952789999983,252.55451929999987
6121,256,198.42660305000007,199.20863545000003
6122,256,170.43181075000007,161.93272487500002
6123,256,147.998279025,158.54958602500002
6124,256,183.15433552499996,212.12240537500003
6125,256,173.99559605000007,228.84478265
6126,256,186.69786977500019,195.0308066999999
6127,256,237.62303545000037,271.3423845499998
6128,256,241.45096087500016,277.197593925
6129,256,245.65894402500004,344.33122979999996
6130,256,347.287100775,313.91267679999993
6131,256,398.7522159250002,391.9724451249999
6132,256,297.2289778749998,435.6863590749999
6133,256,319.7516863750001,401.0301197499999
6134,256,313.3309478750002,410.9553062749998
6135,256,294.85370317499996,310.896957175
6136,256,299.5668246000005,356.12865894999993
6137,256,330.1341659499999,324.75901614999975
6138,256,325.5847618249999,360.433990875
6139,256,440.9459608250001,504.45981187499984
6140,256,418.8474651750003,330.07823979999995
6141,256,466.4154200250004,370.46586817499986
6142,256,331.9248966750003,364.22817892500007
6143,256,280.77230800000007,340.27191230000017
6144,256,274.22537795000017,221.83379622499984
6145,257,198.56773295,197.5309150249999
6146,257,218.12518195000007,175.8299634999999
6147,257,225.83351000000005,177.98848659999993
6148,257,190.83345857500004,168.55428634999993
6149,257,245.3595297500003,221.2433271
6150,257,237.67046622500027,202.81749555000002
6151,257,289.46313675,211.89003590000007
6152,257,311.7188800750002,304.4939063500001
6153,257,267.81056827500026,304.5465875499998
6154,257,331.47761100000014,333.64083289999974
6155,257,354.33442817500037,331.03677382500007
6156,257,395.805907225,274.67159145
6157,257,381.6918530249998,279.635281825
6158,257,323.59283012499975,430.6093077249999
6159,257,405.94771142500053,392.6481421499998
6160,257,371.7604027000001,408.40821147499986
6161,257,398.3642268000003,382.97557679999994
6162,257,410.90376160000005,391.69064694999975
6163,257,442.9891015000007,385.88590072500006
6164,257,393.09862512500007,416.666936125
6165,257,310.98161530000016,330.4555113
6166,257,266.6742108250001,331.30020935000005
6167,257,248.18027615000022,293.4889280499999
6168,257,252.62904575000005,238.32719937500008
6169,258,214.25697969999987,168.847694675
6170,258,217.70945742500004,173.7342326499999
6171,258,211.35647992500017,185.83815109999995
6172,258,190.3088557000001,201.30392432499997
6173,258,177.99524932500015,189.67426894999994
6174,258,228.06678947500015,200.01077850000001
6175,258,232.54023100000006,225.8399409249999
6176,258,224.274466775,257.8032125750001
6177,258,287.68359607499997,286.14572255
6178,258,311.47747617499994,307.3995985749999
6179,258,363.70330025000015,300.1240766499999
6180,258,340.7916652750001,269.11117869999975
6181,258,393.4927819000003,295.3763565999999
6182,258,342.1735646,324.77579697500016
6183,258,453.29204762500063,316.04384254999997
6184,258,370.66548182500094,347.81332259999994
6185,258,301.14247537500023,351.7524425250001
6186,258,315.1318169250002,363.6411787999999
6187,258,342.20953369999995,398.1956636499999
6188,258,331.3537426749999,393.98532469999986
6189,258,404.62291165000033,352.064181925
6190,258,286.70303859999984,297.8443817999997
6191,258,341.7609548250001,209.6754714
6192,258,280.1431715750001,275.58462577499984
6193,259,149.34257342500013,167.80777559999996
6194,259,146.86063495000002,185.41656794999997
6195,259,197.39411180000025,164.84177175000002
6196,259,166.28848037500018,214.32220842499996
6197,259,171.12028150000015,192.19016664999995
6198,259,187.86400090000012,205.29698510000003
6199,259,246.51644055000003,200.82143312499997
6200,259,249.46616052500002,232.37804819999985
6201,259,226.274920525,257.9032359749999
6202,259,291.41174212500016,342.32719269999984
6203,259,305.05682105000017,320.5778256750001
6204,259,352.39877052500043,350.1075439999998
6205,259,315.38405622500017,317.0903675249999
6206,259,236.463242675,305.27670742500004
6207,259,312.04090860000065,275.3154762
6208,259,281.37519802500003,348.01425137499996
6209,259,307.1958930000001,356.0906631
6210,259,437.83004702500006,352.7620182999998
6211,259,324.78917412500016,268.8553761000001
6212,259,301.35022100000026,237.14994787499978
6213,259,325.10097530000064,320.97855192499986
6214,259,250.5540502,280.3845971500002
6215,259,220.9580523000004,255.93353222499988
6216,259,205.95425247500017,198.37053784999995
6217,260,242.31595495000025,191.7950467749999
6218,260,215.10719692500004,198.060472125
6219,260,212.04917487500012,201.83653624999994
6220,260,195.83159727499992,159.06577392499986
6221,260,218.4649734500003,233.26999724999996
6222,260,242.11236585000012,235.55416872500015
6223,260,261.34633360000015,226.45009834999985
6224,260,239.78254395000005,225.66854912500003
6225,260,352.79199625000024,298.09598667499995
6226,260,384.63731575,248.58441757500003
6227,260,289.42641060000005,284.7177706749999
6228,260,313.80480370000026,355.5132648500001
6229,260,295.8874435250001,293.7872870499998
6230,260,292.3019047250001,354.12022687499996
6231,260,252.8902265750002,354.6007921999998
6232,260,333.7076960750005,325.95932029999994
6233,260,388.6424274750002,352.25922194999987
6234,260,382.69271015000027,319.0749460749999
6235,260,332.17352632500035,291.3516974749999
6236,260,316.9325602000001,337.2999222499998
6237,260,353.4591516250001,292.1032517249998
6238,260,268.61504737500024,323.3476125749998
6239,260,247.09253274999986,271.209530575
6240,260,201.91297247500017,236.06982989999995
6241,261,234.73265492499993,167.65076205
6242,261,154.1721636750001,158.46871195
6243,261,170.04027295000014,199.02857242499988
6244,261,176.03522957500047,189.338467375
6245,261,217.2236562249999,191.64561087500005
6246,261,214.84404100000017,156.4118680499999
6247,261,246.6338159000004,222.10768727499982
6248,261,218.3626742000001,227.5158496750001
6249,261,254.03285847500013,251.62611187500005
6250,261,310.25079705000024,335.41202794999975
6251,261,307.49718292500006,301.83981962499985
6252,261,303.14746895,308.87956914999995
6253,261,346.51995050000016,333.8022859
6254,261,463.27272067499985,341.88387487499983
6255,261,374.14370382500067,319.94984124999985
6256,261,304.26382982500024,291.96227709999977
6257,261,379.3305634500002,405.18828039999994
6258,261,351.6422963250001,353.57478419999984
6259,261,383.2362884999999,306.4380681750001
6260,261,326.25051080000014,338.64856269999996
6261,261,355.9970893750003,270.90515507499987
6262,261,332.14299052500013,278.82080519999977
6263,261,281.68236772499995,239.54980914999993
6264,261,224.4773961750002,209.85889752499995
6265,262,175.54997324999997,210.24262947499997
6266,262,185.1211560000001,163.59883552499997
6267,262,200.0748579000001,189.61087532499988
6268,262,205.19726027499996,154.58191084999987
6269,262,226.87113634999997,131.50438104999995
6270,262,195.6063249,183.43914682500002
6271,262,276.4480662750001,233.3664458
6272,262,328.9615770500003,248.56270719999986
6273,262,277.58567070000004,263.2812815499999
6274,262,288.94010825000043,331.80593902499993
6275,262,341.46443245000034,399.4027662
6276,262,347.82381962500006,294.52613179999986
6277,262,428.346923575,323.9818106250001
6278,262,437.1361156500002,296.50683300000014
6279,262,357.95629557500024,398.46413744999995
6280,262,351.77088975000044,348.3264327999998
6281,262,327.98430277499995,374.79214682500015
6282,262,400.7681921000001,347.27854240000016
6283,262,313.5211206750002,263.40654217499997
6284,262,337.46606835000034,264.75885792500003
6285,262,312.128630825,262.6180087750001
6286,262,291.32951300000025,350.0152281249998
6287,262,238.72580695000016,242.10174807500002
6288,262,205.98047865000018,220.54617337499997
6289,263,192.8834861499999,216.22598359999998
6290,263,166.89669837500008,178.8800098
6291,263,169.03265795000004,189.97780007499995
6292,263,161.51855597500014,200.333192025
6293,263,167.62488517499997,219.84299159999995
6294,263,169.63981440000026,213.84097807500007
6295,263,219.15634630000005,238.28307034999986
6296,263,175.94646419999992,241.82239120000003
6297,263,268.49716450000017,267.08470805
6298,263,331.7549557500005,305.3536603499998
6299,263,356.0950020500003,316.9679585749999
6300,263,351.4011032500001,335.6072174249998
6301,263,361.8430868250001,296.44755640000005
6302,263,338.19292625000014,321.29882207499975
6303,263,346.82326294999996,319.55534865000004
6304,263,289.7125962249998,272.10399022499985
6305,263,376.92612387500026,419.0457500499999
6306,263,307.4668157749999,288.513303825
6307,263,331.041777075,380.9944374499998
6308,263,341.43556042499995,424.7583483999998
6309,263,307.8652417750001,396.363599625
6310,263,325.6079666250002,327.91842644999974
6311,263,325.0179926500002,291.26590115
6312,263,278.12391000000014,246.81978454999995
6313,264,193.3527819749999,173.24789685000002
6314,264,177.70421980000026,145.85468192499997
6315,264,239.51037042500008,158.80014939999995
6316,264,173.32816612500028,163.65615874999992
6317,264,161.63694607499986,206.59268329999998
6318,264,166.02099860000004,222.92339379999987
6319,264,235.89676100000034,188.999193875
6320,264,273.1796742000002,258.08345477499995
6321,264,244.24618300000017,291.3878236500002
6322,264,276.2544464500001,316.1828173249999
6323,264,354.5839025250002,371.7869644249999
6324,264,322.97591335000016,377.2948317999999
6325,264,341.68851432500014,393.0490464999998
6326,264,398.5068297500002,350.30319452499975
6327,264,422.66089415000005,370.2117751249998
6328,264,415.4538381499999,369.34777785
6329,264,360.67041412499975,329.6244280750001
6330,264,337.91849297500005,322.53542569999985
6331,264,340.78301559999994,317.0940199
6332,264,311.0338126749999,309.7916167249999
6333,264,284.7686178499998,320.65910594999997
6334,264,255.10288824999998,264.39231427500005
6335,264,258.1929005500001,259.27815299999986
6336,264,222.10825542500027,234.59628702500004
6337,265,259.8439792250001,204.89486534999998
6338,265,198.20364505000023,186.33043882499993
6339,265,194.91892204999996,178.22414005000002
6340,265,170.4131892000002,208.79610984999994
6341,265,198.5753665500001,172.764596725
6342,265,200.61066022499995,188.49148732499998
6343,265,218.59845934999993,221.12675074999993
6344,265,212.9631855250001,225.39190200000002
6345,265,258.18794007500003,293.9703965249997
6346,265,258.55263747500015,234.1214727499999
6347,265,249.40398354999996,265.06152819999966
6348,265,329.04853112500007,343.52606764999985
6349,265,332.89645777499993,315.63403534999975
6350,265,315.8102479500004,329.6304993499999
6351,265,370.11515585000006,343.437302825
6352,265,453.53068035000035,342.3494258749997
6353,265,357.6568565500005,360.81344799999977
6354,265,399.00109732500005,267.03697952499977
6355,265,259.76831990000005,345.9718586250001
6356,265,253.61052357500006,346.40547325000006
6357,265,322.88372477500025,330.42931545
6358,265,378.9509919750002,267.13766522499986
6359,265,283.4038052750001,229.47823599999987
6360,265,247.4098356250002,241.6734432000001
6361,266,173.049750825,157.37503954999983
6362,266,181.29933422500005,137.7631848749999
6363,266,167.74603752499996,188.51452672499994
6364,266,184.86025497499998,227.90200127499992
6365,266,189.27373539999985,215.4021223499999
6366,266,189.52745740000012,199.130572
6367,266,202.49765635000009,200.19957277499992
6368,266,202.26043475000003,265.3179664999999
6369,266,232.56343837500026,219.61272499999995
6370,266,237.91653907499978,258.59406234999994
6371,266,317.1333085250001,293.656482625
6372,266,393.10591950000014,321.72840142499996
6373,266,288.69031940000013,288.93583585000005
6374,266,289.1244203499999,294.1507178000001
6375,266,323.7925659000002,337.84707812500005
6376,266,338.90167822500007,352.50923509999984
6377,266,321.42814652500033,379.655325275
6378,266,358.50582855000056,378.0027780999999
6379,266,264.05445047499995,315.1770187999998
6380,266,297.2847834999999,404.97448629999997
6381,266,254.632676225,405.3079776249999
6382,266,218.56844802500012,360.81721072500017
6383,266,226.65198042499998,302.9888759
6384,266,209.6261030500001,273.3044720499998
6385,267,169.61671705000018,192.41098899999992
6386,267,197.34554377500007,162.48439619999994
6387,267,175.9289799000003,150.28343460000002
6388,267,207.3460107000001,173.08610670000002
6389,267,188.3269802250001,179.534426875
6390,267,275.9644465250001,252.59411515
6391,267,246.6361043500002,289.95985967499985
6392,267,267.913961325,262.21646007499993
6393,267,277.28477689999994,267.16819439999995
6394,267,294.54435209999997,261.2255560999999
6395,267,343.73561310000014,343.9324289249999
6396,267,389.5214607750006,350.0740490999999
6397,267,309.8827997500001,316.908070275
6398,267,313.73184192500025,323.782434775
6399,267,437.4741466999998,367.1488295249999
6400,267,420.43571139999995,409.4525869999998
6401,267,372.75961680000023,416.4796544249997
6402,267,376.22961752500004,445.8450336499999
6403,267,293.60723285000006,365.43047409999997
6404,267,329.6693081250002,318.2601745999999
6405,267,275.9829827000004,326.9224670499998
6406,267,283.48595672500016,349.4816572000001
6407,267,268.1776814250003,227.7902262
6408,267,197.73176242500003,220.67788645000002
6409,268,151.22604910000007,163.97538927499994
6410,268,149.84953895,177.35593222499992
6411,268,186.69723680000004,179.43497529999993
6412,268,208.91257109999987,178.41354467500008
6413,268,203.05363705000005,174.24122499999993
6414,268,213.6438853000002,211.23201219999999
6415,268,235.25730165000004,225.5932183249999
6416,268,289.6945410500002,242.28489962499992
6417,268,326.08307857500023,322.1822528749999
6418,268,281.23779327499994,352.11392125
6419,268,354.3893582750002,325.53922547499997
6420,268,333.7513645999999,310.23122950000004
6421,268,295.19299635000004,288.3615191
6422,268,371.53522390000006,300.14289505
6423,268,388.9878989250002,320.13591047500006
6424,268,404.54101707500024,305.83769222499996
6425,268,443.65575362500056,285.42268057499996
6426,268,345.5861056500001,305.7844643499999
6427,268,292.69235337500004,309.0714962999999
6428,268,274.6684012250002,292.829089325
6429,268,253.18308872500012,351.0536963750001
6430,268,251.62896347499998,385.44505034999975
6431,268,242.95766157499997,287.1282740000001
6432,268,222.10779725000032,254.147449925
6433,269,198.24786910000023,170.705756275
6434,269,165.54662140000002,202.71844994999998
6435,269,159.48752377500017,176.70723454999998
6436,269,173.92806075000004,187.06826747500003
6437,269,174.63407645000007,165.51054277499998
6438,269,167.08469430000025,181.2545316749999
6439,269,207.49981162499992,216.47168757499998
6440,269,261.0605505500001,225.67995544999985
6441,269,336.90609940000013,232.691420525
6442,269,294.03391105000003,263.59217219999994
6443,269,326.02118027500006,271.2203711499999
6444,269,266.91122167500015,347.14353207499994
6445,269,355.3978309250003,368.32782622499997
6446,269,291.11595120000015,325.22523087499985
6447,269,263.4403845500004,301.843727625
6448,269,241.37243930000022,343.9244780249999
6449,269,302.4141320250001,308.5993285999998
6450,269,298.31650705000027,317.5078112749998
6451,269,325.3473398500006,379.1064574749996
6452,269,280.68357252500056,347.1341434499999
6453,269,304.826326725,246.44981129999988
6454,269,276.15667730000024,229.323746625
6455,269,199.02368095000026,266.18098577499984
6456,269,178.0534345250001,217.44365484999997
6457,270,166.771751575,174.30194294999995
6458,270,170.8535526500001,162.42969694999994
6459,270,157.04704697500023,164.07326872499993
6460,270,145.54765850000007,178.62620907500005
6461,270,152.0553941,183.36896699999994
6462,270,198.9963896000002,174.53948175000005
6463,270,254.56115777499997,194.5395445499999
6464,270,233.75919022500003,215.900488
6465,270,251.0152561500006,226.92538744999987
6466,270,282.32190225000016,294.1515284500001
6467,270,291.014034025,350.798117725
6468,270,348.65511915,341.08936497499997
6469,270,355.1217316250003,404.1339240249998
6470,270,362.87860125000003,375.3424285999998
6471,270,294.33524604999997,334.18199015000005
6472,270,335.0135504499999,385.4435240249999
6473,270,361.4546079000004,377.0873631249999
6474,270,308.93104142500016,418.95739812499994
6475,270,282.22937460000014,338.353095425
6476,270,329.5360672500002,384.41008924999994
6477,270,302.2932055750001,353.7278066
6478,270,267.4409364500001,328.1209126749999
6479,270,240.76098882500003,257.4438203750001
6480,270,191.35770784999983,235.4895489249999
6481,271,202.58628202500034,156.4039332249999
6482,271,185.66006695000004,147.02328797499993
6483,271,170.72732815,161.392005625
6484,271,214.19291084999992,175.0838287
6485,271,196.1742011500002,169.89444795000003
6486,271,221.32353310000025,252.10111709999995
6487,271,257.621745775,298.84780705
6488,271,272.068421125,271.9097921
6489,271,256.915946075,243.52416345000003
6490,271,274.73902707499997,316.9171741
6491,271,370.7127613250001,285.46682507499986
6492,271,323.5530028500003,291.51814169999983
6493,271,380.11111892500026,320.08384415
6494,271,315.3325633249999,306.818485175
6495,271,399.2672305499999,371.09150535
6496,271,301.05096740000045,335.92497107499975
6497,271,300.56292062500006,299.53013085
6498,271,327.7004775500003,342.57168639999986
6499,271,316.8754549250002,296.06036845000017
6500,271,362.4439143000003,276.71034922499996
6501,271,301.76483130000014,290.29630392499985
6502,271,237.28859657499999,223.68600589999997
6503,271,266.26796777500016,218.5359542249999
6504,271,262.1884624250001,246.33646414999995
6505,272,221.84276615000033,178.3774007749999
6506,272,230.6343978999999,176.935020275
6507,272,174.84860932500013,187.15438959999997
6508,272,226.34060017500025,217.88737675000004
6509,272,203.44097855,154.68834595
6510,272,197.28501179999995,144.85967354999997
6511,272,205.3983492999999,246.0968402000001
6512,272,237.95507582500005,235.6641362499999
6513,272,243.2175715250002,256.26705034999986
6514,272,232.74055940000005,231.18968850000002
6515,272,284.7371594,328.56683629999975
6516,272,346.8017840500002,282.55241605000015
6517,272,267.670604575,337.79082282499974
6518,272,316.67460785000003,304.3194810999998
6519,272,320.81879950000007,277.78633919999993
6520,272,320.2930023250001,285.9677831499999
6521,272,314.4473512750001,326.3129902499999
6522,272,262.6210452500001,296.41438757499986
6523,272,314.6896586000001,260.5911475
6524,272,313.94260225000033,318.43863207499993
6525,272,324.6791423000003,266.09530817499996
6526,272,331.4150774750002,252.7546078749999
6527,272,295.0224442249999,214.753621975
6528,272,231.23565989999992,189.45221534999996
6529,273,149.0862221249999,179.36534529999997
6530,273,137.9005466500001,174.60862002499996
6531,273,178.518223975,150.58184937499993
6532,273,177.61985770000007,156.52305362500005
6533,273,157.04487105000007,177.716837725
6534,273,181.3889661000001,181.76782035
6535,273,136.17158972499988,188.51548357499988
6536,273,173.85408849999982,218.92360014999988
6537,273,225.07675580000011,233.8329153250002
6538,273,296.7975233000001,212.183278375
6539,273,321.6947359000005,318.48542702500015
6540,273,324.6259457750003,253.6250839999999
6541,273,318.62120144999994,213.7289608249998
6542,273,347.2340455500003,280.1862012
6543,273,380.73149015,293.76904197499994
6544,273,346.39495977500013,307.78937520000005
6545,273,321.9239806000004,324.462343125
6546,273,346.2003558000002,403.675295325
6547,273,350.03504445000004,316.2765244250001
6548,273,321.1451515749999,338.34259562499983
6549,273,331.4835872000001,371.45683782499987
6550,273,304.9439507500003,241.06218799999994
6551,273,201.09019842499998,253.3039156249999
6552,273,175.57387787500005,250.20086069999985
6553,274,134.86144942500016,164.57582557500007
6554,274,178.57064157500002,171.9762657249999
6555,274,172.33078627500015,176.9322366249998
6556,274,159.96980350000018,221.82737197499995
6557,274,159.33724775000002,203.27717189999993
6558,274,175.22582107499994,197.61717029999994
6559,274,255.97116722500004,219.3909463499997
6560,274,248.56286130000018,253.3642233750001
6561,274,226.658960075,293.6786228499998
6562,274,296.1728390750003,243.5568056
6563,274,276.547883375,325.24536707499993
6564,274,368.9681493500003,301.55610297499993
6565,274,282.82771290000005,430.70692102499993
6566,274,376.937280725,411.3863894249998
6567,274,416.79501909999976,375.692719925
6568,274,486.9521880250004,443.852076525
6569,274,393.45436165,342.3701291250002
6570,274,320.9926129750001,332.8038181000001
6571,274,281.46290665000026,375.2905596249998
6572,274,336.77448347500024,298.80817067499993
6573,274,358.28766897499986,310.67990740000005
6574,274,250.60626465000018,262.28942149999995
6575,274,272.5339356999999,226.98062962499986
6576,274,250.5842239250003,236.44550129999993
6577,275,167.08513612500025,215.354068075
6578,275,177.33292192500008,218.32775464999997
6579,275,164.06442165000016,182.45544042500003
6580,275,180.03784065000008,180.92193074999994
6581,275,174.76375485000017,185.67410175000003
6582,275,150.16842579999997,271.9572618749999
6583,275,301.99511070000005,226.43020765
6584,275,330.0054044750003,214.87005162500003
6585,275,321.98236605000034,249.40441064999982
6586,275,352.0256962999999,269.0547919499999
6587,275,352.14366555,268.679476775
6588,275,414.05620072500017,274.12804442500004
6589,275,484.39355287499995,299.4175381499999
6590,275,579.52695535,380.50882367500003
6591,275,416.24921482500025,402.40514992500005
6592,275,430.0244616000004,439.9613057
6593,275,469.6235744750001,385.94805552499986
6594,275,411.3561951500002,387.9285833250001
6595,275,426.0631483249996,420.9016081249998
6596,275,355.7740407000001,314.17441840000015
6597,275,342.2408348750002,257.32618267500004
6598,275,302.46816912500026,350.6729043
6599,275,276.3677046000002,255.28634587499994
6600,275,238.47396829999997,275.8953398
6601,276,216.58740882500024,150.46748055
6602,276,196.52749877500014,195.918595525
6603,276,157.48075407499994,186.0775731999999
6604,276,176.8354948250001,197.40488947499995
6605,276,177.34185864999995,200.78969145000008
6606,276,183.33490852500017,166.72682905000002
6607,276,244.30315655,227.16610480000014
6608,276,270.94124472500005,285.03871619999984
6609,276,227.08853677500014,264.85890042499994
6610,276,280.14119022499995,304.569369875
6611,276,299.75072642500004,348.6278208249998
6612,276,312.8465877749999,339.97255782499997
6613,276,283.0837980000005,443.9694382999998
6614,276,277.62382155,325.15243969999983
6615,276,316.00296245000027,338.77892572499997
6616,276,341.23294519999996,410.03558165
6617,276,346.01762230000077,434.30540014999997
6618,276,261.1525393500001,426.71678147499995
6619,276,365.7113027000007,368.2503471250001
6620,276,335.6279889250003,364.6865292249999
6621,276,277.755982025,290.810528975
6622,276,313.25015322499996,337.45543217499994
6623,276,237.0483286000001,256.5612714499998
6624,276,234.57510410000003,241.26414130000003
6625,277,195.56602650000002,156.80718242499998
6626,277,181.499934425,178.5053891749999
6627,277,162.68951232500007,194.82219832499993
6628,277,240.23737202500033,157.24950180000008
6629,277,194.31034875,228.97286584999995
6630,277,189.04516910000007,268.95587597499986
6631,277,182.47589315000008,233.0629348000001
6632,277,228.35300767500013,227.63139947500008
6633,277,206.40761439999994,251.7935021250001
6634,277,248.92184680000003,346.42058232500005
6635,277,362.3396505500001,412.4893831999999
6636,277,348.7744900000002,277.93607124999994
6637,277,308.42585682499987,284.15522035000004
6638,277,382.0308446250003,359.40572670000006
6639,277,235.38692922500002,355.7242887
6640,277,343.28979495,400.85734809999985
6641,277,297.03882835000013,333.249445725
6642,277,288.71603159999995,221.0635339749998
6643,277,333.7980472500002,242.76146162500015
6644,277,228.68772355000021,319.2383681
6645,277,326.8488251000002,273.32272657499993
6646,277,251.62570350000027,251.93735162500002
6647,277,225.45849007500004,190.74250735000007
6648,277,215.5538253500002,206.2835836499999
6649,278,177.45409932500013,190.96330312499998
6650,278,182.49205705,162.0378624249999
6651,278,144.81250592500007,126.31684434999997
6652,278,200.08775017500022,164.63729629999995
6653,278,215.79976115000005,172.57321460000006
6654,278,204.71062380000018,189.972064725
6655,278,188.7702613000002,187.02245154999974
6656,278,197.76980472500003,190.339467275
6657,278,314.1556994750004,266.27912649999973
6658,278,315.30124372500035,246.0950246499998
6659,278,276.1760809250002,247.22093804999997
6660,278,257.91181530000006,275.3480013749999
6661,278,304.51897857500023,286.1845543999999
6662,278,312.9775202249999,307.67972354999995
6663,278,299.2497490000003,298.17246367500013
6664,278,333.6784162750007,301.5924577499999
6665,278,265.44358397500025,335.21773352499986
6666,278,282.1771637750002,314.88100549999984
6667,278,218.011993625,298.10183529999995
6668,278,227.0567890500001,308.906764125
6669,278,271.2921780500003,361.6461299749998
6670,278,230.65934437500005,341.7486544499999
6671,278,310.06597405000065,274.24350797499994
6672,278,242.22186890000017,223.8996877749999
6673,279,234.06353050000033,204.5549403
6674,279,167.49356097500004,162.0741488
6675,279,183.275313725,185.89814685
6676,279,141.59450669999995,143.9880562749999
6677,279,167.46555085000006,182.8902827
6678,279,178.23988282500005,174.37540325000003
6679,279,170.29543147499993,217.54588732499994
6680,279,233.2845490750001,216.02415825000003
6681,279,241.000473925,250.00238224999998
6682,279,251.20615704999992,297.5197346000001
6683,279,266.6778914500001,225.75382672499995
6684,279,274.6866277250001,314.9139901999997
6685,279,258.10632727500047,282.37574269999993
6686,279,250.75791424999989,302.2507006749999
6687,279,210.33198790000014,218.39503930000012
6688,279,239.3993400500002,285.8471748249998
6689,279,259.78088252500004,183.0916209
6690,279,269.34179760000023,228.064031
6691,279,282.29661077500043,248.59234002499977
6692,279,248.16437385000012,271.6780536
6693,279,243.47662530000002,242.21485049999995
6694,279,297.2213885750001,292.82040264999995
6695,279,251.35043707500014,264.62043109999996
6696,279,235.1301475250001,182.99254372500002
6697,280,183.0435194250001,138.56427954999998
6698,280,157.6030151,140.54651439999998
6699,280,169.247469725,124.30072995
6700,280,175.61427957499996,171.13857042499998
6701,280,166.5256610000001,127.14592002499998
6702,280,181.3696893750001,163.74452322500002
6703,280,213.51838025000035,178.20132834999998
6704,280,191.232309525,199.78559722499998
6705,280,218.3185288250002,205.89580510000013
6706,280,235.55611537500002,190.71613482499998
6707,280,262.96302222500015,305.5289077499999
6708,280,262.9466420250002,235.3050207250002
6709,280,305.11773567500006,271.02473595
6710,280,292.16047749999996,271.97223937499996
6711,280,294.2186298250002,364.24150092499997
6712,280,315.4246967000004,250.75474205
6713,280,220.32939242500015,250.39538617499983
6714,280,259.3784015749999,248.32533764999994
6715,280,295.7846096249998,262.4801926
6716,280,298.7700218000001,276.52864050000017
6717,280,284.2273935749999,270.7616758
6718,280,240.8829639500001,273.29307817499983
6719,280,203.84625667500015,214.58589154999987
6720,280,196.30170367500006,219.17871912499982
6721,281,133.55218654999993,163.59167467499992
6722,281,141.87759030000032,160.77422644999996
6723,281,197.29414495000032,150.31188605000006
6724,281,197.54135960000002,197.98350304999997
6725,281,231.76390580000032,128.65374592500004
6726,281,196.94606587500033,179.28074132499995
6727,281,246.40213539999985,219.88762525000013
6728,281,241.06945455000016,261.5429681499999
6729,281,302.4629413,218.78933887499994
6730,281,244.0899373000002,254.1226673999999
6731,281,371.4418803250001,278.81093592499985
6732,281,395.57889727500014,349.1817889249999
6733,281,323.2743359500003,341.9029918499999
6734,281,315.7124900000003,384.88445247499993
6735,281,264.00752235,300.7337434499999
6736,281,316.861360975,334.2065344250001
6737,281,236.45633582500014,294.06849902499994
6738,281,272.42732177500045,304.6668232499999
6739,281,333.8565685250003,361.70647074999977
6740,281,315.6549982,309.71604245000003
6741,281,308.90593685000016,232.7178022249999
6742,281,282.06378282500003,258.056013875
6743,281,241.19874747500015,224.49943372499996
6744,281,230.74049582499998,163.35652994999998
6745,282,155.72164037500005,196.50645777499994
6746,282,139.93185469999997,168.91763224999994
6747,282,189.90668070000004,169.82772067500005
6748,282,153.56788332499997,190.9352909999999
6749,282,178.29070327500008,190.8386314999999
6750,282,209.28112699999988,217.70127514999996
6751,282,266.8504147750002,188.35612730000003
6752,282,280.35372732500014,225.33926854999987
6753,282,292.778467425,265.2080269999998
6754,282,249.14598354999984,226.09128967499998
6755,282,234.71576257500018,335.69912512499985
6756,282,259.44254285,318.71706625
6757,282,316.4530400000001,267.69611687500014
6758,282,317.2771014,331.24480982499983
6759,282,352.8689612750004,364.8774693999999
6760,282,315.8396866500001,342.2397095749998
6761,282,301.9058836500002,258.61430484999994
6762,282,364.894263725,253.6326568999999
6763,282,269.2853116000001,225.3246632749999
6764,282,277.24608447500026,270.2741459999997
6765,282,257.5797330250002,240.92924205000003
6766,282,249.93638112499997,226.21124097499995
6767,282,189.23526687500004,202.20331822499992
6768,282,155.91720480000004,145.29873952499997
6769,283,166.72580337499997,214.09851312499987
6770,283,152.54677690000005,217.1278963999997
6771,283,152.3175391750001,193.70300837499997
6772,283,178.48353440000005,165.5170360499999
6773,283,187.428864525,182.36547162500005
6774,283,211.26627292499995,216.59671067499994
6775,283,247.81836117500012,210.1635051749999
6776,283,220.48432067499996,274.85694217499986
6777,283,218.9028727500001,323.1544151749999
6778,283,249.8870679500003,337.7172682749999
6779,283,230.90166795,290.55189290000004
6780,283,311.85782255000015,314.0401714249998
6781,283,238.18921187500013,336.34888572499983
6782,283,247.69843655000014,250.0111018749999
6783,283,247.97588795000001,237.04990977499995
6784,283,313.0142137250001,278.12693522499984
6785,283,322.59454370000003,251.9693306499999
6786,283,290.71244195000014,219.54946694999995
6787,283,260.14086657499996,227.0087418999998
6788,283,234.8648426250001,285.27992824999995
6789,283,256.4292527750002,224.08932392500012
6790,283,241.11206820000018,266.4322808499998
6791,283,241.8410313,234.49817592499983
6792,283,224.21225230000002,185.23046424999998
6793,284,178.2032198,154.49796945000008
6794,284,169.39444727500006,142.59215762499997
6795,284,175.45802617500004,161.70735279999997
6796,284,173.28876962500027,149.37302239999985
6797,284,185.0443842000001,165.82664675
6798,284,175.41328089999993,163.48888565
6799,284,244.97233487500012,218.6897490249999
6800,284,236.42603604999994,256.14921057499987
6801,284,290.43716677500015,229.62172987499991
6802,284,230.68382839999992,298.88934040000004
6803,284,267.84270885000007,328.0443397249999
6804,284,322.5825892750004,294.4131966749999
6805,284,316.7936342250003,314.2661341999999
6806,284,283.1016095750002,248.12743880000005
6807,284,321.35833715,293.79239017500015
6808,284,302.5241944000003,263.65037959999984
6809,284,283.0651324999999,241.98376422499985
6810,284,234.5715253999999,278.7028081749999
6811,284,322.50898670000015,255.07185135000014
6812,284,224.49979287500008,279.8128372499999
6813,284,209.54531502500012,210.5092217250001
6814,284,209.24974920000014,247.70736777499997
6815,284,203.82581675000006,282.01807125
6816,284,184.84502909999995,232.51052302499994
6817,285,236.42711992500008,204.04357284999998
6818,285,241.4798672250003,155.67481325
6819,285,199.24806947499997,169.440092
6820,285,194.66698637500002,182.74063897499985
6821,285,182.6781046750001,174.47895594999994
6822,285,290.97131657500034,165.71868560000001
6823,285,258.7507155500001,228.30994924999987
6824,285,298.3833833749999,243.80405699999997
6825,285,216.58589325000014,213.18748647500001
6826,285,268.28583760000015,340.71973119999996
6827,285,203.13268912499993,347.74733012499985
6828,285,208.39437082500007,309.3102176
6829,285,232.7663059750001,240.80056104999997
6830,285,249.4621770000001,288.34224444999984
6831,285,309.4058981500003,245.4088024250001
6832,285,276.9006053000001,267.23133009999987
6833,285,244.3645951750003,232.51371070000005
6834,285,201.9033661000002,222.42593522500002
6835,285,288.66739332500015,264.9587261499996
6836,285,280.0555933999999,272.94993712500013
6837,285,273.6116855750003,248.60123842499993
6838,285,197.66315842500012,229.05270469999994
6839,285,225.9413536750002,201.41662885
6840,285,193.42968014999997,214.74767032499994
6841,286,156.44477337499987,166.01664645
6842,286,179.80262192499998,153.27003105000003
6843,286,191.31695147500014,206.528709575
6844,286,192.417046975,140.22066314999998
6845,286,175.84864702499982,162.4905294
6846,286,193.6921813249999,167.3264444499999
6847,286,226.0521919000002,191.38724327499995
6848,286,254.66908862500028,204.02282562500008
6849,286,254.61648962500044,236.52162595000019
6850,286,276.6600973500001,214.8069612
6851,286,317.9557416250002,267.3820999499998
6852,286,270.526616625,251.6873657999999
6853,286,235.34888782500025,231.8520859250001
6854,286,240.21676812499993,257.6559319999999
6855,286,246.8014265250001,263.0172399999999
6856,286,262.45207192500015,283.42881132499974
6857,286,273.94236060000026,249.50372277500003
6858,286,253.48421000000013,270.13174334999997
6859,286,303.90869839999993,253.43862567499997
6860,286,302.209875325,258.93603042499996
6861,286,253.35284835000056,202.41356695000002
6862,286,215.56800960000007,240.6069400999999
6863,286,214.98102590000008,242.2936827
6864,286,197.92195467500005,257.3258398249999
6865,287,170.87447412500006,186.44481315000002
6866,287,192.3017659250001,177.02772287499997
6867,287,223.09463920000016,164.3529037249999
6868,287,203.71306497500007,183.40944787499996
6869,287,190.29078985000015,172.74837794999996
6870,287,181.88282102500003,159.62378767500007
6871,287,203.96120702500008,196.071775125
6872,287,229.553177225,170.69818002499994
6873,287,179.89670597499992,209.25253474999994
6874,287,252.72011935000032,213.90328112499992
6875,287,281.8330383,256.30230874999984
6876,287,310.42594492499995,216.63417789999983
6877,287,252.57174085000014,236.88085402499985
6878,287,318.20549017499997,232.13083282500003
6879,287,256.12695069999995,210.6624284250001
6880,287,215.76209647500033,237.14661284999994
6881,287,239.87771417500016,236.91838735
6882,287,241.8225362750003,276.8951297499998
6883,287,355.4469594000001,231.32879490000008
6884,287,276.7091647500006,248.4571995250002
6885,287,225.21763712500012,247.5197826499999
6886,287,213.5303146249999,186.45171260000012
6887,287,187.63971600000008,178.25036122500006
6888,287,189.98921662500018,203.90951222499996
6889,288,185.4620954250001,122.82460590000001
6890,288,179.46026325000008,118.45148924999995
6891,288,147.39105777500004,141.8658308249999
6892,288,166.92839540000014,169.87094612499993
6893,288,191.09580877500014,168.94544534999994
6894,288,177.46533987499998,179.59303609999992
6895,288,236.98893925,187.39839110000008
6896,288,251.52347710000015,261.68393840000005
6897,288,271.7357403000001,261.00623769999993
6898,288,279.4759448,305.43469454999996
6899,288,269.5652586000002,270.27632847499996
6900,288,321.884260475,240.0080776750002
6901,288,299.1043998750002,310.74198772499994
6902,288,298.1164172750002,332.529749825
6903,288,290.0854360249999,307.9082105750001
6904,288,308.8333718000001,331.2846693749998
6905,288,389.0591524749999,313.34954559999983
6906,288,301.8862925250004,316.13832947499986
6907,288,273.6342913750001,322.4754203499998
6908,288,271.9030291999999,302.11691715000006
6909,288,272.2311123500001,266.05840082500004
6910,288,194.45967577500022,284.6402113500001
6911,288,221.29300832499996,230.18071662500006
6912,288,236.73235827500002,201.716337475
6913,289,168.09226960000035,157.28115927500005
6914,289,162.883665,142.60793547500006
6915,289,149.09860830000008,170.13766999999984
6916,289,160.6057132750002,128.56412267499996
6917,289,188.08883222500003,189.6886518
6918,289,184.73871837500025,212.187982525
6919,289,196.4143420750002,233.92432859999985
6920,289,195.9277998000001,257.05837314999985
6921,289,291.48366172500073,244.91690017499988
6922,289,277.65707784999995,297.771625625
6923,289,202.80362115000017,247.62447027500002
6924,289,293.0023049500004,200.89741379999992
6925,289,357.31327477500025,275.9446403999999
6926,289,373.1277601500002,347.3499910499999
6927,289,409.94730030000017,366.981730225
6928,289,295.05133697500025,290.6887179250001
6929,289,298.61586645,345.04043405000004
6930,289,357.4097513500001,329.36061289999986
6931,289,305.19145140000006,329.7425327
6932,289,390.6811404250005,359.9563846
6933,289,390.59593037500014,309.2555354249999
6934,289,295.80705680000034,314.68586039999997
6935,289,182.8964382000002,263.72945940000005
6936,289,160.56899162500005,214.51204865
6937,290,214.25306500000022,178.97644819999994
6938,290,144.944852025,168.39894032499996
6939,290,170.9553058250001,134.306081
6940,290,163.75191020000005,167.84048507499992
6941,290,156.32311209999995,157.99023082500003
6942,290,165.46498880000001,235.64744222500002
6943,290,205.95034369999985,258.72415852499995
6944,290,216.45561610000004,261.60063057499997
6945,290,247.77558527500008,252.22117562499997
6946,290,333.8072249000001,322.45052829999986
6947,290,332.7924851250004,239.69355614999975
6948,290,336.9809815750001,226.03219395000002
6949,290,299.9530395249999,258.05050919999985
6950,290,316.4480149000002,281.2643390999998
6951,290,264.6776699250003,369.13036457499993
6952,290,269.561158075,360.9087250750001
6953,290,350.1185307500001,334.5943708999999
6954,290,356.96448142500003,360.28688329999983
6955,290,400.17057290000025,423.8914080999998
6956,290,287.6087306000002,376.82175692499993
6957,290,279.36742847500034,358.96953460000015
6958,290,455.3103565750006,362.75897792499995
6959,290,247.3095507249999,241.75499507499993
6960,290,223.5472363,207.83676987499993
6961,291,184.74101517500014,133.16649395000007
6962,291,204.13631772500008,155.757587725
6963,291,194.63830897500003,121.47418662500002
6964,291,173.30640270000015,181.36784340000003
6965,291,170.78469584999996,164.430530525
6966,291,163.3427616999999,266.152295275
6967,291,183.7010679500002,216.8525501249999
6968,291,267.3257720250002,248.7420765499998
6969,291,309.5233203250001,276.6720661750001
6970,291,288.02703329999997,322.3523966749997
6971,291,242.9019890000001,263.76890389999994
6972,291,297.702307575,310.67248282499986
6973,291,388.0463208750001,350.07656487500014
6974,291,292.944119225,402.30971420000003
6975,291,240.5538118750004,360.81441770000004
6976,291,301.12189225000014,330.10600377499986
6977,291,279.53645172500023,244.711567725
6978,291,336.84588825000003,311.19128255
6979,291,297.5763065750001,303.91782929999977
6980,291,350.08749052500025,251.05147684999986
6981,291,264.02071020000005,274.0063847499998
6982,291,293.94894035,232.40507519999994
6983,291,249.92259455000016,249.91730104999982
6984,291,232.00047607499988,231.45688957499988
6985,292,202.04121435000002,157.76087654999998
6986,292,166.68603137500003,168.84988822499997
6987,292,158.09245825,207.89518502499993
6988,292,149.54510087500006,186.05070469999995
6989,292,160.37607502500003,175.28122775000003
6990,292,208.45515640000016,215.79841992499996
6991,292,286.63458097500006,221.40717404999992
6992,292,255.09604252500014,248.49213167499994
6993,292,302.33670902500006,220.69320035000007
6994,292,360.42576212499995,314.281894425
6995,292,418.7272866250003,354.26795785
6996,292,327.9084697750003,308.10244552499984
6997,292,290.9318432250002,413.11299032499994
6998,292,327.1904857500002,314.91844964999996
6999,292,311.1196730750004,311.1575206749998
7000,292,281.4615963499998,292.48054910000013
7001,292,313.5643392999999,322.01450087500007
7002,292,303.4959672250002,281.6784016249997
7003,292,287.9232799250003,275.35159947500006
7004,292,282.10406837500005,255.61875010000006
7005,292,293.08859430000007,252.12883499999987
7006,292,279.5211688000004,231.28464827499977
7007,292,218.9805599499999,190.3398472999999
7008,292,219.75357889999992,187.866475875
7009,293,191.98776067499995,136.35283149999998
7010,293,142.05156282500005,168.48201114999998
7011,293,188.71858410000016,154.6387008499999
7012,293,155.43177800000007,160.18691744999995
7013,293,166.328251275,194.33469955000007
7014,293,193.07467885000023,201.22673162500007
7015,293,191.9877584250001,207.00215342499996
7016,293,241.32639122500032,188.05776637500009
7017,293,270.36876797499997,213.5866870499999
7018,293,308.74710280000016,261.1604943249999
7019,293,302.04505565000034,295.6458634999999
7020,293,261.36979670000034,226.14391410000007
7021,293,298.53440565000005,222.769348725
7022,293,276.21416417500006,236.0121501250001
7023,293,240.4059831500002,221.3553563000001
7024,293,297.1496308499999,233.8257195500001
7025,293,224.78131732500003,275.71437982500004
7026,293,249.28940119999993,265.4873279000002
7027,293,236.87654004999996,239.61073527499997
7028,293,244.05357707500025,243.25079964999995
7029,293,232.85042835000013,270.6230495999998
7030,293,244.65842342499997,257.22404142499977
7031,293,187.49493070000003,214.8727164999999
7032,293,190.79691547499996,201.95625574999988
7033,294,158.55604587500005,172.79679355000002
7034,294,159.8095493500001,186.5746937499999
7035,294,169.51845902500008,170.78671609999998
7036,294,142.73728670000008,209.62789787499997
7037,294,177.945127625,187.55028679999992
7038,294,141.84982467500004,171.19090399999993
7039,294,185.31976982499992,184.00724702499997
7040,294,184.77609074999987,193.84614424999987
7041,294,239.24191284999998,246.29358187499997
7042,294,243.54077504999995,227.65701522500007
7043,294,227.36433745000002,279.6147341249998
7044,294,249.62476710000016,282.15842562500006
7045,294,253.84270515000003,251.26768087499997
7046,294,282.64055162499994,263.85608812500004
7047,294,276.2282604249999,206.5373002250001
7048,294,328.47490130000006,211.51230620000004
7049,294,213.8485372000001,183.62502637500015
7050,294,214.78705870000022,257.45128905
7051,294,229.85881342500016,218.4941062249999
7052,294,276.3665844250004,200.56032387500014
7053,294,231.18064035000003,260.94165237500005
7054,294,253.20004662500043,213.32690842499994
7055,294,169.99899149999987,203.38993754999993
7056,294,150.32750682499997,135.21593212499994
7057,295,148.92781945000007,127.981564325
7058,295,182.62508942500014,142.13417502499993
7059,295,162.57765970000008,158.71413819999995
7060,295,170.69441077500002,179.09496834999993
7061,295,202.28291042500007,150.748034325
7062,295,205.77308022500026,239.27357782500007
7063,295,177.6440386250001,262.29236870000017
7064,295,223.54297132500005,297.12964122499994
7065,295,243.4117225250001,355.3338834499999
7066,295,272.7660129000002,387.63124572499964
7067,295,285.58760622500006,279.02874677500006
7068,295,305.0211018250002,294.79358492500006
7069,295,279.52747254999997,310.02047522500004
7070,295,244.7275606749999,293.310514225
7071,295,310.28592555000006,261.0260633750001
7072,295,286.323561475,295.303876725
7073,295,241.76912589999995,284.2166540000002
7074,295,201.4522608750002,224.2451026499999
7075,295,281.1853093000001,252.89976802499993
7076,295,292.6768066000001,243.70419297499996
7077,295,300.8207988250001,240.41415374999988
7078,295,255.16680295000023,247.4517423000001
7079,295,216.06021147500024,178.03440769999995
7080,295,187.12893387499997,167.35533925
7081,296,174.01797387499997,169.96908489999998
7082,296,179.4751413500001,126.67657207500004
7083,296,137.80713257500003,158.6438035
7084,296,154.49298972500006,134.43228309999992
7085,296,135.09999797500012,165.63522199999989
7086,296,231.92080475000006,193.44843950000003
7087,296,274.9973028499999,249.38835169999982
7088,296,292.08317135000016,278.05378177500006
7089,296,308.21850935000026,218.87993115
7090,296,279.0061105500003,312.94069304999994
7091,296,278.04287647499996,225.83213840000013
7092,296,261.5153228749998,299.83477025000013
7093,296,246.47937217499998,279.53957735000006
7094,296,261.524590525,259.492864375
7095,296,205.10966145,259.7184382
7096,296,241.46427542500004,294.76852425000004
7097,296,234.5360920750001,306.87298959999987
7098,296,241.45689827500013,241.60964655000012
7099,296,229.40121602500034,244.87480352499986
7100,296,244.9588643750001,240.08139390000014
7101,296,215.74405062500006,253.6844446
7102,296,186.76437682499997,267.8749038499999
7103,296,181.00454500000004,239.9781137499999
7104,296,174.18675992500013,197.07927149999995
7105,297,138.613636725,159.91502770000002
7106,297,144.75860582500027,144.27443355000003
7107,297,140.922250625,117.82952424999999
7108,297,164.87308765000012,129.53025640000004
7109,297,166.1650786250001,150.88865495000002
7110,297,211.5479113000003,156.083548275
7111,297,203.18128990000002,169.00612782500002
7112,297,217.37023064999997,252.832367825
7113,297,278.7496505000003,221.93996895
7114,297,253.18640307499993,215.88756130000002
7115,297,423.3857075500001,234.27427097500004
7116,297,287.648769925,282.29188165
7117,297,332.2572092500002,212.68430129999976
7118,297,263.8940699250001,319.08190187499997
7119,297,310.0662810250004,280.57384702499985
7120,297,170.59485782500013,249.72999197499996
7121,297,225.24965452500012,263.01644577499985
7122,297,245.83077420000004,323.029437575
7123,297,209.43949529999978,269.14566500000006
7124,297,227.90814155000015,300.34950775000004
7125,297,186.8306466749999,246.9562418499999
7126,297,236.43243854999992,295.22322169999984
7127,297,241.14686982500038,259.80044112499996
7128,297,162.28214862499996,237.5016083750001
7129,298,164.42091025,175.47930479999997
7130,298,175.98736205,111.33641432499999
7131,298,161.88220760000007,131.95314559999997
7132,298,168.44744897500004,154.69125265
7133,298,183.08502192500012,151.6910482999999
7134,298,154.87077230000023,145.60902815000003
7135,298,197.85055480000005,180.157168025
7136,298,247.19705932500005,179.535876775
7137,298,339.6788290249999,162.65677209999996
7138,298,296.5018964000002,183.41778705000002
7139,298,286.2741815249999,230.44308397499987
7140,298,294.93585522499995,272.5960959749998
7141,298,309.75662985000014,234.03093887499995
7142,298,248.18274982499997,276.7946141750001
7143,298,279.30529867500024,361.48611834999997
7144,298,289.77684115000034,322.6246749999996
7145,298,296.5455038250001,257.53186892500014
7146,298,281.58466525000006,238.22486057500004
7147,298,305.0461584500005,285.4437470999999
7148,298,255.23071059999995,299.1104140500001
7149,298,238.30670537499995,231.7564933000001
7150,298,292.17080735000013,203.25876392499987
7151,298,192.12104655000007,218.30408564999988
7152,298,191.2334526000002,171.35696047500005
7153,299,195.77900530000005,183.617165225
7154,299,172.17439932499997,161.12967625000002
7155,299,152.17791055000004,153.59941529999992
7156,299,140.70577525000004,152.30098739999988
7157,299,171.65738977500007,183.59525022499997
7158,299,156.06172019999997,196.01593640000007
7159,299,238.83165219999995,233.85224679999988
7160,299,233.53751102499984,221.54658002500014
7161,299,222.40876527499992,212.2818977000001
7162,299,287.5647174500001,227.2424578499998
7163,299,260.2297562250003,338.3766158249999
7164,299,306.8028011250002,287.81875264999985
7165,299,296.9575239250002,311.48975272500013
7166,299,309.76350019999995,251.50529482499996
7167,299,318.5225071,214.56324507499994
7168,299,307.6711484500004,272.47568327499977
7169,299,287.12971577500014,240.40887994999997
7170,299,259.4973025000004,265.9194880499999
7171,299,296.5340121500003,345.70385752499993
7172,299,239.22397229999984,248.84306687500003
7173,299,218.75970485000045,235.7871023750001
7174,299,260.80260624999994,241.55956479999998
7175,299,219.17373515000014,212.39869969999995
7176,299,202.03239225000016,216.57692727500006
7177,300,162.76478122499998,175.4108876
7178,300,191.67913305,172.04173984999989
7179,300,157.68943952499998,175.16797682499998
7180,300,155.54281497500014,179.609210975
7181,300,157.01437174999995,149.384564625
7182,300,162.5874764000001,184.1014937249999
7183,300,205.55550935000008,193.96115429999998
7184,300,212.5217810750001,209.01514722499996
7185,300,263.94619385,263.261776575
7186,300,285.1841115500004,275.64015405
7187,300,284.24556845000006,312.7673159750001
7188,300,341.3835734000003,281.33215212499994
7189,300,285.04913365000016,295.56474612499994
7190,300,300.15302047500006,250.41555394999978
7191,300,247.3694728750001,257.177901975
7192,300,279.0386975249999,318.803650975
7193,300,290.42905892500005,295.19575067499983
7194,300,273.06124982500023,275.3077984249998
7195,300,271.7596324000002,304.6427494249999
7196,300,291.6201462250001,194.53787829999996
7197,300,323.1008022750007,247.36554757499982
7198,300,219.8732935499998,226.61224634999985
7199,300,201.77484585000002,200.39635379999996
7200,300,250.64669892500015,179.916903475
7201,301,168.82363775000005,154.38908994999997
7202,301,162.3820024500002,166.62157402499997
7203,301,137.05045105000008,163.322440525
7204,301,154.89804605000023,134.47485730000005
7205,301,178.64722212500016,148.60971155
7206,301,160.94419110000013,139.55610009999998
7207,301,218.27761572500012,205.03499864999992
7208,301,225.464124575,159.87116999999995
7209,301,220.37488187499991,230.449378825
7210,301,259.56389422500007,235.0561258999999
7211,301,332.7904264250003,263.10997839999976
7212,301,302.5730960500001,226.6036858500001
7213,301,226.8584609,170.4884797249999
7214,301,200.7973339,302.897205275
7215,301,217.7566652750002,312.04098947499983
7216,301,270.1223889249999,244.78890715000006
7217,301,214.8357706,290.43981640000015
7218,301,220.61292937500002,222.13377937500007
7219,301,226.52844579999987,227.95167332499983
7220,301,232.20360792500014,262.3831092000001
7221,301,324.5991745250002,255.53929105000003
7222,301,288.73383517500054,206.70026399999995
7223,301,175.933493925,180.03738569999993
7224,301,175.76361750000007,150.91034952499993
7225,302,152.08537217500023,140.30208574999995
7226,302,132.29844175000005,138.56981979999998
7227,302,126.52899559999994,180.6430163999999
7228,302,158.29543205000013,173.30162377499988
7229,302,186.08698185000003,191.31474599999996
7230,302,214.09552137499998,171.32891757500002
7231,302,220.5318329000004,220.6373226
7232,302,231.034485325,235.63098792499994
7233,302,251.42139360000004,219.62127500000008
7234,302,248.6441538250001,294.8378030499998
7235,302,207.969209525,258.34883949999994
7236,302,296.7103453,296.17602992499997
7237,302,332.6284813750003,345.11867330000007
7238,302,317.68468220000034,299.02082057500013
7239,302,261.52560602500023,333.30986502499997
7240,302,273.3127995000001,302.9691743750001
7241,302,269.2126585750003,273.1907783749998
7242,302,256.4440643500004,281.12520374999986
7243,302,293.4316737500001,233.92075137499978
7244,302,380.64976087499997,299.04398230000004
7245,302,255.3279566500001,287.7083887749999
7246,302,229.77392439999997,308.0401475749999
7247,302,227.46434372500016,250.00898632499997
7248,302,177.1340932750002,187.35781637499997
7249,303,190.14941190000002,143.89215407499995
7250,303,135.88757775000002,131.686808725
7251,303,164.0912498250001,155.13440880000002
7252,303,142.0259783000001,156.70163787500005
7253,303,168.86563410000014,184.16774727499998
7254,303,165.40956797499996,195.46426377500003
7255,303,222.5175550750002,164.05627992500007
7256,303,217.1164030750001,231.54823505000002
7257,303,222.27113892500003,221.33308057499977
7258,303,227.5408865750003,257.545772475
7259,303,216.80099685000002,305.5472871499999
7260,303,236.8854212500002,348.8457792749999
7261,303,242.2341675250002,362.24180792499976
7262,303,243.4551021500002,272.751055525
7263,303,282.7227490250001,272.7432392249999
7264,303,319.33341552500013,273.72554697500004
7265,303,321.1719333000001,257.1240949
7266,303,231.07417537500015,245.20366522499995
7267,303,248.4916466750002,257.17502857500006
7268,303,195.46031622500004,234.10223350000004
7269,303,226.84887847500016,274.048451625
7270,303,213.7951760250001,233.48558297499994
7271,303,244.3633330750003,178.39858649999994
7272,303,195.9819663250001,195.64956092499995
7273,304,163.70328157500012,164.836212725
7274,304,157.51023102500005,182.85823057499988
7275,304,156.07107904999992,186.33535984999997
7276,304,162.08509245000005,170.7974657
7277,304,155.40134230000007,166.97861214999995
7278,304,193.9842463,180.83721605
7279,304,217.71812435000027,233.88483387500008
7280,304,288.9690613750001,281.7348421999999
7281,304,329.22449735000015,248.66877522500016
7282,304,282.15948160000016,240.69322392499993
7283,304,282.64967735000005,291.57019019999996
7284,304,234.41262732499985,318.8778402749999
7285,304,288.5629674000001,245.9906647749999
7286,304,312.0779447000001,220.96019039999993
7287,304,249.66714510000008,269.7557166249999
7288,304,285.3756053999999,244.02789544999996
7289,304,280.13969785000006,299.25513947499985
7290,304,208.3333686250002,221.45698542500006
7291,304,171.60633377500005,230.5344829000001
7292,304,206.20714235000014,228.33868312500005
7293,304,261.50865067500024,225.7590222
7294,304,214.0565947750003,184.90311045000004
7295,304,187.46972200000022,161.13021622499997
7296,304,154.638127625,174.96797917500004
7297,305,164.71676162499995,145.67770889999997
7298,305,193.84098547500008,144.7656299249999
7299,305,153.34810292499998,121.88448740000001
7300,305,186.61268390000004,148.96048179999997
7301,305,199.67546860000016,207.99837742500003
7302,305,199.2190617500002,194.54816119999992
7303,305,224.50092042499998,193.90163767499985
7304,305,241.1399525750001,190.8312981750001
7305,305,220.84603509999994,260.9352070749999
7306,305,285.5206422499999,353.8398581499998
7307,305,288.82239155,323.2173454499999
7308,305,291.98234632500004,311.011490525
7309,305,259.14052907500025,255.32894330000008
7310,305,224.26066525000016,282.38175007499973
7311,305,301.09143350000033,274.7425861749999
7312,305,290.9940959750003,252.92809345000018
7313,305,236.1328346249999,332.37046322500015
7314,305,223.98522274999993,252.70185952500003
7315,305,268.320672825,229.3922071500001
7316,305,281.19510627500006,217.40372324999996
7317,305,325.8682038500003,244.2623729999998
7318,305,247.79281467499987,174.64750017499995
7319,305,225.0196085750003,199.83166834999992
7320,305,222.35614972500002,219.28759479999997
7321,306,195.87786862500008,176.24095675000007
7322,306,152.03330659999992,167.773442175
7323,306,128.36491954999997,190.69822205000006
7324,306,151.2975817000002,145.94356269999992
7325,306,149.5516306250001,151.388757725
7326,306,155.4174831500002,158.19335702499995
7327,306,255.35069865000014,196.37025212499992
7328,306,250.34603460000017,237.228667575
7329,306,239.42028299999993,292.4246241000001
7330,306,253.91697520000008,264.03498835000016
7331,306,214.61123485000013,289.84946942500005
7332,306,278.55780252500006,319.30036609999996
7333,306,265.0797046000001,254.85356072499997
7334,306,306.7905933000002,267.71343517500003
7335,306,267.8774347750001,297.8485289499998
7336,306,270.39148624999996,228.49812499999985
7337,306,253.10509234999984,258.9452571499998
7338,306,256.2623863250005,253.285244375
7339,306,322.261679225,222.754208075
7340,306,279.077053575,264.50392475
7341,306,283.3212211,235.58367477500002
7342,306,245.1741346999999,289.64741117499983
7343,306,242.87964632499995,243.59081117499989
7344,306,196.91346630000015,164.16443604999995
7345,307,177.55436179999998,176.98258557499997
7346,307,130.422999475,139.13678305000008
7347,307,138.51213305000002,147.90778149999988
7348,307,166.72065249999997,168.60557797499996
7349,307,189.6117522500002,172.88508125000004
7350,307,178.92809870000002,144.61117992499993
7351,307,198.4048232250003,147.87972274999993
7352,307,193.43500815000016,189.7862344749999
7353,307,210.29823005000003,171.55061582499994
7354,307,247.98753935000013,228.43078482500007
7355,307,264.9396138500003,203.062127475
7356,307,295.33446252500016,243.2779216999997
7357,307,296.28551790000006,257.19485595
7358,307,246.79638307500036,244.22322537499974
7359,307,234.65747817500022,273.3433268249999
7360,307,243.577446925,264.208546375
7361,307,236.0901932500001,219.74042697499982
7362,307,263.0603206750004,213.40312937499996
7363,307,278.75669105000026,240.17269172500002
7364,307,231.19954060000003,210.92013797499993
7365,307,259.55424645000005,242.00832724999998
7366,307,207.64155580000005,203.73567760000003
7367,307,197.3730715499998,178.15026252499996
7368,307,171.35509005000011,179.05151377499988
7369,308,172.39415122500014,152.32051017499998
7370,308,142.52576545,127.13659942500001
7371,308,155.27032692500006,143.04144799999997
7372,308,159.74470999999994,147.38469152500005
7373,308,120.96386787500008,203.21301179999995
7374,308,133.64312695000004,198.34395709999995
7375,308,154.94558477500001,205.31038005000002
7376,308,162.67563652500002,206.02878015000005
7377,308,200.96673937500026,280.6327666999999
7378,308,230.06308600000008,266.183455525
7379,308,266.37350334999996,287.9537799749999
7380,308,267.2945753750002,307.2755600249999
7381,308,235.6109013499999,304.9643963499999
7382,308,243.8156761250001,258.18427252499987
7383,308,221.96271690000026,329.8649621999999
7384,308,266.4094366750002,285.07579187500016
7385,308,249.8435947249999,261.1818787
7386,308,294.1111044750001,327.8579342250001
7387,308,282.24395305000013,255.3379644999999
7388,308,277.2457769250002,238.1077252500001
7389,308,273.1228117000003,235.69333842499975
7390,308,202.55747624999998,226.13583794999988
7391,308,153.18937350000004,187.709607725
7392,308,141.65562629999994,223.12306532500003
7393,309,176.96713062500015,142.0261509
7394,309,158.12941087500013,134.78015752500008
7395,309,168.69585740000002,173.91836564999988
7396,309,140.09580662500008,139.251052325
7397,309,166.05123019999996,138.45773102500004
7398,309,206.83097257500006,135.84150234999998
7399,309,206.23525052500005,201.84291602499997
7400,309,243.97262242499994,274.0053048499999
7401,309,208.58125702500013,265.22475582499993
7402,309,213.22631992499998,362.1587986
7403,309,229.7538937750003,327.90353539999984
7404,309,223.29957860000005,301.05259502500013
7405,309,295.1130906750003,352.2126858749999
7406,309,271.31921255000015,326.52193147499986
7407,309,263.123608425,350.6688149
7408,309,269.771093075,318.834624475
7409,309,219.41497132499995,318.97764767500007
7410,309,221.26176202500008,332.1083928500002
7411,309,190.11949445000013,282.72336832499997
7412,309,265.9711318250002,308.02824692499985
7413,309,248.90241110000048,287.62559132499985
7414,309,185.72214917500014,361.3639437749998
7415,309,206.00755612500006,264.34346052499995
7416,309,186.88657537500015,175.41968379999992
7417,310,148.45366485,121.86066574999998
7418,310,132.12474230000015,119.94026029999998
7419,310,141.3297095750001,122.17109157499999
7420,310,198.26716842499997,124.739854825
7421,310,165.84487170000006,154.84296117500003
7422,310,139.471772725,187.8883974000001
7423,310,169.4660455,210.0787693499998
7424,310,214.7392349000001,264.5937915500001
7425,310,297.7020312750001,272.09923655
7426,310,318.02286515000037,239.15278764999994
7427,310,313.7293551500002,357.50271042500015
7428,310,288.27423935000024,283.9028379249999
7429,310,299.18246350000004,286.23161182499985
7430,310,326.4797298500002,292.9178837999999
7431,310,434.8954840000006,325.51086054999996
7432,310,276.82470992500015,273.2102705
7433,310,278.3292835000001,284.0052518250001
7434,310,300.568058375,321.45516747499994
7435,310,233.83864372500022,291.86483825000005
7436,310,216.5839413000001,237.004798475
7437,310,235.9598007000002,272.2339764499999
7438,310,250.65822427500018,270.7083091500001
7439,310,176.84113390000013,169.44668912500003
7440,310,159.98080275000004,168.474619675
7441,311,192.82999360000008,187.609456975
7442,311,154.96598222499995,148.739638625
7443,311,155.9667538750002,185.41340352499995
7444,311,109.03679324999999,162.66701444999995
7445,311,147.28047975000004,178.87216687499992
7446,311,180.35150080000003,172.97914887499996
7447,311,252.33304447500007,221.50604815000003
7448,311,215.81304845000003,247.9654011499999
7449,311,279.9409319750001,264.3207806749999
7450,311,238.80264405000008,333.42328705
7451,311,294.2722057750006,400.0106364
7452,311,293.09089857500004,385.21836485000006
7453,311,255.05080240000012,307.0519360499999
7454,311,255.39597302500016,252.18966992499998
7455,311,228.32465867500025,286.6475050249999
7456,311,254.02984477500024,275.50491317499996
7457,311,268.54989327500004,296.019560675
7458,311,283.1794813500005,250.65428242500002
7459,311,245.149872475,291.2513749499999
7460,311,259.32001752500014,272.838523125
7461,311,223.0400201750001,284.6390057
7462,311,190.32931827500005,269.63882584999993
7463,311,190.59528067500023,228.97222307499987
7464,311,157.30927207500008,180.551766875
7465,312,180.85336377500002,139.12359572500003
7466,312,143.49242722500009,127.42525712499994
7467,312,131.01651050000004,179.5973631
7468,312,141.84233710000007,186.17054162499988
7469,312,193.88706232499993,176.632892225
7470,312,202.55010417500017,219.58158504999994
7471,312,236.18852492500014,186.85180974999997
7472,312,237.65877034999997,214.819986175
7473,312,236.35864982500001,230.54904044999995
7474,312,308.33905165000004,262.5220527
7475,312,316.94739540000035,274.49708335
7476,312,258.26936157499995,304.2088832999999
7477,312,306.97187915000006,313.25791022500005
7478,312,271.37184687500024,268.77790347500013
7479,312,313.68149375000024,264.96585127500003
7480,312,249.1741002750004,260.8879971750001
7481,312,379.8469302250004,234.09198044999994
7482,312,294.28758355000025,239.73198849999997
7483,312,323.18925605000004,297.6929430249999
7484,312,337.99500987500016,221.75730370000008
7485,312,223.1724140999999,229.84293729999993
7486,312,188.0727758000002,196.95698992499985
7487,312,156.36443445000015,202.68392209999985
7488,312,180.3230871500003,202.58914409999997
7489,313,160.22543507500006,177.49112172499997
7490,313,182.883977475,180.296624475
7491,313,185.6264151250001,198.01850539999998
7492,313,209.78583975000006,151.71494412499996
7493,313,199.3905618500001,194.4625053499999
7494,313,208.84902147499997,219.0744817
7495,313,206.95397715000018,218.33470377499987
7496,313,250.78527417500015,227.57270379999989
7497,313,290.7405373000002,243.638839775
7498,313,300.42480134999994,257.6634117999998
7499,313,318.20682665000004,325.78180392499996
7500,313,281.8623827,274.75982807500003
7501,313,254.07738807499993,239.949488775
7502,313,268.696777,266.1322841
7503,313,292.63968775,269.5510468250001
7504,313,234.66586130000007,254.65168862499988
7505,313,221.77559372500033,255.72793017500004
7506,313,248.27310605000002,205.19557125000006
7507,313,247.10037270000007,276.9990104749998
7508,313,198.10246049999995,241.1600921249999
7509,313,222.12734567500013,195.24237505000002
7510,313,235.45715695000018,195.6064988
7511,313,199.85865725000008,173.02775772500001
7512,313,163.1580958500002,175.83606160000005
7513,314,174.358454375,165.0370574249999
7514,314,145.54622012499993,179.87659277499998
7515,314,110.52335584999994,163.06853437499996
7516,314,126.65679750000007,118.64330805
7517,314,132.14261134999995,144.56817187500008
7518,314,178.13717147500017,137.2578975749999
7519,314,191.4022279749999,135.0989938749999
7520,314,200.29375234999998,199.65834397499987
7521,314,261.5466903250001,207.1903275000002
7522,314,223.11695590000016,222.02451285000018
7523,314,221.81641742500022,267.25387092499994
7524,314,209.08723692500013,242.24236552500005
7525,314,309.9778828250002,185.43797162499993
7526,314,254.84917382500026,201.90590592499993
7527,314,248.11434240000017,224.51595939999982
7528,314,248.41222865000003,189.10918727500007
7529,314,233.7563045999999,198.41297222500017
7530,314,215.33097635000007,217.92257067499997
7531,314,253.50964957500008,264.59721709999985
7532,314,261.49777325000014,272.45665267499993
7533,314,250.2713507250001,237.88022510000008
7534,314,225.5268820249999,200.3520734
7535,314,220.15012002500012,177.20643655
7536,314,183.99629352499997,212.74425052499993
7537,315,186.50825960000006,166.654506075
7538,315,151.87335225000004,186.65858857500007
7539,315,132.2185275500001,143.89411009999998
7540,315,158.66778827500005,160.18166034999996
7541,315,194.96520827500024,167.34497017500001
7542,315,192.41646387500015,186.6661608
7543,315,213.24995505000015,200.22281455000007
7544,315,212.24142217500025,204.17911149999998
7545,315,233.3529714,221.07233079999986
7546,315,231.67908129999995,252.43131874999978
7547,315,262.56597260000024,324.54850417499995
7548,315,245.71215045000014,243.6104241250001
7549,315,240.1729957500003,225.460980525
7550,315,205.51181504999988,221.68764982499997
7551,315,226.3228053500003,267.8466034499999
7552,315,189.45619269999997,221.43621325000004
7553,315,181.1230642750001,218.49044719999998
7554,315,240.8818492750001,227.7288004000001
7555,315,248.44258072500008,255.10600022499995
7556,315,208.76470819999994,287.9735856499998
7557,315,253.3298744000001,260.97690462500015
7558,315,183.67904399999998,194.70431682500003
7559,315,174.12402042499988,189.22406067499992
7560,315,194.3164806000001,180.432831125
7561,316,160.9578394500001,127.168495175
7562,316,137.7391974250001,130.20486269999995
7563,316,149.479495075,176.408071725
7564,316,149.36677380000003,150.30516992500003
7565,316,130.04469062500004,171.97070290000002
7566,316,213.3545542750001,206.787755375
7567,316,207.9449168000002,277.9472761999999
7568,316,227.87759290000022,225.5347320250001
7569,316,242.247828175,288.3060824249999
7570,316,245.40647289999995,353.264809375
7571,316,240.66079085000018,300.3790751
7572,316,251.5918444500001,312.5920097999999
7573,316,227.23996995000033,248.7372407250001
7574,316,271.2084509000002,269.91769169999975
7575,316,216.33285080000007,259.2557446250001
7576,316,317.11178860000035,239.2935440749999
7577,316,270.2119050499999,294.08620132500005
7578,316,234.9712574500001,224.49883319999998
7579,316,213.71694725000026,297.00785412500005
7580,316,250.98652957500002,204.70653169999986
7581,316,217.51884934999993,210.4671290249998
7582,316,253.54272952500008,193.69660225
7583,316,198.17083079999998,169.497162425
7584,316,197.10068400000014,140.71141649999998
7585,317,151.107692025,157.631568625
7586,317,187.52984642500013,148.97072922500007
7587,317,187.54678302500008,126.99624654999997
7588,317,160.52309577499994,132.84012939999994
7589,317,147.97938492499998,161.69868402500003
7590,317,175.78075414999998,179.04713945000003
7591,317,243.74135842500044,210.23195545000016
7592,317,254.43567154999997,236.65247097500003
7593,317,266.58884259999996,237.26355730000003
7594,317,218.992848775,265.7166387
7595,317,234.67801637500014,235.06156727500002
7596,317,265.04331827500005,246.23395787500004
7597,317,248.5603924500001,355.6444995999999
7598,317,263.67255944999994,238.10345700000005
7599,317,259.53972162500014,311.0734150499999
7600,317,255.51176392500014,275.4314356749998
7601,317,274.2947925500002,267.8599423750002
7602,317,307.92313550000034,307.5962782250001
7603,317,274.6349234250001,274.2990967250001
7604,317,259.68293070000027,274.126668
7605,317,273.92632627499995,278.7836431999999
7606,317,271.997915825,251.3773863999998
7607,317,278.8218791750002,207.63729807500005
7608,317,232.1850936500001,165.56702847499992
7609,318,165.36383710000018,132.886801
7610,318,152.2652756,146.9106308499999
7611,318,122.89225362500002,133.03576680000003
7612,318,131.6481922500001,148.62737394999994
7613,318,159.3896900500003,168.7165593499999
7614,318,155.05861084999998,183.97313337499997
7615,318,189.30386690000014,208.4697325000002
7616,318,202.29105097500013,269.8330032749999
7617,318,235.65314459999993,264.432629025
7618,318,322.8860871750002,317.19522037499996
7619,318,254.32778832500009,333.17823810000004
7620,318,342.80043315,341.5271724749997
7621,318,274.32663200000025,233.08839804999997
7622,318,302.2783835500003,239.55597039999992
7623,318,257.2631281250001,244.59819012499995
7624,318,236.11386900000002,256.84942712500015
7625,318,241.6158072500002,223.5533652249999
7626,318,231.31710630000003,235.06004325000004
7627,318,261.19068337500016,270.86281772500007
7628,318,281.35457885,248.83200594999988
7629,318,218.36205287500024,193.8972263999999
7630,318,186.18108625000002,207.77874464999996
7631,318,192.8752095500002,195.25162882500004
7632,318,151.15150547499996,136.82215882499997
7633,319,164.8864546250001,191.67750237500002
7634,319,157.71441530000004,147.42749657499985
7635,319,147.59318937500012,202.73884280000001
7636,319,146.70063619999996,136.66714302499997
7637,319,125.41818260000007,167.04241212499983
7638,319,238.23738985,155.33535482499997
7639,319,182.68695507499996,226.192127625
7640,319,190.7496671,207.32930477499994
7641,319,195.48062860000016,230.34958057499978
7642,319,286.9767963250003,317.75535320000006
7643,319,294.5472841500002,306.02324172500016
7644,319,325.19353447500015,254.56686867499988
7645,319,281.6190653000001,303.06774562500004
7646,319,333.80016572500017,287.390654375
7647,319,233.35076515000023,273.58211822499993
7648,319,241.22013744999998,231.28206597500008
7649,319,289.76230287500005,223.8685512749999
7650,319,264.85970445000015,210.94032192500003
7651,319,249.1194262750001,217.76773292500002
7652,319,259.4571696000001,228.87804064999995
7653,319,256.81124609999995,277.27817099999993
7654,319,289.61135002500004,236.12349967499995
7655,319,182.3423627749999,186.93163592499997
7656,319,191.54342457500027,175.76440765000007
7657,320,146.77650997500012,169.11488592499995
7658,320,115.80014805000013,162.605357475
7659,320,124.74489972499998,148.191508775
7660,320,134.43916645,139.87756654999998
7661,320,149.75296170000013,165.69849294999995
7662,320,192.840579575,192.2875779000001
7663,320,200.63704232500015,204.38733927499987
7664,320,331.0459780750002,285.3807986749999
7665,320,299.8726146,275.4741415499999
7666,320,299.9189920500001,330.9938799749999
7667,320,285.06934645000007,340.46138725000003
7668,320,240.59842267500017,270.1162523749998
7669,320,284.29645667500006,263.3110882000001
7670,320,218.572140375,267.74212995
7671,320,221.87193522500007,246.47051134999992
7672,320,193.2195433000001,237.49633212500012
7673,320,258.5212629750001,264.68325879999986
7674,320,214.2487150749999,299.5225368749999
7675,320,242.67872980000038,292.38510610000003
7676,320,202.57408245000016,273.39246107499986
7677,320,234.09655130000002,224.7505597499998
7678,320,236.45953797500013,235.87922652500006
7679,320,170.939599175,197.89407612499994
7680,320,171.773265025,177.4443125499999
7681,321,175.49640630000013,130.91158092499995
7682,321,133.299166025,158.486712
7683,321,149.606384075,127.46620194999994
7684,321,129.82252790000018,134.25837302499997
7685,321,137.7103251000001,124.88817437500006
7686,321,150.52150982500012,171.22091269999993
7687,321,180.88866242500035,173.16255464999995
7688,321,192.96368397499992,188.79461330000004
7689,321,199.13454690000017,202.88411367499992
7690,321,265.5623395,302.4210142249999
7691,321,252.59964909999994,260.4586851749998
7692,321,270.00884085000007,227.89047104999997
7693,321,225.10906607500004,245.31658817499988
7694,321,192.555081625,201.1138203249998
7695,321,265.0844168000001,260.51240762500004
7696,321,237.91588912500043,249.93824684999987
7697,321,188.97728650000013,178.3912097749999
7698,321,200.93795232499997,262.56912567499995
7699,321,217.38221562500013,251.21541635000005
7700,321,231.58234445000005,252.86008417500014
7701,321,212.20198902500022,294.2733656250001
7702,321,219.59295322500006,201.37066242499992
7703,321,185.98240055000008,182.72938434999986
7704,321,131.03869262499998,168.934002125
7705,322,128.4236245250001,106.12287952500003
7706,322,168.76769765000003,146.91135735
7707,322,136.23060155000007,124.28861592499997
7708,322,152.3253263,156.1334296
7709,322,153.27119417500018,173.70207694999996
7710,322,138.66726552500006,190.7683193499999
7711,322,137.4973075500002,194.47592882500004
7712,322,172.79409492500002,220.9029384499999
7713,322,202.96249180000018,228.6952772749999
7714,322,211.31117647499997,271.4525604749999
7715,322,229.3798313750001,300.7655985999998
7716,322,255.9990383249999,297.9105966499999
7717,322,218.35591340000013,274.72829067500004
7718,322,198.4057527,208.92945100000017
7719,322,208.7656277750001,197.24940474999994
7720,322,230.1304469500002,195.08933882499997
7721,322,230.26766005000007,212.00710467499988
7722,322,270.7575766749999,219.05346585
7723,322,201.83765422499994,184.77169620000012
7724,322,200.33559755,233.74716479999992
7725,322,243.8695519000001,238.3247458999999
7726,322,196.15714304999995,214.58357562500007
7727,322,188.2272009250002,216.8505987499998
7728,322,193.76416985000014,146.42819307499997
7729,323,138.99981297499994,152.88859542499992
7730,323,129.05583127500006,141.2891762
7731,323,113.97218812500003,133.22618570000003
7732,323,150.55545605000003,148.35089500000004
7733,323,120.58417829999999,177.41491934999996
7734,323,179.47802305000002,183.82733619999988
7735,323,248.73356655000038,195.22227544999998
7736,323,262.3771856249999,212.64621972500007
7737,323,296.2970051750001,250.59085855000006
7738,323,288.08750717500016,244.9201152500001
7739,323,248.87267217500005,266.8403566
7740,323,226.658137625,265.9574963749998
7741,323,264.16682682500004,310.6192155499999
7742,323,234.82779155000003,260.75606867499994
7743,323,218.29659722500008,291.5372082499999
7744,323,262.28382655,264.26359917499997
7745,323,226.99014650000007,283.52062257499983
7746,323,302.95264110000016,264.57826762499997
7747,323,270.69326130000013,322.59169107499986
7748,323,280.84739045000015,330.29006709999993
7749,323,240.42572797500014,309.1981312999999
7750,323,215.688920925,254.6031639250001
7751,323,222.6120016500002,198.02653360000005
7752,323,187.64478632499998,173.4507956
7753,324,163.65099732499993,160.76752077499998
7754,324,114.63987339999997,143.17795992500007
7755,324,139.56852227500028,147.06462062499998
7756,324,126.34875517500001,116.27601247500007
7757,324,130.06455574999995,176.39732274999994
7758,324,178.0423858500001,209.17567200000002
7759,324,209.927765825,288.0457398249998
7760,324,209.3398931249999,272.41843612499997
7761,324,289.4748489,220.4989924749999
7762,324,274.9108780750004,256.9742654749999
7763,324,249.24489985000017,283.3392220249999
7764,324,298.12120592500014,240.09137307499978
7765,324,270.82249812500004,301.95358154999985
7766,324,310.42256414999997,325.75879414999997
7767,324,239.7154707000001,321.964246225
7768,324,287.70474827499993,257.85630619999984
7769,324,292.12068037500006,275.695141875
7770,324,311.68274392500007,271.06394814999993
7771,324,308.6614340000001,261.32091130000015
7772,324,284.2902250000001,253.6169733499999
7773,324,352.42867597500043,226.75867790000007
7774,324,266.40399705000027,205.69782107499998
7775,324,230.33285917499995,181.53631150000007
7776,324,208.16806565000002,174.4379545249999
7777,325,184.2275756500001,124.84333012500002
7778,325,172.7651551250002,139.20442654999997
7779,325,163.1106379750002,156.272332575
7780,325,155.50745652500004,122.4002916749999
7781,325,213.65187977500017,136.45249090000007
7782,325,133.47991574999992,177.97604464999998
7783,325,195.32715702500013,212.84961157499993
7784,325,259.5495801,267.23940639999984
7785,325,232.666507975,306.0512885000001
7786,325,255.33766735000017,259.1055804499999
7787,325,258.9299280250001,273.55178117499986
7788,325,262.38795740000006,310.91420504999996
7789,325,260.5448203000003,286.3787671749999
7790,325,289.793789725,221.80109567499989
7791,325,317.64397725000015,250.58089399999997
7792,325,281.2784547500002,258.7767431999999
7793,325,242.58000277500037,249.39674835000005
7794,325,286.33135970000046,312.54237877499986
7795,325,254.09987779999994,240.25829084999978
7796,325,258.96789787500006,248.135083075
7797,325,206.34637475000005,231.73244624999984
7798,325,222.15845657500006,213.29371554999986
7799,325,197.30232704999997,170.35218955000005
7800,325,164.11618564999998,179.66316510000001
7801,326,128.29029897500013,146.50109352499996
7802,326,153.74360880000032,140.28090564999985
7803,326,144.356716225,137.90199619999999
7804,326,134.17903880000006,136.7621472999999
7805,326,189.06903119999998,143.4842228249999
7806,326,156.95209960000005,195.25439942499995
7807,326,176.2611446750003,183.03260082499986
7808,326,167.19431147500018,234.55554235
7809,326,206.41967142500005,175.79643350000015
7810,326,238.89036990000017,252.59909574999995
7811,326,231.55899809999988,213.93533057500014
7812,326,267.318168475,239.69767204999988
7813,326,250.57326590000002,227.77026784999998
7814,326,248.43696757500015,176.09027184999985
7815,326,209.70132632500014,195.39578182499997
7816,326,222.29035982500014,236.05295902500006
7817,326,228.76886360000006,241.077942425
7818,326,230.2512162750001,207.8485593
7819,326,233.63686995000018,232.9786203
7820,326,154.7237714000001,203.82902977499998
7821,326,182.49920880000013,223.31518805000005
7822,326,185.35318842500007,230.26296645000002
7823,326,140.64265795000017,197.49356880000005
7824,326,151.77040227500015,185.1235484249999
7825,327,164.57159107499996,135.80290949999997
7826,327,129.76999027500003,136.6355636
7827,327,144.19772157500012,142.17876590000003
7828,327,174.65356210000039,180.666894025
7829,327,128.43838550000004,168.37147672500004
7830,327,175.73735680000004,157.06299512500001
7831,327,234.17957397500024,129.27929587499992
7832,327,199.57769787500015,199.529746875
7833,327,219.8622119000002,194.9704703000001
7834,327,242.0825555999998,270.40135622500003
7835,327,261.77559375000004,266.29943129999987
7836,327,270.37696737500005,265.18408409999984
7837,327,242.10369815000016,233.6448892499999
7838,327,213.02318445000003,210.95170537500002
7839,327,269.6015731750001,187.24862437499985
7840,327,229.1864187,172.8732430000001
7841,327,241.075797325,216.72810357499984
7842,327,216.708498625,171.14725310000006
7843,327,239.05764732500003,236.43725377500004
7844,327,262.80281952500025,195.61309795
7845,327,229.76839502500007,200.74827029999983
7846,327,173.22014832500008,184.81262322500007
7847,327,185.16248370000022,148.596322475
7848,327,146.73237315000014,167.5797324749999
7849,328,142.92816237500023,135.854660075
7850,328,130.14509580000012,156.14942084999996
7851,328,150.57403829999998,106.30062479999995
7852,328,129.73186107500004,140.71656832499988
7853,328,153.97803715000003,159.17458954999995
7854,328,185.43043562500011,173.36554425
7855,328,229.72579492500012,175.85522757500001
7856,328,253.80415597500038,169.05335040000014
7857,328,266.4116846250002,244.9461925249999
7858,328,282.09014642499983,256.15944512500005
7859,328,305.8529179750002,227.12771389999997
7860,328,229.77467025000004,197.02869527500002
7861,328,193.06125094999993,255.79527827499996
7862,328,233.47344250000032,259.6763050249999
7863,328,228.15140800000012,236.56543597500007
7864,328,237.90217702499996,266.4222968749999
7865,328,211.19116302500007,275.65028594999995
7866,328,286.2698905250003,233.19634050000016
7867,328,279.380048625,237.04562314999984
7868,328,270.49581462500004,220.92420642499997
7869,328,225.27529800000013,194.24657257499993
7870,328,206.65385597500017,216.500992925
7871,328,186.45560902500006,198.310836375
7872,328,161.5678598750001,192.04160487499996
7873,329,138.8299552000001,132.34548637499995
7874,329,146.9858898500001,160.01523010000005
7875,329,106.66655922500007,109.96487002500001
7876,329,126.92448437500016,147.66986887500002
7877,329,124.93055850000007,133.99898635000005
7878,329,190.78271650000016,137.15890912499995
7879,329,181.80927150000014,133.37015305000006
7880,329,205.05948622500014,154.5074640499999
7881,329,242.9106895500001,195.89850695000007
7882,329,205.34912232499988,210.913673725
7883,329,209.83001882499997,219.32517977500004
7884,329,187.909667225,290.74174137499995
7885,329,193.67984282500015,271.10517000000004
7886,329,222.82537225000016,236.87183237500003
7887,329,197.31079727500008,239.654029925
7888,329,193.63415062500025,196.1283534
7889,329,191.16689677499997,209.27649324999993
7890,329,251.47244927500014,256.7378021000001
7891,329,253.8211611250004,280.888605675
7892,329,199.03266585000011,269.0669175749998
7893,329,235.90422782500042,253.2193616499998
7894,329,205.51591230000017,219.34885987499996
7895,329,186.2834157000001,187.49716767500001
7896,329,217.31211727500013,200.34694237499997
7897,330,143.25590290000002,111.92809174999995
7898,330,112.33751869999998,126.16968552499999
7899,330,122.01126527499993,126.57576474999995
7900,330,131.94378267499997,160.0217907249999
7901,330,149.86335995000005,162.34458317500003
7902,330,160.538484175,189.49561389999988
7903,330,256.94579397500013,219.39773265000014
7904,330,239.87787682500004,196.52879470000016
7905,330,236.95839057500012,196.24968604999987
7906,330,320.05780597499995,232.27249534999999
7907,330,285.41143845000016,254.45952589999973
7908,330,258.27826435000003,293.6723457500002
7909,330,258.6753206,294.891256625
7910,330,308.61162372500024,239.71603812499995
7911,330,279.01407872500016,245.815360925
7912,330,277.0936130000001,203.31416312500002
7913,330,324.84691917500004,252.65902587500005
7914,330,337.39519437499996,284.4303673499999
7915,330,228.15659167500002,298.6946440999999
7916,330,220.610804225,257.4947423249999
7917,330,217.6590314499999,292.029146425
7918,330,245.57252455000042,242.95312467499988
7919,330,187.54712587499995,209.3338407
7920,330,186.89918207500017,149.63200895
7921,331,171.87825427500002,148.10056802499997
7922,331,167.8331609000001,185.30576522500002
7923,331,175.42770640000012,150.54220644999998
7924,331,171.87900620000002,154.608253125
7925,331,160.01733477500022,165.00785747499998
7926,331,154.3963495500002,217.8718883999999
7927,331,221.42618572499993,241.31718662500003
7928,331,237.11784882500027,251.1880077250001
7929,331,216.22407677500019,285.797947825
7930,331,254.6242145999998,266.09040932500005
7931,331,328.00994512499994,245.7052860999999
7932,331,297.40327262500006,233.8034335499999
7933,331,284.51196572500004,294.5866079749999
7934,331,262.22858347500016,263.95672532499987
7935,331,295.6327893750005,269.45962847499993
7936,331,213.42261120000043,248.04299487499998
7937,331,278.140145725,247.74809807500003
7938,331,309.401131125,223.1241404999999
7939,331,268.257440725,255.83513322499985
7940,331,233.010695775,240.31138099999995
7941,331,317.7998843250001,227.7905447
7942,331,238.5367776000001,198.87499252499995
7943,331,217.23029580000008,147.34811044999995
7944,331,186.09550542500017,171.05842829999995
7945,332,162.94630145000025,153.6007431999999
7946,332,166.18059334999998,141.673877925
7947,332,157.77621450000004,114.57023767499996
7948,332,184.88196662499996,140.48790184999993
7949,332,201.30283597499994,194.01262342499993
7950,332,180.0059907750001,193.423367225
7951,332,137.39812469999993,246.04933010000002
7952,332,208.08013412499992,232.8681397499999
7953,332,192.39003427499992,258.1149058
7954,332,249.54754085000008,309.5681004
7955,332,329.78834827500043,299.04770092499996
7956,332,304.40146147500036,287.1920071750001
7957,332,292.35914865,273.6685377000001
7958,332,257.5673031000001,247.8783198000001
7959,332,233.34904902500008,303.7371297499999
7960,332,254.43958632500005,249.25035087499995
7961,332,217.1005357999999,271.62931292499985
7962,332,238.7743453500001,268.14716112499985
7963,332,206.7574198749999,270.0417316
7964,332,255.46903212499996,276.28414097499984
7965,332,274.6229826750001,217.97325422500012
7966,332,243.28678435000003,252.77135504999978
7967,332,168.66532254999998,225.00782557499994
7968,332,180.3422616000001,210.99119217499998
7969,333,147.2613923,166.45682787499993
7970,333,142.80868890000008,167.93580434999998
7971,333,134.40913377500002,208.72494772499996
7972,333,116.35488457500007,194.55530887499998
7973,333,169.145695225,160.84740905
7974,333,202.49060080000007,199.94200219999988
7975,333,195.57714212500008,201.66066109999994
7976,333,170.53589037500012,180.28998332499987
7977,333,255.9461937999999,309.1584448500001
7978,333,361.24693102500044,270.2985251500001
7979,333,245.81501849999998,333.1225051
7980,333,273.79653490000027,333.40612977499995
7981,333,294.32399335000025,250.2927569000001
7982,333,256.5517312500002,262.49359764999974
7983,333,258.1970002749998,269.1029891000001
7984,333,275.01787132500027,246.83166525000001
7985,333,254.78354272500007,274.02309255000006
7986,333,262.368570675,281.833996675
7987,333,260.54659615,332.89259125
7988,333,269.5208653750002,266.49339045000005
7989,333,280.36304777500004,258.4153622749998
7990,333,253.31631267499998,228.4724842500001
7991,333,193.40972497500002,223.47432962499997
7992,333,179.79103860000004,167.07110835
7993,334,179.96353365,168.6372043749999
7994,334,175.40375939999998,152.96195467499996
7995,334,162.10543537500024,134.16802857500002
7996,334,146.61278760000008,172.74103265
7997,334,207.39189634999997,184.9016160249999
7998,334,203.0499476000001,200.968168575
7999,334,211.28093295000022,219.41810164999998
8000,334,212.38099440000002,201.6357133000001
8001,334,240.1964716250001,212.70041632499994
8002,334,281.25866160000027,282.278071325
8003,334,332.8973835750001,336.0457435499998
8004,334,324.25530295000044,312.309029075
8005,334,232.43239322499997,270.10481797499983
8006,334,288.0863973000005,256.58182980000004
8007,334,315.98663275,272.8923945749999
8008,334,299.7726542250001,304.7677755999998
8009,334,217.36580779999997,307.182719
8010,334,256.4725884500003,291.6994033249998
8011,334,317.27610984999995,244.00086759999996
8012,334,260.52073677500016,248.94629092499991
8013,334,239.84859782500024,237.11551600000007
8014,334,194.54057875,256.6305524749999
8015,334,193.77120142499993,238.17125012499991
8016,334,171.35832852500002,155.4261427749999
8017,335,148.28781155000007,168.104741375
8018,335,151.61917537500005,173.72541279999984
8019,335,171.37946240000002,172.97308567500002
8020,335,167.923236975,138.34414524999988
8021,335,139.34996720000004,153.57141222499996
8022,335,139.3163653000001,189.69821309999998
8023,335,201.60964427500022,199.98153494999997
8024,335,210.9615881250001,242.78553487499997
8025,335,241.73358735000005,223.30882599999995
8026,335,238.91772530000014,208.4259254500002
8027,335,232.20511912500007,266.281403725
8028,335,283.6108196500003,291.738863175
8029,335,227.6325838250001,282.0897823999999
8030,335,222.96990035000042,231.27818887500013
8031,335,228.83039617499992,298.12678182499997
8032,335,194.3120089250002,244.82642860000004
8033,335,194.15390147499994,196.62735087499993
8034,335,199.4721370750001,264.82852007500003
8035,335,288.9683758000002,236.2440037
8036,335,232.28182785,197.68723372499994
8037,335,269.5128258250007,209.33233007500002
8038,335,211.17876965000016,268.93518815000004
8039,335,164.83929300000034,270.9444364499999
8040,335,187.13484222499994,180.4843246499999
8041,336,153.88503527500006,124.23158494999996
8042,336,141.11489457500002,182.55742470000004
8043,336,158.746024975,180.81195899999994
8044,336,163.59043030000032,146.38402602499997
8045,336,184.0427786250001,173.9122104
8046,336,176.78298282500015,161.54117335
8047,336,183.06220662500004,215.7298270249999
8048,336,165.3935804749999,242.95483022499997
8049,336,177.16233207499997,207.18372457499993
8050,336,277.03858070000024,208.64285132499995
8051,336,212.22560717500005,278.8720460249998
8052,336,250.75990437500013,217.62327357500018
8053,336,216.22176504999996,217.88757702499998
8054,336,229.69343767500027,215.48222307499987
8055,336,254.53691302499988,237.10256829999992
8056,336,220.61486552500006,207.24501750000002
8057,336,211.71503667500008,213.8759345500001
8058,336,292.79469105000015,219.09032169999995
8059,336,251.921393775,235.89158085000005
8060,336,316.27570325000056,295.92822305000004
8061,336,300.89580605000003,341.72635497499994
8062,336,261.6968438750002,229.29336402499996
8063,336,220.04315815000015,197.45990232500003
8064,336,161.4027988,190.36331944999995
8065,337,182.91915510000018,149.80339214999987
8066,337,151.56410350000004,139.31738860000002
8067,337,132.98618712500007,131.58642102499994
8068,337,130.00437905,149.28027647499988
8069,337,144.82894722500004,115.21198027499997
8070,337,200.4490866250001,188.27724979999994
8071,337,250.31247677500022,256.6669400499999
8072,337,244.31468287500007,266.77402420000004
8073,337,255.94281167500037,249.62896669999986
8074,337,288.1124233500001,288.84820565000007
8075,337,290.2367440500001,278.50861074999995
8076,337,314.20358880000015,275.41287212499986
8077,337,304.20249287500013,326.3317138000001
8078,337,282.37203472500005,319.55125509999993
8079,337,247.31309630000004,252.99122834999991
8080,337,251.30817220000017,231.46863182499996
8081,337,256.886183325,258.72305715
8082,337,240.23538947499986,243.16645297499986
8083,337,251.74926047500028,232.3303466
8084,337,250.98568977499988,222.28131367499995
8085,337,238.55653534999996,268.14441607499987
8086,337,219.92872637500025,245.8928413000001
8087,337,215.84919880000007,259.7227535999999
8088,337,217.96223297500012,192.50034487499994
8089,338,149.73221847500002,147.4989682499999
8090,338,113.80355477499998,119.49861027499995
8091,338,143.17751169999997,139.14629412499994
8092,338,157.14396455000008,143.71664419999996
8093,338,130.00736832500013,176.31305482499997
8094,338,120.96852377499997,186.66660117499993
8095,338,181.15404870000015,222.35827502500015
8096,338,197.08834322500013,234.6576366249999
8097,338,231.9179395500002,239.02814282499992
8098,338,297.59047245,237.80233357499998
8099,338,269.9737805249998,206.01610094999987
8100,338,341.1113041250002,338.08423650000015
8101,338,285.3938706000003,317.3721991
8102,338,236.3026057750003,249.15223592500004
8103,338,318.80851070000017,298.451266075
8104,338,290.03332505000003,298.524337225
8105,338,271.9867546750001,322.11362629999996
8106,338,213.81195652500006,257.09854597500004
8107,338,234.7292213749999,298.30287857500014
8108,338,245.58694562499994,315.25141700000006
8109,338,304.87233115000015,262.6485386749999
8110,338,226.82319394999985,273.9985019499997
8111,338,247.19178327500038,203.75030199999992
8112,338,181.55182530000025,169.49866002499994
8113,339,187.11658434999993,206.70571664999989
8114,339,164.07023602500007,220.3169571499999
8115,339,191.8033426250002,189.84164989999994
8116,339,156.4518922250001,182.3716964499999
8117,339,192.44411525000015,184.987032925
8118,339,175.7728476750001,182.87591112500002
8119,339,230.69352650000008,236.84525327499992
8120,339,252.67301565000014,256.1275425250001
8121,339,279.08482530000003,262.3642748000001
8122,339,269.37286792500004,294.7716723249998
8123,339,261.4809217000003,298.71636119999994
8124,339,218.770291125,298.2211586999998
8125,339,250.8150522750002,221.91312870000002
8126,339,230.456999725,234.33068977500017
8127,339,265.1157886000002,259.1811573750001
8128,339,263.65713362500003,292.4527119499999
8129,339,242.42506260000005,234.6002233499999
8130,339,283.71616535000027,244.30615244999976
8131,339,289.83287140000033,261.2464112
8132,339,321.66372287499996,304.702875425
8133,339,266.08076970000064,283.93848304999995
8134,339,265.864223825,230.81881189999984
8135,339,265.1800354000001,197.57091965000004
8136,339,197.62276237499995,184.53245867499993
8137,340,152.80086655000014,162.3090102499999
8138,340,150.11913690000006,185.31250237499998
8139,340,137.23770564999995,152.15597532499996
8140,340,133.58084402500003,184.29791915000004
8141,340,184.99332680000003,175.56886885000006
8142,340,211.4412732500001,137.56487980000003
8143,340,210.9225888000002,216.32627382500004
8144,340,243.24168262500024,206.64436772499977
8145,340,250.488571825,206.24678202499996
8146,340,268.2420014750006,236.79355135000014
8147,340,343.52708477500016,242.42205667499985
8148,340,325.35993829999995,272.992637375
8149,340,240.16302032499993,250.9479282499999
8150,340,199.7667140500001,247.2561013249999
8151,340,184.83171747500006,194.0815302250001
8152,340,219.2408732000001,264.1039236999999
8153,340,210.04063805000024,251.75374439999993
8154,340,237.3321168000001,270.06738199999995
8155,340,225.38344607500017,249.51061037499997
8156,340,287.59601644999987,263.3757126500001
8157,340,273.77235135000035,270.79435615
8158,340,300.5950274749999,272.368412275
8159,340,200.66387405000017,281.80151052499986
8160,340,233.07793890000013,222.58218937500004
8161,341,187.26837029999996,181.69472557500006
8162,341,185.6780305750001,219.90222087499995
8163,341,173.55162282500012,185.34536339999994
8164,341,192.494174125,175.18898927499993
8165,341,215.9520773000002,187.2842971999999
8166,341,226.72324587500026,219.55577627499991
8167,341,247.12642167500013,193.73765419999995
8168,341,237.93968012499994,238.73115615000006
8169,341,293.62841282500017,337.08135172499993
8170,341,278.6099985250001,333.40546044999996
8171,341,350.7196774000003,304.9018044750002
8172,341,301.922676925,340.0841656749998
8173,341,294.08880597500024,314.564798
8174,341,251.732382175,286.2920270999999
8175,341,339.1942882250004,274.9361883749999
8176,341,246.12942802500004,229.26859222500002
8177,341,218.395220875,247.40482895
8178,341,238.44923187500018,235.96984862499994
8179,341,251.63082377500024,264.25281935000004
8180,341,262.19765562500004,244.60514870000003
8181,341,229.2054834,317.1638449
8182,341,281.959938725,224.1899619499999
8183,341,290.50979357500023,220.9643402499999
8184,341,159.86552102500022,209.22953779999995
8185,342,160.11186672499997,133.5554064250001
8186,342,140.59116210000008,152.69892244999994
8187,342,121.44878992500014,142.17583657500006
8188,342,151.79911620000001,138.37179392500002
8189,342,144.5572406,190.56329579999988
8190,342,206.10315662500005,166.51163187500003
8191,342,193.83425377499992,195.814063925
8192,342,222.36778910000015,214.5452460749999
8193,342,283.8398170500003,227.72451717500007
8194,342,273.5841598000002,291.7436363749999
8195,342,300.37167582500035,321.7532043499999
8196,342,269.5641650250003,270.260835575
8197,342,299.3233270500008,299.6705427749998
8198,342,261.6397896749998,237.3328772499998
8199,342,242.398424125,255.4154381999998
8200,342,236.69937512499993,224.0811213
8201,342,254.22318722499995,248.83820239999997
8202,342,201.52323797500011,250.12768752499983
8203,342,251.81387510000008,275.4950903750001
8204,342,288.1883324250003,256.5670896499998
8205,342,257.2614948000001,287.554116225
8206,342,278.7607685750001,255.31748697500012
8207,342,227.23892842500038,251.1568049
8208,342,198.08443880000027,195.94000285000004
8209,343,167.6839404750002,179.58691209999995
8210,343,132.5850917,180.92611065
8211,343,152.43064472500012,157.364998925
8212,343,170.42580762500017,157.80957532500008
8213,343,187.41447357500005,156.1920821500001
8214,343,161.7419683000001,166.81621595000007
8215,343,248.03002854999988,178.00526867499988
8216,343,185.26037740000032,203.76809067500005
8217,343,207.50987600000022,244.9512448499998
8218,343,254.98587635,190.2864072
8219,343,254.84417182500027,237.5046644749999
8220,343,204.55401609999993,234.10118392500019
8221,343,239.5244294750001,192.23405734999977
8222,343,232.44536487499988,167.96683590000012
8223,343,195.43668037499998,205.28278714999982
8224,343,211.70473112499997,186.13242547499996
8225,343,216.17480315000006,188.633443225
8226,343,224.81976462500015,198.97121437500005
8227,343,214.53240685,229.193228475
8228,343,249.38459720000003,221.90509507499985
8229,343,282.6103077500002,294.555990875
8230,343,247.89084495000012,255.613330275
8231,343,208.77896605000018,187.28451199999992
8232,343,153.68239925000006,171.61002204999994
8233,344,171.66261742500006,134.5444243749999
8234,344,152.06640005000003,136.61324497499993
8235,344,135.98901617500005,123.16155589999991
8236,344,141.0789085,131.02318142500002
8237,344,164.70241432499998,169.85576767499995
8238,344,218.10994567500012,176.1316570749999
8239,344,241.7043805749999,220.49224424999986
8240,344,257.5852255249999,213.53297864999988
8241,344,232.13308030000002,219.82650197500016
8242,344,238.75491915000023,224.18999822499993
8243,344,279.459478075,220.5329141999999
8244,344,294.79675057499986,260.15785774999995
8245,344,322.6029512750004,299.8161586
8246,344,269.49851535000005,229.69891647500006
8247,344,302.8159093000001,277.00833407499977
8248,344,335.3574944500003,262.55159490000005
8249,344,278.121726125,273.48099962499987
8250,344,251.04938010000006,280.2697049249997
8251,344,281.28072752500003,249.36380107499974
8252,344,313.4937831000005,269.3675393
8253,344,316.88245642500044,230.76172047499986
8254,344,279.7544415500001,227.33632047499998
8255,344,228.06625395000006,229.16203502499985
8256,344,207.18343772499998,196.00553810000008
8257,345,182.536374225,188.703152575
8258,345,165.37109487500004,199.01333315000005
8259,345,159.16506214999998,173.45810237499995
8260,345,153.56667545,153.791398225
8261,345,183.18200842500005,171.72500342499995
8262,345,205.68179442500025,198.89741060000006
8263,345,212.82143270000012,231.63627122499997
8264,345,289.24770412500004,196.72002374999983
8265,345,297.94258482500004,217.96773400000006
8266,345,249.77206950000033,278.66161294999984
8267,345,224.4393035750003,286.528589
8268,345,202.22216972500019,292.557537225
8269,345,261.20142765,265.34736295000005
8270,345,317.0895938750002,282.20512267499987
8271,345,300.09155810000004,232.88160652499994
8272,345,267.26043950000036,308.62335492499994
8273,345,222.55153042499992,275.0408748
8274,345,267.0121965500002,279.05491269999993
8275,345,256.20154367500004,272.62115170000004
8276,345,236.8180774250001,242.289115225
8277,345,236.8111551500001,218.79833252499984
8278,345,243.94325225,205.24678924999984
8279,345,251.63151157500022,267.67126285
8280,345,210.51607315000004,203.19954730000003
8281,346,207.408659,220.24920337499998
8282,346,178.93868019999996,191.91379517499996
8283,346,187.70301277500013,166.83251585000005
8284,346,194.1397242000002,184.90929609999998
8285,346,200.88300832500033,186.96642452499998
8286,346,168.88208327500024,173.48078517499988
8287,346,253.6414009500002,219.99056084999995
8288,346,244.424013275,226.41852217500002
8289,346,214.22646577499995,357.6750304749998
8290,346,256.84036007500004,327.75382974999974
8291,346,236.759080325,367.5594793749998
8292,346,217.87949292500008,279.03749060000007
8293,346,263.68647239999996,333.27411095
8294,346,268.06357637500037,305.0303534999998
8295,346,230.26127745000014,280.4070862000001
8296,346,222.18413142500017,223.00935407499978
8297,346,232.99448900000016,199.51100067500005
8298,346,284.8625611,273.04135464999996
8299,346,254.92037455000002,307.2020150499999
8300,346,263.5218263250001,255.59054565000008
8301,346,280.4315465250003,268.4421730750001
8302,346,243.94284855000012,228.15866734999997
8303,346,240.65093400000012,245.3371361749999
8304,346,180.83326390000002,222.507169825
8305,347,166.12807685,164.78848372500005
8306,347,144.9099837250001,157.02235322499996
8307,347,149.43254892500005,151.67218032499994
8308,347,166.97073319999998,168.17922409999989
8309,347,203.49144997500014,200.56314542499996
8310,347,152.85842412499994,237.47350939999984
8311,347,205.88495710000012,244.12709957499982
8312,347,206.78961455000024,273.670678825
8313,347,298.94639847500025,240.36289182499996
8314,347,249.67942485000003,324.60024022500005
8315,347,283.9770595000001,282.272198825
8316,347,358.16440220000004,346.03834269999993
8317,347,310.7092941000002,289.31165569999996
8318,347,320.1735186750002,307.71183985000005
8319,347,259.0207732500003,305.59367982500004
8320,347,271.24283890000015,259.7023425499999
8321,347,239.60275800000005,264.7466516499999
8322,347,242.1493487000002,284.54859335
8323,347,256.1821000000001,328.9707823250001
8324,347,262.7654938499999,294.13969792500006
8325,347,216.22016397499996,322.6481523499999
8326,347,229.87754347500018,237.69436205
8327,347,201.55849315000006,217.772572325
8328,347,199.869828825,196.567818275
8329,348,189.10916037500022,135.16387397500006
8330,348,145.72245435000002,152.3270254499999
8331,348,141.94486302500016,128.9281530499999
8332,348,136.65097932500004,141.84224385000005
8333,348,162.01920467500005,163.02494512500002
8334,348,178.77233029999996,177.10337342500003
8335,348,207.8575420749999,231.6186050249999
8336,348,287.4563359750004,261.08849492499985
8337,348,290.9709851500001,244.1923674750002
8338,348,292.06764880000014,253.82517305000005
8339,348,319.00049200000024,285.9043574750001
8340,348,230.587846925,252.21888580000007
8341,348,231.20665864999995,237.18459812499987
8342,348,249.72423727499995,191.60225090000017
8343,348,234.53803937500027,241.90364815000004
8344,348,218.60704327500017,261.7491607999998
8345,348,190.103887475,217.42085142500014
8346,348,267.8316841750002,227.00703325000006
8347,348,277.61124717500024,307.79104270000016
8348,348,241.77181860000007,268.8693261249999
8349,348,325.78336449999995,233.24111572499993
8350,348,281.68421500000045,258.5235197999998
8351,348,211.27606750000007,214.79432882500004
8352,348,229.81535280000023,178.456926325
8353,349,172.72478895000006,219.03906239999992
8354,349,194.49928252499987,231.94207057500003
8355,349,202.45177485,164.24131807499987
8356,349,188.43113794999994,154.00558495000007
8357,349,183.29677714999997,182.80292062500004
8358,349,184.25857657500003,163.1936589
8359,349,241.27298880000012,173.57772192500016
8360,349,225.23035345000017,239.108539725
8361,349,233.152590025,250.1448959
8362,349,296.3315194999999,264.61740077499985
8363,349,205.84255617500017,294.8095102249999
8364,349,239.9397419,276.32656942499995
8365,349,180.51779610000006,265.825794825
8366,349,237.4985958000001,230.5133071499999
8367,349,249.7184690750005,303.70277962499995
8368,349,260.51306430000005,214.39163759999997
8369,349,260.19914874999984,222.72260862499968
8370,349,240.587679,277.065523275
8371,349,211.1121093500002,234.93825774999993
8372,349,206.182252575,333.2476543749999
8373,349,284.03899320000033,313.03744235
8374,349,227.47672854999996,274.754803375
8375,349,252.1463285500001,216.832690875
8376,349,216.4368994750003,195.684688075
8377,350,149.86572097499996,160.068217325
8378,350,150.41076297500024,134.02395627499996
8379,350,158.88422917500003,120.52580072499998
8380,350,153.69834685000012,152.980654075
8381,350,179.6707293,168.01077919999994
8382,350,206.52739335,186.45100779999996
8383,350,167.25642612500002,206.69297192499997
8384,350,196.95181542499984,186.64463937499997
8385,350,298.48033570000007,196.33688599999988
8386,350,304.3420396750004,182.8859441999999
8387,350,382.7165646499999,297.70650745000006
8388,350,261.932504725,218.98952617499992
8389,350,289.5096484999999,177.67385632500003
8390,350,268.52197112500016,210.40023545000014
8391,350,301.58254742500003,211.47498712500015
8392,350,268.9509339,236.8819378999997
8393,350,244.53550710000002,219.92028664999984
8394,350,349.0369345500002,266.880177175
8395,350,286.64500942500007,225.6940369999998
8396,350,303.18159127500013,207.2774370249998
8397,350,339.15692875,284.05304722500006
8398,350,256.7020757749999,254.05828262500006
8399,350,224.79897995000002,202.9026287000001
8400,350,190.278824225,217.35687637499996
8401,351,140.07184969999997,128.82703162499993
8402,351,155.9019295750001,130.72981337500002
8403,351,169.55278992500007,136.98229879999997
8404,351,140.852623075,122.74808544999995
8405,351,205.01042485000022,156.1423660749999
8406,351,219.89115195000022,187.27907227499998
8407,351,244.08056215000036,222.28043825000003
8408,351,219.07047954999996,275.0223468250001
8409,351,207.937929375,353.44178
8410,351,277.8424407000003,328.8840293499997
8411,351,218.16707969999982,316.7104977250001
8412,351,300.2851486500002,282.72736819999983
8413,351,327.9052313750001,260.722058425
8414,351,291.6435321250002,266.49628864999994
8415,351,320.72582787500005,297.9484267999999
8416,351,277.089486325,237.51020609999998
8417,351,254.02660905000022,224.46806189999978
8418,351,243.8719180750002,249.46419657499985
8419,351,254.65870899999993,247.64319337500007
8420,351,301.85188192499993,260.85707367500004
8421,351,327.05708807500014,234.8337131249998
8422,351,319.61736725000014,226.1003582249998
8423,351,230.4315106250001,201.4612203499999
8424,351,164.42459237499997,167.83550295000003
8425,352,139.66433087500008,147.47391919999993
8426,352,154.0090308500001,172.13889675000007
8427,352,153.22847597500012,190.14739125
8428,352,177.41858312500008,165.07984380000002
8429,352,171.50003392500025,219.78476807499993
8430,352,233.95728050000048,242.65626552500004
8431,352,239.3430204500002,250.40036372499986
8432,352,300.9861570249999,230.40218342499995
8433,352,254.36413360000017,284.81714929999987
8434,352,188.68684424999998,283.457653975
8435,352,246.86254732499995,241.06045349999997
8436,352,284.91971927500015,251.2695080999998
8437,352,272.6544533750002,285.83710574999975
8438,352,339.24812042500014,254.31194090000002
8439,352,269.7363422999999,310.80947945
8440,352,339.20589210000037,331.04969864999987
8441,352,305.2198710750001,249.55871594999994
8442,352,253.90421300000003,234.61917919999996
8443,352,249.95929535000005,299.836826525
8444,352,261.559903825,287.67436359999994
8445,352,316.0903901250001,284.4011655999999
8446,352,235.55167262500018,260.49540172499997
8447,352,212.17197945000058,232.19202359999986
8448,352,213.6012707000001,199.350025275
8449,353,172.58037124999993,186.76595057499998
8450,353,191.31265447500022,169.768528375
8451,353,159.15703635,167.98119605
8452,353,215.72735347499986,191.94879112500007
8453,353,207.674746725,186.03767877499988
8454,353,230.37656535000013,232.83048165000002
8455,353,230.83770129999994,212.00607632499998
8456,353,240.20644862500015,252.6034299499998
8457,353,311.58950845000004,255.18142212499987
8458,353,343.78624345000003,324.4251762499999
8459,353,339.1475713250003,317.9786562749999
8460,353,278.28153035000025,284.15326962499984
8461,353,270.6146638500001,253.81406092499998
8462,353,275.32997164999995,228.34010299999983
8463,353,259.82704657500005,235.72510279999977
8464,353,263.23524530000014,217.12328079999992
8465,353,285.28680602499986,203.63856142499995
8466,353,301.02833109999995,192.01057192500008
8467,353,323.7227323750003,273.11345742500004
8468,353,335.601806175,256.6116109000001
8469,353,303.39445652500024,287.0192128249999
8470,353,238.8571854750001,244.95412210000006
8471,353,240.63155462499998,226.07977640000013
8472,353,238.60269417500007,229.29297692500006
8473,354,178.9003984750001,181.28040585000002
8474,354,197.06499424999993,207.80581377499993
8475,354,179.36905614999995,234.32227729999994
8476,354,170.62390697500024,270.0619085249999
8477,354,165.64751672499997,311.406024775
8478,354,199.44444680000015,270.21467429999996
8479,354,201.12063950000007,294.2094923249999
8480,354,276.89963709999995,278.65874852499996
8481,354,281.65689679999997,290.92459505
8482,354,313.93848022500003,246.41645697499996
8483,354,314.34534817499997,278.92560827499983
8484,354,334.41169030000003,262.77307410000003
8485,354,245.0097011750002,324.59610737499975
8486,354,261.08943142500027,228.57208692499995
8487,354,242.77083992500022,230.70395734999994
8488,354,213.44585875000004,248.11096192499994
8489,354,215.30242747499994,216.4699127499999
8490,354,277.5232543750001,329.0079215749998
8491,354,292.44032572500026,211.46275409999993
8492,354,328.11027350000006,230.9632521
8493,354,248.77149747500022,262.60932442500007
8494,354,228.88778947500026,284.91651509999997
8495,354,232.8765506750004,199.4773550750001
8496,354,205.71692732499992,208.29053894999998
8497,355,163.57620917499997,163.03368744999995
8498,355,189.64293767500013,196.69014292499998
8499,355,221.72124367500027,180.42560104999995
8500,355,209.92453630000017,174.25438842500003
8501,355,234.58144320000065,208.67791887499993
8502,355,175.47822440000002,211.1271063249999
8503,355,220.66010762500022,197.21485560000002
8504,355,236.8797278500003,218.4816654
8505,355,231.28754372500006,314.7694213500001
8506,355,294.3086965250001,295.00486717499996
8507,355,288.59954882500017,342.37318032500013
8508,355,314.1925244250002,297.061908925
8509,355,275.03186717500023,292.00782722499986
8510,355,241.16721647500003,239.46574127499974
8511,355,243.7281233750002,236.6435530750001
8512,355,243.27917977499988,247.09220162499997
8513,355,251.69022457500012,204.80951500000012
8514,355,241.74065452500022,250.80929462500012
8515,355,287.769676175,238.1703439500002
8516,355,246.21709120000008,247.4248139
8517,355,287.82613765000025,271.5084437749999
8518,355,301.6179360750002,322.7445324499997
8519,355,214.6381306,285.4560594999998
8520,355,165.59722480000005,253.41719942499992
8521,356,163.57140640000017,205.39645689999998
8522,356,154.9140339,179.10162970000005
8523,356,150.216167525,159.411937325
8524,356,135.8364078250002,147.66018792500006
8525,356,145.7038749250001,151.68719999999996
8526,356,187.71203950000012,195.39031990000004
8527,356,215.73833027500007,217.01979562500017
8528,356,256.8826320000001,214.048001375
8529,356,246.54781995000005,274.45945329999995
8530,356,279.14130747499996,268.50762445
8531,356,276.21430515000003,305.32110544999983
8532,356,291.7787323750001,234.74797492500005
8533,356,257.0511625999999,235.00341024999983
8534,356,273.5741869,213.92270589999998
8535,356,197.62842275000003,213.384646125
8536,356,217.57559507500014,163.99862587499985
8537,356,219.588359875,218.26802829999997
8538,356,227.47612745000006,216.96276372499986
8539,356,228.3080597500001,230.72212942500008
8540,356,297.7335928750002,279.80698970000003
8541,356,280.2554787500002,223.7964570750001
8542,356,245.30423515000018,202.09868992499992
8543,356,215.93639357499995,163.68327727499994
8544,356,211.82443292500002,147.79848130000002
8545,357,160.05341165000002,152.03717667499998
8546,357,182.26624055000002,143.19618669999988
8547,357,140.0989231000001,151.63004382499986
8548,357,163.3156929500001,157.50375829999993
8549,357,148.30072587500007,187.97407952499998
8550,357,167.49225354999993,190.12889692500005
8551,357,184.8003572,182.25961617499996
8552,357,201.36668735000023,223.45723105000002
8553,357,237.54838952500006,252.11712672500005
8554,357,236.60321220000012,208.30697552500004
8555,357,250.59436092500016,242.11725567499983
8556,357,240.72717252500007,272.3158740499999
8557,357,233.74438865000002,218.11293020000005
8558,357,188.05615382500014,207.9675004
8559,357,212.79231945,222.433005
8560,357,173.73443567499987,222.06480670000002
8561,357,201.98275587500018,212.06681615000008
8562,357,267.3044813000002,234.41676612499998
8563,357,256.62169874999984,260.65731879999987
8564,357,280.48359572500016,201.74577652499994
8565,357,246.51017107499996,194.22930567499986
8566,357,269.4838589500001,218.0394879249999
8567,357,234.1071530750001,213.99185029999995
8568,357,151.37602602500004,185.62952074999998
8569,358,117.74604159999998,146.06441324999997
8570,358,141.14074417500004,198.45960197499997
8571,358,138.65103837500007,155.67336959999994
8572,358,162.99858110000002,150.760304625
8573,358,172.23291712500009,175.428639675
8574,358,143.14999752500032,171.78135499999996
8575,358,161.52208569999996,210.39752252500006
8576,358,169.40492640000016,188.14452392499993
8577,358,184.7328483000001,235.1190622750001
8578,358,263.4414828999999,227.21592105000016
8579,358,272.0862722750004,283.2520791249999
8580,358,207.621373325,290.86802934999986
8581,358,193.70686662500003,214.44031715000006
8582,358,266.90631614999995,249.43992969999996
8583,358,263.9737229500001,231.64982539999983
8584,358,171.96857212500015,236.3082623
8585,358,178.3094073750002,222.89290612499983
8586,358,222.67181470000025,236.62787519999998
8587,358,235.4544336750001,226.98902912499994
8588,358,214.8691389000001,219.38667970000012
8589,358,264.70787232500044,239.06337827499996
8590,358,220.55042807499996,257.8871804999999
8591,358,186.59251474999988,225.04529412499994
8592,358,184.06015772500004,184.49097454999992
8593,359,167.271184425,173.34445284999993
8594,359,147.1607364500001,124.52623042500002
8595,359,121.53953337499999,141.53062555000002
8596,359,162.2333719,155.1221948249999
8597,359,166.45897002500016,166.84268272500003
8598,359,170.94614942500016,173.12561464999993
8599,359,210.32713335000005,167.75634247500003
8600,359,159.6989010750001,222.25704854999998
8601,359,203.65987445000002,240.29886664999995
8602,359,197.87461395000008,189.47572919999985
8603,359,194.717761675,256.03396527500007
8604,359,204.85042392500017,228.8306583499999
8605,359,237.6728332500001,203.99408815000004
8606,359,268.07243742500003,218.85683782499999
8607,359,228.73675875000004,249.73535294999994
8608,359,206.52435367500016,201.515357175
8609,359,215.69681334999993,182.20283772499982
8610,359,213.01120822500008,215.99656109999984
8611,359,231.94025877500005,269.508454625
8612,359,279.5989766250001,197.01934072500012
8613,359,304.8527146749999,178.44744555
8614,359,218.60559080000016,222.83858577499996
8615,359,220.91571325000007,215.583990625
8616,359,202.399277675,201.00619812499997
8617,360,152.05401589999997,145.59409912499996
8618,360,116.89008677499996,177.75541122499993
8619,360,134.56384242500008,180.51413052500004
8620,360,169.89494950000002,184.59691222499984
8621,360,210.92462200000008,163.86496234999998
8622,360,201.54291084999994,159.46478454999988
8623,360,201.13659377500008,195.6482513999999
8624,360,208.1213010750003,265.7451609999999
8625,360,263.7579477,257.4995468249999
8626,360,301.16532107500007,339.26994425
8627,360,222.65622465000018,327.172868525
8628,360,284.7977388500001,208.26011812499996
8629,360,280.93441427500017,246.4878448249999
8630,360,203.70340450000006,235.2611364249999
8631,360,248.28504297500012,234.51656307500014
8632,360,210.4761629000002,206.6964489750001
8633,360,234.9165920500003,196.37454172500009
8634,360,298.140843475,242.48296305000002
8635,360,279.42461445000004,240.87622357499987
8636,360,244.61161725000034,272.6622100249999
8637,360,222.97645652500017,284.7048498749999
8638,360,228.04070557500023,266.9505572249998
8639,360,198.3189724500001,232.871590675
8640,360,197.78243830000014,203.54261275000005
8641,361,197.874164075,180.38801407499983
8642,361,173.80602505000002,163.0728035749999
8643,361,232.63525730000015,192.58937617499993
8644,361,194.7044934000001,207.4237164250001
8645,361,197.32502587500036,201.10499397499999
8646,361,168.23357182500007,187.95769145000003
8647,361,190.25863582499989,242.8364363999999
8648,361,239.7658643750002,285.69500825
8649,361,278.7463699,270.36763344999986
8650,361,246.80277220000005,334.9551018249999
8651,361,325.9753883750003,238.9446042749999
8652,361,286.2971115250002,300.34997667500005
8653,361,324.5040842750001,255.42602624999995
8654,361,280.5511834750001,210.5309481250001
8655,361,273.07720800000044,191.50203170000015
8656,361,208.13445532500015,190.57361757499982
8657,361,208.63870867500015,267.9791812499999
8658,361,244.20620429999997,263.585829375
8659,361,304.9844771250004,223.99853217500004
8660,361,259.2660595000001,247.96535477499995
8661,361,221.6627461250001,230.7512694
8662,361,217.04236510000015,253.94004405000015
8663,361,210.8224955749999,239.98148004999993
8664,361,222.03328180000025,228.22041909999996
8665,362,203.50745945000017,164.4808759
8666,362,193.7046744000001,174.38269179999998
8667,362,207.40356955,161.175635875
8668,362,200.55489362499992,169.99484430000007
8669,362,176.83559574999995,190.74567495000002
8670,362,222.1353729500001,183.5936483
8671,362,238.92596710000018,228.76255877500012
8672,362,198.22717690000016,215.62428797499976
8673,362,211.62225949999998,267.8902808749998
8674,362,271.6696775749998,286.3576969499999
8675,362,229.25049442500008,234.69096975000002
8676,362,227.1421953749999,293.174756925
8677,362,207.1693979250001,282.94140419999985
8678,362,268.25024472500024,260.88689824999983
8679,362,255.16814242500027,285.8096292999999
8680,362,209.04816042499996,257.4647352999999
8681,362,292.8349049249998,196.23720895000002
8682,362,273.06263225,197.7960880499999
8683,362,212.40706897500013,257.6276261999998
8684,362,231.5127914000001,242.02730029999998
8685,362,233.57399344999988,318.5464592499999
8686,362,221.59322825000004,325.656251475
8687,362,221.3899381250002,211.240267825
8688,362,214.96796822500013,231.31596147499997
8689,363,195.3495472750001,177.0637337749999
8690,363,197.37750527500023,173.95105007499998
8691,363,146.03919140000005,195.07285069999995
8692,363,147.45770007500002,178.40347934999988
8693,363,175.11341612500001,141.78128967500004
8694,363,206.73074775000032,176.5543262
8695,363,180.83750470000012,190.35526957500002
8696,363,235.409096275,217.9957791500002
8697,363,220.2429120500001,250.11147924999997
8698,363,273.94985817500003,215.46035657499988
8699,363,305.0082067000005,261.71209789999995
8700,363,234.73905285000023,251.81278647499994
8701,363,201.5616003500001,249.90745937500003
8702,363,212.62234455000035,250.26983984999993
8703,363,209.7707836249998,260.4946558749999
8704,363,245.86957030000013,198.2182917749999
8705,363,197.08651265000012,252.37006744999996
8706,363,239.30606007500023,207.02986487500016
8707,363,218.26936040000015,215.31900057500008
8708,363,222.30763655000004,234.45157030000013
8709,363,256.04737582500024,253.22095440000004
8710,363,205.785142075,203.97405854999994
8711,363,209.91012999999995,212.6531402
8712,363,230.85295847500007,165.53990435000003
8713,364,233.52962035000024,222.177659
8714,364,213.07193787500006,231.85447754999996
8715,364,235.06719710000027,182.62911129999998
8716,364,172.77931555000004,239.4430113
8717,364,190.11359690000023,186.60245647499988
8718,364,221.14749782499993,221.49834312500005
8719,364,189.74078320000004,174.693219925
8720,364,215.4294517250001,171.421624425
8721,364,214.3393479750001,189.53282277499997
8722,364,278.90324145,272.3631696249999
8723,364,219.82241827500008,277.1639949499999
8724,364,258.5118251,249.44076054999988
8725,364,209.7294109,235.600406925
8726,364,191.23906144999995,243.22907262500001
8727,364,221.74194977500014,207.17082417499995
8728,364,243.18962300000044,197.48409875000004
8729,364,227.81838714999992,184.05295490000012
8730,364,219.95809824999984,269.3918279750002
8731,364,241.9698018750001,231.59943362500007
8732,364,228.24235870000018,262.78214012500007
8733,364,222.15275847499993,283.3786673999998
8734,364,241.1679110750002,231.3520040750001
8735,364,168.2176773249999,254.82033494999996
8736,364,210.51340930000003,206.34829344999997
8737,365,161.01090930000004,147.23382404999995
8738,365,112.59757907500006,172.39520557499998
8739,365,130.27662432500003,162.71619524999988
8740,365,169.22763660000012,162.329569725
8741,365,192.2859452500002,205.2306434499999
8742,365,211.94045457499993,224.84968452499987
8743,365,240.52745327500008,197.42995580000002
8744,365,231.10501307499993,206.05762707499997
8745,365,287.95672115000013,236.67090139999993
8746,365,225.87267927500022,270.5350580499998
8747,365,258.4280074000002,237.4318377749999
8748,365,283.34095160000027,226.60084782499993
8749,365,195.5050300750001,204.95367620000013
8750,365,231.1463554250001,247.22320397500005
8751,365,261.94281120000016,176.4239221999999
8752,365,234.76697357499995,192.3533566499999
8753,365,247.82294785000016,209.2521370999998
8754,365,218.40116495000007,302.54762719999985
8755,365,263.67417060000014,238.46459234999998
8756,365,237.15742247499986,190.08426004999987
8757,365,299.1532794000004,213.62132462499997
8758,365,238.9422128500002,235.93412984999992
8759,365,169.87167575,218.9796364749999
8760,365,176.66795972499997,180.3416018
