hour,day,reserve_up_MW,reserve_down_MW
1,1,129.09975187500007,133.04233397499993
2,1,119.28806677500009,139.99894709999998
3,1,149.9955706250001,147.79916082499997
4,1,117.0726963,123.94920197500002
5,1,123.6469979,146.69757572500004
6,1,158.44582262500006,196.06514435000003
7,1,136.7510290000001,187.47957085000004
8,1,156.05499220000004,190.39210287499986
9,1,196.15769422500023,178.92918974999998
10,1,212.34208682500014,239.47384844999996
11,1,230.82092675000018,246.83067212499986
12,1,202.60489275,299.28345894999984
13,1,206.5182431249999,206.44023879999986
14,1,307.9786300750002,234.1959908999998
15,1,211.90659567500032,203.01589022500002
16,1,191.13779975000006,189.63635920000002
17,1,177.95094175000008,186.672987525
18,1,230.51807262499992,249.97311227500003
19,1,233.202940175,205.44134957499992
20,1,272.55544832500004,211.07502544999983
21,1,255.5640697750002,220.01153904999984
22,1,176.67252280000014,243.28891072499994
23,1,136.094723775,200.50937114999994
24,1,178.7704121250001,172.6995938
25,2,143.49285112499993,157.79907539999994
26,2,116.87765025000007,110.698564675
27,2,155.1304531750002,128.27598254999998
28,2,141.1196346750001,148.07291757500002
29,2,132.6156548,171.17923717500003
30,2,182.53061042500013,172.991318475
31,2,151.72132205000014,221.40387952500004
32,2,214.4807939250001,227.31246567499986
33,2,254.96965477500007,204.22235284999982
34,2,221.81266242500024,237.161169175
35,2,193.748916975,176.49901197500014
36,2,257.4211387250001,228.7164343
37,2,273.87605612500005,285.5603003749998
38,2,239.75216512500003,245.4481126499998
39,2,229.68533164999997,236.63215434999995
40,2,286.5737297500002,187.44277652500003
41,2,290.3089804250003,212.14812814999993
42,2,216.67087994999994,199.9258185750001
43,2,219.37506334999995,219.80503115000016
44,2,201.73676865000027,278.595924025
45,2,196.74787422499998,212.774279975
46,2,222.10232477500017,186.58814597499997
47,2,216.52437907500052,194.96910994999996
48,2,141.8258146750001,225.96710050000002
49,3,122.16919327500001,153.73326445
50,3,143.59871597500012,111.500688225
51,3,120.03205245000004,137.60663862499996
52,3,139.344433075,138.564457275
53,3,165.68686307500002,166.84250507500005
54,3,180.0532040250003,197.6532924749999
55,3,217.53336240000004,237.46479999999997
56,3,238.59587727500025,238.9367599750001
57,3,229.52053980000028,302.38036564999993
58,3,255.08449659999997,259.93882839999986
59,3,241.0039225000001,325.7140412250001
60,3,308.9284153750004,245.80909367499981
61,3,176.64372300000008,234.24618582499988
62,3,261.6211847750002,267.0754210999999
63,3,188.42960462500005,267.29235252499984
64,3,225.15382275000013,242.99882302499992
65,3,213.40536077500025,198.72400162499991
66,3,288.4357267250001,234.87293527499997
67,3,248.19804227500003,265.81347414999993
68,3,252.99498027500005,268.48787164999993
69,3,232.09705909999997,229.41489059999992
70,3,213.0164650750001,191.85635847499992
71,3,160.78276075000025,177.30245652499997
72,3,183.62830532500007,187.61895047499996
73,4,126.05203100000007,178.7543325750001
74,4,171.59776002500004,108.47004849999993
75,4,122.23485930000012,158.17726797499995
76,4,145.2257780000001,168.30457964999994
77,4,158.44132110000015,194.84235260000003
78,4,166.943859525,236.8848595249999
79,4,233.02050057500009,234.13528352500006
80,4,244.72656130000001,268.84429294999995
81,4,252.32710917500015,215.07450884999992
82,4,330.86297680000007,306.3069095249999
83,4,303.5321529750002,282.76719065
84,4,277.3150466500002,284.80584717499977
85,4,210.90963432500007,340.52041295
86,4,289.0997524500002,246.95273592499979
87,4,262.61032265,317.3899521999999
88,4,234.68027487500004,240.45231072499993
89,4,214.09165895000004,199.096360025
90,4,183.74143502500007,278.4465469999999
91,4,269.987704675,233.81566854999997
92,4,277.3671337250001,257.83234265
93,4,240.24591595000012,271.52593115
94,4,203.97407442499988,213.25124122500006
95,4,206.63752109999996,189.72279254999995
96,4,182.36322295,168.10136129999995
97,5,148.54495307500002,158.39453102499988
98,5,135.24076217500013,127.99797547499992
99,5,142.36157157500014,130.82540864999999
100,5,133.10325290000011,156.01434214999995
101,5,170.6912388250002,152.56516075000002
102,5,203.54412119999992,194.25147750000002
103,5,185.6571274250001,251.73070857500008
104,5,265.1872069250003,224.74189389999987
105,5,244.9417553750003,285.68654472499986
106,5,237.49451907500008,254.01944007499986
107,5,248.41596037500005,183.64017924999996
108,5,348.47115547500005,260.16785075000007
109,5,217.957899025,258.59768584999995
110,5,224.69501757500018,279.7124152749999
111,5,312.16291360000037,236.2574436
112,5,232.02629184999992,253.69816757499987
113,5,260.9955922000002,263.5519719
114,5,233.40604020000018,240.13991462500007
115,5,228.39490825000024,224.25671742499998
116,5,244.20399805000017,273.910058425
117,5,270.9635904250002,270.58084834999977
118,5,260.77054260000006,225.00651847500012
119,5,201.6824204250001,204.9353340499999
120,5,183.14739417500002,193.76713840000002
121,6,186.81406910000004,163.17028437499997
122,6,143.32737377499996,132.35927535000008
123,6,104.41290459999996,133.81882149999998
124,6,147.5712348500001,126.10791895
125,6,154.90233142500009,130.19683895000003
126,6,241.737987,220.10972202499994
127,6,224.6376603500001,232.22294415
128,6,257.13090597500036,214.7572836
129,6,243.574382625,279.7816813500001
130,6,286.04297117500016,280.11777192499994
131,6,328.68469302500046,315.04623417499977
132,6,298.08915532499987,194.34507132499994
133,6,266.6837846500001,233.02500884999995
134,6,244.72811580000007,220.4221448250001
135,6,261.89488755000036,277.7240104999999
136,6,242.01804067500007,214.10154812499994
137,6,253.05131242500022,295.58058367499996
138,6,302.3801866000001,227.53370059999992
139,6,254.5524767999999,260.17242527499985
140,6,306.6279298250002,280.35559742500004
141,6,227.1601273500001,241.77624300000002
142,6,235.0866466749999,222.02244912499987
143,6,177.86732782499996,180.40054314999998
144,6,152.02030960000002,125.951636675
145,7,149.81249890000012,183.27502037499997
146,7,128.650224425,154.86025482500003
147,7,122.2066092,158.52413552499996
148,7,124.0129924500001,158.30173287499997
149,7,170.15957352500007,165.25352422499986
150,7,225.52960272499996,204.41562469999997
151,7,239.89321112500002,306.52650889999995
152,7,231.76621397500014,267.83750672499997
153,7,288.59366627500015,232.78150299999982
154,7,261.3694386750002,322.0627442249998
155,7,262.17963137500027,233.38411455
156,7,256.8358340500002,215.66651172500013
157,7,258.8329826999999,304.05734585000005
158,7,245.77192792500017,208.48603604999997
159,7,221.01963990000007,220.05710027499998
160,7,175.15345307500024,207.85631467499996
161,7,253.5878072500002,202.81050459999992
162,7,272.36184142499985,305.3657040999999
163,7,181.65441012500014,195.25663095
164,7,211.6114694000001,290.58532025000005
165,7,171.1486777250002,207.69474887500002
166,7,214.0224986500001,189.944130775
167,7,195.87744430000015,183.1583870249999
168,7,172.65390180000003,138.69888692500007
169,8,193.33042537500012,172.74392002499988
170,8,134.6931849000001,114.77856452500004
171,8,183.710140825,146.12801002500004
172,8,128.65531705,116.43815700000002
173,8,177.70010715,134.53067022499994
174,8,153.6558477750001,166.82192805
175,8,177.92141305,174.10632429999993
176,8,151.59464362500003,247.7228759749999
177,8,192.71760170000002,293.7024707999999
178,8,221.53066769999998,242.108240825
179,8,242.9498015499999,294.1420923999998
180,8,173.51363195,227.6828585750001
181,8,229.29551407500003,203.62288137499996
182,8,223.96484415000046,256.200217275
183,8,245.07405212500038,257.1628640499999
184,8,231.3236821000002,178.247378325
185,8,233.15282612500036,242.9880719749999
186,8,290.29771617500035,190.9854811500002
187,8,247.13214382500018,254.5878039249998
188,8,251.59289815000014,234.281391275
189,8,218.88117820000008,228.45517862500003
190,8,227.47784227500017,215.18052237499992
191,8,172.0742394,213.39223280000002
192,8,147.253664425,135.04840859999996
193,9,149.98488147500007,139.83256310000002
194,9,117.65796777500003,139.72977054999996
195,9,157.61118887500015,188.16703570000004
196,9,162.80180337500008,159.79704422499987
197,9,164.79179802500016,160.31538179999993
198,9,197.26953702500018,195.02522264999993
199,9,150.71607824999995,265.7789708999999
200,9,234.71001125000004,242.94746825000001
201,9,257.4303427000001,274.3276237
202,9,304.02201245000003,341.32427152500003
203,9,263.4997793,270.59264972500006
204,9,311.98683155000015,316.18842374999986
205,9,276.46169855000034,273.08695367499996
206,9,313.5960191250002,281.398182925
207,9,264.6011017750002,292.8581044500001
208,9,257.87752112500004,267.8386735499999
209,9,271.11910642500015,301.9932965749998
210,9,234.13902897500003,236.7153514750001
211,9,220.45248740000017,277.63187604999996
212,9,260.7884694999999,263.0872122249999
213,9,297.2452463,278.0405841999998
214,9,216.5547723000001,148.87633885000008
215,9,213.22156862500006,218.57735844999996
216,9,188.17303039999996,140.88913972499998
217,10,170.589396,180.7900106749999
218,10,165.99481732500007,156.06110192500006
219,10,140.5897074750001,129.0051267999999
220,10,160.84453205000005,144.09686432499996
221,10,173.6762822,150.38633265000004
222,10,204.09716050000014,149.62805090000003
223,10,252.06721857500062,220.4949093249999
224,10,294.1325572000002,267.8792323749999
225,10,278.24594230000025,272.24945155
226,10,269.5963752000002,310.33657405
227,10,297.6150124750004,259.3400536499999
228,10,291.0419996749999,306.09531289999995
229,10,183.87581364999994,282.7554390250001
230,10,304.89393317500003,290.7958550499999
231,10,221.60710215000015,183.08713915
232,10,263.48375239999996,219.73520532499995
233,10,256.8881676499999,229.65195847499993
234,10,241.36574697500015,246.03958602500003
235,10,231.10134580000022,203.1861495999999
236,10,276.8921745500004,229.27825627499993
237,10,275.7530106000001,301.46156214999996
238,10,188.90713732500018,215.31996427500013
239,10,245.5185700250001,164.93569607500007
240,10,211.28079312500012,168.36593489999993
241,11,151.246590125,139.90588774999998
242,11,133.61840182500006,141.67999532500002
243,11,146.75336142500024,138.35948647499993
244,11,149.97268232500022,141.35811752499993
245,11,164.65316520000005,189.51399632499985
246,11,170.2887770750001,228.62366147499998
247,11,236.06221667499995,205.63419487499988
248,11,256.0598815000001,276.8703308749999
249,11,303.6843379499999,236.42662722499995
250,11,225.4776131500002,320.9607015999999
251,11,311.35317675000016,353.19068420000013
252,11,297.44997282500015,294.8430871249999
253,11,286.20547420000014,298.72021767499996
254,11,252.5996911000003,274.74698162499976
255,11,188.9456061500001,274.9844570999998
256,11,165.95615617500013,187.30019414999987
257,11,216.11703722499993,245.1404718
258,11,234.67473797499997,261.69193964999994
259,11,246.77162397500013,266.7052102000001
260,11,262.93654555,228.22096552499988
261,11,225.301161325,227.1036192250001
262,11,220.23789667500017,258.22236732500016
263,11,221.38837812500037,187.02075154999994
264,11,157.6599536250001,183.75192792499985
265,12,129.34094310000017,139.63446495
266,12,145.85228242500006,133.55069605000006
267,12,157.32994340000008,161.48181767499995
268,12,145.77095080000007,146.92680735
269,12,132.86255224999996,148.30516297499994
270,12,188.6149058000001,198.7789312499999
271,12,306.4393705750002,272.5451702999999
272,12,322.11258192500003,263.19581125
273,12,285.45336422500014,230.375911225
274,12,304.4937376249999,282.2605156249999
275,12,303.5490432,296.26252342500004
276,12,257.6593503500001,296.600631625
277,12,301.6825711000001,181.945333075
278,12,252.82672100000013,277.67405329999974
279,12,297.2868584750001,238.8777773499998
280,12,266.1621377500001,234.2912323999999
281,12,275.179882975,185.64004734999992
282,12,293.7430823000004,305.752929925
283,12,270.04191350000013,185.34825844999995
284,12,254.6070460750001,250.68847364999993
285,12,221.82712572499986,308.8794619250001
286,12,249.13485369999995,208.640859825
287,12,166.25489032500008,215.40123834999991
288,12,175.77198957500002,183.12648604999993
289,13,131.54574604999993,185.10303822499998
290,13,147.2958760750001,172.57155482500008
291,13,152.17600195000006,122.82578657500002
292,13,162.55912875000007,143.81256410000006
293,13,150.56052542500015,166.50751747500007
294,13,194.40489290000022,189.26142302499997
295,13,230.3780405500001,232.08101075000002
296,13,237.7246413250001,240.83017182499992
297,13,317.8256424750001,272.49543589999996
298,13,282.58222739999985,258.0307506999999
299,13,282.00518440000013,279.1234590999999
300,13,259.9432286250001,248.89923490000015
301,13,249.83694292500024,338.7017291499999
302,13,253.02217042500018,259.189382475
303,13,203.77926239999985,248.28050272499996
304,13,235.50972735000022,264.04609367500007
305,13,219.11656200000004,193.8709592250001
306,13,253.35705170000028,199.10321044999995
307,13,260.74570130000006,275.41678039999994
308,13,252.89105817500013,250.38261832499995
309,13,228.77658332500022,267.94101179999984
310,13,229.49412360000002,224.95554997500005
311,13,184.5794391,216.32389542499993
312,13,148.0549134250001,128.48603934999997
313,14,193.739278525,180.44212799999997
314,14,167.26212160000006,132.9018124999999
315,14,116.28277692500009,147.14970720000008
316,14,159.45103487500006,184.22214332499996
317,14,182.8334485250001,184.94320754999993
318,14,187.07965375000015,257.2598753249999
319,14,214.40233902499995,203.26438090000005
320,14,178.12361099999998,255.64253110000004
321,14,186.05720064999994,258.98939602499996
322,14,261.91760597500024,254.59920249999988
323,14,321.76039717500015,252.32547157499994
324,14,290.6153307250002,233.58962647500007
325,14,249.30103917500008,261.129598175
326,14,227.77558842499985,213.36884309999994
327,14,222.80424930000007,174.42018570000002
328,14,243.5926204750002,218.59090999999995
329,14,174.35225032500017,280.0204330499999
330,14,256.1418285250001,234.81830365000002
331,14,213.25643942500014,239.85080062499998
332,14,296.56985335000013,207.32287517499992
333,14,204.15051089999992,251.90908560000003
334,14,200.73207960000025,158.59478792499996
335,14,193.1968612500002,213.31177390000005
336,14,152.3439922500001,149.92806442499995
337,15,110.75271334999994,119.04277905000001
338,15,160.66816027499996,133.38707467499992
339,15,139.67521314999993,108.02270952499998
340,15,167.76154232500016,159.41059157499996
341,15,176.91177615,174.73166917499998
342,15,184.92106785000018,190.52213002500002
343,15,188.2630457250001,163.37896657500005
344,15,223.16473977500033,217.70234867499988
345,15,191.31778774999998,223.351005025
346,15,229.28614067500013,221.2908084749999
347,15,268.27165412500005,251.47748927499995
348,15,222.22389235000014,205.8556650249999
349,15,273.8433164999999,210.44155744999983
350,15,234.6560285250001,260.2964965499998
351,15,268.98016410000014,260.8972777
352,15,209.8627794750002,227.24690162499996
353,15,230.22828220000005,197.58911192499988
354,15,239.60930732499992,224.48778842499985
355,15,254.79211417500034,210.99945867499991
356,15,223.32101807500013,193.53315122500013
357,15,163.67279982500008,240.5748989999999
358,15,245.30358249999992,212.65101545000005
359,15,192.8391314000002,153.41612985000003
360,15,154.75945072499997,138.24456804999994
361,16,141.82003880000013,150.3116764749999
362,16,133.40798460000008,152.93269412499995
363,16,131.64474830000017,116.14345504999987
364,16,126.29838095000005,114.06277837499997
365,16,140.6277714499999,153.33412422499993
366,16,180.8308322750002,234.80679774999984
367,16,205.50142869999993,241.8271595250001
368,16,197.95616385000008,267.35856322499995
369,16,198.87524310000003,308.64728532499987
370,16,289.51867815000026,216.12542784999988
371,16,231.7756950250001,273.877764175
372,16,245.14248144999993,229.0993279749998
373,16,268.14278625000026,275.909094075
374,16,251.5590417500003,294.85776457500003
375,16,267.6929954500001,233.18253762500012
376,16,261.3358017500002,211.06909892499976
377,16,243.049435125,238.02327687499985
378,16,262.9442199499999,292.69041469999996
379,16,287.2884723750002,262.21546595
380,16,269.09151652500015,262.4638299249998
381,16,222.07613552500038,334.48964242499983
382,16,213.06447702499997,226.890097625
383,16,177.43203000000025,186.553500575
384,16,154.7315545250001,160.47912799999995
385,17,146.0598511,192.75756799999994
386,17,167.80946935000003,117.54278617499999
387,17,155.61615200000003,189.1318306749999
388,17,134.43197949999995,140.65124839999993
389,17,182.59425112500014,168.01470734999992
390,17,208.83464930000008,237.2196995999999
391,17,257.64366667499996,234.301859325
392,17,304.888626275,324.03392207499996
393,17,262.64628487500005,310.357825925
394,17,371.360925425,345.0434885499996
395,17,313.94229327500034,289.94273117499995
396,17,230.88417867499987,283.6934007499999
397,17,236.622401625,239.41884325000012
398,17,219.35057745000015,199.04531919999994
399,17,250.30891519999997,257.339098625
400,17,243.08588630000008,235.65339579999988
401,17,278.8516094750001,282.91655709999975
402,17,347.81241705000036,266.7172407499999
403,17,286.0535872250001,272.8720963499998
404,17,332.053281075,271.63614177500006
405,17,290.4756928250001,242.61114927499997
406,17,253.22635400000036,248.63133602500005
407,17,211.96478800000014,160.64479970000008
408,17,153.7802058000001,190.66189025
409,18,134.3853451,166.6254824
410,18,158.88322540000004,170.2878077
411,18,174.51551547500003,152.735517925
412,18,118.14403817499998,150.48193927499992
413,18,182.05913980000008,183.48482367499986
414,18,238.4260513000001,236.91921012499995
415,18,248.11264489999985,260.1975295249999
416,18,285.0074326500003,295.08643792500004
417,18,301.8896024500002,291.3731587999998
418,18,285.0312879500001,318.386943525
419,18,335.23076802500003,317.4620314499999
420,18,294.33481355000015,260.9023332249998
421,18,342.54944817500007,176.795541175
422,18,230.80821310000007,221.35522687499991
423,18,255.45919972499996,296.0285158999999
424,18,238.47603647500006,260.17997670000017
425,18,187.64737052500027,257.5860716999998
426,18,231.65344742500014,324.874529975
427,18,228.4869475250001,252.99494870000015
428,18,245.11179649999985,238.910897325
429,18,310.17626502500013,269.8931058999999
430,18,222.82488035,217.21410747499982
431,18,241.5297452000002,226.57779977499996
432,18,178.92767915000002,205.78326327500002
433,19,126.24068960000002,133.08336225000005
434,19,131.9404057500002,150.09867434999995
435,19,158.79168442500003,156.05406349999998
436,19,154.5391603750001,168.03170204999998
437,19,187.29581687500007,203.2669115249999
438,19,198.83350682500023,203.85495905
439,19,257.91706445000017,249.17649522500002
440,19,269.41025955000003,263.91625225000007
441,19,285.8189100750002,352.6651509749998
442,19,293.019807725,285.9656943749999
443,19,316.7274770000002,296.5093013500001
444,19,295.71895427499993,248.49212959999994
445,19,256.43763597500015,285.6705768249998
446,19,261.49785980000007,197.58101987500007
447,19,295.4140792750003,265.56958092499985
448,19,298.1191367750002,246.34943015000005
449,19,283.526927,242.55263865000012
450,19,249.05149604999997,228.341165075
451,19,249.93492544999992,282.23733362499996
452,19,196.7742824500001,251.07943082499986
453,19,298.05301217500005,241.6296605749999
454,19,255.8364739750002,254.1303695750001
455,19,235.0034048500001,254.90092585000002
456,19,151.58910040000006,199.68109982499993
457,20,154.3458364000001,137.6079163249999
458,20,205.95513855000013,126.6158883999999
459,20,163.99498652499994,145.89771489999984
460,20,182.79778100000004,125.83120799999996
461,20,193.0076679749999,150.86194512499998
462,20,177.54234422499997,157.2042995
463,20,194.39405300000007,263.1680968499999
464,20,249.62961527500016,259.06067349999995
465,20,253.2089058000003,283.0035989999999
466,20,206.98416620000046,245.8692770749999
467,20,336.85782147500026,246.8354942250001
468,20,269.38577497500006,321.64661909999995
469,20,307.45204037500025,244.6729079499999
470,20,271.91021100000046,261.39543605000006
471,20,244.12422112500013,238.7736637
472,20,310.0437596500001,225.99202747500004
473,20,209.05135410000022,245.53506509999988
474,20,213.8884376500001,254.7226239250001
475,20,264.7257055,221.00087427499992
476,20,317.46465745000006,221.95650662499986
477,20,232.39298440000002,222.88818129999987
478,20,214.0387682000001,273.1714131749999
479,20,176.88960337500006,167.22679987500004
480,20,233.516045125,196.72806759999997
481,21,179.58204035000017,233.62321169999996
482,21,169.10849197500002,175.25982784999997
483,21,193.43034285000005,218.44672157500005
484,21,210.280331325,187.23951077499993
485,21,152.54551814999996,150.04745507500004
486,21,189.3617132750001,186.5437135
487,21,183.60063875,176.7812212
488,21,219.12689585000004,185.29227635000007
489,21,274.5145746,242.46108312499985
490,21,205.8426571999999,330.920483275
491,21,256.528763175,296.6285435249997
492,21,285.4122181,208.84312287500012
493,21,215.58844980000015,228.44021782500013
494,21,216.5401727500001,187.56178382500002
495,21,237.3157901500004,206.40038447500007
496,21,224.71556740000005,233.22152139999992
497,21,175.4228991,194.81825447499995
498,21,233.21989797499992,203.4418559
499,21,231.65506375000018,243.62031972500003
500,21,277.4213206499999,243.61285937500008
501,21,231.55785070000013,225.39329284999997
502,21,183.0463704,240.736930675
503,21,150.71671007500015,188.91365119999995
504,21,202.58436462500026,145.36382284999996
505,22,167.7073725500002,179.0167430749999
506,22,162.78892202500012,172.83523250000002
507,22,196.40237345000003,182.10470697499994
508,22,159.7851831750001,191.4855503
509,22,235.31852070000022,197.36467325
510,22,182.49825190000018,186.41363772499997
511,22,256.93475992500004,218.80508017499994
512,22,184.53702872500037,213.0836056999999
513,22,247.74899460000023,193.66813297499988
514,22,210.19174360000005,261.6842821249998
515,22,297.4185118500002,266.70532817499986
516,22,249.41111182500003,255.86854222499994
517,22,213.53951730000017,318.3981182499999
518,22,252.26771357500004,272.6697677499999
519,22,204.76637872500015,207.1881771249999
520,22,200.964926675,235.946466175
521,22,309.42423325000004,218.14767784999987
522,22,268.71381249999996,227.45196839999986
523,22,224.08197637500012,269.56021467500005
524,22,288.47124342500024,227.15032765
525,22,168.25645077500013,254.13601602499992
526,22,206.59614885000022,219.20577790000004
527,22,217.44735222499992,247.92932902499996
528,22,197.31704867500017,193.94964659999994
529,23,164.31524117500004,163.91313005
530,23,200.46752682499996,159.50563047499995
531,23,169.25383400000004,132.69443870000006
532,23,123.05275335000007,162.3779947749999
533,23,204.58147099999996,198.94915474999996
534,23,205.97603540000011,163.98991802499992
535,23,252.5173693000001,232.37676152499998
536,23,271.1057139500002,248.01179727499985
537,23,266.2456895000001,252.60054980000012
538,23,294.26988259999996,303.22879715
539,23,283.52886329999995,364.18874722499993
540,23,272.81910467499995,275.89572265
541,23,256.69821325000015,308.7590882249998
542,23,230.12829400000012,270.93020772499983
543,23,239.69204070000012,253.21149747499982
544,23,288.4161755,196.55001954999994
545,23,264.95886962500015,266.38808904999985
546,23,247.81353682500023,289.007000725
547,23,267.8684964000003,226.3558397499999
548,23,238.5920415500001,237.41002117500003
549,23,273.55483585000025,212.97551134999992
550,23,238.09072182500003,190.879218025
551,23,213.27291582500015,265.356098275
552,23,144.5230535500002,187.83318615
553,24,167.12164552500016,174.031284825
554,24,165.30705669999998,164.48410309999997
555,24,138.2968359250001,147.87441354999987
556,24,168.39125445000008,135.2879047499999
557,24,164.7404866500002,180.76511712500002
558,24,223.98208512500014,228.0068361
559,24,197.2899381,280.28976427500004
560,24,225.34031972500014,288.3869238249999
561,24,266.5051988250004,308.126215625
562,24,252.05568687500016,225.6075232999998
563,24,410.3410742500005,266.5420054749999
564,24,258.47578092500004,250.14201209999985
565,24,282.19070910000005,290.3586608999999
566,24,257.183053,241.1637782
567,24,246.91776120000011,255.00330657500007
568,24,211.36425335000024,240.93553347500006
569,24,225.98973295000002,232.9905799999999
570,24,201.48519525000003,329.05136167499984
571,24,235.98254777499994,237.44683169999993
572,24,217.76302767500005,263.4450360999999
573,24,254.33423557499992,263.688285975
574,24,237.6217885750001,236.358667175
575,24,241.82182550000022,187.95861515000007
576,24,179.95240335,179.73849475
577,25,166.8650732750001,168.81511012499982
578,25,126.79779987500001,150.19626125000002
579,25,134.56390030000003,116.15659132499997
580,25,161.58998885000005,124.72845132500005
581,25,169.02035952500012,164.32915914999995
582,25,184.075622225,188.80893372499997
583,25,229.95774305000023,200.1134105499998
584,25,299.1235314999999,266.7298406000001
585,25,274.64811685000006,246.04125209999987
586,25,218.8769980500004,236.36479842500012
587,25,273.88760100000013,295.6877449499998
588,25,335.49148437500037,299.6044330999998
589,25,270.59149390000005,263.40495712499995
590,25,238.19108732500004,283.0072919999999
591,25,278.2834848750006,254.78031029999988
592,25,211.45928289999986,214.89790140000005
593,25,215.92504102500027,254.21724662499997
594,25,230.094074425,230.06113352500017
595,25,275.2130895,263.50712577500013
596,25,242.94376887499996,254.90101134999995
597,25,241.09696600000004,360.93651454999997
598,25,220.86082110000018,185.29161164999988
599,25,165.64420595000007,194.922182675
600,25,112.09917415000004,181.56296147499998
601,26,163.671084375,149.58718679999998
602,26,168.17465795000004,143.9768352999999
603,26,164.7398199250003,125.6873891999999
604,26,155.1959327750001,179.0642863
605,26,149.04868205000002,176.25267507500007
606,26,191.41642400000018,156.45856180000004
607,26,181.6774938500001,317.9000286999999
608,26,314.19657937500006,341.21358470000007
609,26,220.50820985000007,283.4368991749999
610,26,329.91555850000043,301.991350875
611,26,341.22913855000013,358.27388374999987
612,26,328.5580905250001,237.81909674999997
613,26,218.75568452500033,277.0747668000001
614,26,256.98622950000015,209.6894157499998
615,26,242.8692253750001,254.5593377249999
616,26,207.84844012500014,266.257860875
617,26,358.08179867500036,305.23716419999994
618,26,291.05471715000004,210.83281054999992
619,26,259.29270195000015,302.7038027749999
620,26,210.05249519999998,223.348394875
621,26,285.8661640500003,219.36377094999995
622,26,253.62293802500034,173.437225125
623,26,191.74519990000027,168.0275507499999
624,26,169.817282975,153.44975367499993
625,27,150.42887025,208.1454693249999
626,27,179.37433992500007,159.75139869999998
627,27,149.86085077500007,128.45739949999998
628,27,124.78520115000003,188.64137679999996
629,27,158.86328150000014,157.70709842499986
630,27,216.1810208000001,139.25129827499995
631,27,181.06038810000013,204.6725266499999
632,27,231.58872340000005,289.2825445249998
633,27,251.38933922500007,223.49832437500004
634,27,343.74306162500017,288.20580582499986
635,27,256.65561807500023,296.69659479999996
636,27,274.2411970500001,279.6432232499998
637,27,316.716630175,225.61357277500008
638,27,245.48849167500003,225.2169615000001
639,27,216.72208620000015,262.14431694999985
640,27,208.12874225000002,247.76726807500003
641,27,234.26054287500006,234.79777542499994
642,27,275.61454667500016,241.05196132499972
643,27,284.937823525,307.19658999999973
644,27,253.49420897500016,236.57009067500007
645,27,310.213494275,247.3753744000001
646,27,212.44984962500018,208.68099902499998
647,27,215.99574017500015,143.21145872499991
648,27,222.58020875,183.31098904999993
649,28,160.42361605000005,140.72531327500008
650,28,125.73444745000015,115.61124957499999
651,28,156.93883687499994,146.20316965000004
652,28,163.53482745000014,111.44951659999992
653,28,173.15909685000014,154.0680345749999
654,28,191.33914527500016,201.63823707499986
655,28,217.75439425000002,209.5121084999999
656,28,273.3651871500001,197.255605525
657,28,190.80074785000005,196.47712890000003
658,28,306.13287685000034,238.67746572500005
659,28,249.60986054999995,294.88358582499995
660,28,248.8144376750003,206.9258797249999
661,28,262.8768402500005,222.424140975
662,28,181.08726445000005,219.29321827500002
663,28,147.9717124249999,174.15112965000003
664,28,193.54353070000022,217.63380332500003
665,28,195.4661062000001,246.29952109999996
666,28,206.37301942499994,194.813308475
667,28,235.87905045000022,219.98362002500005
668,28,239.95313575000034,231.90349744999997
669,28,231.8478312249999,236.657242875
670,28,176.13693619999992,216.70713514999994
671,28,196.61721537499997,161.31608705
672,28,160.56075935000013,169.903119
673,29,145.98737340000008,178.320136875
674,29,167.69038765000013,138.53118542499993
675,29,119.26567280000012,142.8587004
676,29,139.54413437499994,115.36189977499991
677,29,144.71300347500005,191.12412294999993
678,29,152.227684425,170.139290025
679,29,204.4236878000001,186.88248607499997
680,29,240.5947144500002,217.99870204999996
681,29,230.43919460000018,202.918591825
682,29,268.1532452249999,202.9866854000001
683,29,200.5000226249999,264.1907118249999
684,29,242.30159282500034,254.39813587499987
685,29,225.91501902500005,203.42984092499992
686,29,202.456542175,270.5068454499999
687,29,230.947843325,240.00563547499985
688,29,213.5237922,236.4423711249999
689,29,176.388329725,195.50042189999994
690,29,273.3148803250002,195.68670957500004
691,29,231.42237367500007,268.8358828249999
692,29,282.71545635000007,233.02568697500004
693,29,299.7354288,190.31822747500007
694,29,257.41679570000014,157.914349475
695,29,182.93359279999999,178.57694422499998
696,29,159.6598301750002,136.41644144999992
697,30,116.56267460000001,122.539673825
698,30,113.77719647500007,95.78000872500002
699,30,155.78224440000014,154.42560589999988
700,30,154.12929434999995,131.10510527499991
701,30,155.2481823000001,190.0529677749999
702,30,175.9497187499999,195.75233519999995
703,30,235.9554113250001,233.13083385
704,30,282.6914046750002,316.7153321999998
705,30,279.112339675,295.81771445000015
706,30,267.98686222500027,258.51690959999985
707,30,208.97694615000006,271.7303028999999
708,30,287.21190545000013,216.38458354999972
709,30,316.67893852500026,253.609433525
710,30,220.5462419000002,258.2921308499999
711,30,256.4419509000003,306.93090182499986
712,30,281.0034578750001,244.31819069999986
713,30,227.36932972500014,220.6847638750001
714,30,218.64203185000002,206.52612164999988
715,30,214.75481079999997,324.4967898499999
716,30,248.89494874999997,254.83624264999997
717,30,235.71907132500002,327.48621357499985
718,30,240.13143392500007,184.93759505000003
719,30,239.70422167500004,200.14256019999996
720,30,170.51508750000005,154.79816689999996
721,31,133.80078035000014,130.86748402499995
722,31,143.639310225,163.91999620000007
723,31,169.18209657500017,157.26168507499997
724,31,127.76872170000007,121.85395994999993
725,31,188.28305765000005,196.58895734999996
726,31,239.52106647499997,155.08710275000007
727,31,193.96572787499997,221.88558097499998
728,31,244.54482477500022,212.85511560000003
729,31,302.6793591250001,260.60486797500016
730,31,300.6712603500001,261.2749489750001
731,31,258.32289345000015,248.7145365499998
732,31,272.62123730000013,249.52623132500003
733,31,284.28508565000016,260.535098825
734,31,231.38836765000002,288.05335887499984
735,31,218.03867172500023,266.7216492749999
736,31,198.01249842500002,278.078682575
737,31,230.91571042500004,220.05458077499992
738,31,288.80167362500015,249.6252174499999
739,31,227.48438204999994,293.2365663499999
740,31,254.3508101250003,266.9220495499999
741,31,216.56679090000017,241.96768220000007
742,31,184.74003907500028,153.10615355
743,31,187.75428885000002,177.52599719999995
744,31,165.91124312500017,166.83265989999995
745,32,188.42292925,147.8876339249999
746,32,160.39591760000002,152.08166080000004
747,32,158.3585445000001,165.91938042500004
748,32,156.1680587499999,145.64987267499993
749,32,139.55994925,183.13955939999994
750,32,158.6422151500002,163.1243533
751,32,200.88402700000017,201.92591927500013
752,32,221.78164512500018,271.70081682500006
753,32,276.1267670750002,268.908971675
754,32,322.24697299999997,299.3012989749999
755,32,248.57372469999984,268.3971221500001
756,32,308.98298127499993,276.681392275
757,32,201.81372110000007,254.1483811000001
758,32,213.2294405000003,225.75446562500002
759,32,243.9305418750002,176.40174539999992
760,32,246.50030142499998,222.98285159999978
761,32,219.9354840500001,202.2806033249999
762,32,233.13814154999983,262.49825169999974
763,32,263.30574654999987,254.85922662500008
764,32,237.77871104999997,248.01406392499996
765,32,292.69193492500006,192.3556492999998
766,32,233.23357397500013,247.5642503499999
767,32,203.24825585000025,171.66187514999993
768,32,141.53178555000005,121.67178400000003
769,33,119.09629835000001,168.74887615
770,33,122.24517069999993,156.54638207499997
771,33,118.11693279999997,137.52514702500002
772,33,126.60995165000031,174.5033361749999
773,33,137.73443045,134.3614407999999
774,33,194.73400157500004,175.887485325
775,33,257.1475057750002,228.8312102499998
776,33,252.6720393,210.64452115000014
777,33,279.6675506,245.95592049999993
778,33,266.06397322500044,257.3121045749999
779,33,255.51427652500013,284.0270041499999
780,33,291.86085615,318.41052275
781,33,221.97182190000012,281.35478290000015
782,33,260.57379987499996,247.6626399500001
783,33,238.38197687500025,214.38030247500006
784,33,216.80191359999998,278.9107866749999
785,33,216.42611155000012,260.60101319999995
786,33,217.80293967500026,233.64815369999988
787,33,230.28090347500023,232.39709807499995
788,33,232.78874762500035,273.2223830000001
789,33,218.15024849999992,250.1511084499998
790,33,212.1862468750001,182.23510562500007
791,33,182.10950379999997,189.143545475
792,33,135.460067025,169.50983372500002
793,34,184.07379750000004,143.56599742499995
794,34,136.83699137499997,146.69401562499996
795,34,147.63932974999997,96.716323625
796,34,123.853798125,166.41817537499998
797,34,155.3504781750002,156.32604104999987
798,34,182.43482087500016,184.0121987499999
799,34,161.20088579999998,170.18643227499985
800,34,228.70541947499999,255.39799347499996
801,34,218.92225895000007,318.36365775000013
802,34,315.37172525000005,343.32931017500005
803,34,230.42871197500014,289.45291712500006
804,34,280.25058855000015,277.41103905
805,34,279.3042206000002,213.44821800000008
806,34,256.24875590000016,258.34212289999994
807,34,232.14502922500043,204.46937789999998
808,34,203.56697432500013,222.84826472499992
809,34,205.40472285000035,255.59154752499987
810,34,251.43511887500011,209.41911297499996
811,34,252.3562496250001,258.32617034999987
812,34,261.22983337500006,216.6439339999998
813,34,253.159078475,180.27753002499998
814,34,271.5929594000002,177.85336872499994
815,34,206.17041437499995,225.78880517499977
816,34,146.89981035000005,172.3226116749999
817,35,132.75235815000002,114.31279917499988
818,35,192.77147540000004,146.69122915000003
819,35,147.3698172500001,144.85713522500004
820,35,141.3679926750001,162.260861875
821,35,167.68458965000002,136.47655360000002
822,35,194.61734385000003,196.37585072499996
823,35,262.3953110000002,248.15821260000004
824,35,192.59343669999998,230.37823947499993
825,35,233.8794978499999,222.53051154999994
826,35,207.4772271250001,218.5544782500001
827,35,259.80843595000033,256.507980025
828,35,301.3662091750002,294.74964662500014
829,35,236.67595040000032,238.91602314999994
830,35,230.48536480000007,229.82689529999993
831,35,212.50148560000008,241.86420780000003
832,35,169.95317045000002,204.18219074999993
833,35,212.99307134999992,247.688008025
834,35,218.74435050000002,227.69277700000004
835,35,257.5278068000001,230.44096865000006
836,35,209.02702095000024,234.5741147999999
837,35,214.1022822,209.95567689999976
838,35,187.07864990000007,251.18673259999994
839,35,156.07562850000033,248.19383902499993
840,35,138.57281387499998,153.83069779999994
841,36,135.29611305000003,174.93645789999988
842,36,158.37600830000008,139.1515624749999
843,36,165.5413612,126.66294285000004
844,36,183.7410872750001,146.3915748999999
845,36,157.03408920000024,161.9955207999999
846,36,199.64472669999998,148.88596217499986
847,36,205.22837842500002,203.27454435000004
848,36,190.17198197499994,232.405255275
849,36,210.97833375,238.60232474999998
850,36,235.08738370000012,257.9050408249999
851,36,208.67940122499994,262.581111175
852,36,252.77597837500005,218.3888237999999
853,36,222.71088467500044,229.89445904999988
854,36,262.5950792750001,270.23644929999995
855,36,225.24306487500027,186.33274822500005
856,36,203.16616189999993,165.48357300000015
857,36,226.4601014500001,199.08139387499995
858,36,248.527706975,193.3043823999999
859,36,232.1849287500001,193.2250975749999
860,36,241.6279468249999,215.2992913
861,36,249.19153362499992,235.62635887499994
862,36,221.95139205000004,246.11399179999995
863,36,170.38342275000014,186.53922452499998
864,36,153.88372607500003,139.67081645000002
865,37,167.85439522500008,190.61414824999991
866,37,147.27126120000017,119.93986937500003
867,37,176.8933792750002,121.22969302500002
868,37,155.80023404999991,163.79527194999994
869,37,190.13747860000012,147.2771712
870,37,210.14039372499994,279.10391637499987
871,37,254.4980995750002,228.97824967500011
872,37,209.20920865000022,349.38361362499984
873,37,282.06129870000007,248.42436344999993
874,37,285.2711641000001,261.1674614000001
875,37,237.36100307500004,241.81996494999999
876,37,292.507878375,289.51513604999997
877,37,287.5716756000001,257.35704569999973
878,37,227.69567160000003,279.50968579999983
879,37,226.6428773500002,288.68608919999974
880,37,257.3427878749999,245.05275035
881,37,220.9763457750003,270.9974538749998
882,37,236.62218455,220.19832247499988
883,37,312.0437667749999,224.74349815
884,37,219.5587069750002,295.2890851999999
885,37,206.92602847500004,207.36111575000015
886,37,245.30458667500028,256.2981794749999
887,37,174.48574880000015,199.88495784999998
888,37,162.64271365000002,152.75874009999995
889,38,219.91851954999998,154.90730807499995
890,38,200.88593852500003,149.69996367499994
891,38,125.6206894750001,159.50869595
892,38,126.18322722500002,182.70802740000005
893,38,172.16645737500005,189.75967700000004
894,38,190.53680937499996,186.78888584999996
895,38,183.36238817500004,272.27242820000004
896,38,272.9123495250001,260.4541033999999
897,38,288.82914822500015,305.3698148499999
898,38,267.418859175,226.08126439999978
899,38,330.87426715000015,274.49039734999997
900,38,207.90212887499993,307.8001513999998
901,38,213.6817081,244.09900974999977
902,38,323.04501314999993,283.084649175
903,38,285.34030519999993,188.06617367500013
904,38,193.9406328500002,233.45229784999984
905,38,225.13188635000006,245.52006199999994
906,38,270.82207337500034,270.6138912500001
907,38,295.9530332750003,209.36653249999995
908,38,255.03280597499992,254.6778738249999
909,38,247.78865972500017,293.8520713999998
910,38,263.06125895000014,213.33221042500014
911,38,190.93263712499999,192.375534225
912,38,167.01582902500016,146.6058465249999
913,39,134.32879297499994,164.93767634999995
914,39,144.27421187499993,127.22456239999998
915,39,147.46262217500006,140.05133907499996
916,39,162.4626357250001,182.28941652499992
917,39,191.2364781000001,144.98690984999988
918,39,216.2893844500001,200.96780582499997
919,39,218.19064672500016,187.43320725000007
920,39,290.4906086250003,241.05149964999998
921,39,215.12891387500002,262.259693675
922,39,312.0940450000003,218.56996422499978
923,39,244.23580135000003,219.94087902499973
924,39,276.27308657500043,252.06989880000015
925,39,265.1342276249999,230.3847722499999
926,39,235.6336514500003,241.56346534999997
927,39,221.52431997500014,224.49506529999996
928,39,213.40752945,208.57483225000013
929,39,220.3256280000001,248.24915312500005
930,39,249.09799135000006,279.04250140000016
931,39,321.48862219999995,218.0078155
932,39,238.0144040250002,273.782653075
933,39,261.90847127499995,233.14461870000002
934,39,234.4024705750001,225.3266212000002
935,39,181.87122530000005,231.07983235000003
936,39,180.77437544999998,180.35369579999997
937,40,144.40402367500008,183.23656887499993
938,40,171.58196237500005,174.53404152499996
939,40,138.51410122500005,136.95217282499996
940,40,153.08272850000003,187.86046199999998
941,40,200.40409835000006,181.0817057749999
942,40,187.70755330000014,203.00704369999997
943,40,240.4613695000001,193.7738246
944,40,256.09596777499996,215.01766614999997
945,40,246.28823799999995,242.67370315
946,40,253.96227832500006,255.18099967499978
947,40,268.99562245000004,292.868770675
948,40,321.00840525000007,290.1120907500001
949,40,240.81250545000012,224.39054759999993
950,40,213.2714956000002,248.55295490000003
951,40,249.08146865000003,242.78085125000013
952,40,252.66120354999998,236.35130312500013
953,40,221.7275872249999,255.23348697499992
954,40,257.80667222500017,274.5224886499999
955,40,208.37401360000007,230.49359012499986
956,40,216.29946127499994,257.78687250000013
957,40,235.64325199999996,206.02272197499997
958,40,211.87053980000007,242.76334859999994
959,40,169.46345942500002,169.11445809999992
960,40,156.56430207500006,173.6525483499999
961,41,152.13278060000007,128.33148644999994
962,41,141.358558425,120.93447187500003
963,41,135.01010685000008,103.63172199999991
964,41,131.9954491250001,141.275376075
965,41,136.76287559999997,120.04669729999986
966,41,203.51088932500014,138.842325475
967,41,190.23235390000028,215.83475759999993
968,41,270.09817914999996,250.113695775
969,41,280.5454404250001,271.76686007499995
970,41,321.3031523750001,308.5370181999999
971,41,265.7243017750002,253.141551575
972,41,293.1384089000004,314.0396826749999
973,41,219.65002305000007,225.39407254999995
974,41,262.6388552250001,253.47097695000008
975,41,234.0757130750001,233.48914595
976,41,261.638818225,348.8257519999999
977,41,228.5170552250001,246.201589475
978,41,246.49558492500014,243.6992982000001
979,41,342.3108210250001,255.32514342499968
980,41,263.5966669000002,230.5611140750001
981,41,237.63228847500005,247.26331239999985
982,41,247.94235424999994,232.42091029999997
983,41,144.08359052499992,221.6108843749999
984,41,167.41926295000007,211.50412899999986
985,42,138.12581212499995,164.51313637499996
986,42,132.70043557500003,113.78104494999992
987,42,170.74850702500018,122.70687079999993
988,42,111.49932315000001,115.11683609999996
989,42,140.830631425,121.57606537500004
990,42,189.27113512500011,145.922492975
991,42,165.3737526249999,182.30110487500002
992,42,218.7569874,165.74232704999991
993,42,240.09827637500013,229.37675697499978
994,42,294.6974342750001,187.72023819999993
995,42,277.17339107500015,277.5429284749998
996,42,227.69493472500005,277.5996065
997,42,244.22905817499992,230.39314152500006
998,42,233.18144067499998,255.05616512500004
999,42,233.3353700000002,175.82060024999993
1000,42,217.99070960000006,226.51212450000003
1001,42,179.403704225,198.55582990000005
1002,42,191.8446784499999,255.79649682499976
1003,42,224.89641997499996,266.3350838499998
1004,42,172.24413874999988,208.5374717499999
1005,42,250.63118497500017,197.5980046749999
1006,42,224.3828862000001,179.32037939999995
1007,42,165.79018110000004,158.07659185
1008,42,136.21318757500015,140.63868200000002
1009,43,128.50501895000008,112.07614829999989
1010,43,115.76376289999999,143.1710628499999
1011,43,122.84554532500013,123.65062447500006
1012,43,141.79426357500006,146.02956979999993
1013,43,146.1119346000001,144.07411434999997
1014,43,175.47185427500006,166.95654644999993
1015,43,216.7240518000002,203.48469962499996
1016,43,197.4807525,254.5678345
1017,43,271.91982707500006,178.35915177499993
1018,43,221.32510590000015,238.70643750000005
1019,43,268.65177455,203.2848494
1020,43,263.76582535000057,216.60393012499986
1021,43,230.29243339999996,289.9618032499999
1022,43,247.06852315000017,242.54733600000003
1023,43,188.83794947500016,199.35743019999995
1024,43,192.3949417499999,228.88149187500002
1025,43,242.8314417250001,193.04195489999995
1026,43,197.960782525,221.11382010000005
1027,43,224.12130217499998,183.1271301499999
1028,43,261.42659702500015,194.03883592500003
1029,43,272.07807942500017,202.73745399999984
1030,43,222.93568007500028,204.68171247499998
1031,43,215.1433106000002,174.26019952500008
1032,43,161.55656017499996,195.03125634999992
1033,44,187.29444564999994,127.71653914999999
1034,44,136.9950428250001,112.62686272499995
1035,44,123.3907643500001,138.77613035000005
1036,44,183.88670817500017,168.43149462500003
1037,44,185.912432175,150.02277960000004
1038,44,226.68006452500003,172.94736924999984
1039,44,194.037623425,224.65058837500004
1040,44,209.85918417500022,238.36486837500007
1041,44,263.8777772750003,247.05972079999998
1042,44,287.6318781750002,247.10456364999982
1043,44,298.116535475,282.77355142500005
1044,44,230.92521117500013,271.0230809499998
1045,44,260.934297025,282.20316767499986
1046,44,247.80277217500026,248.59059155000017
1047,44,311.8691382500005,250.35115239999996
1048,44,224.88197345000015,226.12468365000012
1049,44,185.47641132499996,217.95461710000006
1050,44,206.22677365000015,256.07923495
1051,44,278.5012231750002,257.351739375
1052,44,248.36786652500024,264.20485467499975
1053,44,220.41802405000013,283.28612935000007
1054,44,224.00572880000004,246.41432137500013
1055,44,153.36300457500002,175.01387899999995
1056,44,156.30277752500007,145.2415310499999
1057,45,181.15360607500034,165.11936312499995
1058,45,109.72325460000005,152.34262532500006
1059,45,162.50282614999992,120.64310500000006
1060,45,154.382661425,161.79694014999998
1061,45,183.09934055000005,182.52908172500005
1062,45,188.59668537500002,183.2242394999999
1063,45,214.0417716000003,185.27219079999992
1064,45,178.62540347500033,228.73162592499992
1065,45,236.14095827500026,333.212956425
1066,45,247.16080607500024,260.05561345000007
1067,45,239.9927774750002,276.4636133999999
1068,45,224.1940787499999,242.5522360250001
1069,45,280.5386389500002,256.3972979
1070,45,250.79726985000002,245.36111022499992
1071,45,229.078074225,258.08121224999985
1072,45,260.7576551000002,259.6955111
1073,45,237.35952090000023,256.6976461749999
1074,45,213.21804709999995,213.26353249999985
1075,45,294.48499425000006,249.12997054999977
1076,45,369.73808824999986,212.16099044999984
1077,45,225.90540357499998,193.31739694999993
1078,45,242.33080647500003,184.19435345
1079,45,263.80331505000004,220.86324159999992
1080,45,202.21960570000005,138.81608087499995
1081,46,142.36497970000002,176.75191697500003
1082,46,164.64310575000007,148.69552194999994
1083,46,217.3317575250001,170.9383221
1084,46,173.8393233750001,203.19858697499996
1085,46,176.47981129999988,167.4279643499999
1086,46,218.658738825,219.32413187499992
1087,46,185.24406812500013,274.32661702499996
1088,46,254.17494410000003,197.416917575
1089,46,266.91992562500025,243.6024334249999
1090,46,263.3034226000002,242.4969670250001
1091,46,256.6062225500002,259.74322742500004
1092,46,309.83687677500023,369.7437406249999
1093,46,265.8860788500001,212.88096692499983
1094,46,233.57513562500012,292.3526692999999
1095,46,229.14713487500026,200.4707273749999
1096,46,228.14950760000016,243.0598318000001
1097,46,200.99719972500023,208.5977236500001
1098,46,195.30799605000004,239.14695129999996
1099,46,216.66394197500017,240.91060909999993
1100,46,294.11676812500036,275.0528506250001
1101,46,216.92696092500003,321.3172939499998
1102,46,274.787626675,275.9263812249999
1103,46,208.37513522499998,251.7702775249999
1104,46,244.69752540000013,214.35522779999994
1105,47,208.00840942499985,208.293237775
1106,47,184.6335631249999,221.52699004999994
1107,47,167.90543207500002,172.29234725
1108,47,180.86334240000008,185.63539554999997
1109,47,169.1688245000002,201.20446992499996
1110,47,218.0844336,210.78223652499995
1111,47,210.72844815000008,280.8206480749999
1112,47,210.90852030000008,252.25424345
1113,47,226.28951219999993,192.96817449999986
1114,47,353.82010405000034,215.3305059999998
1115,47,295.9639329500002,266.288590225
1116,47,290.697046625,279.9444138749999
1117,47,257.98698549999983,265.0474016999999
1118,47,229.67126185,254.477969375
1119,47,256.5329163250002,250.40033682500007
1120,47,237.07585232499997,236.7928277000001
1121,47,260.5708561,219.75981410000014
1122,47,267.561209575,197.28735260000013
1123,47,255.46656019999995,278.50600922500007
1124,47,245.90152882500018,261.4038542749999
1125,47,255.63378475000013,193.12434672499998
1126,47,247.77871180000028,228.18501675
1127,47,197.64629232499988,200.138737875
1128,47,153.38561955000006,170.41928877499998
1129,48,166.80263474999998,142.2972077499999
1130,48,185.92571860000004,143.55610242499995
1131,48,193.9136394250002,152.36597442500005
1132,48,177.58804350000008,171.38501449999995
1133,48,173.183452125,167.59682707499996
1134,48,203.18881382499995,196.97926164999996
1135,48,190.90294702500006,229.5585148250001
1136,48,254.11853600000006,254.2361709750001
1137,48,295.8102923250002,296.26851062500015
1138,48,290.93351842500016,334.5691787249999
1139,48,338.7595112750001,324.30698732500014
1140,48,277.1967075500001,294.45734215000004
1141,48,269.2826177500001,317.6781390499999
1142,48,224.33420250000015,244.2574398499999
1143,48,225.42958542500014,277.94651997500006
1144,48,197.69486920000003,259.0667095
1145,48,249.78497037500023,229.30669002499985
1146,48,219.80029510000003,189.88526929999992
1147,48,209.06371555000015,280.8047218749998
1148,48,214.46204500000016,216.12492277500007
1149,48,211.55110829999998,251.3798530750002
1150,48,226.63192992500015,210.94308790000005
1151,48,157.44541347499995,149.15856422500008
1152,48,167.40023532500004,113.20236152500004
1153,49,172.26731272500007,137.49962362499997
1154,49,137.8014081000001,158.79041622500006
1155,49,117.49140735000003,145.10402754999998
1156,49,120.18124602500008,148.67637152499998
1157,49,144.56975637500005,141.73647475
1158,49,184.86531560000003,155.302646875
1159,49,211.42741757500005,206.01777332499995
1160,49,220.18699137500008,204.63272589999997
1161,49,203.8300410750001,217.90712437500008
1162,49,293.48749910000004,233.5000284499999
1163,49,222.33367989999994,245.00353327500017
1164,49,270.98078345,237.59963827499996
1165,49,171.56295519999998,271.1421842
1166,49,161.01866890000002,253.00033452499991
1167,49,175.81154362500007,208.43465447499995
1168,49,188.28196245000012,188.06201625000006
1169,49,206.52853167500012,162.02568169999998
1170,49,213.33501102500023,224.78860752499997
1171,49,225.588864475,190.80803587500003
1172,49,249.13144302500035,201.85002580000003
1173,49,233.6233150750001,250.64839237500013
1174,49,241.2999116500004,170.53087082500002
1175,49,181.35277057500008,159.36419165
1176,49,151.8398419250001,122.70079752500001
1177,50,105.97331930000004,147.41501505000008
1178,50,106.05191767499997,108.71915942500004
1179,50,122.27225672500003,116.41444822499994
1180,50,151.18308287499997,131.1246058750001
1181,50,149.23522067500016,132.82204697499995
1182,50,153.0258098750001,153.08305070000003
1183,50,199.9176445000001,190.116173925
1184,50,196.75452532499997,222.8135172749999
1185,50,219.00442112500025,207.77829182500005
1186,50,207.4575332250001,207.8267205499999
1187,50,195.91456362500008,221.328515725
1188,50,216.47018590000005,238.3481437999999
1189,50,227.1680787250001,223.88860560000006
1190,50,242.66246255,252.82711272500003
1191,50,217.9870655250002,189.423660825
1192,50,226.34534002500013,188.1877218
1193,50,240.1500305,212.08331024999993
1194,50,177.46107900000004,173.61043009999992
1195,50,207.1112928,164.6446910499999
1196,50,203.21461245000012,221.97301365000004
1197,50,234.51323542500006,217.19114107499993
1198,50,220.75041214999996,199.51106477500002
1199,50,209.32651217499995,155.40974454999997
1200,50,160.31073425000022,111.816343475
1201,51,128.67078194999996,144.41103752499998
1202,51,133.938482825,129.04443232500006
1203,51,161.64311840000005,142.95268447499993
1204,51,122.16109785000002,131.14874519999995
1205,51,156.29782864999999,160.8794658
1206,51,185.71506347500002,173.3818095999999
1207,51,216.69093599999997,207.30456840000005
1208,51,220.0423495000001,224.6877566249999
1209,51,188.45909422500006,271.2176494999999
1210,51,227.55737597500007,265.3717142
1211,51,246.35681222500028,264.37170960000003
1212,51,263.56828770000016,252.17722422499992
1213,51,234.98826122500014,229.63195819999999
1214,51,219.50171705000008,244.19874485000008
1215,51,198.76349370000014,239.3123574
1216,51,217.91383922500023,205.91664617499998
1217,51,188.71379907500005,225.64570989999999
1218,51,194.0346580750002,263.32566109999993
1219,51,188.5846117750002,253.35468665000008
1220,51,191.699919925,228.96959987500014
1221,51,202.7171691750002,242.2990314
1222,51,204.09963270000011,211.47028700000004
1223,51,180.500872125,206.3535038249999
1224,51,160.53198787500003,139.97608087499995
1225,52,173.33705152499994,156.1401001249999
1226,52,176.11589492500013,170.664803375
1227,52,198.28338194999998,171.17745217499998
1228,52,155.277523825,197.6620576
1229,52,170.0044048750001,160.10208322499994
1230,52,212.23075552500015,213.13851092499988
1231,52,223.48065522500008,231.92265567499976
1232,52,250.56578600000023,217.7627819
1233,52,210.16237429999995,341.64885085000003
1234,52,299.57084249999997,302.76962330000003
1235,52,254.39594187500006,321.3561898749999
1236,52,255.52826490000018,304.65885137500004
1237,52,251.3317288749999,251.9833287749999
1238,52,311.6984678500003,171.4733593750001
1239,52,279.64800007500025,208.70769370000005
1240,52,200.16100252500007,236.89655855
1241,52,226.4857395750002,275.341013075
1242,52,215.07656839999993,157.05750257499983
1243,52,266.80179672500026,272.25200882499985
1244,52,233.86445992500015,318.20069320000005
1245,52,180.01063687500016,251.57326100000003
1246,52,224.53815897500004,173.75786822500004
1247,52,215.8295805249999,210.40741065000006
1248,52,154.66610832500007,168.69494935000006
1249,53,155.26325975000003,177.65754264999998
1250,53,161.8547366000002,186.02401614999997
1251,53,149.82221455000007,163.28985447500003
1252,53,193.1695190750001,184.449653575
1253,53,187.17523627500006,189.02627117500003
1254,53,211.64689747500006,181.9292842249999
1255,53,244.1363316000004,218.11564702499993
1256,53,258.1125853000002,229.59404899999996
1257,53,283.6733042500002,274.640771025
1258,53,263.5745171999999,343.23666052500005
1259,53,245.93859307500009,358.4209835749998
1260,53,276.8838310500002,244.32374185000006
1261,53,229.15726432499997,255.09940772499993
1262,53,247.24560542500006,337.00220264999984
1263,53,253.1500931750001,245.87277732500002
1264,53,184.1236311750004,256.274735125
1265,53,188.11827142500027,204.87180634999999
1266,53,248.483210075,284.8747778999999
1267,53,233.70023045,266.0983385000001
1268,53,247.70764525000024,257.19204647499987
1269,53,178.91426700000014,251.19917052500006
1270,53,192.47391405000002,236.75729987499994
1271,53,216.72235467500025,217.25665667499987
1272,53,161.8936697250001,176.09533884999996
1273,54,172.05157630000008,129.16438815000004
1274,54,154.17653450000003,156.49693374999987
1275,54,204.7637556750002,146.874252
1276,54,152.2073861500001,182.46470739999995
1277,54,157.37018845000017,191.1723506249999
1278,54,211.90922045000008,180.14012057499997
1279,54,247.8173343000002,222.76574977500002
1280,54,234.82626450000015,226.4442293250001
1281,54,292.37858285000044,278.7147683249999
1282,54,330.00411112500035,346.2668253999999
1283,54,301.06175395000037,277.7171525999998
1284,54,260.1000217000002,305.4709674499999
1285,54,249.36513875000009,262.0725672249998
1286,54,247.86631620000014,274.3749508999999
1287,54,269.5425663750001,319.294272975
1288,54,227.35009557500007,271.2241784999999
1289,54,222.90180112500008,248.88457219999998
1290,54,236.74175095000015,223.7437370749999
1291,54,239.21807174999998,252.98783895000003
1292,54,312.6755440000003,167.606938725
1293,54,213.27092967499996,258.2507714499998
1294,54,233.7203053500003,198.6636723249999
1295,54,194.622771075,207.40600474999985
1296,54,188.70123989999996,165.10367359999987
1297,55,154.4050323250001,174.47277577499992
1298,55,126.10319277499995,170.767528175
1299,55,128.60254539999997,159.43686572499993
1300,55,107.53406972500017,166.31430019999988
1301,55,164.37851105000001,194.48218432499993
1302,55,181.74274287500015,186.92075214999994
1303,55,235.73878295000046,202.42822234999994
1304,55,243.49544407500042,222.11070142500017
1305,55,275.67145515000004,292.5529707999999
1306,55,261.72647977500003,286.01550917500015
1307,55,246.87800650000003,277.67857027499997
1308,55,332.99416642500006,271.4568675250001
1309,55,285.24606155000015,226.5610283749997
1310,55,238.67549557500007,190.07857682500003
1311,55,192.9387894250002,201.85575317500002
1312,55,291.5209136250003,251.40310267499996
1313,55,268.07290485,231.84718269999985
1314,55,236.06053360000007,243.87382407500002
1315,55,309.0116843750001,239.8585076999999
1316,55,271.8006797250003,251.25603169999988
1317,55,216.33855220000004,302.6039671499999
1318,55,188.88407970000014,200.90837257500002
1319,55,152.95809785000012,213.1563491999999
1320,55,133.81688287499992,169.68019019999997
1321,56,131.50025094999995,169.30054114999996
1322,56,135.520073525,133.86147752500003
1323,56,144.1202333000001,158.8691708499999
1324,56,134.41779765,129.998093225
1325,56,145.28055840000002,148.376515175
1326,56,155.89491395,169.76173114999995
1327,56,209.95473810000013,205.8896542249999
1328,56,221.5246140000002,190.05233597499995
1329,56,235.09361062500005,177.55606202499987
1330,56,273.84574552500015,214.8261500499999
1331,56,338.55103115000014,244.88576654999991
1332,56,229.41649239999992,228.33343945
1333,56,193.9213581,200.5777658499999
1334,56,193.48376274999995,206.82032450000014
1335,56,219.5754943750001,191.22032962499992
1336,56,218.92421520000013,208.47979747500005
1337,56,172.978953275,198.03646817499992
1338,56,220.36254352500015,204.6852509499999
1339,56,225.43137017500004,256.4661289999998
1340,56,223.3551077250001,214.9609667999999
1341,56,174.8701945500002,251.24424112500012
1342,56,199.05644280000024,246.491134725
1343,56,189.42548762500002,201.756232425
1344,56,129.651317825,139.18785234999996
1345,57,155.37441347499995,118.365378625
1346,57,127.69218515000017,112.74855372499994
1347,57,144.35298800000015,143.80898492499995
1348,57,159.73326917500015,117.28605037499997
1349,57,172.46876747500016,144.679096425
1350,57,146.60437335000017,193.6131482749999
1351,57,225.14440677499994,211.68014639999993
1352,57,207.27843620000033,236.7464610249999
1353,57,199.3430913250002,287.6963672249999
1354,57,228.73672432500007,217.42231192499992
1355,57,230.49106115000035,169.63834660000006
1356,57,233.80478232500013,288.6688286999997
1357,57,238.34238135000027,252.4898440750001
1358,57,264.29820039999987,221.61341255000002
1359,57,197.41662985000005,178.10292699999985
1360,57,231.11909607500016,177.66162295
1361,57,222.04275555000004,193.03435669999988
1362,57,191.36449857500003,234.99821274999996
1363,57,269.7565339000001,255.65676397499988
1364,57,215.1152506500003,246.21218379999996
1365,57,273.9085893000006,218.39798622499995
1366,57,203.105278175,217.75467187499999
1367,57,162.24273107500005,215.12412632500002
1368,57,158.7560254750002,169.776944775
1369,58,144.69790892499998,165.25564569999995
1370,58,128.00688945000002,172.7610693
1371,58,148.39175005,127.969173525
1372,58,141.97321715000004,149.33950097499996
1373,58,178.75188555,193.49117057499998
1374,58,181.808310275,200.82111482500002
1375,58,205.0676124750002,212.921367075
1376,58,250.56241587500008,216.8317939249998
1377,58,230.89651587500015,320.82955112499997
1378,58,286.249470975,320.57474342500007
1379,58,245.33187927500006,275.8103916250001
1380,58,224.68527587500014,296.8999661749997
1381,58,329.2405024500001,191.12990232499982
1382,58,316.7119738749999,251.0716229749998
1383,58,221.61301512499995,266.89405412499997
1384,58,223.88408080000022,259.0222362999999
1385,58,187.86350985000016,235.30181954999978
1386,58,230.65238120000004,250.3182886
1387,58,249.57167612500018,216.0639205499998
1388,58,245.9511633999998,276.636511975
1389,58,268.9850651999999,260.54906184999993
1390,58,187.58676995000002,222.47175305000016
1391,58,218.20035827499999,238.710115025
1392,58,158.05762805000023,149.49938400000002
1393,59,137.44695365000018,134.73373822499994
1394,59,147.12922250000017,142.198491725
1395,59,142.01432542499998,172.57636155
1396,59,153.6130559249999,175.6899669749999
1397,59,176.10970192500008,212.62666644999985
1398,59,191.48000457500035,227.17839847499988
1399,59,265.9232692499999,243.05465840000005
1400,59,229.91399672500012,194.24659285000013
1401,59,281.2386736500002,305.310689075
1402,59,215.53014080000003,327.92309507500005
1403,59,229.22843632500013,243.9265056
1404,59,309.98434525000005,226.26477312500003
1405,59,234.17904895000018,256.1328376499999
1406,59,225.97047362500024,281.6306588499998
1407,59,321.62349087500013,325.4354552499998
1408,59,218.7908184750001,230.34348497500017
1409,59,231.7307955250004,244.979483775
1410,59,298.77344062500015,204.40389059999987
1411,59,248.71492820000014,247.84456262499992
1412,59,264.6803415500001,235.14630654999996
1413,59,250.85160284999986,267.2361136
1414,59,271.46395752500007,202.47603712499998
1415,59,180.5338610500002,213.511046675
1416,59,155.4197378500001,147.14209130000003
1417,60,139.696334275,161.20217827499997
1418,60,152.48073887500018,136.37473052500002
1419,60,165.00809822500003,147.43009017500003
1420,60,133.827699275,186.196025525
1421,60,183.53196605000005,158.646018525
1422,60,165.46551612500002,165.63578164999998
1423,60,293.4618470500003,229.71777722500008
1424,60,294.15703372500025,258.9244006
1425,60,329.08901662500006,301.1646943499999
1426,60,296.9434487,303.85064734999986
1427,60,279.18971125000024,315.96881512499976
1428,60,260.43752579999995,244.94602822499985
1429,60,271.87067427500034,248.33970997500003
1430,60,238.92783532500005,221.27378319999988
1431,60,187.6512898750001,194.2565383
1432,60,264.09733205000055,215.9528716749998
1433,60,293.39088797499994,250.41917085
1434,60,241.25007345000017,206.96506697499996
1435,60,245.78601670000023,228.24130792500006
1436,60,255.07532102500005,207.31435315000013
1437,60,240.80875425000005,268.56175247500005
1438,60,182.4970468500001,227.24410884999995
1439,60,222.23150780000012,231.41728532500005
1440,60,172.08935487500008,170.2031568249999
1441,61,155.74868415000003,186.06873584999988
1442,61,193.87330817500015,162.38545457499995
1443,61,142.84113350000013,172.60572545000008
1444,61,166.68975385000022,190.52367849999985
1445,61,221.98120480000028,226.68531587499993
1446,61,188.557664425,214.08767160000002
1447,61,265.0501458000002,263.7156062749999
1448,61,250.10773619999995,238.40337762499993
1449,61,275.2879666499999,246.78120222499976
1450,61,333.2922466749999,289.41391809999993
1451,61,290.5946366000003,275.6381690249999
1452,61,278.61479765000024,323.6734839499998
1453,61,263.3017481,197.57719807500013
1454,61,258.14028992500005,275.8200381
1455,61,198.83846679999994,258.8640954249998
1456,61,228.27029205000008,232.87416529999996
1457,61,244.18922212500007,227.4835781249998
1458,61,204.79893992500027,194.34528527499998
1459,61,277.03603262499996,211.96996002499992
1460,61,262.7881492750001,208.07970982499984
1461,61,245.65676772500007,247.1266092999998
1462,61,227.62872665,239.97651090000014
1463,61,177.806806575,165.50233889999998
1464,61,168.80054954999997,124.08157904999996
1465,62,154.72877640000007,137.42654482499995
1466,62,119.31333227500014,158.55187999999993
1467,62,147.25825262500004,163.27845194999995
1468,62,136.0582084250003,146.28882452500008
1469,62,135.3424333000001,159.9118911
1470,62,181.15257585000006,198.63636714999996
1471,62,194.18946222499997,177.39298382500004
1472,62,233.55016209999997,199.74975654999994
1473,62,229.62079990000024,278.3027869
1474,62,296.8518854750002,289.03793192500007
1475,62,303.3920626999999,331.39116887499995
1476,62,254.3853401000001,278.3083131750001
1477,62,254.62718645000007,212.37839637499985
1478,62,234.54291999999987,244.71490557499982
1479,62,194.20894390000007,280.73167794999995
1480,62,201.39909635000026,224.18007995
1481,62,193.23638225000005,175.8064252999999
1482,62,195.1396344000001,211.20972304999992
1483,62,263.42149325,262.9818932000002
1484,62,177.9728315249999,256.7239950999998
1485,62,213.06730242500018,173.63806140000008
1486,62,202.62681720000018,300.83615804999994
1487,62,179.56544885000028,213.25682537499998
1488,62,140.99359660000005,207.024593825
1489,63,178.97832015000023,184.10753417499993
1490,63,143.138245325,166.55967365000004
1491,63,108.48365147500003,153.54328319999996
1492,63,132.8830464250001,135.83028432499998
1493,63,113.5470081250001,172.074089275
1494,63,156.82947335000017,166.51627692499991
1495,63,159.48242374999995,155.45736244999995
1496,63,204.85254602500032,203.95994020000006
1497,63,271.929484225,192.33136677499982
1498,63,230.3952912500003,226.47829457499998
1499,63,210.89295917500021,264.54073772499993
1500,63,211.02962925,273.75380882499985
1501,63,263.377778775,222.78692999999998
1502,63,194.84901754999999,258.65646379999987
1503,63,214.07603377500033,204.6608565
1504,63,194.92290860000014,245.20974597499998
1505,63,185.46465122499998,254.57506684999996
1506,63,233.5946380249999,214.51129527500007
1507,63,260.5404562250002,222.34784624999986
1508,63,166.34978395000007,231.08254852499988
1509,63,180.8190515499999,214.529039325
1510,63,206.05378322500013,155.53930084999996
1511,63,186.87150632500004,160.91005854999997
1512,63,137.81777040000003,157.80788004999988
1513,64,99.863058725,133.16218594999992
1514,64,106.93921904999995,143.392110275
1515,64,125.30417270000012,142.18250494999998
1516,64,110.79121845000009,154.18068535000003
1517,64,136.81971820000007,174.86524999999997
1518,64,210.67949662500018,194.05006597499994
1519,64,258.473050825,160.4658655249999
1520,64,225.38466455000014,240.85289517500004
1521,64,217.14062857500008,326.19600802499997
1522,64,286.1337203500001,284.84312717499984
1523,64,322.01235895,350.19816605000005
1524,64,296.24160077500005,331.0939113500001
1525,64,263.5981485,247.39597222499998
1526,64,334.39733575000014,356.61706167499995
1527,64,314.75281627500044,194.91141307499993
1528,64,253.10006747500012,238.23676650000007
1529,64,223.00644282500022,238.48300449999996
1530,64,221.95737515000002,198.07729957500004
1531,64,305.1459253000004,224.50673185
1532,64,294.6371714000002,262.713620075
1533,64,298.68755437500016,284.6039806499999
1534,64,240.8183400500003,202.24401497499997
1535,64,184.35597237500016,168.98732790000003
1536,64,117.60859182500005,125.63776782499988
1537,65,149.66096104999997,118.25429964999992
1538,65,153.8658557750001,134.78310517499997
1539,65,118.07135052499999,144.82100685000006
1540,65,138.031275025,151.90183964999994
1541,65,175.26768835000013,175.14699517500003
1542,65,178.20229935000037,175.73084387499992
1543,65,259.8316349750005,221.67694869999983
1544,65,225.1647949250001,231.85359567500007
1545,65,235.32285102499998,327.20143315000007
1546,65,253.9025708750002,324.21560219999975
1547,65,296.29764445000006,268.807362125
1548,65,280.05636177499986,268.63747972500005
1549,65,277.8751032750002,302.7920568999999
1550,65,264.69609464999996,334.5751691249998
1551,65,297.224762075,271.32603122500007
1552,65,247.57770877500005,319.8344064250001
1553,65,196.0646724,257.79166182499984
1554,65,245.74566472499995,307.1212925749998
1555,65,272.51764442499996,274.418187825
1556,65,256.64411485000016,267.48467607500015
1557,65,237.8034303250002,216.7639151749999
1558,65,232.27428022500033,192.06720624999988
1559,65,220.84026387500035,135.43530114999993
1560,65,147.8402186250001,156.10628050000003
1561,66,130.493934825,134.759827325
1562,66,158.67332650000026,138.79111464999997
1563,66,159.889426925,138.35057847500008
1564,66,146.32788272500008,124.15639775000001
1565,66,174.887881875,156.37188802499992
1566,66,190.972075825,187.99349002500006
1567,66,236.88285640000004,215.8503865999999
1568,66,258.0078552750001,274.8805817750001
1569,66,303.99978172500005,290.201513975
1570,66,302.38506284999994,243.4545654500001
1571,66,376.3462522,296.6490739999998
1572,66,301.1528998,286.4569114249998
1573,66,218.04127857500038,242.25400727499996
1574,66,279.2690871750001,210.82952562499986
1575,66,248.50519832500018,241.7499609250001
1576,66,223.78196007499994,236.76237294999987
1577,66,254.55908012500015,203.363112875
1578,66,244.7388101250005,244.73379662500002
1579,66,255.0109049250001,256.5634970000001
1580,66,269.6743221250001,239.8301652249999
1581,66,261.1825012500003,302.87559722499986
1582,66,239.3059288500002,209.1105112499999
1583,66,200.73783430000003,200.50623414999995
1584,66,129.48156565000005,155.79390737500003
1585,67,147.21058377499995,169.74048757499992
1586,67,166.95663182500013,166.43497399999993
1587,67,138.58036732500008,150.70972924999998
1588,67,140.48140100000012,177.03685642499988
1589,67,166.2767423250001,176.280717225
1590,67,232.885052325,179.85189509999995
1591,67,225.17280022499997,207.48592644999997
1592,67,266.9906178000002,230.30674357499998
1593,67,238.3723203500003,261.85013660000004
1594,67,234.85213892500002,267.6737534250001
1595,67,291.12165619999996,325.64340257499987
1596,67,290.627926,281.0823368
1597,67,219.60852472500005,243.98122177499982
1598,67,267.34709007500015,290.3351655250001
1599,67,235.63590297500002,278.4058920499999
1600,67,244.05584247500025,282.6413016499999
1601,67,258.33486689999995,250.86199069999995
1602,67,275.0538028000001,265.9503058250001
1603,67,196.15131535000006,188.47219465000006
1604,67,251.98937515000011,261.188670525
1605,67,282.63336239999995,240.811430725
1606,67,158.01100364999996,219.7363768500001
1607,67,214.4162248250003,189.5711424999999
1608,67,182.22385992500017,177.06661102499993
1609,68,133.04499260000006,152.57682862500005
1610,68,155.7436400750002,175.93584535
1611,68,135.0558308500001,171.6724322749999
1612,68,130.525762525,157.821371575
1613,68,161.9379669,190.147065575
1614,68,182.4102846250002,175.8400729249999
1615,68,191.02158910000003,271.33412789999994
1616,68,245.52670155000027,264.4075972250001
1617,68,244.6803511250003,261.9975487749997
1618,68,309.04524764999996,318.1021794999999
1619,68,373.9101277000003,283.4280018999999
1620,68,301.6166814999999,270.30570217499996
1621,68,278.3799748749999,253.83269887499998
1622,68,236.61576804999999,278.614585675
1623,68,283.97065034999997,275.3282661750001
1624,68,229.09453737500002,267.8327338749999
1625,68,218.34780177500014,213.6536765250001
1626,68,193.30340942500013,178.6900386999999
1627,68,244.64896370000005,236.0205969999999
1628,68,268.00251575000016,245.04324202499998
1629,68,181.92906490000007,269.01072139999997
1630,68,212.16076227500002,188.27013722499993
1631,68,145.55481380000003,203.73373844999992
1632,68,146.90884870000014,152.66807497499985
1633,69,182.28315977500006,151.7086291249999
1634,69,167.09324272499998,120.68397987499992
1635,69,154.9400498000001,135.7352548249999
1636,69,134.3114180500001,149.99979814999995
1637,69,160.51965844999998,179.4570569
1638,69,177.9597914750001,177.29551212499996
1639,69,212.63799452500012,204.65226849999988
1640,69,224.4214752999999,227.9502189499999
1641,69,231.72473757500012,182.4009715499999
1642,69,319.80973000000006,195.41153244999998
1643,69,254.96902512500037,305.6149759499999
1644,69,239.57758530000018,268.509595925
1645,69,241.80973290000014,274.09747082499985
1646,69,197.19534910000004,199.27759795000003
1647,69,193.39601215000022,179.13322612500002
1648,69,198.82810187500024,215.70039434999998
1649,69,245.46590885000006,195.50045319999998
1650,69,265.032800475,182.843465025
1651,69,196.783391375,234.84023739999978
1652,69,215.5158987250001,296.4200413750001
1653,69,164.07579989999994,196.24868825
1654,69,228.14283410000007,186.15955874999997
1655,69,170.89840222500004,204.988607575
1656,69,173.44527915000023,136.18423512500004
1657,70,127.51559782500007,161.86213025000006
1658,70,190.06298517500005,175.77440054999997
1659,70,134.97409944999998,127.04813919999995
1660,70,145.51096382500012,154.94624830000004
1661,70,152.87042505000005,175.69524555
1662,70,190.06151125000002,213.731636825
1663,70,138.14664037500012,221.3387884999999
1664,70,206.67756882500015,187.82928317500006
1665,70,234.10859145000018,258.6721183250001
1666,70,249.59163942500012,274.43996842499996
1667,70,259.564198825,275.9263864750001
1668,70,242.95216662499996,232.80107107500015
1669,70,212.3462155500001,229.8987675249998
1670,70,197.86371782500018,220.37838827500002
1671,70,193.079971425,219.26875147499993
1672,70,210.82309467500014,250.22341150000005
1673,70,184.59595922500023,187.65078934999994
1674,70,192.9599583,200.86598329999995
1675,70,250.05187057500012,230.02600064999996
1676,70,218.17575422499988,228.90368247499998
1677,70,249.76481345000008,237.55650320000007
1678,70,188.42688352499994,279.3625250249999
1679,70,188.06425035000012,155.2328724500001
1680,70,146.42809660000015,173.07473767499997
1681,71,114.87674972500002,139.94227665
1682,71,118.41741627499991,156.91466804999993
1683,71,146.82691440000005,132.63901349999995
1684,71,135.477109075,128.26698807499994
1685,71,143.28738355000007,165.47351995000002
1686,71,215.31979577500022,183.61376349999995
1687,71,239.44815157500014,235.18767524999998
1688,71,212.37082872500005,285.2191044499998
1689,71,265.67550864999987,211.91245000000006
1690,71,298.79425824999987,233.30260580000004
1691,71,250.1472307000003,249.82165427499984
1692,71,255.52942357500007,297.9990227749999
1693,71,259.8074186250001,277.7699653249999
1694,71,265.101016725,291.73287934999985
1695,71,284.1619731999998,274.21069965000004
1696,71,219.77519735000016,290.64449575
1697,71,247.38815167500007,228.55323742500008
1698,71,203.69450457500005,218.159693425
1699,71,256.6419561750001,268.7627231999998
1700,71,245.04264282500017,213.43998194999995
1701,71,256.22064124999997,209.41099582499982
1702,71,215.47720435000008,314.01193090000004
1703,71,166.88039277500005,167.028061225
1704,71,171.82302945000004,137.69383774999991
1705,72,157.96070267499994,134.41038315
1706,72,94.18690775000005,124.53954445000002
1707,72,131.70104185000008,108.05892902500007
1708,72,180.46381997500018,166.08117367499992
1709,72,136.75327537500004,168.52133714999997
1710,72,172.54536910000002,218.573764675
1711,72,238.44939980000055,243.91839969999995
1712,72,308.69694277500025,310.39009674999977
1713,72,221.28425470000008,331.4534430749999
1714,72,303.1342137500001,257.22914567500004
1715,72,314.3972396500003,252.97617262499978
1716,72,264.2833377500004,294.9752604249999
1717,72,269.00275615000004,239.6332078249998
1718,72,299.9885097750001,287.3487663500001
1719,72,277.8143890750004,293.4799968750002
1720,72,311.62652825000004,276.3803389499999
1721,72,224.09684717500022,266.39590587500004
1722,72,198.329666525,246.26744922499995
1723,72,261.784318675,242.86898450000015
1724,72,271.9913184000001,272.8741286999998
1725,72,216.83709642500006,258.56558835
1726,72,235.9647259,243.51644280000016
1727,72,242.41750322500008,180.42510142499992
1728,72,187.30981897500016,164.3934525749999
1729,73,167.27857737500008,168.979472725
1730,73,172.1231036000002,148.49592972499994
1731,73,128.80938880000014,145.69021342500002
1732,73,134.33808520000014,170.44308859999992
1733,73,147.51835330000006,144.07693974999998
1734,73,210.19866430000013,156.8834319999999
1735,73,200.09648787500004,201.68613479999993
1736,73,283.56196867500006,221.75961325000011
1737,73,309.5048916000002,260.53735952499994
1738,73,368.86789365000004,326.3011860999999
1739,73,241.61457259999997,283.2744408
1740,73,310.48565917500025,271.94359827499994
1741,73,303.34777335000007,341.092072225
1742,73,307.76620315000014,246.03365922499984
1743,73,192.5633166000001,238.36347514999989
1744,73,279.87538142500006,271.45449864999983
1745,73,270.8148256750004,276.17251614999986
1746,73,259.19859772500035,242.43760957500007
1747,73,216.17526895000003,211.58434544999997
1748,73,224.97946420000002,242.0715704999998
1749,73,265.74613312500003,193.3799049499999
1750,73,234.23376995000024,197.92975482499986
1751,73,199.53178105000015,181.29761150000002
1752,73,226.83342400000015,165.07874605
1753,74,141.3568626,131.0891719
1754,74,171.12016540000013,133.8360053
1755,74,172.68629247499996,144.1450548499999
1756,74,135.81550930000014,156.54216307500002
1757,74,180.84211377499994,205.31928745000005
1758,74,215.91597107500013,164.13563129999994
1759,74,208.9137002500003,206.03999857499988
1760,74,331.77940570000015,169.43897662499995
1761,74,292.9238713249998,190.83785289999986
1762,74,278.3060758749999,256.10590007499974
1763,74,398.9606931500001,247.97357150000016
1764,74,306.8299292,284.2247777500001
1765,74,236.1809031749999,268.53718885000006
1766,74,266.249942625,265.04925870000005
1767,74,254.16904929999993,212.46708459999985
1768,74,269.6192453000001,191.70831617500005
1769,74,212.3948430250001,241.38386679999996
1770,74,233.68072645000038,216.6521379999999
1771,74,194.66389605,227.86735617499994
1772,74,278.9635668500001,235.03330114999983
1773,74,207.5614073250003,235.6998727000001
1774,74,218.05138832500006,202.17349305000005
1775,74,234.08633820000006,185.0100086249999
1776,74,204.16007875000014,143.84289349999997
1777,75,134.50326250000012,159.922385825
1778,75,143.98835895000005,148.60600959999988
1779,75,159.45104204999996,143.6881133249999
1780,75,141.62244855,157.64825667499986
1781,75,161.49734170000013,167.66690334999993
1782,75,184.5619119249999,178.18261760000004
1783,75,247.7573837750004,225.69911369999997
1784,75,267.8607571000004,252.43665867499982
1785,75,268.9245837750001,251.29885432500004
1786,75,333.22498200000024,302.5261770749999
1787,75,283.7756590250001,282.37108720000003
1788,75,295.32978652500003,285.6273900749999
1789,75,256.48452277499996,255.32060275000006
1790,75,218.70297632500018,227.47437355000005
1791,75,254.6052360000001,250.73811894999992
1792,75,197.82867509999983,242.3637258499999
1793,75,218.3897615500003,271.3279913749999
1794,75,218.71196462499992,224.84310247499982
1795,75,239.28786842500006,192.77936909999994
1796,75,266.4814400250001,235.15517694999988
1797,75,193.03992302500018,253.75579487499994
1798,75,216.42227029999998,207.49065012499997
1799,75,256.9526745000002,227.571779
1800,75,143.50276990000003,198.07888379999997
1801,76,154.52252104999997,160.25094359999997
1802,76,171.7660991500001,146.88229172499996
1803,76,142.92748417499996,135.82212835
1804,76,131.16633984999999,139.03172157499995
1805,76,156.2463786250001,135.93015777499997
1806,76,209.64272985000025,192.98160944999998
1807,76,183.37357117500036,207.34386797499997
1808,76,234.75259482500005,187.1493527
1809,76,241.25215785000023,265.72141777499985
1810,76,273.4266196750001,320.4104202499999
1811,76,293.31238067500044,206.99306475
1812,76,307.99108705000015,252.6099866500001
1813,76,224.4855848000001,235.2159038750001
1814,76,202.30828835000017,209.57346877500004
1815,76,305.48743080000014,269.483801825
1816,76,245.95747247500037,237.4188870499998
1817,76,265.9918496750001,217.1795275499999
1818,76,246.0351847500001,221.37356054999992
1819,76,215.09825372500003,202.7813107249999
1820,76,282.5398846750003,226.8295618499999
1821,76,226.91536447500027,261.6599874
1822,76,217.01738705000008,179.97149804999998
1823,76,187.7438952000001,195.08261477500002
1824,76,137.36526287500007,170.68286629999994
1825,77,148.59683827500015,111.71001205000002
1826,77,107.33161890000002,161.8261807
1827,77,124.55245857500002,159.97150427499992
1828,77,146.56157702500002,128.3085295750001
1829,77,189.30800805000007,167.700137325
1830,77,142.61552840000007,188.4594648999999
1831,77,182.69051752500047,181.04699947499995
1832,77,194.30487605000008,187.89314947499997
1833,77,185.24370889999997,204.880352
1834,77,216.55825232500007,253.01782614999996
1835,77,288.71956297500003,239.42913725000005
1836,77,258.69714527499997,228.77245607500004
1837,77,222.0987987250001,181.80890184999987
1838,77,251.6339479749999,262.6687540249999
1839,77,267.3514265250003,156.2812049749999
1840,77,170.07111477499996,212.198560675
1841,77,211.30966957499987,184.56260904999993
1842,77,223.0049665500004,200.01559217499988
1843,77,188.14657520000011,243.82380287499996
1844,77,262.2099807000002,292.49013382500004
1845,77,214.49764004999992,258.3522583249998
1846,77,245.99064792500008,207.16866045000006
1847,77,195.77981865000012,167.22369207500003
1848,77,156.82469905000016,195.57369595000006
1849,78,154.76676302500005,179.51836860000003
1850,78,142.20063192500012,148.2264957
1851,78,137.40416560000003,134.528217675
1852,78,182.58396687500016,165.0863271749999
1853,78,204.3252625749999,189.7042376749999
1854,78,174.93377500000025,181.66265512500001
1855,78,244.19165920000012,220.98762364999982
1856,78,251.318872375,235.44477942500004
1857,78,257.94948327500015,274.21087342500005
1858,78,286.0117243499999,314.2951278749998
1859,78,288.99306310000003,271.8609248499999
1860,78,278.74017264999986,270.0243470500001
1861,78,213.76108539999996,307.79931439999973
1862,78,219.3520091250002,294.23587192499986
1863,78,226.12626997500016,276.4126823250001
1864,78,255.75916130000013,230.002173325
1865,78,207.35689352499983,244.37749422499988
1866,78,194.931926925,200.2719196750001
1867,78,215.7907579750002,178.6141924250001
1868,78,280.87773922499997,273.08846067500014
1869,78,254.9078185000003,242.89578872499993
1870,78,215.09985772500033,238.05833477499996
1871,78,160.05739225000008,203.694532375
1872,78,144.96782777500013,151.5717100249999
1873,79,139.26513720000005,154.14125462499993
1874,79,173.5641074250001,114.36677884999997
1875,79,149.14363325000005,126.10836644999995
1876,79,143.88294812500004,137.15785895000005
1877,79,152.48564129999994,180.13368947499998
1878,79,215.8794311499999,191.97277604999996
1879,79,194.73476599999992,194.69293662499987
1880,79,286.6423487499999,210.29563515
1881,79,250.65664507500014,280.7416374249999
1882,79,304.50091622500025,290.46880605000007
1883,79,239.25884910000005,295.3415254749999
1884,79,251.10470920000026,271.42578727499995
1885,79,250.2378699750002,264.0314905249999
1886,79,189.80757492499993,279.94115597500013
1887,79,218.82415342500002,263.1541993249998
1888,79,243.23884049999998,254.58768074999983
1889,79,239.99498985000008,214.82028645000008
1890,79,192.0204612750003,232.80990654999997
1891,79,212.03895184999996,233.71426617500006
1892,79,223.1426744500002,235.387533075
1893,79,246.55966847500005,237.36024755000017
1894,79,226.77457784999996,218.12454085000002
1895,79,203.8797722000002,171.95721244999993
1896,79,178.61046717500017,189.34791895000006
1897,80,152.99540975000002,170.78468725
1898,80,198.61342750000006,133.32013424999997
1899,80,153.86601745000007,144.80796662499995
1900,80,137.75487640000006,171.52888272499996
1901,80,133.44393262500006,159.99090354999998
1902,80,203.36243797500015,168.16513767499998
1903,80,219.76450379999994,202.40446732499998
1904,80,217.4828516500002,274.75948385000004
1905,80,206.32062192500007,239.44598554999993
1906,80,296.6551899750001,312.9181949
1907,80,280.6468572000001,280.42366407500015
1908,80,300.9986073749999,242.7766033249999
1909,80,238.4497911500003,267.9604378749999
1910,80,205.36778994999997,211.45053677499982
1911,80,248.22583757500007,233.076795125
1912,80,237.03557602500013,258.073934525
1913,80,169.96095862500002,193.92570012500005
1914,80,263.2614737500002,243.75133680000005
1915,80,263.16438260000024,257.00079885
1916,80,220.27080372500006,260.318099175
1917,80,270.10125164999994,216.0518143
1918,80,145.48171042500007,269.0495395999998
1919,80,174.49730740000007,198.79111934999995
1920,80,161.15041750000006,148.70095070000005
1921,81,144.01062202500006,121.71487544999994
1922,81,123.66109752500002,161.47308052499997
1923,81,135.28477742500004,116.00707209999996
1924,81,105.18523797500004,146.23753022499992
1925,81,172.35455985000004,125.489366375
1926,81,180.07178645000005,154.11256199999977
1927,81,170.78090972500001,173.2031285000001
1928,81,275.57399697500006,214.56995122499995
1929,81,260.6501363249999,274.6204035
1930,81,240.65096112500024,310.1096986
1931,81,277.82291395,266.51508560000013
1932,81,216.48692310000007,279.60185112499994
1933,81,233.6235777000001,225.08056889999983
1934,81,264.35447545,253.07710037500013
1935,81,286.6565944,288.46067065
1936,81,222.25670447500002,170.23849165000001
1937,81,277.57059789999994,226.12124369999998
1938,81,190.46556495000016,240.57916922500004
1939,81,197.23397294999995,222.16446719999996
1940,81,230.714792575,175.65734049999992
1941,81,230.6833007750002,271.7391802500001
1942,81,219.97807092500014,193.3518876499997
1943,81,197.36566837500004,188.90166472499988
1944,81,182.83769797500008,150.91256057500001
1945,82,154.19924187500015,166.888083875
1946,82,127.99176854999993,150.07697670000005
1947,82,134.55693702500002,123.08661727499992
1948,82,117.95054770000004,157.57678527499996
1949,82,138.85415050000006,131.11317212500006
1950,82,186.27551047499992,169.6931580750001
1951,82,216.67951727500025,195.8810671249999
1952,82,258.22354202500014,235.32504979999982
1953,82,234.09593549999994,280.73238367500005
1954,82,327.7837804500001,295.4106909000001
1955,82,265.09806385000013,306.589755225
1956,82,227.71500607500008,242.4360666
1957,82,192.37118147500013,204.61371957499998
1958,82,242.81329785000008,226.26072500000004
1959,82,233.72494067499994,228.73483602499988
1960,82,234.95919497500014,216.81345237499997
1961,82,254.50238964999997,203.65061805000005
1962,82,248.62926515000007,258.07499304999976
1963,82,224.96104524999993,250.4460198749999
1964,82,188.52101044999995,259.0240720749998
1965,82,239.3680540750003,239.84297232500006
1966,82,219.713611225,224.20282852499992
1967,82,211.88672680000008,173.44233272499997
1968,82,178.583219225,147.33422410000003
1969,83,123.24212847500004,124.753601675
1970,83,122.23318437500006,177.270131725
1971,83,139.89190219999998,110.37244372499994
1972,83,95.74515880000004,113.74635222499994
1973,83,141.15939517500004,151.46888810000002
1974,83,149.4104437750001,200.42109589999998
1975,83,204.18890650000014,149.1198106999999
1976,83,273.61980480000017,194.79269322499997
1977,83,244.41604012500022,207.9925673499999
1978,83,214.82724480000005,263.36492045
1979,83,272.2498060750001,184.19103802500013
1980,83,211.92165462499992,286.59873350000004
1981,83,207.70996497500022,234.15522747499992
1982,83,200.45086232500006,234.72664022500004
1983,83,226.39197722500003,203.33268692500008
1984,83,178.84239794999996,237.82883065
1985,83,235.73485260000012,197.8776038499999
1986,83,220.25859622500025,217.59507460000006
1987,83,177.35760757499997,204.19982714999998
1988,83,266.64044910000007,194.85746259999988
1989,83,248.83793612500017,258.69179347499994
1990,83,215.9189623000005,210.82565989999998
1991,83,140.26251795000002,152.05761439999998
1992,83,125.44620214999995,142.70054085000007
1993,84,160.69956025000005,147.25185810000008
1994,84,161.774139725,128.86631267500007
1995,84,113.70650852500009,128.88400409999994
1996,84,141.81955087500012,126.34905762499996
1997,84,158.63102249999991,166.87106399999993
1998,84,153.81275637500005,161.0484512999999
1999,84,165.19673645000006,151.3595949
2000,84,199.14888897499992,211.59784874999994
2001,84,211.93108212500005,204.25028742499995
2002,84,248.90363177500006,234.43388312500002
2003,84,234.8433762499999,247.396600575
2004,84,215.33830882500018,231.87224742500007
2005,84,199.11306007500022,199.21793065000003
2006,84,181.78909862500012,198.50223410000012
2007,84,210.12284572500005,194.4253030749999
2008,84,239.1623325500001,204.82743837499999
2009,84,239.7679114250002,230.57480695000004
2010,84,223.06566494999998,232.521116775
2011,84,217.8993820250002,263.71639662499996
2012,84,202.3280528250002,228.19112117499986
2013,84,241.03025512500022,201.28415154999982
2014,84,206.64381047500018,194.07960787500002
2015,84,156.52167650000018,150.6376255749999
2016,84,147.37080350000005,136.87425449999992
2017,85,164.3292762750001,131.75386359999993
2018,85,115.04877025000008,145.24132279999992
2019,85,134.68223782499996,121.03824834999996
2020,85,145.76119509999998,130.03119222499998
2021,85,155.51669610000002,122.59014577500002
2022,85,192.92817965000017,142.96490250000005
2023,85,198.29996972499984,244.05663152500003
2024,85,251.835746,229.5025374500001
2025,85,244.7056092000002,317.1178781000001
2026,85,300.0663336250001,231.8858996749999
2027,85,239.98732487500013,275.68498774999983
2028,85,249.96950155000005,228.64921257499992
2029,85,295.99062515000014,275.65818650000006
2030,85,226.2009554500001,182.91876385000003
2031,85,259.5835015750002,300.4950068
2032,85,222.417579025,215.785992925
2033,85,259.51134992500005,252.6434038999999
2034,85,216.3638999000001,228.48157199999997
2035,85,209.8260497,238.3744035499998
2036,85,282.35779880000007,265.19064629999997
2037,85,239.0353777250001,245.41650705000004
2038,85,187.9751470000001,204.13389097499993
2039,85,218.89968882500003,156.48952957499995
2040,85,162.70463035000012,144.82325999999992
2041,86,92.85141492500006,102.4723656
2042,86,105.17537305000016,151.04393124999996
2043,86,166.8805232750002,121.97968352500004
2044,86,149.52768245000007,137.74007127499996
2045,86,163.40462717499997,163.45287165000002
2046,86,227.90419210000024,208.03068342499995
2047,86,231.60692257500025,214.53932974999984
2048,86,258.7982509500002,235.57049225000003
2049,86,285.8076933000002,299.175475075
2050,86,259.8994086500001,270.8034806249998
2051,86,308.476164575,266.11739379999995
2052,86,255.47622287499996,277.94298082499984
2053,86,278.7910656250005,264.36151922500005
2054,86,251.5144893750001,263.21852777499987
2055,86,251.10082800000006,222.2942073749999
2056,86,236.4957020750001,184.86830577500007
2057,86,209.32267565,276.9624213249999
2058,86,281.2041453500001,240.93429577499995
2059,86,179.81976310000022,205.27108077499994
2060,86,210.3204670250002,226.23151262500005
2061,86,231.63225365000045,229.106649775
2062,86,239.88806452500006,179.2800481500001
2063,86,141.31170457500005,198.65357565
2064,86,171.97538807500013,143.006175575
2065,87,134.15975742499995,153.04821719999998
2066,87,175.58120852500008,140.78545072499998
2067,87,149.88142079999997,157.56669105000003
2068,87,149.37538522500012,167.60495944999994
2069,87,163.87338017500005,135.59123417499995
2070,87,170.19342274999997,183.33565492499991
2071,87,226.761970775,203.04542952500003
2072,87,246.99594695000005,222.25078472500005
2073,87,287.8854119750001,356.69036107500006
2074,87,280.2284339500007,344.06160057500017
2075,87,321.5400651250002,268.2619223499999
2076,87,301.0229393500003,216.73873614999997
2077,87,195.84182970000006,264.8766858249999
2078,87,227.8504388999998,283.74502144999974
2079,87,249.15515534999992,226.0200499999998
2080,87,237.97961970000003,272.974518675
2081,87,236.61045220000028,203.32777015000002
2082,87,237.96714425000005,217.97306715000013
2083,87,223.3493507750003,236.95390927499994
2084,87,160.55909462500028,291.1593834749999
2085,87,246.4664363750002,254.16818059999997
2086,87,234.47211112500003,212.50487422499975
2087,87,202.62055845000017,202.51232144999994
2088,87,169.56261262500013,154.8321682
2089,88,174.66374410000006,165.7431848749999
2090,88,153.0911774500001,137.88431077499996
2091,88,144.79218915000013,164.91509055000006
2092,88,146.338114325,125.78293802499998
2093,88,171.99142080000007,159.0048789
2094,88,199.30547932500002,172.72107567500007
2095,88,171.74938397500011,169.98659155000016
2096,88,282.900836775,232.37744287499993
2097,88,259.6522724749999,249.57175049999995
2098,88,257.5240707749999,285.61430804999986
2099,88,296.7726767499999,305.85894347500005
2100,88,279.3765910500001,247.98165664999988
2101,88,221.2714924,327.17850002499983
2102,88,341.5454780250001,260.98759152499986
2103,88,253.40731019999998,219.9119859749999
2104,88,241.66106722500047,287.7284638
2105,88,304.2121070500001,201.16035450000004
2106,88,200.96342657499994,204.063432525
2107,88,235.25918767500022,238.40990197500008
2108,88,188.72537087500024,262.451273575
2109,88,253.20317620000026,266.7853107499998
2110,88,222.04873317500008,231.53085062499997
2111,88,168.6167273750002,186.76967897499992
2112,88,135.601850175,161.69338552499994
2113,89,147.6992596750001,127.06783462500005
2114,89,142.19892152499997,166.18385059999997
2115,89,137.2163645750001,134.30524217499993
2116,89,163.61343349999999,154.88618312499997
2117,89,208.50155805000009,225.74900562499994
2118,89,220.18507402500023,175.53917227500003
2119,89,167.1114808750002,218.10507317500003
2120,89,234.46448567500022,248.11929217499988
2121,89,271.3620040750001,245.44084485
2122,89,276.0226810500002,343.6817705999999
2123,89,309.9339365750003,325.1947937249999
2124,89,289.8132073499999,297.792584475
2125,89,298.2344345250005,233.8755844249999
2126,89,310.34758514999993,245.24024704999982
2127,89,229.1758710499999,222.02502312500002
2128,89,274.7002434750001,230.382684125
2129,89,222.38043642500025,277.6901530749998
2130,89,280.62479972499995,224.62257692499992
2131,89,211.530707325,217.55717264999987
2132,89,245.85834280000023,258.0555549999998
2133,89,247.09111270000014,216.32416347499984
2134,89,177.13473249999998,244.56129324999986
2135,89,192.32571102500003,198.07780077500001
2136,89,167.9365525500002,140.45802842499992
2137,90,170.40176807499998,127.56450794999995
2138,90,139.00050634999997,144.78540802499995
2139,90,147.08228900000012,140.295616
2140,90,137.8772261750001,129.79172012499993
2141,90,127.64475562500007,121.34266352499992
2142,90,205.55116847500005,186.3922856
2143,90,235.694193375,173.15396434999997
2144,90,204.1057812750003,206.23353855
2145,90,223.817740325,258.13649022499993
2146,90,272.1742800000001,234.8015548499999
2147,90,232.9493281999999,352.7460820749998
2148,90,255.27233402499985,207.5478819
2149,90,253.79379982500018,254.62358979999993
2150,90,148.19239019999998,309.43498679999993
2151,90,219.1345806500001,245.2694042749999
2152,90,191.27590287499996,192.85701884999992
2153,90,166.87716772500005,240.84006047499994
2154,90,193.24177585000012,201.703132525
2155,90,183.27561637499997,193.36662375000003
2156,90,146.91441885000006,218.14576584999995
2157,90,223.27745767500005,271.3305788999999
2158,90,128.06530747500005,215.41723754999992
2159,90,188.21275510000015,208.26409205
2160,90,179.4497341500001,188.82201842499995
2161,91,177.10916407499997,167.97643587500005
2162,91,149.7888448250003,134.769875025
2163,91,145.55144652499996,115.83072642500002
2164,91,124.62634357500002,147.92701744999994
2165,91,173.61973482500002,142.71706214999998
2166,91,148.33262102499995,155.39637032499994
2167,91,186.2885316250002,231.159382925
2168,91,255.49523312500025,238.72085424999995
2169,91,233.4457296000004,247.0663502750001
2170,91,246.02608322499987,292.3071883749999
2171,91,267.41370637500006,225.00689519999997
2172,91,243.4073157750001,223.69712732499994
2173,91,235.5345178249999,186.78334622499997
2174,91,182.23030587500006,159.16002682500002
2175,91,219.86810652499992,245.12070089999992
2176,91,168.83129747500016,163.94303330000002
2177,91,133.95177195000002,202.24635019999994
2178,91,151.6135695500001,168.32125655000004
2179,91,239.12788107499998,197.62581254999998
2180,91,262.2267468250003,245.24594182500005
2181,91,270.7939324000001,245.1943421499999
2182,91,225.88049685000016,209.44878857499987
2183,91,180.1305152500001,197.68275199999994
2184,91,167.70540252500007,138.916949425
2185,92,134.24760097499995,133.07353722500005
2186,92,137.14906115000014,118.3404866999999
2187,92,132.97234074999992,135.38494432499994
2188,92,152.4021223249999,167.69941085000005
2189,92,167.67772487500008,197.11937959999995
2190,92,183.6299614500001,234.88211277499988
2191,92,279.87988329999985,203.95159804999992
2192,92,270.24790169999983,261.29968529999996
2193,92,305.9435305249999,276.10385804999993
2194,92,297.2486116000001,274.27153420000013
2195,92,285.10550865000016,283.5123420000001
2196,92,265.6187424750002,271.961406775
2197,92,233.66660667500014,229.80348552499981
2198,92,256.3972267250002,292.9298239750001
2199,92,268.67736950000045,247.4788043499999
2200,92,262.1680790500002,224.56254329999996
2201,92,189.9080216249999,208.49770197499998
2202,92,239.78117610000015,219.16024355000013
2203,92,232.95642725,260.2527889250001
2204,92,296.12257365000073,239.52331229999982
2205,92,224.78273330000022,224.2315832249999
2206,92,231.26974902500018,204.67560227500002
2207,92,173.85852775000004,216.63192070000002
2208,92,153.10341265000022,157.39747317499996
2209,93,140.03402187500018,143.7980777749999
2210,93,130.79151075,139.77514127500004
2211,93,148.65460637500001,135.67131104999993
2212,93,120.36721017499997,167.41362482499994
2213,93,161.3502799,205.3752546249999
2214,93,179.4241597500001,219.04799645000003
2215,93,202.15253232499995,204.02810930000004
2216,93,206.88839145000009,235.8008968000001
2217,93,272.5791520250001,234.11281582500015
2218,93,276.94577545000016,268.2396590000001
2219,93,260.25483070000007,258.9567465250001
2220,93,264.7612339000003,253.8516342749998
2221,93,261.03365380000025,289.62689057499995
2222,93,278.97892275000004,289.782748675
2223,93,194.23567525000016,313.03362665
2224,93,265.1367328250002,262.0832713500001
2225,93,271.23099509999986,263.31820285000003
2226,93,211.27696265000003,275.58000482499983
2227,93,223.68472882500015,251.44883359999983
2228,93,270.5583787000001,240.77859614999988
2229,93,224.25313185000002,237.10309577499982
2230,93,246.2034068750002,208.26292522499983
2231,93,172.16559532500003,176.63303297500005
2232,93,165.72595582500009,200.7920193
2233,94,118.87966439999998,133.01656322499997
2234,94,167.37062482500008,175.5602421250001
2235,94,168.98337675,149.470922925
2236,94,153.60762022500012,139.50692257499992
2237,94,172.04320502500002,162.1537224
2238,94,207.37260387500015,185.56603074999987
2239,94,254.74620762500027,223.54466637499996
2240,94,221.10801042500003,287.954294
2241,94,241.05154237500022,248.57520314999994
2242,94,304.31711967499984,268.0599434249999
2243,94,322.4869730750006,254.90144817499993
2244,94,366.4398412250006,288.40055249999995
2245,94,286.2291527500002,277.2326419500001
2246,94,220.8407052000003,284.38492184999996
2247,94,228.49488535000012,258.8412060749999
2248,94,239.02485172500008,239.52924232499976
2249,94,209.84945242500004,229.44312772499995
2250,94,258.0998400000001,268.5000872499999
2251,94,245.36685007500006,263.64422342499995
2252,94,252.90677274999985,203.91667802499978
2253,94,296.3613381250001,210.41149040000005
2254,94,247.8417611000003,249.667707175
2255,94,208.24277635,179.807602325
2256,94,183.4613327750002,164.19824552499995
2257,95,154.64070244999994,194.10782044999996
2258,95,169.21456320000044,163.97915749999999
2259,95,137.58640435000012,146.17906085000004
2260,95,144.11353627500011,151.93019410000005
2261,95,170.9453653750001,160.97710985
2262,95,153.72359810000017,183.166923225
2263,95,251.0769336500003,201.17741125
2264,95,247.34481665000038,215.27150212499984
2265,95,228.00107635000012,278.2287059749999
2266,95,314.307722925,336.89149312499984
2267,95,346.7626618500001,297.5813240499998
2268,95,266.6048026000002,272.515267475
2269,95,253.1035406250001,298.53475377499973
2270,95,284.56874727500036,210.71938662499977
2271,95,191.95003530000005,268.1583721999999
2272,95,282.7473572250003,264.20441417499995
2273,95,217.44211977500004,201.11388722499993
2274,95,303.52225505000024,270.05230147499987
2275,95,266.3165030750001,221.68067957499989
2276,95,229.4134907249999,221.44898195000007
2277,95,248.22128435000022,273.3052159249998
2278,95,229.32010587500008,237.40305382499992
2279,95,163.65572425000005,205.44521702499998
2280,95,154.83676900000012,195.56388929999991
2281,96,153.6626976,192.86499347499995
2282,96,168.94774262500007,153.240319575
2283,96,145.20875292500006,157.646570925
2284,96,160.71386389999992,156.5453571249999
2285,96,160.92951870000002,218.8572380499998
2286,96,196.45577132500017,213.28483242500002
2287,96,273.49025440000014,308.10803892499996
2288,96,243.59291727499996,249.18363837500002
2289,96,272.6312619999999,309.617495575
2290,96,330.4021976000005,282.01601765000004
2291,96,297.9693299000001,248.3269756999999
2292,96,242.180227075,245.50186467499995
2293,96,279.1011864249999,230.17792654999988
2294,96,240.3901786250001,223.67351627499997
2295,96,222.0445211250002,203.87339119999993
2296,96,208.53910374999998,255.19816652499986
2297,96,245.2893410500002,191.53832734999986
2298,96,238.53187937499996,193.01313762500013
2299,96,238.1028924750002,204.88236584999987
2300,96,249.10628687500002,286.10906847499973
2301,96,286.21764885000016,224.13764554999992
2302,96,188.31015037500015,214.4499873000001
2303,96,214.39050372500003,198.82320172499993
2304,96,138.733285675,164.819098975
2305,97,104.59952995,179.29293052499992
2306,97,150.15477800000008,120.46962005000003
2307,97,154.93815807500013,124.08945852500003
2308,97,154.0717722,139.86862044999992
2309,97,147.75423840000005,190.71831937500002
2310,97,154.48094209999994,151.877703825
2311,97,205.66074877500012,172.11047927499988
2312,97,225.67751995000015,263.6310715749999
2313,97,194.34145185,253.15456142499983
2314,97,258.73174474999996,269.5181894499999
2315,97,246.34588487499997,236.81168152499998
2316,97,245.80653390000006,300.55956910000015
2317,97,212.88619607500007,232.8756835499999
2318,97,201.58153462499993,223.62445472499985
2319,97,193.46805865,180.562735675
2320,97,250.83795597500014,179.57482630000004
2321,97,234.18236427499994,194.22761824999998
2322,97,234.0570645250001,229.98231485000005
2323,97,218.4815536250003,185.4866642
2324,97,225.36024715000025,235.7383652499998
2325,97,203.5912294250002,179.85244557500016
2326,97,215.84988477500013,169.43594887500007
2327,97,161.16015500000003,180.16627892500003
2328,97,141.48275644999998,147.361476275
2329,98,180.0746108500001,172.6927263749999
2330,98,130.59835110000023,137.02132267500002
2331,98,144.51340334999998,130.89252464999996
2332,98,149.01212632500005,146.93043617499995
2333,98,154.18790672500018,137.88479322499998
2334,98,169.86206247500007,158.72849435
2335,98,185.8217930250001,189.40678474999987
2336,98,184.42694320000032,187.51824035000004
2337,98,205.716501575,257.17117592500006
2338,98,210.28884825000003,317.4484449749999
2339,98,251.66346187500045,278.1700218750001
2340,98,260.13199312500024,198.12013207500007
2341,98,235.44109934999997,250.73163382499996
2342,98,272.82322127500015,248.281398725
2343,98,270.6525118250004,236.15179584999996
2344,98,176.533966825,181.93674972499988
2345,98,219.44076112500034,193.93105214999994
2346,98,241.14517047500016,226.77295147499999
2347,98,188.24921855000017,238.35957629999996
2348,98,261.254063775,238.69650670000004
2349,98,183.46533892499997,197.89854119999995
2350,98,186.71121244999995,210.88598399999995
2351,98,137.90956525,169.69788955000004
2352,98,157.95850857500014,174.53715769999997
2353,99,122.84925657500003,165.82848740000003
2354,99,135.6520921500001,145.3546915500001
2355,99,146.4280073750001,116.62412595000009
2356,99,149.59617962500013,167.80627679999992
2357,99,136.90299430000027,165.41981627500002
2358,99,227.6383093250001,169.25803605
2359,99,219.52102702500014,238.111900925
2360,99,239.915166925,231.91712527500005
2361,99,224.89087400000017,281.7914693749998
2362,99,304.3085014000001,259.05569660000003
2363,99,281.2399880500001,282.33902469999975
2364,99,295.5907633000003,282.80100409999994
2365,99,287.34547615,316.01487222499975
2366,99,285.5499750250002,282.71690212500005
2367,99,323.4506387750009,299.4303370999998
2368,99,289.18039899999997,269.4071844
2369,99,265.47478135000046,215.81522359999988
2370,99,230.11032997499984,283.5958019499999
2371,99,217.56909342499998,255.8726845750001
2372,99,186.2754424750002,258.4338141000002
2373,99,216.27532052500024,237.94593625000007
2374,99,224.26513830000013,227.38420787499996
2375,99,179.3928622250001,155.6457039
2376,99,198.49589099999992,159.54599844999996
2377,100,160.62380270000006,168.85509430000002
2378,100,180.70713485,143.49338159999996
2379,100,138.05398750000003,142.52752362500004
2380,100,178.06239315,182.8811333499999
2381,100,170.29755382500016,169.88989159999988
2382,100,177.8276552750002,160.35175305000007
2383,100,272.12441905000014,185.41770550000018
2384,100,247.12052950000037,288.5620261500001
2385,100,231.63925920000014,230.01108744999976
2386,100,243.98421595000013,258.8645334000001
2387,100,235.48354517500013,295.59190139999987
2388,100,278.6944348500001,358.3684621749999
2389,100,339.5926995750002,323.54823362499974
2390,100,311.086819025,247.17326522500008
2391,100,286.0828996500004,239.60294915000003
2392,100,264.6951081499999,266.0404672249998
2393,100,273.229656075,235.21860457499992
2394,100,248.99140519999995,206.36923317499998
2395,100,290.2305947000002,244.91011874999998
2396,100,247.961845025,210.50383745
2397,100,240.05089297500007,225.56129309999994
2398,100,231.68936340000005,176.35652727500022
2399,100,208.2195643750002,184.12666082500004
2400,100,162.86052112500005,151.88134409999986
2401,101,156.64387140000002,160.80359552499996
2402,101,189.3098350250001,127.78134760000006
2403,101,132.42161522499998,186.9342683499999
2404,101,125.68184432500007,142.86690490000004
2405,101,156.06704387500014,142.98528342500003
2406,101,178.06995967499995,178.06436302499998
2407,101,196.36616180000001,256.9738886
2408,101,252.97770747499996,278.42296409999994
2409,101,281.80050285000016,228.36264992499983
2410,101,304.0755660000002,345.67050074999986
2411,101,289.20363987499996,272.5799192000001
2412,101,272.25805112499995,296.0907616999998
2413,101,282.043457425,228.44860322499994
2414,101,267.23108010000027,203.27671424999977
2415,101,231.10022487499998,262.64413279999997
2416,101,298.43588550000004,257.35138059999997
2417,101,231.46523392500023,223.462422
2418,101,256.54231195000017,238.34274657500004
2419,101,223.84971715000012,231.19707622499976
2420,101,229.31434607500023,267.012524
2421,101,257.2150277499998,181.8652520750001
2422,101,185.30022160000044,223.748135875
2423,101,193.44478587499998,185.69305355000006
2424,101,188.04164162500012,189.72634255000003
2425,102,159.6444486000001,161.05658619999997
2426,102,129.00101502500002,139.12288377499988
2427,102,136.59575387500004,148.77884622499994
2428,102,128.08485234999998,141.84673907499996
2429,102,188.97171985000006,153.2651124250001
2430,102,180.45498224999983,169.13337939999988
2431,102,207.38573697499996,174.87139504999996
2432,102,228.3539501249999,235.532352575
2433,102,241.07499510000028,222.0746372249999
2434,102,261.8730790000004,296.93148099999996
2435,102,222.7445814250001,328.6943668250001
2436,102,236.09382982500009,297.89974335
2437,102,276.1371329000001,265.71919482499993
2438,102,243.5069458750001,229.56157805000007
2439,102,241.67070647500032,246.9090244749998
2440,102,153.35249775000014,280.700460775
2441,102,239.96887962500003,201.8923878000001
2442,102,280.759027375,191.84243932500016
2443,102,244.85982175000024,264.06317927500004
2444,102,237.88350570000006,245.15646630000003
2445,102,255.96917887500035,290.3054868999999
2446,102,212.83413152499998,231.63979307499994
2447,102,184.56403217500034,186.87143702499986
2448,102,193.5878917000001,157.88561987499997
2449,103,166.3580144250002,153.6966259
2450,103,173.1479924250001,153.06811262500003
2451,103,157.3723894250001,132.60977429999994
2452,103,168.61312027500014,144.26694654999997
2453,103,196.46536097500007,138.65659477499997
2454,103,170.91224020000007,244.3458948999999
2455,103,209.78778240000014,258.4896054249999
2456,103,263.5884971750001,266.5677803249997
2457,103,242.69049485000016,229.91248687499984
2458,103,322.2801175750001,299.494375375
2459,103,359.69504240000003,246.05408202500013
2460,103,302.9182384500001,223.431236425
2461,103,251.78338735000005,228.48117222500014
2462,103,266.9126387000002,189.7653738
2463,103,221.00354350000035,262.01484957499997
2464,103,214.73176235,219.46733929999982
2465,103,253.90831217500005,211.5787910499999
2466,103,188.94500492500018,211.94851895000005
2467,103,177.76624592500002,268.83523277499995
2468,103,232.01529307500033,258.161588475
2469,103,271.00543730000004,246.31316892499987
2470,103,207.12931340000011,207.91725394999992
2471,103,229.40789145000005,218.010596475
2472,103,181.22334015000018,187.06316062500002
2473,104,153.53115049999997,186.21581349999997
2474,104,196.7218403000001,170.32411030000003
2475,104,166.2148077000001,146.49703384999998
2476,104,156.04860510000017,172.851334775
2477,104,137.97218797499997,159.07896689999995
2478,104,166.0949764250001,191.35195827499996
2479,104,236.55334132500002,191.9620751249999
2480,104,239.2685583999999,176.23283807499996
2481,104,238.91580910000022,236.80808535000006
2482,104,247.83290687500022,280.32546204999994
2483,104,262.9071707749999,258.7641356999998
2484,104,224.7300097250001,239.32616015000002
2485,104,223.05464829999983,256.321376
2486,104,193.54715207500007,226.81701630000015
2487,104,155.30794092500014,230.01837949999998
2488,104,226.4324410500002,202.16460359999996
2489,104,187.98876990000002,181.51350804999998
2490,104,208.6193737000001,211.86125874999993
2491,104,238.21519450000022,210.38293767499988
2492,104,228.38701955000022,199.09347532499984
2493,104,239.13396965000038,242.78947024999997
2494,104,215.56597437500017,170.7310312
2495,104,163.76145582500004,157.79607697499998
2496,104,169.30514927499996,148.36084217499996
2497,105,157.1729418250001,142.42133552499988
2498,105,137.40761254999995,146.7792822
2499,105,142.74094212500003,149.55235242499992
2500,105,126.35434932500019,136.71184367499995
2501,105,132.89654787500007,127.18654084999999
2502,105,172.42223085,166.69775715000003
2503,105,165.57377632500015,161.395512375
2504,105,215.26729585,241.39453447499994
2505,105,233.16601105000012,203.18324639999997
2506,105,273.4582241000003,195.622047125
2507,105,266.26009362500014,217.22851117499982
2508,105,222.3716439249999,247.92592902499993
2509,105,185.18791880000015,200.55778797499983
2510,105,203.0845110750002,192.175220025
2511,105,225.01815097500003,234.9448157500001
2512,105,217.14560332500005,221.22742805
2513,105,170.80938450000008,194.416307275
2514,105,159.83096372500003,175.640772825
2515,105,240.62791657500026,219.94950254999986
2516,105,232.86817135000007,212.17780069999998
2517,105,197.6755197500001,253.16830257499987
2518,105,184.45677647500014,182.09114515
2519,105,165.61607050000035,188.06187037499996
2520,105,121.58426607500007,151.53195322499997
2521,106,147.22100345,138.178804275
2522,106,133.64585742499992,114.56634174999996
2523,106,115.97858690000012,149.10179720000002
2524,106,165.9863007250001,132.4037834
2525,106,120.93432772500009,189.4561934499999
2526,106,181.27574467500006,178.10883317499997
2527,106,245.11020307500013,282.13699822499996
2528,106,229.20774565000016,249.81538567500007
2529,106,276.5295287250001,259.267502325
2530,106,293.0312897250001,266.7036524000001
2531,106,209.36218122500003,232.74409584999984
2532,106,298.04528572500016,239.29338187500005
2533,106,231.28448427500018,234.29831404999996
2534,106,213.29576412500006,287.8192831
2535,106,255.70632480000006,309.23510989999977
2536,106,245.15948099999997,267.1103839249999
2537,106,197.25227442499994,238.79779244999997
2538,106,238.3095693250002,209.90468442499997
2539,106,218.97985450000004,235.61137019999984
2540,106,245.67465895000026,301.16989279999996
2541,106,225.27545085000008,254.77553105000018
2542,106,207.60870432500013,211.3065600499999
2543,106,192.40660254999995,173.0875351499999
2544,106,146.76297752500014,170.32298204999998
2545,107,164.771354225,145.95245219999993
2546,107,155.25711900000005,130.742779325
2547,107,150.08814002500014,114.05501009999992
2548,107,129.8264175500001,149.95807684999994
2549,107,161.35682812500002,154.00950134999988
2550,107,196.25696542499992,169.05009229999996
2551,107,238.8501516999999,205.37393920000005
2552,107,293.680045575,214.97784107499996
2553,107,219.50775744999981,240.74182802500002
2554,107,237.63509077500015,215.57357397499996
2555,107,266.8454731500003,261.6436925249999
2556,107,259.04179350000004,214.9245757
2557,107,253.99636057499998,295.33593644999996
2558,107,308.49979982499997,287.7206744000001
2559,107,315.9218805250006,247.65168162500004
2560,107,279.77250467499994,280.4985883999999
2561,107,282.12307265000015,301.87474669999983
2562,107,302.4722250250001,288.1519777000001
2563,107,228.25233927500005,253.68548860000016
2564,107,327.8303040750002,196.46404410000002
2565,107,259.13802462499996,245.86225722500012
2566,107,201.02766750000012,218.10429477499991
2567,107,223.36429470000024,193.06156084999992
2568,107,181.8354124000003,203.2870661749999
2569,108,179.45492557500012,151.7202861749999
2570,108,158.22462375000015,189.55268237499993
2571,108,177.91397752500006,174.05580274999994
2572,108,122.64260689999995,139.53515680000004
2573,108,178.90134325000014,187.15695377499992
2574,108,204.34473025000005,202.50550574999994
2575,108,227.831591025,222.91405132500003
2576,108,260.74267329999986,270.6380321249999
2577,108,282.40091347500015,261.77251617499996
2578,108,297.1343180750001,320.1488588250001
2579,108,268.7945491749999,292.25270387499984
2580,108,310.89775245000004,250.51811377500002
2581,108,260.1028424250002,296.06915082499995
2582,108,352.7925417250001,255.17007627499981
2583,108,261.77557690000015,278.9663715999999
2584,108,240.35804682500043,282.19966262499986
2585,108,254.19313232500016,245.13514979999997
2586,108,295.5634409250001,281.95807927499993
2587,108,265.0773694750002,285.30497497499994
2588,108,276.2812855,285.3598084499998
2589,108,224.8514194249999,231.01332117499987
2590,108,215.03146755000037,188.5534346250001
2591,108,185.18398492500006,179.56346305000002
2592,108,157.75254757500005,147.65946259999996
2593,109,172.13247360000003,140.7627007000001
2594,109,130.80945777500006,144.26941507500004
2595,109,141.8751328749999,153.32113155000002
2596,109,151.79066480000012,144.95925992500003
2597,109,169.77432257499999,150.68216514999995
2598,109,162.11094557500007,143.82322555000002
2599,109,185.547821925,283.55369552499985
2600,109,214.39852997499997,235.689602375
2601,109,237.9899500999999,269.14732922500014
2602,109,300.3029018750001,301.24786622500005
2603,109,279.4427482250002,225.18020782499985
2604,109,236.73772865000007,261.93470399999984
2605,109,283.87526707500024,333.84119009999984
2606,109,341.5183646500003,305.08634352499996
2607,109,244.54910207499998,301.77942864999994
2608,109,249.11760555000018,270.94405185000005
2609,109,285.3668406999999,319.4686770500001
2610,109,261.65230632500004,258.75241954999996
2611,109,275.8341697750003,259.7418399499999
2612,109,262.0813339750001,276.29846840000016
2613,109,209.23026237500014,256.34595559999997
2614,109,257.79671690000015,206.98515472499986
2615,109,218.46305150000018,223.79301597499986
2616,109,176.10037167500002,173.42213904999997
2617,110,169.5680893750001,140.251311875
2618,110,194.45688977500012,178.118648075
2619,110,129.72723230000014,157.07906382499993
2620,110,164.71508897499996,123.75716294999998
2621,110,196.54535017500012,193.91959102500005
2622,110,167.15801072499994,159.53328949999997
2623,110,190.64001525000037,208.29479384999996
2624,110,266.0852108999999,281.93803927500005
2625,110,286.4662343,238.18490607500001
2626,110,304.4578514750002,269.3031132249998
2627,110,325.85925882500004,293.3462117749999
2628,110,397.0363274750001,342.34319187499995
2629,110,281.3631621500002,293.383186775
2630,110,278.11286572500023,262.95956234999994
2631,110,309.24621327499995,258.38134042499985
2632,110,379.4160323750005,280.7309677499999
2633,110,279.7408748250001,292.462668475
2634,110,283.0507233999999,277.3862452499998
2635,110,296.96499137500007,249.99081814999994
2636,110,252.0444782500001,227.30673925000005
2637,110,242.5456631500001,306.9005575749999
2638,110,251.55499660000027,251.61090142499995
2639,110,182.24702562500016,178.7955308
2640,110,260.9577015750001,182.30338752500006
2641,111,145.86289765000004,159.99473642499993
2642,111,128.27742137500005,168.63889184999996
2643,111,187.09166827500025,125.68403507499991
2644,111,179.37668147500017,136.21026734999995
2645,111,167.0027774250002,168.57318800000007
2646,111,202.5968829750001,179.29708694999994
2647,111,223.71766055000015,206.46783595
2648,111,213.8207540000001,204.65041405000017
2649,111,258.5630079999999,268.643582425
2650,111,294.53931127500005,282.75844147500004
2651,111,301.3417427500003,318.457909825
2652,111,336.0977527250002,240.24387074999999
2653,111,287.01042670000004,261.04655732500004
2654,111,305.41464925000014,259.1943879
2655,111,250.02832172499998,254.85347779999992
2656,111,325.9233040500004,292.08060785
2657,111,305.84439914999996,288.397438425
2658,111,316.90811432500027,262.31175399999995
2659,111,231.42151437499993,240.56010685
2660,111,233.35321572499987,293.27424840000015
2661,111,226.33979954999995,227.633753925
2662,111,232.7141223250001,199.60343494999995
2663,111,205.6198940500002,183.855345025
2664,111,194.57176017500012,174.25080104999995
2665,112,156.778488025,137.67205984999998
2666,112,165.0142550000001,150.1749443
2667,112,121.93430620000001,169.19705172499994
2668,112,174.98600580000013,180.22518487499997
2669,112,142.47146127500014,139.15974715000002
2670,112,177.19213370000014,143.48959760000002
2671,112,205.82807179999998,181.40655994999992
2672,112,189.219787875,214.4076861749999
2673,112,288.0612058750003,157.4141983250001
2674,112,296.2944452250001,299.35141562499996
2675,112,241.66458514999997,297.12088029999995
2676,112,239.95315070000007,261.80250522499995
2677,112,263.12709505000015,298.8276985499999
2678,112,294.1956160000002,249.26881797499993
2679,112,257.01934810000023,291.6441830499999
2680,112,253.80972457500008,309.6184311249999
2681,112,230.85807160000005,247.69370812499997
2682,112,313.91659907500025,280.4058503499998
2683,112,246.63302015000008,240.00748460000005
2684,112,298.2028761250001,267.98032654999975
2685,112,266.5281236000003,272.38022655
2686,112,306.1982068000002,237.52312717499993
2687,112,247.8303194000003,271.914441175
2688,112,228.73639547500034,251.25581169999987
2689,113,126.61311285000012,138.52276212499999
2690,113,170.26131757500013,173.14195515
2691,113,137.646442275,188.02646342499997
2692,113,157.33452940000012,162.58737474999992
2693,113,173.3126417750001,147.13347554999996
2694,113,225.5085096750002,214.117663075
2695,113,199.33059682500004,198.8380041249999
2696,113,248.0215519749999,308.4359743249996
2697,113,239.93577565000027,254.88955102499992
2698,113,254.30260699999997,294.3685235249999
2699,113,240.69300662500012,322.96317637499976
2700,113,356.5080488750002,287.28441102500005
2701,113,268.5668703500002,295.656895675
2702,113,264.24674189999996,282.73914732499986
2703,113,368.7524099750002,314.813025475
2704,113,252.45908217499988,241.07281432500005
2705,113,280.1064502750001,316.0691016749998
2706,113,297.1940548750002,281.16288215000003
2707,113,220.97314897500024,244.81634144999998
2708,113,255.37427387500034,243.50911167499993
2709,113,210.85475072500006,316.8539568749999
2710,113,256.4213057250001,239.93887632500002
2711,113,246.69511122500006,183.98952017499994
2712,113,208.45635217500018,149.47088627499994
2713,114,138.33891105000015,179.48349695000002
2714,114,164.0677253250002,157.039999175
2715,114,146.6324363750001,137.61770779999986
2716,114,156.6097334500002,156.57077929999988
2717,114,164.85319072500005,162.82600547500007
2718,114,243.50899410000028,194.7955409999999
2719,114,264.87221055,232.97819459999994
2720,114,212.12057730000015,184.1867066249998
2721,114,283.0040962500001,326.907473525
2722,114,238.38584347500023,333.66970715
2723,114,259.94238372499996,265.00829017499996
2724,114,300.96005665,281.2827635999996
2725,114,267.76113970000006,312.728423325
2726,114,230.4879343499999,381.127465775
2727,114,264.7930727750001,300.1036744749999
2728,114,225.7779427000002,269.8685707249999
2729,114,202.12231462499992,266.17935175
2730,114,265.61620385000003,231.16077247499982
2731,114,345.5680685000001,231.58603862499996
2732,114,231.16089695000005,256.225119375
2733,114,301.14476322500013,229.83808497499996
2734,114,224.52376457500014,186.09384532499982
2735,114,180.0909699500001,195.0880554750001
2736,114,180.212580075,125.61554979999993
2737,115,148.3707451250001,155.13847427500002
2738,115,156.50668910000007,163.42610860000002
2739,115,118.82685917500001,162.4861651249999
2740,115,154.16858845000007,159.507107625
2741,115,156.90704237499995,167.97242522500005
2742,115,154.7571341750002,204.68584852499995
2743,115,188.4706879500002,235.15036644999992
2744,115,223.38268664999993,286.5863364250001
2745,115,222.87201505000024,329.0637307749998
2746,115,289.89998830000025,294.2531736499999
2747,115,307.9034782499999,308.6599084999998
2748,115,269.97381012499994,335.34678077499996
2749,115,281.9071969250003,246.39043937499991
2750,115,368.0138391750001,290.90298205
2751,115,289.6750276749999,228.99513552499982
2752,115,248.36278354999996,273.67666512499983
2753,115,205.42913922500014,312.11768725000013
2754,115,217.9277987750001,315.8818102749998
2755,115,238.04448417500015,280.6573707249998
2756,115,304.1986935750001,260.52631367500004
2757,115,222.83922045000014,267.5242912499998
2758,115,230.92588702500026,209.75872857499985
2759,115,191.01536377500003,215.589551625
2760,115,172.40707450000002,199.73777359999997
2761,116,160.89678605000017,134.90773390000007
2762,116,121.9417741500001,162.39220509999998
2763,116,137.09465885000003,139.53888645000006
2764,116,129.7167322499999,154.19921847499998
2765,116,169.34486820000006,155.8542797
2766,116,209.70228044999982,207.50681007499998
2767,116,223.2804479250002,186.29375589999987
2768,116,268.41608485,257.05764675
2769,116,264.0894987250001,240.62550819999996
2770,116,301.9075517250004,285.50962927500007
2771,116,332.57739257500054,332.66906255000004
2772,116,318.2759859500003,329.524485825
2773,116,260.0786312749999,245.93970192499995
2774,116,248.70430892500025,310.9226618499999
2775,116,217.84791109999986,208.61186722500003
2776,116,248.6999551250004,258.6687877999999
2777,116,315.26105897500037,278.02148224999996
2778,116,193.05000917499984,193.68281607500006
2779,116,240.54384910000016,221.24903674999973
2780,116,290.0858816750001,251.1868415749998
2781,116,260.51908192500014,245.80791517499995
2782,116,246.0065156500001,180.60626645000013
2783,116,196.05459044999992,204.739744375
2784,116,148.64411870000006,199.03212349999995
2785,117,212.23316002500007,204.30915599999992
2786,117,157.09757930000004,182.03662279999992
2787,117,176.5467564000001,145.26411299999998
2788,117,175.30542797500001,195.87376424999997
2789,117,181.737161925,181.74299424999992
2790,117,204.51777937499992,175.682382775
2791,117,206.2997269250002,209.36782729999976
2792,117,282.32264117500046,187.45761307499978
2793,117,249.2287523500001,228.29411247500013
2794,117,370.02990947500024,339.2594648249999
2795,117,363.3710986750001,240.0644453500002
2796,117,226.68103130000003,282.1598563
2797,117,244.49979350000012,271.036124025
2798,117,320.6005708000008,212.0860322250001
2799,117,256.73272992500006,292.93751777499995
2800,117,241.18330040000012,296.1239171499999
2801,117,253.3078089000001,223.6160659749999
2802,117,191.31735807500007,318.2938383249999
2803,117,215.42654672499998,279.98621757500007
2804,117,219.75877207500008,265.2611653
2805,117,248.765584,197.113859975
2806,117,264.43540397500004,210.05580597500014
2807,117,208.15215480000015,220.8528642249999
2808,117,175.0650197749999,194.77997457499993
2809,118,169.5054441500002,179.131469025
2810,118,176.25203570000008,162.35443339999992
2811,118,129.57082707500012,122.27821434999998
2812,118,152.35075712500003,142.96550442499992
2813,118,169.49618042500003,190.58715660000007
2814,118,130.93032355000005,217.64312002499992
2815,118,192.35891030000013,159.23809345
2816,118,257.7766372250001,235.55802637499994
2817,118,234.2432505999999,228.25435267499984
2818,118,265.08708615000046,303.090927525
2819,118,374.93873260000055,265.1355882749998
2820,118,249.421302575,243.67148439999997
2821,118,262.88601232500037,245.9272767499998
2822,118,258.35088682500003,288.9101745749998
2823,118,274.11141007500026,236.8044471
2824,118,314.91584652500023,257.25385472499994
2825,118,250.17757067500025,241.0731829749998
2826,118,207.58357165,230.67375620000013
2827,118,212.75677535000037,264.06761762499997
2828,118,268.04966042500064,267.004947125
2829,118,200.02250235000014,224.60917432499986
2830,118,168.86715665000006,209.32560239999998
2831,118,188.846685125,172.2868712
2832,118,140.75086452500003,157.7352161
2833,119,183.5024631000001,170.610130975
2834,119,146.27923657500003,174.03740392500004
2835,119,124.04210702500008,128.463066525
2836,119,170.91092922500002,161.59496047499994
2837,119,162.1974143500002,140.86469697499987
2838,119,143.68553962500005,187.6385467249999
2839,119,156.30400484999996,187.93838400000007
2840,119,210.13715902500013,187.24726159999992
2841,119,241.43654374999997,262.91510545
2842,119,279.19144420000015,243.6184372750002
2843,119,263.2581053999999,345.1712668749999
2844,119,296.07304375000035,315.40961502500005
2845,119,311.37982475,209.95931649999994
2846,119,259.146975775,229.52999922499987
2847,119,294.6799720250002,304.6121034
2848,119,272.09260565000005,275.7306115749999
2849,119,220.66266872499995,288.30655709999996
2850,119,229.09646885000018,227.12669394999986
2851,119,260.14287765000006,239.04863372500006
2852,119,263.2599580250003,199.5522844750001
2853,119,237.90479102500018,218.259779275
2854,119,231.39277392500009,211.05359517500003
2855,119,219.65141967500003,217.26813949999996
2856,119,190.46364347500014,169.15038552500002
2857,120,139.48471000000004,140.18417262499997
2858,120,159.84623312500003,132.8959858
2859,120,140.23293595000027,186.1307292749999
2860,120,155.09120544999996,140.07102647499994
2861,120,138.41036357500013,141.1990475
2862,120,193.10228675000013,162.53792862499992
2863,120,285.2309052499999,215.9657274749999
2864,120,281.15182585000036,219.02284407500002
2865,120,246.4487474999999,241.05206687499998
2866,120,319.4692275750004,264.23235327499987
2867,120,244.300976225,253.2471002999999
2868,120,287.4452730750003,311.4977199499998
2869,120,345.6471614250004,320.43314614999997
2870,120,335.2988713750002,304.420077975
2871,120,256.8564505250001,366.3057868999997
2872,120,294.27857017500014,293.14297344999994
2873,120,341.47904592500015,278.88980255000007
2874,120,318.22799332500006,243.43765417499992
2875,120,310.98664217500027,253.69973024999996
2876,120,263.36642180000007,254.51750342500003
2877,120,266.2602511250002,271.27242590000003
2878,120,214.27063800000008,222.15089229999992
2879,120,164.70426484999996,219.47978290000003
2880,120,179.8694656,187.962268275
2881,121,194.81286392500039,162.71464525000002
2882,121,184.32278120000018,171.06365617499995
2883,121,219.9464646000002,178.41278680000005
2884,121,215.45508432500043,178.11276749999985
2885,121,199.3637693750001,182.39572432499992
2886,121,218.27841400000028,173.57764304999995
2887,121,219.06936037500003,287.8066456749999
2888,121,217.69543047500036,222.27620599999977
2889,121,239.42242114999996,258.4775214749999
2890,121,253.88462060000006,257.4460376249999
2891,121,298.17516842500004,287.81101002500003
2892,121,301.4249107500002,220.39912192500003
2893,121,330.03391895,250.40576087500006
2894,121,273.5793133750003,375.18198857499976
2895,121,299.94868285000007,318.17130182499994
2896,121,233.92464132500004,230.48577337499995
2897,121,275.1605529000001,217.1188176249999
2898,121,275.56543639999995,263.1042415999998
2899,121,252.07046467500015,279.88471139999984
2900,121,227.90018172500052,225.36520127499995
2901,121,220.96728655000007,210.23409927499995
2902,121,224.55157542499995,239.35540527499995
2903,121,221.45464337500007,186.09365387499986
2904,121,161.56186215000008,187.44953137499996
2905,122,179.84695577500008,157.66831312499994
2906,122,157.30372190000028,145.98555594999993
2907,122,142.227778375,200.83998474999999
2908,122,144.8428895250001,208.663283025
2909,122,140.52224902499995,164.223737475
2910,122,185.03896075,177.47005850000005
2911,122,257.9891526750003,258.1395699750001
2912,122,265.66720052500006,257.91211102500006
2913,122,260.00085130000025,301.59043344999986
2914,122,342.16355472500027,312.61723555000003
2915,122,247.990688375,322.86994257500004
2916,122,257.9610392250004,383.00084857499996
2917,122,256.3282628250001,244.46481449999987
2918,122,304.935217025,288.2730751749998
2919,122,303.2971896249999,240.89015929999994
2920,122,254.66088705000033,274.42477842499966
2921,122,295.78852055000016,305.61357514999975
2922,122,257.3584986000001,252.637862375
2923,122,254.62362245000003,278.7469381999998
2924,122,213.02870582500003,249.71931919999992
2925,122,258.747894175,234.28021572500012
2926,122,247.64543924999998,253.12238354999988
2927,122,220.6994813000002,196.91733099999996
2928,122,161.07192915000013,169.30416799999995
2929,123,174.65740927500002,183.56543087499995
2930,123,161.07254862500008,137.08616445
2931,123,169.60801697500006,122.82710544999995
2932,123,133.64723887499994,160.29828247499995
2933,123,182.0260172,178.101843225
2934,123,208.74673545000013,206.76483657499998
2935,123,242.99559930000004,202.7199888499999
2936,123,222.36472617499993,255.1030451999999
2937,123,307.03437837499996,295.91630937499997
2938,123,317.8190042750003,314.4468255249998
2939,123,306.26727345000006,355.36783845
2940,123,293.4094048499999,263.86325362499997
2941,123,300.4391394999999,262.583436925
2942,123,275.9897363500002,239.38582285000004
2943,123,266.8660771000002,317.4261498749999
2944,123,253.46495677499996,278.34539880000017
2945,123,241.42459169999992,251.37493299999988
2946,123,275.9894452000002,267.1784023999999
2947,123,221.01743284999992,311.6699787749998
2948,123,247.47753222500035,235.39716284999992
2949,123,263.56708375000005,218.10051509999994
2950,123,196.17121277500001,231.5972764
2951,123,192.79868740000023,225.81946084999996
2952,123,197.15549472500012,192.67685737499997
2953,124,147.17778505000004,166.50974555000002
2954,124,157.88775035,154.42482610000002
2955,124,137.720989075,188.86339317499989
2956,124,173.41374872500003,142.94792439999998
2957,124,149.4461288,198.23189720000002
2958,124,229.196493725,182.31608665
2959,124,234.42836102500013,219.69637525
2960,124,262.64175012500004,293.04687290000004
2961,124,274.9061806500002,342.1327365
2962,124,277.2349280000003,268.16535872500015
2963,124,291.17175195000016,284.33629992500005
2964,124,233.41281529999998,275.65641999999997
2965,124,246.47336065000036,313.0193427999999
2966,124,272.23281985000017,232.7594533249999
2967,124,223.02501037500014,238.2241858749999
2968,124,215.17572672500017,254.8657411749998
2969,124,221.69460922500014,267.6281490749999
2970,124,319.044684225,214.93784019999987
2971,124,259.16775235,278.07719869999994
2972,124,281.76501202500015,190.53406679999998
2973,124,207.80222760000007,254.86562072499993
2974,124,200.57925407500016,282.9264631750001
2975,124,215.53887987499988,241.76726865000006
2976,124,197.5912644750001,210.93638290000004
2977,125,174.89147925000012,173.07626742499994
2978,125,179.27734320000013,144.69302167499995
2979,125,168.29134535000026,158.01238204999999
2980,125,144.88780010000013,209.77115174999994
2981,125,175.33081872500009,148.69292799999997
2982,125,179.11086185000005,188.09936184999998
2983,125,208.0220436250001,213.18620199999998
2984,125,166.26409800000005,220.126269225
2985,125,267.4890772,228.7892715000001
2986,125,327.9532288250002,265.7553535249999
2987,125,302.29890530000023,340.89115262499985
2988,125,240.94009885000014,288.586929525
2989,125,220.85673265000014,235.19956402500011
2990,125,296.09376092499997,208.56455434999998
2991,125,290.76288630000016,207.036114725
2992,125,250.63196367499995,244.91367027500016
2993,125,239.87663842500007,221.22687077499992
2994,125,194.244512575,239.33717519999982
2995,125,307.3113899750002,219.35779819999988
2996,125,268.4987446000002,260.60803775000005
2997,125,255.21133375000022,211.4244910499998
2998,125,263.10891572500014,230.90074007500004
2999,125,248.18273080000017,206.81193207500004
3000,125,154.544663025,189.51555325000004
3001,126,191.6172756500001,140.11214719999998
3002,126,139.56142022500018,161.83313362500007
3003,126,141.11052652500013,116.77535799999995
3004,126,161.54207462500008,178.51889159999996
3005,126,190.10822752500013,122.88451164999994
3006,126,184.70236560000026,148.20708147499994
3007,126,212.732163325,197.67640729999988
3008,126,200.71601100000004,201.90396057500004
3009,126,247.20836847499993,211.96842932499987
3010,126,286.15485867500007,321.6298785499999
3011,126,270.9750481750003,262.162654475
3012,126,289.455930375,259.7790115249999
3013,126,291.6401587250001,220.72856424999992
3014,126,264.33645075000027,245.20605814999982
3015,126,236.2334323000003,257.8663706499998
3016,126,252.38661980000023,304.1673021749999
3017,126,222.23873522500003,273.81979987500006
3018,126,233.79448065000003,298.88135579999977
3019,126,178.16318637500018,215.15040089999997
3020,126,229.02943754999998,270.9770412999999
3021,126,229.11253197500014,188.34286657499996
3022,126,226.14805222500001,235.77597732499999
3023,126,211.40306650000002,199.94336852499993
3024,126,157.04089650000003,192.563374175
3025,127,164.2141601250001,166.17519237499994
3026,127,143.38242177500007,151.25093134999997
3027,127,130.31957502500003,142.16441187499987
3028,127,171.2051850499999,120.39825042499992
3029,127,196.13544545000002,160.5568035749999
3030,127,191.04435950000016,176.86702182500005
3031,127,218.1005263250004,209.0083815250001
3032,127,244.96662407500008,276.00024399999995
3033,127,263.1572881000001,273.08439684999996
3034,127,268.79509865000017,297.73676109999985
3035,127,330.8020474250003,275.50105804999987
3036,127,399.6433444750003,278.66527667499986
3037,127,312.1855653000001,324.3280264999999
3038,127,303.398195225,298.6553237249998
3039,127,290.64306175000024,331.54834365
3040,127,320.0079866000001,396.38017757500006
3041,127,285.19145052500005,272.5985054499999
3042,127,314.88182547500014,316.32470795000006
3043,127,283.385350875,286.1564529750001
3044,127,334.4310064500001,248.83615150000003
3045,127,277.757321025,272.4608078999999
3046,127,221.47613252500005,223.50315697500005
3047,127,155.97884442500026,246.9109843249999
3048,127,170.1596009,176.00706037500004
3049,128,157.8992415750001,138.97521422499995
3050,128,174.314018825,153.9310725499999
3051,128,140.15725035,172.42947145
3052,128,168.58934632500012,166.234406625
3053,128,158.8128768250001,167.9607598
3054,128,259.6483612,222.77292145000007
3055,128,242.4161184500001,236.94207829999988
3056,128,203.18633814999998,247.77171704999984
3057,128,297.96981955,263.9090644499999
3058,128,241.6052346250005,338.229021625
3059,128,279.93127585000013,331.75034359999995
3060,128,300.02247585,325.85730122499984
3061,128,265.8949664750002,353.30949139999984
3062,128,330.7981466750003,267.19828842499993
3063,128,287.8844865750001,285.3676912499999
3064,128,309.29581372500024,316.4324882499998
3065,128,334.41609022500006,360.2768013499999
3066,128,295.5199114000001,332.2572592999999
3067,128,288.78814837500005,245.48140684999981
3068,128,218.63397262500015,298.21455399999996
3069,128,302.7814865250002,300.9620187500001
3070,128,240.14431667500028,210.6977853250001
3071,128,216.63662845000022,220.42281914999998
3072,128,188.69159262500006,164.20477817499997
3073,129,183.32831370000017,168.76714059999992
3074,129,157.35869165000003,176.30381372499994
3075,129,156.44369540000002,162.2321962499999
3076,129,190.13178855000024,166.91262455000003
3077,129,194.58196465000015,200.30960329999988
3078,129,178.594856225,155.70920560000002
3079,129,190.50935890000005,197.31194844999987
3080,129,316.80807304999996,237.52899500000007
3081,129,272.75730377500014,356.3416951250001
3082,129,323.8202699500001,248.45167027500008
3083,129,389.63517570000016,356.2091438499998
3084,129,337.4444508250001,315.66902889999994
3085,129,328.00488329999996,336.55954115
3086,129,347.17713960000003,351.4890217249999
3087,129,346.0553743500004,311.8589573249998
3088,129,386.01484927500013,318.99945924999986
3089,129,393.26442500000024,340.7842149499998
3090,129,346.24070200000006,345.64032204999984
3091,129,295.24266200000005,320.9621172
3092,129,259.1707636000001,265.68925702499996
3093,129,306.83910587500003,294.2756232500001
3094,129,259.2065210000001,282.35815702499974
3095,129,221.23620665000007,208.91301324999995
3096,129,209.87171917500007,174.85918222499987
3097,130,181.4578038250001,211.1410363
3098,130,164.940239475,163.00186452500003
3099,130,152.16287600000004,201.71632595
3100,130,186.19207605000025,179.00109934999995
3101,130,147.33139175000005,158.26680239999996
3102,130,214.19460127499997,239.63672897499995
3103,130,207.39125595000007,261.01088675000005
3104,130,260.6780960500005,236.35076899999996
3105,130,354.7720805000003,265.1702013000001
3106,130,273.68692655,290.3480886749999
3107,130,326.9502510750002,356.05425594999997
3108,130,323.81539255000007,352.25082162499996
3109,130,256.0289217999999,318.668495875
3110,130,299.2759711250002,351.3124144749999
3111,130,316.7464577250003,296.76675439999985
3112,130,315.6164049250001,264.35264819999986
3113,130,253.0884220499999,420.42461977499994
3114,130,303.20516415000026,275.9596629500001
3115,130,276.75160939999984,239.14297139999996
3116,130,219.27509590000005,269.97802442499983
3117,130,262.78455527500023,353.88098167499993
3118,130,247.89984835,249.37601632499985
3119,130,197.20519852500004,197.99333642500005
3120,130,191.74930055000033,232.94385832499995
3121,131,151.8629045250001,199.10651262499994
3122,131,176.95011505000002,169.43961912499992
3123,131,162.60671567500015,145.09080597499994
3124,131,188.2314863750002,168.15286125
3125,131,160.72353645000007,129.83868667499996
3126,131,203.36724472499998,185.50434527499993
3127,131,216.7762503250001,221.76684397499997
3128,131,256.78900885000013,266.76014317499994
3129,131,264.05902475000005,272.66449085
3130,131,279.40923437499987,235.52004837499996
3131,131,347.3561821250002,359.95107777499993
3132,131,261.14109942500033,403.72298157500006
3133,131,326.5593605250002,262.64953247499994
3134,131,273.14850234999994,297.9261119249998
3135,131,287.88841130000003,278.7197373499999
3136,131,283.8495557750002,291.33401804999977
3137,131,276.5976796,330.76771272499997
3138,131,319.06964225000013,349.90808125
3139,131,272.4638611750001,253.39701179999992
3140,131,316.2966259000001,227.39454445000013
3141,131,235.27740210000027,243.4076009999998
3142,131,270.93961864999983,214.36386912499984
3143,131,261.10391009999995,179.88652497499982
3144,131,210.4049947750001,140.26683847500007
3145,132,167.40545690000022,146.13974160000006
3146,132,164.8031100500001,184.4173011999999
3147,132,187.10707442500004,163.99692289999993
3148,132,140.684661075,161.26405590000002
3149,132,170.02867290000006,170.07557280000003
3150,132,196.06628985000032,165.21220827500005
3151,132,275.0751087500001,212.78380757500003
3152,132,249.77059002499993,194.05102322500005
3153,132,254.52995252500045,227.33357597500003
3154,132,314.2523228750001,260.7214589000001
3155,132,362.8668503250002,415.2776509749999
3156,132,280.62082147500024,289.15080585
3157,132,225.88471317499992,286.0080996499999
3158,132,286.63167692500025,296.89455417500017
3159,132,318.42918085000025,280.01432379999994
3160,132,235.33249244999996,291.58766777499983
3161,132,321.27074047500014,291.1571956250001
3162,132,275.74507117499996,196.54928834999998
3163,132,309.8865189750004,248.11954572499997
3164,132,303.9599288000002,233.4875321
3165,132,231.87517657500024,305.9005518749999
3166,132,200.02447252500008,319.08624445
3167,132,185.05607722500008,183.6826201
3168,132,168.61005034999988,160.42216337500005
3169,133,177.91161877500008,207.25419850000003
3170,133,179.64566545000002,154.46627025
3171,133,164.17470567500015,141.65133897499996
3172,133,158.1831798750001,164.7181219499999
3173,133,157.825648775,151.69672382500005
3174,133,138.37878994999997,220.27252522499995
3175,133,166.1178945500002,224.22140657499995
3176,133,264.8141678750002,240.22095895000007
3177,133,278.79121862499994,220.62462549999998
3178,133,252.68103632499998,241.0801662
3179,133,315.0752459,282.6257627999999
3180,133,258.4744827500001,340.3605107249997
3181,133,276.53353747500023,281.173074775
3182,133,242.87992357500008,295.68269304999995
3183,133,230.23020242500002,218.17806832499983
3184,133,229.96478027499998,230.97544570000005
3185,133,261.383241375,271.67220045
3186,133,240.42800054999998,263.62928922499975
3187,133,271.7121569500001,335.7890202000001
3188,133,324.28669997500026,232.7564133
3189,133,287.90572172500015,297.3220583249999
3190,133,227.55194997500018,296.5713084999999
3191,133,223.81751740000018,193.75447719999988
3192,133,211.11245360000026,176.06714284999998
3193,134,142.27833152500006,141.8498901749999
3194,134,153.2011074500001,177.1623206
3195,134,153.0762795,168.61313765000006
3196,134,187.9718845750001,136.65086929999995
3197,134,186.33650395000004,151.738834075
3198,134,215.20214147500002,177.3187234249998
3199,134,213.3969564750002,235.2081335750002
3200,134,198.49074555000027,304.12812347500005
3201,134,303.9397653250002,361.6080480999996
3202,134,252.293769175,356.38400817499996
3203,134,357.3912469750003,283.63705589999995
3204,134,296.1720833250004,321.8780374749998
3205,134,289.84441230000033,279.163834025
3206,134,301.1665221000001,325.39122902500003
3207,134,294.599482975,358.5283272999999
3208,134,315.7950330499999,301.7653858499999
3209,134,374.0235187000004,355.480441125
3210,134,235.33231990000002,278.53960609999996
3211,134,305.4753526500001,316.69196332499985
3212,134,265.82021920000017,352.3983608499999
3213,134,306.13241772499987,326.0940236500001
3214,134,245.05726885000004,276.4033542
3215,134,201.37357965000012,226.72893887500004
3216,134,195.77454602500006,248.358728875
3217,135,164.2595248500001,158.3711503
3218,135,154.66645355,147.6004249
3219,135,184.08212182500029,137.90160550000002
3220,135,141.38951624999999,156.73559317499993
3221,135,201.19290802500012,235.9927820749999
3222,135,211.30144192499995,218.23304837499987
3223,135,188.66959677499995,237.40691159999983
3224,135,288.9376861499999,323.1027432999999
3225,135,279.4605414500002,238.26355807500008
3226,135,291.5664849000002,339.17470894999974
3227,135,211.3667795250002,292.88569144999997
3228,135,273.70100412500005,267.22462534999994
3229,135,313.8191862499999,311.88109610000004
3230,135,343.3234777,394.7780549
3231,135,434.86013405000017,338.84987264999995
3232,135,333.0085731500002,327.60354179999985
3233,135,234.91985132500025,352.3851081249998
3234,135,272.8684323250003,295.70467447499976
3235,135,317.19540515000006,229.97146010000003
3236,135,240.3643126,312.11186922499985
3237,135,239.63368135000002,285.7307284999998
3238,135,246.77845299999996,270.81566357500003
3239,135,234.98624585000024,201.80667440000008
3240,135,192.45135825000042,166.936638475
3241,136,214.44392444999994,146.04448917500002
3242,136,253.85824547500007,154.12469369999997
3243,136,156.30216997500003,129.288954875
3244,136,198.2403651000002,163.09056442499994
3245,136,204.02446550000002,213.4314043999999
3246,136,220.53866690000018,177.29553392499992
3247,136,280.63452665000034,218.31839994999996
3248,136,221.5501723999999,245.49123897500004
3249,136,268.05848910000014,275.2995548250001
3250,136,280.5465194750001,308.89505914999995
3251,136,331.9532478,383.84184297499985
3252,136,375.56826927500015,323.9654338000001
3253,136,349.4693616250004,348.86641855
3254,136,350.21044710000007,311.78785114999994
3255,136,332.49811680000016,385.14832424999986
3256,136,271.49662100000023,352.04646472499974
3257,136,399.21462790000066,348.21276182500014
3258,136,280.3593589500001,285.6688066249999
3259,136,361.96654600000005,374.0788639000002
3260,136,260.31270525000014,285.87007274999985
3261,136,341.0068029250002,311.95607275
3262,136,259.81038642499993,312.41563232499993
3263,136,260.8538821000001,195.57124377500006
3264,136,202.7836902250005,195.57728909999997
3265,137,189.75138767500016,176.30072197499987
3266,137,159.71325834999993,203.179376425
3267,137,153.77758364999994,188.80365797499996
3268,137,130.84159272500005,178.40706137499996
3269,137,206.1655140000002,209.28388992500004
3270,137,197.6616459250002,200.02866534999998
3271,137,225.58058890000024,263.7735841499999
3272,137,288.34742785000014,219.77189835000007
3273,137,242.01404420000017,244.10982447500004
3274,137,270.4596404750001,291.11042687500014
3275,137,319.49931125000023,342.2762174750002
3276,137,395.9741872000001,278.5310961249998
3277,137,366.6709691000001,279.25273819999984
3278,137,405.18465245000027,333.49769074999983
3279,137,284.85188020000004,356.56770607500005
3280,137,345.36115240000004,402.9074152999999
3281,137,343.38545880000004,362.9188416499999
3282,137,307.0247641,330.4609662249999
3283,137,244.17544142500043,276.14542585000004
3284,137,272.7104082999999,226.63507207500004
3285,137,282.35965239999996,312.9014885249997
3286,137,175.86254009999993,218.61488174999994
3287,137,181.378130225,272.14743444999976
3288,137,216.67609200000015,222.90623662500002
3289,138,160.53681895000005,168.93293015
3290,138,143.27690465000012,205.89818504999997
3291,138,202.72477497500006,150.61411602499993
3292,138,183.46559010000027,141.6652027
3293,138,183.63918319999993,212.69154335000007
3294,138,169.43104907500012,192.63670864999997
3295,138,214.67206552500014,178.318853425
3296,138,272.99421215,275.97735754999997
3297,138,270.38145292499985,315.66817567499993
3298,138,333.6253884500002,298.99206367499994
3299,138,343.1244859000003,311.35275755
3300,138,294.102761375,231.52319442499982
3301,138,312.78683672500017,316.2173965749999
3302,138,309.8197669500002,302.32493580000005
3303,138,269.8895940250001,247.7449441999999
3304,138,218.39225029999997,222.4458130249999
3305,138,333.43417335000015,301.8250567250001
3306,138,309.1088009000003,251.36104417500007
3307,138,240.89929615000005,223.44296629999994
3308,138,212.68028767499987,269.713775425
3309,138,282.89449125000004,222.278753
3310,138,201.01180467500018,258.023606975
3311,138,177.4422177500001,201.14582602499993
3312,138,165.14525832500004,203.30183549999998
3313,139,191.94319627499996,203.43641485
3314,139,198.09618142500005,168.62133860000006
3315,139,145.76399250000017,170.15117189999992
3316,139,135.94381629999998,179.98734584999994
3317,139,145.52766500000013,187.66868057499994
3318,139,200.02962780000007,184.7078177499998
3319,139,179.54371640000014,212.44604187500002
3320,139,191.01274104999993,250.31096280000003
3321,139,282.21233245,266.969859475
3322,139,262.41388332500014,342.15305597500003
3323,139,349.2392719250001,301.4676761249999
3324,139,265.8852219750001,383.20634447500004
3325,139,308.12471782499995,257.7946697750001
3326,139,330.2425071250003,277.0087640749997
3327,139,320.27498875000003,322.14568722499985
3328,139,262.049240325,284.083167225
3329,139,274.3874857500001,285.0272200249999
3330,139,220.09641677500025,273.9822832249999
3331,139,255.17493090000002,223.82128354999978
3332,139,326.18004657500023,290.31202245000003
3333,139,326.52984890000045,318.37389674999974
3334,139,234.9253285250002,272.486003675
3335,139,194.59152672499994,244.20001215000002
3336,139,196.36123767499998,201.62504347499993
3337,140,178.64939980000003,162.39065254999997
3338,140,162.02244247500005,163.7197792
3339,140,184.35506695000015,191.00034157499994
3340,140,170.50303715,199.52042522499994
3341,140,167.64575250000019,200.96510814999996
3342,140,169.9762787000002,188.79928577499996
3343,140,184.518774475,169.36395182500002
3344,140,209.93627747500005,195.56293027499993
3345,140,280.1169719750003,166.54445927500007
3346,140,315.48761965000006,280.96003964999994
3347,140,323.0421429250001,284.67662
3348,140,275.4556694500001,291.2562156749998
3349,140,271.38526062500006,273.38597774999994
3350,140,266.11527917500007,328.21583704999966
3351,140,264.81494075,436.1648404000001
3352,140,241.62722062500012,310.5861574500001
3353,140,296.8813073750001,334.982673
3354,140,347.9765560500001,342.6456530500001
3355,140,246.3464949750002,286.2863486499999
3356,140,295.784970725,277.35814842499997
3357,140,259.7019749,264.76528214999985
3358,140,247.8953995999999,310.44751034999996
3359,140,175.99108540000003,241.77195747500002
3360,140,157.1184324500001,194.90203114999997
3361,141,190.17882305000012,156.44150422499996
3362,141,179.39853534999997,134.39720907499995
3363,141,147.93080340000012,155.876221525
3364,141,166.41273317500014,169.85984547499993
3365,141,178.35450835,191.44162727499986
3366,141,174.78283465000015,200.35603212499996
3367,141,225.017068525,290.81881797500006
3368,141,200.9979972500002,299.8471593499997
3369,141,220.96446262500018,306.09793562499993
3370,141,320.6411675500002,284.28963844999987
3371,141,326.92809592500015,339.19265707500006
3372,141,263.82943302500007,403.5004804249998
3373,141,312.4617713500004,387.1888153249997
3374,141,401.11864065000054,441.1556038749997
3375,141,366.75007242499987,460.5293086500001
3376,141,439.3190934249998,433.273478625
3377,141,389.74582772500025,340.8076166249999
3378,141,233.0529579500002,393.5227441999998
3379,141,301.2786741,314.3397658499998
3380,141,237.59177032500017,293.8712355499998
3381,141,292.31571039999994,264.94487297499984
3382,141,266.9730690500001,283.863325925
3383,141,267.8330414750001,234.59887860000003
3384,141,214.10971829999994,231.11978369999997
3385,142,159.01719332500005,161.31600870000003
3386,142,157.3689074250001,133.24549575000006
3387,142,178.17793280000015,162.0770662
3388,142,155.58221720000014,173.81393464999994
3389,142,195.500821825,176.73682339999993
3390,142,221.02281657500015,151.6609115
3391,142,235.8414883000001,191.9815969
3392,142,294.9648284000002,254.93242934999998
3393,142,327.95350357500007,337.0859490499996
3394,142,312.89584147500034,270.0668807999999
3395,142,352.5670857000001,249.29245829999996
3396,142,324.92273055,313.3552418249999
3397,142,301.07513867500006,320.6347698249998
3398,142,296.64405210000047,371.3764700499998
3399,142,326.0902861500002,263.12957515000005
3400,142,294.05728797500007,391.63310734999993
3401,142,364.43894492500004,319.0804804249998
3402,142,315.22533157500015,306.02980389999993
3403,142,253.69717497500037,329.075661625
3404,142,325.5246515250002,317.2964273499998
3405,142,319.61169357500023,358.7420985499997
3406,142,303.12690617500016,309.27566687499984
3407,142,205.45098324999995,261.00170099999985
3408,142,164.4839070500002,225.1457501749999
3409,143,221.35968452499998,266.01094475
3410,143,157.81439115000006,192.10732652500002
3411,143,152.211982175,173.07763552499995
3412,143,154.6684521500002,167.6780539249999
3413,143,181.9351688250003,194.5633783749999
3414,143,238.8056891999999,173.38476597499988
3415,143,217.72640579999987,238.7648316250001
3416,143,236.4441163000002,277.58661597500003
3417,143,320.8164356250005,323.6076014749999
3418,143,242.90073815000014,283.59774730000015
3419,143,449.96637230000033,388.97175712500007
3420,143,376.8090675750002,311.3917529249998
3421,143,262.6883610999999,290.96573297500015
3422,143,251.43276724999993,273.61813187500013
3423,143,327.4797069500004,295.1838992249999
3424,143,327.7817792500002,263.64106692499985
3425,143,341.7132542999999,260.9570386749999
3426,143,312.20951955000015,289.9035442250001
3427,143,300.2343270750002,289.022905325
3428,143,220.97227615000008,224.89469705000002
3429,143,233.63192490000012,239.31851587499995
3430,143,252.2799607500001,253.00510347500008
3431,143,150.75008365000022,249.49659825
3432,143,196.60919884999998,208.31278495000004
3433,144,179.89570487500018,207.77041455000005
3434,144,187.07623382499997,156.18300739999998
3435,144,179.40185929999996,157.690666625
3436,144,152.54053090000008,152.60167535000005
3437,144,200.6692313750001,160.14643849999987
3438,144,190.93542432500007,175.99159742499998
3439,144,238.29804715000017,213.8275406499999
3440,144,215.04716760000008,243.63609984999988
3441,144,280.3396657000001,271.9610244749999
3442,144,280.8990229000002,343.0537106999999
3443,144,303.24349877500015,389.6082168750001
3444,144,341.7522873500002,296.519278725
3445,144,344.3740498750002,438.5692385999997
3446,144,355.1544056250001,255.43702709999985
3447,144,303.9777269000001,347.49792094999987
3448,144,235.41237952500023,272.85398777499984
3449,144,321.7386696499999,284.3698878
3450,144,302.3246666750004,309.77055837499995
3451,144,311.125194425,275.5051701499999
3452,144,232.53381052500023,300.2794382499999
3453,144,304.5323162500004,332.8424474749999
3454,144,228.37941015000018,281.48483195000006
3455,144,190.9299316250003,235.73477702500006
3456,144,193.9077297250002,180.85702099999997
3457,145,152.00820147500002,188.80321864999996
3458,145,192.64282812500005,179.00146812499986
3459,145,175.59692130000013,183.247067775
3460,145,184.5378924750003,155.72051472499996
3461,145,192.15617314999986,159.19060132499996
3462,145,193.24857795,175.95121892500003
3463,145,270.6412879750002,258.0347109250001
3464,145,263.7828593250003,226.22662599999984
3465,145,332.9143454250001,295.3133135999999
3466,145,303.83894155,333.15264972499995
3467,145,316.93534179999995,348.75699857499995
3468,145,329.9788490500001,336.32797864999986
3469,145,283.2011736750002,240.41655774999995
3470,145,281.00784104999997,318.6479218749997
3471,145,302.8080062500002,293.44741357499987
3472,145,210.61718017500004,350.60019802500017
3473,145,247.99874007500011,286.820255475
3474,145,247.155437875,264.3181643749999
3475,145,242.23002647500016,229.7677354
3476,145,220.90059435000026,195.16871747499982
3477,145,178.49910935,274.5199780249998
3478,145,187.79103535000013,210.27179917500018
3479,145,199.25392507500013,209.6601076749999
3480,145,153.1873829000001,189.90410327499998
3481,146,168.41707765000007,164.20177897500002
3482,146,152.28893385000006,210.456642625
3483,146,148.45068712500012,149.17301679999997
3484,146,129.15463815000015,169.62661229999995
3485,146,152.3010762,158.29910522499995
3486,146,180.01372592499993,192.0270840249999
3487,146,233.48944267500008,205.17730362500004
3488,146,246.77198867500024,257.5420277749999
3489,146,247.01098909999996,274.6996813499998
3490,146,229.80145810000022,290.0444735750001
3491,146,225.46968777500007,331.1696547
3492,146,236.8583977000003,361.647923375
3493,146,241.54425255000012,219.02274735000003
3494,146,206.08115182500015,238.9025671499998
3495,146,215.31927355,201.72572095000007
3496,146,218.38681662500005,232.48944019999993
3497,146,299.68435027499993,251.52834725000002
3498,146,228.91072512500003,195.922587675
3499,146,231.95783137500007,218.33900222500006
3500,146,295.3458520500002,197.80765585000006
3501,146,213.239826475,227.9332198499999
3502,146,208.77443547500025,235.390584225
3503,146,180.83992127500002,170.5183662
3504,146,200.02916292500024,162.2476776499999
3505,147,182.21322840000005,168.96680299999997
3506,147,140.17352952500002,164.04583682499992
3507,147,157.2046085,125.66978974999998
3508,147,188.52988007500016,145.392890975
3509,147,168.462146825,136.76540385000004
3510,147,164.15571297500003,189.18154107499993
3511,147,191.23214595000002,186.444639
3512,147,218.5320318000003,221.3469249
3513,147,212.10038652500012,257.44775049999987
3514,147,205.31024254999997,264.019603025
3515,147,285.4861083750002,243.1271481000001
3516,147,226.0147387,252.6964003
3517,147,189.7584902750001,230.54222340000007
3518,147,241.57301897499985,276.3115065249998
3519,147,231.39453340000017,261.46086407500013
3520,147,246.5022629000004,246.48022442499985
3521,147,203.7708249500003,259.69904135000013
3522,147,219.7367869000002,219.60022325000006
3523,147,231.97307115000004,209.75358469999998
3524,147,291.1246182750002,184.8514591749999
3525,147,286.47347062500006,242.69794509999983
3526,147,228.46791935000005,233.01714797499992
3527,147,185.75556852500017,171.4682744000001
3528,147,228.894998325,192.022161875
3529,148,163.26083370000012,136.11134872499983
3530,148,153.599484875,145.39904457500006
3531,148,148.00995695000012,152.8638148749999
3532,148,155.37496610000005,213.65840592499993
3533,148,197.84692012500005,190.47121727500007
3534,148,180.46691139999984,190.51790269999992
3535,148,159.49045040000001,192.89560689999988
3536,148,282.48830665000014,240.9934443749999
3537,148,220.00053604999994,218.50966154999998
3538,148,236.81720537500024,248.44968797500013
3539,148,252.02532345,246.81747095
3540,148,305.47675862500006,289.733917725
3541,148,295.8563061000001,281.02701740000003
3542,148,265.45647510000026,286.51402315000007
3543,148,310.20568555,299.96225357500003
3544,148,241.84064005000016,264.15685974999985
3545,148,261.3600004750001,284.4441552249999
3546,148,239.37200209999997,280.68141337500003
3547,148,259.10196727500016,270.79854452499995
3548,148,306.6021691000001,253.6783198999999
3549,148,203.00435952499993,224.16494475000007
3550,148,259.1113851250003,259.548596925
3551,148,201.4675067250002,219.38273857499996
3552,148,155.19478960000004,173.2040495999999
3553,149,174.00551637500004,150.614281075
3554,149,140.763701725,150.71831200000003
3555,149,151.47871255000007,140.35761572499996
3556,149,173.11275895000014,160.48714332500006
3557,149,175.37687602500006,188.85669927499987
3558,149,162.97959280000015,177.544215425
3559,149,269.07729465000017,232.366887925
3560,149,226.68629040000008,233.59500099999985
3561,149,352.5846952750003,249.5192669249999
3562,149,351.68309432499996,269.0081438
3563,149,335.7379997250001,261.30577687500005
3564,149,293.4826864000001,336.09757504999993
3565,149,348.232183925,332.4112702499998
3566,149,338.15418742500003,326.655727225
3567,149,398.1667674000003,325.092120325
3568,149,322.89046162500006,302.1904469249999
3569,149,288.73155692500006,272.2409829499999
3570,149,359.9766750000002,285.69222449999984
3571,149,412.5946773500002,235.53855872499997
3572,149,298.51482390000024,257.05568199999993
3573,149,302.7724635250002,289.50277709999995
3574,149,260.4945292000001,254.93865910000005
3575,149,216.1370604000003,249.60272114999984
3576,149,219.5508274250002,182.60201460000008
3577,150,173.18525075000014,193.13753142499993
3578,150,198.26966817500005,204.82643762499993
3579,150,144.0801846,166.0746048499999
3580,150,162.56213042499996,187.94891747499992
3581,150,186.32784832500005,221.2088546499999
3582,150,144.18449815000002,222.39208954999987
3583,150,211.1649021750003,186.5267099
3584,150,220.56019772500002,259.80032359999984
3585,150,289.0518272250002,381.368482375
3586,150,343.7700591999999,232.2931955749999
3587,150,285.9022347250002,333.3415082
3588,150,408.60058032500024,256.60831999999994
3589,150,349.8577151999999,360.3898487
3590,150,363.3128711250004,258.1912003749999
3591,150,412.02901035000014,275.9438449499999
3592,150,284.7328821250002,345.82889250000005
3593,150,271.2808646250004,295.2302344749999
3594,150,267.20069479999995,308.68670165000003
3595,150,346.49981585,271.85349405
3596,150,296.521124775,278.54941397499994
3597,150,277.8280651250002,250.33976722500006
3598,150,291.65460007499985,205.08892154999984
3599,150,271.5138081500002,221.735867
3600,150,233.37861997499994,168.26923684999997
3601,151,174.9731472750001,173.73774315000003
3602,151,216.10630539999988,164.48773590000002
3603,151,171.5954706000001,195.54043714999995
3604,151,169.24469207500007,183.42229415000003
3605,151,165.92498090000004,194.5878440749999
3606,151,219.17349445000002,190.85634642499994
3607,151,212.83991140000018,282.86049149999997
3608,151,203.551244875,298.96175069999987
3609,151,241.90977792500018,346.67062544999993
3610,151,251.95063242500004,342.4467082999997
3611,151,326.1354230750002,283.13179909999997
3612,151,287.17847232500014,340.414700425
3613,151,361.9246523500005,355.66532187499996
3614,151,300.7600641250002,396.87699465
3615,151,317.95598560000013,325.2900518250001
3616,151,396.1590626000002,335.7057742499999
3617,151,463.6978413750001,341.63528829999984
3618,151,297.0147006500001,410.56652297499977
3619,151,312.29668287500004,367.34777417500004
3620,151,347.0989131,290.1900528249999
3621,151,431.9170880000002,342.5526225499997
3622,151,300.5089816250001,271.62155332500004
3623,151,228.169656975,256.60054032499994
3624,151,204.77559452500014,256.8504705499998
3625,152,218.7054735500003,214.41865437499996
3626,152,154.7482630250003,249.07221969999995
3627,152,178.3971442000002,205.574340125
3628,152,128.73035685,184.89590369999996
3629,152,192.19815060000013,164.57400409999997
3630,152,208.95443705000014,255.63898277499993
3631,152,240.5934266,260.82231120000006
3632,152,311.5264885750002,271.01994015
3633,152,367.7565240000001,325.55528549999985
3634,152,327.0073107000004,357.7459038249999
3635,152,377.1516842249999,319.7384515000001
3636,152,307.7727091999999,356.98866922500014
3637,152,310.0232056,286.04242699999975
3638,152,327.6693535000003,383.9144842500001
3639,152,347.0661069750006,439.7087953749998
3640,152,336.5512398000002,481.9799886999998
3641,152,325.2981563250004,435.4154556999998
3642,152,443.80760000000055,338.9814360749998
3643,152,253.9328764749999,300.5285357999999
3644,152,260.9058078250001,316.97640067500004
3645,152,270.76636599999995,305.99799014999985
3646,152,339.05911872499996,222.35061195000003
3647,152,245.40644487499995,229.79629679999982
3648,152,204.9929028749999,228.04400912499986
3649,153,205.06293652500028,252.2002897249999
3650,153,182.5966507000005,180.089157
3651,153,164.9869085000002,196.78759169999995
3652,153,210.65161225000037,177.65164162499994
3653,153,231.39293995000006,202.33670020000002
3654,153,250.23089547500038,208.82423524999984
3655,153,198.89822390000006,230.895616425
3656,153,237.31802919999998,227.3761438749998
3657,153,262.14487532500004,276.7040733
3658,153,280.09875580000005,323.60433780000005
3659,153,368.29385555000005,344.07263109999997
3660,153,300.8253239249999,321.535579775
3661,153,213.1149132999999,266.109757675
3662,153,300.7637627750003,332.94653459999984
3663,153,280.9518916500002,320.61324359999986
3664,153,332.8632730000002,311.97258209999995
3665,153,261.62551744999996,260.6073245999998
3666,153,359.47579980000074,249.3406123749998
3667,153,329.62958070000013,232.12319652499997
3668,153,298.2760067750005,277.39837750000015
3669,153,271.6017410750002,224.22320665
3670,153,293.72188907500026,241.89873947499987
3671,153,199.78791707500025,270.02114220000004
3672,153,251.03769135000013,239.92682382500016
3673,154,181.70808277499992,172.07979114999978
3674,154,189.88897329999995,239.469851625
3675,154,244.088220725,235.891213925
3676,154,221.34949137500013,173.26327297500004
3677,154,216.43121910000002,150.75002097499998
3678,154,160.31648982500025,170.63326787499992
3679,154,181.07028517500004,182.23496450000005
3680,154,273.49252192500035,255.44675432499986
3681,154,245.22953190000004,255.37793152499984
3682,154,256.205492475,289.88169875
3683,154,352.6418332250001,235.00403442500004
3684,154,294.6124188000002,289.4413079249999
3685,154,391.336123625,234.2997773
3686,154,261.48335942500006,291.613535075
3687,154,267.1932738499999,251.30754209999992
3688,154,273.8493088,221.1567854
3689,154,269.84243315000003,220.61524307499997
3690,154,319.86898214999985,272.22922880000004
3691,154,262.4583549,265.06138122499976
3692,154,286.79460862500036,292.43369782499997
3693,154,277.8685539250004,185.34043914999995
3694,154,241.41780195000024,184.4100802749996
3695,154,222.15318050000027,173.84546197500012
3696,154,182.704399825,158.1162877499999
3697,155,203.7647146250003,112.67738547499987
3698,155,165.7150590999999,169.36967859999987
3699,155,147.77508697500002,163.62012570000007
3700,155,171.387570325,163.88630289999992
3701,155,183.08553620000015,200.95879335
3702,155,147.28072145,178.70778389999992
3703,155,175.411673425,216.38780995000002
3704,155,292.22969707500005,253.96873099999982
3705,155,235.5297434250002,285.08146220000003
3706,155,348.29695202500034,288.18278515000003
3707,155,249.864853275,393.6322587
3708,155,367.28628667500027,371.83200444999994
3709,155,223.4100518500003,379.757214375
3710,155,270.06902570000017,281.83955002499977
3711,155,293.5980052,336.47253152500014
3712,155,233.8569980750001,309.5224234749999
3713,155,280.3569734000001,268.21972674999995
3714,155,321.8734955250004,287.62762932500004
3715,155,272.8404440250001,220.62216417500017
3716,155,289.4718044250001,318.4762433
3717,155,273.7058228750001,278.8816892500001
3718,155,280.73050140000015,216.37044690000005
3719,155,261.4589714250003,209.02104852500008
3720,155,165.0799834250002,180.48738267500005
3721,156,153.68940092499997,202.32968069999998
3722,156,178.76375887500004,145.38378667500004
3723,156,171.0507071750002,195.86455054999993
3724,156,182.31577255,201.92614102499994
3725,156,171.64278807500017,183.0555472749998
3726,156,162.76026875000017,214.21204514999988
3727,156,234.42979382500005,249.29681902500005
3728,156,272.01776369999993,265.60739769999975
3729,156,256.86234332500027,294.95615302500005
3730,156,250.54012937499994,420.51435112499996
3731,156,230.293670125,290.1638968499999
3732,156,298.26705807500014,289.22249157499994
3733,156,271.54834560000023,355.0000575999999
3734,156,343.2224679500001,287.937678375
3735,156,228.727594075,244.34763350000003
3736,156,232.84143350000014,284.1160659750001
3737,156,297.5372544750006,305.95055312499994
3738,156,261.81448959999994,302.30360664999995
3739,156,281.4200981250004,247.2910948249999
3740,156,239.62575837499986,279.27332885
3741,156,269.6138855250001,268.9560838
3742,156,230.81955520000017,222.9423452999999
3743,156,197.9912575250002,183.84138280000005
3744,156,191.84283480000016,181.7472484249999
3745,157,159.10605317499983,165.42758562500006
3746,157,176.2187605000001,172.0822274749999
3747,157,194.0364400250001,164.9573202249999
3748,157,163.93004260000026,172.65451054999983
3749,157,217.81916214999987,174.21771090000001
3750,157,169.3591409249999,207.02131292499985
3751,157,206.28276952500022,227.8616989249999
3752,157,256.8103086250002,211.70922832500008
3753,157,262.9393828249999,289.27473962499994
3754,157,303.02951152499986,279.7145013999999
3755,157,260.86830062500024,362.10320464999995
3756,157,295.89156015000015,340.5234988999998
3757,157,357.7241066500002,337.3367931749996
3758,157,296.0288988000002,319.3194905500001
3759,157,404.58004277500027,278.4564087
3760,157,284.4181510500002,348.53472669999985
3761,157,312.366186575,291.8375685749999
3762,157,241.76368775000032,246.38594349999988
3763,157,312.5304011500001,302.08434312499975
3764,157,302.55608797500025,245.50842467500001
3765,157,255.27016987500002,334.1107669749997
3766,157,201.76881227500007,262.3425908250001
3767,157,250.76535230000025,221.73611159999996
3768,157,222.9598013250002,169.81472832499998
3769,158,200.4796085500002,189.19769767499997
3770,158,164.9197870750001,165.70573944999995
3771,158,182.79453932500002,179.70384432499995
3772,158,152.8761762500003,177.99184164999994
3773,158,180.77321615000005,228.047279375
3774,158,172.934408175,180.87125100000003
3775,158,192.56553377500012,196.30851647499998
3776,158,277.3817885500001,285.7406393249999
3777,158,255.83728225,320.7489364999998
3778,158,292.66030597500014,360.9508281999999
3779,158,292.83508605000014,337.5302126
3780,158,293.9591186250001,335.6664197500001
3781,158,417.3865286500004,309.77323217499986
3782,158,326.0410366500006,317.1611201500001
3783,158,309.5794513249999,269.8567481
3784,158,277.24228170000004,281.197404
3785,158,322.3157989750001,285.313530075
3786,158,294.8094885250003,261.6174843749998
3787,158,298.5355473750001,308.2674396499998
3788,158,280.4903303000002,290.3641880749998
3789,158,289.8818280000001,305.49559429999994
3790,158,215.98767665000003,291.21658369999994
3791,158,195.0719125249999,276.6811343
3792,158,205.30622399999987,203.62332940000007
3793,159,212.00330472500002,204.71093304999994
3794,159,165.96753732500008,213.21532850000003
3795,159,174.21978207500018,194.31529569999987
3796,159,200.63382260000003,180.77508549999993
3797,159,142.45647512499997,178.0864891
3798,159,220.8963487000002,242.4693182749999
3799,159,238.56023210000012,261.03285842499986
3800,159,264.7287021750002,219.88708779999996
3801,159,284.1808726000002,244.22327729999986
3802,159,350.131033775,308.965080825
3803,159,275.37165037500023,341.98164004999984
3804,159,338.42804602500024,363.89967402499985
3805,159,310.60591939999995,311.62756055
3806,159,309.16128805000005,306.2610452749998
3807,159,276.2697604750001,345.53555670000014
3808,159,281.58029972500003,381.1520840999999
3809,159,249.8550712000002,302.75601792500004
3810,159,257.2153568000001,294.31294552499986
3811,159,295.4854352750002,350.6233390499999
3812,159,351.81497254999994,256.96883389999994
3813,159,295.3010340750001,300.5302947749998
3814,159,256.43343462499996,232.45569554999986
3815,159,186.23990722500008,229.9277835499999
3816,159,179.39946835,172.29261434999995
3817,160,199.82307397500017,199.22129442500005
3818,160,165.52150080000018,177.85577104999996
3819,160,194.1447250750001,165.2883455249999
3820,160,165.3884977750001,163.48184877499995
3821,160,175.66718780000002,159.69959224999997
3822,160,181.66129405,197.80663444999996
3823,160,187.43785537500003,276.3120157499999
3824,160,297.62366035,234.81046402499993
3825,160,233.820529675,306.74819257499996
3826,160,265.711163325,228.75326632499997
3827,160,330.50489825,284.6548247500001
3828,160,263.5619347750001,290.37266702499994
3829,160,310.4141031750004,228.30956195000005
3830,160,265.63764322500026,268.5009499500001
3831,160,266.2301821500001,292.7104228
3832,160,307.2631574500002,310.3491854999999
3833,160,253.28534772500046,346.92272712500005
3834,160,253.4890949,239.44312522499982
3835,160,275.6713594749999,241.98005132499998
3836,160,216.84075540000003,307.401845925
3837,160,305.4443442000001,227.14302329999995
3838,160,259.2284307750001,217.64151587499987
3839,160,243.32561157500035,198.47364354999988
3840,160,193.09102817499996,189.65099587499992
3841,161,155.61053175000004,241.1755490249999
3842,161,191.8579367750001,188.60564432499996
3843,161,167.78620762499992,244.69960425
3844,161,198.01593964999998,195.8869472999999
3845,161,173.78549895000003,224.48202737499992
3846,161,197.3616413750002,195.71699324999997
3847,161,175.59162460000005,155.02633212499995
3848,161,222.57662067500004,255.20354052499988
3849,161,186.45319682500008,284.31023414999987
3850,161,201.39096949999998,223.14239479999998
3851,161,347.41360465000065,318.34356327499967
3852,161,260.9754204499999,277.86721697499996
3853,161,314.3712487250002,255.71134909999998
3854,161,298.1711102750003,263.98213175000006
3855,161,221.19194302500028,300.66726500000004
3856,161,265.72171982500015,272.8986382
3857,161,314.67295245000025,280.02715159999997
3858,161,315.00740452500014,278.93744230000004
3859,161,306.8990824500003,246.60943237499998
3860,161,256.5885356250002,262.9114745
3861,161,283.35248627500005,262.09969587499984
3862,161,299.84627124999986,275.93867977499997
3863,161,209.56045212500007,185.55181489999995
3864,161,178.52233122500016,161.0581012
3865,162,191.17310862500028,231.85958694999988
3866,162,185.26195525000009,163.76676717499998
3867,162,179.23961735,158.88671495
3868,162,180.054986875,181.16141232500001
3869,162,208.4784126750001,191.90355909999988
3870,162,232.86016407500017,189.49138437499988
3871,162,251.72757400000023,240.51293104999985
3872,162,259.0606823750001,294.4293569999999
3873,162,307.3728650250001,328.1185140750001
3874,162,276.02981840000007,333.46444219999995
3875,162,302.60813140000005,361.9738476499998
3876,162,336.38039564999997,315.38528547500005
3877,162,323.86513730000013,342.235757425
3878,162,343.31939835000026,392.29527172499985
3879,162,444.3121467500001,356.91960297500003
3880,162,330.78362752500016,372.775121475
3881,162,326.00095840000006,394.66317854999977
3882,162,311.22931745000017,401.8815872250001
3883,162,323.7162079750002,311.82522114999995
3884,162,357.56496035000026,321.8019631499998
3885,162,379.0504124750005,271.921977825
3886,162,274.19803430000013,283.5183743999998
3887,162,267.07012657499996,190.92709705000016
3888,162,263.60115090000056,219.0221732999998
3889,163,240.48846442500002,213.15103945000004
3890,163,196.79155637499997,158.263051775
3891,163,196.84329827500005,167.23519250000004
3892,163,183.39472975000012,213.91858885000005
3893,163,207.66423735000006,206.74157467499995
3894,163,227.22329644999996,234.47005717499988
3895,163,259.91552507500023,175.72780717500012
3896,163,234.89155975000008,267.9777313249999
3897,163,273.2282743000002,306.55423812499987
3898,163,290.1869132000003,342.1815630249999
3899,163,306.4987616000001,265.11128505
3900,163,338.9662943000004,296.2472274999998
3901,163,399.11889169999984,245.1921211749999
3902,163,323.2318573250004,353.5263822000001
3903,163,405.0272270500003,333.09308064999993
3904,163,373.0081259000002,383.74920744999986
3905,163,437.12411772499985,308.97770594999986
3906,163,392.4955567,298.22986852500003
3907,163,312.79566662499997,327.41991852499996
3908,163,264.70532125000005,291.2624889499999
3909,163,317.44432275000025,296.0025144499999
3910,163,250.5232550749999,291.7097120750001
3911,163,284.27587257500005,236.7450934250001
3912,163,218.86281082500005,222.21268285000008
3913,164,244.13483895000022,229.84895312499975
3914,164,184.4011850250003,212.33859537499998
3915,164,177.52489365000002,205.68128569999993
3916,164,242.0773557000003,200.26519762500004
3917,164,228.53422602499998,213.08566195
3918,164,230.82944760000015,210.88142332499996
3919,164,197.357155125,240.92750804999974
3920,164,321.09815967500015,306.2348247499999
3921,164,361.2507473750002,308.8816912
3922,164,391.90851325,383.9929165750001
3923,164,354.4185226500002,292.1531846249999
3924,164,308.19875360000015,286.51699864999995
3925,164,332.4697830750001,349.33976199999984
3926,164,311.2202655,310.6789722500001
3927,164,346.469845525,310.0905924499999
3928,164,274.55119690000026,387.16075892499987
3929,164,378.8766832000001,285.2143614249998
3930,164,379.19960774999987,343.15024709999994
3931,164,283.5538123500005,319.50568345000005
3932,164,222.9231821000002,279.41507187499997
3933,164,288.23828962500016,290.819914825
3934,164,267.3549616500001,262.4267300750001
3935,164,205.25241655000008,243.84498127499998
3936,164,168.59300945,204.98213222499996
3937,165,202.47775150000018,197.304531725
3938,165,213.60776005000034,173.98147199999994
3939,165,175.69511507500005,156.9868563999999
3940,165,170.95361304999994,160.26670787499998
3941,165,178.64701277499978,161.4448750749999
3942,165,231.45470470000015,221.81607809999997
3943,165,240.5004024000003,197.78431110000008
3944,165,288.05717402500017,245.10972984999992
3945,165,331.2218728250002,295.3287993
3946,165,311.37186695000014,317.191414375
3947,165,373.8688650750001,287.6741641499999
3948,165,375.1477864250001,355.125801725
3949,165,260.99088700000004,331.252412175
3950,165,351.137404275,305.16048747499985
3951,165,388.70283800000016,345.4674249000001
3952,165,390.42450595000014,309.5388230000001
3953,165,369.69699037500015,331.8885249
3954,165,380.38368855000056,301.2690498999999
3955,165,300.7905944500002,360.85702014999987
3956,165,267.2410782500001,310.1020321750001
3957,165,342.7001293500002,302.6736310250002
3958,165,305.0119319250002,266.60270742500006
3959,165,246.04889492500013,201.43272704999995
3960,165,184.585865925,188.21790447499995
3961,166,217.95313202500003,189.19926802499998
3962,166,155.95243582499995,189.7440795
3963,166,198.93571522500017,168.94706315000002
3964,166,191.39357257500023,198.16680457500001
3965,166,176.65767897499993,175.45393114999996
3966,166,198.2887609,197.08234354999985
3967,166,240.34906127499997,222.92603374999982
3968,166,233.78901397500007,214.4767778999999
3969,166,279.59419845000025,298.4661842999998
3970,166,354.10197910000016,312.4753665000002
3971,166,424.1588134750003,321.820679275
3972,166,340.65308575000006,323.96411075000003
3973,166,329.44870077500025,341.2597475999999
3974,166,288.2817204249999,296.24136857499985
3975,166,282.029278275,325.60649472500006
3976,166,326.21789620000004,285.95441147499986
3977,166,304.70107307500007,364.8102992000001
3978,166,359.4746519750002,354.301898625
3979,166,291.402289625,305.87175114999985
3980,166,311.59780787500017,269.075535875
3981,166,277.90955717500026,219.89750482499994
3982,166,276.3595709749999,258.765015975
3983,166,281.3270982250002,225.83510087499982
3984,166,221.357359175,212.89295752499999
3985,167,224.06554605000008,202.55906152499992
3986,167,179.3021628250001,191.98650547499994
3987,167,173.21630480000005,242.66418492499997
3988,167,189.26543079999996,228.48059109999988
3989,167,155.4695223750001,230.022422475
3990,167,197.85718960000014,191.15795812499988
3991,167,246.12197204999998,235.5197435
3992,167,354.55230680000034,295.5288735749999
3993,167,325.9886128000001,305.51667247499984
3994,167,309.9773153750005,328.5023256249998
3995,167,364.2221745500001,306.5851001250001
3996,167,389.80121757500024,352.71082924999973
3997,167,259.6334840500002,324.578891625
3998,167,322.23810555000006,265.3968336500001
3999,167,301.67789190000013,360.13090034999993
4000,167,302.1146448000002,274.51764479999997
4001,167,287.9376448750002,380.2066303000001
4002,167,336.0208213750003,363.2822816749998
4003,167,391.87555375000034,325.50464687500005
4004,167,354.4486874250001,235.5714089750001
4005,167,251.41948675000026,323.3487052749998
4006,167,233.9687341750003,321.61295937499995
4007,167,267.815421025,184.39192174999988
4008,167,186.68939665000005,177.23059787499994
4009,168,204.967910775,212.6878023249999
4010,168,213.12444975000014,187.141441775
4011,168,198.18416787500018,219.73031692499995
4012,168,189.17163320000014,183.31202977500004
4013,168,220.97824225000022,246.34010317499997
4014,168,197.48194547500023,223.83051175
4015,168,190.085203375,211.33684919999996
4016,168,161.03967329999995,188.63802087499997
4017,168,299.7812442500002,257.3058145499998
4018,168,348.3640118500001,305.05509392499994
4019,168,343.0479087,318.50902802500013
4020,168,346.45968327500026,331.16328800000014
4021,168,271.1215126500002,318.87044204999984
4022,168,332.01540730000033,277.88677362499993
4023,168,350.3090544749999,303.2238002249998
4024,168,322.75655470000004,298.708712625
4025,168,387.4898664000004,289.02370555000005
4026,168,346.5757390999999,326.7141175749998
4027,168,266.8649328749999,313.224143375
4028,168,254.17527060000003,353.05673914999994
4029,168,224.48657185000002,320.42988119999984
4030,168,256.83270734999996,238.8009982499999
4031,168,267.6742366250002,211.1565768000001
4032,168,182.81223847500024,212.96466679999997
4033,169,208.28067077500003,191.92617965000005
4034,169,170.193622125,165.411497775
4035,169,143.23407084999994,136.54096449999997
4036,169,202.57635519999997,174.82974282499993
4037,169,238.4893930000001,193.09084992499996
4038,169,261.8997957500002,192.343644875
4039,169,280.4589252500002,305.333312975
4040,169,284.4724631,264.1736800500001
4041,169,225.29689347500005,267.22416224999984
4042,169,372.0074282500002,323.68609660000004
4043,169,396.9830764249999,277.3023140749999
4044,169,349.8179631000002,325.81973374999995
4045,169,349.79828150000003,306.12376059999974
4046,169,335.755459975,374.99547167500003
4047,169,386.23913532500023,428.1070975499999
4048,169,315.4262254500001,389.831808975
4049,169,305.51776602500007,310.6543874999999
4050,169,298.32529385000004,303.56655845
4051,169,373.84158255000017,340.72570607499995
4052,169,248.4197305250001,355.789776275
4053,169,280.61718292500007,311.32213094999975
4054,169,236.82972665000005,300.2102482250001
4055,169,244.48422754999996,176.42407360000004
4056,169,253.99745322500013,192.91711314999992
4057,170,156.71778880000005,219.588809975
4058,170,160.62202242500013,191.11201229999995
4059,170,155.7369713750002,168.974445125
4060,170,196.11423895000004,178.26777937499998
4061,170,186.03203632499998,182.03620514999994
4062,170,245.13411337500014,229.35377384999993
4063,170,246.90602155,210.97828757500002
4064,170,257.73333777500017,298.38620204999984
4065,170,311.20294202499986,233.68410637499997
4066,170,263.825320925,258.4929341249999
4067,170,313.7532343249999,286.3441293500001
4068,170,364.649896775,334.9845167249998
4069,170,274.2198317750001,317.6047098249999
4070,170,376.4101550500003,349.9777340249998
4071,170,366.4515678999999,361.4871586749997
4072,170,294.79126477499995,332.5112625750001
4073,170,310.92299115,301.1071646250001
4074,170,299.137953275,333.46345185
4075,170,353.9099716500001,257.36021482500007
4076,170,322.1993907,299.41575149999994
4077,170,265.94688117499993,286.7596096999999
4078,170,235.5551037500001,292.1917381499999
4079,170,265.6802441250002,247.53224257500008
4080,170,220.5818984749999,225.8289539999998
4081,171,164.22577927499998,193.5695702999999
4082,171,196.87753805,159.7898193499999
4083,171,198.86196700000002,186.06818672499998
4084,171,188.52979535000003,177.68393949999987
4085,171,227.28317220000014,187.115110225
4086,171,190.74319487500006,198.7022548749999
4087,171,240.2994460000003,235.34496019999983
4088,171,256.80997085,259.5901642249998
4089,171,278.973989075,321.35880194999993
4090,171,352.54097850000056,315.098424875
4091,171,303.869242975,375.60273424999974
4092,171,304.33169914999996,312.0389803999999
4093,171,416.0341115250002,347.51495232499985
4094,171,340.5826946750001,362.0200315249999
4095,171,347.3440687000001,352.4226588
4096,171,372.4193483749999,377.6152174499997
4097,171,393.86422497500007,294.00106047499986
4098,171,336.0874407500002,335.51302259999994
4099,171,283.0107357250002,354.65443249999976
4100,171,287.6994447000001,385.40116817499995
4101,171,247.06016060000007,300.0238615499999
4102,171,287.5239495249998,280.39088972499997
4103,171,297.79370357500005,226.23488709999984
4104,171,202.44636697500027,225.30095559999995
4105,172,238.04265020000057,183.737876025
4106,172,183.76534997499988,186.49412454999992
4107,172,162.90847882500015,198.57384144999997
4108,172,184.389566575,192.45477069999995
4109,172,192.22332200000028,232.50920362499994
4110,172,206.2621361749999,207.21626859999992
4111,172,266.33781407500044,276.1608592749999
4112,172,226.23860077500012,345.60120589999974
4113,172,223.9245739500003,423.1065036749999
4114,172,302.41590117500016,325.31183884999996
4115,172,288.5100104000003,368.6879303749997
4116,172,357.85404825000023,380.47160995
4117,172,323.3153458000004,292.73032864999993
4118,172,424.868002125,359.38536377499986
4119,172,330.42048675000046,368.08684572499965
4120,172,325.57174162499996,423.3154522999999
4121,172,349.6061605750002,371.558012125
4122,172,297.9524442500002,364.42618354999985
4123,172,334.6122720000002,312.616515025
4124,172,337.8434773,281.7597547249998
4125,172,254.03362877500007,319.17470585
4126,172,318.47316290000015,262.4755093999999
4127,172,266.25327900000013,212.60664124999977
4128,172,221.13546847500032,175.73275195000002
4129,173,238.34058430000005,194.41116615
4130,173,171.2985588750002,204.0226344749999
4131,173,150.88617819999996,180.62383897499998
4132,173,215.4117385750002,215.36198962499995
4133,173,176.07804007499993,189.46814572499997
4134,173,242.04713415000026,202.63422107500003
4135,173,257.61782117500024,219.32484307500005
4136,173,247.65811697500015,235.42434639999993
4137,173,289.1365835,279.06020072499996
4138,173,321.5356496750002,311.03017587500005
4139,173,358.1861435750001,296.4063877499999
4140,173,385.14561100000014,347.07170404999965
4141,173,320.6888464250004,341.18200139999976
4142,173,358.3346849250003,286.31829029999994
4143,173,336.1047843000005,305.03629017499986
4144,173,282.5747860250001,318.1071538750001
4145,173,226.002957525,351.520281275
4146,173,405.5295557000004,283.21461235000004
4147,173,286.7162544,331.00913472499985
4148,173,269.3083287500002,274.81152790000004
4149,173,233.11807084999992,206.50466792499978
4150,173,214.53483675000004,239.07002962499996
4151,173,212.63029427500015,209.53470712499998
4152,173,189.0307995,192.09039762500007
4153,174,184.48058802500037,206.47951969999986
4154,174,188.9912031749999,175.93201425
4155,174,194.96401985000023,203.61736530000002
4156,174,183.2616735000001,148.039522025
4157,174,174.55265814999998,179.08909442499993
4158,174,177.48995490000016,199.13457692499998
4159,174,205.08198585000005,226.10069272499996
4160,174,278.2803879750001,277.4964557499999
4161,174,245.55953035000016,271.72412689999993
4162,174,290.46256359999995,264.603302925
4163,174,279.3273612500001,283.76265037499996
4164,174,347.5357287250001,274.11776382499966
4165,174,254.40796385,319.0882191500001
4166,174,293.21422995000023,286.9823329499998
4167,174,271.40399985000016,270.45658187499987
4168,174,274.51525062500036,290.83001570000005
4169,174,281.58662052500017,306.06262417499994
4170,174,252.47003870000012,302.89220537500006
4171,174,296.2997831,206.58111352499992
4172,174,381.8128069250002,249.2418411499998
4173,174,268.92915600000015,284.62644075000003
4174,174,195.58011242500027,252.1813605999999
4175,174,227.43042122500015,181.95086782499993
4176,174,186.69618202500004,228.8620606999999
4177,175,210.44087202500006,207.67713322499986
4178,175,221.984314025,154.26851074999996
4179,175,177.93750392500013,160.72595272499984
4180,175,182.87564902500003,167.83052140000007
4181,175,200.84370350000032,179.77076292500004
4182,175,193.78045982500012,173.0473424
4183,175,189.26853227500004,191.38221260000006
4184,175,196.228291375,254.44056299999977
4185,175,271.38010602500026,285.522607925
4186,175,230.32135730000022,326.18144897499985
4187,175,274.3904681000001,349.0822360500001
4188,175,258.0556274750002,273.32703522499986
4189,175,293.21559845000013,272.23816715000015
4190,175,278.33675077500016,225.47484817499998
4191,175,291.17563444999985,175.10272052500002
4192,175,284.8244665250001,205.30251415000004
4193,175,260.7977090000001,208.6320980999999
4194,175,278.671065075,199.19802027499992
4195,175,277.27861252499997,257.87599212500015
4196,175,259.525517525,280.3937024499999
4197,175,198.45993845000015,262.072252625
4198,175,204.8430588000001,257.27279124999995
4199,175,231.4946638500004,148.44694499999997
4200,175,191.3226053500002,180.45816922500003
4201,176,152.8233776,141.93637735000004
4202,176,151.41432100000003,174.62830474999993
4203,176,127.8839327,132.311962425
4204,176,162.87012855000006,181.387061325
4205,176,205.93389177500012,170.826655325
4206,176,198.5536804000001,272.03145127499977
4207,176,170.953849425,237.15071952499994
4208,176,286.172476425,261.90543032499977
4209,176,245.38688965000003,211.2842964749999
4210,176,283.7008316,274.55200282499993
4211,176,318.6407433249999,322.049148575
4212,176,331.27297297500024,405.78368517499996
4213,176,334.76016460000017,317.68303064999986
4214,176,348.13468007500006,322.01602945000013
4215,176,334.5104457750001,289.33605512499986
4216,176,359.0551169250001,298.5661088499998
4217,176,367.4067960750002,297.70405645
4218,176,319.5498855250001,272.21930480000003
4219,176,253.48163260000013,363.7603788500001
4220,176,289.9157806500001,250.39141705000003
4221,176,318.661378125,262.387707475
4222,176,315.47802350000006,242.91985197499992
4223,176,249.5649526750002,237.28457600000002
4224,176,257.40459784999985,160.1380669
4225,177,183.14688757499997,218.46077439999996
4226,177,162.53967580000005,176.44212854999986
4227,177,163.66651037500003,158.2070837249999
4228,177,159.89264360000004,174.35196007499997
4229,177,201.78559952499995,168.80516150000005
4230,177,187.8724584250001,236.92747852499997
4231,177,241.56579317500007,242.11057772500007
4232,177,243.58855645000017,220.17523769999994
4233,177,311.0662859750005,239.62823635000012
4234,177,320.6710257000002,241.30471932499987
4235,177,289.95795215000015,319.944821675
4236,177,273.7380568,316.9092238249999
4237,177,312.70534630000014,319.3022962749997
4238,177,289.25799850000016,316.0673727750001
4239,177,322.51075522499997,319.1438214499998
4240,177,338.9614713500001,324.7595099250001
4241,177,316.92068025000003,272.85386389999974
4242,177,334.33180547500024,353.5510460749999
4243,177,369.8929632750003,278.82291587500015
4244,177,276.22401694999996,286.57719035
4245,177,345.5103456000002,274.46547517499994
4246,177,311.91156512500004,358.50910984999996
4247,177,235.54487029999996,278.3574123750001
4248,177,197.5482300250003,198.34844524999994
4249,178,211.15761419999995,197.53028834999992
4250,178,166.43728587500004,196.89335057499994
4251,178,170.4323998000001,154.4710487
4252,178,176.17331472500013,186.63608175
4253,178,198.58364210000005,234.30813949999995
4254,178,225.50043662499994,203.8095065
4255,178,219.47858332500033,222.04551612499978
4256,178,304.58730785,193.23987434999998
4257,178,323.86551525000004,371.7922623999997
4258,178,284.1182379500002,351.8665244
4259,178,422.40012510000037,350.82068602500004
4260,178,287.5206698500002,263.0710436999999
4261,178,435.3497253500003,246.38092562499995
4262,178,307.7071857750001,347.1482255000001
4263,178,399.63091370000006,351.60510459999995
4264,178,333.42271355000014,319.27658040000006
4265,178,300.7157047500003,277.19061202500006
4266,178,337.4958107250002,364.6264828749999
4267,178,335.23229460000005,317.60834027500005
4268,178,326.10786600000006,265.5818443
4269,178,298.38812132500016,231.18395705
4270,178,273.76482870000035,281.08688169999994
4271,178,190.4950268749999,229.413063
4272,178,203.32560992500007,180.32430914999986
4273,179,221.36546675,234.62803709999997
4274,179,253.0788936750003,232.51698344999994
4275,179,199.27820715000018,176.76446157499998
4276,179,230.4464777750001,158.93133232500006
4277,179,243.67390355000026,221.0771498999999
4278,179,184.9613452499999,215.56943067499998
4279,179,280.375614425,242.03840169999992
4280,179,265.4928582499998,261.21057630000007
4281,179,298.3698305250001,305.4623843500001
4282,179,303.11476455000013,326.631642375
4283,179,370.74672842500013,336.96276297500003
4284,179,321.60303447500013,364.4790698249998
4285,179,297.8182304000002,307.4663882750001
4286,179,303.4346609500001,379.27216357499975
4287,179,362.48538870000004,262.212422425
4288,179,350.6778652000004,404.8093818499998
4289,179,396.09710577500016,340.26227904999985
4290,179,380.5715722750001,315.0934524000001
4291,179,398.7488550750003,352.8730106999999
4292,179,442.2149479750004,310.5808194499999
4293,179,328.4034551750001,312.2931127249998
4294,179,247.79158105000022,309.5113841499999
4295,179,233.67008245000005,227.97207494999995
4296,179,254.90597202500027,205.73439962499998
4297,180,226.24939697500005,229.71099089999984
4298,180,215.0863742250001,145.0355156
4299,180,168.44231115000014,166.7922008
4300,180,182.81429315000022,163.42169459999997
4301,180,217.8858782750001,215.96515082499985
4302,180,221.89522275000004,224.18649264999993
4303,180,216.2679357,186.5931190249998
4304,180,275.6646923250004,291.781447825
4305,180,356.6203328250001,269.7590991499999
4306,180,342.9531484250001,376.7313813999999
4307,180,319.664679975,354.1411499500001
4308,180,366.4720670249999,347.9355587749999
4309,180,350.5116814500004,330.81605405000005
4310,180,431.62683852500004,347.11844874999963
4311,180,395.02024750000015,328.34557214999984
4312,180,325.7511050000001,354.000730375
4313,180,372.8964083250001,316.52233544999984
4314,180,410.97804397500005,357.0711784499998
4315,180,296.72558982500027,294.40445277499987
4316,180,270.3379046000002,317.20413315
4317,180,376.3528071250006,262.3113371999999
4318,180,277.26868775,275.950438725
4319,180,212.548189225,272.86612694999985
4320,180,199.27163797500003,202.9180887000001
4321,181,237.62853422500044,189.52703355
4322,181,166.50879967500003,207.10363674999996
4323,181,195.07801367500025,224.02148647500002
4324,181,181.35581720000005,139.56714355
4325,181,229.85174697500003,203.41524194999988
4326,181,239.1689475750003,234.47733484999992
4327,181,213.9888889250001,220.7813173249999
4328,181,225.71714605000022,226.37634110000005
4329,181,225.61154252500006,247.80526814999996
4330,181,315.42399545000023,323.2542072499998
4331,181,308.0484279750001,345.82255279999987
4332,181,358.8890464250002,296.13742555
4333,181,366.8557603249999,238.7071358
4334,181,335.01553572500046,257.88390149999987
4335,181,312.505987375,246.0596432999999
4336,181,409.34693282499995,279.4472753999998
4337,181,362.7642489,318.64173874999983
4338,181,337.19502867500034,277.63655559999984
4339,181,274.97997667500016,403.8665678000001
4340,181,292.93202755000016,263.2228896
4341,181,268.94936595000013,274.63348129999986
4342,181,283.224195425,273.6808136750001
4343,181,236.8958861750001,196.0637686
4344,181,240.35468265000017,236.62075247499993
4345,182,172.47492252500007,178.31127965000002
4346,182,154.96045677499995,189.37340465
4347,182,154.35757745000015,171.279371425
4348,182,171.0668519750003,166.465831
4349,182,176.03867532499999,196.19480140000005
4350,182,211.20657435000027,195.91259252499992
4351,182,226.03859187499992,190.72028072499995
4352,182,259.77749764999993,177.0286631500001
4353,182,224.2742364749999,228.91985937499985
4354,182,267.101303875,231.07228572500009
4355,182,282.0377484750002,342.0664751249999
4356,182,256.9766471,282.1377397999998
4357,182,285.05662507499994,324.3477313249999
4358,182,342.1288200000006,317.1492441499999
4359,182,347.8496177500001,268.4798015249999
4360,182,301.2117638500001,272.3708522999999
4361,182,271.56636182499994,321.1392033000002
4362,182,278.795465925,290.28963107500005
4363,182,282.50327375000006,270.30916207500013
4364,182,240.88322784999994,343.74910632500007
4365,182,220.883676025,301.1933975499999
4366,182,250.87386107500004,280.52261110000006
4367,182,261.0334874000002,241.21037949999993
4368,182,248.08588265000014,223.58446749999985
4369,183,198.67241084999998,159.98867519999993
4370,183,157.16836397500003,204.50091164999998
4371,183,179.95170685000005,194.41777087499986
4372,183,168.7290479250001,186.31578352499986
4373,183,183.4048691249999,187.2350046249999
4374,183,218.397108425,241.8612126
4375,183,210.9422095249999,275.6161164749998
4376,183,175.32994237499992,220.96670690000016
4377,183,307.6397459000001,263.94897625000016
4378,183,279.44229502500013,317.4912301999999
4379,183,323.8193195500003,308.61758172500004
4380,183,317.952000175,380.44443272499984
4381,183,385.2755772000004,416.205844825
4382,183,280.12188407500025,365.36470872500007
4383,183,427.9647472250002,350.70829545000004
4384,183,289.08094832500024,313.32175212500016
4385,183,392.4246105000002,337.0178263249999
4386,183,376.3471257749999,255.08699820000004
4387,183,415.4602410750001,246.8402411749999
4388,183,358.2980519750006,294.4858704499999
4389,183,277.6499232000002,347.232856425
4390,183,215.51352822500013,302.639399
4391,183,230.78317470000005,253.49158262500004
4392,183,224.78749785000014,171.91655054999995
4393,184,181.07212782500017,162.63619599999998
4394,184,150.44112127499994,146.7307705749999
4395,184,224.26808185000004,185.23265350000003
4396,184,208.50994352500015,187.44402014999997
4397,184,244.23236927500017,170.7399944749999
4398,184,186.14252064999994,280.80287765
4399,184,223.13571782499992,257.3500252249998
4400,184,211.4048303250002,254.40026779999982
4401,184,296.2331635500002,292.93107862499994
4402,184,301.9538036250002,340.48939215000007
4403,184,283.7291541500001,322.92757492499993
4404,184,308.1492813,336.2580331749999
4405,184,347.6746928500003,343.32034784999985
4406,184,313.19027292500004,334.69875427499994
4407,184,349.35263017500023,378.703473
4408,184,452.3305577,405.66610460000004
4409,184,374.70243762500036,386.1165156999997
4410,184,404.6016999250004,312.1679773750001
4411,184,314.23438042500027,257.3235873999999
4412,184,273.1479822,361.67653804999975
4413,184,275.65369797499994,244.40475522500003
4414,184,291.6077797000005,286.018817375
4415,184,265.879608725,260.62927772499995
4416,184,188.42756979999996,219.00896145000002
4417,185,227.27898092499981,171.87051689999998
4418,185,177.2416198250002,226.00097000000005
4419,185,190.40480702499997,181.761046675
4420,185,172.25916935000015,204.04499334999997
4421,185,198.27522140000036,180.1027085249999
4422,185,203.16418610000017,185.13678657499986
4423,185,233.26359602500003,197.3136458999998
4424,185,231.17209455000034,200.84946104999995
4425,185,154.85820185000006,272.50703699999985
4426,185,354.18791657500014,286.388179175
4427,185,303.22435382500026,289.02930282499983
4428,185,248.56595857500002,329.94754322499983
4429,185,364.16997462499995,290.353292375
4430,185,296.8410273750003,305.21149527499983
4431,185,284.72135720000006,265.5193214499999
4432,185,286.81562397500016,199.29969165
4433,185,358.96712772499995,228.20537012499994
4434,185,381.8896026250001,292.8680052999998
4435,185,278.58019520000016,319.33993522499986
4436,185,232.02429472500012,283.18499909999986
4437,185,278.15414632500006,254.36667162499987
4438,185,172.22372619999982,209.7350063749999
4439,185,245.32495117500014,206.04704814999994
4440,185,208.57138945000003,190.960331925
4441,186,178.43313004999993,188.56582440000003
4442,186,203.16836467499988,186.31598939999992
4443,186,203.19716475,192.03860045000005
4444,186,198.45591072500036,162.76636112499995
4445,186,210.4832001750001,204.69513795000003
4446,186,231.03885450000024,200.61241487499996
4447,186,202.43344515000018,224.14400007500006
4448,186,264.28171947500005,285.98641784999984
4449,186,256.265419375,301.9191526999999
4450,186,374.5756627500002,402.3341230999999
4451,186,374.4694636500005,284.41498802500007
4452,186,303.40598947499996,325.2720783749997
4453,186,373.31048605000046,230.28157277499997
4454,186,294.33816702499996,321.2492144249999
4455,186,285.9716333,263.1611101750001
4456,186,364.1500525250001,285.8557886499999
4457,186,296.7874971250001,341.44951127499985
4458,186,329.30998335000044,295.52610857499974
4459,186,281.86603200000025,272.22663062499976
4460,186,304.94875727500016,248.92863552499995
4461,186,264.162138075,258.84805359999996
4462,186,251.5227708500002,227.49116432499994
4463,186,263.4843471500003,231.51161210000015
4464,186,171.46424447499993,219.77712575
4465,187,175.42801535000007,147.17404922500003
4466,187,216.23789529999993,171.35519572499996
4467,187,191.3943313750001,177.377319825
4468,187,179.57861515000013,140.96790807500003
4469,187,220.54906504999994,214.96147007499994
4470,187,221.3895167999999,207.34779494999998
4471,187,214.85990777499984,249.41443470000007
4472,187,221.39216492500015,256.49482249999994
4473,187,276.0034562250001,216.57863594999992
4474,187,354.68848797499993,330.76055974999986
4475,187,349.85152595000045,353.36305949999996
4476,187,353.02919910000014,329.06433465
4477,187,383.57403285000055,304.008898775
4478,187,353.7997207000006,314.15877277499976
4479,187,324.7682192,319.072778825
4480,187,362.95113117500057,378.8480106999999
4481,187,336.07384067500016,419.94916385
4482,187,328.28199317500025,378.08296852499984
4483,187,327.5718964250002,312.89481242500017
4484,187,304.23951042500005,313.04080739999984
4485,187,318.6694820750002,280.7034622499999
4486,187,330.900183275,287.88990832499985
4487,187,265.81365547500013,246.38202722499994
4488,187,155.07746472500014,260.94748990000005
4489,188,243.1561034,228.1180913999999
4490,188,182.20980920000022,244.99795112499993
4491,188,215.3678411500001,188.1389158
4492,188,165.6156278750001,172.48296982499994
4493,188,157.78421512500012,190.42450914999995
4494,188,242.00135615000022,193.68696422500005
4495,188,269.537981325,192.0766310499998
4496,188,246.5115248000003,291.31098102499993
4497,188,219.52536170000008,258.96588814999984
4498,188,236.22174335000005,291.54502862500004
4499,188,332.9742391250004,338.3183419500001
4500,188,264.64801570000014,306.39001280000014
4501,188,280.3661481750004,357.7163472249999
4502,188,305.1482714000002,412.48294180000005
4503,188,235.65627240000015,296.28263252499994
4504,188,314.16358017499994,328.3352407749999
4505,188,433.8602804500001,410.6625831
4506,188,256.4803264,348.65581549999985
4507,188,315.8744121250004,367.73964862499986
4508,188,278.9682883500001,341.5405500499999
4509,188,284.5918534250002,321.87035257499997
4510,188,249.67130690000022,284.42328342499974
4511,188,293.9094399500009,219.6381241250001
4512,188,231.36280300000004,258.6440411750001
4513,189,190.1398240750002,188.76690522499996
4514,189,213.68211007500028,164.755337225
4515,189,231.26919797500028,203.14516634999995
4516,189,199.60006957499996,177.70222224999992
4517,189,190.38380057500007,194.76650942499992
4518,189,195.67288970000018,201.560900525
4519,189,180.40766840000018,190.38097244999994
4520,189,307.49914945000023,202.33867762499983
4521,189,303.22645035000016,251.3023739000002
4522,189,267.36558239999994,347.94028585000007
4523,189,299.8775968500003,347.1381715000001
4524,189,290.615872075,318.8826641999999
4525,189,315.4113037499999,275.6926900000001
4526,189,288.79756087500016,306.19931402500004
4527,189,356.85478590000014,274.8469029749999
4528,189,291.5290281000001,310.5794838999999
4529,189,357.7928874500002,353.37637522499983
4530,189,368.7650513,269.49886095
4531,189,393.54199497500053,302.20378437499977
4532,189,338.74414662499987,286.62478422499987
4533,189,289.1424681000002,271.48078275
4534,189,265.57265807499994,321.08807617499997
4535,189,204.22150755000018,332.89484474999995
4536,189,195.3784318250001,199.72328595
4537,190,161.99992170000002,232.3606585
4538,190,227.10328730000003,212.25777817500006
4539,190,174.04120660000024,202.6110035999999
4540,190,166.33080164999993,204.374700125
4541,190,195.98595469999995,230.70258632500008
4542,190,213.42608952500007,266.312886425
4543,190,249.23968005,258.25356647499984
4544,190,231.36461789999998,324.2016680249999
4545,190,353.35901667500036,268.07933274999994
4546,190,365.7052142,380.894110625
4547,190,382.81638455000007,365.0903676999999
4548,190,324.80246837500044,378.0924963499999
4549,190,409.0069195750001,362.92135634999994
4550,190,292.1146114500003,291.6609243249998
4551,190,342.5089453500003,330.939162225
4552,190,429.7300182250004,439.3879089999999
4553,190,295.83654390000004,360.064134975
4554,190,435.1501607250003,315.57539884999983
4555,190,309.7143758000003,344.5773303499997
4556,190,351.7791297250001,324.4053688749999
4557,190,335.7060708250003,304.3702882250001
4558,190,328.10922575000023,281.63430144999995
4559,190,328.23690720000036,289.01511489999996
4560,190,278.89015010000014,297.36464845
4561,191,277.8255031250003,196.07923627500008
4562,191,213.1488384750001,200.259275225
4563,191,224.2405795250002,202.78804202499998
4564,191,229.08430060000006,198.19909657500008
4565,191,208.87306890000013,188.92842222499993
4566,191,250.76311472500015,224.77707712500018
4567,191,240.37557192500017,197.1217972250001
4568,191,221.40527112499996,244.17084327499998
4569,191,400.5316621250001,308.99896245000014
4570,191,379.68694769999996,358.3627840749999
4571,191,365.439447375,454.28558767500004
4572,191,363.77621177500043,364.7550348750001
4573,191,393.65752912499994,323.8894743249997
4574,191,425.97939645,269.3891297250001
4575,191,342.2565886250002,473.78867975
4576,191,484.73565542500035,355.75579774999983
4577,191,458.9821149000003,415.78103127500003
4578,191,375.1512565000003,334.4652671000001
4579,191,494.95762880000063,347.09315602500004
4580,191,426.6421775250001,383.4819444749999
4581,191,360.5436891000006,318.021815275
4582,191,372.5634763250001,338.8003079999999
4583,191,344.7225363750003,281.93427642499995
4584,191,246.06343887500023,235.84594732499983
4585,192,234.62865405000008,191.89917204999972
4586,192,207.088602675,196.20256647499994
4587,192,184.78038387500015,224.1084382499999
4588,192,193.40637822500003,225.80902422499994
4589,192,283.32579282500046,265.8655628
4590,192,228.65244135000006,226.44566767500004
4591,192,291.0579063500003,269.1466451500001
4592,192,302.4327302499999,291.76081892500014
4593,192,282.256753675,310.909378975
4594,192,413.28875982499994,291.83649547499977
4595,192,381.22183625000025,400.85834602500006
4596,192,439.34399469999994,369.3481116500001
4597,192,412.7189773250001,387.9361431499999
4598,192,355.00163205000007,467.86421572499984
4599,192,372.3948395500004,390.6225461999999
4600,192,380.53823594999994,481.0746459749996
4601,192,380.42379167499996,405.49609739999994
4602,192,402.66271042499994,452.09799235000014
4603,192,323.95758985000015,365.33160919999966
4604,192,347.7309671000005,425.294039525
4605,192,249.9926331500003,385.00247505
4606,192,314.4889661500003,402.40606944999996
4607,192,271.06777282500025,285.7512975999999
4608,192,315.88347655000007,275.97615830000007
4609,193,175.76565875000026,284.02737860000013
4610,193,206.06173812500043,221.34212019999987
4611,193,220.23505242500028,211.83070717499993
4612,193,185.07764232500017,244.31916142500006
4613,193,211.8480045500001,238.41220562500004
4614,193,234.7394844750002,268.7468360000001
4615,193,264.1790728000001,249.10174504999983
4616,193,286.9805022250002,308.50434924999985
4617,193,319.2346144500002,398.4652904249997
4618,193,343.82836162500007,378.1590266249999
4619,193,314.8253040500001,332.86348769999995
4620,193,347.5408844750001,268.3117326749998
4621,193,393.34748115000014,328.8941277000001
4622,193,328.9104244250004,337.4990122749999
4623,193,318.84642510000015,382.5245971249998
4624,193,429.5278753250004,335.604880875
4625,193,416.71283377500026,423.9777905749999
4626,193,365.6414890499999,328.9410757
4627,193,436.3729611250001,283.5536974999999
4628,193,343.83527100000015,246.81973030000006
4629,193,325.0436264500004,334.06337967499996
4630,193,279.49030170000026,267.9397948
4631,193,268.86120382499985,327.7230020499998
4632,193,254.61151877500006,228.00128504999986
4633,194,232.13481402500008,214.63513079999998
4634,194,202.43259302499996,188.48057095
4635,194,192.23180945000001,188.22042019999998
4636,194,178.64295062499994,143.2551226999999
4637,194,154.609394875,214.04942447499997
4638,194,292.4701852249999,229.02374034999997
4639,194,230.00167372500005,238.32605257499984
4640,194,312.0629802500002,269.46696162499995
4641,194,345.5644835750002,349.65360460000005
4642,194,330.1054417500001,338.402129925
4643,194,350.6250726000005,383.15055092500006
4644,194,401.33788145000005,335.35317487500015
4645,194,422.5784958500002,266.3450180250001
4646,194,345.92376490000004,256.72434462500007
4647,194,318.419620425,435.5963194999998
4648,194,325.20212185000014,288.54556449999995
4649,194,357.65557397500015,381.6726776749998
4650,194,256.4268021500002,400.58245165000017
4651,194,317.20065975,322.66991365
4652,194,258.85701597499997,269.2908215499999
4653,194,281.3520993250001,262.2486923999999
4654,194,308.7208448000001,270.9498028250002
4655,194,258.850886225,245.82045160000004
4656,194,236.6768742000002,241.23707889999991
4657,195,250.0757194250002,225.759172375
4658,195,163.50524950000016,176.07106259999995
4659,195,214.93077562500017,157.92855397499991
4660,195,148.03692207500012,170.37109719999995
4661,195,212.01960127500013,196.17801484999998
4662,195,214.32832500000006,157.94385470000014
4663,195,263.8811748749999,207.34445792500003
4664,195,252.1524967249999,220.27743614999986
4665,195,239.30959822500012,338.3709653
4666,195,295.86523597500025,436.44957372500005
4667,195,412.0792542500002,373.9294247749999
4668,195,328.03172972500033,429.0838337999998
4669,195,352.3862793500001,328.3851368249998
4670,195,329.57437674999994,304.8114235249998
4671,195,329.278008175,305.809224675
4672,195,365.66520109999993,350.43516655
4673,195,334.0689924000003,356.93727204999993
4674,195,302.2550718499999,298.25832904999993
4675,195,309.3687434000003,299.3011105999999
4676,195,349.62531175000015,276.1422222999999
4677,195,230.78480150000024,267.37517712500005
4678,195,241.4372442750003,292.355083725
4679,195,260.75264017499995,187.28059424999998
4680,195,242.31472237499986,234.41778187500003
4681,196,202.92233920000004,205.91285020000004
4682,196,188.61944832500018,160.96562992499997
4683,196,199.3554470499999,202.03145232500003
4684,196,188.42580317500006,182.84101199999992
4685,196,177.29693667500032,213.98982922499997
4686,196,173.39400742500004,195.36007512499998
4687,196,222.53528210000002,173.0190653
4688,196,214.69343119999994,253.0454531750001
4689,196,268.5740424500004,317.0109487749999
4690,196,331.7531572250005,314.2659696500001
4691,196,223.01520644999994,287.070806875
4692,196,293.096710475,225.747025425
4693,196,343.51734212500014,272.721117425
4694,196,270.8517674750002,340.64166372499983
4695,196,311.4779666500001,374.2691108500002
4696,196,262.92299410000015,286.82423434999987
4697,196,320.28040457500003,300.6339299250002
4698,196,336.4293772000001,313.035146175
4699,196,311.29987877500014,363.19680107499994
4700,196,310.6587511250003,284.7000479249999
4701,196,305.96479022500034,302.9891288
4702,196,253.7504659500002,251.8638074000001
4703,196,216.156853325,203.013164975
4704,196,202.42322750000005,151.60107662499996
4705,197,182.50293235000007,169.41045029999998
4706,197,145.36737412500003,148.7073418249999
4707,197,177.41519932499995,143.61606082499998
4708,197,160.1091859250002,143.54269499999992
4709,197,198.2561617250002,219.55381207499994
4710,197,202.99603714999995,214.40614627500008
4711,197,191.46733850000007,220.49868959999986
4712,197,252.37028635,256.7860045249999
4713,197,301.2770981750002,319.61890552500006
4714,197,249.28448030000015,350.92962224999997
4715,197,358.4212721499998,298.616928975
4716,197,307.768080875,340.95381665
4717,197,392.6085078500005,361.58190849999977
4718,197,322.17445325000006,372.55778809999987
4719,197,311.8690262000003,435.9274599999999
4720,197,363.25917125000035,357.09248424999987
4721,197,325.2575376500001,337.4405627249998
4722,197,369.14293212499996,333.52452139999997
4723,197,307.9643203750001,268.132148175
4724,197,281.30924690000023,365.96380139999985
4725,197,269.457090675,327.43186137500004
4726,197,247.1213668750001,253.9153498
4727,197,326.07909772500017,296.4974587249999
4728,197,171.5610273250001,190.49626424999988
4729,198,178.00901675000017,165.9072268500001
4730,198,177.4617173250001,175.68793817500006
4731,198,181.40054695000003,177.98298857500004
4732,198,155.9965844250001,175.08003804999998
4733,198,179.76125692499988,250.26999364999986
4734,198,214.65749462500014,195.79821039999993
4735,198,219.42582445,253.98203734999998
4736,198,236.59057500000006,250.97064337499984
4737,198,277.5535460250002,253.84861604999983
4738,198,362.80013759999997,284.71194147500006
4739,198,311.48653767500025,381.27272349999987
4740,198,291.5240667500002,297.3844606999998
4741,198,305.99263425000026,332.34523155
4742,198,275.62416827500033,377.1081155249999
4743,198,331.61591187500005,312.9259037500001
4744,198,265.73097815000006,325.6347876000001
4745,198,335.7766044500002,358.0811615499998
4746,198,288.8593061000004,282.19580185
4747,198,283.762977,346.3548790500001
4748,198,292.99342234999995,264.7589371499999
4749,198,297.6354759999999,243.76080052499992
4750,198,302.3898585000002,242.961831475
4751,198,241.95828057500006,263.09231482499985
4752,198,193.39204532500003,256.990832375
4753,199,199.52285375000025,171.82699977500005
4754,199,172.83442860000014,174.6314341999999
4755,199,187.0351514250002,160.51196075000007
4756,199,182.2659908750001,166.81572375000005
4757,199,198.57613224999992,228.3118016
4758,199,223.92026342499997,192.73830484999988
4759,199,256.9692731500002,235.80822377500004
4760,199,277.5937550000001,278.3449847999997
4761,199,330.93104395,273.6115138749999
4762,199,388.3704179250001,299.04798945000005
4763,199,427.0707865500002,387.00799294999985
4764,199,353.7512377250005,277.24447469999996
4765,199,340.26800715,309.3523278499998
4766,199,387.89504635000014,411.31427174999976
4767,199,299.33097072500004,317.34584639999986
4768,199,310.6538039749999,316.7393856749998
4769,199,328.9069881250001,299.8923209499998
4770,199,364.3060935000002,321.54342759999986
4771,199,352.62799310000014,377.23035710000005
4772,199,206.7186041250003,289.6996567
4773,199,256.0458808249999,227.63146314999995
4774,199,239.33853087500023,295.41773467499996
4775,199,204.85409334999994,244.37151234999976
4776,199,241.21583962500029,255.07255767499979
4777,200,148.87365447500008,238.476670425
4778,200,144.7864980249999,176.54183837499994
4779,200,165.36880730000019,174.17775425000002
4780,200,148.1107578250002,224.493411025
4781,200,211.38144985000002,222.53694802499996
4782,200,192.87524092500013,241.1538054749999
4783,200,228.64342112500026,300.5595332249999
4784,200,272.4667803500002,247.44563802499994
4785,200,244.05104452500024,301.6682144
4786,200,345.910472,356.6173339249998
4787,200,317.48100615000027,355.15956882500006
4788,200,414.17716309999986,320.5312583
4789,200,389.04669045,326.41831089999994
4790,200,362.7842519499998,350.651079675
4791,200,277.8008737750001,370.2095482
4792,200,392.6167584250005,439.97665439999986
4793,200,342.66828432500006,367.79201582499996
4794,200,350.33949970000003,343.9133344750001
4795,200,339.9951248750001,381.56948905
4796,200,324.3095661000001,354.380319775
4797,200,324.462478475,310.49911087500004
4798,200,235.51083282500034,303.18531792499977
4799,200,258.3260935750002,269.81135259999996
4800,200,220.427904625,292.74210995
4801,201,221.21907420000008,235.37702159999986
4802,201,218.2260813000001,231.50816424999996
4803,201,221.99452742500023,212.39289257500002
4804,201,163.18302122500006,161.65488174999993
4805,201,180.97959507500013,228.08962157500002
4806,201,273.4955274000001,214.37119117500006
4807,201,264.6820692250001,258.80653455000015
4808,201,332.2633321250002,379.6548705499997
4809,201,298.3238671749999,346.645816525
4810,201,338.84276390000036,371.936132875
4811,201,351.6630213250003,407.9261488249998
4812,201,380.3261891000005,393.16626177499995
4813,201,292.83806632500034,460.1881207749999
4814,201,345.52388829999995,423.78288257499986
4815,201,440.25217117500017,336.3365669749998
4816,201,358.06423759999996,413.64644072499993
4817,201,343.47245600000036,377.011633875
4818,201,354.20996825000026,317.1371663
4819,201,540.7553970750005,405.09514449999983
4820,201,331.48099750000017,281.7122748500001
4821,201,296.2237373999999,345.5686683499999
4822,201,279.7986760250001,231.8226990249999
4823,201,275.4873692,248.02426542500007
4824,201,297.69707707500015,286.653628875
4825,202,214.446486075,200.42745057499994
4826,202,201.27450847500006,194.48110492499995
4827,202,193.5684746500001,186.11179785000007
4828,202,170.5155491500002,194.08495392499992
4829,202,181.996111075,163.21799229999993
4830,202,239.2266265750003,195.6122268499999
4831,202,324.6293954250002,188.71456607500005
4832,202,240.92168354999987,240.28486350000014
4833,202,330.2567052500001,312.25517655
4834,202,227.57105355000013,239.12214669999992
4835,202,353.8004788500001,347.22944614999994
4836,202,346.3132257000002,338.26630145
4837,202,403.69850670000017,302.7196978249998
4838,202,377.7666282749999,323.0235036749999
4839,202,315.12866759999997,384.93601005000016
4840,202,321.9165213000001,372.13341975000003
4841,202,347.14844105000077,462.1085019000001
4842,202,380.1643035999999,390.36828534999995
4843,202,371.06663462500023,309.207841225
4844,202,306.4243522500001,357.0580255499998
4845,202,389.1061345500003,335.3657418000001
4846,202,316.3554718750004,286.24557100000004
4847,202,283.3205296500001,283.6752110000001
4848,202,237.43142815,274.46621604999984
4849,203,233.38613137500013,253.63927970000003
4850,203,260.1464162500002,236.82545209999984
4851,203,199.52052422500012,183.69823125
4852,203,232.1485733,237.959442325
4853,203,227.06613004999994,227.0505742249999
4854,203,232.6591108500001,210.82843254999995
4855,203,260.0287737750002,205.41344587499998
4856,203,221.01787267499995,265.9774326999999
4857,203,246.01603224999997,288.72177282499985
4858,203,316.7065560000001,319.954733025
4859,203,367.21824589999994,358.98516860000007
4860,203,341.86576360000026,359.65420667499984
4861,203,351.5776420750004,343.5555325749998
4862,203,306.4669569250002,369.9882304999999
4863,203,341.57703107500026,364.39101989999983
4864,203,324.52572499999997,429.2927028749999
4865,203,340.1810975750002,398.0187744749999
4866,203,372.4232969750001,377.40609744999995
4867,203,370.6382900750001,366.5812847999998
4868,203,407.9825379500005,314.92152224999984
4869,203,267.541318875,305.59408799999994
4870,203,293.79266860000007,343.7712184249999
4871,203,248.46668880000027,252.29541842499992
4872,203,225.14316872500007,239.74624087499984
4873,204,179.65587824999992,258.793881725
4874,204,235.22600072500012,209.7761717499999
4875,204,206.00442240000007,186.69908709999999
4876,204,168.78198935000017,221.73058055
4877,204,228.08058607499999,173.33522289999996
4878,204,193.22754230000004,238.42863799999998
4879,204,246.81178492500007,264.73160035
4880,204,258.2805382250001,235.13283847500009
4881,204,320.2437352250002,266.5348925499998
4882,204,306.2182213250002,314.6578276499997
4883,204,427.9391102750004,428.7116162249997
4884,204,421.61488470000023,400.04147497500014
4885,204,308.08255967499986,318.4762487499999
4886,204,493.6077798000001,398.248834825
4887,204,376.3005316750003,418.7828712999999
4888,204,351.7693025499999,419.4515228250001
4889,204,329.01707882500034,374.30536107500006
4890,204,322.1732416249997,399.18554752499995
4891,204,306.3170437499999,390.64721675
4892,204,305.4540016750001,370.9419034249999
4893,204,306.75114592500006,337.78056007499987
4894,204,331.5180730000002,346.369720175
4895,204,260.1924346250002,243.25140817500002
4896,204,183.0687640500002,253.96035030000007
4897,205,187.70290565,227.41509679999996
4898,205,182.6401386500002,205.05234484999997
4899,205,178.24135635000027,226.45591935000004
4900,205,214.34922519999998,195.45489422499998
4901,205,223.61259472499998,169.02260965000005
4902,205,236.8246894250002,196.00780859999986
4903,205,266.6108955499999,188.54158895000006
4904,205,284.2554584500001,225.90810077499992
4905,205,356.5037889750002,361.0456221749997
4906,205,297.7778144500003,286.6567566749999
4907,205,326.37899682499983,450.9722067999998
4908,205,420.33600732500037,349.80313055
4909,205,355.3377087,383.53028967499995
4910,205,400.88686860000064,398.6311451749999
4911,205,378.17849045000025,374.4613142249998
4912,205,431.29726497500036,315.44582417500004
4913,205,370.40762219999965,441.8243655749999
4914,205,359.8543552250001,316.858548775
4915,205,354.23706385000014,345.1370551499999
4916,205,291.11217719999985,292.03755302499997
4917,205,325.56415727500007,311.6145084999999
4918,205,279.570579725,250.50311027500007
4919,205,286.18692824999994,268.051873975
4920,205,202.2895010250001,296.9513480999999
4921,206,206.01533652500015,234.76775709999993
4922,206,189.69010782499998,201.60943644999992
4923,206,163.00342362500015,171.47348110000007
4924,206,146.91875700000008,224.64705644999987
4925,206,226.78988994999997,193.03310992499996
4926,206,286.5646553,206.81302465000007
4927,206,236.84561455000016,191.2823032750001
4928,206,308.93829225,280.7123048499999
4929,206,289.22184505,292.99608962499985
4930,206,268.66798630000005,262.2923419250001
4931,206,245.76217447500017,467.90532455000005
4932,206,293.6844753750004,451.57678252499977
4933,206,399.0921976250006,354.93991912499996
4934,206,374.12464880000016,348.5797496999999
4935,206,297.4055249250001,362.14276169999994
4936,206,343.5752835500005,308.80343602499977
4937,206,285.11176959999995,328.38650704999975
4938,206,370.9981243499999,334.908787275
4939,206,353.39305367500003,298.4264084000001
4940,206,341.440930075,243.12932547499997
4941,206,372.7338660250007,283.6405831249999
4942,206,285.0553186000002,227.7483082
4943,206,225.67182827500022,188.6293790499999
4944,206,243.93140095000018,230.24444984999994
4945,207,243.10461502500004,180.58761647499998
4946,207,215.01789262500034,199.18628592499988
4947,207,197.74594820000004,123.49672472500004
4948,207,223.69121075000007,185.912810375
4949,207,217.81833527500015,215.67285697499995
4950,207,224.47302445000005,211.26588540000006
4951,207,280.85975942499994,240.06601304999987
4952,207,299.1421691250001,240.71489287499995
4953,207,327.04152862500007,340.1801475749999
4954,207,372.4423930500001,315.23846547500005
4955,207,375.39686880000045,260.1749304249998
4956,207,314.83860062500014,404.9780886249999
4957,207,352.9753422499999,404.0804349250001
4958,207,329.51756780000005,296.732473875
4959,207,318.68701980000066,331.50568384999997
4960,207,347.09098700000015,377.91521979999993
4961,207,370.0579188250002,467.553697875
4962,207,281.56289907500025,349.7646583499999
4963,207,415.27425905000007,321.0400742249999
4964,207,274.8589309500003,320.9981650249998
4965,207,288.9690622250001,366.52182252500006
4966,207,276.70241357500015,324.4316784
4967,207,252.05682495000013,281.48386414999993
4968,207,223.38275409999994,203.74418052499993
4969,208,176.75710562499998,217.15359227499994
4970,208,169.12558895000024,209.52957109999994
4971,208,152.76692767500015,204.2984360499999
4972,208,150.18083590000003,169.77624645
4973,208,207.78393182500025,186.03717502499998
4974,208,173.9127812500004,220.38790107499997
4975,208,225.70823514999984,261.06262667499993
4976,208,197.70651860000015,258.0086544500001
4977,208,255.07169065000033,309.63226347500006
4978,208,435.53353130000005,392.2929062249999
4979,208,358.93446629999994,284.4237975250001
4980,208,307.44865297500024,285.5997283
4981,208,337.0506088749999,214.843230675
4982,208,299.8548703750003,283.14458897499986
4983,208,305.6977230250001,332.08309507499996
4984,208,329.99811955000007,227.40172582499994
4985,208,311.86250415000006,300.73985307500004
4986,208,310.85636900000003,292.37839187499986
4987,208,335.3465781750003,346.0037596749998
4988,208,271.051862475,368.0942943499999
4989,208,268.23926707500016,361.4182533749997
4990,208,249.71547505000018,288.9114395249999
4991,208,247.3797255500003,224.1495442249999
4992,208,232.33313952500015,241.8953250249999
4993,209,193.25443835000002,230.06634887499996
4994,209,215.11406484999998,205.879152825
4995,209,202.98742670000016,166.46640360000004
4996,209,158.48509305000005,169.3660294
4997,209,165.6007566000003,235.24751260000005
4998,209,209.8022573250002,241.20715332499998
4999,209,242.04578207500023,176.99513894999978
5000,209,240.07174302500027,188.04420840000006
5001,209,225.97236007500015,190.13040970000003
5002,209,304.89509484999996,313.0706987750001
5003,209,373.18067965,365.6786614999999
5004,209,290.0106987499999,362.3993160499999
5005,209,240.63729752500006,329.9872292749999
5006,209,294.7867543000001,279.4250579500001
5007,209,313.1969397000001,388.64696059999994
5008,209,346.97420197500026,353.5439786749997
5009,209,338.80487745000033,358.1984809
5010,209,419.16232307500036,317.99680890000013
5011,209,248.7900287999999,328.301725325
5012,209,321.87003312499996,293.97340972499995
5013,209,336.08874377500024,332.07606485000014
5014,209,244.03468570000007,276.98890899999986
5015,209,199.56442900000002,329.9635629750002
5016,209,260.72319940000045,221.4956246000001
5017,210,179.25672575000021,288.259570975
5018,210,185.90701685000033,192.73242897499998
5019,210,196.375691975,189.401337775
5020,210,214.0420161499999,197.55930130000004
5021,210,204.09099545000015,174.40865737499996
5022,210,194.7423808250004,202.5005353749999
5023,210,210.7855240500001,176.29698985
5024,210,322.3952389000002,253.06691715
5025,210,262.28256527500014,255.4810350249999
5026,210,311.6074898999999,254.1912681999998
5027,210,329.073175675,281.7396989749999
5028,210,286.6002752500001,354.900694625
5029,210,244.9965276499999,251.24341479999987
5030,210,277.853311425,252.58090864999997
5031,210,333.05314475000023,300.4190276249998
5032,210,332.1508616,324.83471685
5033,210,299.1665288500003,354.066171525
5034,210,326.3717138500001,377.52787875
5035,210,297.4061099750001,372.32848857499994
5036,210,330.73861755000047,308.0532014749998
5037,210,252.62533067500016,262.1505220999998
5038,210,248.69576760000004,329.16778284999987
5039,210,252.51246897500013,288.9885829750001
5040,210,224.798403625,168.3153146249999
5041,211,178.11579995000022,196.44906092500003
5042,211,150.26309135000025,143.82483272499994
5043,211,191.2568912250002,158.54715002499995
5044,211,214.18558557500006,176.97442079999996
5045,211,242.541749875,187.5124657
5046,211,279.0981337,259.1139607499998
5047,211,249.19974687500013,229.24814627500012
5048,211,281.417300975,282.5834279999999
5049,211,352.5454347,237.72382814999983
5050,211,391.4664230000002,286.5048037249999
5051,211,392.74143834999984,319.7096316500001
5052,211,352.21335115000005,331.077268
5053,211,438.7499187250001,421.48472902500004
5054,211,416.21794060000013,418.10005012499994
5055,211,388.06940865,454.63563165000005
5056,211,462.280282025,334.81675214999996
5057,211,408.5913943500004,383.1510181249998
5058,211,360.52151032499995,435.65393804999985
5059,211,276.249127,348.77978962499986
5060,211,352.23267447500007,339.9414042
5061,211,291.0933222999999,337.35400227499997
5062,211,318.35927204999996,309.7523030750001
5063,211,268.40320370000023,270.585314475
5064,211,178.17705065000007,185.92737065000006
5065,212,175.73309375000002,187.64388689999993
5066,212,197.18807612500007,224.56344375000003
5067,212,178.01656530000008,151.77125754999997
5068,212,203.17406222500037,172.94341250000002
5069,212,185.8823158749999,241.3844869249998
5070,212,201.75828305,269.06461975
5071,212,240.15785097500014,210.11395454999996
5072,212,297.67296705000024,281.3051339000001
5073,212,326.5475995750003,300.4578187749999
5074,212,273.37024127499996,343.98991069999965
5075,212,352.4997205750002,348.66169917499997
5076,212,370.12504672500006,369.7568594750001
5077,212,398.54099782500055,317.1971235999999
5078,212,362.4005860000003,283.5000224749998
5079,212,302.84755792500033,351.8267754
5080,212,333.3447130000003,313.4640903249999
5081,212,365.7926488500002,358.99902489999994
5082,212,391.78528315000017,324.7916181249999
5083,212,424.67528915000037,308.87792617499986
5084,212,413.3605045749999,295.9615507749998
5085,212,272.78259215,280.756637175
5086,212,372.43946680000033,268.2393152
5087,212,294.89044482500003,282.43820907500003
5088,212,189.62478005000008,190.627535475
5089,213,236.93577417499984,187.20099404999996
5090,213,228.8776964000004,211.22088647499993
5091,213,175.33380102500013,206.4927904999999
5092,213,203.81683495000004,184.091208
5093,213,221.72148324999992,214.37521364999995
5094,213,214.94717137499993,215.91581962499995
5095,213,245.15537667500018,218.3960475000001
5096,213,281.2319238750001,260.96332444999985
5097,213,394.6090379250001,318.23401334999994
5098,213,325.68936087500015,286.153376725
5099,213,414.98819565,344.2261489249998
5100,213,405.20794294999996,395.90635517500004
5101,213,439.38921587500045,268.154986425
5102,213,401.13968072499995,334.49824982499996
5103,213,412.31234667499996,374.9427159249997
5104,213,397.4932994750004,316.51974287499996
5105,213,391.9875791750002,411.0890873750001
5106,213,459.8343848000005,323.8927685999997
5107,213,380.6472243000002,355.43290264999996
5108,213,323.98405580000014,272.0621959750001
5109,213,305.1188739000003,298.9177524749998
5110,213,277.2570027500001,305.02248872499985
5111,213,215.46688602500006,247.63876604999984
5112,213,260.3031678750001,228.22191225000003
5113,214,249.51476315000028,229.15296754999991
5114,214,189.71370215000013,216.30336194999975
5115,214,202.45834482500018,198.96380939999992
5116,214,217.88749482500018,190.226886375
5117,214,163.59892757500006,209.59896984999995
5118,214,196.21565070000008,216.88569052500003
5119,214,279.4261425750003,354.1412696999997
5120,214,338.3993184500001,287.0895978249997
5121,214,262.6422042250002,314.73861687499993
5122,214,437.95735957500005,292.2188773249999
5123,214,432.0102037250001,346.206186525
5124,214,456.4347319000003,339.11353040000006
5125,214,348.00256430000024,340.39360902500005
5126,214,362.8778617500002,424.78499640000007
5127,214,456.1549785750002,456.1809884
5128,214,391.3911922750002,401.08684792500003
5129,214,376.3403227499996,395.8653214500002
5130,214,357.38077154999996,292.06519337500015
5131,214,431.09118230000064,365.7683106000002
5132,214,335.41143782500023,409.791839525
5133,214,259.30664572500024,336.3309614750001
5134,214,280.7047273999999,311.01032507499986
5135,214,235.56622192499998,323.96609957499993
5136,214,250.02068832500024,275.0595177
5137,215,293.5864349000001,207.41677852499976
5138,215,180.52020699999986,187.54236092499997
5139,215,177.80252117499987,182.14202200000005
5140,215,218.53489612500005,186.34586835
5141,215,234.54202712500006,206.47407555
5142,215,182.72267497499996,266.7336581499999
5143,215,233.11713695000026,274.17120155
5144,215,327.3537571750001,288.3931655250001
5145,215,340.971848075,319.49794622499996
5146,215,419.90896885000063,413.73929484999996
5147,215,275.0538399000002,323.7534102999999
5148,215,388.13259239999996,332.6247301499999
5149,215,342.42372389999997,430.7833156
5150,215,344.44713757500006,318.40249859999983
5151,215,373.2630220749999,350.3220210999999
5152,215,329.71312352499996,268.16119372499986
5153,215,367.00328607499983,409.55685867499983
5154,215,421.191060775,387.01121865000005
5155,215,272.7522761000001,422.4233434749998
5156,215,309.16065912500005,333.59190102499997
5157,215,251.91594622500006,307.15576849999974
5158,215,249.21258555000003,281.7266957249999
5159,215,267.19014227500014,272.87295725
5160,215,313.27985232500004,239.3793822
5161,216,239.87728860000027,191.763028475
5162,216,227.76747352500013,199.81129214999999
5163,216,221.69821582500035,211.31208017499995
5164,216,150.95124802499987,201.5304615000001
5165,216,238.21898247500016,196.97519914999987
5166,216,222.39318010000005,222.8507689999998
5167,216,253.12159570000014,199.87715810000003
5168,216,243.29165760000006,228.3077544749999
5169,216,263.0238790749999,285.87727937499983
5170,216,225.88964307500015,326.4659010999999
5171,216,339.1837684500002,290.3726262
5172,216,424.7842382000002,279.57222632499986
5173,216,327.01871462500014,297.8434754999999
5174,216,360.5921516750001,292.31468532499986
5175,216,351.26974095000014,269.9586776999999
5176,216,319.90975900000046,285.01947192499983
5177,216,373.49173792500005,379.2399908499999
5178,216,256.1501877750001,333.56708167499994
5179,216,320.1673847500001,296.33764564999973
5180,216,393.93684170000006,335.2718088999999
5181,216,266.07702489999997,289.58720504999997
5182,216,319.92712145,231.62853465000012
5183,216,279.92711340000005,284.39074137500006
5184,216,204.06651937499993,216.86736799999986
5185,217,208.66263237500024,220.651791775
5186,217,213.51297245000015,213.9419744499999
5187,217,189.84399544999994,190.31953677499985
5188,217,164.24125657499997,220.78497479999993
5189,217,228.04138855000002,170.089736125
5190,217,198.49479472500025,219.05475392499994
5191,217,229.72172982499998,199.187625125
5192,217,211.82739967500007,218.09581692499995
5193,217,184.0406338000002,241.61861867500008
5194,217,325.7798411000001,265.98431265
5195,217,310.12024577500006,317.50002795
5196,217,333.09887730000014,281.67376812500004
5197,217,322.97745435,335.18602577499996
5198,217,364.59499234999987,347.7228016749999
5199,217,309.89977112500026,352.43992482499993
5200,217,326.2176071000001,327.64047919999985
5201,217,408.8383860000006,349.278369675
5202,217,291.80863579999993,397.62547300000006
5203,217,375.77359235000006,285.41672457499976
5204,217,380.5827359,299.6266266
5205,217,264.8661974500002,247.10211910000015
5206,217,219.76042977500032,364.09647697499975
5207,217,243.48477192500008,294.4782314249999
5208,217,196.10523999999992,209.5563002250001
5209,218,188.2064950000001,181.52929442499993
5210,218,183.01185632500017,142.17933749999995
5211,218,180.9177458000002,165.44717964999995
5212,218,220.702644375,177.45375302500003
5213,218,183.4762044250001,186.32838134999992
5214,218,227.57097827500027,244.99185250000005
5215,218,254.78386494999987,252.23217760000014
5216,218,239.70316689999999,245.0298616249999
5217,218,284.9251396000002,245.79149547500006
5218,218,355.06542337500036,264.327270675
5219,218,438.7795248000002,410.28385075
5220,218,412.1069431749999,463.64565707500003
5221,218,394.6924386000004,410.11088787499995
5222,218,329.7821845250004,448.9312087499999
5223,218,375.89076364999994,523.5902594499996
5224,218,463.20050674999993,330.11635879999994
5225,218,361.29582647500024,422.05154175000007
5226,218,418.5508156750003,433.3476444749999
5227,218,412.20476607499984,420.81999359999986
5228,218,432.85979067500034,328.04887659999997
5229,218,399.679729125,302.6783881749999
5230,218,325.62589820000005,387.31247804999987
5231,218,293.29475235000024,264.850439175
5232,218,273.34437552500003,217.42536874999993
5233,219,236.59393357500005,208.28930622500008
5234,219,216.51665429999994,214.71950894999995
5235,219,212.359516025,207.222871075
5236,219,199.198307425,209.70951180000006
5237,219,206.1062831750001,212.2324334999999
5238,219,210.24401622500014,266.67290865
5239,219,222.74342030000014,255.69824272499997
5240,219,320.2304298500001,264.52388222499997
5241,219,329.9373670750001,288.58168175000014
5242,219,339.8344178000001,338.1671590999998
5243,219,345.5396561999997,340.6164816500002
5244,219,335.6431973250005,430.26049769999986
5245,219,422.30920822500013,494.2446917499998
5246,219,381.70838149999986,428.15319077500004
5247,219,444.9927955250006,418.03841817499995
5248,219,580.2200403750003,453.95882582499985
5249,219,385.11641295,385.132539725
5250,219,452.1333007000004,351.018488725
5251,219,340.60118235000016,474.4512826250001
5252,219,332.1940249000005,365.5309886499998
5253,219,310.7812419999998,336.64134604999975
5254,219,418.05367152500014,378.159806475
5255,219,325.2483178750001,293.8273279
5256,219,235.79137607499993,277.1278978999998
5257,220,231.71683704999995,253.79502162500003
5258,220,251.13634467499998,227.23460052500002
5259,220,158.7560562749999,242.41051225000004
5260,220,198.13133837499998,182.69034969999996
5261,220,241.75437257500005,170.64996117499987
5262,220,239.08973307500008,221.25346092499984
5263,220,273.34129700000005,245.47474435000004
5264,220,310.41223052500015,268.9450875499998
5265,220,374.32134595,271.61695604999994
5266,220,308.31233005000007,360.4696670749999
5267,220,310.5804286250004,425.5660802499999
5268,220,367.9041815750002,443.8468483999999
5269,220,283.71162242500026,368.99926622500004
5270,220,346.81517222499997,347.6689093
5271,220,436.92702860000054,359.10505767499984
5272,220,327.2038161250001,422.34029787500003
5273,220,459.41741482500026,398.9031502999999
5274,220,441.7880039000006,366.0052856499999
5275,220,412.6928824249999,360.84299142500004
5276,220,406.6270674249997,376.5719440999999
5277,220,389.40194670000017,352.56753212499973
5278,220,369.2052036250001,309.65719277500017
5279,220,259.3983926000002,347.52174112499995
5280,220,233.31996345000007,335.24620867499993
5281,221,245.44945157500024,225.70441672499982
5282,221,230.16370277500016,276.17486737499985
5283,221,190.88765320000022,191.8724783500001
5284,221,181.4287413500001,179.10307104999998
5285,221,243.9092985000002,220.86058270000012
5286,221,275.4873954500001,219.66906089999992
5287,221,283.4137307000004,253.45347459999977
5288,221,238.16385247500003,250.223993025
5289,221,451.5367068500003,428.7010169
5290,221,327.25786307500033,363.8834812249999
5291,221,465.02881230000025,309.5992940750001
5292,221,502.6984879250008,399.55717325
5293,221,349.0826120999998,370.8075862749998
5294,221,356.32340655000024,447.878705225
5295,221,339.2588341249997,436.60839132500007
5296,221,333.5275225250002,387.3711607
5297,221,450.358225125,350.2680355749999
5298,221,488.34522312500025,380.3660391499999
5299,221,487.67206325000063,436.70484550000015
5300,221,368.22229702499976,335.14610389999984
5301,221,414.88024050000035,337.14656909999985
5302,221,337.90103209999995,317.0840183499998
5303,221,282.0702983000002,334.59922529999994
5304,221,287.52239150000025,255.8566214499999
5305,222,184.6533784,217.98217562500005
5306,222,219.02016897500005,266.030593925
5307,222,225.548095875,168.65335247500008
5308,222,203.87751035000008,258.39857582499997
5309,222,231.6537649999999,277.5622518249998
5310,222,214.19220687500007,226.8082179999999
5311,222,217.9343451750001,216.30775842499997
5312,222,280.6595870499999,283.96446779999997
5313,222,404.70516272500004,388.4062561249999
5314,222,415.1434015000008,343.6241699249999
5315,222,373.3493739250001,357.1971385749998
5316,222,413.8140372749997,472.9453924249999
5317,222,375.66612202500033,422.35476085000005
5318,222,424.9220727749998,428.7318391249999
5319,222,406.72749722500066,417.6212899249999
5320,222,363.8661164,362.6035615999999
5321,222,396.92468049999985,440.8387035999999
5322,222,416.093914625,443.92963677499984
5323,222,412.38599487500005,414.88773342499985
5324,222,360.2242717500003,299.7188015500001
5325,222,309.2086940750004,366.34946252500004
5326,222,464.9501263250001,285.14573045
5327,222,297.39001054999994,309.5170151499996
5328,222,268.74565135000006,316.0755726750001
5329,223,246.72443152500034,269.2623337499999
5330,223,229.6909259750001,241.31309652499993
5331,223,204.395655475,248.72389997499985
5332,223,182.35485072499992,248.67345587500006
5333,223,247.08926212500023,181.05701694999988
5334,223,185.26645810000022,236.67098545000002
5335,223,163.05935930000015,228.31304134999993
5336,223,243.58914699999997,278.48340939999997
5337,223,345.2245653,358.9573837
5338,223,338.144045325,454.84784297500005
5339,223,316.54862785,505.6465100499996
5340,223,437.5815941250001,380.205256375
5341,223,426.20645252500003,377.8266077999999
5342,223,411.61792012500064,304.47878360000004
5343,223,432.829901825,364.69020954999985
5344,223,389.95295522500015,394.74979814999983
5345,223,325.11876877500043,457.7915266999999
5346,223,419.87163532500006,439.3176579999999
5347,223,355.0280372250003,427.3398993750001
5348,223,264.7398776000001,320.6886811999998
5349,223,374.0284772750003,326.540326175
5350,223,384.50698950000043,306.62735445
5351,223,358.61817162500006,263.88103992499975
5352,223,329.9037270250003,220.65057132500013
5353,224,266.7825510999999,198.9844589999999
5354,224,256.57862055,222.50556594999992
5355,224,232.51997084999988,266.4655501
5356,224,178.7474174749999,234.46105372499989
5357,224,219.097570125,211.91547710000003
5358,224,246.85656942500015,231.49482467499988
5359,224,231.82560392500005,245.5526236999999
5360,224,249.24362177500026,264.89960582499987
5361,224,298.1219550250004,384.47008959999994
5362,224,369.7675039750005,293.24613947500006
5363,224,423.6150569499997,393.3614930000001
5364,224,520.8581684000005,518.8376834249998
5365,224,422.3532382750003,298.8222074749999
5366,224,365.2527597250003,308.7675991499999
5367,224,457.54213247500013,408.83816022499997
5368,224,380.60252882500026,435.23947377499985
5369,224,480.5050693000002,435.77695389999985
5370,224,369.06043057500017,441.1917118999999
5371,224,362.77642270000007,412.4906071499999
5372,224,275.30948402499973,390.68651370000003
5373,224,366.0512716499999,395.63331359999995
5374,224,371.4058778499999,252.80131210000002
5375,224,320.54940945,247.5881529
5376,224,300.59070832500026,267.354687875
5377,225,179.31399802500005,255.89813552499996
5378,225,270.15230900000006,228.05493430000004
5379,225,156.66586347499987,213.2604467750001
5380,225,196.07914575000004,230.5939040750001
5381,225,213.72025102500007,223.10529062499987
5382,225,276.98463930000077,244.09710279999973
5383,225,258.7834217750001,344.6826165749999
5384,225,271.76254340000025,323.821564525
5385,225,336.87673249999995,389.2952222249999
5386,225,346.15444515,381.40475647499966
5387,225,445.09751270000055,352.51138290000006
5388,225,412.2007346,394.0270690749999
5389,225,374.70332247500033,427.222092525
5390,225,467.6009210000001,426.79491919999975
5391,225,428.78922957500026,380.6321382
5392,225,359.3844014500001,454.66917575000025
5393,225,452.0657155750004,407.09756255000013
5394,225,514.3577978500006,529.423105175
5395,225,403.9493698,423.56767045000015
5396,225,484.387689725,338.8180054500001
5397,225,350.9332768500001,348.7344254249999
5398,225,377.8697351750001,373.76878489999996
5399,225,340.1852573250002,284.558351625
5400,225,289.0721574000002,294.40925864999997
5401,226,233.44995657500024,242.41039667500002
5402,226,198.5361881250002,194.14717987499984
5403,226,237.70028540000004,230.19317497500003
5404,226,188.48379434999993,245.43673154999993
5405,226,236.30811092499994,212.10789844999977
5406,226,320.1227051750001,267.24610062500005
5407,226,353.38817552500035,241.43961972499983
5408,226,282.5597578000003,346.9048478000001
5409,226,323.43861855000006,314.34578439999984
5410,226,403.4955006749999,353.74999487499997
5411,226,383.4908978000002,340.3130752999999
5412,226,514.3422067000007,429.0787285750001
5413,226,377.96127105000005,364.0484708500002
5414,226,479.1308464000005,448.47105802500016
5415,226,542.1110036999997,396.8556202249998
5416,226,429.9259143000003,413.63624749999974
5417,226,410.934242325,437.6395373
5418,226,458.3522412499999,437.67446530000007
5419,226,337.51710967500054,368.1825737999999
5420,226,373.7036444500004,357.25180024999986
5421,226,344.84400922500026,372.1287483
5422,226,349.06972697500026,347.4761027999999
5423,226,320.09716157500026,334.1960961499998
5424,226,323.8461596000001,266.48371170000013
5425,227,292.50499824999997,179.27310984999986
5426,227,250.11453840000016,175.65481952500005
5427,227,222.11892929999993,231.81595465000004
5428,227,186.86555905000017,240.49091725000005
5429,227,256.69507257500015,208.19459252500002
5430,227,263.94274187500025,281.87411354999995
5431,227,290.4157895750002,229.20192609999995
5432,227,285.00767077499995,306.76183129999987
5433,227,319.7829906750003,329.1630654
5434,227,423.6616701999998,366.60230124999987
5435,227,356.81809267500023,491.2687316249999
5436,227,489.5363979250002,388.156204
5437,227,405.4751060000002,342.833986375
5438,227,400.22278984999986,425.6320264
5439,227,439.90035517499985,391.0953803749999
5440,227,411.46087354999975,388.9723120749998
5441,227,354.9042347500003,446.7758416250001
5442,227,369.87340527499987,488.53165675000014
5443,227,398.2924953249999,416.78723472499996
5444,227,457.3023411499996,312.463646075
5445,227,320.56844379999995,274.11695569999995
5446,227,312.8031351000001,304.7945524249999
5447,227,315.4950566750002,241.27052370000004
5448,227,234.55737237500006,271.0347683000001
5449,228,226.60504677500003,341.14076305000003
5450,228,162.1606725750001,184.27442594999997
5451,228,180.03465360000007,244.416786625
5452,228,189.8181423750001,132.199522775
5453,228,188.69449885,248.08736812500007
5454,228,259.80593180000017,255.2832788249999
5455,228,305.3126899750001,279.30661632500005
5456,228,268.70474812500004,281.5870121
5457,228,314.37890515000004,320.27502927500007
5458,228,441.8967719000004,341.3415770749998
5459,228,353.25540340000003,300.8306989499999
5460,228,254.1928576499999,463.28092892499996
5461,228,395.63493332500025,391.0926977249998
5462,228,458.0303041000001,384.96458725
5463,228,395.3102203750003,341.8268529499999
5464,228,316.3701523000002,391.9905645499997
5465,228,413.36317405,396.10121972499996
5466,228,393.13339057500013,309.12107824999987
5467,228,334.83076050000045,317.271540275
5468,228,367.7947892250004,305.00149855000006
5469,228,317.58204367499985,318.9792966
5470,228,268.2562988500002,457.2792619249997
5471,228,290.858296,298.12232742499987
5472,228,264.4685205000003,228.5238177249999
5473,229,250.66469430000018,203.5479461499999
5474,229,216.43906477499996,229.96287044999994
5475,229,172.1433195500001,209.70066674999998
5476,229,224.18523582500018,196.6746114749999
5477,229,225.61348127500008,219.37250912500008
5478,229,326.4504244000001,236.0419600500001
5479,229,282.986290925,287.051906875
5480,229,334.0901272000001,271.40332825
5481,229,279.5572923250001,346.47199554999986
5482,229,392.0664059500002,371.49274530000014
5483,229,357.14850132499987,397.0157490749998
5484,229,324.1318268,468.5559197999999
5485,229,404.30336980000055,356.81723332499985
5486,229,386.8925295500005,449.62785254999994
5487,229,447.38422782500004,408.2796008749999
5488,229,404.09238985,303.30187397500003
5489,229,396.4644506,413.75069615
5490,229,390.41272207500083,419.6872317750001
5491,229,336.3323042250005,356.28048592500005
5492,229,330.50047534999993,317.57875642499994
5493,229,306.7565347250001,406.15612892499996
5494,229,348.9471187750005,317.38688687499985
5495,229,316.38984682500006,221.771679825
5496,229,257.14799557500004,247.83662665
5497,230,247.4269423500001,252.62921757500004
5498,230,186.2316350500002,226.49240232499992
5499,230,189.19138032500007,187.13964117499984
5500,230,274.47246397500015,239.11470169999984
5501,230,196.64945257500014,241.81549345000008
5502,230,279.859232225,215.3141879000001
5503,230,231.9861673500002,261.19220649999994
5504,230,218.6681755250001,267.0914903500001
5505,230,335.5971876,331.49237694999994
5506,230,383.98103022500004,372.0095149749999
5507,230,410.12542720000033,386.39553187499985
5508,230,419.03370240000027,362.85581084999995
5509,230,325.5411266749999,489.4737436499998
5510,230,436.13261397499997,417.5073934749999
5511,230,420.51668672500045,378.0285954499999
5512,230,293.8258118499999,482.1273371750001
5513,230,412.4394284250003,358.41898937499974
5514,230,428.44625927500033,359.3073476249998
5515,230,365.0781780000002,280.18936952499996
5516,230,396.31571542499995,342.8528671500001
5517,230,311.5088744000001,312.2030856000001
5518,230,234.05556819999995,316.578376275
5519,230,273.180676475,258.01836894999974
5520,230,226.50775180000008,288.13286955
5521,231,219.41442830000008,207.93066502499997
5522,231,242.43697847500016,176.0538576249998
5523,231,246.33269727500004,228.7523956749999
5524,231,172.94245909999995,230.69191974999995
5525,231,217.17767640000008,223.8547691249999
5526,231,255.6267541499999,233.80585014999986
5527,231,215.04141027500023,268.7280358500001
5528,231,210.37549217499998,206.74318929999998
5529,231,228.56218787500015,294.4381658499999
5530,231,299.092575975,269.5228395999999
5531,231,321.0692642500003,309.617171375
5532,231,415.22245392500076,356.0023672000001
5533,231,277.1799405750003,340.52677350000005
5534,231,345.6537748999999,284.533068975
5535,231,374.1410786250002,311.44545965
5536,231,465.8496624000004,338.6449695749998
5537,231,456.1650484000008,342.97058127499974
5538,231,366.5464484000001,340.85048267499985
5539,231,338.9071085500002,349.0273782499999
5540,231,291.2163409000002,381.42746594999994
5541,231,344.1420771250004,323.948347225
5542,231,288.4197644499999,263.96021264999996
5543,231,212.54236267500022,268.073760375
5544,231,221.89138825000003,242.21532710000014
5545,232,197.03187087499992,203.424725825
5546,232,287.2596021500001,274.4307432249999
5547,232,182.877775375,244.3859376
5548,232,223.16409877500007,193.94215104999995
5549,232,183.29780644999988,209.10774189999984
5550,232,198.91451372500006,251.55131257499988
5551,232,218.20913072500002,313.6109006749999
5552,232,291.8732879500001,299.6659376999999
5553,232,345.7156661,376.92456497500007
5554,232,305.3311608250001,298.1537449499999
5555,232,393.2252602250007,354.67848822500014
5556,232,304.54844372500037,461.6903622999999
5557,232,395.51165420000024,426.4061793999999
5558,232,448.4888582000003,472.5304922
5559,232,468.5174919250003,384.3353148
5560,232,489.34342937500026,446.2012635499997
5561,232,383.31993110000053,450.7207473249998
5562,232,422.68697215,518.8446948999999
5563,232,468.0720649250005,401.05752687500006
5564,232,367.2131096750003,371.83097217500006
5565,232,326.1648089250001,360.97970032500007
5566,232,281.41276677500014,313.2845262499999
5567,232,315.8040862500002,357.61917264999994
5568,232,220.98280332500002,274.1540990500001
5569,233,212.3076802500001,232.75649692500002
5570,233,234.32901694999998,216.20527147499996
5571,233,225.68839832499998,146.22281392500017
5572,233,256.95161844999984,274.875009325
5573,233,265.2220415750001,266.04957164999996
5574,233,231.15145737500026,322.102867575
5575,233,284.3495867250003,258.37380175
5576,233,371.15016745000014,329.28669562500005
5577,233,368.27482102499994,297.5081871999997
5578,233,289.50119197499987,270.46403269999996
5579,233,378.3850965000001,323.37827540000006
5580,233,382.8702600000006,261.32926127499996
5581,233,448.06856782499995,354.9589385249998
5582,233,449.234616425,467.68219687500016
5583,233,354.6576715750002,410.3214207249998
5584,233,398.66933912499996,580.0065215499999
5585,233,248.2046951999999,384.29419387500025
5586,233,373.2937219500002,398.3564525249999
5587,233,238.58658875000003,423.1027599499998
5588,233,376.22765125000063,363.50640085
5589,233,387.1627732,335.2665542499998
5590,233,316.39537870000015,307.9639578
5591,233,307.0709219000005,245.35765417499994
5592,233,262.36140090000015,273.28377002499997
5593,234,220.16173882500016,263.91893349999987
5594,234,241.2402547000001,230.87089747499988
5595,234,152.53314745000003,166.25232074999997
5596,234,194.6043136000003,161.61175012499996
5597,234,214.17785937500008,188.20453495
5598,234,218.33135392500014,295.9948315999999
5599,234,245.53572665000019,253.42728852500014
5600,234,363.02538270000025,321.94667867499976
5601,234,317.7333206500001,362.18823929999985
5602,234,289.90986077499997,338.9770296000001
5603,234,269.6714591,363.1624055750001
5604,234,261.69084732500005,447.1707702499998
5605,234,350.1943470750001,411.7026178
5606,234,376.8033599500005,396.69702259999985
5607,234,369.01470244999985,328.90633712499994
5608,234,288.09181342500005,337.52769657500005
5609,234,360.7881946000001,319.65526049999994
5610,234,356.68932312500027,356.89258839999985
5611,234,341.9739900750001,257.00355982500014
5612,234,321.5900770750001,320.594279875
5613,234,282.0685745250001,379.34020005
5614,234,362.20910407500014,309.38444914999985
5615,234,277.31064142500026,273.71462592499995
5616,234,245.8215061000003,248.48153095
5617,235,216.37870762500003,177.14394614999998
5618,235,207.99211485000012,249.62730789999995
5619,235,226.78000315000025,188.94115449999998
5620,235,191.0639872499999,207.19104875
5621,235,263.45375582500003,215.73021764999993
5622,235,210.6947615750001,228.74794179999998
5623,235,192.06447132499994,287.6710513249999
5624,235,279.88222660000014,309.185521925
5625,235,304.5334849500001,311.90593020000006
5626,235,331.93778095000005,385.1063759000001
5627,235,409.3409936750006,351.51968824999983
5628,235,334.56920565000013,424.50851165000006
5629,235,382.2296668000002,487.0403012249998
5630,235,324.53394512500006,345.46104964999995
5631,235,408.0305292500001,389.96400932500006
5632,235,383.87273167500047,395.65084417499975
5633,235,447.96802377500023,378.33164492499986
5634,235,349.70775852500014,404.7459117499999
5635,235,307.897499125,257.56911535000006
5636,235,295.1159588750004,315.45662212499997
5637,235,355.73570917500007,370.0377266500001
5638,235,273.657868475,287.2794071999999
5639,235,214.72860384999998,233.47909992499984
5640,235,216.5605850000004,239.90437354999995
5641,236,234.11777105000013,217.74648739999998
5642,236,184.32558332499988,176.14318695
5643,236,214.05556395000005,224.68123379999997
5644,236,192.74860735,194.7300037249999
5645,236,221.06141314999988,218.68719247499996
5646,236,274.9436042000003,255.83781415
5647,236,191.45670370000022,298.2951033
5648,236,306.6669501250002,337.2178848749998
5649,236,266.96991610000003,345.55477897499975
5650,236,318.80395739999994,414.866787175
5651,236,401.75731799999994,459.67368294999983
5652,236,391.9292766750003,335.28886582499996
5653,236,289.5924914000003,417.1767138999999
5654,236,321.32392357499987,318.77939844999986
5655,236,371.43927442499984,327.65345457499996
5656,236,457.5734303750006,355.44127902499986
5657,236,378.0090207250003,373.3642717
5658,236,323.5388449499999,408.39871812499996
5659,236,390.08206302500025,342.62308699999994
5660,236,369.3365801750001,256.67291532499985
5661,236,292.36538105000005,284.77467197499993
5662,236,282.4547325250003,262.82414152499996
5663,236,216.6348172750001,297.74027862499986
5664,236,278.33338927500006,179.80715557500014
5665,237,189.43065469999993,240.0979964749999
5666,237,199.64278630000007,165.48846200000006
5667,237,174.22009737499997,178.53114792500003
5668,237,195.49360502499997,202.07190962500002
5669,237,196.4747620500001,198.40322344999996
5670,237,215.3146648500002,199.46072709999999
5671,237,298.54197832500006,203.3638468749999
5672,237,304.32477555,238.6073318
5673,237,333.3233979500002,294.41021777499986
5674,237,328.7266266250002,293.152878975
5675,237,238.24902945000022,398.5589679750001
5676,237,276.1837735,347.07576597499997
5677,237,343.80071335000054,249.1651765000001
5678,237,338.04412610000014,320.10339999999985
5679,237,336.7376983750004,341.3798476249998
5680,237,353.4135528250005,339.33801209999984
5681,237,284.1821669250002,339.62503927499984
5682,237,241.48958925000005,278.8156571749998
5683,237,253.2455022,257.11866997499993
5684,237,276.50634877500005,291.71302285000013
5685,237,266.68958992500006,262.05463347499983
5686,237,260.66559872500005,235.7495935749999
5687,237,282.7547745750001,214.4392132249999
5688,237,216.21962230000054,231.30616177499994
5689,238,188.8015860500001,169.27566179999997
5690,238,170.177418375,157.06723187499998
5691,238,210.13006502500014,158.12395677499995
5692,238,178.24119249999995,143.97998777500004
5693,238,207.25403995000008,180.59295507500008
5694,238,165.92386102499998,226.99328582499993
5695,238,203.41014389999998,192.24006722499996
5696,238,236.33462245000027,235.7641517250001
5697,238,289.87077949999986,284.0801863249997
5698,238,295.3884958250003,306.2191176999998
5699,238,300.2913449750003,281.3791464750001
5700,238,317.44475420000015,353.64197482500003
5701,238,294.3425388500002,250.47279542499996
5702,238,244.37642252500007,344.51829677499995
5703,238,300.52478202500004,292.60445092499987
5704,238,303.16299315000003,320.83437827499984
5705,238,263.45391507499994,310.88423375
5706,238,363.182397025,315.0321245749999
5707,238,271.8923806,326.6224404250001
5708,238,248.02083612500005,313.0834174250001
5709,238,231.58134512500015,337.3019679749997
5710,238,294.5757773000008,211.34186472499994
5711,238,190.52655042500015,277.33495017499985
5712,238,220.78124895000002,170.3814923
5713,239,199.9826127750001,167.07829962499994
5714,239,201.11355945000008,149.35131934999993
5715,239,203.33376370000013,173.589632275
5716,239,218.5385552500002,189.03783085000003
5717,239,236.5064181250002,197.7412454499999
5718,239,273.38371280000024,232.20968995000015
5719,239,236.26738575000002,250.09666182499998
5720,239,293.38878442500027,241.53422597500003
5721,239,365.7909580000003,293.32332245
5722,239,385.1339987,272.631543525
5723,239,334.66396502500015,418.57624072500005
5724,239,345.17135907499994,266.87709384999994
5725,239,376.67696832499996,342.57713595
5726,239,317.0363107750002,315.41519577500014
5727,239,365.5100849250004,341.91756315000003
5728,239,330.27979724999994,311.321901725
5729,239,373.0946188750006,387.60759184999984
5730,239,442.89644182500047,418.1974054499997
5731,239,351.05105752500026,357.086722025
5732,239,405.7699829750005,348.85468832499987
5733,239,353.1747878250002,254.96314720000004
5734,239,336.1703066000002,308.7870493500001
5735,239,322.36841322500004,233.61652335000014
5736,239,189.72592235000016,217.32201827499995
5737,240,234.70893022500002,170.95886359999997
5738,240,191.55122830000016,194.3119575749999
5739,240,207.16624275000004,203.303625075
5740,240,162.5629747,213.2732017749999
5741,240,190.20318850000007,169.82781904999996
5742,240,233.40569670000005,248.50752142499982
5743,240,254.96045830000003,176.73156659999992
5744,240,293.2910308250001,310.76771392499995
5745,240,279.851361325,347.09081269999984
5746,240,317.670464025,244.83118990000008
5747,240,257.773466425,316.72870650000004
5748,240,377.2111799749998,371.94761870000013
5749,240,298.19807272500003,374.7206162
5750,240,393.9839086500001,425.47648244999993
5751,240,421.61920084999986,400.74081672499995
5752,240,364.2762237500001,399.3489628750001
5753,240,395.5350732249999,395.3512594249997
5754,240,369.0605925250002,370.431694625
5755,240,335.29836000000034,420.69306114999995
5756,240,355.78945942500025,402.64167549999996
5757,240,455.74824207500023,297.8749314749999
5758,240,325.0063824500004,290.4788368500001
5759,240,317.85179000000016,295.35918370000013
5760,240,254.16962112500016,295.1949033749999
5761,241,277.4678109,211.243990975
5762,241,200.99709755000006,196.52978074999993
5763,241,238.269414025,191.57009287500006
5764,241,248.05727437500005,199.34462382499999
5765,241,209.19328195000006,198.85620875000006
5766,241,255.20669565000014,174.83236034999996
5767,241,311.1132549500004,271.5978609999999
5768,241,277.50374042500005,342.18691279999996
5769,241,401.3361891000003,274.8506851000001
5770,241,327.1243273,359.691700675
5771,241,322.61884590000045,388.51606594999987
5772,241,373.6686230000004,443.8512903
5773,241,406.0279022999998,445.55871357499984
5774,241,351.28632607500015,361.99455017499986
5775,241,369.5839243749999,372.70103535
5776,241,335.6331292499998,320.11146822500007
5777,241,420.92047155000034,378.8179026749999
5778,241,412.6220026750005,389.75314977499977
5779,241,495.28124727500017,323.08279927500007
5780,241,356.58412435000014,461.89812817499995
5781,241,332.8956205250006,356.9472999999999
5782,241,353.5222268500004,329.9140046749998
5783,241,248.34349455000012,367.78908214999996
5784,241,264.59307255000004,259.3886416749998
5785,242,224.0847149250002,254.3725377250001
5786,242,248.75577687499992,230.3859416250001
5787,242,204.30251627500024,247.95309045
5788,242,213.03244445000004,161.61435897500002
5789,242,225.361125775,250.276822425
5790,242,271.23203637500023,251.145619275
5791,242,354.2455609000003,284.63688942499977
5792,242,307.8949095250001,309.9699592249999
5793,242,324.652928975,324.6613798249998
5794,242,373.4660209000003,418.0282013249996
5795,242,392.34494865000016,387.9831799999996
5796,242,331.4977479750001,354.316775925
5797,242,352.59783162500065,375.6649887499999
5798,242,316.30558337499974,462.5662782500001
5799,242,381.79128617500015,312.06390352500006
5800,242,387.7077698750003,348.0390733749998
5801,242,343.652602375,327.3592921249999
5802,242,381.52873397500053,401.2039070499997
5803,242,352.8332989750005,326.61967454999996
5804,242,319.98522785000006,275.034362925
5805,242,332.58890207500014,393.46255429999997
5806,242,382.59134704999997,253.48473704999984
5807,242,235.71934410000006,192.68221010000002
5808,242,197.48310542500013,245.60559247500004
5809,243,262.73159390000006,257.9032594
5810,243,151.6147912249999,242.28791274999992
5811,243,206.10510800000014,186.92707934999996
5812,243,224.57589702499996,209.56235514999986
5813,243,197.32276370000017,250.48845824999995
5814,243,227.27585430000028,252.80537342500008
5815,243,265.5781637500002,247.4167990749999
5816,243,443.1617315500007,356.8702374749997
5817,243,308.05750890000024,298.53357729999993
5818,243,323.87184895000075,369.14263509999995
5819,243,309.549498225,368.6879733499999
5820,243,429.8346590250005,368.317673775
5821,243,338.2692322000004,402.80082667500005
5822,243,435.7113561500001,376.21323944999995
5823,243,358.4913408749999,316.00743574999984
5824,243,364.2001676000003,352.22571619999997
5825,243,397.8813555500003,361.267200925
5826,243,355.60015440000006,381.86563257499984
5827,243,406.54643554999996,380.0144255
5828,243,346.9023270250001,301.1082013250001
5829,243,316.30529695,239.5942751000001
5830,243,308.9726494500003,325.291225525
5831,243,300.1653489250002,357.0469473249998
5832,243,248.09898634999985,184.8781675999998
5833,244,217.53569695000016,243.53306224999994
5834,244,221.28324597500006,168.87460405000002
5835,244,246.16996277500016,162.14287195000003
5836,244,181.15436760000006,173.9803003749999
5837,244,190.31830372499996,187.81383097499997
5838,244,207.74874812500008,209.42796804999983
5839,244,246.40669147500014,223.3835172249999
5840,244,190.70836662500025,301.88843757499995
5841,244,344.0671026249999,242.28469437500002
5842,244,266.27247942500003,274.76590159999995
5843,244,283.830272425,394.19095590000006
5844,244,304.1030109750002,415.7631907499999
5845,244,314.78583864999996,325.034445075
5846,244,308.56178355000026,330.3235767
5847,244,246.21143504999984,338.00801034999984
5848,244,242.729933975,288.4225461249998
5849,244,284.75223190000025,353.21813975
5850,244,315.2252466,317.6766774749999
5851,244,297.4948674000001,317.7904671499998
5852,244,393.71471477500006,264.43799467499997
5853,244,343.61684497500005,308.50196917500006
5854,244,326.5587706250003,230.95516044999988
5855,244,266.72782382499986,250.08771224999987
5856,244,225.25498535,267.4392153999999
5857,245,246.00572452499998,234.262407575
5858,245,170.85182527499998,186.84132399999993
5859,245,176.17063157500007,190.73012447499985
5860,245,231.71077722499996,231.90186389999985
5861,245,210.00654957499995,207.49825012500006
5862,245,224.67443435,200.46094459999992
5863,245,161.93677324999993,178.06961872499988
5864,245,280.9190373,209.5555964250001
5865,245,252.48407705000042,205.7749853749999
5866,245,243.08423977500013,304.83828515000005
5867,245,286.17047605000016,302.17487495
5868,245,345.2510893750002,330.58084722499984
5869,245,240.16618825000006,381.8050109
5870,245,340.24650647500005,255.41240815000003
5871,245,288.22012455000004,328.12476842500007
5872,245,379.34319600000003,308.8669974999999
5873,245,377.61891825000004,276.9403166249999
5874,245,335.244434875,331.36830664999985
5875,245,240.87450022500002,290.84452502500017
5876,245,257.3449325250002,352.292409225
5877,245,288.39453887499997,323.8195106249997
5878,245,254.10256920000006,241.17293442499985
5879,245,249.32343012500024,228.91656794999997
5880,245,209.33494044999995,226.201358975
5881,246,205.7541651250002,194.0144684
5882,246,165.88065760000012,214.03993442499996
5883,246,176.816750675,246.32140327499997
5884,246,194.00335290000044,224.1634378249999
5885,246,185.56553935000005,234.15001067499992
5886,246,236.663788275,170.50629740000005
5887,246,283.14257432500017,205.30654315
5888,246,268.22673839999993,250.0259213
5889,246,254.33340077500026,249.69034669999996
5890,246,337.66635757500006,305.3961900749998
5891,246,295.08283740000024,302.0109359749998
5892,246,337.65967997500013,295.2613878249999
5893,246,369.5660478000001,374.8233367749998
5894,246,353.23398550000013,352.7031559999999
5895,246,351.28182437500027,422.4780075249999
5896,246,362.9348536000001,361.10494629999994
5897,246,282.0714770750002,296.0969396249999
5898,246,339.08259882500005,348.3867866499998
5899,246,368.3736588250001,323.13710625000004
5900,246,354.85938522500027,310.55069392499985
5901,246,318.584952875,374.02711829999976
5902,246,322.8188766000002,236.97107214999994
5903,246,247.85033154999988,254.92543839999993
5904,246,197.4501942750001,206.40785284999973
5905,247,201.64613717499986,246.38446702499982
5906,247,200.02693647500013,165.13911285
5907,247,248.45272667500018,178.67857592499993
5908,247,253.36580360000002,229.18185339999994
5909,247,223.11415197500003,172.33932805
5910,247,268.5494851000005,208.326284875
5911,247,210.2334804749999,265.220360775
5912,247,240.19889805,269.56278454999983
5913,247,307.6898139000001,384.35658557499994
5914,247,378.03894352500026,470.83726332499987
5915,247,307.09665470000004,339.7136754999999
5916,247,428.8372171750001,348.95736480000005
5917,247,389.64333732499995,397.739629875
5918,247,406.351018725,403.56581269999987
5919,247,387.68856285000015,291.468844875
5920,247,379.4819920500002,342.78935980000017
5921,247,351.4774462750004,416.0717199749999
5922,247,453.0527382250001,357.3115387499999
5923,247,412.4199476750003,355.23663707500003
5924,247,452.4584113499998,337.028757625
5925,247,282.5459896250002,301.86200169999984
5926,247,231.90717304999998,273.45934884999997
5927,247,251.00343502500004,241.463347925
5928,247,224.03238437500013,205.37014199999976
5929,248,201.84856917500008,166.376075925
5930,248,171.63021617500002,231.11023440000002
5931,248,190.62557260000003,197.86428757500005
5932,248,234.11993045000037,181.9564817999999
5933,248,221.07605300000023,207.83984587499995
5934,248,256.37411417500016,262.9339458999998
5935,248,232.7275267500002,299.235344325
5936,248,317.68519327500013,369.73515207500003
5937,248,372.0099018750002,361.1030292999999
5938,248,316.1696050750003,340.03763377499985
5939,248,403.6404630750002,335.53272059999995
5940,248,360.864672725,310.69854697500006
5941,248,312.6189122000003,338.45891472499994
5942,248,307.97622505000004,369.88106395
5943,248,311.7457233,384.9206772250001
5944,248,347.8031522500005,353.50287832499987
5945,248,294.96192077500035,351.5536757
5946,248,327.0498173750005,335.1311697
5947,248,316.90980092500047,375.6082238
5948,248,266.9944255500001,368.0832990749999
5949,248,360.67517977499995,307.3913834499998
5950,248,309.707938175,310.87706194999976
5951,248,246.57456417500043,237.63680980000004
5952,248,272.827931525,208.75294122500003
5953,249,190.98322587499996,136.42803075000006
5954,249,242.051986,194.80227064999997
5955,249,222.53330345000015,197.73552462500004
5956,249,212.2129002250001,202.8942926249999
5957,249,217.62514957500002,167.20650017500003
5958,249,216.6179678500002,224.11977812499998
5959,249,275.74694494999994,328.36844732500003
5960,249,337.1218087250004,333.3489816499999
5961,249,318.1751655500001,323.2970712249998
5962,249,400.7852000749999,367.9184524999999
5963,249,402.3535718750002,418.90281902499987
5964,249,411.59407337500045,456.77887780000003
5965,249,415.78782307500023,356.35123875
5966,249,359.55611802500005,362.31266427499975
5967,249,278.2563615999999,350.2727813499997
5968,249,292.4060779500002,423.41410127499995
5969,249,365.8702041500003,367.1148432
5970,249,289.00675662500004,408.65302122500003
5971,249,312.1377527000002,372.92084792499975
5972,249,315.3474668,362.92061394999985
5973,249,356.19186535000017,295.0320526999999
5974,249,303.827670225,301.668384825
5975,249,288.65262050000035,291.6730674250001
5976,249,213.36250650000008,233.89720157499994
5977,250,227.08349350000012,207.83634024999998
5978,250,246.34622162499994,220.3714019
5979,250,226.19032855,199.88324519999986
5980,250,174.05083552499997,166.90241084999985
5981,250,237.36288767500014,194.50724597500002
5982,250,235.53402062499998,228.54871267499988
5983,250,235.04984612500004,178.36326957499995
5984,250,313.7371989000004,251.898347
5985,250,317.0111588750002,433.4848615750001
5986,250,399.8484152750002,368.3091730249998
5987,250,401.55056999999965,420.16661884999996
5988,250,360.8571140500002,361.31472775
5989,250,326.69449765000013,333.7467627
5990,250,296.90457187500016,340.56094155000017
5991,250,257.9323172999999,402.28922772500005
5992,250,397.97410592500034,347.25909847499975
5993,250,397.2201729250002,433.50102059999995
5994,250,315.1866781250002,307.64603487500005
5995,250,387.2655310500001,341.5360007500001
5996,250,307.19329537500005,332.89979222499977
5997,250,399.19694515000015,300.63799432500014
5998,250,262.4330961250001,315.84605964999963
5999,250,270.4846687999999,278.30873559999986
6000,250,259.2960033500003,247.68449539999986
6001,251,213.21635492500013,171.0184917499999
6002,251,220.86938020000022,198.90467884999998
6003,251,208.30951117499998,165.47795469999994
6004,251,201.9360364500003,184.14999737499988
6005,251,246.02306137500005,261.9925275
6006,251,211.9365982000001,198.57076807499988
6007,251,210.70160415000032,189.99372630000013
6008,251,294.92218187500004,234.82393912500004
6009,251,277.6755393750001,285.73521099999994
6010,251,334.33837495000023,311.05491019999994
6011,251,308.166434225,316.9815942250001
6012,251,353.18698032500004,323.63958249999985
6013,251,340.6783818,340.3352773
6014,251,274.4626749250002,266.97079407499996
6015,251,387.6433895000002,297.95772895000005
6016,251,289.0603982,324.5349795999998
6017,251,309.56203102500035,438.1584531249998
6018,251,304.3449241000002,382.1955962499997
6019,251,357.7744792250002,291.2532632
6020,251,355.58367842500036,472.2881360000001
6021,251,383.80306952500024,337.50394722500005
6022,251,321.16137145,246.56913824999987
6023,251,366.40859654999997,288.92789160000007
6024,251,188.21655372500013,253.9344816749998
6025,252,219.783247325,215.08406012499995
6026,252,251.49848400000002,161.18519977499997
6027,252,235.48399545000004,198.47357229999994
6028,252,162.05640262499992,164.34251342499996
6029,252,187.75117984999986,163.01731699999993
6030,252,218.34525682499992,192.24167032499997
6031,252,170.1186415750001,228.03753302500002
6032,252,217.32729904999985,241.46879942499993
6033,252,260.731682625,353.98311624999997
6034,252,295.08273432499993,252.1557322749997
6035,252,319.708354975,343.60925302499993
6036,252,327.6661290750005,302.59549440000006
6037,252,232.67470977500008,378.99391495
6038,252,353.9886187500002,342.456363175
6039,252,375.95487212499995,263.1026143749999
6040,252,319.4669301250001,372.56110910000007
6041,252,281.92971372499994,389.006451375
6042,252,388.892390225,292.5131742250001
6043,252,250.33355962500033,348.22294532499996
6044,252,314.05695277500035,353.0080081250002
6045,252,371.9385739750004,369.38076102499997
6046,252,297.17501087500034,246.7768261499998
6047,252,226.39131697500014,228.0368163999999
6048,252,182.31017082500006,225.86548167500007
6049,253,181.73817625000004,205.14664464999984
6050,253,217.30732812500014,177.5579978250001
6051,253,154.9571940750001,164.79273332499997
6052,253,211.86850464999995,185.26973995000003
6053,253,207.52857495000006,157.83119902500002
6054,253,177.68447780000014,240.63635605000005
6055,253,325.1657422500002,312.33579345
6056,253,254.39570472500003,291.18122429999994
6057,253,290.5576539250003,370.99183287500006
6058,253,314.89652385,307.59059529999996
6059,253,344.4978253,367.19924984999994
6060,253,402.283443475,340.2311197499998
6061,253,425.1616765750001,330.03988987499986
6062,253,411.2862825750001,336.66340597500016
6063,253,288.510361075,362.3234342999998
6064,253,373.2261206500002,371.8095020499999
6065,253,311.75214852500005,406.96219565
6066,253,284.2186803749999,361.07135967499994
6067,253,329.682290575,380.28357274999996
6068,253,433.3298003750009,384.02229844999977
6069,253,276.43189512499987,316.9832340499999
6070,253,299.8393841500003,293.895513025
6071,253,253.48195182500012,283.1723963999999
6072,253,258.9085838250004,242.94551702499996
6073,254,205.1036252750001,183.35623717499982
6074,254,238.0935912500001,174.78527327499998
6075,254,190.74227732500003,194.86250164999993
6076,254,215.01959457500016,187.51921082499996
6077,254,170.41979705000006,273.02664789999994
6078,254,260.05831772499994,252.74888890000003
6079,254,262.67892795,293.134206425
6080,254,394.3429664749999,365.4016467499997
6081,254,314.3815373,254.90954644999994
6082,254,260.7189434750002,416.1338327000001
6083,254,397.4445579500001,276.9667747999999
6084,254,399.56769942500006,300.4150043249997
6085,254,327.66623920000006,303.5703560500001
6086,254,438.4626001000006,344.54116954999984
6087,254,351.6686526500004,309.3459764500002
6088,254,376.65321577500004,370.8710532250002
6089,254,412.43000580000023,349.7079712499998
6090,254,343.86918692500024,401.1411599749998
6091,254,278.54899305000015,256.31851990000007
6092,254,291.52988560000006,357.8300436749999
6093,254,318.6512827249999,385.63068477499996
6094,254,288.8125886000001,289.89482485
6095,254,201.8359901500001,279.8472833749998
6096,254,191.98044567500028,262.1076593250001
6097,255,180.3540932750002,185.405274375
6098,255,214.75221682500018,200.02896319999996
6099,255,170.374999575,168.44528989999998
6100,255,212.93412007500015,187.64151214999993
6101,255,197.18512602500027,177.86641945000002
6102,255,222.2910091750003,203.29382969999992
6103,255,271.39463907500004,281.65045899999996
6104,255,266.7909601250003,232.32590987499998
6105,255,258.16480907499994,284.5622752
6106,255,304.29813527500005,417.5551183
6107,255,342.4743359000004,382.88469894999986
6108,255,320.4601440500003,404.75373505000005
6109,255,258.73182652500003,453.88214667499994
6110,255,379.77012215000013,353.7309815249999
6111,255,357.4590749499999,385.4711083
6112,255,314.4552367249997,441.1309831750001
6113,255,391.34051159999996,342.5061940749998
6114,255,312.1240689500003,375.206686625
6115,255,311.56340144999996,422.93065917499996
6116,255,331.627478725,299.85970774999976
6117,255,307.6009715750001,316.5894222249999
6118,255,266.03694707499994,354.9673392499999
6119,255,296.614396025,323.20273015000004
6120,255,247.76386527499994,236.30879347499985
6121,256,193.18676165000022,244.059781575
6122,256,184.83626747500026,166.07124837499998
6123,256,226.08786995000008,200.62162902499995
6124,256,194.50266252500035,201.46006145
6125,256,208.79281722500002,179.06166557499995
6126,256,234.12846477500005,200.94699295000004
6127,256,231.54273765,253.07758357500018
6128,256,265.71631507500024,264.55666669999977
6129,256,255.2258502000001,278.99307217499995
6130,256,270.4872300750003,404.868359875
6131,256,365.5377367250004,317.7881799249999
6132,256,403.23882320000024,366.68677099999985
6133,256,436.28853247499995,376.00550244999977
6134,256,358.82097122500033,410.8615780500001
6135,256,438.0479843999999,437.52889640000006
6136,256,393.2686674249999,345.32380487499984
6137,256,370.75133545000006,429.15320699999984
6138,256,382.1874900000007,396.4413584999998
6139,256,351.49012779999987,397.57401682499994
6140,256,336.5028277500003,435.70769910000007
6141,256,334.1651921250002,342.3368626
6142,256,332.017509225,289.5290047750001
6143,256,309.8409465250005,228.00758972499983
6144,256,265.22056652500004,268.192784525
6145,257,245.5292230749999,214.02236907499983
6146,257,182.09088187500004,200.79836109999997
6147,257,158.79317395000012,191.26924652500003
6148,257,219.1886425250002,194.54141625000003
6149,257,225.70329965000045,210.41993037499992
6150,257,265.322331825,197.31756479999984
6151,257,273.6620715749999,213.43482772499982
6152,257,275.9842749000002,271.74802729999976
6153,257,314.67019307500004,314.4397547249998
6154,257,349.9686720500003,296.100199675
6155,257,417.3298169750001,519.6832978749999
6156,257,337.7898712000003,429.03465237499995
6157,257,414.95613570000023,369.13637444999983
6158,257,373.77684235000004,375.783664475
6159,257,378.1100720000003,366.12580212500006
6160,257,401.14818065,352.84889749999996
6161,257,354.97925574999994,418.0614988999997
6162,257,403.88701087500027,413.0885840499998
6163,257,361.55854239999996,291.480968525
6164,257,379.4890752750001,327.86622557500004
6165,257,339.1075307250005,311.0508181
6166,257,332.4600603250001,201.49641562500005
6167,257,291.7544123,297.78243427499984
6168,257,317.2118442500001,240.36724957499987
6169,258,314.1436843000002,213.88718605
6170,258,164.80518957499996,219.56408819999996
6171,258,233.3964717250002,179.653682425
6172,258,203.75053652500043,179.00883142499998
6173,258,171.41641065000016,201.07828734999993
6174,258,228.95200640000002,211.7418612
6175,258,232.27363542500012,222.05515762499994
6176,258,273.79470875000004,229.39018407499992
6177,258,319.617935175,269.85783557499997
6178,258,421.9490276750004,323.079443775
6179,258,430.60235122500023,326.7619102499998
6180,258,278.3753654750002,256.25054930000005
6181,258,302.98409707500025,257.4713233749999
6182,258,355.3002889000003,336.360194375
6183,258,313.0780629999998,379.57170767499997
6184,258,440.23607622500083,342.2244480999999
6185,258,289.74614092499996,359.19638407499986
6186,258,320.91203167500015,328.47122434999994
6187,258,297.65613500000023,322.4214888499999
6188,258,313.95882430000006,407.42465119999974
6189,258,310.9370367,254.30911764999982
6190,258,301.6717517249999,261.5260345500001
6191,258,248.4729815999999,243.24851632500003
6192,258,243.9147842250001,235.22417017500007
6193,259,266.2895109750002,197.44718024999992
6194,259,179.24150900000012,187.72167262499997
6195,259,182.90286377499996,198.69663422499988
6196,259,172.2318729500001,161.014318
6197,259,226.92672675,170.39797072500002
6198,259,243.1515702000001,172.22305209999993
6199,259,194.4214232750001,240.26258549999994
6200,259,218.32267510000008,219.55403979999977
6201,259,302.9796593750002,324.525514825
6202,259,302.56723149999993,277.281481525
6203,259,355.8355347750006,350.64639047499975
6204,259,302.2151103,259.85283350000003
6205,259,302.6290690999999,416.35262762499985
6206,259,290.7915158500003,287.85719122499995
6207,259,351.4600758749999,345.0643143499999
6208,259,286.78364842499997,354.2006337499998
6209,259,283.37458872499997,299.0407338750001
6210,259,290.9442180500001,351.37975765
6211,259,370.11537622500003,386.43993367499996
6212,259,387.21293535000007,275.92912642500005
6213,259,275.06831395000006,291.11649922499976
6214,259,285.2844696750003,191.00962755000006
6215,259,272.25758575,227.29707237500008
6216,259,203.06715220000007,189.06602869999995
6217,260,187.43374025000014,214.90536677499995
6218,260,163.24921707500005,167.43269299999986
6219,260,151.81582765000013,180.3495093749999
6220,260,193.45493154999997,198.5331174249999
6221,260,154.633277575,154.83988944999996
6222,260,185.772847775,191.027233325
6223,260,228.3343658999999,253.55261869999973
6224,260,275.59937900000017,277.62256615
6225,260,317.73687550000017,254.815727675
6226,260,356.73026470000013,317.06847969999984
6227,260,339.68962007500005,298.4263722249999
6228,260,275.8001591000001,370.647758275
6229,260,397.0829825750002,378.02154927499987
6230,260,304.21547042500003,408.806483025
6231,260,343.3583804250007,356.77189365000004
6232,260,298.19061850000014,349.620125025
6233,260,372.6127219499998,348.77646017499984
6234,260,407.5633917750003,330.398530025
6235,260,317.82935452500004,280.900750325
6236,260,246.533089575,371.9580523249999
6237,260,328.76506502500024,269.1730732749998
6238,260,287.2268447,210.54960089999986
6239,260,205.75539685000007,256.43520224999986
6240,260,211.91647745000017,208.89440444999985
6241,261,193.56879377500024,158.75024422500007
6242,261,178.3094380500001,218.04635677499994
6243,261,186.840501125,197.05429167499994
6244,261,210.46403187500007,138.36900652499995
6245,261,164.0422950750001,208.03491902499997
6246,261,214.31623517500003,236.26553319999994
6247,261,229.651415375,286.0740795250001
6248,261,257.150417775,299.20666007500006
6249,261,273.2994300250001,277.2706632500001
6250,261,276.1301364,328.26832832499997
6251,261,375.99720992500033,331.507565
6252,261,317.50024454999993,352.7380271999999
6253,261,294.7443955000001,374.1148975499999
6254,261,319.1008160749999,316.06528000000003
6255,261,383.22830619999985,386.612605775
6256,261,361.2274491750004,428.43233454999984
6257,261,327.61311142500006,473.88849812499984
6258,261,272.8438505000002,389.18278184999997
6259,261,201.17413929999998,316.00158395000005
6260,261,307.5838863000002,263.43017365000003
6261,261,336.8446572500006,215.16180437499997
6262,261,343.9002216750001,300.79354104999993
6263,261,263.0572871750002,225.12082807500002
6264,261,228.63063177500004,189.66903922499998
6265,262,183.92164437500014,168.61959645000007
6266,262,184.92328030000013,176.71282889999998
6267,262,159.48332027499998,201.24068452499995
6268,262,188.99074772500006,201.67567592499998
6269,262,154.53513885000004,193.99905277499994
6270,262,210.72248202500015,219.040053375
6271,262,207.18023837499993,239.50539354999987
6272,262,284.00079345000046,279.247414
6273,262,332.7841464500003,238.72417449999995
6274,262,341.1968759250001,286.8834910499998
6275,262,342.42246794999994,312.19814875
6276,262,313.391310075,344.7838945249999
6277,262,334.2625817,292.39312094999997
6278,262,337.41640632500025,353.6729917499999
6279,262,368.96976672500006,303.1458888499999
6280,262,444.45388307500053,398.435723175
6281,262,375.2084440750001,314.9710370749998
6282,262,251.364083975,306.4992983749998
6283,262,331.52595057500037,278.797384725
6284,262,268.72391147500025,376.77340912499983
6285,262,339.41142000000036,362.35140854999975
6286,262,321.8159102750001,245.80810574999992
6287,262,265.18621175000004,222.50074979999994
6288,262,163.87216757500005,229.51007307499998
6289,263,176.24531227500017,158.57033060000003
6290,263,139.036750375,164.83026840000002
6291,263,187.73950237500006,178.75243844999997
6292,263,201.5440268250001,169.97929697499998
6293,263,176.72676417499994,198.391893525
6294,263,212.38725685000009,190.301446225
6295,263,247.86741870000023,258.00789024999983
6296,263,255.0254476500002,256.66150482499995
6297,263,306.4431542000003,274.70484362499997
6298,263,312.61101537500014,435.70111582499993
6299,263,343.6203802500004,364.00723494999994
6300,263,383.66677192500015,334.5911459
6301,263,431.22142517500015,366.74908994999987
6302,263,409.409571575,353.0394176
6303,263,297.3114402500003,335.74177562499983
6304,263,374.12426030000034,344.0440891999998
6305,263,358.7425259250001,413.2665701499997
6306,263,396.7733323000001,370.02891379999977
6307,263,361.36255207500005,336.96557507499995
6308,263,393.45697652500087,347.14463997499996
6309,263,370.8630081750002,308.61312417500005
6310,263,306.8750678500002,229.2940356249999
6311,263,195.77564432499986,236.88633764999992
6312,263,153.65278765000005,223.23920662499992
6313,264,175.48855615000005,152.34458110000003
6314,264,150.713075675,203.44426905
6315,264,168.122531875,191.27652905000002
6316,264,183.94454622500012,191.73062249999995
6317,264,181.49288290000015,191.37214722499996
6318,264,203.225829625,212.68290447499996
6319,264,280.9692130750001,214.8959287249997
6320,264,238.01043700000002,224.90070349999996
6321,264,280.8417878750001,231.3492192999998
6322,264,322.9620273250007,328.1360833
6323,264,311.2286303000002,352.5653859749999
6324,264,348.0602345750002,396.7399379000001
6325,264,362.528804475,480.2760289499997
6326,264,397.9025747500002,351.63038764999993
6327,264,350.8605950000001,389.49206927499984
6328,264,331.4021566250001,343.79059242500006
6329,264,300.66595555000004,349.82058377500005
6330,264,319.8680302500002,400.746772
6331,264,319.86638867500005,396.71433585
6332,264,343.9185557000004,343.4054626
6333,264,281.1159366499999,315.46009304999995
6334,264,267.985615125,217.56483504999994
6335,264,249.48018435000012,223.091510625
6336,264,202.9042766,209.21538180000005
6337,265,181.57384037499997,234.20493497500007
6338,265,197.9178767000003,166.41550362499999
6339,265,152.5877038250001,150.19430125000005
6340,265,193.148256225,150.003261525
6341,265,170.13239560000008,197.09649485000006
6342,265,200.70252637500016,183.17131877499992
6343,265,207.65028357500023,212.16112760000001
6344,265,251.034324475,234.05515219999995
6345,265,279.6422676249999,306.15424795
6346,265,369.2856726250003,304.6925304499998
6347,265,324.0451814750002,314.11656712499985
6348,265,383.3330785750005,273.2312868
6349,265,355.05859454999984,324.067703425
6350,265,326.56476385000025,314.82361157499975
6351,265,335.152785,312.44674682499993
6352,265,338.1728623000001,345.5505216749998
6353,265,412.81242472500037,301.41555625
6354,265,309.3060799500001,424.3672868750001
6355,265,295.17751002499995,305.23207632500004
6356,265,286.51208599999995,318.811839675
6357,265,342.71675185000026,273.00873872500006
6358,265,205.67810815000018,268.77518529999975
6359,265,253.95885902500012,223.00043292499993
6360,265,295.7820412,235.93178457500005
6361,266,175.22708409999998,236.69061809999977
6362,266,183.25149367500018,151.5628465249999
6363,266,197.76438837500018,180.6247093
6364,266,196.834973475,180.05878414999995
6365,266,186.51320744999995,213.23373772500003
6366,266,198.35373599999994,200.66199650000001
6367,266,183.59928832500032,223.01594274999997
6368,266,250.60780752500017,246.9784069499999
6369,266,294.73016582500026,313.61677500000013
6370,266,255.4310720750001,281.54774587500003
6371,266,297.72819467500017,321.88490047500005
6372,266,362.5691343000003,257.70886670000004
6373,266,302.7909371750003,354.737275575
6374,266,263.26996450000024,322.6143148000001
6375,266,343.1446241500002,365.0739632499999
6376,266,355.70265195000013,346.75229364999973
6377,266,282.5488745749999,369.4465455750001
6378,266,346.1614840500002,435.4236915749999
6379,266,313.99797837499995,367.5366423999999
6380,266,291.68855414999996,311.24801934999994
6381,266,308.9236168000001,259.34814777500003
6382,266,249.59146279999985,249.99349564999983
6383,266,296.26807095000015,211.56021092499992
6384,266,225.98405350000021,194.24105012499984
6385,267,159.97242419999995,180.83159102499997
6386,267,171.01410902499998,198.07257965000002
6387,267,192.70747247499997,190.55514197499986
6388,267,178.30395855000017,194.30206739999994
6389,267,190.35607492500012,175.63054939999995
6390,267,179.52047935000004,202.53551724999983
6391,267,285.0628361250001,224.58607447500017
6392,267,219.93570750000018,353.09246429999985
6393,267,261.13591405000017,300.51180254999997
6394,267,362.42676807500044,280.5707068250001
6395,267,325.43923107500007,341.86338052499997
6396,267,326.4620420000002,305.91122035
6397,267,384.1410205750003,433.6550690749998
6398,267,336.9677458250002,338.49916185000006
6399,267,327.6589343999999,391.5879181250001
6400,267,422.16052977500016,309.75761707499987
6401,267,260.5943562499999,370.04011420000006
6402,267,286.31412390000014,370.83623344999995
6403,267,239.10043624999994,322.58646972499974
6404,267,323.11046852500033,386.7847102999995
6405,267,310.4121847750001,307.934006575
6406,267,228.36254084999996,292.2590422749999
6407,267,257.7412340750003,269.5534814499999
6408,267,201.26552622500014,176.2487382
6409,268,165.92311297500018,162.29761352500003
6410,268,152.47326945000015,162.847599425
6411,268,226.45206717500037,190.78168979999987
6412,268,146.99029507499995,192.60226617499995
6413,268,232.8944730250003,195.72617812500002
6414,268,246.39810875000023,262.51368360000004
6415,268,306.4900037,285.77602777500016
6416,268,294.9549184000001,230.29122787499998
6417,268,270.6562209000001,265.2618859749999
6418,268,417.31950572500034,287.6420474749999
6419,268,290.60292867500016,286.4074748249999
6420,268,346.3850565999999,300.7128282499999
6421,268,359.1770963000006,407.6237699750001
6422,268,344.3907158249999,348.1568366999999
6423,268,274.68808927500015,347.7431622999999
6424,268,348.79602212500026,365.48173022499986
6425,268,334.48992077500003,445.2710626
6426,268,344.89013712500014,333.32265079999985
6427,268,307.25810342500006,266.7939835499999
6428,268,338.9891328250003,311.76855057499995
6429,268,346.75655912499997,303.6885108
6430,268,276.63727205000026,265.11926125000014
6431,268,176.63083184999988,218.66173267500005
6432,268,183.56151952499997,183.98458587500005
6433,269,202.92931720000024,200.85146227499996
6434,269,176.9758640250001,173.7879902250001
6435,269,173.7723429000001,171.83318874999998
6436,269,175.177751675,180.37907847499986
6437,269,200.07649472500015,171.71651312499998
6438,269,191.0902500500001,187.61063987499995
6439,269,213.5817989250001,197.11058244999998
6440,269,279.49424502500005,224.9304243249998
6441,269,255.1682299250004,265.81718634999993
6442,269,279.03479745000004,290.263536475
6443,269,368.09946562500016,321.52608409999993
6444,269,354.84245887500015,325.7069377999999
6445,269,322.0011747000001,321.18376109999997
6446,269,307.46857235000016,358.30667757499964
6447,269,305.2202080750001,324.3204472000001
6448,269,234.85347002500006,336.976467675
6449,269,308.85863410000013,244.69114612499993
6450,269,301.26018150000004,311.31998467500006
6451,269,278.836807475,330.3260263499998
6452,269,331.7521733000001,276.95466045
6453,269,318.74690782500016,281.6256057999999
6454,269,310.46209065000016,269.65922309999985
6455,269,239.918865725,246.6437877749999
6456,269,228.7124204500002,178.56728835
6457,270,175.40824762500003,168.62084867500005
6458,270,184.09161787500017,199.653431125
6459,270,162.84873032500008,126.53273662499994
6460,270,143.15628710000007,179.67939682500003
6461,270,177.91577825,232.20291767499998
6462,270,236.55758537500006,236.20359514999996
6463,270,222.48539417500007,222.67467264999993
6464,270,331.811994425,270.4049420250001
6465,270,265.0954691500001,363.6762832999999
6466,270,280.33741845000026,389.5481775749997
6467,270,412.28269115000023,307.3298035499997
6468,270,312.55831082500004,353.44043069999975
6469,270,278.8570705750001,338.42185489999997
6470,270,286.9684075000002,318.08089394999996
6471,270,304.49795737500006,307.80607617499993
6472,270,281.5292974,385.9197436999998
6473,270,330.8657763500007,393.52863282500005
6474,270,360.61299355000006,302.73633087500014
6475,270,271.36121862500005,302.088072625
6476,270,261.01110095,257.02857845
6477,270,369.19948067500013,249.5793118999999
6478,270,316.7723675749999,303.91442900000004
6479,270,226.861479425,242.85899349999977
6480,270,200.07309280000004,210.67556072499997
6481,271,171.34117990000007,199.51854982499992
6482,271,158.9986648250001,193.93708734999993
6483,271,170.0666175500001,193.23252204999994
6484,271,200.42318210000028,183.81656572499992
6485,271,160.74527212499987,168.75294482500001
6486,271,217.91753750000015,186.56154492500002
6487,271,237.55167242500028,263.04114367500006
6488,271,264.31545662499997,272.5739027750001
6489,271,262.16840990000003,299.60225082499994
6490,271,292.5911850250002,279.1734188499999
6491,271,305.5152921749999,424.430375025
6492,271,303.26919895000003,298.8447866749999
6493,271,263.4940605500001,297.16717655
6494,271,319.3045124500002,338.12159614999985
6495,271,322.7386484250004,346.94979669999975
6496,271,291.74687160000013,233.71392432499994
6497,271,418.21738365000044,349.8743085249999
6498,271,332.16545402500026,333.89852474999986
6499,271,331.0768149750005,299.1237514750002
6500,271,338.8590557250001,293.7414527499999
6501,271,349.6222224750003,291.5777144749999
6502,271,241.74329797499996,303.8559796499999
6503,271,308.197668975,156.220738325
6504,271,251.1979305000001,160.0817
6505,272,224.87522477500008,227.62849844999988
6506,272,155.7773134499999,219.20530089999994
6507,272,188.3471214500001,185.96643702499998
6508,272,191.94572565000004,192.43184067500005
6509,272,253.45374560000005,167.80893702499998
6510,272,242.8570306749998,171.39216764999998
6511,272,233.9962883500001,229.46959039999987
6512,272,223.9664630500003,203.4686810749998
6513,272,236.39490845000006,225.76200802499983
6514,272,306.24217180000016,277.06265374999987
6515,272,358.9592306750002,327.20714947500016
6516,272,389.67456032500024,322.0988404749999
6517,272,290.30092845000013,330.09130265000005
6518,272,275.5771785000002,386.52470615000016
6519,272,312.7778036749999,357.2898177249999
6520,272,299.76647960000014,303.69990467499974
6521,272,311.33384432500026,378.52715277499976
6522,272,356.2031287000001,308.93062425000016
6523,272,259.8196234500001,259.19970327499993
6524,272,325.930554775,303.15232317500005
6525,272,284.22773515000017,219.09715725000018
6526,272,241.2781471250001,260.5515409749999
6527,272,240.97636117500016,221.7700485749998
6528,272,210.973920175,221.53888587499998
6529,273,138.19056340000012,153.92961115000003
6530,273,184.71050785000008,189.63102669999995
6531,273,118.45791152499996,147.14145999999988
6532,273,176.56069794999996,183.00287272500003
6533,273,138.98399532499997,174.2771788
6534,273,236.0613335999999,158.36811507500002
6535,273,195.77380477499997,199.8073895749999
6536,273,216.90440865000008,184.55141414999997
6537,273,247.90183910000013,225.10094557500008
6538,273,288.5251867750002,342.30992802499986
6539,273,311.43984545,332.63612675000013
6540,273,239.11671740000014,285.8405958249999
6541,273,288.19978390000006,372.4700006749997
6542,273,292.54286850000017,383.3372133750001
6543,273,315.33642774999987,310.38535762499987
6544,273,425.91032727500004,331.10964622500006
6545,273,447.4342306749999,363.67703344999995
6546,273,376.16354572500006,372.0769154499999
6547,273,308.9308991250002,333.3404942749999
6548,273,328.69662440000025,294.82240697500015
6549,273,296.517326625,286.1921150249999
6550,273,303.8515179500002,265.3458321999998
6551,273,250.27001947499997,225.24556854999997
6552,273,188.45090017499996,190.72510665000001
6553,274,214.50742997500018,166.64681904999995
6554,274,169.70556860000005,188.13587155
6555,274,164.2316994,151.02795699999996
6556,274,177.93241840000007,156.8203006
6557,274,194.39328547500003,203.73745277499995
6558,274,171.06381694999996,201.32643459999983
6559,274,258.8463568750002,239.05428109999997
6560,274,286.6764314750001,280.9864951250001
6561,274,317.21877917499995,311.09667619999993
6562,274,361.09018362500024,286.82895482500004
6563,274,268.4812519500003,330.73430725000003
6564,274,302.1268266,380.2830730999998
6565,274,364.49100390000024,338.69427737500007
6566,274,414.415255475,564.802218175
6567,274,491.65399100000036,371.3217647999999
6568,274,490.3353156000002,337.1843407499998
6569,274,384.7512106250009,412.98873505000006
6570,274,381.72606922500006,404.867073925
6571,274,429.9029057499999,456.48975812499975
6572,274,401.71949012499994,309.39942382499993
6573,274,352.84194367500015,370.984954475
6574,274,283.46578790000007,321.88002872499976
6575,274,255.57446812500007,295.14492267499986
6576,274,192.8392798,189.99244407499987
6577,275,210.19793970000023,182.06193182499993
6578,275,188.7916874250002,174.57726869999996
6579,275,182.92548980000015,181.55046464999995
6580,275,233.50510420000006,154.2427950999999
6581,275,241.4148936250002,189.85390069999988
6582,275,200.37664445000007,182.8898861500001
6583,275,174.2273883000002,276.7999238499999
6584,275,265.2980307250002,303.28004109999983
6585,275,336.89456237500053,382.75374747499995
6586,275,367.5034619750003,304.116702125
6587,275,379.84095287499997,325.20795925000004
6588,275,367.5841483,376.3622773249998
6589,275,387.15483940000036,405.465270625
6590,275,374.77184652500034,388.31231049999997
6591,275,403.0521554750003,387.93897357499964
6592,275,359.7426608000002,423.2817969499999
6593,275,404.93459410000014,383.1839641
6594,275,405.4683477500005,352.60374254999977
6595,275,326.71586095000015,405.74948597499986
6596,275,344.47374082500005,388.56341929999985
6597,275,310.70251514999995,329.98643657499997
6598,275,287.2487695499999,361.6321529249996
6599,275,212.7940829000001,354.2947448
6600,275,184.33807657500006,247.49562092499997
6601,276,237.72139220000008,194.8664468749999
6602,276,182.29671457499987,178.6872803
6603,276,200.1722324000001,179.463064025
6604,276,184.427391275,183.68435577500003
6605,276,219.65991862500005,239.46183539999998
6606,276,234.6141238250002,218.51561579999998
6607,276,230.79930707500017,207.686405975
6608,276,286.20432437500017,274.6625394250001
6609,276,242.33626517500016,281.22437975
6610,276,279.3479786749999,331.72438049999994
6611,276,331.15977655,325.3435701000001
6612,276,367.24104872500016,320.14227865
6613,276,392.88745989999995,310.289951675
6614,276,332.0578323750001,387.26063189999996
6615,276,445.6580556250002,473.15068955000004
6616,276,403.93681557499997,333.88311769999996
6617,276,380.94538682500036,323.7542347749998
6618,276,325.661800075,348.0704363000001
6619,276,308.52784977500005,357.40160964999995
6620,276,226.84192100000013,340.8502696499999
6621,276,329.6212339500001,288.25348204999995
6622,276,376.558734975,298.3335623499998
6623,276,209.39329750000007,251.377769125
6624,276,197.24576144999992,235.44208442500008
6625,277,191.0002108000002,227.50526899999994
6626,277,165.85664397500005,175.8458141999999
6627,277,154.29126257500002,164.50388055000002
6628,277,140.5074042250002,163.69009254999997
6629,277,166.55226285000015,196.67927484999993
6630,277,200.75506950000005,222.54954192499997
6631,277,211.92349692499988,252.38308372499984
6632,277,270.23827857500027,235.10908435
6633,277,340.03889452500016,307.2808024500001
6634,277,253.6677208249999,306.51066410000004
6635,277,293.9213838750003,327.54898842499983
6636,277,292.863136125,318.3996584749999
6637,277,310.37509420000015,353.6499356749998
6638,277,318.6892931000001,323.8844208999999
6639,277,314.2285990750004,338.55048765000004
6640,277,284.622224325,342.0094260999998
6641,277,323.47375954999995,350.20314552499997
6642,277,293.947474275,331.49306085
6643,277,270.14542450000033,265.42931824999994
6644,277,322.22557530000006,321.90644184999985
6645,277,283.32679150000035,300.6189632999998
6646,277,228.83913872500028,248.80143959999998
6647,277,183.72586434999988,303.7217472750001
6648,277,198.65485267499992,215.82602519999986
6649,278,203.59253812500037,183.9958258749999
6650,278,182.34732477500012,204.64822837499997
6651,278,126.88829117499998,169.647696
6652,278,165.06983382500005,170.93248522499988
6653,278,194.4152165750001,186.50823912499993
6654,278,257.51104432500017,211.74585642499983
6655,278,241.16827770000006,238.1861241250001
6656,278,271.04723572500006,294.86511887499995
6657,278,335.6973768500004,241.25147785000007
6658,278,425.3731229500001,227.89300857500012
6659,278,378.5354155750001,326.35593327499987
6660,278,298.0401840750005,395.943459575
6661,278,256.0294031749999,292.05489270000004
6662,278,262.7902046250001,306.5502191249998
6663,278,366.3294238,264.27975334999985
6664,278,278.48064220000003,236.91355547499995
6665,278,268.86218907499995,256.2217307000001
6666,278,291.59851697500017,322.6990910249999
6667,278,249.97984872500024,260.03551377500014
6668,278,218.24221105000004,304.07371455000003
6669,278,307.31091010000017,348.1591158749999
6670,278,210.45351492499998,231.93646600000005
6671,278,215.9231997750001,230.6049165749999
6672,278,200.1824569250001,178.07158662499995
6673,279,201.12480542500003,204.43336224999993
6674,279,163.13661107500013,161.19160214999994
6675,279,146.3910924000001,157.88400882500002
6676,279,165.25874320000008,160.73467732499995
6677,279,140.54120787500005,188.90261805
6678,279,162.78714830000004,205.67926200000005
6679,279,238.7457049500003,192.646012075
6680,279,224.87659832500003,225.89182002500002
6681,279,294.1414808499999,240.73028219999998
6682,279,265.9882379250001,269.484563125
6683,279,348.65109359999985,302.57087045000003
6684,279,265.408048525,364.05750447500003
6685,279,240.6512402250001,330.93490007499975
6686,279,281.5783345000002,322.52199905
6687,279,227.1778135250002,230.9919994999999
6688,279,178.61631790000027,306.0854997499997
6689,279,290.1717005500001,269.8796149750001
6690,279,247.68018232500012,245.55836455000002
6691,279,241.53115019999984,235.730195075
6692,279,260.0949478750001,276.944995225
6693,279,256.9233041000001,315.53816242499994
6694,279,263.67457147500016,224.1826738750001
6695,279,226.28425072499988,217.3052605250001
6696,279,187.65707135000005,165.11879400000004
6697,280,156.92670155000008,178.3843298749999
6698,280,173.66897849999998,162.78203977499996
6699,280,134.19529949999998,134.06780567499993
6700,280,197.81510640000005,164.61272824999992
6701,280,175.65292047500003,180.46937605
6702,280,168.8779810499999,199.77984242500003
6703,280,197.0836748,184.50332579999997
6704,280,240.31360562500015,234.207796
6705,280,231.45417845000003,190.41677904999995
6706,280,275.0353415750003,228.52596414999985
6707,280,336.07420225000027,256.37183340000007
6708,280,285.7965634750001,222.1204814749999
6709,280,312.7295839000001,202.63657747499985
6710,280,295.95461745,281.210312825
6711,280,319.5825422500001,252.24681487499987
6712,280,343.888010025,248.0158341749997
6713,280,331.5854960250001,203.2459426999999
6714,280,246.6603488750003,180.38553539999987
6715,280,251.6367735,250.20847494999987
6716,280,227.01025812499998,243.38551564999992
6717,280,277.36958285,319.47117562499994
6718,280,206.99359990000033,209.41112672500003
6719,280,194.88907697500002,171.70718762500007
6720,280,211.73708292500018,158.64674334999995
6721,281,160.5119720500002,137.448491525
6722,281,175.7471602000004,147.66154682500002
6723,281,152.00213752500014,154.3959183499999
6724,281,167.4394454500001,173.40635987499996
6725,281,202.62753917500015,160.5317239749999
6726,281,251.07961707499993,246.09529437499998
6727,281,227.96508357500016,250.8884651999998
6728,281,293.4866266500003,332.2690676499998
6729,281,248.8817944,210.35752302499998
6730,281,244.32064572500013,335.495142125
6731,281,272.7027745500002,314.90565305000007
6732,281,280.1399827500001,294.3701255499999
6733,281,377.2271729,326.37819082500005
6734,281,347.45925585000043,334.97712109999975
6735,281,297.28698947500004,258.0600566000001
6736,281,371.59623567500034,300.824447125
6737,281,277.0939029750001,308.1473765999998
6738,281,306.01291645000026,288.03515412499996
6739,281,307.8121846749999,263.7334042249999
6740,281,345.41420755000036,320.8595546000001
6741,281,350.86727462500016,255.41914537500008
6742,281,211.22905900000023,227.9389425750001
6743,281,236.4748222000004,249.33946670000003
6744,281,182.42735347499993,183.46998022499994
6745,282,140.81445127500007,171.044338025
6746,282,157.61822545000012,142.87377942499995
6747,282,154.1622040250001,159.76882274999997
6748,282,160.81138634999996,185.2126614249999
6749,282,170.46561680000016,174.87988464999984
6750,282,238.3267421,195.92981619999972
6751,282,256.0391616249999,220.98754597499988
6752,282,246.58096167500022,258.9028799499999
6753,282,250.8406219750002,313.12485300000014
6754,282,310.05381012500004,281.1350505999999
6755,282,364.71133392499996,318.85708297499997
6756,282,268.3809529750001,283.7848384749999
6757,282,297.6711724500003,302.01101942499974
6758,282,371.02656722500035,339.549046375
6759,282,320.5537207250002,324.838332725
6760,282,303.02656707499995,371.4610184999998
6761,282,233.711908275,296.27869594999987
6762,282,306.8239693000003,268.14941967500005
6763,282,263.1916886250002,259.02121732499995
6764,282,296.14697157500024,278.36819169999995
6765,282,271.69144910000006,257.6407851499998
6766,282,246.46686934999997,277.0283717749997
6767,282,238.99116830000008,233.83430244999985
6768,282,189.70311607499997,229.64074457499999
6769,283,162.9995013250001,201.22429449999993
6770,283,156.05605455,191.87491887499996
6771,283,170.80830490000022,154.92941925
6772,283,157.83483754999997,161.11598462499995
6773,283,134.34843384999996,188.08357489999995
6774,283,219.84134082500003,260.97970245
6775,283,210.00598737500022,253.2761334749998
6776,283,263.0221354250001,235.92934339999994
6777,283,278.360032025,295.54429680000004
6778,283,350.8343934750001,386.7386438749997
6779,283,264.3052524750002,280.2857457
6780,283,317.1033076750001,251.2706755499999
6781,283,288.59362365000004,285.31782699999985
6782,283,347.85083657500024,358.4421319749999
6783,283,257.01271457500013,299.5678709000001
6784,283,191.01030140000017,326.508445925
6785,283,274.87650969999993,273.3264594000001
6786,283,309.94111725000016,249.42251187499986
6787,283,276.63529162500004,275.52492977500003
6788,283,286.34029684999985,260.1197339749999
6789,283,222.8308712750004,271.48809922500016
6790,283,269.20036937500004,197.4129821750001
6791,283,239.1914712750002,221.40985690000008
6792,283,184.4036101250003,178.2606073999999
6793,284,165.15444615000007,218.85203655
6794,284,144.48507787500012,151.317554975
6795,284,141.59341032499995,172.93622537499994
6796,284,170.47247505000004,170.17243624999992
6797,284,183.8650465500001,190.55929082499998
6798,284,239.80194542499999,178.38257502500002
6799,284,244.38244997500016,210.85237227500005
6800,284,236.8569637750002,283.33811065000003
6801,284,295.6819336000005,296.9022816500001
6802,284,256.15871864999986,312.63546782499986
6803,284,329.61342547500016,327.94876324999984
6804,284,304.40017495000046,255.28667774999997
6805,284,295.8519826,245.28284014999986
6806,284,308.2367021500003,248.32830967499996
6807,284,310.68818620000025,249.10411964999994
6808,284,270.0596122750002,214.11584729999998
6809,284,259.11854182499997,217.26075474999976
6810,284,268.98990845000014,238.88657689999974
6811,284,194.30740812500008,256.99887512500004
6812,284,194.7532133,303.98962267499996
6813,284,268.989216975,281.86881009999973
6814,284,201.81802042500007,277.16072335000007
6815,284,167.94027290000005,232.269419125
6816,284,211.2314128750002,188.41114264999993
6817,285,203.49615277500004,161.96250645000003
6818,285,215.8063729000002,182.61816022499994
6819,285,145.6194767499999,156.085835875
6820,285,196.11052897499985,187.12228722499995
6821,285,217.4244095250003,164.80109032499993
6822,285,196.79709799999998,207.49228119999998
6823,285,250.7914514250001,227.27983304999998
6824,285,206.72673045000013,243.68020452500002
6825,285,274.57613019999997,244.2810171000001
6826,285,321.596906325,260.4902354500001
6827,285,277.5910817500003,296.0479498999998
6828,285,303.43767135000013,300.79964465000006
6829,285,261.04025419999994,250.53215630000005
6830,285,245.2225514,238.80000159999997
6831,285,274.05985599999997,197.3648048
6832,285,241.34686897500012,235.95497522499997
6833,285,252.0444592500001,232.35493135000002
6834,285,220.56172615000014,277.2572661999999
6835,285,192.72228297499993,249.6793772250001
6836,285,224.7116706500002,292.8030039749999
6837,285,228.7699013750002,271.94805199999985
6838,285,196.89895090000022,300.68872154999985
6839,285,179.0793652000001,261.31505189999984
6840,285,177.96737405000022,197.10038809999992
6841,286,192.15643412500015,206.05519234999986
6842,286,215.966316675,204.09889444999993
6843,286,134.35558122499998,194.28103595000005
6844,286,166.21616925000026,170.43700389999998
6845,286,200.97039960000006,171.23191737499997
6846,286,213.75530487500023,234.46002604999998
6847,286,168.729318525,215.53134999999992
6848,286,199.49743795000006,219.7100621000001
6849,286,214.22183127500014,266.53171349999997
6850,286,273.6599903500004,312.37366762499994
6851,286,224.08479652500012,298.0824419749998
6852,286,272.8872964750001,263.5189152749997
6853,286,221.4356122250001,228.83171662499996
6854,286,244.60996565000008,201.3396755499999
6855,286,229.2368397750001,167.8319201
6856,286,224.45817027500019,208.7528261249999
6857,286,239.06819807500017,239.63677340000004
6858,286,224.87125839999996,215.1974672
6859,286,247.81694585000037,275.9559853749999
6860,286,246.40552835,245.93567714999992
6861,286,216.61940055000008,243.97350142499982
6862,286,209.32080577500017,250.54037289999988
6863,286,213.01362532500013,239.01588527500002
6864,286,207.09804840000007,221.934379075
6865,287,145.4328166250001,151.063432475
6866,287,154.06837497500004,182.57759099999993
6867,287,209.64702412500014,161.59252212500002
6868,287,192.57303732500006,147.80739620000003
6869,287,140.84399345000008,181.30373854999988
6870,287,160.04060610000005,201.98557812499996
6871,287,158.43486550000023,261.33361214999996
6872,287,165.17813009999995,205.62082417500017
6873,287,276.4902459250004,259.560442425
6874,287,260.6224401249999,210.93865302499984
6875,287,265.23725440000027,245.6294639499999
6876,287,282.9669756999999,262.9925461999999
6877,287,211.67154392500038,241.71727607499986
6878,287,233.57289115000015,239.8443941999999
6879,287,275.5113192000001,251.41377769999974
6880,287,220.16485687500017,302.91407649999996
6881,287,222.96288012500028,234.05670147499993
6882,287,239.208072225,210.00687827499996
6883,287,300.31256580000013,283.71743567499993
6884,287,237.1439735499999,263.847906975
6885,287,259.7672587749999,197.91543324999986
6886,287,207.14043799999985,206.67460624999978
6887,287,217.95760435000057,193.03637555000003
6888,287,190.31261830000005,176.08489954999988
6889,288,125.7912593250001,150.75396362500004
6890,288,129.258069025,149.86819975
6891,288,154.00519825000023,174.05940949999996
6892,288,168.25038015000004,171.822370875
6893,288,195.657632925,197.895944625
6894,288,182.94531964999987,200.2354044999999
6895,288,198.9334497250002,265.67183815
6896,288,231.7363950500001,305.4480250999999
6897,288,204.10669967499987,283.48226489999973
6898,288,228.33541672500004,237.88177160000004
6899,288,283.98131547500003,271.26499200000006
6900,288,345.6231692750001,337.2776203499999
6901,288,293.9202303250003,334.23712254999987
6902,288,392.14801045000047,339.15617159999994
6903,288,305.56588487500034,321.66957847499987
6904,288,343.274307725,342.1862356249999
6905,288,315.33724187500013,258.24748109999996
6906,288,307.0921970249999,361.65903175000005
6907,288,261.74923895000023,277.51243937499993
6908,288,293.9621202000002,318.4498018499999
6909,288,258.7807033,358.7243972499998
6910,288,269.81152340000006,306.2196839750001
6911,288,196.16093217500014,219.76116784999994
6912,288,163.88329247499996,181.16246700000002
6913,289,188.90359802500006,170.25758417500003
6914,289,179.70653664999998,144.810121825
6915,289,145.928683775,164.54510772499998
6916,289,170.51098725000003,191.58773974999997
6917,289,167.23409640000017,175.91451189999992
6918,289,209.77270680000007,169.28771807500004
6919,289,256.0194412500002,228.87197860000015
6920,289,244.46096959999997,270.01548630000013
6921,289,322.3273825250003,240.9083535499999
6922,289,237.47584469999998,311.0800861250001
6923,289,282.0191224,343.853222725
6924,289,302.6119078250002,288.3537532249998
6925,289,286.29914697500004,310.4307033749999
6926,289,335.63068827500007,332.87421559999996
6927,289,280.79169310000015,318.9460538499998
6928,289,328.44201062500025,340.6448075750001
6929,289,292.753806125,429.59831049999985
6930,289,257.3684833000003,314.66000614999973
6931,289,253.9193276750002,284.24997892500005
6932,289,270.4471601500002,248.46680029999985
6933,289,288.1229495499998,280.01856132499995
6934,289,245.80571455000012,237.99978672499992
6935,289,217.40926687500004,230.110894825
6936,289,208.71092442499992,235.43614240000002
6937,290,230.87488242500035,175.29188529999993
6938,290,206.07168967500002,169.47311342499995
6939,290,157.6523991250001,152.89122627500004
6940,290,195.44207974999995,198.0127628749999
6941,290,144.50675065000013,210.44228042499998
6942,290,204.17673225000004,210.543614375
6943,290,202.98366872500003,230.90932239999995
6944,290,236.7844662750002,223.70985345000014
6945,290,315.56759202500007,245.80990464999985
6946,290,353.30748447500025,281.0905385999999
6947,290,377.9715657750003,265.79469207499994
6948,290,342.0409234750003,269.99978889999994
6949,290,273.4930302,265.70801789999996
6950,290,272.2930136250004,342.11660665
6951,290,370.47870397500026,338.3336143
6952,290,265.6913472999999,385.4087851249999
6953,290,353.3664636750001,389.58274527499987
6954,290,279.5726357000001,293.78190730000017
6955,290,254.85438395000006,332.7853222750001
6956,290,346.07665477499995,252.418631125
6957,290,295.77296784999993,294.78323947499996
6958,290,275.2931368749999,298.08563797500005
6959,290,268.89254050000034,280.32255875
6960,290,162.5409752000003,202.60243505
6961,291,133.7360514750001,192.14408337500004
6962,291,193.70513867500011,221.03681674999993
6963,291,188.9529437500002,196.74084112499992
6964,291,172.36185627500004,131.5915018749999
6965,291,233.31603542500028,223.05403222499996
6966,291,212.17697372499995,209.40570957500006
6967,291,296.68248582500036,275.610957275
6968,291,207.61932325000015,264.7888584
6969,291,329.9492379500001,268.5488478
6970,291,382.1493465250003,304.6385152000001
6971,291,360.2472687000002,340.92811847500013
6972,291,320.1381614000004,329.58496649999984
6973,291,381.50751894999996,334.52921197499995
6974,291,312.44005425,302.32788242500004
6975,291,256.0367264749999,353.2143961249999
6976,291,311.83643447500015,302.1354086499998
6977,291,362.8106851000001,331.29121655000006
6978,291,233.15555055000007,325.8495863500001
6979,291,387.70079652500027,283.4294467249998
6980,291,334.1867371249999,269.63280642499984
6981,291,324.87392662500014,277.49251457499986
6982,291,278.60551282499995,303.177489125
6983,291,184.47552299999995,249.5789031499998
6984,291,196.68337702500014,196.34112602499994
6985,292,190.63543020000017,153.64351444999994
6986,292,192.75293680000007,164.60124324999992
6987,292,227.52905070000003,161.42006452500002
6988,292,173.24572835000012,152.24862662499999
6989,292,207.057669325,202.74065690000003
6990,292,190.13429499999998,216.359096
6991,292,199.20074297500003,233.87874287499992
6992,292,257.8180826750002,272.6533302500001
6993,292,257.05372072499995,246.60683132500006
6994,292,304.38282197499996,263.6308477499997
6995,292,323.1382081249999,281.4880473249999
6996,292,250.36509032499987,301.23087689999994
6997,292,323.55502909999984,353.7595416249999
6998,292,351.2136971000001,331.7729217249999
6999,292,315.87744747500005,340.08734949999985
7000,292,265.64025785,284.9880188
7001,292,325.9296058000004,340.61566037500006
7002,292,360.1658451249999,276.16991647500004
7003,292,310.3931933250006,274.1939073249998
7004,292,236.38430257499994,302.14728082500005
7005,292,203.87030229999993,235.90842974999998
7006,292,231.98127630000005,247.71601429999993
7007,292,220.41471377500005,167.08787062500014
7008,292,172.67459847500007,188.60659024999995
7009,293,186.20663692500008,140.192043575
7010,293,174.2069044750001,169.93098564999997
7011,293,193.61814640000014,175.33001282499993
7012,293,174.27861922500006,126.58280507500007
7013,293,185.1177297500002,199.93420577500004
7014,293,186.43420865000007,224.39868665
7015,293,213.43099825000024,218.9048276499999
7016,293,253.4274978750003,326.18311100000017
7017,293,315.2960572500001,288.94268394999983
7018,293,226.90984424999996,246.51793157499975
7019,293,303.8234039250001,359.0645454749998
7020,293,222.47913065000017,351.7835219750001
7021,293,230.8558508750001,256.4606481250001
7022,293,289.9326023750001,246.65268387499998
7023,293,236.80626537500018,264.61404225000007
7024,293,271.5290041250001,280.31595382500007
7025,293,314.304888575,258.0934706749997
7026,293,251.38056860000012,230.67646610000003
7027,293,281.2945154500002,268.2642855749999
7028,293,311.79940357500016,345.743874925
7029,293,213.809357375,278.16082004999987
7030,293,214.64620187500003,206.2104662500001
7031,293,204.85789752500037,173.4449013249999
7032,293,174.89392805000014,160.5878692500001
7033,294,148.87464445000006,229.6879324249999
7034,294,171.67301102500005,167.4143878
7035,294,204.93198570000004,173.27715185
7036,294,143.75220079999997,174.61840212499996
7037,294,147.18428400000008,178.92714519999996
7038,294,157.73620792500006,166.84455305
7039,294,190.31564714999985,234.56865989999994
7040,294,246.90512017500004,201.0341426249999
7041,294,212.45720657500004,273.417353725
7042,294,253.5965359500002,256.66207434999984
7043,294,284.0468946249999,300.39321487499984
7044,294,228.53273577500016,267.16656742499987
7045,294,279.33633032499984,223.94705234999995
7046,294,241.81783195000025,249.95691085
7047,294,222.8346602000002,245.0840679499999
7048,294,290.7206505500003,220.504822475
7049,294,264.6683927250002,240.27441545
7050,294,287.96429645,226.02520492499985
7051,294,188.64184249999994,242.12036214999995
7052,294,254.70291885,210.56770107500014
7053,294,265.32637870000013,188.72069344999997
7054,294,192.64519285000034,197.92044649999997
7055,294,182.63246242500009,192.78267054999998
7056,294,191.54656042500014,158.1830376499999
7057,295,146.4239105750001,179.393309875
7058,295,149.0319960750001,169.7827001999999
7059,295,166.97267439999996,136.88454882499994
7060,295,154.58339369999996,134.2680134499999
7061,295,200.8312744000001,173.3876613999999
7062,295,196.39483135000012,217.0112204999999
7063,295,220.12987067500003,250.13079999999985
7064,295,293.90900135000004,282.0769056999999
7065,295,272.6327996500003,196.57807840000007
7066,295,330.4865905250001,264.9903211249997
7067,295,299.4038719000001,268.9908988499999
7068,295,290.12226732500005,242.91349650000012
7069,295,333.38961244999996,264.26388610000004
7070,295,331.82874230000033,279.3327479500001
7071,295,303.1257962000001,281.8826771499999
7072,295,303.6847276749999,338.5761911499999
7073,295,246.04842009999993,300.531027675
7074,295,342.38554410000006,238.69716047499995
7075,295,300.454951275,252.9114059750001
7076,295,261.23152015000005,298.61175782500004
7077,295,274.7261402250001,274.57027635
7078,295,211.30207882500014,283.329441525
7079,295,178.32862074999997,196.8475704249999
7080,295,186.05507960000028,164.01172192499996
7081,296,209.91639807499996,148.16293667500003
7082,296,130.31020654999998,199.54370967499997
7083,296,142.90468377500002,202.135201725
7084,296,150.33208965000006,186.73861344999995
7085,296,157.5443457250001,160.21222952499994
7086,296,197.70991702499992,178.79223395000002
7087,296,235.50810315000004,227.756215275
7088,296,187.0898034500001,314.53204635
7089,296,293.51725627499997,225.27899255
7090,296,319.96957470000007,255.93907425000003
7091,296,300.5359029500007,296.0175317499999
7092,296,256.12605034999996,361.62417602499977
7093,296,275.3139956999999,258.0328931499999
7094,296,336.3762950749999,391.841666175
7095,296,307.22238622500026,251.80610917499996
7096,296,357.0477993250005,246.6590696
7097,296,286.00918792500045,256.54802860000007
7098,296,244.59281205000028,248.11807892500002
7099,296,192.73764230000018,315.98683285000016
7100,296,222.52860615000023,238.37903402500007
7101,296,232.05211205000015,268.0476561999999
7102,296,191.33035009999992,237.50050867499982
7103,296,208.43238192499996,200.33123824999998
7104,296,184.325979175,143.87583450000005
7105,297,164.56685784999996,178.34969287500002
7106,297,153.38491107500002,148.75690312499998
7107,297,156.4590110000002,145.19306504999992
7108,297,152.67041172500006,164.15739545000002
7109,297,153.88496145000013,190.23049834999998
7110,297,180.62398750000017,209.98162992500002
7111,297,216.5803405500001,187.19965827499985
7112,297,209.40104522500002,216.3829514
7113,297,254.3592559999999,253.36776842500007
7114,297,253.04154765,300.736005
7115,297,250.78785535000026,341.13051347500004
7116,297,320.5692392750002,311.48177399999986
7117,297,269.4676280750003,299.08596585
7118,297,230.51905322500005,313.5715424249999
7119,297,240.34605610000017,215.85141059999984
7120,297,287.58638425000026,261.5416379250001
7121,297,241.5302132250003,256.6306838999998
7122,297,237.57667055000016,203.81895754999982
7123,297,230.3955624250002,232.713555525
7124,297,310.3477152749998,251.4071374500001
7125,297,261.33165322499997,291.5254505249998
7126,297,294.725669575,168.74658569999997
7127,297,190.24047000000022,195.64948052499994
7128,297,158.41369907500007,154.045284175
7129,298,165.97041065000008,229.29965585000005
7130,298,150.83745850000014,154.0162177
7131,298,158.043179275,137.0443691
7132,298,139.18832225000014,168.12063777500003
7133,298,162.17551204999995,146.59277512499995
7134,298,198.34420697499996,180.7062167
7135,298,220.77220607499999,208.95227767499998
7136,298,239.97576457500017,207.93679412499992
7137,298,257.49791547500007,324.6095580999999
7138,298,277.06118292500014,290.8729867499999
7139,298,325.4133803750001,301.1034590999998
7140,298,292.89599917499993,319.5383000749997
7141,298,256.65295290000006,233.89559382499982
7142,298,260.3119884000001,292.70746522499985
7143,298,279.0073040250004,185.046465275
7144,298,267.52865997500004,247.84125200000005
7145,298,280.3684463750005,273.77565275000006
7146,298,238.1716943250001,237.06201559999988
7147,298,260.06735340000023,260.38106332500007
7148,298,229.2433061500001,259.5856996499999
7149,298,234.8488526750001,323.83921867499987
7150,298,222.74193849999997,243.41549030000022
7151,298,258.95501145000014,200.73288144999998
7152,298,168.9448254250002,161.7382582749999
7153,299,132.53137200000003,156.23919239999998
7154,299,160.4429968000001,167.12538542499993
7155,299,156.814053875,154.10959595000008
7156,299,199.58450925000017,117.0186329999999
7157,299,167.36069630000014,194.27565282499995
7158,299,184.6919202500002,179.4422140249998
7159,299,228.02089680000003,195.82809700000018
7160,299,306.74769285,296.191170775
7161,299,308.5619004749999,302.7279414249999
7162,299,372.6763696250001,329.46732137500004
7163,299,280.682327775,242.69036789999996
7164,299,286.53111940000036,270.62897607499974
7165,299,281.3202006250002,223.46910412499992
7166,299,304.32666682499996,273.45564387499985
7167,299,294.76486079999995,214.57892239999984
7168,299,289.5025470500006,250.84870145000014
7169,299,227.92245942500006,231.08193372499994
7170,299,179.07506940000007,214.01921814999997
7171,299,228.1452186250002,196.09037084999989
7172,299,305.88465080000026,270.9200975999999
7173,299,186.53281110000015,283.0091976000001
7174,299,234.25184880000023,209.23233604999987
7175,299,194.92117230000002,194.79318559999984
7176,299,190.32022922500005,161.01123667499988
7177,300,161.75847777499996,224.59262522499998
7178,300,183.1570216500001,192.03952487499987
7179,300,139.6485156750001,160.6895907
7180,300,173.07514382500023,186.50847192499998
7181,300,195.44856350000006,184.86535729999994
7182,300,210.6627599000002,166.02225714999994
7183,300,205.33612900000014,241.53426997499994
7184,300,184.94870977500008,263.14505925000003
7185,300,253.36376850000008,253.22156037500014
7186,300,298.1934370250002,307.09476582499997
7187,300,296.0901586,241.7173740749999
7188,300,275.2304429500001,294.29404582499984
7189,300,286.8824360000002,319.41977304999995
7190,300,215.77516149999997,224.763025825
7191,300,218.38359609999998,243.21613809999988
7192,300,242.14298250000058,203.67776567499993
7193,300,274.52937280000026,237.923498725
7194,300,204.16541562500043,268.3196596499999
7195,300,299.97745192499997,256.15045684999984
7196,300,265.50812,243.10353780000008
7197,300,239.5218922750001,174.76640804999985
7198,300,211.33889080000006,174.44115499999998
7199,300,234.86881929999993,143.49496097500005
7200,300,178.44352790000005,173.58915779999992
7201,301,144.09185140000005,142.7305980499999
7202,301,139.635803225,165.17239932500007
7203,301,150.60229772500008,188.84701007499996
7204,301,169.550911875,158.34168467499995
7205,301,165.6023233749999,165.64449107499996
7206,301,164.26775002500008,203.67861352499995
7207,301,176.1891920000001,201.91024867499988
7208,301,215.0573682750001,203.8151372249999
7209,301,169.69413880000002,279.9291462499998
7210,301,273.04194535000033,241.982639425
7211,301,259.17795492500045,280.60819059999994
7212,301,286.3090416250003,221.6675841499998
7213,301,240.36922910000015,183.60758229999996
7214,301,305.76192925,186.5189413000001
7215,301,228.4310963500001,228.34954884999985
7216,301,262.53370797499997,226.57412239999985
7217,301,228.25517347500016,253.70564732499992
7218,301,300.78498420000017,248.07202617499996
7219,301,270.2914289250001,247.85905279999983
7220,301,243.52638377500017,244.95636207500002
7221,301,211.37440965000013,235.81887747499994
7222,301,203.20804837500052,231.27962747499993
7223,301,200.6978797000001,175.84625795
7224,301,141.76527537500004,154.68806274999994
7225,302,128.33998610000012,150.15489044999998
7226,302,134.6216898750001,149.20065879999999
7227,302,122.15902605000008,174.04627512499994
7228,302,190.21575720000007,127.48314094999992
7229,302,157.26542052500002,198.1007046499999
7230,302,164.1795064,169.82868087499986
7231,302,242.91083125000003,225.34363865000006
7232,302,277.1677762750002,238.74422827499984
7233,302,300.1528741999999,271.97213924999994
7234,302,240.70260080000003,252.813773
7235,302,230.28349630000014,251.4058448
7236,302,304.9218815749998,298.8972476249999
7237,302,278.90553017499997,395.74455862499997
7238,302,252.97094305000007,312.79070472500007
7239,302,300.8261940750001,310.46358257500015
7240,302,291.06330197499994,255.66790694999975
7241,302,253.77961504999988,212.6208252749998
7242,302,287.75826967500007,335.77256465000005
7243,302,300.0966557500002,300.10074332500005
7244,302,253.58471815000016,279.6238816749999
7245,302,205.96716352499993,213.8112679750001
7246,302,220.10490272499987,235.28981222500016
7247,302,193.11798385,198.02266652499992
7248,302,190.53496155000013,162.38692315000003
7249,303,156.26896274999996,173.89247437499995
7250,303,152.72518767500014,135.86737572500007
7251,303,156.99051482500002,153.39376124999993
7252,303,143.54575597500002,119.00033512500005
7253,303,169.58443307499994,152.867086475
7254,303,196.61382557499996,182.66873794999998
7255,303,215.34166052500004,201.44709997499996
7256,303,242.31577770000013,254.82187134999995
7257,303,308.838872025,209.44728104999996
7258,303,228.34783652500005,301.942716675
7259,303,245.56457600000013,293.73449744999994
7260,303,244.41158972500017,299.0073174250001
7261,303,177.30486902500004,317.1971359249999
7262,303,210.88878162500004,329.3234475750001
7263,303,324.1897084250005,350.59560444999977
7264,303,296.38685472500003,339.310463875
7265,303,230.10185285000017,221.4100251999999
7266,303,273.0519289250001,269.795650825
7267,303,303.4368746500001,272.38305204999995
7268,303,290.7203419750001,268.49995747499986
7269,303,208.2866654750001,213.79038337499992
7270,303,306.84139537500005,222.25269839999987
7271,303,196.35645505000014,188.89734844999992
7272,303,151.3489514000002,194.59841289999997
7273,304,168.20326122500012,142.03496680000006
7274,304,137.35003377500004,161.31648899999993
7275,304,137.04323647500001,152.15228567499994
7276,304,148.33727710000005,162.08197735
7277,304,179.37739137500006,200.7227365249999
7278,304,140.34214365000014,196.51978400000007
7279,304,199.01365789999994,186.46159080000007
7280,304,303.776301,242.62579777499982
7281,304,307.81710257500004,240.34728907500005
7282,304,378.7975528999999,288.95534322499987
7283,304,327.5145549750001,320.5254289250001
7284,304,348.1345592000001,216.65363967500002
7285,304,339.01696869999995,237.29409312499985
7286,304,230.52775684999997,274.6971119750001
7287,304,276.98510077500043,276.6235260999998
7288,304,263.79283372500015,229.24614274999988
7289,304,235.4802579000003,305.38159829999995
7290,304,239.15378745000004,254.30851222499987
7291,304,280.03346610000017,260.85809205
7292,304,266.71035517499996,203.4169160249998
7293,304,212.4224461500001,280.38936604999986
7294,304,247.54677087500002,179.81955912500018
7295,304,193.57468892499995,238.87145310000005
7296,304,164.61940237500016,206.47009094999984
7297,305,172.09579652499997,139.93693532500004
7298,305,182.41299022500004,141.08860115000004
7299,305,139.59154767500007,126.57131425000001
7300,305,172.442488675,163.70019609999994
7301,305,142.38353310000008,146.00310535
7302,305,199.61515370000018,192.61925450000004
7303,305,246.78199582500014,217.15272130000005
7304,305,296.7938877500004,201.55427139999986
7305,305,276.33900562500037,209.77558967500008
7306,305,266.72991002500027,343.7560290749998
7307,305,301.1494828250002,289.3732453749999
7308,305,323.67766630000006,318.84545394999986
7309,305,222.94253475000005,253.14969467499998
7310,305,233.2078047499998,260.5062139999999
7311,305,232.96354142500005,296.45286905
7312,305,269.42666412500023,249.00785372500002
7313,305,247.26115147500002,254.1665584749997
7314,305,303.73966595000024,275.4198803249999
7315,305,253.14827187499998,251.9184185749999
7316,305,298.22328625000006,273.07166955
7317,305,279.2058584250002,219.27006124999986
7318,305,273.6154353749999,204.04850617499983
7319,305,272.11057937500027,220.2474879
7320,305,185.63146020000005,149.32612235000005
7321,306,161.28635867500014,162.58705852500003
7322,306,139.37863392500012,152.48341339999996
7323,306,151.32445127500011,137.59851577499995
7324,306,150.787194775,164.55846555
7325,306,199.57301977500003,140.0178138749999
7326,306,229.15798257500035,158.89350927499999
7327,306,212.523651475,238.62250159999996
7328,306,247.96166517500004,289.38421394999983
7329,306,284.85611195000024,285.24707299999983
7330,306,242.79260420000003,290.640688125
7331,306,253.1487115500002,262.69415644999987
7332,306,263.67978140000014,275.14309252500004
7333,306,247.6448457000002,232.40782717499985
7334,306,254.67531459999992,255.52677789999976
7335,306,268.07298702500015,215.8340006
7336,306,250.96204515,264.7158587749999
7337,306,240.74442802500013,269.76770125000013
7338,306,287.71913020000056,248.02247762499982
7339,306,266.35223352500014,220.29650377499996
7340,306,230.87956327500012,211.58684939999998
7341,306,209.05284174999994,299.81179905000005
7342,306,211.1544585999999,289.24108177499994
7343,306,169.64908227500013,191.88024987499995
7344,306,205.59943902500018,136.08524947499993
7345,307,164.12625057499997,166.03352822499994
7346,307,169.61945957500006,155.69573110000005
7347,307,161.96867244999999,120.36085797499996
7348,307,153.56284070000004,150.86357582499994
7349,307,206.836257275,181.9768487999999
7350,307,211.94305979999996,163.01969214999997
7351,307,200.43887090000007,166.46675904999995
7352,307,198.2198513249999,205.72446974999988
7353,307,238.64040002499996,269.18679110000005
7354,307,203.4323380749999,270.51016434999997
7355,307,306.8744012000002,329.56422767499964
7356,307,301.3793789249999,269.3524371749998
7357,307,299.41619967500014,198.52931822499988
7358,307,229.1160845500001,251.1749906
7359,307,248.83271810000028,200.1654466249999
7360,307,202.45573325000026,206.77774909999994
7361,307,231.21431452500028,215.87517124999994
7362,307,218.79350922499992,252.9967773749999
7363,307,211.31752762500003,231.75209557499994
7364,307,264.2740932500003,263.79888715
7365,307,204.39545337500005,282.5106977749998
7366,307,240.09625645000003,205.17460622499993
7367,307,220.21631070000024,189.7061381
7368,307,202.1024511750001,157.27783425
7369,308,181.88784387500004,174.55198874999994
7370,308,174.70366542499994,135.85517292499998
7371,308,160.0805198750001,155.732199075
7372,308,112.33909097500006,178.90410560000004
7373,308,147.49872580000016,187.52673174999995
7374,308,183.49699240000007,173.7446792
7375,308,197.77657820000002,151.25288077500005
7376,308,229.95515640000005,251.83365652500004
7377,308,246.358823975,200.45814539999998
7378,308,235.21393202499996,278.60035667499994
7379,308,232.85879092499994,261.445456775
7380,308,276.8448123000002,238.99251852499992
7381,308,253.06848677500017,244.34676904999998
7382,308,235.06372592500003,310.69136177499996
7383,308,233.78375702500014,282.34305605
7384,308,227.08009145000005,219.09050174999993
7385,308,248.09857135000004,217.94362319999985
7386,308,255.92427425000014,213.1591261000001
7387,308,283.5808167,239.06890075
7388,308,286.62942254999996,234.29713597499995
7389,308,226.7611666750002,244.292848625
7390,308,162.92381237500015,257.33713195
7391,308,171.99298280000005,186.9378712
7392,308,207.41900622500017,161.762922925
7393,309,147.2702827750001,163.89187485
7394,309,144.11755585000026,129.829966275
7395,309,152.84398599999997,133.55314207499995
7396,309,129.57251705000004,160.02792425000007
7397,309,210.79153917500022,191.69827249999997
7398,309,200.56046885,172.14294324999983
7399,309,213.0619789500002,231.9984909499998
7400,309,225.9307323750001,211.8881348499999
7401,309,253.30700365000024,318.9949257499999
7402,309,305.29527102500003,240.0642140999998
7403,309,273.50580172500014,322.5249828000001
7404,309,339.655447625,275.5807590499999
7405,309,326.23033732499994,274.2395430999999
7406,309,329.8311527000003,271.08951382499987
7407,309,375.6720263750001,295.60775684999976
7408,309,275.2971027999999,344.26764215000003
7409,309,343.17094355000006,270.32831067499995
7410,309,297.3380079499999,266.0766529499999
7411,309,293.76656052499993,280.6290563249999
7412,309,253.63927619999987,257.8987627750001
7413,309,257.003398875,253.3776695250001
7414,309,217.84950175000003,227.14862959999988
7415,309,208.15941632500005,187.17032497499986
7416,309,173.74118444999996,139.02053314999992
7417,310,153.98077350000014,144.81898119999994
7418,310,149.96186332500008,135.66760832499995
7419,310,175.98129740000002,152.73398287500004
7420,310,158.70837932499998,157.03374614999996
7421,310,167.974361775,211.32080944999993
7422,310,176.95860839999995,178.01449024999997
7423,310,239.26487060000002,205.26596597500003
7424,310,294.65098924999995,296.58985594999973
7425,310,239.2950877999999,262.11975309999985
7426,310,259.088741025,282.50482945
7427,310,272.2439526000002,239.28226747500008
7428,310,240.44776247499988,353.0768685999996
7429,310,352.5333540999998,308.86340032500004
7430,310,290.22546310000007,314.9099746250001
7431,310,280.6018082,268.14753110000004
7432,310,339.554548725,253.60934777500006
7433,310,311.0243869750001,292.5451854749999
7434,310,378.3078494000005,254.41953227499982
7435,310,316.47605837500004,261.26880534999987
7436,310,244.79585712500017,287.905625225
7437,310,197.6324680250003,187.638555775
7438,310,175.72011207500003,191.220989525
7439,310,195.85901162499988,216.1016120999999
7440,310,182.95937157500003,149.98352425000002
7441,311,229.4729561000002,151.55144117499992
7442,311,182.44486292500005,138.23563412500002
7443,311,135.81491470000014,139.7828538249999
7444,311,135.29896037500004,169.045486325
7445,311,149.6858367750001,182.1811450249999
7446,311,219.34379307500024,178.7491817749998
7447,311,228.4389669750002,232.61413007500005
7448,311,223.02476654999992,230.8267660249998
7449,311,238.98615095000008,315.9240407499998
7450,311,304.1018514,310.3958597999999
7451,311,266.4357034500001,254.41281682499996
7452,311,258.4399511750001,285.42982985000003
7453,311,273.9466964750002,256.47683889999996
7454,311,228.64702800000015,216.75950942499998
7455,311,264.1555049999999,329.19017857499995
7456,311,259.0630913500003,250.46658592499983
7457,311,246.56553097500017,267.55688554999983
7458,311,259.549829725,297.5911488749998
7459,311,208.09293395000014,228.26184054999987
7460,311,227.17249039999984,253.75166819999978
7461,311,297.48716279999996,240.4168539
7462,311,186.24489752500006,240.38184127500014
7463,311,184.1181425249999,168.08631327500004
7464,311,170.94311814999992,158.35038107500003
7465,312,165.0117628750002,165.71003402500003
7466,312,113.2557965,145.76218107500006
7467,312,162.10890022499999,141.68595034999996
7468,312,155.49241734999998,129.81971337499988
7469,312,193.56492429999997,131.15954489999996
7470,312,178.82867037500006,158.82555519999988
7471,312,188.9873761750002,224.8284973750002
7472,312,230.6997173499999,261.9314027250001
7473,312,276.07783320000044,261.37399734999985
7474,312,231.94635569999997,253.98224509999994
7475,312,277.30259847499997,321.6633451499998
7476,312,263.8139210250001,303.4475974249999
7477,312,222.32654059999993,311.6230758999999
7478,312,229.66779554999994,245.74913750000013
7479,312,274.6294376750003,316.1770245749998
7480,312,267.7955970000002,233.43989024999996
7481,312,223.46739915000012,252.74108802499995
7482,312,246.44318067500012,221.77378517499994
7483,312,303.6498140750001,323.112100075
7484,312,273.8889098750002,200.60852169999998
7485,312,235.80899585000034,224.75081447500003
7486,312,202.66327899999982,213.72616729999982
7487,312,202.4417126750003,185.1840651749999
7488,312,193.94493342500022,192.68109767500005
7489,313,142.42649912500008,179.84795400000002
7490,313,214.83764742500023,163.25189227499988
7491,313,165.25295792500012,188.86099912499992
7492,313,181.43502015000018,175.63964272499996
7493,313,191.84355125000013,171.50351104999996
7494,313,182.91006804999995,200.76299294999995
7495,313,224.24499882500038,207.49341574999997
7496,313,244.22720135000003,259.4102794749999
7497,313,221.5062385,246.33626834999987
7498,313,293.82666452500007,291.0062872
7499,313,315.79505274999997,331.8357944249999
7500,313,302.5499057750002,277.4660956000001
7501,313,212.05420695000015,245.05107424999994
7502,313,341.2222809750003,244.52070287499984
7503,313,228.03240387500017,290.22777052500015
7504,313,248.385278975,244.81514270000008
7505,313,219.54014552500016,237.97975579999996
7506,313,278.33182345000023,244.03452254999985
7507,313,252.02988334999998,318.00856409999983
7508,313,253.0500734750001,187.34426270000006
7509,313,282.88817357500045,248.341083025
7510,313,226.70405587500022,251.1667019499999
7511,313,179.27768967499998,195.82020837500005
7512,313,152.79901472499995,177.71242967499998
7513,314,176.10576007499998,168.46098885000006
7514,314,188.55534192500002,156.26286294999994
7515,314,157.86116832500016,176.4835862499999
7516,314,162.61203992500003,148.036523
7517,314,161.30036200000004,176.50501855
7518,314,223.3660277000002,132.069508225
7519,314,214.68149575000007,177.0784986249999
7520,314,251.9535570500001,239.35343412500004
7521,314,223.1789450250002,253.06071165000006
7522,314,273.09162372500015,238.4775181749999
7523,314,203.4702959750001,305.36054965
7524,314,294.2584516500002,242.44420229999986
7525,314,241.75139672499995,192.2959957249999
7526,314,222.72186892500008,280.48639707499996
7527,314,184.443578175,191.08983094999996
7528,314,221.2213055750001,169.76651792499996
7529,314,201.89471625000007,228.1505156999998
7530,314,206.05305387500033,210.2693530749999
7531,314,189.16862179999998,244.62518815000016
7532,314,231.53407844999987,206.1056885
7533,314,292.7370700250001,240.09491762500005
7534,314,157.8744493999998,228.07124647499995
7535,314,209.29997797499988,137.09230147500006
7536,314,153.05114229999998,160.82038232499997
7537,315,140.24126900000007,123.51190924999999
7538,315,189.74371279999997,145.7048943499999
7539,315,165.84245204999996,174.88983470000005
7540,315,152.62099712499997,129.64550035
7541,315,154.57652702500005,188.8286718
7542,315,233.72931707500015,184.57701077500002
7543,315,201.06886270000024,209.68805152499993
7544,315,276.0301705000002,199.12043797499993
7545,315,299.9469579500002,278.1696244249999
7546,315,229.73066182500008,233.91862202499982
7547,315,335.7598843750003,270.2417909499999
7548,315,222.78017052500022,290.72182147500007
7549,315,211.37756617499997,260.3855148499999
7550,315,263.79113432500014,196.50733759999997
7551,315,224.0578437000001,211.54312510000003
7552,315,173.85342995000013,205.81592022499996
7553,315,180.8707902250002,209.762684475
7554,315,241.67833477499994,235.57655205000012
7555,315,248.9175123250003,243.9214845749999
7556,315,287.4616421750003,231.77905705000012
7557,315,181.72019252500007,273.3444178499999
7558,315,214.46081237500007,206.78437707499998
7559,315,162.49995112500005,167.44299617499996
7560,315,159.48629947500012,147.32770175000002
7561,316,163.87606432500002,150.39140292500002
7562,316,113.9959787,165.71749654999996
7563,316,161.32878625000004,174.82317782500002
7564,316,133.74003145000006,171.3449937499999
7565,316,197.36589960000006,148.94482825
7566,316,191.6322694249998,235.67666357499996
7567,316,243.32224179999997,254.61801799999995
7568,316,211.93985782500016,263.192926275
7569,316,224.7665484749999,214.04110067500005
7570,316,223.37587652500014,314.67794547499983
7571,316,290.86443440000016,244.61162142499992
7572,316,318.7788581250002,213.44810002500003
7573,316,271.3025616999999,302.3664970249998
7574,316,256.20862972500026,323.00955772499987
7575,316,212.56120012500014,299.79127572499993
7576,316,237.86284772500005,328.52154124999987
7577,316,189.35138485000004,233.7121132499999
7578,316,282.1673482750002,352.3167623
7579,316,323.4770448250001,259.8625119749998
7580,316,352.090687425,256.625241275
7581,316,250.70138015000015,276.04658267499985
7582,316,207.59135419999993,246.80169385
7583,316,159.30633319999998,187.676588725
7584,316,146.95272627500012,159.94297099999994
7585,317,168.23758310000008,160.49828194999995
7586,317,130.556857625,142.82438627499997
7587,317,171.71388382499998,158.29199252499998
7588,317,168.88185064999993,147.827443625
7589,317,166.80839205000007,157.8737645750001
7590,317,195.10472385000008,197.0589534749999
7591,317,229.8980304000001,179.63288947500004
7592,317,253.8054602000002,237.0087551250001
7593,317,279.2170599750001,199.65581517500001
7594,317,247.26756914999999,235.05559827499997
7595,317,299.1558121000001,312.07649527499973
7596,317,262.75569030000025,287.74157897500004
7597,317,227.65853540000018,233.53747357499986
7598,317,222.448273275,240.06910959999993
7599,317,298.52330787500017,240.12585702499996
7600,317,244.61085269999998,240.8438836749998
7601,317,240.07092027500016,216.43697162499987
7602,317,271.3597894250001,195.61494180000005
7603,317,272.369081125,292.4383525749999
7604,317,244.91805559999995,188.37055079999993
7605,317,281.0470021750002,242.3116004249999
7606,317,183.83008582500008,221.35569580000015
7607,317,190.32410567499997,169.0153378999999
7608,317,154.829002575,145.86620115000005
7609,318,163.38748475000003,162.53754822499997
7610,318,143.57261510000006,151.55031667499992
7611,318,126.06731462500017,146.9956747
7612,318,160.58036052500037,160.9306041499999
7613,318,178.75143237500015,150.94284632499995
7614,318,219.9738429250001,199.31712822500003
7615,318,204.22682307500006,227.2296507000001
7616,318,203.46058265000005,249.3435391000001
7617,318,240.1051463250003,255.5171423
7618,318,247.14326795000005,304.1867120999998
7619,318,245.76924147499992,347.2935684
7620,318,250.02283769999994,255.411189375
7621,318,291.08725530000004,230.75941679999983
7622,318,284.388196,233.95972537500006
7623,318,232.3210998250001,243.84843194999985
7624,318,280.1185258999998,240.14347884999972
7625,318,208.59398705000012,207.62708149999992
7626,318,227.75180117500037,245.17051539999994
7627,318,270.91678815000023,234.53215864999987
7628,318,231.66343167500025,265.89065425000007
7629,318,281.4195994500004,303.42873735
7630,318,273.682412525,194.23492752499976
7631,318,180.7522325500001,159.82372189999995
7632,318,180.67893980000008,176.84411389999983
7633,319,131.52485207500013,193.03476539999997
7634,319,155.49346307500002,142.9833915999999
7635,319,147.9248686750002,138.17824887499995
7636,319,161.80985370000008,121.73512762500003
7637,319,167.23071425000012,158.35495434999996
7638,319,224.02279634999996,229.49975970000003
7639,319,264.29326427499996,191.40416520000008
7640,319,240.9420776500001,246.65982365000008
7641,319,210.83311120000008,268.9949083999998
7642,319,276.3181316500001,316.50582144999987
7643,319,278.6629756250004,298.419954675
7644,319,270.5814518500002,277.1070199750001
7645,319,303.9777097500004,248.88154487500015
7646,319,241.1484962,307.4453443500001
7647,319,262.451645725,214.96745219999994
7648,319,253.17566277500015,266.6252910250001
7649,319,257.65374862500033,307.17286882499985
7650,319,308.53606827499993,240.12014717499983
7651,319,239.15294432500002,267.97281905
7652,319,242.6403271000001,258.2034248499998
7653,319,283.6848756750001,204.99560687500002
7654,319,231.61750607500002,221.45022347500006
7655,319,190.29629389999988,195.80277205000002
7656,319,184.51219237500018,146.05502615000006
7657,320,159.32602332500014,161.0088336
7658,320,145.11205927499998,141.57941619999997
7659,320,137.76881887499994,160.31073039999995
7660,320,177.59403252499996,178.934730375
7661,320,177.27791045000004,134.17313242499995
7662,320,178.0524436500002,202.11548439999999
7663,320,233.100620425,230.8090979749999
7664,320,304.78254132500007,311.849358575
7665,320,273.51150722499983,272.0302186749999
7666,320,305.49068690000024,246.97666102499983
7667,320,205.0197743500001,268.42673955
7668,320,298.1460070500002,270.057016025
7669,320,298.26296007500036,290.1297567749999
7670,320,253.38074087500013,337.9354769999998
7671,320,213.7651019000002,213.55777200000006
7672,320,217.87574744999995,300.0879496999998
7673,320,261.4821768750001,276.11283455
7674,320,213.11625832500027,238.13042115000007
7675,320,225.91680175000005,279.6911142249998
7676,320,262.2234100000004,209.50192607500003
7677,320,205.903716875,281.9389334
7678,320,217.23447545,228.40320769999997
7679,320,158.7220559500002,191.95874375000005
7680,320,191.23839062500008,193.37923774999993
7681,321,164.15036630000014,156.33076745
7682,321,149.53015032500008,133.86647239999985
7683,321,151.48226474999996,122.13222957499985
7684,321,178.35526220000003,130.47280244999996
7685,321,149.5510244,110.54231324999992
7686,321,198.64059832499998,152.35039725000007
7687,321,213.99255589999996,205.9738405749999
7688,321,173.52161495000001,183.294123275
7689,321,265.35869555000033,289.8158694499999
7690,321,271.58325650000035,294.52720742500003
7691,321,272.72844847499994,273.82505047499995
7692,321,273.7687104000004,252.6215853499998
7693,321,224.67298532500024,291.3807036499999
7694,321,210.56232465000005,222.88312992500005
7695,321,269.9178728000001,274.948515875
7696,321,193.82237660000004,300.5498738749997
7697,321,240.21986877500032,296.282473475
7698,321,244.9886564750002,278.45600045
7699,321,293.36380922499995,207.0439595
7700,321,227.50859935000008,225.00308950000004
7701,321,221.29976537500025,206.13105224999993
7702,321,226.6855382000001,184.48262400000007
7703,321,141.08588509999998,194.44027229999995
7704,321,152.32503855000007,155.35123382499995
7705,322,148.18378007500007,145.78463327499998
7706,322,146.22083577500007,149.52053277499988
7707,322,156.8808779250001,161.62269947500008
7708,322,147.67905407500007,168.62457622499997
7709,322,220.35551265,178.06980352499988
7710,322,199.62419300000013,189.70646697499996
7711,322,139.97799930000008,225.36021174999996
7712,322,199.2564593250001,240.58498454999983
7713,322,231.66053157500016,233.0590636000001
7714,322,252.44305247499994,262.44070135000004
7715,322,284.0862815500001,239.90436772500004
7716,322,239.88480467499994,248.24624142499982
7717,322,230.2069532249999,237.88408927500004
7718,322,213.08992252500025,232.70669674999988
7719,322,217.48071275000012,251.72145574999996
7720,322,242.38444765000014,242.50803307500001
7721,322,205.92295107500007,263.45988447499997
7722,322,274.7116710749999,268.76849345
7723,322,212.83079242499997,276.5159110499998
7724,322,252.13583247500034,284.7679151499999
7725,322,184.8817436000002,260.57105829999983
7726,322,236.3444867,202.60250537499996
7727,322,161.39675304999992,195.64846304999992
7728,322,145.45307472500005,150.512726175
7729,323,126.78671457500002,139.26624807499994
7730,323,128.52049310000007,109.98524225000006
7731,323,150.2699397500003,150.36172744999993
7732,323,141.01863942500003,156.75356907499997
7733,323,189.11573555000012,145.78360235000002
7734,323,141.48034189999993,224.60922344999977
7735,323,196.18453260000018,188.74162892499993
7736,323,235.36316460000023,299.42730717499984
7737,323,233.0043869500002,253.18931382500006
7738,323,244.88688280000014,278.33108364999987
7739,323,267.83614580000005,265.5738355000001
7740,323,299.4020145750001,360.1972592999996
7741,323,315.9036103500001,289.17288507499995
7742,323,242.0303363249999,217.70089812500004
7743,323,331.6718614250002,276.63201972499996
7744,323,228.01054072500006,274.73569209999977
7745,323,293.5712110000003,229.29770167499987
7746,323,259.14060435000056,273.8942005750001
7747,323,276.9814346000001,202.4204283000001
7748,323,257.70654257500007,263.9909017749999
7749,323,295.37020395000013,236.87490319999978
7750,323,264.8476182249999,231.35453227500005
7751,323,209.00945165000007,181.56477032499987
7752,323,194.770415,143.309909925
7753,324,140.37739170000003,182.17671379999996
7754,324,107.2571811,120.78382495000002
7755,324,161.96737415000018,166.5703703750001
7756,324,142.06579252500006,152.36256535000007
7757,324,154.964554875,152.0856808499999
7758,324,158.5668171750002,141.85377899999995
7759,324,190.960252325,237.83226194999997
7760,324,311.2508720499999,288.76505807499984
7761,324,282.3818244250001,214.42555222499988
7762,324,327.9426619000001,316.336198175
7763,324,268.8920749250001,231.55422737499993
7764,324,310.7867043750001,320.8939646250001
7765,324,243.5925575000001,268.8721780499998
7766,324,258.1779644500003,311.3521305999999
7767,324,227.54054827500022,314.4260769749999
7768,324,281.67762702500016,230.1236930750001
7769,324,205.166492725,267.1070015749999
7770,324,218.04881359999996,273.2549101249999
7771,324,292.2325709500001,308.2354117
7772,324,203.05594645000014,242.34100197499987
7773,324,246.65446467499999,233.07882440000006
7774,324,219.5471161249998,203.33969359999986
7775,324,213.79955212499993,190.80608352500002
7776,324,184.2490446750001,149.077306325
7777,325,138.70005702499995,131.28775722500004
7778,325,126.55448842500022,156.3223799499999
7779,325,170.76381342500005,134.65267747499996
7780,325,123.84831995000008,163.12706962500002
7781,325,182.28815250000002,165.72125397499997
7782,325,182.77164169999992,202.92781655
7783,325,234.694057,245.2088024249999
7784,325,238.92875005000008,217.756824675
7785,325,251.6659554250001,248.63381194999988
7786,325,257.1267062249999,306.6644826500002
7787,325,282.7338753250001,296.4414672749998
7788,325,332.6250504,279.52599025000006
7789,325,246.97585507499994,232.2013773749998
7790,325,258.8330491,292.03549914999996
7791,325,244.17709049999996,240.51531062499987
7792,325,203.08817955000012,219.54064502499995
7793,325,245.2322519749999,201.86045339999976
7794,325,275.1950063500002,252.80221407499988
7795,325,269.57537445000014,274.3475195249998
7796,325,279.4020556500001,198.27314759999996
7797,325,250.18147017500007,223.10271699999987
7798,325,187.13351810000017,188.8187827999999
7799,325,184.3131622499999,167.03747244999994
7800,325,183.84478502500008,141.98570135
7801,326,188.04878152499995,166.1328393
7802,326,146.88297352499995,174.52573815000005
7803,326,112.49878920000012,173.58884704999997
7804,326,146.47636135000002,134.97367637500003
7805,326,141.13444572500003,159.89339732500002
7806,326,157.04760550000003,145.73537622499992
7807,326,184.92261702499997,215.30008629999998
7808,326,262.60413960000017,159.93977902500015
7809,326,246.87975185,299.9417783999999
7810,326,212.35304322500025,235.06556827499992
7811,326,279.2137123250001,240.49651030000007
7812,326,284.8511477500001,234.0266010749999
7813,326,268.22405567499993,218.93115624999984
7814,326,241.30463130000038,196.1595002249999
7815,326,201.57070619999985,222.13547857499987
7816,326,233.56931562500017,222.545178775
7817,326,210.735544625,217.82312072500008
7818,326,204.68844867500007,228.59329805000004
7819,326,165.85545615,222.71646272500004
7820,326,229.04536609999997,230.47456264999983
7821,326,203.45090610000005,216.53744147499987
7822,326,213.1535484250001,178.41131565000006
7823,326,146.64132032499998,177.5292525
7824,326,127.18314582500003,154.6487384749999
7825,327,157.099106375,168.9791034749999
7826,327,156.468690975,148.57011142500005
7827,327,137.02872617500003,186.1800260249999
7828,327,142.3136970000001,116.56861407500007
7829,327,153.11451765000015,118.94526407499995
7830,327,212.55866477500035,230.7267041249999
7831,327,122.53303872500018,185.17360477499997
7832,327,238.64514042500016,221.40032662500008
7833,327,293.4662938,188.3974697
7834,327,247.05236622500055,291.8745976249999
7835,327,208.48096765000008,302.6470137499998
7836,327,282.7253464500003,272.28790157499986
7837,327,263.19589887500035,240.69163257499991
7838,327,234.29638922500004,246.13086229999982
7839,327,212.36666335000018,195.87307799999985
7840,327,217.74538322499984,246.25237387499993
7841,327,217.17131130000024,211.2314787999999
7842,327,233.14398065000003,211.55585070000006
7843,327,271.2981862250002,223.26542914999982
7844,327,197.32601129999995,222.0834353249999
7845,327,247.49145217500012,236.17471379999995
7846,327,231.3587679250001,173.36986124999999
7847,327,194.80704205000006,130.199174475
7848,327,168.5465194250001,129.05045412499996
7849,328,168.35477954999993,142.40370790000003
7850,328,132.40926577500014,160.308120375
7851,328,147.0459175000001,122.59787757500006
7852,328,162.9990936000001,125.31556152500005
7853,328,162.76485185000007,187.38632277499994
7854,328,170.09596157500016,200.73676677500004
7855,328,164.0226718500001,166.58591977500004
7856,328,229.55172155000025,193.92111539999993
7857,328,160.15834902500006,297.9659562249999
7858,328,285.66533397500064,265.09328565
7859,328,285.9424788500002,286.21236309999995
7860,328,270.32790790000024,254.04038717500003
7861,328,257.95074507500027,223.35842794999985
7862,328,271.4883559500004,259.09264897500003
7863,328,319.29642200000023,243.5259829250001
7864,328,260.13042362500016,215.78414230000007
7865,328,275.5529578500004,210.98779994999984
7866,328,290.0885336750001,287.6915144500001
7867,328,221.38465820000016,221.58544682499996
7868,328,271.10648832500004,250.2779275000001
7869,328,191.98301225000006,213.68021094999983
7870,328,204.11279435000012,173.58144615000003
7871,328,163.20778105000005,143.81793929999992
7872,328,148.0249726500001,155.0228747999999
7873,329,139.00946952500016,141.22669392500006
7874,329,143.2729961,147.315186525
7875,329,92.09311665000001,142.70514465000005
7876,329,150.58677817500006,124.84504542499991
7877,329,173.59782707499997,163.070297775
7878,329,180.13806062500015,172.71681474999988
7879,329,131.48333537500022,210.6746237499999
7880,329,179.6567257000002,195.03217500000008
7881,329,224.9114261000001,183.54319957500002
7882,329,252.28474962500022,231.16135197499992
7883,329,257.14819677500014,194.90207555
7884,329,291.7815380000002,195.90826875000005
7885,329,272.74903985000026,200.53848059999996
7886,329,231.5378539250001,222.70032922500013
7887,329,244.87333682500002,259.6897668
7888,329,234.1067289750003,287.27958359999997
7889,329,225.0276441250003,206.03858239999994
7890,329,233.26483922500015,234.98752787500013
7891,329,220.01516310000022,270.74685400000004
7892,329,178.8732112,276.81662477500004
7893,329,181.612566525,211.6196195499998
7894,329,180.00057345,202.385960925
7895,329,156.0988400500001,175.01239267500006
7896,329,111.599098075,162.73902577500002
7897,330,126.70164484999998,152.48004152499993
7898,330,131.85668807500008,131.33560967499994
7899,330,170.96498629999996,178.96565554999995
7900,330,135.74369122500002,173.2571512
7901,330,168.0766605000001,162.62180634999996
7902,330,195.87255075000004,181.4784318
7903,330,236.66818932500007,232.55886312499993
7904,330,295.0192141749999,261.6673448750001
7905,330,266.42140459999996,217.24562354999995
7906,330,280.33390320000007,258.84979329999993
7907,330,237.2317830500001,242.86911174999995
7908,330,304.9925529250001,306.78019822500016
7909,330,233.88672305000006,228.87482732499979
7910,330,263.07257795000044,300.18931114999975
7911,330,268.5705158250002,232.0053182499999
7912,330,281.9345327500002,280.25334319999985
7913,330,227.85090442500007,252.09221315000002
7914,330,322.533717,278.51092997499995
7915,330,327.5243351750005,277.47344869999984
7916,330,264.41187237500014,285.08178249999986
7917,330,198.61309400000005,290.5082909749999
7918,330,294.908891425,221.06706010000016
7919,330,180.57869297500008,179.61369099999996
7920,330,184.21520002500014,136.96836744999996
7921,331,149.00192045,185.399355925
7922,331,143.82746779999997,153.5607251
7923,331,160.834801425,158.98057225000002
7924,331,190.86651955000013,166.18262692499994
7925,331,172.88964310000023,193.05859257499992
7926,331,230.79968917500017,221.21766462500005
7927,331,204.53043477499995,223.94377857499984
7928,331,218.75955400000004,228.53253864999982
7929,331,204.6693436000002,270.43016195000007
7930,331,255.1269337,231.1201526
7931,331,269.3044871000001,290.55338765
7932,331,243.61814297500004,224.47159842500002
7933,331,266.9094672500001,258.34349047499984
7934,331,345.647111525,290.40148769999985
7935,331,308.37463095,258.85857002500006
7936,331,260.6004741500001,200.09174425000003
7937,331,291.6055589000001,224.6486846999999
7938,331,323.8734576999998,231.94181380000015
7939,331,239.83218677500014,264.486772675
7940,331,245.08334667500023,237.5666607500001
7941,331,255.70526717500007,286.0343438
7942,331,240.96718605000007,195.59512122500007
7943,331,212.32907732500018,216.03404319999999
7944,331,199.60569365000032,214.75728007499987
7945,332,163.82059465000026,131.04901932499996
7946,332,161.44348457499996,158.90882034999993
7947,332,160.0852635,183.77410022500004
7948,332,146.9267700500002,170.49298202499995
7949,332,163.98175855,208.9585885999999
7950,332,192.40323735,258.61712712499997
7951,332,251.03843502500038,267.1866252750001
7952,332,286.86688520000007,272.5604231500001
7953,332,216.99162790000017,317.15385012499996
7954,332,285.3974610000001,307.6598697999999
7955,332,259.6739071249999,344.98490764999985
7956,332,294.06242317499994,354.391768575
7957,332,249.82281460000013,302.603272925
7958,332,290.73595417500013,231.3426579249999
7959,332,268.5070046500001,239.32074172499998
7960,332,244.8776041000002,185.60029395000012
7961,332,290.57217597500005,175.04920972500014
7962,332,338.5928220000004,289.4887480499999
7963,332,351.0924984250002,182.80653104999993
7964,332,271.75367435000004,222.94384952500002
7965,332,202.6378418750002,208.85440829999996
7966,332,226.34492112499981,229.4667844000001
7967,332,178.62292737500007,190.74461642500003
7968,332,198.1766650000004,197.75421967500006
7969,333,174.46594797500006,148.926787225
7970,333,164.52806825000016,157.76328329999996
7971,333,139.287692775,143.31015225
7972,333,147.76706750000008,166.2691223
7973,333,177.6210613,165.97547402499995
7974,333,196.3540063000001,208.3655827
7975,333,222.8475527999999,244.73378817499997
7976,333,268.29968810000014,300.22155030000016
7977,333,300.6196818000001,263.16945560000005
7978,333,345.5068566750004,203.92735820000007
7979,333,347.4796054000003,298.75862992500004
7980,333,355.68586095000023,300.734391375
7981,333,263.07485942500057,220.816222725
7982,333,317.3265767500004,252.24797179999987
7983,333,241.25244507500014,301.8949637999999
7984,333,285.53238385000014,217.20683849999998
7985,333,256.6066214000001,311.0748554500001
7986,333,268.678621375,294.55938945
7987,333,280.5800177999999,308.29537882499994
7988,333,225.08290770000013,296.27539420000016
7989,333,271.0450600749998,230.3154823999999
7990,333,287.41513267500045,246.85442439999997
7991,333,174.75941427500004,192.64177252500002
7992,333,137.77584732500011,182.23320259999997
7993,334,174.30386950000013,123.48233582499996
7994,334,180.5467765250001,136.60019069999993
7995,334,145.4046619000001,156.24293972499987
7996,334,160.4348344250002,162.372184925
7997,334,163.37288605000003,162.23270014999997
7998,334,203.87667140000008,186.93763705000003
7999,334,219.1009485250001,233.00559425000006
8000,334,253.32116745000036,291.76834284999984
8001,334,301.4471021500001,308.8335459750001
8002,334,281.0651296250003,266.7007782249998
8003,334,377.3528848750005,281.99852174999995
8004,334,304.6308518000001,312.7044243999999
8005,334,349.49387352500037,286.2160173999998
8006,334,258.22869582499993,268.72145097500004
8007,334,269.7254486000004,302.24038509999974
8008,334,244.0716233250002,203.1154379249999
8009,334,247.2287213750002,223.91035159999979
8010,334,291.28232440000016,270.7214834249998
8011,334,264.8299640750003,223.52201587499994
8012,334,244.6724422999999,226.08320529999997
8013,334,284.6536191500001,258.60048494999967
8014,334,181.9091420000001,204.9417409749999
8015,334,183.14945985000008,224.17400457500005
8016,334,198.32891470000038,151.59130967500002
8017,335,149.04945007499998,183.02649862499985
8018,335,148.09644345000012,147.135833925
8019,335,143.91799977500006,133.231764175
8020,335,161.91894757500006,153.63082059999994
8021,335,164.12656075000024,140.19117762500008
8022,335,179.33662005000002,177.04795835000004
8023,335,157.17614087500016,213.14179054999997
8024,335,224.26147845000003,239.89831642500013
8025,335,244.32872272499986,226.15915809999984
8026,335,212.0184956250001,263.14962112499995
8027,335,313.78756940000005,291.5041719750001
8028,335,253.7414451750002,362.4939157499998
8029,335,303.23138425000013,237.24060112499978
8030,335,240.79965670000007,212.85374879999978
8031,335,211.9447261250001,199.4053302999999
8032,335,220.5632024000001,210.47006529999993
8033,335,275.09111562500044,200.15480235000004
8034,335,206.68977627500018,235.6423393999999
8035,335,253.69465937499996,254.2528612499999
8036,335,234.9553595000003,260.4287746
8037,335,227.063847975,230.6308869749999
8038,335,232.119497525,193.80661770000006
8039,335,231.76343342500004,167.01043294999994
8040,335,179.67022817500006,179.23983915
8041,336,176.7214165750001,158.33723304999987
8042,336,164.4985025750001,132.36470949999998
8043,336,171.05829864999998,109.91191069999992
8044,336,140.38494902500003,160.63066172499998
8045,336,168.87536577500006,126.04162752499992
8046,336,181.50296142499997,171.2648873749999
8047,336,225.27680525000008,197.18914065000007
8048,336,210.70726052500012,217.41062374999996
8049,336,223.18731637499994,272.5635897
8050,336,318.0530300500002,228.30099687500007
8051,336,274.5556032,279.0133783499999
8052,336,278.17430712500015,240.9098165499998
8053,336,235.3651904000003,274.4652593999998
8054,336,246.0578212500002,254.30419884999998
8055,336,173.48341585000009,217.23124922499989
8056,336,159.04502807499995,216.38838645000004
8057,336,270.4408195000001,231.5179761249998
8058,336,235.75186902500016,243.08350242499995
8059,336,225.6300106750001,280.562894875
8060,336,271.92377592500014,337.31789912499994
8061,336,227.02313619999995,260.379096025
8062,336,232.927553525,196.8756563249999
8063,336,184.3505902,235.62190640000006
8064,336,193.2125213,167.32482755000007
8065,337,139.66611450000005,117.02131512499992
8066,337,117.43158795,121.69795834999998
8067,337,128.17707842500005,156.4553689
8068,337,163.50618460000004,157.93187134999994
8069,337,161.57797870000024,157.13054182500008
8070,337,184.09849977499988,239.16233545
8071,337,240.76855352500007,225.48817117499993
8072,337,307.31381557500026,223.60185367499986
8073,337,240.20030020000007,257.36853952499996
8074,337,230.956345575,312.60483120000004
8075,337,291.43725665000005,285.48346742499996
8076,337,287.3547867249998,277.807225125
8077,337,289.483752925,332.1209040749999
8078,337,277.19330105,309.48183674999984
8079,337,224.57169814999992,256.6019379249999
8080,337,269.2392878000003,209.274718275
8081,337,250.26442010000005,243.73544264999998
8082,337,242.4208059250002,274.94258702499985
8083,337,304.7354998750001,311.40721914999983
8084,337,236.30156625,280.0970275250001
8085,337,261.84061647500016,306.47251850000015
8086,337,235.10109284999982,235.15580682499973
8087,337,196.018631775,165.44001862499996
8088,337,180.33599207499998,169.44607309999984
8089,338,126.62659555000013,116.37838942499997
8090,338,162.62537132500023,136.3341115749999
8091,338,161.03675372500018,156.74341947500005
8092,338,166.0647924000001,126.918453075
8093,338,186.81270495000012,160.44738569999993
8094,338,170.38288817500018,157.91174070000002
8095,338,267.25547337500007,278.0351680250001
8096,338,300.7780532000002,221.0609722
8097,338,262.929949925,278.2996226
8098,338,214.17848807500027,336.6152466999999
8099,338,364.9753732500002,308.42588047500004
8100,338,329.37867257500045,287.9350141000001
8101,338,230.05803075000006,335.86763417500003
8102,338,284.3777739000001,293.377405675
8103,338,302.49296935000007,379.17338407499994
8104,338,203.9093035250002,211.3089392500001
8105,338,282.73490535000013,238.58215252499997
8106,338,308.3020277,302.6852635749999
8107,338,277.7544083000002,298.3755237749999
8108,338,332.2683075499999,253.88344884999987
8109,338,242.41380965000002,252.7407581499998
8110,338,217.8635387999999,208.54736009999982
8111,338,246.41900120000008,173.70219617499993
8112,338,182.863804625,198.36811324999996
8113,339,214.62091602500027,199.1082650999999
8114,339,172.18339110000005,193.590727125
8115,339,188.8401788,140.03363864999994
8116,339,160.78751530000022,162.65970525000006
8117,339,180.182552325,208.44066494999998
8118,339,178.62383977500016,196.8678440499999
8119,339,282.6957163750002,221.25560872499986
8120,339,236.86160250000006,215.92468337500003
8121,339,280.74960105000025,237.2392908999999
8122,339,275.28668172500034,280.7801243499999
8123,339,260.286374275,372.10830529999987
8124,339,329.04870052500024,322.08037272499996
8125,339,252.74353767500008,327.2144249500001
8126,339,225.1953328750001,241.8617718499999
8127,339,218.3529869500003,287.63797804999996
8128,339,251.78875420000026,273.78783017500007
8129,339,251.41440872500004,255.64750329999998
8130,339,285.39348355000016,229.63333157499972
8131,339,331.6488853000002,291.2053790999998
8132,339,246.81052630000016,307.88037892499983
8133,339,237.4301386749999,218.63977039999997
8134,339,224.14933302500026,243.43745415000018
8135,339,195.87043550000033,257.628500425
8136,339,160.0211395,207.89889424999996
8137,340,203.61867495,215.54423489999994
8138,340,195.61622867500006,147.73615297499978
8139,340,206.11999142500014,149.81372754999995
8140,340,170.1195262500001,164.51112382499997
8141,340,165.37682452500005,205.23147982499992
8142,340,199.78716622500014,184.84246644999996
8143,340,208.52765502499997,211.5754112499999
8144,340,242.1571526250001,221.5206429999999
8145,340,316.690603225,281.901913325
8146,340,320.5567162249999,321.01817077499976
8147,340,247.9809473000002,265.7684068
8148,340,250.88589939999991,305.3188595749998
8149,340,268.3752814750002,241.25115757500012
8150,340,232.4115119250002,258.5516673000001
8151,340,226.9609133500001,275.1733602
8152,340,216.81598280000003,238.00386762499988
8153,340,315.8746113250003,254.05169705000012
8154,340,234.74238652500011,274.55681122500016
8155,340,232.21931395000018,288.617550275
8156,340,251.14639817500006,258.0116887500002
8157,340,291.9813076749999,233.35947425
8158,340,228.43422700000008,327.559137025
8159,340,260.5824075500003,254.4369273499999
8160,340,199.87739907500023,185.1880380249999
8161,341,164.16852315000023,197.46455280000004
8162,341,171.12409962500016,150.356181375
8163,341,217.7303957250001,152.99393152500002
8164,341,155.89990835000003,246.85117107499997
8165,341,206.16116862500013,178.003796075
8166,341,233.5190759750001,209.36641955
8167,341,211.54578135000025,225.08403205000002
8168,341,206.68538262500005,282.12461677500005
8169,341,234.92200037500032,279.724729325
8170,341,265.26591567499986,304.82713544999973
8171,341,327.97535000000005,307.0746561499999
8172,341,319.58958630000006,280.483179625
8173,341,246.87128107500033,257.11712975
8174,341,296.98676655000065,278.62270214999995
8175,341,238.4653311250002,310.38287985
8176,341,234.95365942499996,243.97857892500002
8177,341,243.98261032500005,207.69057209999983
8178,341,266.50917567499994,273.2617073749999
8179,341,306.756512625,307.63023617500005
8180,341,247.0049439,284.0628362
8181,341,287.6306860000002,265.718305375
8182,341,246.9070415750001,225.79403532500018
8183,341,220.55723542500021,173.906954575
8184,341,190.6042057750002,137.6617640999999
8185,342,132.28985745000006,144.72038757500002
8186,342,130.03451720000007,176.8959795499999
8187,342,137.99704522500008,172.85612657499993
8188,342,166.58483474999994,191.1835837000001
8189,342,137.25988307500015,194.33034677499984
8190,342,175.04181580000014,152.52035149999995
8191,342,183.874770525,184.61292499999985
8192,342,267.7197780000001,223.49644067499986
8193,342,228.88765902500006,286.7894270249999
8194,342,320.84867695000037,309.9793327
8195,342,230.56132467500007,254.11236909999994
8196,342,299.94610945000005,233.03514884999993
8197,342,162.0989466250001,209.1028801000001
8198,342,206.10762412499986,251.02931947499985
8199,342,207.63996702500015,198.28479094999992
8200,342,173.34875775000003,225.98798414999993
8201,342,202.6335309250001,250.390281475
8202,342,261.0532655250002,320.7197583499999
8203,342,245.13161374999993,234.74435987500013
8204,342,246.69613147499985,248.19265427499977
8205,342,258.8385595749999,246.23916517499987
8206,342,266.3741046000004,225.35193909999975
8207,342,264.27027999999996,173.56969697500006
8208,342,193.49814345000004,165.87793645000005
8209,343,130.24106845000006,173.30858789999994
8210,343,158.73550700000004,143.580225375
8211,343,155.993046575,144.03317059999995
8212,343,150.03731755000004,155.04033309999994
8213,343,176.98994712500001,202.8361615999999
8214,343,167.82058502500024,153.28466137499998
8215,343,159.04870064999994,198.46592132500007
8216,343,192.23424020000002,200.84836070000003
8217,343,196.15807717499996,198.92311082499987
8218,343,231.95563185000003,343.85934042499997
8219,343,346.8453133750003,304.38407014999996
8220,343,343.88346435000017,204.69926319999996
8221,343,232.6471537250002,197.866603825
8222,343,275.72263787500003,182.60540700000007
8223,343,202.13309237500016,182.9564267249998
8224,343,198.51991957499985,225.69650374999986
8225,343,207.96834872500006,280.0030376249999
8226,343,223.22092207499992,245.95718907500014
8227,343,268.3745808000002,235.1644604000001
8228,343,277.316608825,226.5648926750001
8229,343,246.65577995,259.73096862499995
8230,343,261.21505927500016,265.2266834499999
8231,343,156.0137124000001,192.8749447999999
8232,343,175.90704365000005,142.5860098999999
8233,344,155.21987167500015,120.08481864999997
8234,344,179.9031569000001,125.97359267499994
8235,344,159.51736897500007,159.53657837499998
8236,344,117.12193274999994,180.129444225
8237,344,186.97525227500006,171.283441425
8238,344,252.6501806500002,173.42724215
8239,344,244.94666327500022,261.0159327750001
8240,344,213.4307184499999,232.0770342749999
8241,344,266.0928225250003,251.37209237499997
8242,344,286.074877275,290.65323935000004
8243,344,284.49237272500034,315.64908677499994
8244,344,245.1727571749999,251.04542487500004
8245,344,281.2713976250002,244.11262374999995
8246,344,311.7335300750001,283.92927472499997
8247,344,268.4674586750001,259.7154981499999
8248,344,243.36616245000022,257.31463622499984
8249,344,289.4324172750002,253.5985087749997
8250,344,266.5446250250001,307.93852677499996
8251,344,210.83234137500017,279.31503452499993
8252,344,284.56276710000037,245.47434199999995
8253,344,274.37402947500016,227.4498897999998
8254,344,222.0275246750003,207.2681086749999
8255,344,212.52641330000012,226.69132012499995
8256,344,156.02937232499988,150.60440057499997
8257,345,211.34574025000026,185.14249462499996
8258,345,192.19308012500005,161.6085653
8259,345,177.00878672499996,159.133623975
8260,345,195.07637522500016,154.53619674999996
8261,345,188.21011717500022,185.54939799999994
8262,345,230.1525615500001,217.474846975
8263,345,173.55854977499993,293.3472372
8264,345,278.41034277500023,291.76748805
8265,345,292.9024226999999,292.0610980249998
8266,345,211.92098742500042,242.19092604999997
8267,345,232.49735822500006,284.67729177499984
8268,345,246.74020772499995,330.5361381250001
8269,345,266.167046475,312.29325304999986
8270,345,198.21913832500002,318.070267725
8271,345,267.93882562500005,294.216705125
8272,345,171.0985928750002,290.028915075
8273,345,281.08899090000034,262.5229272999998
8274,345,311.54606787500006,341.25438214999997
8275,345,288.6321845249999,261.47488245
8276,345,218.40321454999997,234.0706978249999
8277,345,263.17986947500015,275.689543675
8278,345,233.59102565000015,303.0902383749999
8279,345,241.14943037500012,198.34821472499996
8280,345,215.49937947500035,198.07670939999988
8281,346,183.1224927750001,240.13289927499997
8282,346,178.87317380000013,217.35920199999998
8283,346,198.94938815000023,187.75337205000002
8284,346,197.28763050000038,245.752813325
8285,346,229.18888420000002,198.25583549999996
8286,346,225.24523737500016,238.16803149999993
8287,346,223.31770652500012,209.57806497499996
8288,346,303.32235997500015,274.3273477999998
8289,346,292.0623964000004,248.56229699999992
8290,346,275.6104918000001,350.3400477499998
8291,346,321.60644730000024,289.66949697499984
8292,346,275.7863367500001,251.60472470000002
8293,346,248.14248992500015,234.31331940000013
8294,346,270.40199545,276.29154985
8295,346,228.2927573500001,172.84812202499984
8296,346,252.4056204250001,220.2943316749998
8297,346,243.14871150000005,286.15217322499996
8298,346,246.1926674500002,368.89175977499974
8299,346,327.0001534750002,293.5765370000001
8300,346,269.86297735000016,228.98445735
8301,346,275.6024454750003,271.04432269999984
8302,346,246.48583542500012,297.32727834999986
8303,346,174.3194524750001,202.15165132500005
8304,346,175.23578192499997,202.87782552499993
8305,347,195.589500125,160.6880394499999
8306,347,153.19541607500003,138.37892062499998
8307,347,145.60082335000004,153.98455387499996
8308,347,175.3633536499999,211.0563466
8309,347,209.03234485000016,224.61080647500006
8310,347,235.32382855000003,203.413572225
8311,347,248.4333277,221.42968209999998
8312,347,251.06254502500002,252.86854612499985
8313,347,334.21273337499997,293.66740219999986
8314,347,373.471748225,269.77492190000004
8315,347,293.123706575,284.67241905000003
8316,347,331.0008131750001,343.29007597500004
8317,347,314.14710354999994,271.74740862500005
8318,347,227.19121412500022,220.2250478999999
8319,347,237.36116610000016,236.30324855000003
8320,347,249.6880581750002,227.19150079999997
8321,347,286.80366250000014,222.1325243500001
8322,347,258.99807740000045,258.0745276
8323,347,269.04592807500006,225.41407389999983
8324,347,215.11837045000007,253.18757829999987
8325,347,267.02045405,234.26489047499996
8326,347,222.03713415,244.45267657500005
8327,347,256.09541510000014,216.11539522499993
8328,347,189.84041232500016,170.089398475
8329,348,147.075941325,179.34217947500002
8330,348,181.00981445000002,142.79618587499996
8331,348,163.99924685000008,137.72266147499997
8332,348,165.6779654,121.31414942500001
8333,348,161.3821427,144.07205650000003
8334,348,224.29007579999993,156.01348904999998
8335,348,275.00059605000024,241.9797298750001
8336,348,333.9166334000001,290.6587412499998
8337,348,334.0578155249999,226.45333479999982
8338,348,264.4307027999999,284.93502854999986
8339,348,289.69861105000007,385.657736625
8340,348,264.52525697500005,298.27601652500016
8341,348,246.9786437749999,264.71941007499987
8342,348,228.83018160000003,229.21862867500002
8343,348,252.79656702500003,256.87443952500007
8344,348,203.43300107499994,289.0436996749999
8345,348,169.68830305,270.3456133
8346,348,234.29277852499996,201.91585262500004
8347,348,255.0720659000002,293.88905814999987
8348,348,279.06507564999987,278.5644927499999
8349,348,286.84058390000007,264.565343925
8350,348,236.5666007499999,229.02321294999996
8351,348,256.24736970000004,222.4933877250001
8352,348,247.93217470000025,226.88310070000006
8353,349,188.42853422500013,214.64633819999992
8354,349,183.50149367499995,157.46809095000006
8355,349,192.77283437500003,210.9918957499999
8356,349,207.36893590000008,151.33892964999993
8357,349,270.7921454750003,185.18771047499996
8358,349,216.1950185500002,244.46052732500002
8359,349,192.45152670000016,189.09765905
8360,349,200.54720817499992,268.04928784999987
8361,349,212.06060427500014,231.0542163
8362,349,257.57365917500033,232.77959960000018
8363,349,267.9625194000001,287.0617052
8364,349,270.7053110500001,263.1133033749999
8365,349,252.3215461000005,244.92515427499987
8366,349,213.68482822500005,253.18562107500014
8367,349,219.09998440000004,217.2585281999999
8368,349,221.26421572500007,233.13610409999978
8369,349,281.810692925,228.01127909999997
8370,349,276.72013042500004,312.51835497500014
8371,349,272.3836696000001,294.2802088000001
8372,349,308.0391728000007,263.2596498250001
8373,349,214.57714882500005,313.51747192499994
8374,349,255.05695972500007,222.9593527999999
8375,349,207.8644246750001,159.80157440000005
8376,349,195.84856855000032,145.882306625
8377,350,169.44176917500016,150.24582289999995
8378,350,138.75274512500008,124.99361107500006
8379,350,159.22197500000004,157.55250474999997
8380,350,155.54112980000002,144.8115145499999
8381,350,204.11852189999996,137.91081832499992
8382,350,176.92927735000015,192.40820847499992
8383,350,206.80592587500024,183.64070072500002
8384,350,215.5227810500001,277.7898272499999
8385,350,302.5570531000003,268.0306747499999
8386,350,300.064250325,312.76099239999985
8387,350,302.63176057499993,272.18416399999995
8388,350,277.7160536250002,265.94515784999993
8389,350,265.81678147500025,275.57514975000004
8390,350,205.0938744250002,208.36245557499984
8391,350,224.8056105250001,262.467064475
8392,350,234.66641577500002,168.2405697999998
8393,350,179.90432774999996,256.63852929999985
8394,350,248.1655150000002,237.55370369999997
8395,350,231.34562874999995,249.37767697499993
8396,350,264.2655447750002,253.646960475
8397,350,258.2228962500003,326.269844875
8398,350,282.7654279750001,203.35830527499994
8399,350,236.0833644249999,200.72961757499996
8400,350,178.46363915,240.128470725
8401,351,183.40548135000006,122.35466664999993
8402,351,186.45093567500004,134.23333115000003
8403,351,143.89897395000008,145.01517575000003
8404,351,211.80457155000002,174.84263564999992
8405,351,212.78240627500008,187.70604389999988
8406,351,187.20042652500013,191.4967941
8407,351,213.83215869999992,226.98671157499987
8408,351,230.83760429999995,259.6556318250001
8409,351,253.38183275000011,226.28219359999997
8410,351,305.2982340749999,338.5301396499999
8411,351,244.32849464999993,285.142538125
8412,351,322.60432107500003,241.54892682499985
8413,351,261.98536580000024,304.81398909999984
8414,351,213.0275836500003,348.2839207249999
8415,351,204.77589505000012,247.76790052499985
8416,351,222.30315227500043,224.44490362500002
8417,351,248.85073610000003,239.81120032500002
8418,351,257.1489977500002,334.434251475
8419,351,306.86958130000005,258.506378275
8420,351,262.1883624000006,303.9914120750001
8421,351,196.67907549999984,267.11223385
8422,351,265.28265760000016,209.78183094999991
8423,351,215.7390296000001,223.60208159999996
8424,351,181.17978295,140.00813990000006
8425,352,144.98304737500013,202.30999982499992
8426,352,126.05887192500006,165.3642898999999
8427,352,160.05810037500012,153.37345967499994
8428,352,180.4182987,181.19131232499996
8429,352,219.65694635000037,216.37220689999992
8430,352,222.85128329999995,210.90224395000004
8431,352,226.61183422500002,262.8132663999999
8432,352,252.7241294750002,300.28948064999986
8433,352,289.2900739250003,293.12039562499984
8434,352,230.40899177500023,284.5596286250001
8435,352,334.9125735000003,268.0645469
8436,352,283.6392112000003,276.6264246999999
8437,352,270.75843702500026,286.1443705999999
8438,352,220.515955675,263.66680847500004
8439,352,346.9065103250001,273.1745781750001
8440,352,241.05438600000014,262.1189528749999
8441,352,289.9845444750001,248.14092742499986
8442,352,244.89433525000015,283.94825222499975
8443,352,284.4828914250002,284.1697199000001
8444,352,220.13220002500012,286.28321429999977
8445,352,275.1477331000003,256.42890975
8446,352,226.34149835,237.09973292499976
8447,352,201.84748304999994,223.839981475
8448,352,181.14622075000034,213.29433554999997
8449,353,164.47501205000003,204.34893077499996
8450,353,160.86966872500017,164.91183139999993
8451,353,165.31386530000015,121.84001544999995
8452,353,174.64793437500015,145.86827144999992
8453,353,235.42953159999988,178.95410439999995
8454,353,255.22915047500015,237.5991469000001
8455,353,243.55467632500014,263.49912485000004
8456,353,306.9885539250002,266.652395825
8457,353,325.27616492500033,381.7828280499998
8458,353,311.8151309750002,337.93605434999984
8459,353,247.63031009999992,336.6349592249997
8460,353,234.11028369999997,258.12139427500006
8461,353,274.4151229750001,242.262282475
8462,353,227.78380490000018,328.7189769249998
8463,353,254.10626367500026,236.2252540750001
8464,353,267.1166215000003,232.358192375
8465,353,274.14788107500004,223.37868589999982
8466,353,274.4721563500002,263.39102059999993
8467,353,274.80294790000033,272.39590209999994
8468,353,278.15574735,273.9360150499999
8469,353,262.32085525,325.33995162499986
8470,353,262.276432775,236.21717255
8471,353,246.9067215749999,267.1961286249999
8472,353,210.75235150000026,164.18283904999998
8473,354,197.95391552500018,189.5714933
8474,354,165.23643227500023,156.6570148499999
8475,354,193.62398227500012,222.186740525
8476,354,274.59268362499995,207.94932810000006
8477,354,158.5577680749999,196.60390615
8478,354,200.02600307500003,259.91481197499996
8479,354,241.73615360000022,255.914420425
8480,354,256.33020152500023,258.9373155999998
8481,354,304.91440932500035,248.32466982499994
8482,354,298.98022820000006,278.84525317500004
8483,354,335.60397245,346.3281643249999
8484,354,283.23690947499995,248.06441822499977
8485,354,229.84330119999987,225.12747834999988
8486,354,212.71547135000029,238.79125177499995
8487,354,242.874268625,261.5975779249999
8488,354,231.26454510000008,267.7189495750001
8489,354,190.24702792500017,251.99721019999998
8490,354,274.62889325000015,302.44427987499995
8491,354,283.51422332500016,289.1589909249998
8492,354,251.15132155000043,294.97505749999993
8493,354,299.6606122500001,262.5568625499999
8494,354,238.25781030000007,256.07257925000005
8495,354,204.57900137500025,212.80370687499993
8496,354,180.34062847500024,215.9151302249999
8497,355,231.65592002500006,209.66894372499996
8498,355,199.30306154999994,192.92362385
8499,355,214.26051944999995,206.51847105
8500,355,203.26318579999997,208.69638924999992
8501,355,233.8729544750002,252.5581833749999
8502,355,215.25047545,192.87089557499985
8503,355,255.26160790000048,212.36795414999978
8504,355,237.9107940250002,218.7028947249999
8505,355,294.97800565,259.95031580000006
8506,355,261.0831143,270.6548968
8507,355,269.3152187750002,359.9048627999999
8508,355,263.5116673499999,271.804508525
8509,355,276.06020790000025,229.8322707499999
8510,355,189.51086614999997,283.53826144999994
8511,355,243.27475255000004,235.86379302499995
8512,355,229.15052575000027,225.4376072749999
8513,355,249.0224199000006,288.4167848000001
8514,355,302.1740266500003,318.4327183749999
8515,355,277.9179880000002,271.9771469000001
8516,355,267.31081485000027,265.41874104999994
8517,355,224.88260832500012,296.203760975
8518,355,197.1090909500001,262.0605735249999
8519,355,233.93883942500025,196.16610244999987
8520,355,242.08193752500017,154.90034939999998
8521,356,175.73301507500003,182.98714837499992
8522,356,155.46084922500026,161.84917312499994
8523,356,169.7660680000003,156.13101182500003
8524,356,143.75462810000016,159.210402375
8525,356,180.63713967499996,197.88240867499985
8526,356,222.60680287500008,162.68598202500002
8527,356,217.9690800250001,200.35854167499997
8528,356,191.37322117500014,271.86541880000004
8529,356,226.5454197000001,209.58630757500012
8530,356,266.3689238499999,277.79112665
8531,356,227.96947065,320.04540299999996
8532,356,292.5143749750002,292.06830017499993
8533,356,212.29922875000003,266.56779212499987
8534,356,232.064895,190.2566438499998
8535,356,195.62851122500018,218.0105980999999
8536,356,188.30237447500008,201.95685574999996
8537,356,277.3875766000006,204.9557274499998
8538,356,239.8765172250001,278.68426257500005
8539,356,257.9462865500002,261.990484425
8540,356,255.65635602499992,183.0150286999999
8541,356,275.01147290000006,194.05270682499997
8542,356,200.2569737749999,188.03472307499993
8543,356,239.65936689999995,163.369124
8544,356,212.60968680000002,146.41540239999995
8545,357,149.07655355000003,174.2831573
8546,357,153.40868637500006,163.03034327499998
8547,357,167.5766197250001,159.742447475
8548,357,143.74102290000013,128.94046145000004
8549,357,148.28380090000002,161.834301175
8550,357,183.0519702750001,179.40358252499996
8551,357,184.1720243000001,148.865917625
8552,357,196.8839701250001,258.36325875
8553,357,208.23597877499998,267.51276064999985
8554,357,195.30242212499994,251.92614232499994
8555,357,269.2728902249999,238.75324475000002
8556,357,219.20947479999998,252.82837232500006
8557,357,184.11709852500013,228.43923145000002
8558,357,214.91353135000006,250.12872057500002
8559,357,218.280226325,239.57163524999993
8560,357,175.44546490000016,220.134382375
8561,357,231.62965880000007,211.94674397499966
8562,357,248.05660082499998,295.35590865000006
8563,357,257.10518442500035,257.50362104999994
8564,357,217.47737167499986,254.04167329999996
8565,357,203.89666740000007,243.99826250000007
8566,357,179.3907111750001,226.3795310749999
8567,357,216.46999167500016,182.63243187499987
8568,357,190.61295142500018,164.897152525
8569,358,177.50155702500012,149.89287494999994
8570,358,146.91541802500006,151.9032467749999
8571,358,146.87798152500005,150.69029677499998
8572,358,153.8539986250001,150.85788489999993
8573,358,179.3040666000001,152.68124187499996
8574,358,259.2030633500002,225.68508024999997
8575,358,210.95978225000016,212.84040957499994
8576,358,259.7766837250001,192.91526694999993
8577,358,195.2347911999999,206.30956247499992
8578,358,241.53239457499993,212.0662674249998
8579,358,259.99453875000006,308.5175169500001
8580,358,301.44005237500016,278.7630579999999
8581,358,190.0824179250002,274.1208326249998
8582,358,198.61936334999996,271.24479410000015
8583,358,255.3663476250002,205.42553142499995
8584,358,184.8888338,202.26914132499985
8585,358,165.58041805000016,205.60278739999984
8586,358,224.84294922500015,313.1329819499998
8587,358,253.73394800000025,294.81434932499997
8588,358,230.68132580000002,248.5743449249998
8589,358,219.70512577500006,152.15923695
8590,358,219.8325032250002,213.5200164999999
8591,358,208.59706032500023,207.53737972499988
8592,358,125.486643225,141.86822690000005
8593,359,150.94298827500006,173.047488075
8594,359,141.65560669999996,133.33942922500006
8595,359,133.09229072500025,166.6800229499999
8596,359,200.2757671000001,154.4901631
8597,359,157.840216875,143.08315392499998
8598,359,147.43698197499995,174.5344396999999
8599,359,184.25376267499996,213.2046581999999
8600,359,253.9051328250004,166.26202102500002
8601,359,224.0810946250002,218.4171625250001
8602,359,198.5012501000001,216.75652890000003
8603,359,263.57581065,248.9748218749999
8604,359,202.2456108500001,251.54384155000002
8605,359,186.64177049999995,243.1213277749998
8606,359,183.57237467499993,208.44218425000003
8607,359,220.8496756250001,247.5868733250001
8608,359,210.16650482500017,254.00028392499974
8609,359,170.65530065000004,239.1686992249999
8610,359,187.2191279999999,200.43938797500013
8611,359,202.77641652500006,221.80437229999987
8612,359,191.15734492499996,229.13429595
8613,359,175.6101955,214.254240025
8614,359,187.84510817500012,198.79962080000007
8615,359,171.93952954999983,174.24218545000002
8616,359,212.23723535000005,156.241027
8617,360,134.91745685,148.34611614999997
8618,360,179.07241972500017,191.44672109999993
8619,360,171.78885420000006,165.4928089749999
8620,360,166.75045150000028,177.46625039999992
8621,360,146.7203293500001,224.35006902499998
8622,360,215.22147940000048,162.67047957499994
8623,360,207.00528885,157.66084302499996
8624,360,185.0995701249999,187.74238187499986
8625,360,231.05437010000023,313.0542889499999
8626,360,229.47275652500002,255.08108009999992
8627,360,246.74187940000002,296.5988446
8628,360,240.78398977500015,230.30504187500014
8629,360,264.6023779000003,215.91329684999997
8630,360,259.97159602500005,204.31429202500007
8631,360,265.359488375,234.43505992500016
8632,360,246.16779175000013,272.5320449750002
8633,360,260.93981367499987,222.53839832499983
8634,360,243.47109117500017,278.1822893499999
8635,360,253.60318977500003,291.3895757249999
8636,360,257.41999580000015,203.29616737499998
8637,360,234.7678170500002,245.31643672500002
8638,360,234.99258797500022,214.8698386250001
8639,360,254.96885505000017,200.0711066749999
8640,360,185.48578380000015,209.72885769999988
8641,361,141.81201197499996,165.01752947499995
8642,361,167.44127272499992,164.3346302
8643,361,158.61326974999997,170.0547851749999
8644,361,143.48140207499983,182.60615442499991
8645,361,200.65965220000004,178.36780590000006
8646,361,209.4182331750002,201.34094019999998
8647,361,213.64675562500003,220.22508162499997
8648,361,246.0183701750002,215.82749667500002
8649,361,255.97195512500048,342.6532477749998
8650,361,258.93932725000013,292.8376215500001
8651,361,290.8991189250001,229.133527475
8652,361,243.95358387499982,243.62937804999996
8653,361,215.73536212500005,199.39660397499995
8654,361,334.8329395000003,240.03784484999983
8655,361,190.32840839999994,270.6070230249998
8656,361,250.1697237500004,218.27258334999993
8657,361,255.78085787499992,217.47281387500004
8658,361,228.55016195000027,244.11967902499993
8659,361,274.83408747500044,231.07432100000005
8660,361,299.782244775,292.550057275
8661,361,255.4462392000002,270.70003750000006
8662,361,217.42799372500008,189.94590202499984
8663,361,182.6319049500001,211.83611532500004
8664,361,226.3885849250001,209.658277775
8665,362,163.30348755000034,189.6632672499999
8666,362,159.14149537500018,168.94833084999996
8667,362,177.31595722500026,211.7849529749999
8668,362,208.6326217,152.130432575
8669,362,202.59176599999995,226.92938099999986
8670,362,223.74977162499997,217.84017247500003
8671,362,204.8979041500003,204.09442225000015
8672,362,247.3413198499999,270.08128954999995
8673,362,207.23270250000007,294.814763925
8674,362,242.50138972500008,277.09913885
8675,362,290.15516222500037,267.144509275
8676,362,257.0693053,312.66175074999995
8677,362,232.40249525000002,264.2174180999999
8678,362,265.81024692500006,229.90549087500005
8679,362,225.78766622499998,265.57491419999997
8680,362,214.79834300000013,252.59896402499993
8681,362,186.27553364999991,280.45281364999994
8682,362,257.0793961999999,271.9296314499999
8683,362,254.49561162500015,266.5201430499999
8684,362,212.59002982500004,286.79405622499996
8685,362,240.8027639500001,203.85419134999995
8686,362,229.5936193250002,230.58643412500004
8687,362,236.81824872500002,185.26586727499995
8688,362,158.63230627500005,207.38250897500006
8689,363,146.7335925750001,162.9762660749999
8690,363,172.624880975,133.14250217499995
8691,363,146.8528729250001,139.07881047499993
8692,363,146.61876782500002,161.07221605
8693,363,152.90275160000007,157.65730912500004
8694,363,212.01297005000015,186.25286547500005
8695,363,198.07523369999998,209.90682129999996
8696,363,267.1284271500001,232.73652562500007
8697,363,222.2725353000002,241.46941169999997
8698,363,236.00058852500013,314.042055625
8699,363,282.2927228000001,257.577677925
8700,363,311.6657951750001,253.8306297499999
8701,363,234.2680627250001,245.65905507500003
8702,363,203.31644834999994,201.31436447499993
8703,363,195.1688188500002,200.99696517499999
8704,363,229.89838627500015,183.68425222499994
8705,363,209.05186632500005,237.99144549999994
8706,363,244.40616610000012,266.51124475
8707,363,318.424764975,230.103969175
8708,363,224.06206077500002,248.09654995000005
8709,363,254.10695097500013,197.74891517500015
8710,363,222.9261948250002,211.92411660000008
8711,363,247.16198690000016,205.75867642499995
8712,363,165.4382616750001,270.25727449999994
8713,364,179.1389714750003,182.059724125
8714,364,257.07174780000025,171.59871945000003
8715,364,193.4187391750001,178.77138212499995
8716,364,161.4995301749999,199.9072350499999
8717,364,203.02102347500016,147.8310582999999
8718,364,202.7754097,246.55401229999998
8719,364,242.9466418250002,213.24443580000002
8720,364,222.85133662499993,208.347065925
8721,364,203.99536569999987,264.2191086999999
8722,364,245.2937737250002,269.23798372499994
8723,364,277.84616700000015,290.9659982249998
8724,364,257.22822002500044,227.5293071999999
8725,364,222.92929815000002,275.76836847499993
8726,364,197.55347802499998,227.19244510000004
8727,364,189.27224762499992,278.9190321499999
8728,364,198.01589032499987,210.58757599999993
8729,364,239.59567087500034,201.36506485
8730,364,256.6399997500001,215.54453885000007
8731,364,262.31472685000017,234.8238796749998
8732,364,260.0426470750002,226.9086625999999
8733,364,214.55975594999995,226.8794075249999
8734,364,233.48581632500003,189.33984282499983
8735,364,198.72904884999986,195.6442655249999
8736,364,167.31824147500015,162.75141979999995
8737,365,172.51724337499996,202.75053094999996
8738,365,200.36750990000013,171.57095164999993
8739,365,119.4283662750001,154.41542057500004
8740,365,160.29419097500002,191.17000269999994
8741,365,166.83197802499998,158.6228049749999
8742,365,179.89984515000015,208.40804757500007
8743,365,295.18790802500007,208.09096200000005
8744,365,208.1681527250002,261.87565852499995
8745,365,218.15288382500017,281.782474575
8746,365,231.2563278500001,236.21994892500004
8747,365,267.94279197499986,229.45377397499996
8748,365,241.403415975,239.02440414999984
8749,365,282.69183310000045,232.793565875
8750,365,232.069972825,246.34284767500014
8751,365,235.98553474999997,201.14949
8752,365,232.63223440000007,225.5121778499999
8753,365,178.15270515,193.1927843
8754,365,278.70331190000013,245.03314230000012
8755,365,260.7835912750001,233.63834919999982
8756,365,213.27751839999996,233.80391269999996
8757,365,262.3573466750004,223.5601492999998
8758,365,270.12837632500026,179.74260919999995
8759,365,174.178428125,181.7770971
8760,365,175.58807705,155.30192182499997
