hour,day,reserve_up_MW,reserve_down_MW
1,1,156.54492070000003,122.99117272499996
2,1,173.09259045000016,149.87055270000008
3,1,124.66646710000012,111.72548199999994
4,1,164.46624960000008,134.65532844999998
5,1,158.4582278500002,143.41502514999996
6,1,150.67857712500006,189.61888787499993
7,1,181.61212720000006,194.9575908999999
8,1,175.35965425000006,220.89846705000002
9,1,225.69664387500006,181.32403134999998
10,1,238.99706782500016,238.27936102499996
11,1,210.91144987500013,179.444793775
12,1,230.5574835000001,203.328598575
13,1,234.84593672500006,276.6822083499999
14,1,267.3360970750006,184.92443165000006
15,1,207.00353782500008,223.742432975
16,1,186.612670025,187.87950137499996
17,1,189.05327790000035,182.498772525
18,1,277.7407391000006,263.85487599999993
19,1,262.53426022500014,238.10933067499997
20,1,241.82445125000004,194.6209125750001
21,1,220.20259332500007,235.25620329999992
22,1,206.3503906750001,278.36892905
23,1,144.4335810999999,175.02799867500002
24,1,189.903998425,132.05060725000004
25,2,148.24917525,131.41042785000002
26,2,117.58995940000003,129.121436875
27,2,156.37175880000024,125.22162055000007
28,2,155.9211123,151.50475272500006
29,2,153.73613254999998,176.07361642499998
30,2,175.8516766249999,200.74589540000008
31,2,253.84334389999998,196.12751515
32,2,159.39348460000014,231.69069697500007
33,2,221.81418977500002,201.16413880000007
34,2,324.7574453500001,246.0837760749999
35,2,221.34228372500013,238.1806369
36,2,286.7659489249999,212.38042879999995
37,2,292.79439837500007,261.87223512499975
38,2,207.5767805250002,268.4318511749999
39,2,248.70929550000022,233.60347850000008
40,2,198.39911422499998,225.7406214749999
41,2,269.1503709500002,197.81142144999987
42,2,240.0036973000002,197.4836993749998
43,2,252.84526022500003,269.554154875
44,2,242.65965925000023,192.07665244999993
45,2,220.83546152500003,271.4164072499999
46,2,196.54520880000007,222.2108338
47,2,242.0402526250004,213.38140802500004
48,2,177.38940057500002,136.05250379999995
49,3,141.93059027500004,117.60285980000009
50,3,160.78847909999996,129.24137665000006
51,3,136.70708785000005,132.254291275
52,3,132.7010826500001,134.23853502499995
53,3,102.53941265000013,165.73084617499995
54,3,158.90683100000004,184.7024340499999
55,3,231.8726496000001,204.59881884999996
56,3,283.7484150000002,215.077745325
57,3,245.8596255500003,208.35267630000004
58,3,273.87626545,268.23984600000006
59,3,333.16760355000036,330.9465221749999
60,3,286.6997069250002,250.681741225
61,3,261.27321247500004,255.2906987000001
62,3,223.38784997500005,231.19731582499992
63,3,236.62879779999992,231.93522589999998
64,3,229.04097217500012,246.01685657499974
65,3,168.57325967500014,269.88648387499984
66,3,224.43811892499986,322.8435898249999
67,3,308.30496579999993,292.3331416999998
68,3,243.54257287500016,223.15712692499997
69,3,267.19108900000015,238.51456592499997
70,3,199.68736870000018,230.2882583499999
71,3,184.28478512500024,193.54596884999998
72,3,137.0624421,128.35091860000003
73,4,118.9418744250001,172.73971749999993
74,4,155.94106202500006,171.15973919999993
75,4,153.51867807500005,137.90167152499987
76,4,117.38398582500008,151.00723772499995
77,4,156.04783522500014,152.06395587499998
78,4,204.49445697500016,195.05038877500004
79,4,227.82782960000003,248.2210644499998
80,4,267.0642822750004,279.1629606499999
81,4,212.77240620000015,268.94563077499976
82,4,268.2971627750002,337.2945663499999
83,4,314.8894244500001,320.2307953000002
84,4,309.8803289750001,311.22901109999987
85,4,287.263961075,268.4078946249999
86,4,316.5657361500002,260.01159340000004
87,4,246.32485130000018,201.54067114999995
88,4,212.4676482749999,276.92067489999994
89,4,212.06968872499996,252.7105510249999
90,4,260.8330996500001,233.1579490749998
91,4,298.90802205000006,249.42321655
92,4,293.93816115000004,262.8091824999999
93,4,304.7106963750001,238.51536225000004
94,4,319.14659955000036,160.0021418749999
95,4,220.76916950000017,235.94427475
96,4,161.44859625,181.35296894999996
97,5,173.1806308000001,117.32757054999996
98,5,177.5570245250001,141.01371360000002
99,5,178.53933492500016,139.05763385
100,5,177.4821969499999,153.11225404999993
101,5,164.666627625,169.63680262499997
102,5,214.8673048750001,228.47463100000004
103,5,200.06202467499998,228.06277790000001
104,5,251.5289777,248.80759105000018
105,5,258.0785348,292.38023274999995
106,5,304.72244449999994,324.96175152500007
107,5,285.0647970250002,235.03496332499998
108,5,252.58187652499996,355.2653575500001
109,5,228.45038555000008,260.3448830000001
110,5,280.792832525,206.440275675
111,5,311.4890947500002,246.28018500000013
112,5,188.62031455000016,273.0311344499998
113,5,192.49319045000016,321.7570559749999
114,5,252.17526970000011,316.33487387499986
115,5,212.654793825,258.8255241499998
116,5,224.3508089250002,254.24818637499996
117,5,264.25347452500046,228.20424102499996
118,5,243.7365366000001,169.9671557250001
119,5,201.00717232500008,220.13649242499997
120,5,185.3974933250002,142.80612614999998
121,6,161.05044182500012,165.5221888249999
122,6,157.05359517500008,161.38996909999997
123,6,186.43583965000005,133.11010794999996
124,6,149.3496341,136.92433789999995
125,6,177.13422417499999,155.55696377499996
126,6,200.24158877499985,195.99086790000004
127,6,266.2578693749999,236.2948345000001
128,6,220.68310052500007,212.24046157500004
129,6,330.20294652500024,169.26815512500002
130,6,286.38096280000013,264.08165377499995
131,6,332.80946642500004,246.84645282499994
132,6,285.8383384,350.21947227499993
133,6,227.98581369999994,252.10977969999982
134,6,205.54076289999995,225.6193824
135,6,226.38464357499987,196.0652789250001
136,6,282.75036815000016,264.4806057499999
137,6,255.51325605000005,245.94013382499998
138,6,279.0885136249999,280.7769838999999
139,6,340.4537943000005,243.1229140999999
140,6,263.4553607500002,214.43876715000013
141,6,248.3506397749999,169.79716200000007
142,6,227.44305385,229.98947532499994
143,6,222.14352857500006,176.11630612499994
144,6,134.53850055000004,153.88126769999997
145,7,152.70539357500002,163.55502882500002
146,7,146.84165202500014,149.8490564999999
147,7,139.84960612499998,157.60528000000005
148,7,178.78536635000006,147.85018444999994
149,7,154.6266993500002,175.613331325
150,7,160.44946290000019,212.18474805
151,7,174.41044127500018,213.1679430499999
152,7,209.0559368999999,178.06410452499992
153,7,261.4664350500001,253.84910490000001
154,7,254.0070725500001,245.7696483750001
155,7,249.16796707499995,250.49646837499992
156,7,235.54887219999986,253.21476562499998
157,7,226.18789920000017,205.10871064999998
158,7,205.8270591750001,212.472163475
159,7,216.3149336250002,176.566813175
160,7,206.66565474999993,249.28497289999996
161,7,190.27698529999992,231.76670842500005
162,7,277.71492750000004,217.36086947499996
163,7,232.10411362500002,252.87972642499983
164,7,173.47563695000008,207.6670835750001
165,7,213.580422275,202.1564079750001
166,7,185.82112335000033,223.41142519999994
167,7,167.79068270000022,145.96894479999997
168,7,168.0231875250001,191.2227458249999
169,8,132.65663807500027,143.86173742499994
170,8,142.03219302499997,123.29439547499996
171,8,154.57151327500003,115.63808692500007
172,8,181.59715550000016,146.7975069499999
173,8,145.49535385000007,180.87552134999996
174,8,167.88231330000002,210.30505275
175,8,200.69046830000028,202.23229632499988
176,8,188.45069235000022,210.37445079999992
177,8,235.94410102500026,218.63481304999982
178,8,284.48389940000004,247.32301694999978
179,8,184.94952432500003,260.64068224999994
180,8,223.7305346250001,270.79728464999994
181,8,211.72858805000007,240.49236467499998
182,8,222.29273070000002,182.8023407
183,8,232.11344180000032,209.93072302499985
184,8,188.3854189000002,227.22068049999993
185,8,183.12062575000016,214.477557675
186,8,240.29278074999985,213.97645384999993
187,8,211.89391485000004,248.10704914999997
188,8,294.73496540000014,228.8858872250001
189,8,214.6200292000001,228.95193619999986
190,8,212.96528445000007,224.39942855000004
191,8,243.98228822500002,127.35602030000007
192,8,139.92714462499998,165.66894515
193,9,150.94459480000012,133.95280172500006
194,9,111.84451457500006,119.70548585
195,9,153.6506164500001,123.93718190000003
196,9,135.4036453,154.56345920000007
197,9,148.72116272500003,193.0476952749999
198,9,207.74392537500006,197.56151377499992
199,9,196.91110657499996,270.6371008500001
200,9,252.18360689999997,251.64098649999988
201,9,295.21737045,200.63090245000004
202,9,275.41091790000024,272.35805702500005
203,9,285.19322947500007,312.767659575
204,9,279.69850852499997,207.16700077499996
205,9,317.1707861500002,266.67564947499983
206,9,225.4720445250001,224.50944399999997
207,9,277.6274540750002,251.3601387
208,9,230.17925635000017,254.7723405999999
209,9,227.10827960000006,222.3626498249999
210,9,306.4423489750002,214.56341854999982
211,9,239.31659815000012,273.3030375750001
212,9,246.33427050000006,221.61707955000003
213,9,300.8128591750001,255.2478778250001
214,9,232.62632707500012,204.51383224999995
215,9,173.45557580000008,254.39952557499996
216,9,150.00583710000018,192.76674660000003
217,10,160.12292817500006,136.30085224999996
218,10,186.00977467500002,124.36297122500008
219,10,138.72723970000007,114.89248710000004
220,10,139.98883362500004,145.00685624999994
221,10,176.53064085,165.0534592250001
222,10,197.19040752500018,199.279470225
223,10,304.1618040500002,298.7749565749998
224,10,253.85523512500004,278.58770189999996
225,10,240.11693517499998,294.8648187250001
226,10,320.5371385999998,266.78353185
227,10,305.6877693500001,296.69269959999986
228,10,238.56948207500034,309.3599963500001
229,10,255.01902642500008,240.11283722499996
230,10,281.30542307499996,272.0733659249999
231,10,290.1799542750007,207.669109775
232,10,290.1765982250001,271.57065649999987
233,10,237.41791589999997,223.59786000000003
234,10,213.1484517749999,242.47932692499992
235,10,255.93699982500002,258.552376425
236,10,243.44299145000008,287.1086513999998
237,10,251.90101442500014,262.55815344999996
238,10,203.96600062500005,217.04031827500003
239,10,165.05660202499996,200.0738198999999
240,10,162.02421657500025,187.55450744999993
241,11,147.56575255000018,166.64219390000005
242,11,118.48169695000001,163.5017947
243,11,135.74977082500007,171.65567737499998
244,11,193.24379432499995,164.92564549999994
245,11,181.5239799500001,142.41826415
246,11,183.98897837500013,204.25304760000006
247,11,250.442727125,252.874265425
248,11,249.4227297,285.1865151500001
249,11,323.809552875,283.30730152499996
250,11,289.46695687500016,340.030319425
251,11,260.3558043000003,327.96744837499995
252,11,280.34740209999984,327.536331225
253,11,221.04125105,256.68591655
254,11,225.9562453750001,222.32758447499984
255,11,256.20653899999996,160.5562918750001
256,11,219.098421025,272.83238704999997
257,11,236.08005252499996,213.97231282499988
258,11,294.8296267000002,256.6182160249998
259,11,297.36978030000023,262.62437437500006
260,11,273.639289425,208.69414779999994
261,11,303.64608240000035,250.55490934999995
262,11,246.8663512,222.15861327500005
263,11,219.03448822499996,187.90291050000002
264,11,157.117705175,150.62930724999995
265,12,167.31323550000002,173.180617175
266,12,182.57794002500003,130.16344205000007
267,12,167.34796097499992,129.4627883999999
268,12,129.4353141000001,129.87519757499996
269,12,129.25844925000018,146.24032474999996
270,12,200.17876435000016,233.55477159999992
271,12,294.63147060000045,199.47317167499995
272,12,195.3707507000001,296.6154276499999
273,12,235.4802230000006,225.0715665750002
274,12,332.9061009750002,286.41715965000003
275,12,268.3013461500001,263.75324392500016
276,12,242.7307637250003,320.30145977499984
277,12,235.08505115000045,246.0877596750001
278,12,185.50134250000005,254.9811870249997
279,12,236.371015075,253.17566059999984
280,12,210.3239283500002,226.28517539999993
281,12,216.84800470000022,215.9013313749999
282,12,231.8703081750001,268.97237957499993
283,12,206.49010065000022,316.00701204999996
284,12,249.92818802500005,282.3617073750001
285,12,228.24456714999997,235.87486589999997
286,12,269.3361726000004,219.46612165000005
287,12,189.95560307500006,126.72267247500005
288,12,152.0454938500001,183.29473385000006
289,13,160.66622295000022,160.12050939999995
290,13,161.20318482500008,141.96161812499997
291,13,129.68119917500002,195.0120856499999
292,13,138.90732297500006,174.9269301249999
293,13,146.73825707499998,125.2083723
294,13,208.7141008250001,225.37513360000003
295,13,215.65767872500012,225.39895880000014
296,13,287.49037240000007,308.1746235749999
297,13,281.63562404999993,385.5192893749998
298,13,276.11826522499996,356.5911863749999
299,13,222.42267507499992,292.09014184999984
300,13,305.81856025000013,284.3452625750001
301,13,206.89321677499993,242.8700067499999
302,13,207.12794972500012,328.2162782999999
303,13,197.95089204999988,227.42510142499992
304,13,242.65001357500046,280.756744175
305,13,246.85892545000013,231.68043364999994
306,13,241.38310642499994,286.9211390999999
307,13,304.5019417500003,211.86132950000012
308,13,238.6314257500001,241.44186072499977
309,13,229.008494025,216.27111332499987
310,13,217.8974714000001,216.47185257499999
311,13,196.44339292499993,191.95355392499982
312,13,184.07022440000003,168.14997102499993
313,14,169.8105870500002,181.32420035000004
314,14,135.88430715,166.5235778249999
315,14,126.09966335000001,116.68546827500003
316,14,123.71575832500011,123.68587187499998
317,14,148.69605357500006,135.18307089999996
318,14,203.97170372500034,206.29518412499996
319,14,161.27302650000019,227.97876327499995
320,14,199.63132422500001,182.48933499999987
321,14,228.40545035000002,290.8413763500002
322,14,252.6012694000001,277.3954200999999
323,14,239.71259817500012,249.23931032499993
324,14,273.26169735000013,214.14924562499982
325,14,192.4675336000002,234.00405465
326,14,199.65056562499984,203.59104160000012
327,14,188.77232377500002,167.8768801
328,14,231.85340810000025,180.6009197999998
329,14,222.26839220000008,240.33022945
330,14,239.2060131500002,220.66372407500012
331,14,266.3313429500002,255.77708027499995
332,14,252.21768612499997,256.182977775
333,14,210.72656632500016,215.0374531750001
334,14,238.46484577500019,182.93124300000005
335,14,136.8120649,151.47240885000002
336,14,179.75956805000013,145.256607425
337,15,149.59902595000005,136.11024362500004
338,15,144.70623977500003,153.93034154999992
339,15,121.21286222499998,142.2637337999999
340,15,132.99814130000013,185.86589747500003
341,15,160.20916792500003,165.36758682499996
342,15,214.257506975,192.62669167499996
343,15,190.36964460000007,168.01701235
344,15,205.31427727500014,220.94750622500004
345,15,181.45238424999994,192.46101344999985
346,15,235.3129701500003,239.73804487499999
347,15,274.61946292500033,315.7900757499998
348,15,281.7832664750003,239.53436817499994
349,15,235.59513010000012,249.07876989999988
350,15,278.1985170500001,213.2554861750001
351,15,193.57503100000025,252.62319679999993
352,15,206.3567432000002,180.87839034999996
353,15,167.0780629000002,177.88479255000007
354,15,254.48566280000006,249.46863032499994
355,15,261.45753597500044,235.04296314999993
356,15,236.9420037000001,255.67271750000012
357,15,188.785482075,221.84849862500008
358,15,213.72713369999997,249.98896339999982
359,15,188.35615397499998,224.24041312500003
360,15,144.26275617500008,150.19433784999993
361,16,123.80146050000013,149.60974449999998
362,16,121.30830565000008,140.53994614999996
363,16,142.63715645000008,107.62134239999995
364,16,145.70722890000008,152.5915717
365,16,162.3546620750002,175.89137694999997
366,16,208.11443252500004,169.21826834999996
367,16,248.44270065000023,234.85533592499996
368,16,228.06538779999994,262.532374775
369,16,252.96469137500011,227.70020500000004
370,16,269.60341947500035,301.49721350000016
371,16,298.6236683,250.91483082499997
372,16,230.43341022499988,253.75331427500006
373,16,302.67465230000016,284.41720984999995
374,16,320.57717030000015,235.53084309999997
375,16,252.06293200000005,304.3796899750001
376,16,289.2255308750002,288.26057089999995
377,16,292.7387169250002,297.49455047499987
378,16,296.79529652500025,256.19497814999977
379,16,223.60379777500003,260.70255884999995
380,16,258.2328989250001,335.28094142500004
381,16,317.43194747500024,269.5678386749999
382,16,250.6227447249999,234.65522085000006
383,16,190.84230282500005,205.0004245
384,16,204.20735817500014,165.6674393499999
385,17,143.35583937500007,178.2914499749999
386,17,154.17747517500004,151.6421082249999
387,17,168.21356735000018,174.79358344999997
388,17,199.58883327500007,101.08984749999999
389,17,212.43038515000018,192.1206669749999
390,17,214.59589575000018,173.58286842499996
391,17,273.12234602499996,236.628419625
392,17,225.33504805000013,286.69098147499994
393,17,247.06567884999998,278.3605985500002
394,17,317.70752830000015,263.84890652500013
395,17,336.4296438,350.4028403
396,17,317.68043797500013,239.60431434999992
397,17,258.9384108,307.2176271499998
398,17,231.32032547500006,261.73412137499986
399,17,256.4558022500001,221.7369718000001
400,17,194.20434332500002,256.0244716
401,17,205.34044997500007,214.2605317749999
402,17,240.9600768000002,311.82030135
403,17,287.60184105000025,276.9878501249999
404,17,262.3978375000002,242.7064506749999
405,17,288.07657655000025,295.4960572499999
406,17,250.78954930000026,212.6003886250001
407,17,241.41146320000036,171.0353758249999
408,17,140.83437677500007,198.9897499
409,18,153.07252107499997,161.76782239999997
410,18,116.64787802500007,162.97292654999993
411,18,131.07538617500003,161.28924639999997
412,18,122.5279338249999,146.95912282500004
413,18,138.76638960000005,171.08729592499995
414,18,212.60021027500005,181.47076962500003
415,18,292.5688676999999,278.3668760250001
416,18,273.9622449,262.9618112249999
417,18,320.1216387500001,259.10835384999996
418,18,295.18561407500016,274.7778926499999
419,18,381.00467510000016,291.412059675
420,18,298.68685930000004,239.43576899999988
421,18,245.90102724999994,233.29904239999985
422,18,254.6703676750002,311.8679385250001
423,18,251.52084827500005,307.5074005249998
424,18,253.04034215000016,208.4648266499999
425,18,218.2679984500001,254.57392757499986
426,18,312.107485775,255.63422012500007
427,18,249.024646175,282.8643263
428,18,277.09568897500026,303.83741792499995
429,18,233.78814584999998,240.9517770749999
430,18,285.97621360000005,216.32236769999997
431,18,219.53823340000014,235.36756830000002
432,18,205.43235675000025,178.4130748999999
433,19,173.0848274500001,163.21668205000003
434,19,154.46827990000008,150.36717457499998
435,19,183.05992242500008,139.96126649999997
436,19,156.50703532500003,145.54457277499995
437,19,198.72479862500006,153.29144760000003
438,19,243.76056707500027,211.496788325
439,19,217.50383870000007,246.1712783499999
440,19,287.9858067000001,332.9382301249998
441,19,314.59897970000014,303.10695872499997
442,19,299.1644265000003,344.19633669999996
443,19,251.02551925000012,270.739793225
444,19,252.62921242499993,269.88879819999994
445,19,235.42157532500008,264.3552447749999
446,19,295.56304332499997,267.991750725
447,19,233.926963275,257.0074576749997
448,19,263.80818869999996,190.72684417500005
449,19,189.3027812500001,257.2930312500001
450,19,318.41867992499994,201.96008319999993
451,19,272.071064325,305.25598535000006
452,19,258.40003455000016,246.11491235000005
453,19,233.12668392500015,174.63557945000014
454,19,212.29914354999997,293.6800451749999
455,19,194.32566974999992,217.57419787499998
456,19,171.88570845000004,167.20062950000005
457,20,140.61002544999997,138.84492087499993
458,20,164.90615400000007,146.66464297499996
459,20,122.65194455000008,143.72367569999997
460,20,179.235780875,211.88174977499995
461,20,160.865532825,163.9556257
462,20,173.76286899999997,187.35428409999992
463,20,261.46850755,213.72073735000006
464,20,230.44780597500002,239.06803459999992
465,20,222.36821647500005,313.85344775
466,20,235.8014507250001,323.35520774999986
467,20,239.4586099499999,350.8381073999999
468,20,293.45916679999993,355.9392513249999
469,20,266.3799123250001,294.77665145000003
470,20,291.8472310000001,273.2821184999997
471,20,195.81926635000002,217.22873839999994
472,20,233.39537470000008,294.2873242249998
473,20,243.97132410000012,260.41555392500004
474,20,321.47398707500037,270.99680549999994
475,20,243.77667554999988,243.9436687999999
476,20,243.5077148000001,231.0756523999999
477,20,235.09614602500017,221.99419030000013
478,20,236.12546295000033,217.43185585000006
479,20,243.1655162,244.2126621499999
480,20,198.58494272499996,208.55539724999997
481,21,200.97543057500005,138.9699999249999
482,21,210.53679885000025,141.06525627499994
483,21,159.88417912500014,165.54993765
484,21,206.98002055000012,153.30497227500007
485,21,162.076625875,212.71749284999987
486,21,238.0965710750001,197.19340187500006
487,21,171.10662752500002,184.16472935000004
488,21,232.4388886000002,210.17729435000012
489,21,249.5777240250003,244.1826244000001
490,21,269.25019152500045,255.46495982499982
491,21,250.98886300000032,299.05054592499994
492,21,244.51748297500018,286.863613425
493,21,223.08143614999994,238.88678717499985
494,21,215.34046087500008,252.0520540499999
495,21,242.14117017499996,217.67317879999993
496,21,213.10277357500013,199.185064025
497,21,194.39985660000002,196.10061885000005
498,21,206.84661245000018,222.87904585000013
499,21,268.39194480000015,200.44751570000005
500,21,302.9594196000004,194.3151298250001
501,21,246.51711104999987,247.31675892499993
502,21,242.83545700000025,228.52103337499983
503,21,188.533604325,205.516593925
504,21,179.57822455000013,197.68410007500003
505,22,174.80171625000006,166.27252879999998
506,22,160.86326517499998,193.63983640000004
507,22,155.07379752500003,208.55725932499996
508,22,135.05053660000016,162.61627454999996
509,22,154.57013120000005,174.42897967500005
510,22,182.51506360000008,137.91555109999993
511,22,187.76218237500024,207.74805354999995
512,22,212.352244825,237.2000862249999
513,22,205.888980575,227.91139382499978
514,22,260.7986578,268.2043150249999
515,22,286.03683482500014,261.97298509999996
516,22,231.66325972500027,186.24144929999989
517,22,250.2622713750001,208.3035508249999
518,22,259.8520303750003,177.33164590000004
519,22,192.86426687499997,260.31442645000004
520,22,214.505387075,248.20506909999983
521,22,226.31209002499995,257.50410747499984
522,22,280.51667215,284.7357629999999
523,22,237.0120097750002,284.2388927749999
524,22,225.52424165000008,158.43667565000007
525,22,248.2826801250004,188.56556942499998
526,22,234.96806542500008,211.42437254999993
527,22,183.03967702500015,194.9000608249999
528,22,165.66066945000006,183.19439337499995
529,23,145.94687712500007,181.61422999999996
530,23,195.52798392500011,171.13366822499995
531,23,165.81719437500035,179.64448295
532,23,170.362980525,138.537090325
533,23,231.03017890000032,196.30932129999997
534,23,204.45860329999994,211.0414988999999
535,23,256.84906432500003,268.654243875
536,23,254.90696447500002,286.5378297249998
537,23,297.9207719000002,240.42351217499993
538,23,254.5679002250003,289.08190072499997
539,23,265.9239263000002,239.2936300249999
540,23,339.62891797500026,265.0670774249998
541,23,349.7010712750001,228.24969719999996
542,23,213.7614227000001,268.1135024749999
543,23,217.37295017500017,276.9315934
544,23,269.89953242500025,299.65106130000004
545,23,252.93083495000002,260.576095075
546,23,289.7243454250001,292.18422340000006
547,23,226.1104913250002,347.929006725
548,23,203.95164785000003,230.9150075
549,23,240.91985377500004,300.27098105000005
550,23,250.13354455000012,197.14123102500005
551,23,207.70634745000018,236.92079175000003
552,23,208.36569967500003,176.71281899999994
553,24,148.48362760000015,160.45445140000007
554,24,104.62468840000003,168.76220254999998
555,24,151.32760732499997,131.97144179999995
556,24,185.32842470000026,146.72107644999994
557,24,129.42333680000007,195.38598955000003
558,24,215.25501607499987,260.17281675
559,24,256.3856270500002,190.21826615
560,24,247.77067795000016,311.3595011999997
561,24,189.00468805000003,317.98700975
562,24,296.5591605750003,280.3975082249999
563,24,258.15257502500026,325.4712109499999
564,24,267.82624417500006,274.86224365
565,24,245.68387997500008,232.79268074999993
566,24,225.2231920999999,261.4756366249999
567,24,249.56667700000014,261.81339182499966
568,24,312.1324692750003,271.0749508999999
569,24,236.90834867500004,196.70986112499986
570,24,281.728368425,246.62104287500006
571,24,271.7842194749999,273.9615372999999
572,24,242.1543611750002,290.7356397249998
573,24,266.01582830000035,187.91357269999986
574,24,275.2264190250003,198.56823592500007
575,24,179.35357722500015,255.3619619749999
576,24,191.86799505000013,181.05114037499982
577,25,135.43252602500024,149.51741932500008
578,25,172.1903961250001,129.91375894999993
579,25,148.07855534999993,151.09736449999994
580,25,169.13541119999996,141.68735874999996
581,25,167.3653618500001,131.66613030000002
582,25,204.42844637500002,204.15064442499994
583,25,247.67793080000013,272.15322392499996
584,25,296.67034225,258.25390349999986
585,25,291.3210009750001,268.4160837499999
586,25,309.3605720499999,312.36865472499983
587,25,312.99983347500023,317.4503567999998
588,25,251.01532585000012,288.68386005
589,25,252.86762345000014,300.2890931249999
590,25,274.4668872500001,239.29263704999977
591,25,222.91987047499995,237.8559351499998
592,25,215.28568277500023,216.07056777499997
593,25,215.01853939999995,227.287400975
594,25,249.99271722500004,231.03240004999992
595,25,266.79059187500025,276.9488498249998
596,25,295.98291747499997,314.4986516250001
597,25,216.4735993250003,211.1640519999999
598,25,220.17537075,183.42608100000004
599,25,220.3780195500002,211.42710012500004
600,25,134.84808047499993,180.33243487500005
601,26,138.37280120000003,170.68735127499986
602,26,149.38210195,170.60715037499995
603,26,122.50591302499996,133.96074524999992
604,26,145.6155086000001,191.02181967499996
605,26,146.83126472500004,137.05622315
606,26,166.40584365000007,188.48185720000004
607,26,245.78445260000007,205.7233625499999
608,26,268.15444860000036,279.5445698249998
609,26,217.95617729999995,301.7348709749998
610,26,281.0377406999999,257.5833539249999
611,26,275.62432984999987,328.55488364999985
612,26,296.5795308000002,286.2543700999999
613,26,214.41947807499983,278.471800575
614,26,273.85098852500005,232.59993322499997
615,26,229.3523353500001,250.3654255
616,26,220.84856907500023,266.91038249999997
617,26,224.4094727500001,254.88899027499997
618,26,229.8704398500001,276.39886845
619,26,271.0569232249999,323.12237672500004
620,26,284.4495463000002,208.57768147499985
621,26,263.3132118500001,265.20733012499994
622,26,200.5444342750003,238.7276239249999
623,26,131.41773612499983,195.06922184999996
624,26,125.63667602500006,142.15352360000003
625,27,152.42579090000004,169.1138336999998
626,27,176.11486937500013,109.11390285000007
627,27,114.58155657500002,141.37787977499994
628,27,144.32069947499997,139.26526504999995
629,27,158.11144334999994,141.29966044999998
630,27,223.61949112500008,148.65033877499997
631,27,225.69212460000008,242.41127432499997
632,27,242.9450088500002,268.033973125
633,27,223.38024780000012,262.0140058500001
634,27,323.20278432500015,233.75108762499997
635,27,246.33661037500005,270.66684072500004
636,27,281.82288700000015,253.13561795000004
637,27,193.11380142500008,308.913899325
638,27,222.1421515500001,227.88512842499995
639,27,176.92143390000007,261.45245272500006
640,27,231.01082962500013,232.9493323249999
641,27,203.803652725,190.67971615000005
642,27,304.8284967500002,269.9362999999998
643,27,235.46770455000018,283.1405575250001
644,27,220.22537717500003,231.23750022499985
645,27,280.3836719250004,218.71001597499975
646,27,219.32694227500008,191.2893832499999
647,27,152.12960774999985,177.46660917499992
648,27,198.77463945000005,193.95770887499992
649,28,125.68577555000005,138.98666509999998
650,28,195.63260792500003,126.97711632500007
651,28,133.66612852499998,140.140354975
652,28,155.65416650000003,167.91169702500002
653,28,166.08461630000005,168.27729577500006
654,28,197.0297038500005,163.87645854999994
655,28,210.29040842500015,213.18846479999996
656,28,246.97549905000017,226.84745317499997
657,28,330.2342426250001,276.154140225
658,28,243.06574275000014,230.62105542500004
659,28,218.21132187500012,228.96296664999983
660,28,272.2960619750001,197.462478675
661,28,199.26878377500003,220.1795633999999
662,28,213.40744885000012,211.963677175
663,28,187.5300213,212.64487657500013
664,28,206.57485590000013,239.51442434999984
665,28,232.740125525,249.21005254999994
666,28,193.06078165000045,187.70319049999995
667,28,263.77792220000026,232.368120375
668,28,215.51556207500028,263.99504025000005
669,28,215.64294345,219.6229847749999
670,28,185.35440957499992,157.247394075
671,28,149.21222730000005,177.59543344999997
672,28,117.48714384999994,163.92997029999998
673,29,139.45602320000006,121.54292569999996
674,29,141.8164442750001,151.89334490000002
675,29,138.55285982499998,165.74639132500005
676,29,131.9869122,163.609229475
677,29,145.09643752500006,191.81438982499992
678,29,187.76396682500018,188.8409983499999
679,29,170.27151507500002,150.51689105
680,29,231.5079515750001,245.90944912499995
681,29,262.64985245000037,227.65654567500002
682,29,238.34046372500015,209.32147307499997
683,29,202.45575525000004,242.3643373749999
684,29,190.66445692500002,269.57114419999976
685,29,168.2620246250002,214.95824792499994
686,29,229.38219772500014,216.04822604999993
687,29,219.62891530000013,207.0420029749999
688,29,214.5442140500004,197.46470382500002
689,29,215.6427822,231.87464827499997
690,29,227.894362,270.4092615000001
691,29,261.5999674500002,237.23271715000004
692,29,219.46415139999993,240.73317405
693,29,176.52440727499985,281.5484009749998
694,29,212.82585022499995,253.585683925
695,29,165.91508130000003,186.01380024999992
696,29,144.3120800000001,137.909766225
697,30,151.84758389999996,124.74146524999996
698,30,110.7917314500001,112.88316002500001
699,30,121.7773073000001,114.48978422500002
700,30,150.49953790000006,188.42101580000005
701,30,168.29788935,154.03405917499998
702,30,223.278368275,197.65162174999992
703,30,204.64343309999987,215.20244887499985
704,30,242.16494715000016,223.3121987
705,30,291.1929370749999,251.83171702500007
706,30,229.69471315000004,261.56539552499964
707,30,214.23811779999997,299.508187175
708,30,310.04259192500024,302.04306622499996
709,30,211.18010915000013,346.37116479999986
710,30,294.8946003500004,278.1866537750001
711,30,242.88675840000025,234.22612460000002
712,30,258.82609355,273.94028197499995
713,30,201.28915682500002,181.120136425
714,30,311.907197075,246.65625184999996
715,30,287.6775293000002,194.8034391
716,30,235.69689017499996,256.94551335000017
717,30,216.84727035000003,296.9613907499999
718,30,226.7672269000002,255.80180812499998
719,30,267.9090132500004,180.5834774249999
720,30,154.32803215,161.63026795
721,31,189.7755982,115.48180384999995
722,31,130.07372765000017,120.87654489999989
723,31,132.90207082500007,151.24073825000005
724,31,157.56519717500024,151.676306075
725,31,136.7770443,148.20950449999992
726,31,183.39146962500024,237.40989060000004
727,31,230.5605464250002,292.21970662499996
728,31,221.78413102500002,286.4437846999997
729,31,258.94798705000005,333.78234354999995
730,31,210.07612689999996,285.38871365
731,31,275.4427458000003,351.6665263749998
732,31,364.91225817500003,313.2581663999998
733,31,241.24170555000006,263.45495167499973
734,31,243.01643142500006,238.21928082499983
735,31,257.1363788250004,253.52736324999987
736,31,260.75819705000004,210.59100992500004
737,31,252.4895936000002,227.79445674999977
738,31,255.49821150000025,221.50383022499992
739,31,296.6882325000005,252.06303364999997
740,31,233.2723445,268.9433271749999
741,31,220.84029650000008,250.8448034999998
742,31,220.4607359750001,203.54302077500017
743,31,185.56944629999992,198.92179357499987
744,31,156.29186120000003,159.03382342499998
745,32,190.03570257500002,142.0139287
746,32,157.57645410000006,183.46891567499998
747,32,123.36098905000003,149.3721625
748,32,183.12909252499998,165.95501692500005
749,32,182.59349562500003,161.98707987499998
750,32,191.49716595000018,159.24533647499987
751,32,219.46604102500032,204.347823925
752,32,258.85732117500004,280.33826517500006
753,32,251.16108520000003,349.73132984999995
754,32,260.6532537000001,263.7812420000001
755,32,242.6016375500002,301.3274035000001
756,32,243.22671587500008,245.23483512500002
757,32,189.26618492499995,255.52163684999985
758,32,227.61450375000038,322.44571487499996
759,32,192.49911232499994,256.3062014249999
760,32,230.91889580000003,244.04595902500014
761,32,181.77150667499993,252.56084084999995
762,32,287.4383043,249.04011814999996
763,32,289.92002955000004,295.9696671749998
764,32,234.47382340000007,211.55574949999988
765,32,234.92277097500028,241.496486175
766,32,170.99417882500012,241.81093732499994
767,32,188.2232901500001,165.7019966499999
768,32,137.05581560000002,158.41357779999993
769,33,132.74427435000013,179.45628725000003
770,33,131.72641837500004,145.50200210000003
771,33,158.07463867500005,128.34678417499995
772,33,152.4739424750001,160.3018200749999
773,33,164.31361625,204.792459075
774,33,179.60538502499992,193.811962425
775,33,187.08340120000014,166.2100781250001
776,33,277.51258397499987,288.31894240000014
777,33,236.77821152499996,227.85699334999993
778,33,377.57398802499995,265.8983794499999
779,33,260.7521694500001,258.5309357000001
780,33,298.3055119499999,245.70378992499997
781,33,247.90732800000004,176.28612934999995
782,33,227.3171299500001,207.3812771999999
783,33,280.56824357500034,295.98102252499996
784,33,197.18980690000006,217.382943425
785,33,223.7622086500001,228.63899597500006
786,33,194.14877175000018,222.97161799999998
787,33,274.9401177000002,217.81355199999985
788,33,217.94992665000012,207.316826525
789,33,250.43829709999994,216.6862992249999
790,33,198.84529862500005,229.68120927499996
791,33,164.3140544,223.72143627500003
792,33,154.12719355000007,147.77716804999997
793,34,155.9284809250001,114.14640254999993
794,34,139.712663925,155.01610282500008
795,34,172.31910002499998,141.636551525
796,34,163.54051594999996,212.41761459999992
797,34,172.05484467500008,161.58678359999993
798,34,203.43770797500022,178.93339262499995
799,34,248.77874279999995,247.99517797499993
800,34,229.4102735250001,225.8088139249999
801,34,259.4571216499999,336.6990154499998
802,34,224.20644097500002,249.67193357499985
803,34,252.941701675,264.26536992500013
804,34,295.3077802500001,261.40069360000007
805,34,229.7004636000002,268.69976302500004
806,34,202.0871979500002,320.92308419999995
807,34,216.2027371750002,268.8836134749999
808,34,187.423288325,227.27372877499994
809,34,179.61935727500003,243.95590074999996
810,34,250.60042692500048,253.86187772499986
811,34,262.75633815000003,226.0965972250001
812,34,236.058236875,284.52572437499975
813,34,238.1098248999999,279.9172311249999
814,34,178.461186425,219.17511134999995
815,34,173.26521942499983,168.58107229999996
816,34,184.58705977499997,184.51131007499987
817,35,144.16363677499996,131.57807474999998
818,35,171.00554390000002,144.3900005249999
819,35,154.679549425,119.69969867499995
820,35,156.64164849999997,184.28911670000002
821,35,131.80953437500006,184.991406125
822,35,171.99400470000006,178.97473169999995
823,35,176.32559007500012,212.43982177499998
824,35,199.72028450000005,242.77195959999997
825,35,318.6365035500002,219.00263654999972
826,35,245.29788967500014,218.9940284
827,35,307.0754452000002,280.41648775
828,35,292.5292219000002,247.43685207499988
829,35,232.6310255250003,217.80702714999984
830,35,196.69152975000006,215.93144954999994
831,35,261.7242599750001,171.22383587499996
832,35,217.3586455250001,188.15175572499996
833,35,181.01010890000015,173.73485190000002
834,35,199.8633164250001,195.71618407499994
835,35,205.84704875000023,254.31431607499988
836,35,177.8350307750003,213.94420014999997
837,35,236.32441002499996,210.313825775
838,35,209.57909940000013,213.15607415000005
839,35,129.65515419999997,173.9869196250001
840,35,187.3531143250001,165.607708
841,36,180.86131345,134.75250480000003
842,36,148.79337300000037,166.424302075
843,36,151.98639304999995,140.296214425
844,36,163.3168800000002,157.22988909999995
845,36,194.897383475,178.842421675
846,36,215.09050055000029,148.48109419999994
847,36,235.16684175000006,186.05050115
848,36,215.35251544999994,210.46504617499994
849,36,207.04626439999998,177.55023257500005
850,36,191.4636245750002,269.89376722500003
851,36,264.5450128750002,244.92400112499993
852,36,221.96290627499994,222.26548805000016
853,36,273.49275362499986,259.49900195000004
854,36,250.27508340000014,157.3263357749999
855,36,231.84707650000013,225.58308674999995
856,36,192.89982420000013,177.89109072500014
857,36,238.9944087,222.406879475
858,36,228.68313157500006,270.18995625
859,36,178.95977570000002,245.6953004250002
860,36,220.00744227499993,226.08737995
861,36,214.2837530250001,234.80516589999996
862,36,232.16992935000007,203.31676127499998
863,36,209.65487580000016,211.25385627499992
864,36,188.94453397500018,160.83684877500002
865,37,149.88840482500012,127.02751265
866,37,172.19891680000015,183.69773572500003
867,37,133.3938087250001,149.26056375000007
868,37,135.2749121000001,138.35495122500004
869,37,157.6522071500001,174.71552622499993
870,37,223.64501535000028,160.03765915
871,37,282.14850832499997,265.08285134999994
872,37,295.9089895500003,242.40321192499997
873,37,283.181636075,243.0177021999998
874,37,264.17028062500015,213.42012512500003
875,37,272.32137290000003,270.6942992749998
876,37,295.42208465000016,344.2492923499999
877,37,260.1413177249999,255.95170342499998
878,37,263.25892602500016,259.7357205000001
879,37,278.2654289999999,220.82409474999992
880,37,249.10024477500002,210.12640307499987
881,37,231.57184229999996,247.12012857500014
882,37,255.63988857500016,236.18492889999993
883,37,356.5615100000001,212.43082399999986
884,37,222.82190940000027,268.0552353499998
885,37,324.6787406500001,222.13476682500007
886,37,253.53452232500007,297.1648053
887,37,192.39283272500012,218.33591944999992
888,37,135.25586354999996,152.698583375
889,38,158.16431567499995,173.04117055
890,38,163.01182360000007,164.993179125
891,38,126.76785810000005,192.69385877499994
892,38,134.49586885000008,192.68528915000005
893,38,142.03620152499997,150.02936027499996
894,38,195.08449270000014,161.36555937500003
895,38,270.22548112500044,218.40240060000002
896,38,301.51600332500004,217.4208131250001
897,38,221.8194791250002,221.78003399999983
898,38,279.01856602500027,331.64314289999993
899,38,254.2204508249999,329.690311225
900,38,309.8486475750002,309.78092692499996
901,38,273.33605812499997,213.7047180250001
902,38,237.5324774,277.153714525
903,38,216.55376560000013,290.7615414999998
904,38,233.53122854999998,238.74662882499996
905,38,291.61134615000003,213.13435594999996
906,38,268.5763083499999,216.3966467749998
907,38,306.18991465000033,212.11488229999998
908,38,258.3308592000003,259.6665016749997
909,38,249.70619042500005,228.93944100000002
910,38,219.46217487500013,224.6481215999999
911,38,218.0852845250002,185.05933909999987
912,38,176.27156205000006,172.43342434999994
913,39,181.36868977500006,139.11705492499996
914,39,121.29236805000002,182.84400152499995
915,39,111.12420304999998,150.14441499999998
916,39,189.62326462500027,157.86281367499996
917,39,182.45789347500008,160.56964184999993
918,39,193.1879222250002,214.83499282499994
919,39,232.32891575000022,268.3565060750001
920,39,247.6670396,235.86843427499997
921,39,251.9893327249999,268.8586014000001
922,39,255.10222057500016,265.77044812500014
923,39,240.12534832500006,292.78199539999997
924,39,292.1681105250001,285.156058725
925,39,284.1989469,246.26564630000001
926,39,244.32547190000003,242.71271542500003
927,39,267.4536161000001,244.32292497500012
928,39,273.32658282500006,235.25453377500003
929,39,274.30307132500013,249.1470876749998
930,39,244.77411882500013,279.9235619000001
931,39,294.31449140000007,243.0344397
932,39,257.7793930500001,234.98450679999996
933,39,195.94898057500004,261.4259755249999
934,39,206.76381157499998,222.20089650000003
935,39,195.3126091000001,200.00391174999993
936,39,124.20895302500007,194.05320647499988
937,40,152.90610852499998,167.18734309999996
938,40,192.68089262500013,143.64852832500003
939,40,133.13191082500003,150.85392564999995
940,40,158.8601249500001,197.47282179999996
941,40,173.20009352500006,166.86265382499994
942,40,205.45323632500003,215.34163935
943,40,232.88826570000037,268.64643729999995
944,40,271.4130514500001,242.4824298750001
945,40,252.67995184999998,219.58520840000003
946,40,301.7857757000001,276.7090958249999
947,40,277.2059651000002,274.16081722500013
948,40,259.0881837750003,316.2603149999998
949,40,244.51168082500024,284.631358825
950,40,242.66403687500042,277.73141332499995
951,40,189.42804544999984,234.50343780000006
952,40,241.3944527750001,221.84181512499998
953,40,211.3525163999999,213.9462446249998
954,40,297.2518429000006,257.007785025
955,40,241.03436820000002,207.29682342499999
956,40,248.88519585,237.26043749999982
957,40,267.11627810000005,270.554197125
958,40,198.50668392500003,229.81190215000004
959,40,161.36030957499997,159.4536160499999
960,40,153.4931413,129.98439855000004
961,41,125.30829622500019,141.90419014999998
962,41,99.30962084999996,135.83347527499993
963,41,100.22823310000007,131.25418310000006
964,41,164.21325590000012,119.96327387499989
965,41,130.02229025,131.99469097499997
966,41,212.91984735000014,206.48523084999997
967,41,239.16094152500028,216.88884984999987
968,41,248.9680827750002,287.67879152499984
969,41,213.98025660000022,278.7861611749998
970,41,254.59546275000008,269.55526595
971,41,256.1320597750001,261.60510497499985
972,41,272.9854474500001,256.37645175
973,41,313.92790652500025,269.153031875
974,41,240.9558495249999,220.3662104250001
975,41,256.937668775,258.7462088499999
976,41,227.84038060000017,222.80663659999982
977,41,216.63203677500005,220.25959444999984
978,41,282.3033534000005,240.05835379999996
979,41,272.67440510000006,337.3467746
980,41,211.52053817500015,230.7754279
981,41,258.54477384999984,225.01084580000003
982,41,256.0662456500001,237.5911425999999
983,41,212.3202427999999,190.32103127500005
984,41,163.88845932499999,165.20703552499987
985,42,152.0970453250001,169.84041897499998
986,42,117.4856862500001,118.14437312499999
987,42,130.32538079999998,111.168524
988,42,113.81431462499998,118.92882875000002
989,42,128.2324205250001,129.53347085000004
990,42,145.52470790000015,135.33433645
991,42,231.87614367500015,164.612362975
992,42,212.53537562499992,219.59523752500007
993,42,217.69467737500017,232.08375720000015
994,42,271.7729448000001,224.44886809999997
995,42,239.85713065000013,274.8315842249998
996,42,235.35530035000016,236.56305657499996
997,42,223.6122163750001,227.49625062499987
998,42,200.81377887499997,245.69718702499995
999,42,220.05527445000024,212.45574972500003
1000,42,244.721841875,180.1467118999999
1001,42,199.78919277500006,201.27065307499996
1002,42,191.17205447500004,205.28887820000003
1003,42,274.15031035000015,251.0434464749999
1004,42,224.9849237250001,220.6378502500001
1005,42,229.7404671999999,287.040971925
1006,42,204.595082025,186.28130810000002
1007,42,212.03827409999997,164.9489764749999
1008,42,127.25016659999999,138.95942862500004
1009,43,113.28660390000006,156.87342052499994
1010,43,122.633294525,159.74643139999992
1011,43,128.71708959999998,136.1765775
1012,43,149.76932115000005,123.3178937249999
1013,43,138.96050480000005,148.12642095
1014,43,152.70917880000007,142.82047757500004
1015,43,224.2849311000002,181.65872957499994
1016,43,210.4987051000001,192.71075219999994
1017,43,225.94460740000005,198.207113
1018,43,224.62977432499997,185.98843925
1019,43,216.43396097500008,178.06827472499975
1020,43,264.1277163250003,249.65494364999986
1021,43,255.00809677499996,187.67864377500004
1022,43,207.431566375,242.58112167499985
1023,43,172.12565907499996,191.9498732999999
1024,43,175.49042515000005,179.15151154999998
1025,43,184.42532390000014,186.6430566
1026,43,226.08719245000006,235.30257377499993
1027,43,260.0208247000004,257.28820892500005
1028,43,242.6368043,280.3163338000001
1029,43,242.25452187500045,307.88156359999994
1030,43,213.28181445000024,180.647105875
1031,43,196.53674660000024,167.64722455000006
1032,43,157.68665142499998,141.34536902500008
1033,44,132.21049060000018,115.30847897500004
1034,44,147.69128162500007,144.34902002499993
1035,44,123.48350162500005,147.40979255000002
1036,44,144.49353630000007,168.437576075
1037,44,209.1482448750001,145.80399612500003
1038,44,166.20500870000004,187.04762799999992
1039,44,200.18061214999983,212.6670137250001
1040,44,261.6052906250001,196.182844875
1041,44,249.67276959999992,277.25574667499995
1042,44,265.2557934750002,201.67681752500002
1043,44,292.27033982500006,197.41660810000013
1044,44,330.3671785750005,209.23007200000004
1045,44,318.1310236250001,267.01345815000013
1046,44,249.24962679999993,234.28532932499996
1047,44,245.92280734999986,289.73565345
1048,44,328.632069475,266.595847375
1049,44,237.9385982,227.9715734749998
1050,44,271.37824570000004,224.2535208749999
1051,44,272.8769084750002,223.22423932499993
1052,44,249.02067082500008,304.33448249999975
1053,44,239.39559207500008,217.21357815000002
1054,44,250.5202434750001,260.0845379249999
1055,44,191.71941919999998,194.161063
1056,44,142.95686190000018,172.46472640000007
1057,45,129.19372407500006,156.50000354999992
1058,45,150.37005627500005,152.70531624999995
1059,45,129.46945970000004,140.19166237499996
1060,45,144.37159150000014,130.3608735
1061,45,157.2534748,140.28253519999996
1062,45,210.86043332500003,148.33062987500006
1063,45,237.00967470000015,247.7255295249999
1064,45,303.44503555000006,250.4422384749998
1065,45,237.22649992500038,257.32869345
1066,45,258.92613795000034,345.7436395249998
1067,45,339.5137542,279.33594957499986
1068,45,324.47736187499993,252.99015654999988
1069,45,297.8866058,288.0183584499998
1070,45,227.26947657500003,266.7565462249997
1071,45,226.1185233500004,213.98170849999985
1072,45,237.77397450000015,244.78236402500005
1073,45,249.5742814750001,189.56130170000006
1074,45,286.79244092500016,191.80406697499993
1075,45,270.45152670000016,285.031982225
1076,45,240.86202842500006,233.90193592500003
1077,45,245.27085817500006,231.37471672499998
1078,45,155.28962787499995,182.4834018250001
1079,45,245.59433925,187.90207719999995
1080,45,227.24101452500025,218.54137754999996
1081,46,168.558060125,133.5982884
1082,46,157.90290585000014,149.16594752499992
1083,46,209.9363325000001,162.33033365
1084,46,172.49789487500024,157.21798472499998
1085,46,174.86325607500007,211.9185448
1086,46,189.10420785,227.50317702500004
1087,46,243.20863622499988,205.76297899999997
1088,46,314.86260215000027,225.61137630000002
1089,46,232.13285132500016,219.936637675
1090,46,244.202622875,230.24313929999994
1091,46,311.9577384750004,356.19723899999997
1092,46,285.41089472500005,268.08285417499997
1093,46,265.82472475,253.259198525
1094,46,276.5118631500002,286.54630914999984
1095,46,270.7724445750007,274.00177462500005
1096,46,201.08806792499996,240.06240642499995
1097,46,278.9422248,210.990246525
1098,46,247.49183045000007,180.90805747499996
1099,46,265.9133115,277.2368479749998
1100,46,213.85768567500017,211.17283165000006
1101,46,265.02250275000034,261.06277252500007
1102,46,245.01441785000003,208.2517501499999
1103,46,209.13722935000013,221.32224629999993
1104,46,223.67100460000017,207.73412174999984
1105,47,147.21325352499997,153.64893777499998
1106,47,175.05132492500007,174.90863635000005
1107,47,173.83698204999996,178.31507872499992
1108,47,178.27118450000017,184.77915535
1109,47,198.2818214,226.70901627499995
1110,47,226.09045984999995,226.54720797499982
1111,47,250.66367430000025,241.1987410000001
1112,47,242.34645795000006,245.60270232499997
1113,47,279.21757627500006,219.37798574999982
1114,47,254.68162895000012,257.48079984999987
1115,47,227.68507212499998,372.6475654499998
1116,47,283.8920587,256.8683530750001
1117,47,247.01182442500027,263.2345245249999
1118,47,276.6683373500003,192.39072572499992
1119,47,235.64657027500033,255.1268024249998
1120,47,253.8718646500001,179.88920152499998
1121,47,224.79792935,194.99683499999998
1122,47,234.28982200000002,276.6242062250001
1123,47,274.4650316999999,256.604925875
1124,47,224.92866032500007,206.1338229750001
1125,47,235.94270130000012,250.76883972499985
1126,47,237.81434347499987,270.90915737499995
1127,47,212.3756146500001,237.934719675
1128,47,203.61581607499988,199.50744165000003
1129,48,164.8495994500002,195.47064679999997
1130,48,161.573083725,174.73634822499992
1131,48,155.73528805000024,148.74165607499998
1132,48,163.89216962500018,157.00107317500004
1133,48,206.03777002500013,176.52813350000002
1134,48,154.1430396,199.77286532500005
1135,48,234.04041497500006,229.0119190499999
1136,48,259.6856679750002,259.87730610000006
1137,48,238.89254822499998,263.293601125
1138,48,255.02183520000023,382.0068968749998
1139,48,266.55311540000014,315.8531490749999
1140,48,251.2917173500001,292.30079517500013
1141,48,273.55150285000013,286.5710951749999
1142,48,257.024291175,293.77960902499996
1143,48,204.88316090000006,221.08594877500002
1144,48,178.3309262,231.20205305000002
1145,48,208.93709532499997,208.49897892500007
1146,48,182.7149534,229.9859403999999
1147,48,220.24834325,221.952582075
1148,48,284.5972513000004,171.86899630000005
1149,48,228.47162437500012,218.75878774999987
1150,48,187.81925700000016,232.85688395000003
1151,48,175.46017880000022,181.41317912500003
1152,48,169.30221605000003,194.81888577500007
1153,49,153.92315012500003,166.46786225000002
1154,49,124.95947232499998,134.4605739999999
1155,49,115.99324470000009,128.9933438249999
1156,49,150.51330497499995,157.80858507500005
1157,49,147.99662080000002,150.97823272499994
1158,49,151.5984180250002,173.2889978
1159,49,175.6640017250001,147.404016175
1160,49,254.92892012500016,232.50982692499994
1161,49,231.51158922499994,204.87119504999987
1162,49,271.36978675000023,243.84492504999997
1163,49,209.94262479999998,233.77221199999997
1164,49,278.6667741249999,225.11972637500003
1165,49,218.91113852500013,184.9514896
1166,49,182.0574430750002,210.51048182500008
1167,49,216.33196095000017,185.88461765
1168,49,146.65210237500003,213.87836725
1169,49,220.3621513250003,174.73445322499992
1170,49,173.05928917499995,223.23512219999998
1171,49,227.4541329250001,204.27296295000014
1172,49,163.57326117500008,232.7287318
1173,49,221.02544897500002,229.74816839999977
1174,49,174.92150579999995,164.20927277499993
1175,49,157.38528365000005,184.61444147500004
1176,49,120.13214467500002,141.26747582500008
1177,50,108.91923202500003,141.43409814999995
1178,50,133.76448562500002,119.93380227500006
1179,50,128.43590292500005,115.10195184999995
1180,50,105.28284052500004,136.06517269999995
1181,50,169.36093407500005,156.74762607499986
1182,50,167.39742975000024,148.99806400000003
1183,50,195.05714242500022,156.3401326
1184,50,232.36738960000028,198.46538724999994
1185,50,230.8866825,162.42486795000013
1186,50,228.84923385000047,219.10480117500012
1187,50,243.2599481000002,200.83266637499995
1188,50,280.2360015750002,203.99568662500008
1189,50,221.41455052500035,187.34671225000005
1190,50,180.70627560000014,206.2756901249999
1191,50,175.49716307500003,243.37252722499994
1192,50,194.76163455000005,221.918403875
1193,50,176.5306414000001,253.16894174999982
1194,50,210.9347764749999,173.43402924999992
1195,50,260.48866417500005,237.73809209999982
1196,50,184.15635320000018,202.5158823999999
1197,50,217.96935237500006,225.18337319999983
1198,50,230.44577177500025,244.50456602499992
1199,50,164.21510997500008,166.97642525000003
1200,50,155.48460822500002,99.348283175
1201,51,112.51643545000005,161.65268000000003
1202,51,112.80966527500007,152.3624385
1203,51,142.57644512500008,131.43280202499994
1204,51,124.82030380000006,130.833197075
1205,51,133.1774443,156.96525637499994
1206,51,202.2385283750002,195.76287767499994
1207,51,200.2143168750002,195.58912637499998
1208,51,235.09595585000022,266.57407047499976
1209,51,230.7665554749999,252.57380577500004
1210,51,262.4079055750002,181.37120424999983
1211,51,202.06756505000016,288.57115032499996
1212,51,254.30453887500002,269.8477373749999
1213,51,260.0045970750001,294.41147025000004
1214,51,185.12996869999986,222.73830919999997
1215,51,283.03165277500017,304.84081377499996
1216,51,225.50798047500004,209.464487525
1217,51,252.57472117500043,223.93890747500012
1218,51,237.01699932500003,258.57681057499985
1219,51,247.76155345000012,250.04012144999996
1220,51,190.92913717500014,241.40711747499992
1221,51,246.96694272500022,219.5003397249999
1222,51,245.4122245750005,177.72786872500006
1223,51,197.72512249999988,139.11515242499996
1224,51,222.81549504999998,157.50538810000006
1225,52,146.56809337500013,168.01877502500002
1226,52,174.80397092500004,157.62752745000003
1227,52,172.86524577500012,160.8110087
1228,52,125.4308831,163.30343874999994
1229,52,158.570249375,207.3576966999999
1230,52,208.89514184999993,180.41729962499988
1231,52,236.90388140000022,286.60648502499987
1232,52,240.48793405000004,204.48729887499994
1233,52,269.5015559250002,239.65325227499994
1234,52,260.11475810000013,224.858390275
1235,52,358.309850625,264.3075505999998
1236,52,240.50277702500006,307.56476685000007
1237,52,248.18661270000013,237.200927475
1238,52,239.87733924999986,217.18710039999996
1239,52,242.061304425,228.74286994999983
1240,52,229.16421849999995,211.44106079999995
1241,52,232.78234557500005,255.68531004999983
1242,52,210.7900057750005,228.9122223249999
1243,52,238.8041874250001,261.81596610000014
1244,52,267.4939519000004,236.63778922500003
1245,52,269.9305420999999,294.60402432499984
1246,52,238.0539047,201.78826077499997
1247,52,214.02874590000008,224.48115182499987
1248,52,175.65496417500003,186.97972774999997
1249,53,145.46394427500002,154.77438270000005
1250,53,139.17007947500022,169.62850705000002
1251,53,187.19777435000003,169.48630974999998
1252,53,181.02712317500044,193.71835755
1253,53,207.76159255,173.07449662499994
1254,53,171.65016457500008,217.09024585000003
1255,53,215.50958472500005,226.48832505000004
1256,53,255.25683967499998,207.4896514
1257,53,276.99398832500015,282.19458047500007
1258,53,252.719463775,268.31716602499984
1259,53,237.74188400000008,386.4705267
1260,53,237.99502737500006,271.33333482499995
1261,53,192.68111562500022,211.94772847499993
1262,53,278.42808050000025,195.70388880000002
1263,53,261.26171850000014,239.17549894999996
1264,53,259.29036442500023,192.66636687499994
1265,53,269.5038631000005,197.967464275
1266,53,232.02186037500013,263.94380222499996
1267,53,241.16642052500032,227.29198175
1268,53,239.9742905750001,281.7408717249998
1269,53,207.09913669999995,162.46463940000007
1270,53,260.79053112500014,175.84375887500002
1271,53,184.30442605000013,175.81499612500005
1272,53,117.86213222500002,208.10370005000001
1273,54,182.59530642500016,146.3988349500001
1274,54,138.30854705000002,169.74689342499997
1275,54,123.54915479999997,153.44069837499995
1276,54,127.38694862500003,157.69637685000004
1277,54,152.19589862499998,151.47690699999993
1278,54,221.61679070000014,241.36256562499995
1279,54,205.9687492750002,197.8139851000001
1280,54,229.52666984999996,251.79224369999991
1281,54,267.87042782500004,267.58124684999984
1282,54,333.39844917500005,243.03793167500015
1283,54,323.3646408750002,222.97589935000013
1284,54,236.4815986,304.3822132499999
1285,54,285.24504379999996,265.50771932499975
1286,54,244.0937476250001,277.08792699999987
1287,54,203.38646432499993,199.66891094999983
1288,54,272.33161325000026,247.4816120499999
1289,54,289.42987517500035,233.916554025
1290,54,271.8010835250001,255.2963072499998
1291,54,201.7065236250001,269.7567227250001
1292,54,252.97957342500007,214.23798107499994
1293,54,268.9196001750001,199.10461874999982
1294,54,252.2711697000003,198.31587042499996
1295,54,194.2799291500001,203.349029175
1296,54,178.93423137500022,197.78226964999996
1297,55,131.10029317499996,161.76596385
1298,55,131.94046045,166.90411067499997
1299,55,127.880039375,126.54915977499996
1300,55,154.52258242499994,162.72412702499992
1301,55,135.60706872500015,154.61457704999998
1302,55,173.76725837499987,201.720631175
1303,55,197.54823415000016,199.19774309999985
1304,55,282.4267344,205.40997502499994
1305,55,245.64619592499986,286.0634594999998
1306,55,267.4071296000002,303.81304905
1307,55,289.1883750000002,286.72522049999986
1308,55,220.76770537500005,272.52824329999993
1309,55,262.73717732500035,252.98147552500012
1310,55,247.49621127500006,266.5909169249998
1311,55,296.04307217500025,206.16554452499986
1312,55,242.668621975,231.92502717500008
1313,55,273.1663471250001,230.57165819999983
1314,55,228.5873352500002,226.51287104999975
1315,55,277.4265054250002,265.0915044000001
1316,55,190.8498525000004,256.0710208749998
1317,55,214.21150137500004,278.87910522499993
1318,55,205.38546020000013,254.6913044499999
1319,55,211.6480444500002,164.61747817499995
1320,55,155.537270675,176.82120779999997
1321,56,105.52295517499999,137.52532412499994
1322,56,146.3866867250001,142.76130294999984
1323,56,110.89742342499997,138.73492927499996
1324,56,130.24545440000003,132.10298797500002
1325,56,199.32250940000014,175.46083282500007
1326,56,167.052312825,150.1936986
1327,56,203.63276587500002,163.4090287250001
1328,56,175.87306662499998,233.40416557499995
1329,56,216.20759520000001,192.47607625
1330,56,243.46312707499987,230.72380602500004
1331,56,203.37685214999993,239.63348452500009
1332,56,262.6921163000003,277.3770669000001
1333,56,206.36474527500022,233.00145767499987
1334,56,226.61667209999996,187.98564924999997
1335,56,187.18571902500003,258.36230534999993
1336,56,202.63586999999995,233.46473932499993
1337,56,182.62648595000013,203.70760507500006
1338,56,219.01074960000025,214.17696372499984
1339,56,249.2396910999999,211.12750727499986
1340,56,191.9326995250001,187.80380999999988
1341,56,237.45683634999983,232.33185017499972
1342,56,247.36727230000025,191.65451912499998
1343,56,173.3985439,152.52735415000006
1344,56,182.6874714000002,143.98465725
1345,57,160.73404880000004,168.0114094
1346,57,115.13959760000003,142.32463402500002
1347,57,109.44548990000007,148.937573
1348,57,145.85947217500006,130.70510517500009
1349,57,147.71225280000021,119.97035667500005
1350,57,155.99752357500003,196.43904709999987
1351,57,183.52516730000008,190.41292902499987
1352,57,180.17787905000003,166.94006017499993
1353,57,209.4682188249999,210.39889425000004
1354,57,214.29947605000032,299.7019284249999
1355,57,190.10108254999994,225.26623747499968
1356,57,213.52737990000008,182.05923314999995
1357,57,228.8924175250002,226.09671677500003
1358,57,209.60906944999988,229.43029669999993
1359,57,217.22726104999987,275.7579899249999
1360,57,221.5994331000001,250.99191115000002
1361,57,192.00960670000023,231.0090726249999
1362,57,197.42615720000003,180.73913602499988
1363,57,201.08827542500006,337.2639304249998
1364,57,199.35234602499992,272.55331982500013
1365,57,297.96810475000024,220.0290429749998
1366,57,214.78698479999994,198.48472897500002
1367,57,175.74785035000008,170.182057075
1368,57,145.16385855000024,181.41143067499993
1369,58,131.82501472499996,137.67018917500002
1370,58,139.49635425000002,152.72485414999994
1371,58,185.12764095,152.364981
1372,58,143.80963127500002,135.41110394999993
1373,58,172.73156442500007,176.17807732499995
1374,58,242.75581817500006,210.05494019999992
1375,58,197.3565637750002,227.48479429999986
1376,58,266.38133897500023,303.33001894999995
1377,58,240.00972037499992,262.99554207499995
1378,58,206.40216172499993,342.22444835
1379,58,211.4659615000001,281.94102064999987
1380,58,252.83843995,204.52266705000002
1381,58,232.54008620000002,239.83545887500003
1382,58,237.90089077499982,265.812298375
1383,58,217.74304655000006,235.90593645000004
1384,58,221.16837125,208.78604562499987
1385,58,214.46165407500047,259.1987035999998
1386,58,283.3370526999999,312.3819029499998
1387,58,245.6221515499999,238.6040934749999
1388,58,301.5176467,239.17273930000007
1389,58,325.42602097500003,222.59936557499987
1390,58,265.520161675,222.53537874999998
1391,58,215.31931492500001,178.36461102499987
1392,58,167.99244220000008,174.97875404999988
1393,59,189.41110327500007,134.09385799999998
1394,59,130.03165027499998,159.61528274999995
1395,59,172.21380917500014,133.13022277500005
1396,59,182.75447315000008,118.70973947500005
1397,59,187.84866802500017,190.580330925
1398,59,241.99579557500016,194.77897302500008
1399,59,172.22904397499997,246.92086967499984
1400,59,250.37674307499992,273.21047542500014
1401,59,329.43015402500026,358.54138269999993
1402,59,256.98331395,362.7542662999999
1403,59,185.04963440000012,316.13467582499993
1404,59,294.11502467500026,309.29231534999997
1405,59,281.68700047499993,197.24399479999994
1406,59,211.8543668750002,273.77820532499993
1407,59,219.10168044999995,262.17833792499994
1408,59,245.098760825,233.3126564749998
1409,59,199.327723225,209.64142830000011
1410,59,238.6575262250002,235.075899575
1411,59,252.74092467500014,254.8846307
1412,59,198.9555055000001,272.31673707499976
1413,59,200.48374470000002,270.79557812499996
1414,59,217.82438752500025,249.9197486249999
1415,59,230.43155817500022,182.90994770000003
1416,59,182.8763454750004,169.24516845
1417,60,113.47161365000005,146.846015075
1418,60,131.58342580000016,165.91810892499998
1419,60,120.89978230000004,139.14298982500003
1420,60,122.25316310000004,156.50338857499992
1421,60,226.8486290000003,143.78796697499993
1422,60,203.46501815,217.11811164999995
1423,60,241.49188217500011,222.31035807500012
1424,60,263.4157525249999,201.35457412500006
1425,60,241.51378290000014,318.50842515
1426,60,328.3174034750005,330.10220660000005
1427,60,306.4998078000002,248.86336657499993
1428,60,302.3306693000002,228.3714188500001
1429,60,200.21786822500002,302.87129314999993
1430,60,245.43232090000006,228.14279572499998
1431,60,271.3758694000003,257.08720354999997
1432,60,229.06034342499999,290.082769375
1433,60,264.983567675,225.9172311499999
1434,60,222.94947287499988,249.5745031250001
1435,60,279.47933972500005,238.39727724999995
1436,60,236.12317885000004,265.46894162499996
1437,60,227.8689844250001,257.14611902499985
1438,60,203.15935025000007,189.62666380000002
1439,60,157.66774509999982,180.02002712499984
1440,60,190.36518549999994,199.0246264249999
1441,61,152.94604305000004,134.33349644999998
1442,61,152.69880087500002,189.00464907499997
1443,61,170.6868566,166.01440185
1444,61,157.67786082499998,171.37561769999985
1445,61,153.92689035000012,259.5555760999998
1446,61,276.46773357499995,255.76203727499995
1447,61,282.76279847500007,250.60406947500002
1448,61,274.13031007499995,259.8480720000001
1449,61,288.84170310000025,232.0891573000001
1450,61,297.9489595499999,310.009669725
1451,61,317.86031219999995,300.9860766249998
1452,61,258.22217500000033,365.391731275
1453,61,285.7139658,198.99160342500014
1454,61,221.2939887000001,199.510674875
1455,61,243.9086740250002,198.79366950000002
1456,61,226.0923726750002,240.4928155499999
1457,61,222.59552480000022,262.88519475
1458,61,225.76312550000011,208.98180717500003
1459,61,257.97513330000004,226.57059684999984
1460,61,240.41684775,310.32862654999974
1461,61,244.61366265000026,234.82156034999988
1462,61,233.08104415,216.60233467500018
1463,61,186.53318302500003,202.59790429999993
1464,61,192.22344460000022,168.14523274999982
1465,62,128.57015865000008,184.35414567499993
1466,62,128.12383679999996,129.69614655000004
1467,62,170.32485565000005,157.63482322499993
1468,62,165.82481872500014,161.09876682500004
1469,62,181.3089083250001,192.0250178749999
1470,62,198.29864520000038,164.29037637500002
1471,62,197.60461332500023,246.69985204999992
1472,62,272.0623575000003,282.0174207499999
1473,62,247.3807787250002,250.058173625
1474,62,249.16350697500008,276.5220814499999
1475,62,310.2558971500001,264.5645354499998
1476,62,269.1864366,224.1583820250001
1477,62,205.2544192250001,264.65963400000004
1478,62,166.1912443000001,230.72340705
1479,62,194.650334475,224.43061862499988
1480,62,156.58702077499996,222.53597154999994
1481,62,214.69406065000015,202.23154459999995
1482,62,205.86272635,264.48633769999986
1483,62,218.20180064999988,192.5332907750001
1484,62,209.70308552500006,229.1900956249999
1485,62,259.8187235000004,229.56878915000004
1486,62,211.02132467500002,231.03694065
1487,62,159.86336562500009,167.8643349749999
1488,62,233.93539197500007,175.19310245000003
1489,63,145.16157090000016,193.98254182500003
1490,63,157.7577774500001,151.58014865
1491,63,152.33858397499995,144.23985947499992
1492,63,153.2021696,163.36627749999997
1493,63,152.13852890000004,145.57171724999995
1494,63,161.12989870000013,179.649606625
1495,63,228.04288275000016,222.12133157499994
1496,63,229.47606467500012,189.57030497499994
1497,63,254.7868335999999,174.886113825
1498,63,203.11140382500022,222.3099456250001
1499,63,260.4119752500002,328.36495709999997
1500,63,248.49721330000006,241.08528587500012
1501,63,255.19564870000016,204.49363032500008
1502,63,177.00074720000006,197.4735519999999
1503,63,225.5769517000001,173.76035622499995
1504,63,189.54832517500023,218.97410894999987
1505,63,200.30567480000022,205.467759425
1506,63,173.80995477500016,235.09998164999993
1507,63,187.3760833250002,225.80492745000006
1508,63,215.07992072499988,298.17941905
1509,63,218.8810000250002,270.8752419000001
1510,63,160.35997650000002,218.51715844999984
1511,63,149.45700232500002,219.47278957500006
1512,63,141.5424138750001,150.1751747250001
1513,64,186.38521745000008,113.34890512499993
1514,64,138.22188927500008,122.41272412499997
1515,64,123.91949885000002,134.52527035
1516,64,171.40865807500018,161.29525730000006
1517,64,165.88114500000012,177.71823842499992
1518,64,209.04492887500018,183.99818289999996
1519,64,216.9717759500003,222.05402059999992
1520,64,290.14992975000007,247.73263232499997
1521,64,279.29038362500023,275.6033539250001
1522,64,277.9135054750002,266.1992043250001
1523,64,256.8502198500001,201.78748947500003
1524,64,284.113981575,338.9755311000001
1525,64,296.6602644500006,239.63116374999996
1526,64,265.06829107500016,304.44095667500005
1527,64,255.35049677500004,283.4972815000001
1528,64,268.5427516000003,285.79237595000006
1529,64,346.3993272750007,247.68231877499994
1530,64,264.4840330000001,227.9668670999999
1531,64,248.9550310250005,261.45226444999986
1532,64,246.78360815000005,245.46479827500013
1533,64,262.62840467500007,222.5018387999998
1534,64,213.02073085000004,214.79831079999997
1535,64,165.99687709999998,177.9189481999999
1536,64,188.01709707500004,166.80469957499997
1537,65,131.2445312,149.61909222500003
1538,65,102.66029689999996,151.36677179999998
1539,65,142.15851567500005,127.54201102499991
1540,65,152.77147374999996,143.36555385000003
1541,65,160.900306575,158.70825247499994
1542,65,197.11180405000033,142.36143387499996
1543,65,201.03599720000014,238.7942551750001
1544,65,202.6441977000001,220.37249055
1545,65,301.3583646250001,280.26996797499993
1546,65,328.64422827500005,268.3357691
1547,65,273.7474822250001,307.62126517499985
1548,65,247.28389125000035,289.68890942499996
1549,65,312.4013825500001,262.42965315
1550,65,253.64025457500006,255.54850589999998
1551,65,228.920873925,306.8623374250001
1552,65,262.04436952500004,331.0065797249998
1553,65,245.30247455000006,269.10550307499983
1554,65,305.3810103000004,189.1985007999998
1555,65,261.148677575,236.79173582500005
1556,65,255.11247907500007,258.6515671499999
1557,65,232.8563069500002,201.04706854999995
1558,65,218.106284925,215.20278792499988
1559,65,192.0072174250001,155.213543125
1560,65,135.680019325,182.71093784999997
1561,66,134.98130602500007,166.92815474999998
1562,66,114.57421352499993,112.29986617499986
1563,66,136.49604702500005,158.46569010000002
1564,66,141.29142305,178.69289282499994
1565,66,158.85296914999998,186.67158229999995
1566,66,227.57163427500012,194.79235812500005
1567,66,248.38905325000013,249.94964054999974
1568,66,234.97526050000005,253.57745649999995
1569,66,289.24532524999995,218.94244467499993
1570,66,318.4643218,300.3447253999998
1571,66,239.43620392499992,296.8051332749998
1572,66,367.5774822750002,316.19426892499996
1573,66,256.41889395000004,268.7205498999998
1574,66,249.05174674999995,260.0305171749998
1575,66,272.57490280000053,229.94975917499977
1576,66,238.95194012500008,195.69725972499987
1577,66,249.25124350000016,293.55284555
1578,66,229.45675350000022,250.80049854999984
1579,66,269.30026079999993,243.78191237500022
1580,66,280.9378460750002,203.34457607499996
1581,66,232.79075174999986,281.9469408499999
1582,66,222.11286365,207.64908182499988
1583,66,202.80981805000008,184.92758139999992
1584,66,169.51188515000007,215.675947775
1585,67,156.17537430000007,100.30067765000004
1586,67,171.56110447499992,147.48824087499992
1587,67,128.01220599999994,135.703959325
1588,67,171.56854620000013,130.76296329999997
1589,67,207.20090905000015,154.669403575
1590,67,174.93018720000003,240.33073159999987
1591,67,216.1380262250002,226.9083009749999
1592,67,272.267420675,269.97656335
1593,67,276.4056368999999,331.96136142499984
1594,67,286.685303375,332.560348475
1595,67,314.1118757500004,347.864074425
1596,67,259.63843305000034,315.5810405749999
1597,67,287.92319687500014,250.1344771
1598,67,206.89408777499995,242.89665017499993
1599,67,263.90034322499986,259.339725275
1600,67,269.8044416750004,257.3552869750001
1601,67,292.59546179999984,174.80006404999983
1602,67,317.60749872500014,184.03889107499987
1603,67,273.88682200000017,281.96396255000013
1604,67,293.36527597500015,272.58135165
1605,67,292.60666664999997,193.51959179999997
1606,67,232.86792287499986,208.0895133249999
1607,67,172.81574745000012,154.0448077499999
1608,67,140.2170755750002,176.80968392499986
1609,68,158.65851972500008,173.30421197499993
1610,68,164.17620512500002,145.93087597499994
1611,68,169.34082959999998,139.29635050000002
1612,68,165.36877902500038,147.62372075000007
1613,68,173.86874527500024,186.81700899999998
1614,68,194.25911945000018,211.48381060000003
1615,68,203.75834097500007,213.9132520750001
1616,68,180.9181171500001,248.13954904999994
1617,68,276.4304065250003,282.89495977499985
1618,68,238.8022272500001,316.30417344999984
1619,68,343.6596771500001,299.74099357499995
1620,68,328.76676032500035,238.47566942499998
1621,68,222.01472342500028,209.2299247250001
1622,68,264.3703702750002,215.22922174999985
1623,68,264.66980294999996,307.20997172499983
1624,68,224.71547170000008,239.92372892500015
1625,68,261.6205531750001,224.97008144999984
1626,68,287.7266021250002,279.684673525
1627,68,272.46254082500013,237.13224362499972
1628,68,242.70192089999995,298.53137402499976
1629,68,291.7680434000006,207.56910857499992
1630,68,220.3570505500001,229.57097277499986
1631,68,172.14908770000002,169.33599809999987
1632,68,129.6728043000001,183.04716297500002
1633,69,128.21956895000005,137.91794785000002
1634,69,126.48160200000004,162.93496927499996
1635,69,130.01910305,123.35030164999996
1636,69,131.47313862500002,189.372377
1637,69,118.2057251250001,164.13070392499986
1638,69,172.41484730000013,154.00591799999995
1639,69,203.6120574750002,183.06300475000006
1640,69,213.87501572500028,265.6584399499999
1641,69,239.39043629999995,363.06643734999994
1642,69,194.51427147500016,234.81273287499982
1643,69,256.22393960000016,265.2601686749998
1644,69,257.3452638750001,232.28412299999985
1645,69,229.72125765000004,197.82706782499992
1646,69,224.74726880000017,194.39694594999992
1647,69,220.92405097499997,181.40035184999988
1648,69,211.2083246250005,210.31989237500005
1649,69,202.56715202500038,225.26641935000006
1650,69,223.86914910000007,174.87778550000007
1651,69,222.34460957500022,188.9189822
1652,69,248.49279627500016,236.35277232499996
1653,69,211.60890782500027,229.12573292500014
1654,69,176.74138052500012,193.45163672499996
1655,69,152.79007267499995,195.17083007500003
1656,69,148.84865920000013,160.7076795750001
1657,70,153.39930112499997,157.35463362499996
1658,70,152.94055347500006,161.80622907499998
1659,70,155.23039922500004,111.90611852499998
1660,70,128.35484917499997,152.3033638
1661,70,130.56887912500005,173.2969392249999
1662,70,159.83451565000007,155.4684895499999
1663,70,189.2011742,198.18126697499997
1664,70,189.42639502499992,192.19722432499998
1665,70,192.18897820000024,163.45070650000002
1666,70,229.33806502499996,242.3117767249999
1667,70,233.00393552500026,268.3341096499999
1668,70,265.6661264750004,263.12964232499985
1669,70,217.795657725,207.22840827500005
1670,70,173.45315082499994,203.94243952499983
1671,70,174.401784175,176.66264254999996
1672,70,173.30641292500007,202.11752149999992
1673,70,157.7985211249998,217.98829732499988
1674,70,241.43103157500008,167.9564342499999
1675,70,221.61185645000018,177.52170779999994
1676,70,209.76823825000002,229.94880432499997
1677,70,284.28504357500003,238.83718557499992
1678,70,179.58233852499995,186.2446206499999
1679,70,167.64643137500002,160.44491730000001
1680,70,141.65025657500007,139.128000475
1681,71,128.40084537500007,139.894428625
1682,71,124.69557444999998,153.66312577499997
1683,71,126.47532480000012,103.56863230000002
1684,71,158.995272425,182.50429289999994
1685,71,183.0253464,162.09670527499995
1686,71,279.94686177500023,195.45255609999998
1687,71,210.63604470000007,209.33313640000011
1688,71,291.79511660000003,227.48233109999975
1689,71,234.37517147500034,297.6579698499999
1690,71,257.33326464999993,273.8569901499999
1691,71,272.2537025500001,236.2123385249999
1692,71,256.8353457249999,290.21623692499986
1693,71,230.97359532500016,273.2281520250001
1694,71,243.4664363500001,285.35354705000003
1695,71,230.67289402500015,249.9501385000001
1696,71,237.32857472500024,240.21796364999983
1697,71,214.2280879750001,241.9112427249999
1698,71,269.89876339999984,218.9057732499998
1699,71,182.1939743750001,281.5003322250001
1700,71,291.86032827500026,255.32458232499997
1701,71,269.08199252500015,197.79059207500003
1702,71,216.40839950000026,232.8093394500001
1703,71,190.8472953,139.24299159999995
1704,71,177.87772597500012,161.33927875
1705,72,181.58330892500004,171.49951955
1706,72,108.59473620000007,117.36128269999992
1707,72,135.19761592500006,147.34994652499995
1708,72,147.30096412500023,165.45313142499992
1709,72,151.6777695250001,121.5370014499999
1710,72,180.8063845,172.01619017500002
1711,72,250.49639545000014,242.2423577499999
1712,72,213.2313482250001,272.6115147749999
1713,72,234.6726742750003,249.0556438249999
1714,72,259.0237620500003,313.18304772500005
1715,72,197.25184807500005,281.7042716999998
1716,72,297.9886243749998,231.66011157499986
1717,72,264.36610082499993,265.9942682999999
1718,72,325.85911750000014,291.7613750249999
1719,72,263.7321539250002,296.6381294749998
1720,72,252.01859265000007,259.7617180999998
1721,72,258.63467054999995,262.75711082499987
1722,72,180.71198742499993,259.968024075
1723,72,252.88455390000007,255.69443452499985
1724,72,248.08621650000003,263.25452222499973
1725,72,231.14201605000005,247.06616879999984
1726,72,233.8944009000004,232.33554907500002
1727,72,201.32073902500008,184.05077434999998
1728,72,167.46015100000022,133.97094932500005
1729,73,172.48650585000036,164.30525515
1730,73,152.370563225,146.38737720000003
1731,73,163.2770098000001,128.49085282499996
1732,73,115.63396212500001,138.65187125
1733,73,160.46892815000007,168.35258154999994
1734,73,225.48948712500032,209.59340347500006
1735,73,238.65145124999998,213.07839002500015
1736,73,260.4149648749998,264.34215484999993
1737,73,268.12196297500014,310.91207397499994
1738,73,329.5264146000003,227.79652902499978
1739,73,289.93322010000065,241.86155622500002
1740,73,217.30175597500036,345.2627216249999
1741,73,263.1896320500001,239.34092097500002
1742,73,266.3434830500004,198.7764628500001
1743,73,225.38686797500003,247.75289637499995
1744,73,268.1896376500001,238.47551742500002
1745,73,202.55976044999983,280.55942364999987
1746,73,226.15508580000005,245.64993092500004
1747,73,258.08889037499995,308.33129905
1748,73,238.60448435000046,234.0288906500001
1749,73,231.07047097500015,271.347785775
1750,73,212.42930665000014,247.62055137499985
1751,73,167.35189230000003,194.32090392499995
1752,73,167.10410050000002,150.928375425
1753,74,171.19910775000017,108.18763077499997
1754,74,173.48951562500008,138.777353225
1755,74,147.40020795,164.07359687500005
1756,74,155.63903,158.58801274999996
1757,74,164.48011792500006,178.44194537500005
1758,74,165.6271949,175.92589752499995
1759,74,182.26204422500015,283.4496306249996
1760,74,242.6892016999999,237.89055134999978
1761,74,261.75343452500005,265.64321619999976
1762,74,291.5983692,354.4857239500001
1763,74,246.52691694999987,289.540160925
1764,74,294.90438675000007,243.36728955000007
1765,74,283.00711977500066,296.0828084999998
1766,74,284.1119083250001,230.40558632500012
1767,74,259.128219925,213.3515242499999
1768,74,278.3975597750002,276.60666705
1769,74,219.15772785000007,272.40977995000003
1770,74,246.86134027500017,192.82256889999982
1771,74,275.48786920000026,205.91411630000005
1772,74,283.87548267500006,297.04374327500005
1773,74,250.94231409999992,231.02220395000018
1774,74,235.167822125,190.77564519999999
1775,74,175.52379377500023,156.28931054999995
1776,74,130.66526595000005,147.46681905000008
1777,75,148.59187700000012,140.19288537500003
1778,75,117.4921618000001,172.85707375000004
1779,75,155.14771459999997,161.46549247500002
1780,75,151.485429425,148.25464490000002
1781,75,149.50489457500004,152.78109175000003
1782,75,177.45060707499985,173.21959645
1783,75,184.98087245000016,210.0141459500002
1784,75,211.5673346750001,313.69773410000005
1785,75,267.61608294999985,348.71179192499983
1786,75,303.5811660000006,261.69042237499997
1787,75,366.35470165000015,246.74069197499998
1788,75,264.158448775,225.35376002499993
1789,75,321.5373921500002,277.697363125
1790,75,323.84929912500013,267.615808775
1791,75,235.77840502500038,233.05508625000002
1792,75,280.3880485500001,226.96006542499984
1793,75,172.06686467500003,239.28263537499987
1794,75,259.2955318750002,237.69173859999998
1795,75,208.036725425,255.00632364999979
1796,75,296.1053369250002,242.3058726749998
1797,75,228.954947775,205.5901865750001
1798,75,267.51118095000027,214.9715602
1799,75,191.57740127499994,181.49602565000004
1800,75,215.15591237500004,147.45676974999998
1801,76,157.60848947500008,117.798602625
1802,76,156.49704172500006,177.16185359999992
1803,76,135.7034293000001,156.93741762499994
1804,76,143.31222470000006,124.03848300000006
1805,76,160.22380634999996,154.64782017500002
1806,76,186.40386947500025,177.07344005
1807,76,222.1529264250003,198.19490237499997
1808,76,181.4903726000001,230.504758575
1809,76,234.66491362500022,212.4086211249999
1810,76,289.19970197500027,236.54805125000004
1811,76,345.49236152500004,251.37242839999993
1812,76,226.08320307500009,300.22058920000006
1813,76,220.78726492500016,259.68027635
1814,76,243.99605707500035,291.66959847499993
1815,76,168.32078072499996,195.9094648749999
1816,76,245.2759344000001,226.23315012499978
1817,76,138.86350405000005,201.7979792
1818,76,225.38113589999992,244.96752734999987
1819,76,222.18881890000006,214.08153380000005
1820,76,217.35595332499997,193.20636069999983
1821,76,217.3356287000001,171.37695529999993
1822,76,242.9569845000002,211.73287049999996
1823,76,195.97897275000017,205.719026675
1824,76,151.24592787500018,170.6776836749999
1825,77,133.12991805000013,170.05022707499992
1826,77,149.87155172500016,143.7934468499999
1827,77,166.77158957500004,135.98151049999996
1828,77,129.93783852500005,184.24448589999997
1829,77,159.09487675000008,157.87221114999988
1830,77,166.04806640000015,184.666943575
1831,77,185.0038881499999,236.7527089749999
1832,77,229.66605454999996,211.29051439999998
1833,77,252.7953259,242.33705609999998
1834,77,254.73801927500008,242.39598439999992
1835,77,327.4548662250005,245.67695290000017
1836,77,239.0821168499999,236.61334932499994
1837,77,272.52230302500027,265.45792007500006
1838,77,189.58602247500033,266.45152459999997
1839,77,182.51375602500008,214.95199805
1840,77,215.8554472250002,235.94293810000005
1841,77,228.6388207500001,190.07196875000002
1842,77,158.12692562500004,206.38622857499996
1843,77,191.5412057999999,254.01463742499993
1844,77,222.60268777500005,195.49589435000001
1845,77,202.52102400000024,218.14950645000005
1846,77,209.89163632500004,226.8699247749998
1847,77,190.10072100000008,178.9277788249999
1848,77,194.07141655000018,210.29621549999996
1849,78,156.183377125,146.3781958
1850,78,143.70149584999996,144.68668767499994
1851,78,138.7770335000001,156.78582699999998
1852,78,170.69126697499996,174.92335859999994
1853,78,153.60116545000005,176.63337417499991
1854,78,280.9098551249999,209.87000134999974
1855,78,215.73919140000032,232.52694724999992
1856,78,235.64434295000027,227.6213420499999
1857,78,285.46274122500057,213.42038247500005
1858,78,253.53142015000014,308.0298303249999
1859,78,311.4528460750001,246.52886959999995
1860,78,272.814571775,303.7830068999999
1861,78,236.94618752500008,259.49599437499995
1862,78,250.93402659999995,336.7354075999998
1863,78,239.21807900000024,216.29262767500003
1864,78,211.72136720000006,251.09946834999994
1865,78,220.90881675000006,234.26836747499993
1866,78,207.45117435000006,249.39803404999992
1867,78,258.58707930000014,225.77614077499987
1868,78,265.8761149750004,285.77602127499995
1869,78,279.1272687750002,287.44616184999995
1870,78,178.25363432500006,242.0863254749999
1871,78,185.50117187500018,187.697794025
1872,78,165.21134610000007,154.36162739999997
1873,79,158.39687505,154.36289042500005
1874,79,117.97541652500011,152.847446075
1875,79,128.8216830500001,149.69003782500005
1876,79,122.883154625,150.03143172499995
1877,79,152.9347122250001,134.5351883
1878,79,202.90811712499993,209.82760664999984
1879,79,281.73759570000016,224.04320584999974
1880,79,215.2829463750001,289.17061657499994
1881,79,205.31354517500017,276.96079862499977
1882,79,325.33958817500024,260.8873100750001
1883,79,287.95364945000017,256.3100848749998
1884,79,299.58983565000005,309.34816869999986
1885,79,215.36432542500012,269.70529732499983
1886,79,311.1453525999999,190.24020707500011
1887,79,288.20533267500025,223.1144151749998
1888,79,286.9017953500003,232.51384424999995
1889,79,236.09595012500012,289.1647477499999
1890,79,237.29725367500026,205.01637897499995
1891,79,167.33028540000004,218.27738582499995
1892,79,197.39619460000011,269.5774317749999
1893,79,210.0507817,256.00112234999983
1894,79,200.55586627500003,229.62302392499998
1895,79,221.954776525,201.01435759999993
1896,79,154.036897925,144.46317897499995
1897,80,147.99383257500006,156.052819075
1898,80,137.40934800000002,148.60329447499996
1899,80,143.58530722500007,169.50738537499993
1900,80,113.01085860000009,157.27651632499987
1901,80,214.76322864999997,202.68451419999997
1902,80,177.38279497499997,178.92130949999992
1903,80,233.56017662500005,205.429278975
1904,80,280.718238125,230.48730007499978
1905,80,289.34552712500033,226.51992420000022
1906,80,338.27498715000036,319.228300825
1907,80,315.31634017499994,357.2619937249998
1908,80,278.1733889000001,235.41321489999996
1909,80,249.85394122500023,222.62327805000012
1910,80,236.5750313499999,283.1322680499998
1911,80,243.53523987500012,268.80770365
1912,80,241.75804530000005,222.84230252499987
1913,80,223.83755850000006,175.579989275
1914,80,258.12432377500005,190.2595354249999
1915,80,192.76299270000027,278.4830976999999
1916,80,283.6173838750003,274.7437902999999
1917,80,261.8810902499999,268.9989066249998
1918,80,257.95283885000026,169.79459225000002
1919,80,210.22540757500008,166.24352405000005
1920,80,154.23214657500006,186.23261774999997
1921,81,157.19540822500005,134.35594357500008
1922,81,133.52572590000005,155.76127822500007
1923,81,127.42764007500001,144.60499347500001
1924,81,150.06453942500002,121.49778907499999
1925,81,135.10560152499994,145.13691190000003
1926,81,165.3796611000002,202.13191154999993
1927,81,205.0194965999999,220.14032474999988
1928,81,222.01503217500016,212.4232554500001
1929,81,322.2079014000003,263.93917705000007
1930,81,296.6524309250002,305.17897969999996
1931,81,298.4766296500003,238.8141056750001
1932,81,243.11848707499996,211.86929287499993
1933,81,208.38926967500038,249.86397935000002
1934,81,230.7312516750001,276.99078565
1935,81,222.94960097500024,236.1552349750001
1936,81,208.30694210000001,261.4561505249999
1937,81,185.9665245500002,232.489387375
1938,81,260.87679950000006,228.0004909249999
1939,81,206.57595485000013,201.24077009999993
1940,81,249.28103835000022,212.02134852500012
1941,81,250.53834027500014,307.694416475
1942,81,217.57519079999992,198.91267337500005
1943,81,179.82388232500008,187.14766762500003
1944,81,135.96468857500005,142.92275974999993
1945,82,129.32251512500008,149.29986194999992
1946,82,126.38942560000012,161.17018587500002
1947,82,128.14798422500002,129.93014415
1948,82,133.5104738500001,133.02252517499997
1949,82,121.4424832000001,185.73338017499992
1950,82,200.101053325,176.87704280000003
1951,82,182.195464475,224.45900914999993
1952,82,258.0203669250003,249.80871909999993
1953,82,262.7658821750002,267.1502811750001
1954,82,284.2299222750001,276.33491234999985
1955,82,273.4089504999999,278.4247808999998
1956,82,257.39032072500027,279.57333372499994
1957,82,259.1940699500001,238.98522645
1958,82,249.21207472500012,215.00119662499995
1959,82,213.67090265000004,225.44197819999988
1960,82,246.81357227500024,224.77781052500012
1961,82,274.9592678999999,218.82133987500015
1962,82,195.88071649999995,180.3910764000001
1963,82,234.97913122500012,202.43411694999998
1964,82,245.30632212500007,174.88859392499995
1965,82,222.00098015000015,248.29517639999983
1966,82,179.81447215000009,197.99127104999997
1967,82,185.2934454999999,157.88221022499994
1968,82,148.56069390000002,170.612347425
1969,83,161.57623470000033,117.5525295999999
1970,83,138.85652522500007,160.08832862499992
1971,83,152.801501075,168.67481872500005
1972,83,170.72763297500023,148.224968825
1973,83,114.96498045000004,147.83944394999992
1974,83,167.56655265000015,146.56538689999996
1975,83,192.11714937500005,177.78153795000003
1976,83,256.13083637499994,228.70135274999998
1977,83,270.37335757500034,236.06988364999995
1978,83,260.7553317750002,351.4229855499999
1979,83,255.37571697500016,310.6128821499999
1980,83,295.73028242500027,252.2109297
1981,83,192.6792031000002,279.40262617500014
1982,83,280.6828844750002,265.84966372500014
1983,83,259.84670440000014,208.556932925
1984,83,182.1062749500001,256.88625245
1985,83,194.8746554750001,216.1365004
1986,83,217.6397253500004,201.72690199999982
1987,83,277.4726068750001,204.78305422500006
1988,83,226.1216508,285.4499764999998
1989,83,198.78992949999991,198.7639069249998
1990,83,225.72851967500014,236.467943075
1991,83,180.82171520000003,163.096337075
1992,83,160.73656247500008,158.18417287499994
1993,84,127.79981324999991,178.67595137499995
1994,84,116.21086297499997,128.01245792500004
1995,84,131.65598815000007,152.37805239999994
1996,84,127.20454050000004,139.1466539
1997,84,139.84589920000013,169.45748552499992
1998,84,191.23920539999997,151.28300642499997
1999,84,188.50869967500006,194.44858529999988
2000,84,201.7865329500002,201.75691839999993
2001,84,226.71890575000003,276.0689170249999
2002,84,210.26363062500013,251.57969132499994
2003,84,319.171731175,245.06713845000007
2004,84,215.15435812500039,265.79162410000015
2005,84,271.88118580000014,241.10513347499995
2006,84,246.65551712500013,210.83372649999995
2007,84,238.25020092500003,251.5976034499999
2008,84,186.80339304999995,174.83583349999998
2009,84,204.91710430000006,185.63913774999997
2010,84,222.50996117500006,269.10636982499994
2011,84,187.5725134,204.53429345
2012,84,230.77796750000033,219.609703225
2013,84,193.842511325,267.06097835000014
2014,84,171.45674982500003,206.87590177500005
2015,84,180.93841805000005,154.83863762499993
2016,84,154.82828427500004,149.97691450000002
2017,85,141.85287252499995,132.39778612500004
2018,85,109.73030240000006,137.23276505000007
2019,85,99.18210790000012,135.645542125
2020,85,107.09499265000002,128.76129684999998
2021,85,201.18918170000018,185.9236945500001
2022,85,170.38402732500003,208.40706142500005
2023,85,215.56124895000022,229.86580450000008
2024,85,194.45430147499997,246.27628635000008
2025,85,293.7591416750003,229.8227094
2026,85,243.84124902500008,330.58758515
2027,85,323.50253064999987,248.18779794999995
2028,85,240.47148582499986,282.050106725
2029,85,256.59939059999994,303.9061967499999
2030,85,258.2421879,291.19962532499983
2031,85,262.95078182500004,241.42874897500008
2032,85,311.3834270750002,273.4726697499999
2033,85,252.85702999999998,164.96020877500007
2034,85,194.87886957500012,206.2234445000001
2035,85,181.68424795000016,218.79015534999996
2036,85,280.98302085000023,276.6161738249999
2037,85,247.61103114999992,236.09461999999996
2038,85,181.21744335000017,204.428757775
2039,85,225.63010662500022,199.05510152499997
2040,85,149.61263297500022,160.00856769999993
2041,86,149.03907212500002,141.46415924999985
2042,86,96.38940035000014,149.63927724999994
2043,86,126.80326772500004,122.64066647500009
2044,86,136.06619445000004,135.342928525
2045,86,177.14103537500014,154.187075525
2046,86,217.25762742500018,192.91529457499996
2047,86,205.79190967500017,233.64222935
2048,86,251.745650575,284.7938811500002
2049,86,268.267933425,265.09279642499985
2050,86,300.5885937250001,235.85394087499964
2051,86,244.50593262500013,242.79983034999995
2052,86,302.06234180000047,395.39577102500004
2053,86,283.6083097500002,286.7709976
2054,86,278.1126237250002,233.075738
2055,86,265.5520718000003,233.81196367500007
2056,86,297.9290530000002,233.3413998250001
2057,86,279.9152483500002,253.99705407499982
2058,86,223.82427817500002,225.18281792499985
2059,86,264.91011470000046,227.33230329999964
2060,86,295.7625330750001,245.746567925
2061,86,217.28839597500001,229.29844115
2062,86,231.72860365000003,222.66975004999978
2063,86,153.03235285000008,187.42765030000004
2064,86,164.1574145000002,159.68230129999986
2065,87,158.49461490000004,141.70168212500008
2066,87,139.9119624999999,162.6788359
2067,87,162.10487382500014,136.4321212
2068,87,122.71378422499998,140.53557509999996
2069,87,151.244122925,176.72349282499997
2070,87,188.94647807500013,209.80844874999994
2071,87,245.38154255,205.25745594999995
2072,87,195.00094092500007,240.74493432499975
2073,87,255.37020840000014,346.493113625
2074,87,260.95891904999985,300.4140177500001
2075,87,260.8827539250004,350.642830875
2076,87,276.48423097500006,282.43864932500003
2077,87,257.04924547500013,221.39506674999998
2078,87,261.6530003750002,272.84630107500016
2079,87,233.3745221500003,238.06826727499987
2080,87,180.80750079999996,221.68383889999993
2081,87,224.91010597500008,282.61306837499995
2082,87,219.29174025000012,228.94930640000013
2083,87,165.4454801750001,214.2368432749999
2084,87,221.4230389750001,220.7847013500001
2085,87,211.2960421250001,182.88824562500014
2086,87,198.81084072500005,223.44966179999997
2087,87,166.89256142500005,194.27267887499994
2088,87,131.61407285000004,171.56540482499992
2089,88,160.9097640250002,170.95921457500006
2090,88,128.131202325,172.87790757499997
2091,88,134.9400843250002,185.707293875
2092,88,161.03332367499996,135.35087105000008
2093,88,160.85449357500005,201.7314096249999
2094,88,150.38198022500023,194.6220895749999
2095,88,188.82204850000022,159.64243912500012
2096,88,206.79820265000023,218.247502875
2097,88,244.4768089000002,258.9052878749999
2098,88,279.73502535000034,303.22572649999984
2099,88,334.86718490000015,349.8786134999998
2100,88,261.6303374000002,273.6296456499998
2101,88,249.50373890000026,230.707996975
2102,88,264.19937065,270.8358065749998
2103,88,279.57689277500003,254.0241100749999
2104,88,205.4681929749999,241.7416032249999
2105,88,290.8161003,262.89241629999987
2106,88,196.89320237500021,263.5188533749998
2107,88,241.0130982250002,196.59812639999996
2108,88,257.6457703000003,252.97294737500016
2109,88,292.7954245000001,234.98417857499993
2110,88,200.6330074999999,239.64122184999994
2111,88,184.88335165000018,176.04216367499993
2112,88,178.629253725,170.32969352500004
2113,89,163.36354172500006,121.10378160000005
2114,89,149.00273475000012,145.56368752499998
2115,89,160.28518247500006,140.39177917499995
2116,89,129.88865032500004,139.45674615
2117,89,143.80839605000006,183.94713862499998
2118,89,196.98680807500017,143.93339659999995
2119,89,194.22523545000007,184.72748567500003
2120,89,233.90243295000016,293.4905202250001
2121,89,288.1113865749999,236.48868749999994
2122,89,260.3668261500003,323.0534456749999
2123,89,285.93594727500016,239.55659394999995
2124,89,248.43270277500005,260.3410403499998
2125,89,244.70309167500014,270.28020997500005
2126,89,286.4970593499999,302.520564575
2127,89,273.3911828500001,203.94832625
2128,89,246.1057240999998,232.83687727499992
2129,89,219.40721924999997,218.89164885000005
2130,89,256.79467220000015,240.26490872500008
2131,89,178.53479925000016,242.05794559999998
2132,89,267.12262704999983,229.73424597499994
2133,89,242.37057702500056,273.22305564999994
2134,89,160.0001806000002,197.32710485000007
2135,89,199.39993349999997,219.20561082499995
2136,89,162.61299057500003,155.0474764
2137,90,145.12611592499997,150.932715375
2138,90,174.47571290000008,142.45146562500003
2139,90,138.35396705000016,143.21352267499992
2140,90,127.89145582500005,158.25495362499993
2141,90,176.01503687500002,137.99862317499998
2142,90,162.64156272500003,175.75501462499992
2143,90,179.63939159999995,194.15092655000007
2144,90,287.15185117499993,170.72174692499993
2145,90,211.81837887500012,250.90140732500004
2146,90,242.75402047499992,299.8701768249998
2147,90,331.1422677250001,283.00182769999986
2148,90,272.73323347500013,226.01668319999987
2149,90,191.64661984999992,294.95548204999983
2150,90,212.61338857500007,283.24096795
2151,90,168.94502019999993,231.37632307500013
2152,90,279.2373436750003,196.88300857499988
2153,90,202.7143033750002,205.790680125
2154,90,190.47694537499996,210.8655819999999
2155,90,201.49920775000015,218.50152919999994
2156,90,226.30111520000017,230.97169747500007
2157,90,184.99328304999997,260.24564412499996
2158,90,220.69955257500013,203.55265902499983
2159,90,203.5572410749999,181.2616461749999
2160,90,148.62703570000008,161.77298919999993
2161,91,170.36005932500018,167.96157174999996
2162,91,171.69476227500007,163.63015314999993
2163,91,164.37860325000008,132.80942627499996
2164,91,127.44079607500012,168.66545092500002
2165,91,157.54480845000015,169.5634309999999
2166,91,156.09233015000018,201.82869644999988
2167,91,201.7699605249999,179.29130274999994
2168,91,170.1481733249999,243.1393258999999
2169,91,218.7305116,282.13531702499995
2170,91,255.0788717,259.99633187499984
2171,91,236.34842174999983,214.35911795000004
2172,91,240.02470860000048,230.03861589999994
2173,91,177.26763552499997,219.04710335
2174,91,209.99949200000003,215.7814282
2175,91,215.9749045500002,217.61894669999998
2176,91,200.53734330000023,204.1863749499999
2177,91,216.39768857500013,182.03991382499987
2178,91,200.69748020000003,230.69423614999994
2179,91,207.43366185000014,199.2062255749999
2180,91,262.51394282499996,210.0557931749998
2181,91,225.6214582500001,210.22249617499983
2182,91,172.73286855000038,230.36652094999994
2183,91,212.38836122500007,152.94484245
2184,91,167.20521044999998,157.45789159999998
2185,92,162.39338515000003,134.71579789999998
2186,92,125.57751017499996,126.61069279999992
2187,92,141.47769825000015,152.91686882499994
2188,92,127.8073485750001,191.318625225
2189,92,141.51338430000007,216.8128203999999
2190,92,242.48530557500024,208.09346440000002
2191,92,219.74885495000015,169.8681439
2192,92,241.30408844999994,271.4129161249999
2193,92,267.86939914999994,312.76849324999995
2194,92,289.54407475000005,276.15599869999994
2195,92,278.3250138249999,308.861741125
2196,92,273.7687160000004,288.2665126249998
2197,92,269.10188585,304.39996647499976
2198,92,223.5108533750001,258.8137142249999
2199,92,211.4962861000001,271.15738747499995
2200,92,192.35203292499992,218.85703757500005
2201,92,201.76540839999998,232.59348139999997
2202,92,265.5281387000001,197.07933199999994
2203,92,243.7394676750002,213.14428547500012
2204,92,229.35028432500016,237.08848262500004
2205,92,277.8330073750003,320.3866299250001
2206,92,293.9796927000002,163.7726442999999
2207,92,158.44605062500005,160.04940249999996
2208,92,166.67779532500026,165.85885187500006
2209,93,154.0844916750002,111.06759795000004
2210,93,146.45221110000008,116.59715174999998
2211,93,111.26177370000002,118.54923712499993
2212,93,127.39213705000004,195.09200287500005
2213,93,140.93590564999994,147.86621670000005
2214,93,176.2828454500001,176.47182560000005
2215,93,262.7880080499999,217.35964927499987
2216,93,218.59400100000022,220.7554955999999
2217,93,270.66202557500037,232.01553562499998
2218,93,285.75906110000005,261.7152549999999
2219,93,306.42366272500044,288.4282060249999
2220,93,268.3179999250001,251.84022052499984
2221,93,331.0338091000001,298.5285980750001
2222,93,268.13115602500017,262.3872178000001
2223,93,255.55863092499993,287.54753084999976
2224,93,257.40988057500005,284.3188634250001
2225,93,274.26780872499995,222.15872927499993
2226,93,264.01553795,238.07728302499987
2227,93,260.124369075,245.8960804999998
2228,93,296.3985126000004,238.73742817500002
2229,93,221.1339995750003,174.06843260000002
2230,93,220.9980681249999,236.80379079999992
2231,93,213.94991567500017,196.77243244999994
2232,93,162.71616332499997,138.26557607499996
2233,94,182.72205572500002,211.82271880000002
2234,94,157.0358364500001,134.0132802999999
2235,94,120.69569362500005,165.932008525
2236,94,142.80957982500001,130.77589024999995
2237,94,154.5676200250001,184.15817437500004
2238,94,161.39593122500003,210.21667162500003
2239,94,183.8838470249999,247.9559854749999
2240,94,271.10803642500025,264.43850029999976
2241,94,324.8501314250002,263.76560237500007
2242,94,313.2883361000004,328.8557751000001
2243,94,308.575989075,299.99713105
2244,94,236.12605957499994,369.10969992499986
2245,94,257.0616563500001,268.554267175
2246,94,259.1502124250002,299.03846315
2247,94,192.16344470000013,292.55265617499987
2248,94,233.20229507499985,269.868035725
2249,94,219.96966717500007,218.00657747499992
2250,94,251.73278637500044,197.32602202499993
2251,94,217.80424057500034,269.8454757249999
2252,94,229.45828492500016,202.47313690000007
2253,94,223.2068202750001,213.8868452
2254,94,227.05061277500005,203.34529940000016
2255,94,173.70147792500012,183.00433955000005
2256,94,171.61462745000003,185.42115222500007
2257,95,162.99803385000007,169.73044652499988
2258,95,158.741201675,158.20275202499997
2259,95,141.61048830000007,114.12199194999995
2260,95,167.52698864999996,152.31901012499998
2261,95,171.86297032499996,145.28734919999994
2262,95,192.84161082500012,226.408458
2263,95,254.61588142499994,206.87808412499982
2264,95,251.84207197500007,353.6564324000001
2265,95,302.2864552250002,277.09172187499996
2266,95,314.28487317500014,273.8483025749998
2267,95,304.86442200000033,346.7476076749998
2268,95,333.4918604000004,274.5389604499999
2269,95,226.45388282499994,253.22800117499992
2270,95,236.03462965000008,231.91608337500003
2271,95,260.36750535,177.55537095
2272,95,227.31940765000004,252.17277242500012
2273,95,225.88413270000012,258.267865175
2274,95,191.65930440000017,229.21628032499999
2275,95,201.69350052499988,257.00812287499986
2276,95,269.3160359750003,187.68969757500003
2277,95,271.31294697500005,256.665821425
2278,95,240.28702117500026,254.16253704999997
2279,95,162.294720575,223.8290092
2280,95,172.06219939999997,153.52778362500004
2281,96,153.03633832500003,156.796079175
2282,96,170.22791492500005,145.3916018499999
2283,96,185.74904465000017,164.57144682499995
2284,96,148.7534364500001,162.11886970000006
2285,96,160.20697335000017,155.6901829999999
2286,96,205.57352180000015,183.01827137499998
2287,96,195.86222667500016,256.73761847499986
2288,96,222.33766655000002,204.20513192500005
2289,96,267.967478725,272.59695454999985
2290,96,317.9826579249999,301.05057742500003
2291,96,357.30328005000024,204.11730412499992
2292,96,247.49173527500028,363.26915755000005
2293,96,205.29382450000014,246.96304092500003
2294,96,309.591061975,226.94897039999995
2295,96,233.69542555000015,227.94385147499992
2296,96,225.387455875,227.73428115000004
2297,96,189.3452920000001,217.6531106
2298,96,252.96513395000005,223.67334665000007
2299,96,224.28898062500014,232.4191028499999
2300,96,234.76110415000016,226.24674225000004
2301,96,195.2914200000002,241.8503377249999
2302,96,165.62265025000013,186.79271867499986
2303,96,176.0595491499999,157.7051242499999
2304,96,118.09122112500012,159.20123242499983
2305,97,172.87820332500013,177.3585672999999
2306,97,157.10568297500004,122.74300472499999
2307,97,142.03757337499997,127.575219925
2308,97,144.78113952500004,123.86257865000002
2309,97,132.86166482500002,199.911481675
2310,97,153.1468917,146.2235558499999
2311,97,230.18519055000036,193.650424275
2312,97,262.38611605000006,234.60659382499995
2313,97,270.9537326500002,253.23658674999984
2314,97,222.16163627499986,276.74561427499975
2315,97,260.7605140500001,234.6075075249998
2316,97,259.54413572500005,223.74876842500004
2317,97,235.4983525500002,238.35135057499994
2318,97,234.53636619999997,189.69093404999998
2319,97,210.2214054499999,195.62233182499972
2320,97,192.87814165000012,230.8656215999999
2321,97,210.2268805,226.794138375
2322,97,281.0833700500003,225.80571854999997
2323,97,183.72318195,172.48836277499998
2324,97,242.729581375,248.31179944999994
2325,97,240.37561257499993,250.34910685000006
2326,97,248.79909820000017,209.414868325
2327,97,214.38135295000012,207.97963314999998
2328,97,136.68788892500007,189.10944792499993
2329,98,151.0794220750001,144.01085295000001
2330,98,133.75224207500017,142.229447425
2331,98,107.55488527500005,143.7965065749999
2332,98,130.8911668250001,161.44588779999998
2333,98,150.81731205000017,157.25908579999995
2334,98,152.92789284999998,152.11303030000005
2335,98,155.5274296000002,220.80109844999993
2336,98,230.4741916000001,244.15228750000003
2337,98,175.70313447500013,246.67998654999997
2338,98,247.2865850250001,246.353721425
2339,98,244.3642734749999,205.00913007499997
2340,98,258.0423648500005,211.57937444999993
2341,98,257.4966994999999,205.74409500000004
2342,98,230.82223145000015,212.82126485000003
2343,98,239.119164925,206.29672375
2344,98,193.78980935000038,193.2830100499999
2345,98,185.19356507500004,196.11928300000005
2346,98,212.89304455000004,196.35524734999996
2347,98,184.87013320000003,198.44836042499992
2348,98,276.12988505000055,230.43320015000003
2349,98,190.43602222500016,237.340460475
2350,98,195.53986995000008,216.09278264999992
2351,98,167.11194625000013,192.529329825
2352,98,149.74479147500006,162.21481439999997
2353,99,111.25135795000006,135.73342102499998
2354,99,145.1706768750004,127.59951342499994
2355,99,126.24204250000003,148.4038628250001
2356,99,170.2162614750003,133.30261647499998
2357,99,214.18788865,167.87077632499992
2358,99,194.34442099999995,188.4225103249999
2359,99,175.30900385000007,258.39377499999995
2360,99,228.41362119999997,250.70861632499995
2361,99,235.579927925,244.31735692499996
2362,99,364.0384590000002,204.5694572
2363,99,287.28798077500016,291.43554292500005
2364,99,286.13073237500015,237.746351425
2365,99,311.28616335000015,318.4877921499999
2366,99,269.59308417500006,299.460163975
2367,99,320.5424227250002,304.38775439999995
2368,99,301.75982047499986,303.9622285249999
2369,99,241.64261785000014,329.282469075
2370,99,247.43693722500007,283.5626058249999
2371,99,253.91863500000005,303.8636249
2372,99,298.3819070499999,247.80880352500003
2373,99,229.21392697500013,249.86626707499988
2374,99,221.87618082500012,248.4541097249999
2375,99,192.64428997499982,196.76551919999991
2376,99,137.63895730000013,189.44163144999993
2377,100,181.50370969999994,182.74376155000002
2378,100,144.98695005000025,132.83624195
2379,100,166.91402412500008,184.67599644999984
2380,100,201.11824950000042,165.36415182500002
2381,100,194.22680592499995,189.773625125
2382,100,206.25063580000017,203.94371237500002
2383,100,222.1144419499999,244.94434147499973
2384,100,247.9662184500001,236.19715085000007
2385,100,241.23833617500026,263.3881161
2386,100,247.85015665000032,330.23311105000005
2387,100,302.84181920000003,272.89590592499985
2388,100,325.6606940250004,329.94917682499994
2389,100,330.3705829250002,210.23915447499994
2390,100,267.1809057500003,201.23406730000005
2391,100,229.6554793749999,305.4057648999998
2392,100,277.0744965250002,307.76587804999997
2393,100,242.81968540000008,280.89307265
2394,100,227.88609450000013,270.22469437499996
2395,100,294.1653112250001,230.36658872499999
2396,100,244.23030562500026,216.9900514749998
2397,100,270.33167997500016,202.7395813749999
2398,100,238.3332670500003,250.30636107499996
2399,100,182.2462632750001,203.7101875
2400,100,189.19991852500004,190.02070615000002
2401,101,171.75609755,118.30863217499999
2402,101,133.00277935,159.01028632499995
2403,101,154.32021222500006,147.70186715000006
2404,101,138.24441482499995,148.246334425
2405,101,138.8813383500002,159.82334927499994
2406,101,161.63623475000003,206.114549475
2407,101,208.48627812500013,210.75320424999987
2408,101,229.27035555000032,228.38239385000014
2409,101,312.4314289250003,289.89508435000005
2410,101,263.7942663750006,333.66243855000005
2411,101,287.96337415000005,287.70789082500005
2412,101,236.4162075750001,283.54645465
2413,101,251.02531672500004,290.17813569999987
2414,101,310.9588178749999,261.9681586249999
2415,101,188.75769682499993,250.39245380000006
2416,101,286.76735165,218.5868745750001
2417,101,188.55329117500003,277.3867757499999
2418,101,199.20294795,248.59729182500013
2419,101,189.25763050000006,223.645966
2420,101,264.50730425,191.25484254999992
2421,101,237.77962310000015,262.6381722499998
2422,101,243.7461457249999,206.36746134999999
2423,101,166.08933659999997,207.40565764999997
2424,101,181.66288467500007,114.30392622499991
2425,102,139.28654520000012,126.9938340999999
2426,102,150.25780227499996,134.68035002500005
2427,102,141.70792604999997,115.54263319999998
2428,102,149.43429279999998,189.89939250000003
2429,102,125.10701937499994,177.27319252499996
2430,102,178.23411592500008,191.11301169999996
2431,102,194.17584582500004,267.18674704999995
2432,102,243.35068350000017,250.06370250000003
2433,102,232.28444120000012,243.679632925
2434,102,373.1496513250001,245.061770325
2435,102,326.66731472500004,312.6434987749997
2436,102,329.3089828750003,226.17513782499998
2437,102,260.81116800000035,272.46816855
2438,102,217.4567398750001,220.24277207499995
2439,102,215.70738635,312.03386557499994
2440,102,276.90842482500034,257.72148477500014
2441,102,200.1345827000004,197.76730582499988
2442,102,225.30127607499992,254.54358130000003
2443,102,229.00057450000014,253.90650644999977
2444,102,284.2603911000001,208.77711532499995
2445,102,256.06126732500024,195.4563321249999
2446,102,239.1094734749999,230.06725752500006
2447,102,182.97182639999988,229.79839372500004
2448,102,189.6507468750001,137.49596814999998
2449,103,136.954783275,180.72481595
2450,103,111.7091931,119.88440282499994
2451,103,166.488890125,127.05573587500004
2452,103,182.01033475000003,165.10616944999998
2453,103,143.04042652500007,192.0215259749999
2454,103,158.61735400000018,184.77897265000001
2455,103,196.29301110000011,280.2801288999998
2456,103,270.4538392749999,248.37131555
2457,103,305.0480575,171.9252760499999
2458,103,293.4014222000003,332.6401526249998
2459,103,303.52150930000005,289.47672382499997
2460,103,291.7755553499999,278.85666077500014
2461,103,275.46524120000015,289.99214835000004
2462,103,289.5551450249999,241.862774175
2463,103,218.1779045000001,245.69985984999994
2464,103,306.1007157250008,238.11281155000003
2465,103,248.17387795000013,247.53309589999998
2466,103,274.8937705500002,183.07387855000002
2467,103,257.81732810000005,240.34487245000003
2468,103,232.310658825,206.973959225
2469,103,241.62736687500006,204.17969075000008
2470,103,236.7732399500001,203.15826327500008
2471,103,180.79806167500016,185.12495115000004
2472,103,190.86905195000003,203.18100054999996
2473,104,195.21464300000014,177.5088611249999
2474,104,156.5795881250001,148.32772509999998
2475,104,165.14804020000008,179.2385555749999
2476,104,192.75896167500005,126.84303384999998
2477,104,161.2694329250001,157.03135444999998
2478,104,170.59477012500008,191.83391727500006
2479,104,140.65652152500007,182.48801792499992
2480,104,195.8755834750001,185.1202525750001
2481,104,247.66609305000014,289.8199232499999
2482,104,210.83074552500003,231.21699707500002
2483,104,297.13991599999997,241.76232915000008
2484,104,237.04729410000016,267.23021570000014
2485,104,241.46194997500004,299.36030865
2486,104,221.90416035000032,259.13322577499986
2487,104,219.7581984250004,192.98855084999994
2488,104,226.28459732500033,220.54091684999995
2489,104,177.47711255000007,162.97222964999997
2490,104,222.82119902499994,209.58633147499992
2491,104,227.3858776250001,198.07702162499996
2492,104,244.2647005250002,244.01482432500003
2493,104,190.16572170000018,223.05982699999987
2494,104,220.99185017500008,176.25492945000002
2495,104,185.667809025,143.50976175000005
2496,104,149.88391709999996,155.62974469999995
2497,105,153.80541447500002,163.83956204999998
2498,105,119.86971545000009,160.95156367499987
2499,105,145.673697575,112.144771975
2500,105,145.94215027500007,134.93125034999997
2501,105,144.13763332500014,168.32553867499996
2502,105,166.16115094999998,183.87594244999985
2503,105,207.76215020000018,185.41355522500004
2504,105,184.42836065000006,183.74118324999992
2505,105,258.5597676000002,243.68216227499988
2506,105,259.7311557499999,237.98515219999987
2507,105,248.7666664000004,272.286350925
2508,105,228.15972014999994,253.05838930000004
2509,105,247.5911726249999,222.0787839999999
2510,105,203.41593977500008,147.89153379999982
2511,105,213.55906242499992,215.39132509999996
2512,105,196.7431966000002,160.53909512500007
2513,105,212.16390877500015,189.00192599999997
2514,105,181.72660800000003,201.53338114999994
2515,105,223.14573057500013,214.70085710000004
2516,105,229.43005575000012,167.90687569999977
2517,105,247.67074925000048,207.268830875
2518,105,211.42661314999992,225.782367425
2519,105,181.56586555000013,167.14745202500012
2520,105,150.825487,145.18928510000003
2521,106,110.59202927500004,126.02562569999992
2522,106,115.83877685000016,129.24621415
2523,106,124.16165082499995,160.411096675
2524,106,138.19801040000007,167.94780175000005
2525,106,136.58788779999998,161.73327067499997
2526,106,149.13461725,186.83152932500002
2527,106,289.13641002499986,205.84279685000013
2528,106,209.120590725,208.56394414999986
2529,106,291.40370767499996,247.75590894999993
2530,106,280.24181805,205.49853790000003
2531,106,261.3563926250001,199.12412702499984
2532,106,280.74645140000007,224.95599837499995
2533,106,278.81640094999995,248.72392112499986
2534,106,269.7378542500002,284.4595042499997
2535,106,304.36001877499996,278.6932077
2536,106,217.4847784750002,289.6348968000002
2537,106,278.84532527500033,271.7782109499999
2538,106,205.8130026249998,246.5517718749997
2539,106,154.88566600000007,199.60642349999992
2540,106,229.32409059999992,311.59317965
2541,106,226.04692260000013,213.81150782499998
2542,106,149.26911142499986,224.119648125
2543,106,247.09048062499988,163.09006095
2544,106,158.0301266500001,166.52169967500006
2545,107,127.29840214999993,140.76860675
2546,107,134.2129344,123.77936149999994
2547,107,179.97449057500015,119.76118387500003
2548,107,178.38928470000002,123.82020464999994
2549,107,185.6567165750002,164.96839899999998
2550,107,143.98320657499994,173.74839802499997
2551,107,192.63728939999996,210.38104617499988
2552,107,254.34087515000004,255.54407949999995
2553,107,257.774969475,227.990012475
2554,107,242.3669958750001,282.74514105
2555,107,306.8783881500003,259.21162575000005
2556,107,280.9439059750003,270.80704335
2557,107,240.18808757499994,303.3458403249999
2558,107,277.38563422500005,279.1941956749999
2559,107,244.35487792500007,264.02863012500006
2560,107,309.1335049000003,224.35463869999987
2561,107,273.99050307500016,231.73760870000007
2562,107,269.8710688000001,236.6921030499999
2563,107,202.09692245000008,307.44419649999986
2564,107,269.57565907500003,236.9198846999999
2565,107,229.39882415,354.79823825000005
2566,107,265.11365535000004,226.66398565
2567,107,170.8473632750002,189.13793919999995
2568,107,188.07087315000012,168.456029925
2569,108,159.21672997500013,144.9692894249999
2570,108,127.62494702500008,162.066927475
2571,108,124.840746475,152.18416982500003
2572,108,145.990844175,130.99166064999997
2573,108,150.2164133,147.40446189999986
2574,108,224.16500455000045,182.35600534999998
2575,108,230.82599539999984,235.61102767500006
2576,108,254.3779522250004,259.69298225000017
2577,108,243.81634170000012,296.1218790999998
2578,108,299.7251461500001,281.2632146499998
2579,108,389.6965836500009,261.4049450749999
2580,108,274.6688552500001,271.39007599999985
2581,108,204.52836547500007,308.8828537499999
2582,108,266.4320529500002,355.94565172500006
2583,108,347.08067750000043,195.30454632499993
2584,108,283.2719833750002,231.90307289999998
2585,108,231.6100589,234.5079032
2586,108,210.19964420000002,215.39449194999997
2587,108,256.22824519999995,237.6258190499998
2588,108,207.4047520250001,297.63237964999985
2589,108,298.9081985500002,264.9700213
2590,108,206.84229370000014,275.487306375
2591,108,207.07762927500028,196.17756540000005
2592,108,146.19199337500015,148.443757025
2593,109,157.04260385000015,167.0180994499999
2594,109,170.79352112500004,169.53721427499988
2595,109,134.2366002,158.87380610000002
2596,109,161.5798851,190.83267382499992
2597,109,184.81568979999997,169.71153225000006
2598,109,203.670486175,182.43720532499995
2599,109,231.12724472500025,235.50774577499988
2600,109,251.55708720000013,225.082516275
2601,109,310.4508500500001,268.2521318749997
2602,109,392.0605547750003,296.6893007
2603,109,271.1635714000001,343.4626756000001
2604,109,349.68073397500024,262.96916057499993
2605,109,257.356811225,321.5870329749999
2606,109,334.2956717499999,281.43998857500003
2607,109,285.44601875,282.119048225
2608,109,375.46995527500053,261.16965422500004
2609,109,290.2203184250001,271.8650890499997
2610,109,253.26004242500008,250.67986789999998
2611,109,266.93161862500006,280.68058527499994
2612,109,288.8471775499999,226.76791889999996
2613,109,225.14330507500023,311.2843280499999
2614,109,277.19168837500035,209.45713897499996
2615,109,179.42217047500003,260.7990351249999
2616,109,175.05000850000036,175.584929675
2617,110,188.8624052750001,174.27084522500002
2618,110,127.62238792499998,141.67553215000007
2619,110,161.91366690000018,142.15678042499997
2620,110,148.77327545000009,112.26460060000002
2621,110,176.39598675000002,163.94552747499998
2622,110,192.00622662500015,155.26546382499998
2623,110,203.4346132250002,199.1268024250001
2624,110,275.92488125,300.5611892750002
2625,110,253.4837177750003,357.0744237250001
2626,110,308.4495843500001,337.51130194999996
2627,110,316.60786955000003,288.652170825
2628,110,291.6809861750003,293.99318960000016
2629,110,254.15597995000007,241.69773594999995
2630,110,291.99045955,332.5606754249999
2631,110,280.86888520000025,324.752431
2632,110,307.722366525,356.15659174999996
2633,110,309.4956857500003,337.09495402500016
2634,110,324.6734064000001,302.6776554500001
2635,110,272.1616992250004,237.09896627500018
2636,110,274.9661939500004,296.70342465
2637,110,224.80326917499994,247.92383082500004
2638,110,207.58592840000028,267.54348867499976
2639,110,253.7949696999999,224.78839082500002
2640,110,209.09068122500008,175.50676704999995
2641,111,154.4179573250001,183.11333454999996
2642,111,182.24250867499998,184.58889205000003
2643,111,149.95657350000016,172.40795399999996
2644,111,172.74989500000004,152.719114625
2645,111,163.48960795000005,186.02489307499997
2646,111,188.15125445000024,167.42629619999997
2647,111,175.6648201750001,180.19309822499991
2648,111,222.1815777499998,193.79208354999997
2649,111,325.5851514250003,267.8602106249999
2650,111,222.817599475,254.61833497499987
2651,111,325.5772908250001,283.05202694999997
2652,111,244.20794410000013,334.46217260000014
2653,111,256.0037160500002,256.9415880249998
2654,111,276.77162792499985,335.9145606999999
2655,111,291.9644897250002,279.18612222499996
2656,111,273.6651852750002,314.2006527000001
2657,111,314.1557042999999,314.83364359999996
2658,111,265.02894747500005,260.83286397499984
2659,111,226.5273691250003,251.6651917250001
2660,111,266.79285272500005,266.4504981250002
2661,111,238.28309487499985,276.6968178750001
2662,111,194.20480157500018,211.08715307500015
2663,111,188.97494509999999,200.62967767499998
2664,111,170.359104,168.88649937500003
2665,112,223.59767947500006,166.33862892499994
2666,112,175.12267615000002,152.46417424999999
2667,112,175.76757925000007,119.04211422499989
2668,112,185.8114678000001,158.22891459999994
2669,112,164.37956067500016,153.80950567500003
2670,112,178.0625222500001,193.80404892499996
2671,112,200.32454185000006,200.24563067499992
2672,112,211.67801740000027,216.0809527999999
2673,112,282.43012105000014,246.13653247500002
2674,112,271.18039057500016,272.70172355
2675,112,275.92974615000026,297.0356646749999
2676,112,318.433151675,213.40247122499994
2677,112,235.30093572499993,330.59150497500013
2678,112,199.21734177500014,237.21686977499985
2679,112,313.00093335000025,268.5453372999999
2680,112,334.2419162749999,276.37589267499993
2681,112,317.3619989500003,358.7052955249999
2682,112,277.5542690750002,335.28948834999994
2683,112,312.759111075,311.76079535000014
2684,112,258.2000602000002,221.3776669249999
2685,112,286.2391973499999,215.49706074999983
2686,112,296.34847835000005,209.99357787499997
2687,112,213.11883120000024,291.02329269999996
2688,112,233.73831222500007,196.6503372749999
2689,113,171.84525610000009,137.86718115000008
2690,113,150.25814177500007,176.6530810999999
2691,113,119.22700210000005,153.88137302500007
2692,113,140.72246787500004,156.20997965000004
2693,113,172.96548402500014,152.75602534999996
2694,113,197.46167644999986,230.40643475000002
2695,113,181.92966775000025,234.3893774500001
2696,113,224.40578294999992,269.71684899999974
2697,113,269.4154329500002,295.35332927499985
2698,113,254.73604357500017,349.5442209500002
2699,113,281.08877887500023,299.916856125
2700,113,310.8352630000003,269.33012265
2701,113,279.6734766250001,296.84706845000005
2702,113,331.4866959,252.161727225
2703,113,309.6684766,252.05961342499984
2704,113,222.51131227500005,314.9043545999998
2705,113,281.75547260000013,303.1275270749999
2706,113,273.58479530000017,223.28009927500008
2707,113,209.11095087500001,322.80498572500005
2708,113,221.80573402500013,266.52902604999997
2709,113,232.35737242500016,231.4392334499999
2710,113,214.26889840000007,220.76745412500009
2711,113,197.50053545000037,197.69624762499993
2712,113,137.88176245000014,159.22381637499996
2713,114,155.60182607500005,116.34019450000002
2714,114,134.3859598749999,156.05904629999998
2715,114,99.54817212499995,162.32483127500004
2716,114,112.51044572500004,180.9389551999999
2717,114,184.65563010000005,180.5791568499999
2718,114,189.64931984999998,157.76170872499995
2719,114,205.11496545000023,259.6081937
2720,114,205.86506455000017,278.90229582499984
2721,114,330.0212108750003,267.27981352499984
2722,114,293.6097235000001,267.82259294999983
2723,114,339.0171020750002,266.63657025
2724,114,252.19861710000004,219.48416464999997
2725,114,349.46678135000036,276.62513949999993
2726,114,358.90920535000015,334.29272235
2727,114,316.3593384250009,294.48771724999995
2728,114,305.5840370750002,261.4162173499998
2729,114,245.9843960250002,251.8757236249998
2730,114,275.0917693999999,232.8737521249998
2731,114,259.4419671250001,197.37600369999993
2732,114,221.52997084999993,314.14674875
2733,114,337.1277853500002,240.44627259999993
2734,114,225.05755222500017,184.64728669999994
2735,114,194.58905609999985,165.43411139999998
2736,114,174.4738173000002,202.009795225
2737,115,133.55770562500007,191.82691085
2738,115,174.70220267500002,156.06550595
2739,115,150.8786989,144.15292449999993
2740,115,191.15657635000014,159.3974883249999
2741,115,156.346508675,152.51006829999994
2742,115,205.5095037499999,250.72854207499978
2743,115,270.19426100000084,267.40075124999987
2744,115,224.022548425,287.06234874999996
2745,115,308.0199397249999,328.5514545
2746,115,290.10836812499997,262.5182134249997
2747,115,279.4130355250003,357.5887764749999
2748,115,258.1211898250002,302.80692032499996
2749,115,239.4709132500002,322.3972692499999
2750,115,196.61863147499997,246.99766169999984
2751,115,239.65879955000008,253.511434375
2752,115,276.5546556500002,262.6527372249998
2753,115,195.42948929999994,247.97177819999973
2754,115,259.2948030250003,230.21759829999985
2755,115,220.8019382500002,234.588676325
2756,115,324.423401875,252.36910632499996
2757,115,215.18588554999997,261.9963678749998
2758,115,179.2455372,271.4829633499999
2759,115,167.01142749999997,213.7643084
2760,115,173.76877154999994,201.33837009999985
2761,116,172.44142687500045,187.8199804999999
2762,116,160.93646042500026,148.91809482499997
2763,116,163.32628305,161.9495958249999
2764,116,126.9580813000001,155.37613004999986
2765,116,181.84284560000006,156.77587515
2766,116,261.64600475000003,154.19895882499992
2767,116,233.52858287499993,226.31516782500006
2768,116,255.2917413,257.1281503249999
2769,116,249.84503462500027,276.8734193999998
2770,116,271.4270368999999,290.5498242249998
2771,116,335.64651937499997,272.68659829999984
2772,116,269.31338230000006,261.947038775
2773,116,259.0860141250004,274.6451717749999
2774,116,239.6231467500001,266.69081567499995
2775,116,214.6842585500001,205.8557992499999
2776,116,288.7877850750001,222.60209472500014
2777,116,212.51428465000015,218.78758305000002
2778,116,258.34320260000027,242.98711122500004
2779,116,188.86649997499995,190.8025692500001
2780,116,245.3663327250004,216.50904532499987
2781,116,236.47250292500024,291.34208780000006
2782,116,242.384852125,245.98968110000004
2783,116,173.3342818249999,173.79560404999995
2784,116,173.98365705000003,143.265036875
2785,117,166.38740035000006,183.53552087499992
2786,117,156.26826282500005,176.28210474999997
2787,117,180.84790900000007,199.85307269999998
2788,117,154.6445062500001,146.90478865
2789,117,250.49051577500046,197.85920404999996
2790,117,251.07431937499996,201.85719687499994
2791,117,280.59883812500004,239.360111225
2792,117,206.68553552500018,251.47156927499987
2793,117,279.50882957500005,298.4638602500001
2794,117,351.72113842499994,314.90698252499965
2795,117,293.7124204500003,270.914980025
2796,117,318.8755022750004,290.6744017749998
2797,117,250.48619230000014,276.15043322499986
2798,117,300.9218150750001,249.58631022499992
2799,117,226.35105632499994,258.4275236249998
2800,117,232.97111725000025,287.0514757999998
2801,117,180.21455355000012,287.03948537499997
2802,117,251.91199319999993,260.72869247499995
2803,117,256.48364015,210.41722572499987
2804,117,219.30698105000008,221.09991900000003
2805,117,201.30063245000014,215.06055669999986
2806,117,165.60021750000018,233.77026417499977
2807,117,200.24223175000014,200.50045979999996
2808,117,204.07774105000018,186.74465174999995
2809,118,164.24396745000004,164.30595847500007
2810,118,186.19867815000032,142.4257154
2811,118,148.4066751000001,149.45955815000008
2812,118,153.95119102500007,151.21851725000002
2813,118,171.872743075,144.5944563
2814,118,185.54873065000015,203.4244496749999
2815,118,166.36700482500015,190.2567003499999
2816,118,182.29637817499992,206.79150315000007
2817,118,255.11814070000008,274.5822044750001
2818,118,299.3536528499999,268.18032254999997
2819,118,275.71115435,328.1104462999999
2820,118,247.94587372499993,237.434092975
2821,118,277.9236113000001,261.72292789999983
2822,118,221.71612222500016,195.30361262499991
2823,118,217.86149025000014,276.2657126
2824,118,272.6411620750001,186.11509430000004
2825,118,293.1725346000003,211.33773259999975
2826,118,273.6345022250001,247.76482650000014
2827,118,266.1399166000002,275.57783622500006
2828,118,232.38619912499996,220.2001373499999
2829,118,191.82836934999995,227.69413704999988
2830,118,169.63205512500005,237.11537812500012
2831,118,183.17352174999996,206.29183027499994
2832,118,168.62895574999996,174.41661482499998
2833,119,189.79862479999997,155.78321
2834,119,156.14742025000004,137.00703837500006
2835,119,124.19363982500005,144.31445130000003
2836,119,144.15567702500005,141.45600572499995
2837,119,151.67575330000008,154.89728382500004
2838,119,194.2671740750001,171.29839019999994
2839,119,160.39180602500016,223.58920672500008
2840,119,171.5753672500001,201.80140442499993
2841,119,278.83169347499995,248.60748342500005
2842,119,289.97298537500006,203.7619312
2843,119,246.08286687500015,221.89529165
2844,119,224.69990130000014,269.5214007
2845,119,263.71349705,292.1087386999999
2846,119,260.21362747500007,235.31851652499995
2847,119,242.3946362750002,276.20382102499985
2848,119,215.7741398000001,240.6683756000001
2849,119,210.28993877500017,253.78612812499983
2850,119,283.51628222500045,217.50522235000003
2851,119,240.2215154000002,261.00298837499986
2852,119,239.69464160000012,267.8251926500001
2853,119,275.54844217500016,239.9265259
2854,119,181.61657005000023,226.9713463249998
2855,119,147.20227830000016,204.14968719999982
2856,119,190.06395780000003,140.87975614999993
2857,120,175.21660180000035,157.22452600000003
2858,120,136.3888879,140.30926469999994
2859,120,156.57965405000004,156.46115714999988
2860,120,140.67962117500016,142.24510925000004
2861,120,179.92585772499996,141.01701825
2862,120,232.97878967500003,189.84102445000002
2863,120,183.60524182500012,235.3198585500001
2864,120,237.84082987500005,324.546058275
2865,120,240.75624802500005,289.973964325
2866,120,302.07641440000015,304.91939459999986
2867,120,300.5217372500002,283.66239689999975
2868,120,228.88085507500017,358.71885459999976
2869,120,263.7551264750001,371.87689105
2870,120,321.8353151000001,242.87811097499974
2871,120,284.15601290000035,312.97070160000004
2872,120,335.4959553500002,295.6293062499998
2873,120,312.96011900000013,320.74818642499986
2874,120,338.1233029500001,260.7317166500001
2875,120,331.0350073500002,322.19591237499975
2876,120,202.71516432500005,278.89509009999995
2877,120,244.17385145000017,234.10568482500008
2878,120,261.7569505750004,258.74245232499993
2879,120,263.52776315000017,221.7406222499999
2880,120,178.57585520000015,156.85156252499996
2881,121,181.59517435000015,154.12297627499996
2882,121,180.44770127499996,200.56733424999993
2883,121,195.70568677500006,201.47056202499994
2884,121,198.95020030000018,146.59323530000003
2885,121,196.48769942500013,187.96687619999997
2886,121,223.77010652500013,181.91090509999992
2887,121,247.87286842500015,191.10191040000007
2888,121,245.2440497749999,211.5914122750001
2889,121,265.54142287499997,235.5210971749999
2890,121,307.710047675,322.69379257499986
2891,121,317.29701402500035,283.2530228250001
2892,121,307.18405659999996,251.42093032500003
2893,121,344.52186247500015,397.2091621999997
2894,121,293.4232291500001,311.38649550000014
2895,121,320.1250695000001,278.6579127000001
2896,121,287.15633867500026,261.0616687999999
2897,121,276.65869800000013,270.7195356499998
2898,121,215.89376827499984,311.209495425
2899,121,210.3266552500001,212.40768574999993
2900,121,241.85515177499997,242.75948922499998
2901,121,363.68684740000003,298.7396506499998
2902,121,296.76608875,221.056360175
2903,121,192.66609102500018,206.81060817500003
2904,121,174.5542291000001,176.50403789999996
2905,122,155.34356147500006,173.88366734999988
2906,122,171.96039727500002,161.22766734999996
2907,122,136.17527530000012,170.16449354999997
2908,122,131.27598152500008,178.50878397500003
2909,122,201.873578075,198.90200677499993
2910,122,178.16607037500043,199.86102384999987
2911,122,170.87299959999999,248.81252092500003
2912,122,235.52285045000013,238.2293075249998
2913,122,249.39296665,360.3488862999997
2914,122,314.8673822500002,279.36417482499996
2915,122,321.01076652500035,415.8644474499999
2916,122,325.62683915000014,300.47140565
2917,122,284.6385324749999,352.04278055
2918,122,348.11672522500015,260.30789262499997
2919,122,304.646868475,246.46206932500013
2920,122,242.709714725,218.87888029999985
2921,122,245.45304197500002,284.430685825
2922,122,230.0784592749999,194.47310434999986
2923,122,287.514537475,202.54955507499997
2924,122,210.48507015000007,198.44442262500007
2925,122,207.05829382499996,248.504874675
2926,122,281.9992435999999,220.62564027499985
2927,122,189.88059504999995,167.97050792500002
2928,122,186.44200502500004,156.686064175
2929,123,165.38943515,161.73377482499993
2930,123,193.78080702500017,146.88652000000002
2931,123,152.42346692500007,159.00946449999995
2932,123,131.47181407500005,142.09981510000006
2933,123,147.86270740000015,141.35641672499997
2934,123,190.03228545000002,230.18807342499986
2935,123,204.25708477500007,215.33605330000003
2936,123,277.22954070000003,239.72479767499993
2937,123,300.37400575000004,286.14998094999976
2938,123,228.80354199999988,258.733374675
2939,123,320.5185429250007,335.4149648250001
2940,123,348.37639720000016,272.93518737499994
2941,123,306.12902755000016,277.9569788999999
2942,123,282.58542642500026,222.2341125499999
2943,123,287.49365602500023,243.09669204999994
2944,123,254.00704187500017,288.1516628999999
2945,123,284.7247053750002,299.19269030000004
2946,123,253.41500610000026,239.094670125
2947,123,293.07906455000006,198.2771098999999
2948,123,339.29214615000046,275.04080812499984
2949,123,270.6959639250001,249.36138112499975
2950,123,218.4131524750001,195.48017902499998
2951,123,202.96713662500008,207.91609494999994
2952,123,194.64005320000004,147.43298935000007
2953,124,163.7915620500001,178.9606013
2954,124,187.46259832500013,136.4871777499999
2955,124,136.8584978,144.82545604999996
2956,124,188.33303195000013,162.44204745000002
2957,124,172.80596615000013,187.98311304999993
2958,124,230.0084833000002,195.59683914999988
2959,124,232.482130525,170.350863275
2960,124,243.22590112500012,205.11246167500002
2961,124,310.3918895500001,283.91939687499996
2962,124,255.23805652500022,287.53198795000014
2963,124,321.0584077750002,273.5288083749999
2964,124,296.49477404999993,291.65479100000005
2965,124,288.2358001500004,382.57975472499976
2966,124,208.8618994250002,247.0761374999999
2967,124,238.11577222500014,302.98449365000005
2968,124,302.4840223250004,374.59892974999997
2969,124,247.949689225,282.12576982500013
2970,124,272.6927591499999,240.22134357500016
2971,124,240.8135809249999,236.77938809999995
2972,124,254.21309707500004,255.80972017500005
2973,124,269.2040051250001,216.78808402499982
2974,124,268.79690205000026,217.58743917500004
2975,124,209.21221047500018,155.067797725
2976,124,194.94822007500008,219.92145492500003
2977,125,153.59878092499997,198.19993999999994
2978,125,149.5657054250001,133.719532075
2979,125,120.08762670000007,132.408616975
2980,125,150.57836967500003,182.2741486
2981,125,164.00294655,153.25615734999997
2982,125,154.76257955,147.78123762499996
2983,125,215.1943112250001,217.34011202499988
2984,125,252.82051632499986,253.26507114999998
2985,125,218.9519123500002,282.1673596749998
2986,125,268.52064707499994,262.47883322499996
2987,125,306.59605540000007,269.61336075
2988,125,233.80831862500003,257.3414326499999
2989,125,273.08478295000015,269.7136483000001
2990,125,269.4550376500001,208.7312089
2991,125,215.5664264750001,358.4490777499998
2992,125,277.20537667500014,245.64886812499998
2993,125,227.28719267500003,203.368809375
2994,125,183.4514555500001,207.761790675
2995,125,227.88770077500004,209.7732972999999
2996,125,175.90765900000008,255.44259147499992
2997,125,276.58556997500017,203.279442825
2998,125,187.6606790250002,268.70619109999996
2999,125,153.7480113,210.5630341749999
3000,125,202.4359101500002,180.6434293249999
3001,126,143.26507495000004,179.72244592499993
3002,126,126.82793647500006,132.891387625
3003,126,143.0208470500001,161.84418449999998
3004,126,141.15673309999994,103.90421862500001
3005,126,150.8221346000002,168.48241035000007
3006,126,140.21064075000004,175.69848292499992
3007,126,202.21957430000003,230.59935779999986
3008,126,215.78682627500024,208.306344625
3009,126,241.71237949999994,232.45521660000003
3010,126,241.40800099999996,284.1437141499999
3011,126,244.46302689999993,282.85836482499997
3012,126,245.78223107500023,235.30255867499983
3013,126,267.7252478750001,234.10080057499988
3014,126,246.4915184,253.89567440000008
3015,126,220.9832193499999,197.30287382500012
3016,126,273.05269577500025,262.55089874999993
3017,126,238.5467009000002,261.93810970000004
3018,126,239.51219745000026,265.38090307499976
3019,126,221.83179362500002,213.91960694999986
3020,126,288.84467187500024,253.81159872500007
3021,126,254.95358535000005,259.20753592500006
3022,126,206.58290727500008,225.40475649999996
3023,126,199.19834510000013,176.94285492499986
3024,126,171.32331160000012,127.59218749999994
3025,127,170.944655275,142.23681065000005
3026,127,159.75444725000006,128.5257565499999
3027,127,161.032180825,143.0897177749999
3028,127,140.84990649999997,158.40713097499997
3029,127,144.40916545,194.96217339999998
3030,127,195.49397255,209.97883367500003
3031,127,302.5885441250001,170.53742824999995
3032,127,205.21711567500034,255.03818262500005
3033,127,286.0458334,287.6903770749999
3034,127,286.23983672500015,288.024148275
3035,127,263.30562525,329.90643272499995
3036,127,308.5389951250001,252.701214875
3037,127,371.83698460000073,394.04966405000005
3038,127,328.24980072500074,301.34408325000004
3039,127,324.29795782500025,329.0409571499997
3040,127,275.0150932500002,267.1190445499999
3041,127,279.59428862500016,252.54500952500007
3042,127,263.79214275000015,218.44331652500006
3043,127,297.64898617500006,235.9679321749999
3044,127,260.18103920000016,267.8363706999999
3045,127,296.31479665,230.51196709999994
3046,127,269.20231922500017,266.34457897500005
3047,127,204.4528618750001,176.00073539999994
3048,127,206.07042867500007,197.23015022499993
3049,128,126.49853990000022,168.5927846
3050,128,150.276141925,136.6580401499999
3051,128,189.19779117499996,163.682121925
3052,128,171.9485452499999,176.31958507499994
3053,128,157.9381890500001,209.56841319999987
3054,128,192.54850562500013,199.62376544999995
3055,128,226.9976001249999,251.18795237499987
3056,128,310.8264555750002,275.75431252500016
3057,128,293.60553755,329.7013636999999
3058,128,333.20128172500006,297.7480646499999
3059,128,332.4073421750001,282.3504701749998
3060,128,309.9363684750001,328.3986501249999
3061,128,299.1883228250002,391.4901399749998
3062,128,336.9358242750001,358.4594322749999
3063,128,307.12339045000016,339.06828927499987
3064,128,346.9201801750004,380.8944820999998
3065,128,338.67566282500036,318.98394444999985
3066,128,362.36700485000006,328.78579109999976
3067,128,233.72613387500022,294.5294629499999
3068,128,342.96807150000063,243.07692614999985
3069,128,260.04128092500014,259.8806472499999
3070,128,234.4204629000001,215.63849477499986
3071,128,204.95652180000013,245.87496119999992
3072,128,221.64574447500019,210.12631569999996
3073,129,163.415315475,199.23762035000004
3074,129,210.77176267500005,157.80542552500003
3075,129,163.829489125,170.64051419999998
3076,129,194.392354475,166.6031039
3077,129,175.83761555000007,202.24565215000007
3078,129,211.87105424999993,183.95293232499992
3079,129,221.36111057500017,211.14490569999975
3080,129,310.5434098500001,202.69577779999997
3081,129,316.857654,273.070093575
3082,129,293.4320454,387.90627957499987
3083,129,398.2671731500002,416.3191583249999
3084,129,313.21107122500007,431.2998174749998
3085,129,335.0776125750002,250.63706754999978
3086,129,306.5212832250003,294.3910392249999
3087,129,318.766131,308.2692590999999
3088,129,363.9550094,262.1425272000001
3089,129,275.1023389500001,292.91973914999994
3090,129,308.00082717499987,297.95520835
3091,129,259.79968447500016,332.019791425
3092,129,264.547824825,309.1528577
3093,129,261.3063179,273.1116139
3094,129,234.03957535000012,228.01099622499981
3095,129,251.49793757499992,205.25245859999998
3096,129,140.451681225,221.26844515
3097,130,186.57486337499995,177.29312592500003
3098,130,129.87771907500004,182.01092427499998
3099,130,145.65963762500007,160.970734725
3100,130,154.65435919999993,177.36799689999998
3101,130,189.68255965000026,192.44594475000002
3102,130,184.99845484999986,216.68558515000007
3103,130,280.7186147000001,184.58841732500014
3104,130,248.5727629250002,197.00218844999984
3105,130,223.33546882500008,336.77151979999996
3106,130,345.07875900000045,330.29494939999984
3107,130,316.74148152500004,378.1735441249999
3108,130,368.6361012750005,337.0809342499998
3109,130,354.0315251000002,334.1855251000001
3110,130,351.96567165,370.8980545999998
3111,130,243.34225552499998,322.38673925
3112,130,259.1676758750002,372.2493686249999
3113,130,263.2294070750002,331.497451
3114,130,229.35847937500003,312.86486812500004
3115,130,271.6103142249999,343.40982462500006
3116,130,257.3408011500001,287.0702867499999
3117,130,267.996508225,296.800010275
3118,130,206.41568115000013,239.80425380000003
3119,130,223.86053252500008,218.60163450000002
3120,130,192.5464221750001,203.705841925
3121,131,139.64106309999994,148.38759514999995
3122,131,150.51259860000016,149.58055897499992
3123,131,147.7538502,145.87893359999998
3124,131,142.96301774999998,177.44586455
3125,131,173.76152312500005,179.94385662500008
3126,131,224.9497507750002,212.3730832
3127,131,250.06143135000025,267.20255899999995
3128,131,285.77072310000017,263.9160781749999
3129,131,294.50236362500044,216.52166869999996
3130,131,324.62616820000005,344.69610612500003
3131,131,351.00632200000007,426.15133702499975
3132,131,309.07043625000017,302.7422404249999
3133,131,297.2615089750003,298.88249275
3134,131,357.57970755,324.1827832000001
3135,131,235.2943360500001,275.3576521999999
3136,131,378.1934155750005,303.4429637499999
3137,131,332.5884294500004,357.89489382499994
3138,131,255.33328542499999,398.53791554999987
3139,131,334.28680617500027,254.30366487499987
3140,131,254.1130325250001,278.714362075
3141,131,255.41654820000014,207.32059792500013
3142,131,219.26793137499988,229.39714382500011
3143,131,189.65965680000022,216.93382939999992
3144,131,170.40783249999998,216.00925614999989
3145,132,177.8376067500001,167.58269734999993
3146,132,186.09857415000002,139.89415740000004
3147,132,126.11817885000016,153.77764105
3148,132,163.1737199000001,147.08918865
3149,132,176.71259067500006,165.70208247499994
3150,132,187.3752713250002,152.15536294999993
3151,132,169.67934702500014,202.19742694999994
3152,132,277.06358345,219.5412902249999
3153,132,311.4769321250002,226.74881464999996
3154,132,319.50460580000004,404.81747715000006
3155,132,284.77495875000034,386.10346604999995
3156,132,283.32468057500034,318.22010727500003
3157,132,271.58354595000026,317.6450965250001
3158,132,270.4234181749999,302.21102844999984
3159,132,344.09986130000027,255.51449982499992
3160,132,196.56751587499988,299.59133577499995
3161,132,303.42483519999996,309.9653498749999
3162,132,312.4000900500005,263.4415349000001
3163,132,248.3163938750002,279.0038188999998
3164,132,301.49250177500005,296.20115754999983
3165,132,238.31393997499998,240.63691427499998
3166,132,249.75927127499983,221.61133032499993
3167,132,179.1690709,197.03112722499995
3168,132,231.0615185000002,190.29563432499992
3169,133,125.15136965000015,189.88490167499998
3170,133,179.22099837500014,175.642937125
3171,133,184.5829755000001,185.00966642499995
3172,133,201.52347587499997,170.72970002499983
3173,133,184.16809647500003,199.62448154999998
3174,133,221.00189369999998,216.33718187499994
3175,133,176.27536727499995,233.36896314999993
3176,133,206.10391150000015,209.07275842500007
3177,133,312.3298129750001,248.67341692500003
3178,133,299.2987846000004,259.14948152499994
3179,133,277.17797125000016,280.7845917499999
3180,133,287.44675595,275.8762461500001
3181,133,272.41486632500016,265.32631295
3182,133,280.9136311250003,267.8828322749999
3183,133,237.88948715000026,227.51869087499972
3184,133,190.42180165000013,301.78043804999993
3185,133,269.47564162500043,292.16940765000004
3186,133,316.11053202500034,240.60971997500002
3187,133,248.5508053750002,258.5651881000001
3188,133,274.34714285000024,222.19806045
3189,133,277.21448700000013,235.80707907499988
3190,133,271.33684737500016,257.2332810999999
3191,133,183.9347286250001,186.53018057499997
3192,133,162.4626762000001,194.879098875
3193,134,150.67254505000005,178.23383747499997
3194,134,161.42259892500005,155.37478747499998
3195,134,132.57586997499996,144.79455804999998
3196,134,175.35731460000008,192.51686264999995
3197,134,149.58321865000008,168.7680086749999
3198,134,208.36412155,181.50084312500002
3199,134,200.26094810000023,281.85659135000014
3200,134,292.95491030000017,252.98432865
3201,134,273.87133029999995,292.7530545249999
3202,134,235.35340915000018,398.675934225
3203,134,249.5041479249998,306.6777991999999
3204,134,364.17654657499986,372.0907086499999
3205,134,350.0517400000001,302.06351679999995
3206,134,312.1395831500002,286.8219517249998
3207,134,338.0802634250004,349.6264614250001
3208,134,332.2746743500002,320.9244898249998
3209,134,229.59287235000002,312.70274504999986
3210,134,328.1224446000001,392.4075385499999
3211,134,286.0714139250001,349.0511624249999
3212,134,339.549798275,259.01512232499994
3213,134,337.80034745,317.6268381
3214,134,294.94456485000023,259.269932375
3215,134,200.6389356000002,196.07512185000002
3216,134,162.7478721499999,223.16527859999997
3217,135,155.09912730000002,178.7767941749999
3218,135,165.11413995000004,170.2171434
3219,135,160.55758972500007,191.1405238
3220,135,199.63754092500008,145.74648230000003
3221,135,166.95982985000015,157.6388086749999
3222,135,197.04543852500015,222.14564069999994
3223,135,176.52316960000013,295.39588167499994
3224,135,300.1032737250001,271.8065150749999
3225,135,290.6209109500003,284.1270226749999
3226,135,255.585675325,261.11078315
3227,135,256.326943225,355.9457914750001
3228,135,301.74149810000006,293.0768275249999
3229,135,323.6524285500002,308.15253885000004
3230,135,317.9781988000003,347.3562874749999
3231,135,367.08541682500015,294.2393415250001
3232,135,345.8282672250001,285.05090634999993
3233,135,291.08821305,381.8331700499998
3234,135,267.626122625,280.7695070499998
3235,135,291.5576721,293.9766436999999
3236,135,249.24898800000017,312.63155819999986
3237,135,267.3478057000001,247.96242365000006
3238,135,277.85652400000015,154.47442192500006
3239,135,177.03598457500004,234.1732476500001
3240,135,159.93078522499997,203.83429089999998
3241,136,184.05428849999998,172.62900679999998
3242,136,186.16753762500008,178.33542889999998
3243,136,164.383324775,156.63857902499996
3244,136,121.20318805,156.08844369999997
3245,136,144.89621680000005,173.05124119999994
3246,136,182.0494450000001,198.34657902499995
3247,136,185.8845147500001,259.89350004999983
3248,136,261.63191540000014,277.776516175
3249,136,335.64426694999986,290.33426327499984
3250,136,342.84592225000017,318.81096067499993
3251,136,309.16937677500016,269.9711101749998
3252,136,283.3761886000001,290.23142122499996
3253,136,264.57804507500003,373.0249864249996
3254,136,279.9689402250002,338.4571162749999
3255,136,338.8569180499999,306.5363444999999
3256,136,340.97607287500034,326.24943034999995
3257,136,297.3074395000002,275.75061937500004
3258,136,303.0928236750001,260.51948322500004
3259,136,307.6192476499999,350.53155167499995
3260,136,282.11118192500004,288.6634136499999
3261,136,352.43358172500035,246.97086482499998
3262,136,259.84039615000023,240.96022837499993
3263,136,288.97215405,203.01205185
3264,136,149.49459932500014,211.23994552499988
3265,137,205.7433821250002,181.66882787500003
3266,137,141.47253515000003,188.56119967499995
3267,137,158.42429832500008,137.97293897499995
3268,137,170.99523742499997,171.79196537499996
3269,137,182.51620780000013,174.317319925
3270,137,178.47030220000002,157.28886067500005
3271,137,225.8774134499999,158.28703180000008
3272,137,298.32111962499994,238.4891747250001
3273,137,309.56403507500056,285.24042855000005
3274,137,348.9488731250001,301.64272732500007
3275,137,394.6003167500005,282.80285472499986
3276,137,363.74176527500043,271.3803125749999
3277,137,312.0663601250001,271.7244893750001
3278,137,308.40139367500024,335.2331937999999
3279,137,337.7003499749999,318.8472839249998
3280,137,352.2626627000003,241.49598077500002
3281,137,346.78556352500027,335.88173812499974
3282,137,310.51047817500034,265.77273030000003
3283,137,233.86664075,350.17195482499983
3284,137,295.30163377499997,274.8276034000001
3285,137,220.57301030000002,260.422961925
3286,137,236.54347455000027,279.8820773749999
3287,137,189.06144210000005,193.40993435000001
3288,137,206.85492322500008,191.86246224999996
3289,138,140.45253739999998,157.57828320000002
3290,138,151.00523667500008,203.36196297499993
3291,138,132.82565227500004,169.95228544999992
3292,138,177.3908032250001,174.97620697499997
3293,138,174.94983265000013,148.848762175
3294,138,218.16811667500002,206.02278967500004
3295,138,191.53963670000024,196.98631249999983
3296,138,286.00887190000003,247.41992519999997
3297,138,251.46517057500012,351.2108599499999
3298,138,294.300261675,296.6471057999999
3299,138,300.9030293750001,423.53988797500006
3300,138,323.27962790000015,355.6816206
3301,138,352.42581472500035,288.78265835000013
3302,138,350.0360343750003,216.7043438749999
3303,138,324.94982222500016,325.75747757499994
3304,138,266.70405380000034,289.2883220749999
3305,138,292.34806620000006,315.59268747500005
3306,138,279.2538381750003,267.1700989750001
3307,138,265.41910562500004,298.46718214999987
3308,138,256.64521220000006,226.6785172000001
3309,138,231.8054781749999,212.42546317499983
3310,138,218.86228702500023,242.69020680000017
3311,138,185.43999385000006,251.64888192500004
3312,138,170.72955057500025,232.0781126749999
3313,139,178.9915365750001,159.70246022500004
3314,139,163.7627337000001,110.43866557499996
3315,139,184.51434897500008,201.62912125000008
3316,139,156.16073022500007,151.03415512499996
3317,139,171.45017974999996,195.566610125
3318,139,150.95478692500018,185.89643834999998
3319,139,198.74373065000003,215.27353607499998
3320,139,212.5170708,257.5009935999998
3321,139,276.2798843250002,224.08955724999998
3322,139,298.8727031500001,276.5586955249999
3323,139,214.03293864999983,297.48822444999985
3324,139,265.32307687500014,270.07740212500005
3325,139,300.04606675000025,305.7684171499999
3326,139,258.34309917500025,281.47053212500003
3327,139,307.7099043750002,253.78253722500008
3328,139,298.443925175,229.19844744999975
3329,139,285.08882110000013,246.01812360000002
3330,139,302.47254770000006,290.0895962000001
3331,139,280.6891145000002,239.6244509749999
3332,139,203.8959324500001,258.74916540000004
3333,139,221.55760242500014,268.787741425
3334,139,229.4138972999998,292.15961752499993
3335,139,182.39906610000003,266.157983125
3336,139,195.1993383250002,168.77449644999996
3337,140,148.35211029999994,186.89622645000003
3338,140,134.30160147500004,153.88557997499993
3339,140,180.78978705000048,133.49253082500005
3340,140,164.70195742500002,146.23281264999991
3341,140,181.79421782499995,194.85964775000002
3342,140,170.84525930000012,179.95757835000003
3343,140,158.34016027500002,178.04909542499985
3344,140,218.88686962500026,217.08594284999975
3345,140,213.24636430000004,231.1276323250001
3346,140,279.7125023750002,255.52058207499996
3347,140,241.72498915000017,301.95837177500005
3348,140,260.10387437500015,275.8591379249999
3349,140,302.12618154999996,234.7072000749999
3350,140,366.2091684750003,252.36056285000006
3351,140,271.08557377500006,256.1325365749998
3352,140,299.8385580999999,305.9910389250001
3353,140,342.6444802000004,406.1185392
3354,140,247.02132554999997,308.68730412500014
3355,140,245.10970990000013,260.6697992
3356,140,268.3746601250003,262.24603505
3357,140,215.43938187500027,284.5025554750001
3358,140,223.77382505000003,277.2260079250001
3359,140,184.86203352500007,169.3940285500001
3360,140,157.3209184999999,163.06695775000009
3361,141,163.09995407499997,199.17353029999998
3362,141,156.17785800000019,185.94451524999994
3363,141,203.33971677500006,126.74692977499994
3364,141,178.61255512500003,183.73742069999992
3365,141,218.5362328,164.56897297499995
3366,141,200.02248792500018,232.70201872500002
3367,141,238.9186948750002,268.1233072999998
3368,141,334.1135320499999,293.1254705249999
3369,141,274.1088476499999,256.8818947499998
3370,141,341.18123027500013,375.01893152499997
3371,141,324.46729370000014,349.1856881749999
3372,141,256.95885215,364.645155475
3373,141,297.740622625,258.3631030749999
3374,141,356.6273433750003,412.04485999999997
3375,141,377.5509169000003,359.6454245749999
3376,141,398.2643482500001,282.9266599499999
3377,141,365.7237664500001,385.09891785
3378,141,344.36488757500024,311.606155975
3379,141,343.26991075,326.72691247499984
3380,141,331.0869583,324.81140047499997
3381,141,341.0940267750003,251.91610367499993
3382,141,276.80002702499996,253.13814592499995
3383,141,269.4015622500002,230.31496165000013
3384,141,223.11009017500038,194.73221107499992
3385,142,181.0268690250002,175.22877779999993
3386,142,148.18465385000007,160.58484647499998
3387,142,174.67469452500018,176.51606657499994
3388,142,184.1163600000003,168.28211202500006
3389,142,211.15227792500002,208.33139992499997
3390,142,190.52754650000008,238.57387062499998
3391,142,271.0393690000001,248.65659277500004
3392,142,243.18448947500002,318.03794462499985
3393,142,290.40397342500006,276.1253770500001
3394,142,340.0325108000003,294.35231627499996
3395,142,281.7328232250003,280.4589481999999
3396,142,338.5440493,285.62884369999983
3397,142,371.1386442249999,454.9010361249997
3398,142,391.6731621500004,334.4712198499999
3399,142,368.1621180250008,401.67801102499993
3400,142,378.7315721750001,304.19254784999976
3401,142,344.1462729000001,384.6253754249998
3402,142,289.537201,284.13986714999993
3403,142,376.06679115000003,348.3859586499999
3404,142,347.84938005000015,276.39570172499975
3405,142,259.3104717000003,217.7976943499999
3406,142,269.25790197500015,340.79476072499995
3407,142,184.19382002499998,263.7177587
3408,142,244.96686139999986,246.39740617500001
3409,143,194.69180105000007,182.21572625
3410,143,217.51322255000017,171.46441775
3411,143,175.58026522500015,160.66739805
3412,143,174.5819876750001,194.59482512499994
3413,143,200.67241912500026,211.4403936499999
3414,143,203.85395507500013,191.62474155
3415,143,224.45190214999997,293.3691879750001
3416,143,323.1916019500004,281.6355604749998
3417,143,348.66764372499995,255.64368557500012
3418,143,330.17469422500005,267.54382744999987
3419,143,333.44133412500037,304.7598931499998
3420,143,400.71118435000005,291.71388337499997
3421,143,229.0620281250001,271.96929305
3422,143,363.686934725,344.906332325
3423,143,283.31207975000007,313.9734697999998
3424,143,322.41566562500003,276.26225617499983
3425,143,342.6490972250003,430.4132646000001
3426,143,286.1092141000003,318.2925203
3427,143,334.4126623000001,326.7645032749998
3428,143,266.9483449250001,261.64708167500004
3429,143,286.30129600000015,228.39717889999991
3430,143,264.98128402500004,237.803131275
3431,143,220.69964992500002,233.947752875
3432,143,193.13009057500017,171.788590375
3433,144,141.03504162500002,207.73156237499998
3434,144,163.61681765000003,141.83829935
3435,144,155.88726207499997,143.670439825
3436,144,205.081377875,169.06065275
3437,144,154.54557005000007,168.40794057500005
3438,144,217.24453505,181.91350872500004
3439,144,246.85153625000004,213.48292072500007
3440,144,256.309723525,242.78303282500002
3441,144,307.05596027500036,288.62057712499984
3442,144,283.598511175,232.46682837499992
3443,144,362.40683665000057,290.3573275
3444,144,322.5899464250003,351.5055630250001
3445,144,353.5826204000004,267.170851975
3446,144,308.9930792000001,315.9677565500001
3447,144,325.8132817750003,290.8953672749999
3448,144,298.7832813,314.369013825
3449,144,228.30211692499986,258.83652377499965
3450,144,249.30341012500008,305.4116275749997
3451,144,260.48452532500005,320.43791799999985
3452,144,284.79904070000026,271.204160575
3453,144,271.058346775,249.79485099999994
3454,144,223.1664602000002,247.89983492499982
3455,144,220.40551412500008,227.48720747499996
3456,144,244.3764787,223.03844990000002
3457,145,180.39499707500016,164.06187045
3458,145,254.5774160250001,143.93262930000003
3459,145,147.88220247499996,140.86041869999997
3460,145,185.2733292250001,142.33809630000002
3461,145,186.30953242500001,182.08944047499992
3462,145,192.55463175000006,225.662351525
3463,145,233.91427940000005,211.46888394999985
3464,145,322.95106760000033,244.74517472499994
3465,145,280.6993617500001,344.96398114999977
3466,145,275.56931760000015,319.5037367749998
3467,145,319.8655211500001,298.5348970249998
3468,145,345.1204852000002,259.2221695999998
3469,145,218.23102470000032,376.45774879999976
3470,145,205.36841577499993,303.71509264999986
3471,145,306.56400059999993,343.56733062500007
3472,145,227.63902422500001,238.31273484999994
3473,145,259.1217251750003,296.91517050000004
3474,145,272.1348925500003,218.12635585000004
3475,145,255.6161789500003,209.792444275
3476,145,257.11692465000016,233.75724022499998
3477,145,246.69786250000016,211.9035879000001
3478,145,216.5578804,232.64398784999997
3479,145,223.3531148750003,204.86997300000002
3480,145,190.96634202499996,206.93773827499993
3481,146,154.81773674999994,180.9067002999999
3482,146,153.72150847500006,149.88573667500003
3483,146,149.92890075000003,161.31405504999987
3484,146,155.57632132500007,162.98616635000008
3485,146,180.25261367500013,148.34561589999993
3486,146,185.54942505000014,163.00723844999996
3487,146,164.56009460000013,201.54648544999998
3488,146,218.54940925000028,204.46869174999995
3489,146,242.32046662500025,257.05832262499996
3490,146,281.38000427500003,271.52931784999987
3491,146,298.6172428499999,291.26326452499984
3492,146,265.4389834,269.8258535499998
3493,146,212.26507637500015,267.12115457499965
3494,146,288.76872282500005,235.3035148249999
3495,146,272.77970500000004,249.57293037499994
3496,146,247.45533322499983,219.7628334749998
3497,146,206.7476651750001,252.07037689999981
3498,146,236.4715416750001,260.0112382250001
3499,146,219.99005232500008,196.66498112499983
3500,146,233.65145175000026,228.63218514999988
3501,146,245.87838150000005,195.9751665
3502,146,230.37784232500016,196.35333254999995
3503,146,202.77919012499984,170.79287452499995
3504,146,169.48280507500004,171.39017447499998
3505,147,151.3045166500001,176.62193592499995
3506,147,206.30070870000011,128.18687215000003
3507,147,148.3453382500001,128.526230875
3508,147,161.25031875000002,137.95076077500005
3509,147,182.80863635000014,128.9659337
3510,147,172.42136147500003,158.78343845
3511,147,204.4717123500003,163.93003927500004
3512,147,196.95270725,193.58171584999997
3513,147,204.766904275,262.3095089249999
3514,147,306.4357483750001,281.90613887499984
3515,147,252.98947240000024,224.3234031500001
3516,147,217.45733405,274.6966750999999
3517,147,193.60299340000006,211.08235722499995
3518,147,238.6570103500004,203.40947129999995
3519,147,225.3903811750002,266.77850884999987
3520,147,242.53524069999997,234.2360171749998
3521,147,280.84021625000025,191.558092325
3522,147,293.70009135000015,275.0796174
3523,147,218.08646532500012,290.55561747499985
3524,147,228.23684040000012,247.550665075
3525,147,238.76077225000006,203.07350025000008
3526,147,191.6145058250001,172.59193944999998
3527,147,142.47401515,212.42243342499975
3528,147,150.2315506750002,174.77866205000004
3529,148,176.5327916250001,172.89738432499982
3530,148,139.64019897500003,163.74776717499998
3531,148,117.3287879750001,157.83968129999994
3532,148,195.0581608500001,192.20844367499996
3533,148,155.1873081250001,169.53281257499998
3534,148,209.57017259999998,195.35098987499998
3535,148,205.9322143500001,184.77469245
3536,148,261.4433400750001,222.47865054999988
3537,148,225.68920167500028,221.54750385
3538,148,283.3261529,254.358858675
3539,148,295.89200282500065,286.186512225
3540,148,302.45533420000015,294.769806825
3541,148,241.43725497500006,314.6339176249999
3542,148,306.7997897749999,239.17555607499992
3543,148,236.25518440000002,297.7457513
3544,148,255.31717320000007,293.81744925
3545,148,264.875455,306.14248762499983
3546,148,267.2398713999999,304.7739477
3547,148,266.68424615000015,215.09816722500014
3548,148,225.68061745000034,218.63669404999987
3549,148,220.1739534750001,244.39346064999984
3550,148,245.95843484999983,244.8967461249997
3551,148,235.3915846250003,211.6234998499999
3552,148,167.875138975,200.52188742499993
3553,149,154.9136440249999,177.633751325
3554,149,152.95966765000009,175.098225475
3555,149,190.266993,144.73025879999986
3556,149,178.343556375,133.76706479999996
3557,149,190.96138517499992,179.58869727499996
3558,149,178.50947972499995,185.96826837500004
3559,149,191.90124220000013,217.87733965000007
3560,149,225.54820860000012,217.5551592750001
3561,149,273.32908157500015,289.136385675
3562,149,331.42369880000024,231.41918127499986
3563,149,361.0826463500003,301.4299594250001
3564,149,371.83677385,291.9352352499998
3565,149,395.0977199250001,306.21411322499995
3566,149,226.94937575000006,344.98904234999986
3567,149,327.3915907750003,254.09308697499984
3568,149,331.8437203000003,316.8448193749998
3569,149,306.9446241500001,223.10388267500002
3570,149,302.98499649999997,366.41916440000006
3571,149,273.07961347500014,298.68706189999995
3572,149,326.88062922500006,264.9941633999998
3573,149,328.7690680500003,258.86728744999976
3574,149,273.2851064000002,233.96095375000004
3575,149,211.6889650750001,226.1913341500001
3576,149,205.45641010000028,245.35245637499997
3577,150,215.66026859999994,180.46911859999992
3578,150,186.31572602499998,174.44847362499996
3579,150,193.62083385,153.8931747
3580,150,185.74336379999994,219.39753625000003
3581,150,180.8998206500001,176.1302728249999
3582,150,204.10157297500007,211.97764052500006
3583,150,257.02733352500024,229.60243899999983
3584,150,294.79105077500003,307.5055533000001
3585,150,247.88530042500014,283.35575864999987
3586,150,338.8623431000002,290.16857522500004
3587,150,407.56867312500003,326.19218357500006
3588,150,307.877991275,385.68239527499975
3589,150,339.26296495000014,356.7500228750001
3590,150,235.62690887500003,312.9791247749999
3591,150,306.27248557499985,234.48105195
3592,150,295.0580732000003,232.8721633749999
3593,150,238.02662640000025,295.1865384749999
3594,150,402.4509470500003,260.94951545000015
3595,150,308.1814401750001,354.94735447500005
3596,150,278.4283869499999,254.06467102499977
3597,150,254.71644767500004,344.314149175
3598,150,253.33767515,230.41338109999992
3599,150,185.96291442500012,234.32201869999992
3600,150,219.16183519999998,226.58555504999998
3601,151,202.58432642500017,207.87194432499996
3602,151,170.50046440000025,203.2928903
3603,151,163.39300774999998,155.4215985749999
3604,151,188.260018475,140.80422299999987
3605,151,201.85380582500017,174.05982742499992
3606,151,179.9506321250002,271.9220126499997
3607,151,189.7314468500001,235.10221034999978
3608,151,323.30863342500015,271.6173062249999
3609,151,275.38490882500014,339.32151115000005
3610,151,272.49537914999996,251.31162002500005
3611,151,297.54210825000007,344.20729775000007
3612,151,343.31113925000017,308.02382850000015
3613,151,319.31418055000006,434.0107819750001
3614,151,334.1681504999999,400.1219104499996
3615,151,370.5845538750002,267.447915
3616,151,384.00516922500054,385.7027111749999
3617,151,380.98699517499995,363.8333982749999
3618,151,427.25693920000015,341.212461875
3619,151,314.1106490000001,348.30912125
3620,151,351.81762384999996,376.53764229999985
3621,151,287.07710187500004,267.64671799999985
3622,151,341.40497417500035,293.0534705
3623,151,219.38185515000015,281.7239909
3624,151,245.52190005000006,265.56487437499993
3625,152,238.07893922500025,222.5369473
3626,152,244.50847835000042,179.229640625
3627,152,221.69351815000005,172.92388132499997
3628,152,200.25057994999995,196.20062742499994
3629,152,195.3392050750001,257.562703325
3630,152,192.87763480000032,211.44813055
3631,152,190.4986735249999,204.60520312499983
3632,152,246.73548069999993,230.3447346500001
3633,152,254.8840244500001,408.1498943249998
3634,152,368.32305435000023,390.60808594999975
3635,152,393.3618915500001,469.2163271249997
3636,152,485.6082541500006,362.7969567000001
3637,152,297.28431307499994,380.32632707499994
3638,152,327.8011068000002,351.17233702500005
3639,152,519.7660098750002,245.29573017500013
3640,152,349.3026473000002,297.4553780999999
3641,152,384.78624822500007,335.6276237249999
3642,152,344.17500887500006,346.9325682499998
3643,152,355.3896050750002,454.83218934999985
3644,152,324.98104817500007,416.89844534999986
3645,152,277.15618985000003,371.246607425
3646,152,245.90969952500035,288.2694212750001
3647,152,313.32286517500006,251.1776622999999
3648,152,217.1293040500002,245.88010092500008
3649,153,228.67144155000005,222.209189025
3650,153,169.86013657500007,195.54057747500002
3651,153,170.29192647499983,175.34192342500006
3652,153,235.5477133249999,199.88226122500006
3653,153,184.02735937499997,174.72873215
3654,153,237.13751650000023,233.87936165000005
3655,153,216.74736217500003,196.5053332750001
3656,153,228.5689056500002,252.14490482499997
3657,153,260.04959975000025,292.7821221749997
3658,153,313.31642385,303.96452652499977
3659,153,360.6690875500001,304.014111975
3660,153,335.17145702500017,383.0349566500001
3661,153,275.7940740750002,252.73159225
3662,153,340.711448,340.8295910999999
3663,153,342.4479891750002,317.6951785499998
3664,153,296.6774097499999,305.18794982499986
3665,153,305.9055411500001,313.539481325
3666,153,304.2663559250002,281.22497762499995
3667,153,260.4201420250004,296.70878265000005
3668,153,332.8040672750001,238.76816334999992
3669,153,288.2915509999998,280.09294375
3670,153,264.0719094499999,221.9203708249999
3671,153,277.61094035000036,235.82918160000003
3672,153,181.2525975500002,210.96411504999992
3673,154,251.1725888749998,231.54884402499994
3674,154,260.369847575,234.93111112499994
3675,154,231.00607377499986,178.61762527500002
3676,154,166.29845762500003,203.8516973749999
3677,154,268.2665565750001,209.248275175
3678,154,182.09297875000004,225.40760215000006
3679,154,194.37690477500018,219.6962275749999
3680,154,210.39606965000013,205.27887619999996
3681,154,248.80843442500003,255.7542461750001
3682,154,271.94716777500014,226.21359162499996
3683,154,318.94436002500026,264.9400795999998
3684,154,268.48494782500006,253.61011644999996
3685,154,293.32089412499994,348.85163512500003
3686,154,285.23348267500046,253.82503689999993
3687,154,370.5133440000004,258.983951275
3688,154,301.9034774250002,265.55686502499987
3689,154,357.68268507500034,359.18427937499996
3690,154,299.54998880000005,276.153403375
3691,154,265.4840530750001,322.7546125999998
3692,154,337.47573182500014,290.46412454999995
3693,154,258.2346105000002,219.32503517499987
3694,154,259.99322372500006,243.44467324999982
3695,154,256.377769775,241.7962770749998
3696,154,190.81674440000006,166.05560867499997
3697,155,152.3396166500002,174.54399117499997
3698,155,178.99213952500008,136.14865594999992
3699,155,111.78332607500013,177.56990482499998
3700,155,154.32426347500015,168.165662
3701,155,207.02386267500006,165.33672699999997
3702,155,256.739019825,250.50570937499992
3703,155,258.0950047500001,271.4557794749999
3704,155,258.94475665000033,277.68257522500005
3705,155,301.2671163750001,280.6488116249999
3706,155,244.1015835250001,308.03240312499986
3707,155,277.449441075,310.1438324499998
3708,155,240.16498290000007,346.2847405499999
3709,155,360.8002827250001,355.07827622499985
3710,155,304.7093723500001,265.7362385499998
3711,155,377.00220412500005,295.70076730000005
3712,155,290.5078461750004,270.9064704750001
3713,155,340.0871632750003,343.85683764999993
3714,155,234.50863547500012,256.4543662999999
3715,155,273.98554812500026,295.2669811499999
3716,155,232.15707535000007,232.9754376249998
3717,155,271.8851279000002,225.84880732499983
3718,155,245.20801509999995,270.0640318499999
3719,155,211.15552032499983,195.987011225
3720,155,214.73035710000016,201.62424677499993
3721,156,280.7306849249999,189.46229592499998
3722,156,151.02199357500007,144.40952514999998
3723,156,167.65862762499995,144.8736402
3724,156,176.86191242500018,160.43702800000005
3725,156,157.94540470000015,207.96331062500002
3726,156,207.49985084999992,225.3416884250001
3727,156,304.15059284999995,203.03709899999993
3728,156,240.0308176000002,195.2318098
3729,156,262.52415857500006,280.3325897249999
3730,156,262.16076479999987,268.8701150249999
3731,156,292.14738760000023,346.5446908749999
3732,156,235.3856937500001,285.0024140500001
3733,156,338.65774264999993,286.5631974249999
3734,156,326.0750720500001,335.321158975
3735,156,246.9078018750001,264.9863830499998
3736,156,317.2705990750001,359.78503427499976
3737,156,306.7550949250003,256.28817787499986
3738,156,235.12908292500003,210.00805002499976
3739,156,300.06888110000034,221.4861821249999
3740,156,273.45581672500003,251.76731827499987
3741,156,261.65419364999997,265.00448500000016
3742,156,219.52039915000006,209.06508637499996
3743,156,209.12485250000003,179.87923350000003
3744,156,184.132265475,194.48723369999996
3745,157,181.46317059999996,200.132713
3746,157,177.79227205000024,170.981833525
3747,157,164.8403599500001,128.44413062499996
3748,157,172.6313094000003,171.13377557500002
3749,157,153.98730532500014,213.0780051999999
3750,157,231.22254845000023,257.84808947500005
3751,157,202.0993888750001,181.14802694999997
3752,157,218.2085459,271.32310397500004
3753,157,247.76263930000016,310.489488625
3754,157,371.5552043749999,252.24837245000003
3755,157,367.74263935000045,363.278162325
3756,157,352.00623365,296.73674089999975
3757,157,323.5645671750003,295.0292168999998
3758,157,281.972726375,352.19856942499996
3759,157,293.3112074249999,287.1633716749999
3760,157,292.86218749999995,230.38337057499996
3761,157,254.41734757499992,264.11211297499995
3762,157,298.8252086500002,297.87860544999967
3763,157,265.99235175,260.54952484999995
3764,157,272.70025615000026,282.5294890749997
3765,157,299.25603527500016,235.1322215499999
3766,157,224.15103097500014,278.0410077
3767,157,232.11817157499993,186.71055207499995
3768,157,154.94812762499993,205.88222464999996
3769,158,186.40910192500013,198.31378352500002
3770,158,169.82273485000005,212.868007375
3771,158,167.03493399999996,182.338488375
3772,158,156.91170075000002,177.12115157499994
3773,158,176.19080087500006,175.076381425
3774,158,240.76866300000023,148.06658152499992
3775,158,262.0278518250003,244.79088569999993
3776,158,207.92649167500014,214.54027600000006
3777,158,274.53971425000015,220.06764462499999
3778,158,440.40137852500004,367.09986109999994
3779,158,425.64881819999994,312.83225695
3780,158,321.4343743750003,276.98054849999994
3781,158,232.40521744999984,280.3239890499998
3782,158,296.149089175,320.81942349999997
3783,158,380.19202860000047,336.08622777500005
3784,158,424.6729285249999,370.06748979999986
3785,158,274.3583730500001,349.57738989999984
3786,158,298.6808371500001,332.57991360000005
3787,158,244.6033757250002,278.212257825
3788,158,244.8223556000002,304.0680570499999
3789,158,309.58989955000055,293.67320229999996
3790,158,243.4504105250001,280.0678778249997
3791,158,253.46674175000007,268.01159140000004
3792,158,215.27642705000025,218.63366427499994
3793,159,168.50105922499995,255.89368444999982
3794,159,146.91237537499987,200.59762405000006
3795,159,154.28330819999994,223.92157637499986
3796,159,157.38524420000016,171.9082839999999
3797,159,181.51862794999982,230.15317854999995
3798,159,197.19492217499985,224.75741224999996
3799,159,216.48205817499993,256.07145562499994
3800,159,233.21029865000025,285.4494944249999
3801,159,347.7276715250006,257.63173637499995
3802,159,328.7390757999999,292.80969115000005
3803,159,379.30321092500054,379.4829743999999
3804,159,316.3863180249999,250.76272534999978
3805,159,352.392376975,293.44738814999977
3806,159,289.628568125,349.43512757500014
3807,159,345.40963392499987,316.7919086249998
3808,159,368.25995432500054,302.99985835000007
3809,159,253.23794140000004,298.859043025
3810,159,304.56218320000016,297.55193725000004
3811,159,269.62828505,254.06325742499996
3812,159,258.7679512000001,249.60792829999997
3813,159,300.9198064000003,301.9184092999999
3814,159,237.06177194999998,214.83572194999982
3815,159,181.8123299000003,233.24356169999993
3816,159,218.5520706999999,205.3139453
3817,160,183.3431056500003,223.1807950249999
3818,160,200.17606142500017,218.27431244999997
3819,160,190.79960852500017,184.98073740000007
3820,160,216.05419300000005,162.87286769999997
3821,160,193.4223474500002,176.83409847500002
3822,160,160.9821702,219.01370662499994
3823,160,190.0446736,192.36086695
3824,160,222.3997493,210.52457795000007
3825,160,320.0292366250002,245.73415657499987
3826,160,397.76768362500013,295.8536184499998
3827,160,267.318111,316.98386279999977
3828,160,262.0438778000002,334.78912227499995
3829,160,286.78004877500035,269.87974875
3830,160,326.1603020250001,294.3169740750001
3831,160,265.8088150250001,225.98617654999987
3832,160,282.1965929000005,246.1191816750001
3833,160,273.7765687249999,281.03001962499974
3834,160,288.0513619500001,261.38669024999996
3835,160,276.27607237500024,281.013805225
3836,160,258.29747745000026,212.16054417499987
3837,160,219.89406770000014,216.57246877500017
3838,160,261.97683440000003,244.42634974999993
3839,160,273.1161575750001,241.6941812999999
3840,160,175.92541662500005,207.42951985
3841,161,199.50576990000008,212.838271525
3842,161,145.2462452500002,188.05770812499998
3843,161,185.1779872250002,247.240180125
3844,161,168.99877924999993,205.253436025
3845,161,247.34346154999994,181.96566564999995
3846,161,164.10831272499988,192.921982475
3847,161,186.66163437499992,208.42912417500006
3848,161,286.40323982500036,199.25880217500006
3849,161,243.16004342499997,192.11858399999994
3850,161,228.9286969250001,247.09518332499988
3851,161,193.04730802499995,302.25563950000014
3852,161,274.8069924,356.1592660249998
3853,161,313.23215942499996,269.56117882499984
3854,161,290.4926046,259.9507834999997
3855,161,288.02252107500027,249.3312897999999
3856,161,242.17461527500032,304.2499973749999
3857,161,285.797079025,242.8757023249998
3858,161,218.04982275000015,264.880769025
3859,161,220.58958165,271.25283930000006
3860,161,305.6132288250001,269.4903046999999
3861,161,210.1769219500003,260.77126805
3862,161,270.81063505,249.58361129999994
3863,161,259.77472545000023,206.6491369499999
3864,161,164.611263625,228.16606557499983
3865,162,163.4128436500002,209.33089179999985
3866,162,164.243730125,174.82287659999997
3867,162,201.1035511750001,142.66838842500005
3868,162,213.0009886000001,184.3897040249999
3869,162,238.35614600000008,201.88865524999994
3870,162,248.3729255000004,153.53405007499987
3871,162,204.2793315,306.7445264249997
3872,162,280.2280482500002,256.794457375
3873,162,317.588485125,310.79905177499984
3874,162,341.46192800000006,337.15945575
3875,162,290.3087556750003,254.93145234999992
3876,162,262.1818958000001,322.43828744999985
3877,162,371.78894022500066,360.78758024999996
3878,162,335.8896820750001,311.6358378999999
3879,162,338.9080134500001,437.14754747499967
3880,162,317.238798575,358.440898375
3881,162,365.3746435000003,208.02752615000003
3882,162,255.15245205000025,386.225520375
3883,162,272.7826739750001,343.37372642500003
3884,162,332.27176717500004,335.1096100749997
3885,162,321.63203597500006,319.070152
3886,162,289.7879099500001,226.5991219500001
3887,162,312.2053858250001,254.92633807499982
3888,162,260.6599388500001,210.69789777499975
3889,163,194.666821125,177.580911975
3890,163,158.67060587500015,192.01201112500001
3891,163,209.73821367500005,192.58363639999993
3892,163,245.3676346750002,178.51347180000005
3893,163,177.67200357500013,173.43895504999995
3894,163,243.8310583000001,205.77407874999992
3895,163,227.22291342500003,263.1354925999997
3896,163,260.63033307500024,290.71464305
3897,163,290.10218840000016,311.5341867499998
3898,163,345.10787527500025,318.67899492500004
3899,163,252.94600920000005,291.48695814999996
3900,163,375.6590893500003,296.88378447499997
3901,163,352.04425269999984,300.042909825
3902,163,357.50787557500024,383.94168249999996
3903,163,240.07531709999995,382.51525484999996
3904,163,309.5102344500002,483.2463004499997
3905,163,352.66284555000016,379.21186312500004
3906,163,330.4898842,329.77117227499986
3907,163,331.2127244750002,294.616351925
3908,163,305.1160869500003,241.452424
3909,163,321.12036732500013,316.3763375499999
3910,163,331.6136476000001,297.21843299999995
3911,163,247.15350447500026,268.80081085000006
3912,163,218.1808102,233.85712750000002
3913,164,207.3775069750003,232.23664035
3914,164,195.39597400000008,221.4514673
3915,164,220.1592799,194.13068805000003
3916,164,246.61550905000007,182.91260014999995
3917,164,186.5515275,167.831970675
3918,164,242.28771337500012,176.76839482499997
3919,164,268.27326562500014,210.45056039999997
3920,164,293.3830580750001,240.40845335000003
3921,164,308.84443809999993,261.15019574999985
3922,164,288.8119494250003,240.33730589999996
3923,164,349.26871682500007,327.08596595000006
3924,164,338.7961192500001,313.79999832499993
3925,164,337.057026425,375.41409025
3926,164,321.37462770000025,323.73123684999973
3927,164,319.42789745000016,291.31192807499997
3928,164,306.91791215000035,316.09907117499995
3929,164,278.13028287500026,379.23982694999995
3930,164,347.5405329000006,365.1367390999998
3931,164,380.0090424000001,233.8700861499999
3932,164,307.3699055250001,308.10608222499997
3933,164,288.648002225,261.54085337500004
3934,164,263.144550975,244.438019075
3935,164,223.03172237500007,188.64719660000003
3936,164,227.1682291499999,205.13858385000003
3937,165,244.91178835000017,202.27937975000006
3938,165,183.56123035000013,225.8842879
3939,165,174.60534945000006,183.49809254999994
3940,165,174.59396064999999,152.0617624500001
3941,165,214.52069897500024,202.18671305
3942,165,195.02918540000007,246.79121354999998
3943,165,201.06119232500018,266.50114414999996
3944,165,264.91682552500026,274.984075775
3945,165,274.07894384999986,301.1843606
3946,165,330.31518955000047,338.14116985
3947,165,331.9882143,291.45913689999975
3948,165,282.45979125,323.43565552500013
3949,165,376.11041497500014,297.17477159999993
3950,165,295.76763940000006,300.97949819999997
3951,165,326.55424424999995,383.3223542499998
3952,165,297.3436170000003,337.22887412499995
3953,165,257.37204635000035,338.39620634999983
3954,165,325.73439142500007,303.49296667499993
3955,165,313.17153205,247.8867492249998
3956,165,282.8773971249999,289.12631917499994
3957,165,318.7688889000001,276.96469519999994
3958,165,285.0816005250002,277.58107572499983
3959,165,255.44906932499995,244.185835425
3960,165,218.8519314250002,229.95994547499987
3961,166,169.29967740000006,181.19618509999998
3962,166,148.7399011250002,172.72495542500002
3963,166,174.72364037500006,140.40163174999998
3964,166,164.93301467499992,197.32484755000002
3965,166,244.324066125,240.33874877499983
3966,166,253.9738035749999,201.38675109999997
3967,166,236.89714300000026,211.03303467499998
3968,166,282.4091467750004,244.9868605500001
3969,166,288.76958982499985,275.8772136
3970,166,300.440677,264.80503185
3971,166,355.99792449999995,318.0576952999998
3972,166,322.38552767500016,285.30468569999977
3973,166,271.7292544000003,304.9644136249999
3974,166,287.99799935000004,280.38255287500004
3975,166,377.4372293000003,335.86538967499996
3976,166,260.4128505250003,367.79573664999987
3977,166,338.73510817500005,277.5198124499998
3978,166,346.89286282500007,285.993485675
3979,166,294.2935711000001,314.531253275
3980,166,285.74384827500023,266.34013294999977
3981,166,254.01980637500006,295.61150787500003
3982,166,272.4838884,242.88413182499997
3983,166,261.8451618750002,217.99889627499996
3984,166,224.32475280000023,249.18118334999986
3985,167,175.80241687500006,192.30279512499993
3986,167,164.59120130000002,196.48899562499997
3987,167,161.7917362500001,162.437194675
3988,167,193.49717250000015,173.34822662499994
3989,167,223.45844155000015,220.68784085
3990,167,222.07031527500018,225.43228347499985
3991,167,254.928088125,205.30274242500008
3992,167,239.211981325,232.2265450499999
3993,167,240.97357102500004,311.0138625499998
3994,167,287.94812755000015,287.2281888
3995,167,369.9220470750003,285.18052735000003
3996,167,377.6121596500002,439.9800582250002
3997,167,296.84804844999996,282.89163915
3998,167,335.5860577750001,296.62623582500004
3999,167,291.50864300000023,449.25504107499995
4000,167,397.5137231,367.98584872499987
4001,167,258.4477786750003,364.39372504999994
4002,167,307.1613923250002,297.82226622499996
4003,167,328.679861575,271.1528522749999
4004,167,308.759669375,280.9173455999998
4005,167,306.29320065,343.70547732499995
4006,167,205.67469892500014,286.59701579999995
4007,167,200.38763970000002,239.77373259999985
4008,167,292.88487510000004,185.54701557500002
4009,168,178.03420437500006,238.94196457499987
4010,168,241.53523619999999,163.07688394999997
4011,168,169.01237347499995,169.17630242500002
4012,168,195.62216522500012,163.74092774999997
4013,168,162.00166510000003,178.45592164999982
4014,168,194.0435128750001,217.33891822499987
4015,168,161.6068297750002,249.71637577499996
4016,168,273.3213127,254.02258489999983
4017,168,300.052137625,260.52487329999985
4018,168,292.13674790000016,298.772845125
4019,168,346.38303640000015,369.2072505999997
4020,168,314.92476587499993,210.45872407499994
4021,168,269.4949782,255.69303182500005
4022,168,319.81182305000016,304.4566762249999
4023,168,340.77609277500005,293.51320707499997
4024,168,330.22622482500014,414.3054887500001
4025,168,374.35041020000017,227.4824083750001
4026,168,317.21534595000037,299.96252679999986
4027,168,254.18925297500004,343.74906369999974
4028,168,351.7134201749999,386.90275692499984
4029,168,269.89928997499993,312.70045379999993
4030,168,324.3346230500001,234.13844609999987
4031,168,219.30688310000016,228.99106632500008
4032,168,206.71363375000004,217.50828649999994
4033,169,163.17230542500005,175.40333979999994
4034,169,185.17809737500008,242.48339852499987
4035,169,180.76367035000015,137.77351457499992
4036,169,213.77499947500021,173.17713202499988
4037,169,162.82906177500016,234.86084912499985
4038,169,279.54670924999994,220.12967010000003
4039,169,258.3112992750001,273.98293259999997
4040,169,230.8748355250002,278.18465847499994
4041,169,261.7600800500003,248.10214309999984
4042,169,250.50601677500003,380.7604199999999
4043,169,307.239202775,369.62574855
4044,169,342.01690329999997,356.70251089999994
4045,169,353.55875130000015,346.15144295000005
4046,169,386.3968240250002,361.0113458750001
4047,169,329.43860514999994,365.2252793249998
4048,169,314.8902499999997,375.932202675
4049,169,354.5325787250001,396.80480012500004
4050,169,412.9610404000003,331.50483514999974
4051,169,295.5205505000001,283.1542689500001
4052,169,306.867732025,299.64159665
4053,169,292.991660175,336.374377075
4054,169,270.2622210750002,285.3767205999999
4055,169,226.19921270000023,245.73842054999983
4056,169,179.56032825000005,191.39676810000003
4057,170,174.74787037500005,173.709939775
4058,170,180.86226740000035,140.48812994999994
4059,170,160.25701792500007,182.30688797500005
4060,170,196.1896974249999,186.524232025
4061,170,217.01803862500003,199.109780375
4062,170,207.91092680000025,177.27210890000003
4063,170,205.07729365000017,246.48962202499987
4064,170,275.985631625,285.5769120500001
4065,170,220.23231775000022,281.40277534999996
4066,170,319.2431332250001,334.26908167499994
4067,170,319.81585979999994,309.6692660499996
4068,170,360.9155655750002,401.09073995000006
4069,170,322.74405375000026,318.515391475
4070,170,401.45667190000006,327.50954922499994
4071,170,416.89748367500033,360.8763212250001
4072,170,284.13908087500045,405.0416631500001
4073,170,318.15610842500007,328.58088399999997
4074,170,279.9614786250004,345.66725090000006
4075,170,364.8076630750001,356.5384660249997
4076,170,332.5591176500001,292.77739132500005
4077,170,278.9735451500001,295.48574815
4078,170,296.02004182500013,249.79098855
4079,170,239.81148802499985,229.39736924999977
4080,170,182.72602055000004,245.57674402499998
4081,171,212.6242888250001,199.8175826
4082,171,264.7109260750001,156.94152249999996
4083,171,139.1464437000002,216.82241442500003
4084,171,174.01923312500008,153.787019025
4085,171,216.42532205000006,169.660612225
4086,171,245.13936417500014,212.34602727499993
4087,171,251.97533457499995,270.7781860749999
4088,171,228.86558187499998,223.78926435000005
4089,171,317.7634079999999,335.7254588999999
4090,171,297.9795778750005,347.90878235000014
4091,171,407.62790845000023,384.97768694999985
4092,171,240.72325210000005,295.7338171250001
4093,171,281.92030869999996,328.82436787499995
4094,171,339.9954559,342.3544394749998
4095,171,285.4786978000001,367.63614022499996
4096,171,320.81422457500014,375.9052777999999
4097,171,377.34241387500003,329.82747129999996
4098,171,295.8004011500001,359.2161353749999
4099,171,349.3153961500006,336.07238562500004
4100,171,310.4608575500001,295.66430647499993
4101,171,270.6010551000001,372.00064115
4102,171,266.518502025,285.30890502499983
4103,171,240.6774006249999,252.58860167499995
4104,171,259.0754032000004,180.04869737499985
4105,172,182.38168787500004,226.22684902499995
4106,172,206.30730675000012,221.5373290249999
4107,172,156.2245779750001,206.11283804999985
4108,172,192.35768690000003,186.2442752999999
4109,172,155.94587269999994,184.438681675
4110,172,210.31663867500015,223.37325009999995
4111,172,254.42398637499997,238.1014253749999
4112,172,236.94654595000026,276.87503655
4113,172,272.1786901250004,280.27287999999993
4114,172,288.2670357750004,307.3681699499999
4115,172,364.0528991250002,353.7179958249999
4116,172,274.3954997999999,303.166309575
4117,172,278.43336975,354.03811932499997
4118,172,267.0815293500001,380.10405985000017
4119,172,315.1646032749999,355.1746056249999
4120,172,357.3152603000001,337.8594849
4121,172,292.1301974500001,340.78472439999985
4122,172,334.4046140500001,364.7298356499998
4123,172,301.50145250000014,330.36248969999974
4124,172,384.4068744,285.16736339999994
4125,172,370.8713059250003,249.00881892500013
4126,172,288.33268695000015,271.18274907499983
4127,172,266.11215915000025,237.45447714999992
4128,172,249.80235882499989,223.77025357500003
4129,173,183.65507980000012,199.12212039999994
4130,173,219.3053831250002,154.58689289999995
4131,173,181.1308889249999,169.65824532500005
4132,173,202.08066914999998,209.28133892500009
4133,173,181.6265688000002,198.89572005000008
4134,173,206.471570325,210.49343254999997
4135,173,193.77512000000002,180.93677144999975
4136,173,326.3397897250005,205.26849184999998
4137,173,279.2588670750002,262.42182949999983
4138,173,301.46937110000033,267.96835372500016
4139,173,363.57837467499985,330.0251501749999
4140,173,376.94445205,413.9135689999998
4141,173,324.82536185000026,367.16801055
4142,173,302.7230651499999,306.935183925
4143,173,352.5442050750004,339.405007575
4144,173,373.2748086500002,334.47950587499975
4145,173,347.65137147500013,318.50226017499983
4146,173,270.3496707749999,324.783736525
4147,173,244.1342626000001,311.8646679999998
4148,173,269.8538684999999,233.30985682499994
4149,173,285.07125387500025,291.1909960499998
4150,173,253.74182360000015,274.9419066999999
4151,173,237.75195659999983,217.79566907499998
4152,173,234.5978311750001,224.13280727499995
4153,174,248.05694127500027,202.91991312499997
4154,174,148.71456072500007,248.9535347999999
4155,174,191.04190185000016,172.3439409
4156,174,227.2111688250002,191.84815215
4157,174,158.3566522249999,220.1338879
4158,174,158.85474444999988,186.11989817499997
4159,174,173.2772249499999,169.20312972499988
4160,174,180.3577193749999,282.63793705
4161,174,246.97712847500014,269.0634100000001
4162,174,208.77846002500013,276.5136797749999
4163,174,287.54492345000006,258.23466060000004
4164,174,334.12495327499994,249.59687887500002
4165,174,272.61216200000007,231.2984406999999
4166,174,226.24264199999988,283.06710540000006
4167,174,302.87555120000036,251.55293007499998
4168,174,247.24864257500013,278.1106418249999
4169,174,279.65140637499997,282.1838319750002
4170,174,256.65298034999995,348.693218
4171,174,268.67017975000005,315.6066581499998
4172,174,286.2335542500001,277.3164888749999
4173,174,242.46257472500005,285.56548225000006
4174,174,280.38997485000016,208.32161630000004
4175,174,221.55753192499992,216.13660279999993
4176,174,190.17600330000008,196.4205944499999
4177,175,158.04110762500005,135.96517532500002
4178,175,154.26020720000002,196.02522672499998
4179,175,172.9597249500003,173.21090870000006
4180,175,221.77559240000005,206.95258995000003
4181,175,197.54980024999998,190.64273290000006
4182,175,243.30568522500027,148.5939495499999
4183,175,215.87882440000004,212.3823268499999
4184,175,215.26498667500013,266.20890034999996
4185,175,247.7981958250003,218.59906374999989
4186,175,264.43997712500015,216.004728875
4187,175,289.0922966750002,344.30534239999986
4188,175,344.0036474750002,254.87856872500004
4189,175,229.44542072500002,247.71240609999995
4190,175,320.79481617500034,240.66659655000012
4191,175,319.65303552499995,259.6527220249999
4192,175,231.38841332499993,353.83624384999985
4193,175,318.59356752500014,251.11556939999974
4194,175,287.73225902500053,342.32906052500016
4195,175,222.30788560000016,275.8036726249998
4196,175,288.26686009999986,323.8402100249999
4197,175,235.8127746750001,271.1040844249999
4198,175,237.95268942500007,304.8584050500001
4199,175,257.8566780499999,187.68582770000006
4200,175,189.91320820000004,144.829617525
4201,176,187.18904235000025,149.12216465
4202,176,161.3573970249999,185.4642820249999
4203,176,171.49831985000003,179.716727
4204,176,170.73610985000013,157.84898697499995
4205,176,209.03116447500017,227.87048635000008
4206,176,197.21796862500022,168.19343242499997
4207,176,217.84292410000006,215.07538140000014
4208,176,260.55638280000016,286.01545955
4209,176,218.79841147500025,296.4836713749999
4210,176,277.1647042750002,348.5136768999997
4211,176,255.84267940000012,307.98351087499987
4212,176,275.74189712500026,299.1338484250001
4213,176,350.8093487750002,385.441686625
4214,176,367.9182034000005,335.4707283249999
4215,176,320.22870955000036,351.07570037499994
4216,176,361.5084254750009,282.50566734999995
4217,176,341.9229701,238.0979271999999
4218,176,235.77141272499998,273.9623505750001
4219,176,339.93617877500037,337.3074497499998
4220,176,281.5895176250002,274.9826961999999
4221,176,297.3710894000002,259.73740892499984
4222,176,251.69755680000014,277.40387279999993
4223,176,225.26803322500007,202.24474202499982
4224,176,222.09556005000007,193.30432039999997
4225,177,181.22777325000004,224.116680925
4226,177,151.8881147000002,200.96832325
4227,177,172.062190775,170.90312932499995
4228,177,195.6324081250001,174.76867987500003
4229,177,192.94642705,169.69809100000003
4230,177,216.69272252500022,212.24926532499995
4231,177,228.1875220999999,206.90891349999993
4232,177,237.82995147500006,286.5282911999998
4233,177,252.42091192500058,287.4332376499999
4234,177,312.7980787500004,317.1882671999998
4235,177,305.2168018250003,256.6599550749999
4236,177,316.5933178750001,389.50786685000014
4237,177,362.8427130000002,280.92919030000013
4238,177,330.79896505,323.67876242499983
4239,177,296.85409470000013,364.59783527499985
4240,177,411.3810783000001,257.3458298999999
4241,177,336.864466875,404.7845445749999
4242,177,299.153587075,239.28841850000003
4243,177,301.19845690000017,367.9192405249996
4244,177,369.76717907500006,226.41633687499996
4245,177,304.0363653750001,231.63744994999985
4246,177,289.497746425,251.65352770000004
4247,177,256.8633799500002,254.09598622500016
4248,177,238.7308143500003,206.63627552499986
4249,178,145.41051604999987,188.24324017499995
4250,178,238.71717117499992,133.08715802499987
4251,178,170.26989822500002,211.86296344999997
4252,178,193.55230324999988,212.5583933999999
4253,178,189.0812424500001,198.4156335500001
4254,178,189.41976172500011,201.48362812499988
4255,178,264.8173090000002,254.41152827499997
4256,178,246.09265532499992,253.91386909999983
4257,178,299.3072536000002,264.0547452999999
4258,178,282.04002112500007,276.1979483
4259,178,322.17057975,408.51933392499984
4260,178,247.32537250000013,357.1622187999999
4261,178,260.6173144999999,359.3978503750001
4262,178,378.1790964000005,337.6524887499998
4263,178,286.82621325000014,291.4274527999997
4264,178,303.3024058000002,328.971610575
4265,178,333.36894525000014,276.03436827499985
4266,178,378.0652031000001,356.45541712500005
4267,178,346.40227622500015,319.6267059500001
4268,178,243.478119075,316.42019272500005
4269,178,330.56787954999993,259.8839259999999
4270,178,224.39936597500014,269.2904695500002
4271,178,271.35520670000005,260.9385130499998
4272,178,210.75084242500026,227.07462934999992
4273,179,159.53741160000007,207.14042962499997
4274,179,227.65121932500017,180.14804217499997
4275,179,207.0002690749999,199.27909117500002
4276,179,208.27752427500008,198.8380487500001
4277,179,176.24007247500018,157.41785782500006
4278,179,268.9358497500003,226.46591055
4279,179,237.6394788250002,228.3285009750001
4280,179,241.5348052750002,271.4476501749998
4281,179,271.4413144249999,386.447531775
4282,179,312.48343984999997,284.0305921249999
4283,179,392.0071684750003,373.16090272499986
4284,179,291.8948044250002,369.464871625
4285,179,389.3373867500001,359.0428416999998
4286,179,331.9687995500001,381.0685636999999
4287,179,335.4777903500002,351.93209172499985
4288,179,344.4605100749998,293.5882244249998
4289,179,358.58640572500036,401.0573726
4290,179,445.8042050250003,345.02172272499973
4291,179,325.6880961250003,380.47827484999993
4292,179,281.875968875,285.007286275
4293,179,311.7374110750002,337.77981339999997
4294,179,244.4237777750002,279.9246303999997
4295,179,263.55057222500005,268.6699810500001
4296,179,184.7848519499999,227.27764864999983
4297,180,171.33906585,182.03039875
4298,180,192.9383670250004,181.2694204249999
4299,180,214.6009889000001,168.95311775
4300,180,190.03377065,158.36387965
4301,180,195.5238924,175.6231961
4302,180,206.25665314999998,228.45638019999984
4303,180,185.00672607500002,272.53192812500004
4304,180,256.8373429,231.82112962499997
4305,180,304.5803424000002,246.57936992499987
4306,180,285.1540627250001,334.4053300249998
4307,180,373.0120171750001,358.14728855
4308,180,312.8052005000002,373.8427748999999
4309,180,345.41997127500025,363.5883775999997
4310,180,262.64424517500004,386.61014297499986
4311,180,325.41178047499994,330.74773652500005
4312,180,314.80874602500035,315.94988497500003
4313,180,366.1878389500009,312.929252225
4314,180,305.94945047500016,283.37515139999994
4315,180,419.67755835000025,313.5812984999999
4316,180,275.5127989,329.10618032499997
4317,180,271.7083588250001,329.064809975
4318,180,241.97930855000004,283.11282337499983
4319,180,246.8181968000004,280.42739525
4320,180,226.69068487500024,190.89422560000003
4321,181,235.7695884000001,179.30655072499994
4322,181,195.16511330000014,237.05940182499995
4323,181,204.18855779999996,161.058221025
4324,181,184.69249942500016,187.213575725
4325,181,204.24880125000004,223.57350317499998
4326,181,194.5458489000001,191.6560052249999
4327,181,200.05478867500008,286.034884175
4328,181,278.9834564250001,251.9852924749999
4329,181,293.0195329500001,283.9092214000001
4330,181,259.4658628000002,361.51692820000005
4331,181,312.535383175,274.74230757499987
4332,181,306.16275040000016,318.2942435499999
4333,181,330.19914862500025,310.4407678000001
4334,181,335.6661763750003,399.4043519250001
4335,181,332.78029017500046,314.78123615000004
4336,181,327.8748184000001,295.12572114999983
4337,181,346.3313062000003,322.0024148749999
4338,181,352.61866635000024,357.01139784999975
4339,181,325.79860675,310.2928394999998
4340,181,294.5285126750003,269.7692294
4341,181,262.4259451500001,246.25632024999987
4342,181,278.6877417500001,291.5278291249999
4343,181,214.0448377000001,220.09085757500014
4344,181,259.9543380999998,220.01749564999992
4345,182,211.10019959999988,202.350664
4346,182,192.93776384999998,153.90334104999994
4347,182,189.8291199000002,164.77089517499988
4348,182,187.27938087500021,182.33319892499998
4349,182,163.69343465000003,206.40374777499997
4350,182,227.2636819750001,194.6636161
4351,182,216.39292125000017,211.57644504999976
4352,182,243.11020767500008,193.15363472499993
4353,182,228.19383027500004,273.20477364999977
4354,182,295.77644205000024,292.1794817250002
4355,182,313.719761425,320.95211052499997
4356,182,362.23984127500023,308.8136346750001
4357,182,216.52050597500013,281.95692914999995
4358,182,324.9194721000002,245.61615655000003
4359,182,303.52560887500033,252.48749264999992
4360,182,254.9150115999999,265.72864675000005
4361,182,292.3645691500001,242.3316466249999
4362,182,356.1304742750001,302.3622444749997
4363,182,272.5500521000007,282.2292806750001
4364,182,248.49890282500002,333.95022312499987
4365,182,261.76398847500013,286.9663489499998
4366,182,223.28161802500023,297.10159327499997
4367,182,184.9893530750002,222.8541760500001
4368,182,207.06307705000012,219.2320385499999
4369,183,185.07247737500015,172.24950787499998
4370,183,158.32744657500012,178.08978064999985
4371,183,177.94202532500026,168.50818432499997
4372,183,176.29467562500022,183.21891702499994
4373,183,162.41432415,174.87714189999997
4374,183,216.54920512499993,217.42011117500005
4375,183,235.71952600000014,235.93475914999993
4376,183,224.37881645000013,270.61009685000005
4377,183,298.03592845000037,192.04254750000007
4378,183,328.7903992500003,336.97412152500004
4379,183,361.85836172500035,350.4083365749998
4380,183,422.42678832500013,332.16931182500014
4381,183,444.38408277500014,378.83547935
4382,183,318.4181401000001,407.888453225
4383,183,354.36468820000005,369.69906477499995
4384,183,325.1943997500001,405.09277217499994
4385,183,336.927778675,336.071434575
4386,183,296.7841277,296.03980452499997
4387,183,294.27886067500003,289.24881815000003
4388,183,303.45664177499987,279.967006
4389,183,255.25558845000006,256.155462875
4390,183,289.0670082250001,263.5534106499999
4391,183,195.88138057500004,231.49236822500006
4392,183,211.36831597499977,184.10706935000002
4393,184,159.85304185,207.61529467500006
4394,184,201.85431677499992,216.119428775
4395,184,174.3458390250001,161.21081300000003
4396,184,179.9329603500001,182.2424538499999
4397,184,242.58046195000009,177.97269167499994
4398,184,194.36656527500014,175.44559272500004
4399,184,217.69275000000005,247.54366947499983
4400,184,279.1094059500001,248.42208185000004
4401,184,295.76116664999984,317.49001897499977
4402,184,295.667471375,324.14954482499974
4403,184,334.5119768500002,297.15541805
4404,184,326.9271104500002,360.54972102499994
4405,184,300.57164450000016,402.8242445749997
4406,184,375.9615342500002,414.6216630000001
4407,184,357.38116287500014,335.7799853749999
4408,184,413.07250727500013,331.746501525
4409,184,322.08042694999983,429.22720854999983
4410,184,266.1449668499999,335.54016482500015
4411,184,325.9451061750003,349.74489349999993
4412,184,289.6057893500001,275.76771657499984
4413,184,203.93185872499998,279.8897103250001
4414,184,285.1313823250001,248.440136875
4415,184,179.4626882,266.59641847499984
4416,184,175.1167038500001,196.0241378000001
4417,185,191.61269857499997,179.42072227499995
4418,185,222.30548215000044,187.056174725
4419,185,149.56509510000006,142.64840120000002
4420,185,140.172666975,166.70346939999996
4421,185,208.5952141250001,173.16908134999989
4422,185,205.47454057500022,218.03719004999994
4423,185,185.2679017500001,201.3592706249999
4424,185,204.56357442500007,220.58369695000005
4425,185,210.18464690000008,239.47081552499992
4426,185,321.51211532499997,351.47656089999975
4427,185,224.84310917500005,357.97953167499986
4428,185,291.69138574999994,350.23239837499995
4429,185,238.73224202500018,317.82103155000004
4430,185,291.13328259999986,268.59705177499984
4431,185,315.1249224750004,268.3567410750002
4432,185,279.8026843250001,265.7226119499999
4433,185,273.2342742500001,257.30084492500015
4434,185,296.78133945000025,283.7319535499999
4435,185,225.83676367500038,255.9603930999998
4436,185,258.2779048250004,281.70891835
4437,185,249.38817802500003,231.6878195249999
4438,185,200.82940427500012,338.4834462249999
4439,185,226.3942904749999,164.65230452499995
4440,185,179.19850687500002,244.80773712500002
4441,186,188.85701855000013,181.0392251749999
4442,186,215.91407317500014,189.13250519999985
4443,186,185.23856435000016,185.254411775
4444,186,169.64576079999995,182.78184147499994
4445,186,193.23972427500001,183.08909907499992
4446,186,192.79157919999997,186.30488164999997
4447,186,262.25310170000023,240.34637399999986
4448,186,268.60449192500005,251.4203853500001
4449,186,347.6707612500001,315.25435339999996
4450,186,257.4294536250002,348.7187954
4451,186,340.3883438750004,327.31766162499986
4452,186,340.85889387500026,350.8396849749999
4453,186,344.61408977500025,307.62530534999973
4454,186,304.9062141,299.2477685249998
4455,186,280.5178362500002,317.32303142499995
4456,186,322.3821271500002,255.64242289999984
4457,186,370.6315485000001,326.11024392499996
4458,186,345.3810171250001,299.50085397500004
4459,186,273.74220950000006,242.75246714999994
4460,186,355.2191547000001,241.14696965000013
4461,186,262.61367740000014,299.5781283
4462,186,176.09346057499997,278.34718144999977
4463,186,205.28254075000012,236.1065642999999
4464,186,183.42934672500002,203.99203179999995
4465,187,209.4622156500002,218.00320812499996
4466,187,239.90858052499993,183.27086742500006
4467,187,197.05017892500024,205.00734767499995
4468,187,149.89127287499986,204.21284187499998
4469,187,189.9501113000004,214.91669712499984
4470,187,231.58474877499992,227.84601039999993
4471,187,232.82634097500022,228.573491025
4472,187,257.9420996499999,209.39414907499983
4473,187,330.13998305000024,297.31367397499986
4474,187,321.33842217499995,353.52313700000013
4475,187,474.95041815000036,335.51468682499996
4476,187,378.95147475000005,297.8144599
4477,187,290.90881027499995,359.9659682749999
4478,187,297.65458652500007,327.8604376999999
4479,187,371.47054945,339.16219929999977
4480,187,319.0398846250001,338.3953077749999
4481,187,227.76871299999982,296.4634151
4482,187,299.8823603750001,286.74812212499995
4483,187,320.75899130000016,266.736835675
4484,187,317.74573042500003,320.2426267999999
4485,187,294.17227677500017,276.4452805499999
4486,187,240.75505215000004,290.8539249749999
4487,187,284.7682913,193.13075089999995
4488,187,255.99502527500007,175.91741957499994
4489,188,221.38099427500015,202.99470297499997
4490,188,193.95244845000042,172.51643245
4491,188,148.35582435000015,204.27017557500005
4492,188,192.05488887500024,161.620589375
4493,188,177.02434595,197.9123004749999
4494,188,193.90183099999996,186.40790507499997
4495,188,198.0389748250002,207.98250735
4496,188,189.8455733000004,259.6818368999999
4497,188,297.8442490750003,259.41527614999995
4498,188,303.32507402500016,367.89400485
4499,188,331.7702073500001,347.19256190000004
4500,188,301.8259128750001,279.2619310749999
4501,188,373.92361407500005,256.68098827499983
4502,188,337.74555442500014,261.58364214999995
4503,188,305.90360735000013,398.3461804499999
4504,188,379.60816739999996,368.0842856999999
4505,188,318.81929952500036,320.6855077250001
4506,188,308.1385712250001,347.17405072500003
4507,188,318.57931765,332.02171847499994
4508,188,216.35599295000003,263.81248834999985
4509,188,311.76346652500007,241.60604484999993
4510,188,263.2950246749999,260.05153664999995
4511,188,269.5856726000002,254.1753662499999
4512,188,240.6263440500001,236.03501557500002
4513,189,217.41537125000002,201.96782715000003
4514,189,180.28043042499996,186.03231385000004
4515,189,178.86823325000003,181.37015145000004
4516,189,178.33204629999986,180.5310452749998
4517,189,183.656357125,172.3223155249999
4518,189,193.0303477,234.41782829999988
4519,189,221.38138195000036,218.32642372499996
4520,189,289.83350462499993,240.28839187499995
4521,189,254.976111975,244.87962655
4522,189,295.21952865000014,259.87350104999985
4523,189,296.3210006999999,334.5313865749999
4524,189,301.5793273499999,339.41636487499994
4525,189,343.04610230000014,357.2273784250001
4526,189,330.16758700000014,307.6943743249998
4527,189,238.50801810000007,349.74592139999993
4528,189,306.6778215750003,261.79484437499985
4529,189,282.327503925,381.5856251750002
4530,189,300.1547313,384.7515641499999
4531,189,291.15382300000016,341.55034880000005
4532,189,395.4524035500002,285.64616617499985
4533,189,273.46792697500007,287.8340945
4534,189,349.6065002250005,271.45403615
4535,189,236.34049835000036,233.42484362499982
4536,189,173.6560249000001,191.95705552500002
4537,190,188.77308422500005,200.6639481999999
4538,190,152.0561536000002,203.11587950000003
4539,190,158.4493249749999,200.04054794999993
4540,190,246.69000067499988,138.61124122499996
4541,190,187.90703505,172.02663815000005
4542,190,251.9663330000002,234.1580931999999
4543,190,272.4691768250003,265.48873092500014
4544,190,280.37701155000036,253.54738342499977
4545,190,303.57523002500034,338.8890360249999
4546,190,348.95994835,253.2773152750001
4547,190,310.13340747500024,348.39098555
4548,190,330.79571207500015,338.71784902499996
4549,190,324.5236284,313.3879093999999
4550,190,449.77041552500043,340.1040779749999
4551,190,298.9990099750005,472.76672747500004
4552,190,387.12545405000014,337.1657991750001
4553,190,368.13647095000056,394.2514939499999
4554,190,391.71525282500045,277.5712848000001
4555,190,334.3818957500001,404.7662955000002
4556,190,285.50008240000017,366.8363985999999
4557,190,365.40166342500027,403.0284836249997
4558,190,342.9766092750003,343.6646483249998
4559,190,282.65683885000016,255.91633872500012
4560,190,245.64673269999986,256.44679644999997
4561,191,216.40245377500014,238.9958504999999
4562,191,227.42897752500028,312.518355675
4563,191,221.1038415,172.61710199999993
4564,191,251.43145640000034,222.63355587499981
4565,191,210.45457947500023,190.38704950000007
4566,191,207.91949277499992,239.18760035000005
4567,191,299.43047710000025,258.07583002500013
4568,191,237.8409880999999,256.3575698
4569,191,252.70104965000007,321.8920246
4570,191,291.4698986750002,301.84256722499987
4571,191,320.75377007500003,458.4796356999997
4572,191,486.6600236500005,441.22662690000004
4573,191,344.87020610000025,470.095332575
4574,191,390.8828397250002,323.71117717499993
4575,191,509.43784515000016,360.172025825
4576,191,354.7120593750002,385.16292457500015
4577,191,367.77471407500053,372.1255844750002
4578,191,408.12865765000026,422.5519501749999
4579,191,398.72333444999975,471.0732450749998
4580,191,371.2107560749999,390.62319190000005
4581,191,333.0808626250001,357.4574696499999
4582,191,295.48818132500014,290.68733385
4583,191,255.51069325000006,313.9314549249999
4584,191,251.28225667500027,232.10320889999997
4585,192,236.37445582500004,237.85115707499995
4586,192,269.0088662249999,212.19981384999977
4587,192,193.7840613250004,198.74986754999998
4588,192,174.50111117499998,250.13500772499992
4589,192,206.87209097500005,257.6373487999999
4590,192,205.53763627499995,209.94296682499998
4591,192,317.9987100000003,268.6947256999998
4592,192,269.10354135000017,279.61482909999984
4593,192,315.23499692500025,301.45051464999995
4594,192,367.7488955,296.8142375750001
4595,192,463.38163595000003,289.980298425
4596,192,450.2322457000001,475.9869669249996
4597,192,377.0314903749999,474.2964477999997
4598,192,399.01352692499984,333.691219675
4599,192,460.56310122499997,373.3975512999998
4600,192,370.48137315,375.40678307500013
4601,192,349.5437760500001,457.8596416499999
4602,192,380.6842996250001,393.04720054999984
4603,192,441.42989140000026,413.60855975000004
4604,192,312.1500317000002,371.7686162
4605,192,305.93124172500035,393.5542448249998
4606,192,345.94518840000023,301.5663020249999
4607,192,253.84248330000023,336.38459557500016
4608,192,200.23519360000012,190.92670255000004
4609,193,227.09377627499998,223.229044375
4610,193,240.71526162500004,222.31197887499997
4611,193,204.33971434999998,226.65167045
4612,193,213.6386459500002,208.32676687499998
4613,193,206.7151867000004,220.38749574999974
4614,193,280.34284357499996,235.0390788750001
4615,193,260.0158133250003,283.10803777499973
4616,193,296.13931832500015,256.98792287500004
4617,193,360.5746981000001,309.54474744999993
4618,193,349.98345682499996,391.12739270000003
4619,193,300.09463525,458.24531579999973
4620,193,434.99778960000015,335.4796370499998
4621,193,374.8820364250005,337.88406287500004
4622,193,364.9670579750001,358.83658875
4623,193,357.6864806250003,451.6826184999999
4624,193,381.7141535750002,387.0376948249999
4625,193,275.999614125,397.29914302500003
4626,193,296.73320175000026,359.5168826
4627,193,296.8378156500004,389.2282292999997
4628,193,329.42596422500037,357.5107720500001
4629,193,298.64750665,342.5180391749999
4630,193,317.5434219,341.87970172500013
4631,193,292.14583490000007,231.76892324999994
4632,193,266.9054922250003,233.18370304999996
4633,194,205.78793422500001,202.38760167499998
4634,194,283.80897140000013,183.3343398
4635,194,262.965242975,196.28679824999986
4636,194,159.32779767500008,208.4929930749999
4637,194,239.02830905000025,184.23250644999996
4638,194,201.93896482500003,290.0614102499999
4639,194,267.11107025000024,251.59938710000003
4640,194,271.80995565,298.5109510499999
4641,194,292.08013335000004,274.4091858000001
4642,194,438.82042840000037,397.3862916749998
4643,194,454.6455050500005,305.50939324999996
4644,194,318.8356794500006,402.45939440000006
4645,194,413.5645952250004,307.08128379999994
4646,194,438.32776200000023,312.22643617499983
4647,194,417.3326625000001,431.1408634999998
4648,194,393.6766552500002,329.6170315749998
4649,194,325.33342375000007,431.31517514999996
4650,194,360.94648977500026,320.9942581
4651,194,296.18167297500014,319.18457465000006
4652,194,337.07674050000014,384.008084475
4653,194,305.6650316250003,278.06366502500003
4654,194,308.92563320000016,276.493081475
4655,194,207.5491290250003,255.01490752499998
4656,194,224.3614549,191.9699053500001
4657,195,180.95723437499998,206.25484077499996
4658,195,204.83615155000012,165.3413058
4659,195,165.07059027500014,165.6655085999999
4660,195,182.97268797500013,178.01269922500006
4661,195,208.6828798250001,255.9544429749999
4662,195,221.63605295000025,209.76585264999986
4663,195,226.45401510000022,223.95229602499984
4664,195,244.3949889000001,285.1476091999998
4665,195,245.32847289999995,275.7155255
4666,195,344.94307652500027,356.67218295000004
4667,195,361.8836545750001,362.509608175
4668,195,303.74617252500013,338.45584259999987
4669,195,319.70681672499995,373.88978700000007
4670,195,377.6246885500003,246.86546662499993
4671,195,282.288648875,336.0550339499998
4672,195,377.8663063500005,297.43241445
4673,195,392.37990994999996,395.2345720999999
4674,195,299.7545837500003,339.6588655999998
4675,195,334.4239284,376.0357916249999
4676,195,279.5585395249999,269.0047796250001
4677,195,281.3815192750001,253.66286462499983
4678,195,244.55135257500012,308.06399812499984
4679,195,229.03357289999994,223.95277894999998
4680,195,243.14289645000008,203.7505191250001
4681,196,198.26455637500004,162.32236555000003
4682,196,193.181468075,193.8369276749999
4683,196,192.19654840000032,179.64918052499993
4684,196,190.99807592500025,201.3275261749999
4685,196,199.07250927500036,216.87158287500003
4686,196,220.99519572500026,222.78088802499988
4687,196,207.0961049,176.530326125
4688,196,280.93255472500005,152.95356895
4689,196,281.0533406749999,307.63622704999966
4690,196,267.00053307500013,295.8224314749997
4691,196,256.64332367500003,320.2294611000001
4692,196,300.410206,319.38637219999987
4693,196,267.6781501750002,386.72053595
4694,196,298.4114302000001,332.10038962499993
4695,196,271.93313042499994,335.5595881750001
4696,196,271.292424375,406.78941180000015
4697,196,334.5754935750002,337.9501753249999
4698,196,322.48101632500016,252.68177047499995
4699,196,303.77820299999996,331.066995175
4700,196,237.9839706250001,238.84782759999996
4701,196,264.2342971500003,287.1887444250001
4702,196,246.84396212500005,209.73858412499996
4703,196,203.6760974500002,173.05617599999997
4704,196,195.31440479999998,198.64302859999998
4705,197,163.79807407500005,236.99522777499988
4706,197,205.14229555000023,147.82741047499997
4707,197,167.95813380000007,152.414475875
4708,197,180.24668922499995,192.85962845
4709,197,194.19809275000011,237.38031772499988
4710,197,200.088999575,198.72421134999996
4711,197,250.1743501250001,248.09399734999994
4712,197,310.4742058500003,230.96300789999992
4713,197,259.66968470000023,274.5042939499998
4714,197,328.8046184000001,289.9775505250001
4715,197,327.118794325,421.76879812499993
4716,197,361.0356349750001,337.23326232499994
4717,197,387.21476060000003,309.0996329750001
4718,197,380.50953915,334.32341722499996
4719,197,265.75180695000034,407.1038790749999
4720,197,349.84116480000034,364.0862601
4721,197,288.5487478000001,268.48897159999996
4722,197,379.77486759999994,378.23093007500006
4723,197,325.81955819999996,244.31327322499996
4724,197,273.9466137999999,284.92063882499997
4725,197,264.812171625,233.06413442499988
4726,197,281.71993822499996,296.577733825
4727,197,170.6213884500002,221.12251312499987
4728,197,191.30406522500022,200.80956017499994
4729,198,208.5219917250001,213.00032514999998
4730,198,143.8754611500001,171.132530025
4731,198,156.54273597500008,231.44056597499997
4732,198,190.48809822500016,210.45558477500003
4733,198,199.20918090000015,183.27496662500005
4734,198,212.32653642500014,212.66356902499996
4735,198,250.52996570000036,266.67025457499994
4736,198,258.74975157500006,262.89306555
4737,198,220.69148769999987,280.1515272999998
4738,198,326.7971116250003,324.58965772500017
4739,198,358.02116532499997,320.51246037500005
4740,198,273.85923047500006,315.47153369999984
4741,198,236.28631107500004,306.5565398999998
4742,198,309.63850100000013,279.19326889999996
4743,198,276.6857479750001,308.395232725
4744,198,312.982540975,319.3995557249999
4745,198,368.9911308000005,320.07095494999976
4746,198,297.5426251750002,266.10092475
4747,198,292.07229440000026,300.89630322500005
4748,198,308.67569552500026,294.32419174999984
4749,198,198.91694120000005,288.8683816
4750,198,242.15812280000014,279.74000882500013
4751,198,240.5971330750004,233.96966175
4752,198,215.33773690000015,144.69993562500002
4753,199,201.24644795000012,194.48170074999996
4754,199,183.47631690000003,169.42704177500002
4755,199,185.1451636500001,182.87977365000012
4756,199,200.5659060750001,229.4609585749999
4757,199,199.91748554999995,146.22349344999992
4758,199,183.42454352500005,213.23125864999997
4759,199,219.46708715000017,235.79448972499995
4760,199,189.44967675000004,271.2693727249998
4761,199,285.67856642500016,326.8438187249999
4762,199,279.9208239500001,343.92959440000004
4763,199,301.3230662750001,353.810140275
4764,199,313.16316955000013,339.89260499999995
4765,199,311.94122805000006,264.822404775
4766,199,375.4074887500002,332.23696234999977
4767,199,304.01229690000025,318.2226011749998
4768,199,394.8498959750001,302.8994043999998
4769,199,389.8554974750001,289.8012988500001
4770,199,312.631178825,295.3920173250001
4771,199,306.64334577499994,336.62197817499987
4772,199,267.7982579750002,293.50032924999994
4773,199,260.7450518750002,318.3627896499999
4774,199,296.2983261499999,241.41444020000017
4775,199,193.85041990000002,235.80650342499996
4776,199,183.47203665000012,229.73579122499996
4777,200,161.58583232500013,220.78901645000008
4778,200,197.16103655,238.83543862500005
4779,200,151.77825057500002,172.14544577499993
4780,200,197.03621652500027,156.44047277499993
4781,200,207.86822054999996,172.88049595
4782,200,228.69161977500013,223.14904984999998
4783,200,272.36640582500013,202.3193366
4784,200,260.77944762500033,260.85367990000015
4785,200,301.47877802500017,354.82331252499995
4786,200,376.4480020750002,320.4870279999999
4787,200,362.5969212000001,380.52294090000015
4788,200,419.6563029750004,295.8114584499999
4789,200,379.39048037500027,429.28434594999993
4790,200,343.5118184750003,345.74282015000006
4791,200,367.9108085250004,352.3247977499999
4792,200,317.4813269500005,381.7047459749999
4793,200,393.74643307500037,380.61380184999996
4794,200,431.5174513000001,342.81473994999993
4795,200,318.74063670000044,356.69045495
4796,200,346.37141065000014,299.1244455499999
4797,200,331.14264360000016,315.64950332500007
4798,200,309.41596577500025,356.1832174499999
4799,200,329.47602617500013,231.617259725
4800,200,265.3697438500003,251.64091159999995
4801,201,217.5967372250001,236.835287
4802,201,238.65760330000012,168.48092655
4803,201,220.03309060000026,195.64941405000002
4804,201,187.6537861000002,185.83676632499999
4805,201,240.22595497500043,174.50203287499994
4806,201,198.19570677500016,243.15322197500006
4807,201,277.50475545000006,252.958133475
4808,201,334.0320973000004,277.987630975
4809,201,322.60263495000004,348.0047774249997
4810,201,357.324657575,334.8322471
4811,201,362.8654707000004,307.33744860000013
4812,201,373.4349291249998,383.9861369250001
4813,201,335.99402692500007,346.18067715000007
4814,201,488.0030954500003,372.30938657499996
4815,201,383.2477682,411.40433229999996
4816,201,477.98234807500006,373.572676075
4817,201,395.05188065,407.63730844999986
4818,201,365.4961705000005,372.54249195
4819,201,393.6970593750001,391.26533359999985
4820,201,341.61149765,315.50490927499993
4821,201,244.600360025,299.539575925
4822,201,364.26862637500017,276.414154375
4823,201,213.27470690000013,334.14721579999997
4824,201,199.5607113000002,232.26286270000008
4825,202,218.22333130000013,237.19288077499994
4826,202,233.9439885750001,183.59192059999992
4827,202,177.157719025,245.31702472499995
4828,202,200.29879257500016,215.0147897
4829,202,216.24125475000002,203.38219757500002
4830,202,200.75190447500006,183.3563292749999
4831,202,275.78565280000015,233.7021594749998
4832,202,283.7312027500005,286.0729923999998
4833,202,292.5787583000006,323.5984520749999
4834,202,273.36921647500003,328.5997450000001
4835,202,346.22309025000027,395.10111489999997
4836,202,386.4880315250001,372.1848080499998
4837,202,300.15815009999994,420.91601497499994
4838,202,382.4367614749999,327.4393494499999
4839,202,335.8656433,362.57162579999977
4840,202,395.631816425,283.3407359000001
4841,202,339.4638013750002,350.121574725
4842,202,356.423664175,370.38291482500006
4843,202,358.6858672750006,363.9935849499999
4844,202,274.0205640000004,264.69280914999996
4845,202,342.4026044500001,326.87890964999997
4846,202,215.96215602499987,323.54846392500014
4847,202,257.80425920000016,230.90242864999993
4848,202,264.4944941000001,262.1515491499999
4849,203,224.92419457499997,202.04529422499996
4850,203,206.5519881500004,206.7136233499998
4851,203,198.4813023499999,253.16581689999998
4852,203,208.70603574999996,192.3401959
4853,203,230.14155382500007,143.57873364999995
4854,203,263.06945985000027,218.9567467999999
4855,203,265.05716770000015,176.47442992499984
4856,203,248.22120264999995,220.4766104999998
4857,203,246.28571370000006,283.24307822500003
4858,203,387.1170892250002,322.797725475
4859,203,358.29593622499993,286.48976379999976
4860,203,268.7641062000001,391.8414025
4861,203,379.0495139500003,382.7164974000001
4862,203,312.79944035,362.0324409249999
4863,203,412.00296670000046,366.2034240999999
4864,203,308.6819607250001,350.4165973249998
4865,203,349.33933282500027,500.0494560499999
4866,203,284.5431952750002,354.34923497499983
4867,203,493.2331285249999,343.10677879999986
4868,203,369.0738245750001,346.0033992
4869,203,259.85927030000005,326.1600213
4870,203,315.27641437500006,316.30823759999976
4871,203,219.03706790000007,249.59464602499992
4872,203,242.352835575,201.49867975000006
4873,204,202.774951975,185.89400462500004
4874,204,158.01996077500002,162.24544832499993
4875,204,192.50287220000007,189.8513049
4876,204,223.24339717499996,169.29818324999997
4877,204,200.66751785000005,219.41594497499986
4878,204,214.92196670000004,232.65577565000007
4879,204,270.8158159250003,218.38463754999998
4880,204,285.1244930500001,219.68298527499985
4881,204,331.16653910000014,380.6405529499999
4882,204,350.93867100000034,360.7171532
4883,204,384.52679884999986,334.87679304999995
4884,204,509.9859296750004,368.2884500749999
4885,204,358.1308935000003,436.5865158249999
4886,204,423.7582325250004,355.9577095500001
4887,204,402.59575052500037,364.0816086000001
4888,204,399.8663432999999,350.00485489999994
4889,204,335.6634291749998,340.905145575
4890,204,342.03788789999976,331.9558688750001
4891,204,345.49403685000016,384.10400840000005
4892,204,314.94897420000007,372.599422575
4893,204,305.27837847500007,380.18870087499977
4894,204,260.95884420000004,266.12631055000014
4895,204,264.2476474250004,203.79041285
4896,204,220.57508517499997,217.11372832499998
4897,205,240.60790842500018,215.86913152499997
4898,205,228.48951965000012,173.336036025
4899,205,191.48170377500014,190.57766300000006
4900,205,202.52914035000015,217.43095365000005
4901,205,239.27144965000022,248.42651289999984
4902,205,255.8047366750003,244.4141918000002
4903,205,248.33043195000005,220.6310731750001
4904,205,322.0672016750002,280.5604759499999
4905,205,290.54360975000037,379.01114179999973
4906,205,416.0729806999999,324.4117327749999
4907,205,287.33947197500015,318.7787993749997
4908,205,347.9558862500003,401.12242219999985
4909,205,455.5922770750004,316.9978930749999
4910,205,400.3633788500007,379.5111138499999
4911,205,338.24575560000017,378.188936625
4912,205,269.26875012499954,371.6856900749999
4913,205,321.4553886500003,327.7591428749999
4914,205,369.5152368250002,339.875593225
4915,205,323.048870175,288.438863225
4916,205,304.61122382500037,277.21633629999997
4917,205,356.1328041000002,306.97301674999994
4918,205,356.36748462500026,274.9411406250001
4919,205,264.7046001000003,261.63179165
4920,205,242.82263855000008,181.36170545
4921,206,261.66180867500054,228.35811497500003
4922,206,197.43508780000008,177.42244589999996
4923,206,187.9039551750002,235.23305657499995
4924,206,207.53318825000014,171.953487375
4925,206,196.6096701750004,194.92559285000004
4926,206,235.1038865250003,219.53682707500008
4927,206,211.61628945000015,239.11342265000002
4928,206,205.19999250000012,253.4953166000002
4929,206,294.6895172750002,346.17358505
4930,206,311.02525435000007,338.3217183
4931,206,392.2808929500003,386.633711725
4932,206,340.53992352499995,308.4151635249998
4933,206,305.40103142500016,341.3315421249998
4934,206,286.07291815000013,458.65849617500015
4935,206,342.778212875,387.26925827500014
4936,206,386.8131845000002,295.1942924499999
4937,206,340.64874840000004,414.91252662500005
4938,206,356.885936225,336.51616117499975
4939,206,340.5342973,298.5898529749998
4940,206,290.82986250000016,319.95962840000004
4941,206,298.17173620000017,291.07135035000005
4942,206,308.6980864750002,302.59067509999977
4943,206,252.11768295000007,285.44848749999994
4944,206,205.9461867500002,258.9125483
4945,207,213.22522242500025,222.997066075
4946,207,190.68282892500014,210.5543468250001
4947,207,201.72947985000044,222.72228964999996
4948,207,169.4222087,165.48958714999998
4949,207,178.4808975750003,183.36041167500002
4950,207,194.0203078,231.87583115000007
4951,207,217.3987884749999,210.8066943999999
4952,207,235.96241057500004,312.2688696000001
4953,207,373.3399557500002,340.32944769999995
4954,207,363.4728053250003,277.76323472499985
4955,207,310.61842049999996,343.2533130999999
4956,207,381.7629060249999,361.2150077250001
4957,207,419.336911925001,232.2031517999999
4958,207,405.59194492500035,341.97976734999986
4959,207,299.7149902750002,346.16804697499987
4960,207,344.73134727499985,399.72875217500007
4961,207,419.99223735,356.03817362499996
4962,207,377.51289837500013,322.68396267499986
4963,207,275.16861607500016,312.86691387499997
4964,207,352.2810227000003,294.51246819999994
4965,207,277.67431067500024,263.10337542499997
4966,207,209.96120910000005,271.55045207499995
4967,207,214.78995659999998,265.0059757250001
4968,207,196.04131220000028,274.6217739749999
4969,208,190.007581425,226.5331857249999
4970,208,168.02481197500012,176.20240042499995
4971,208,190.91225527500023,224.24212950000006
4972,208,187.53675870000043,185.45883457499997
4973,208,161.2414821000001,254.58316257499996
4974,208,197.8837751750002,245.57473397500002
4975,208,233.09584009999998,268.0913859249999
4976,208,290.4437802750002,343.46460157499996
4977,208,273.14057527499995,240.38134214999997
4978,208,336.0741700750003,302.23809455
4979,208,323.6645967000002,298.96686834999997
4980,208,353.8418251000004,295.14623399999977
4981,208,356.2121100000002,312.1056219249999
4982,208,322.01490372499995,364.2864155999998
4983,208,303.5620674250001,300.9437124499999
4984,208,328.16766485000005,282.67365847499985
4985,208,334.2900549750002,306.71552967499986
4986,208,294.89466722500003,315.87494584999996
4987,208,273.58497375000024,323.74971687499993
4988,208,283.8376440250001,355.7043038500002
4989,208,273.3788868250001,334.3673391499998
4990,208,320.29493975,290.0063711249998
4991,208,228.10205247500016,265.07408745000004
4992,208,203.34343462500016,275.8248514
4993,209,216.8780716500003,198.938722025
4994,209,177.54406677500015,182.692161075
4995,209,162.81595044999995,227.1526571249999
4996,209,186.29701042500005,147.06620357499992
4997,209,179.25616000000014,186.24811262499992
4998,209,168.0221258500001,183.6950374
4999,209,236.71667302500012,243.24396119999994
5000,209,273.88807832500027,259.328373675
5001,209,220.66929235000003,286.8377962999999
5002,209,301.8328737500002,387.1926917500001
5003,209,427.04885310000066,384.7960569999999
5004,209,288.5210249999998,336.8182920499999
5005,209,332.6437080750002,281.774020825
5006,209,289.55801975000014,277.18590695
5007,209,280.39137949999997,295.3131749249999
5008,209,323.334120525,267.3225631249999
5009,209,279.875888575,360.9591952249998
5010,209,333.0530883000001,306.16847592500005
5011,209,286.95113900000007,369.45993992500007
5012,209,270.3480061249999,274.719636675
5013,209,310.28801442500026,321.58396474999995
5014,209,201.37344435000034,220.34372392499995
5015,209,233.51050197500032,209.0475139999999
5016,209,237.55925619999988,188.52187339999995
5017,210,199.09390442500006,207.82247187499996
5018,210,185.22425510000016,221.8541916999999
5019,210,176.15145747499992,163.84857372500002
5020,210,187.2347305500003,161.99643342499996
5021,210,220.25854659999993,180.9845008749998
5022,210,190.27029775,154.0567588
5023,210,202.54660830000006,203.08432999999994
5024,210,238.62998075000016,238.85918062500014
5025,210,257.6331525000002,376.66552319999994
5026,210,334.04387892499994,268.29324802499997
5027,210,274.4875618000002,370.1809561999998
5028,210,293.204446175,266.819135925
5029,210,323.36047710000014,278.5033177
5030,210,401.3747804749999,293.5070054000001
5031,210,371.6583134500006,283.29662122499997
5032,210,412.3975516000004,325.5602525750001
5033,210,332.43798915000013,253.19702235000005
5034,210,365.73983855,269.42314534999997
5035,210,273.3739324999999,257.5170465749998
5036,210,295.2105323750002,303.3321899
5037,210,258.9943755250002,228.1938954749998
5038,210,330.64192887500036,266.2580271249999
5039,210,202.01268499999998,289.46089407499994
5040,210,192.85657572500025,222.30120547499985
5041,211,207.26947822499992,158.80395722500003
5042,211,191.9362991500001,141.66193184999997
5043,211,196.38882197500013,179.74093532499995
5044,211,270.8625497500002,204.33143987499994
5045,211,254.27008679999994,203.21973872499996
5046,211,211.32637482499996,190.17542295000013
5047,211,285.379575675,257.2787949
5048,211,269.4033125250004,310.90407692499997
5049,211,292.02271180000014,340.50813959999977
5050,211,373.80031489999993,347.4239127499998
5051,211,317.7631902500001,276.67481462500007
5052,211,392.2149717249999,346.53654055
5053,211,394.6647624249998,390.6373485749998
5054,211,409.7021300500003,374.10541495000007
5055,211,337.6537978999998,412.2033572750001
5056,211,386.6977495500003,335.4177065000001
5057,211,309.54305392500027,338.09305062499993
5058,211,253.85311267500015,371.1986941749998
5059,211,254.38490232500013,425.0922784749999
5060,211,342.2981648,352.55507939999995
5061,211,376.0809583750003,289.3738735999999
5062,211,312.8015079500002,337.6717391499999
5063,211,212.51853192500027,267.283570425
5064,211,202.28474779999993,220.3022276999999
5065,212,147.09196455000006,225.17497095
5066,212,177.61564475,179.46656189999993
5067,212,171.24923565000006,202.23213524999986
5068,212,196.32652092499995,163.45452775
5069,212,216.91621607500048,216.92460577499995
5070,212,231.15871202500009,193.65774077499995
5071,212,225.9152308250001,269.2803921750001
5072,212,347.42162272500025,257.7267436500002
5073,212,279.373589175,263.6853944249998
5074,212,274.87723370000015,337.9088228
5075,212,416.6853027250001,321.193907375
5076,212,377.3102395000002,377.9518577
5077,212,324.2124197000006,332.3458568
5078,212,333.51493435,405.81547262499987
5079,212,426.8690593500003,316.91421427499995
5080,212,436.15991235000035,398.15538067500006
5081,212,406.44060577500017,331.7631784
5082,212,331.8020385749999,338.7032999749999
5083,212,232.85252765000013,345.4092283999998
5084,212,261.398199675,318.9633513000001
5085,212,411.827675075,234.66262775000007
5086,212,276.77055122500053,265.736341825
5087,212,242.80441162500017,254.98040597499988
5088,212,190.04415992499997,253.23296022499972
5089,213,197.35862410000013,211.92268122499996
5090,213,223.271905125,212.5167627749999
5091,213,197.95089592500017,173.29855957499998
5092,213,185.41876240000008,215.01425887499994
5093,213,165.6580514250002,171.64678802500003
5094,213,228.73807325000013,240.01463829999994
5095,213,232.59135345000004,223.95662245000005
5096,213,254.71443179999994,283.78322864999996
5097,213,388.71019947499997,256.94825519999983
5098,213,349.6179454750003,337.36305467499983
5099,213,295.82767122500013,395.24782580000016
5100,213,368.7851338500004,313.51877079999997
5101,213,372.55069947500033,384.4320063749998
5102,213,257.7819445,377.0419473499999
5103,213,372.1040708500003,430.4955263499999
5104,213,307.05324682499986,357.6722951249999
5105,213,393.2476694500004,424.93607577499984
5106,213,431.6182243250003,508.5171949500001
5107,213,326.86937810000006,399.83241089999984
5108,213,311.45250265000016,245.98168742500002
5109,213,330.9301736750002,235.40991042499996
5110,213,329.94888949999995,311.6430603499998
5111,213,270.79391584999996,220.60003837499983
5112,213,200.62574682500014,255.63332997500004
5113,214,181.74665435000009,179.87554287499995
5114,214,203.86946765000022,202.76250229999994
5115,214,226.80131475000016,235.32880484999998
5116,214,173.36000895000024,181.2139840999999
5117,214,201.08087317499997,255.79975185000006
5118,214,310.4530862250006,199.60859210000007
5119,214,237.6912489,246.6316753499999
5120,214,314.86465635000025,308.5544810749999
5121,214,318.7200220000003,380.153522675
5122,214,324.3957587499999,424.6713360499999
5123,214,320.2452414749997,304.02482477500007
5124,214,495.52500955000016,408.5023726749997
5125,214,339.5420554249998,358.63646945000005
5126,214,369.63541905000045,465.61851962500003
5127,214,373.6118245,331.02011842499996
5128,214,443.48498810000024,333.77046922499966
5129,214,377.04103105000013,419.5577552
5130,214,311.9035789250004,299.905722375
5131,214,348.8991458749997,355.6936230750002
5132,214,370.99441565,362.3742834750002
5133,214,405.3076980000001,340.09370455
5134,214,309.1549981,328.9744046499999
5135,214,272.04199900000015,225.19860102500002
5136,214,290.9226790250001,279.40484970000006
5137,215,243.24994707500002,191.22407672499992
5138,215,255.61571647500006,195.51636817500003
5139,215,188.43822142500005,187.21269905000008
5140,215,231.5107293750001,229.4315702250001
5141,215,202.97877737500022,199.86230849999998
5142,215,214.52427589999996,215.26520655000007
5143,215,288.4851559750001,294.75929804999987
5144,215,269.78336152500015,264.2701581000001
5145,215,353.33400199999994,255.3519088500001
5146,215,386.08722452500035,271.513695375
5147,215,325.95552065000015,374.98345462500004
5148,215,439.6384376000009,304.2382654749998
5149,215,283.1710467250002,318.63534507500003
5150,215,314.7948885999999,379.5607203499999
5151,215,392.9419068750001,340.9296327749998
5152,215,321.115489825,433.7733573499999
5153,215,320.96446360000016,345.96955687499997
5154,215,305.4994873000003,456.5380837
5155,215,305.31565672500005,295.7150214999999
5156,215,311.6481757250001,333.8366582
5157,215,233.39587170000016,306.24022612500005
5158,215,283.34518820000005,371.63796282499993
5159,215,269.07270855000013,248.62269107500015
5160,215,244.72924777500032,310.46049537500016
5161,216,197.56506322500013,201.40659115
5162,216,263.1431133500001,222.4662599500001
5163,216,187.71292675,178.830936975
5164,216,185.57292482500017,257.0133287500001
5165,216,171.07280565000002,199.6762250999999
5166,216,215.00493142500014,197.10899682500008
5167,216,276.707153575,258.2691869999999
5168,216,221.04454042500004,254.19163287500015
5169,216,295.59869267499994,275.12334410000005
5170,216,334.72324095,389.70970382499974
5171,216,404.4982484000001,267.1849417249999
5172,216,404.3293080250003,372.5203327500001
5173,216,357.5030864000003,287.91199919999985
5174,216,337.9261698250001,309.371988725
5175,216,337.97759847500004,381.95158127499985
5176,216,323.0297853999999,278.892419775
5177,216,325.0779847,356.73065919999993
5178,216,301.52619725000017,309.4356206
5179,216,275.9838841000001,308.2727343249998
5180,216,270.34242777500026,354.68390312500014
5181,216,304.9535836000002,303.1860747999998
5182,216,204.54194007499996,267.9893915999999
5183,216,257.46155992500036,254.50163062499996
5184,216,295.263006925,202.47772612500012
5185,217,217.33204365000003,230.39600522499995
5186,217,230.7138596750002,220.60002530000003
5187,217,176.47737445000018,195.57113827499995
5188,217,166.29588309999997,187.56937490000004
5189,217,208.1663638,163.93225020000003
5190,217,222.20314410000032,241.74140154999986
5191,217,164.82533015000018,231.1386823
5192,217,220.7095011,233.41941025
5193,217,265.70583840000023,271.042962725
5194,217,289.8118537000005,298.2956842499998
5195,217,353.9003279,322.12816305
5196,217,263.0632649000001,347.71623027500016
5197,217,378.82344035000006,457.9772163749999
5198,217,294.6489517000001,318.26372155
5199,217,335.66259845,392.68766355
5200,217,305.91428305000034,286.0032504750001
5201,217,329.52050542500024,370.8140007249998
5202,217,332.1974270000003,385.19999795
5203,217,336.67639505,353.8130634500001
5204,217,258.73148612500006,358.519380125
5205,217,320.42081705,297.37849232500014
5206,217,346.93267792500035,259.56286385
5207,217,283.1816168500004,226.35741902499987
5208,217,224.57990557500005,178.2855992749998
5209,218,174.1647188750003,194.44597667499994
5210,218,202.41981657500003,182.0644292499999
5211,218,221.29951155000012,164.04972775000005
5212,218,163.7819742249999,159.21417715
5213,218,163.39557082500028,217.03020679999997
5214,218,210.40506197499997,240.02218649999992
5215,218,246.2988449250001,293.7338870249999
5216,218,237.29726282500008,299.5994319499998
5217,218,279.1027235000003,364.247360975
5218,218,324.47912802500036,363.46225919999983
5219,218,268.9576914749999,305.37754672500006
5220,218,427.8637763500004,401.02443134999993
5221,218,356.9604447250001,453.03443830000015
5222,218,428.9254460500003,354.100469375
5223,218,409.5658045250003,450.0231764499998
5224,218,374.0201407000005,442.29705427499994
5225,218,419.081747,501.3707530249999
5226,218,475.03977602500015,393.2085713749997
5227,218,391.05700425,389.5454402999999
5228,218,396.7440980500001,308.7515737499999
5229,218,352.5494554000003,358.7865262250001
5230,218,356.5061208000002,369.7117582999997
5231,218,304.68330510000044,314.46363237499986
5232,218,202.77023952500008,178.23292075000012
5233,219,230.57112812500014,179.28045102499988
5234,219,171.94314380000012,190.29379509999998
5235,219,227.09628235000008,205.62158504999996
5236,219,178.75575272500004,169.90124310000004
5237,219,240.71497075000033,216.85386042499994
5238,219,205.61507822500005,211.57894707500003
5239,219,268.2085706749999,263.60796539999996
5240,219,309.97089395000023,306.4665939250001
5241,219,343.9540276250001,383.08791935
5242,219,434.568988225,394.6841423999999
5243,219,319.04860680000024,400.2805201
5244,219,403.63744869999994,527.8873487249998
5245,219,320.0279699250001,399.1098164249999
5246,219,303.4492389750005,414.52950602499993
5247,219,437.0742257500002,386.50727937500005
5248,219,431.2205908750001,401.1104314500002
5249,219,384.62617542500016,455.2699155999999
5250,219,489.9768946750001,482.6000352999997
5251,219,415.3713184499999,418.2647762999999
5252,219,383.57533850000004,437.36045164999996
5253,219,382.35065902500014,384.9784613749997
5254,219,315.95860782500006,266.8152203249998
5255,219,351.8090152750002,245.24089354999987
5256,219,258.9402021500002,292.6408433249999
5257,220,250.7251139,240.49532522499993
5258,220,219.9467530249999,269.09082909999984
5259,220,218.0058602750001,210.60372339999992
5260,220,183.40608219999987,190.03022949999996
5261,220,213.21174882499986,229.73737017499994
5262,220,233.60154735000012,251.98651609999982
5263,220,313.23259202500014,227.57589450000012
5264,220,295.0711799500001,241.96843922499986
5265,220,273.13137047500027,361.15769587500006
5266,220,368.43804554999997,358.95473297500007
5267,220,493.44367205000015,378.15638922499994
5268,220,425.9598417750002,331.9037839249999
5269,220,467.04044504999996,371.76697512500004
5270,220,365.78270450000014,355.1874422749999
5271,220,402.7508931750001,429.2946426750001
5272,220,426.7201365000008,484.68088620000003
5273,220,427.5180028000003,428.71653562499995
5274,220,498.70910835000063,468.13070674999983
5275,220,391.9014712500001,418.91790714999985
5276,220,415.04368582499984,335.00376959999994
5277,220,404.30587570000046,441.60709552499975
5278,220,320.7526611249999,275.191510475
5279,220,331.96146050000016,371.5204039
5280,220,248.0683225999999,304.73811354999975
5281,221,237.98708572500018,257.21013337499994
5282,221,234.94203662500001,238.9270972750001
5283,221,224.62171140000018,209.44066584999982
5284,221,210.31074224999998,238.7017597749999
5285,221,269.8814639250004,205.56153107500003
5286,221,248.888997525,201.76400395000013
5287,221,233.6512470250002,291.06115440000013
5288,221,309.92403995000006,310.76336890000005
5289,221,289.0275230250003,353.799806525
5290,221,480.6032010250003,458.52252169999986
5291,221,404.58911602500024,394.51964925000004
5292,221,463.60271270000067,364.12542482500004
5293,221,406.5574402750003,461.45393849999994
5294,221,412.88467722499985,385.95024450000005
5295,221,376.97969157500006,388.1933150499999
5296,221,387.9237377000002,415.7876698000001
5297,221,538.4408560500003,458.3886527
5298,221,360.25226387500027,378.7551683749998
5299,221,372.40634550000055,437.67688557500003
5300,221,343.92869987499995,425.9980586749997
5301,221,446.48082760000005,425.21778429999983
5302,221,352.71442900000045,324.6537155249998
5303,221,269.57466505,259.2230558000001
5304,221,219.4289878500001,310.6924051999999
5305,222,254.62729430000007,246.85059329999984
5306,222,216.94716112499995,243.77529827499995
5307,222,182.17522397500002,217.92733544999993
5308,222,195.91465737500008,190.52918154999992
5309,222,214.29086680000012,243.768450475
5310,222,217.9456256250001,238.10814522500004
5311,222,256.7407369500001,275.7947112249999
5312,222,315.09880380000004,247.52562207499994
5313,222,379.59694752499996,335.191683325
5314,222,432.9744405500008,393.11601462499993
5315,222,477.1982990250002,403.41223517499986
5316,222,399.4982370500001,419.40397574999974
5317,222,390.19853495000064,396.94331364999994
5318,222,434.11325170000043,356.25894387499983
5319,222,506.7226626000005,515.5147533999996
5320,222,391.78054262500007,339.3452668750002
5321,222,424.51667987500014,533.9711135499999
5322,222,478.58867335000014,370.52510882499996
5323,222,341.1815363500002,531.7744014750001
5324,222,379.4930855,430.61206267499983
5325,222,373.374415075,392.6691415749998
5326,222,384.4977425500001,285.1948490249997
5327,222,279.6767929250002,322.72988327499974
5328,222,253.10724207500007,233.35641282499986
5329,223,246.46036752500027,211.4489388249998
5330,223,294.3517800000004,203.58020992500008
5331,223,218.79412309999998,179.800711975
5332,223,233.48704707499985,208.83797970000006
5333,223,217.31465150000025,229.34341325000008
5334,223,231.03227767500007,222.48408674999996
5335,223,220.04818835000003,266.22617290000005
5336,223,271.5443168000003,248.775814425
5337,223,331.98118035000033,280.5004423999999
5338,223,353.87575435000025,346.81575752500004
5339,223,342.8341639249999,363.89414749999986
5340,223,374.4749219250005,501.5579550499997
5341,223,418.6353304750003,321.4598158
5342,223,418.8123817500005,350.16833667499986
5343,223,373.2196556250001,428.54369177500007
5344,223,437.260016975,458.37210619999973
5345,223,442.31465312500006,389.92126862500004
5346,223,387.84040727499985,456.02351302499994
5347,223,349.8469785250002,300.4646106
5348,223,387.98582039999997,359.60398032499995
5349,223,393.8606533250005,285.61677565
5350,223,246.475534325,291.07483715
5351,223,314.5636203500001,273.4509156749999
5352,223,320.63231700000034,238.08901765000016
5353,224,245.14241222500016,267.523057525
5354,224,217.73112717500004,218.17824742500017
5355,224,199.1162606500002,223.43626872499985
5356,224,215.04185875000022,209.65505022500002
5357,224,221.26350800000006,295.950903375
5358,224,201.90101975000007,247.0290403749999
5359,224,260.0920489500001,246.61173452500012
5360,224,320.60826332500056,224.56431912499988
5361,224,291.34292155000037,243.45549142499976
5362,224,344.2902544750002,352.7774139
5363,224,360.1974686250005,334.3036935749999
5364,224,325.1069874000002,307.90874847500004
5365,224,292.8170792999997,448.2101904249999
5366,224,355.6914381500003,373.36131747499996
5367,224,327.66084624999996,319.70255804999977
5368,224,371.9805470250001,405.52042482499974
5369,224,326.27862902500016,442.89301825000007
5370,224,438.42994205000025,275.5722622999998
5371,224,393.66560997500017,405.0364205999998
5372,224,379.0414999000001,370.47266184999995
5373,224,385.80555874999976,310.1317544
5374,224,368.54489100000035,354.93605955
5375,224,271.5463405749999,305.5773181750001
5376,224,241.1022797500002,182.02391800000015
5377,225,233.4324191250001,259.570788525
5378,225,267.5671996,253.48299614999996
5379,225,258.0254020000002,204.142371325
5380,225,179.79518869999993,210.35583452499998
5381,225,205.07288364999988,220.62429535000004
5382,225,266.83684719999997,275.51844552499995
5383,225,300.90036620000035,299.81086297499985
5384,225,315.5823075750001,382.29397967500006
5385,225,318.2524073000004,360.27764094999986
5386,225,381.20427527500027,399.604161475
5387,225,354.4594429749999,360.88427724999997
5388,225,453.9960398500002,412.8564016999999
5389,225,444.3407626000002,636.8578381499999
5390,225,402.1794206750003,493.81032827499973
5391,225,453.2631114249998,441.9926779750003
5392,225,471.3574678,425.26736662500014
5393,225,441.81690260000084,418.7783833999997
5394,225,425.9163232500002,471.78130115
5395,225,439.0173525750005,388.35789109999996
5396,225,399.29061710000053,396.967971775
5397,225,378.9282610500003,358.02872525
5398,225,317.35775730000023,305.15805924999995
5399,225,355.868517375,309.832109675
5400,225,270.42967357500004,279.5517807749998
5401,226,240.30464569999998,213.718252075
5402,226,209.92823525000006,215.05250455000004
5403,226,210.19015117500024,163.18488102500012
5404,226,165.18470782500023,230.66000172499992
5405,226,216.88535747500015,209.125295975
5406,226,291.7220837750002,348.82546264999985
5407,226,331.5282681250002,302.01287289999993
5408,226,339.8418097750001,275.62285629999985
5409,226,324.53316280000024,307.2311966749999
5410,226,451.97589017499985,376.07779320000003
5411,226,374.85784252499957,387.59315232499995
5412,226,550.9255643250007,522.4754494999997
5413,226,352.95710785000017,392.00238122500025
5414,226,353.26757450000025,471.3127889250002
5415,226,431.4938037250002,428.85560069999997
5416,226,375.2757431250009,421.09005629999973
5417,226,339.8878695750003,332.1655764500001
5418,226,379.9768478500001,409.1158364499999
5419,226,353.0670582500003,408.0042575499999
5420,226,300.41519297500025,456.62434305
5421,226,342.05025937500017,467.5276716000002
5422,226,260.32224232500016,347.11570942499986
5423,226,313.99010795000015,314.49295192499994
5424,226,296.7187493250001,249.47618144999987
5425,227,247.80170815000002,202.18103829999978
5426,227,206.94313422500008,206.930764625
5427,227,197.99155642499997,266.0871120499999
5428,227,204.1990089000001,198.66543129999997
5429,227,212.1168235500001,243.37761735000015
5430,227,251.08191837500024,239.44718540000002
5431,227,230.28212795000007,286.6753713999998
5432,227,310.07547794999994,311.0731112749998
5433,227,295.5312984250001,341.36086215000006
5434,227,487.8187608249997,366.9099483749998
5435,227,333.6973314249998,365.70278925
5436,227,316.6864386000004,413.622296975
5437,227,355.26555237499997,364.4087574000001
5438,227,416.4819654250009,432.2720744000002
5439,227,372.6915474000001,448.0141532249999
5440,227,470.3167933000002,355.0141409999999
5441,227,476.78880302500005,366.87393407499997
5442,227,337.89728375000004,343.1642373500001
5443,227,321.56704690000015,368.6681732999999
5444,227,378.28718965000036,409.1186730499999
5445,227,345.8425435500004,277.89200734999974
5446,227,358.52406692500006,354.78448475000005
5447,227,283.98188637500033,260.68036457499994
5448,227,207.6631207500001,221.11054312499974
5449,228,219.16862755,279.88128934999986
5450,228,253.85043255000005,191.31617782499987
5451,228,238.10711905000022,215.09632540000007
5452,228,197.82905292500033,206.13411492499995
5453,228,222.09696032500023,239.38232567500003
5454,228,215.70568084999988,209.66500792499997
5455,228,284.28953094999997,310.88829877499995
5456,228,304.48380669999995,300.92825379999965
5457,228,284.42787435,332.2800596999999
5458,228,327.2066204250003,338.41121332499995
5459,228,447.7771597750001,306.4052523749999
5460,228,396.488313075,411.04367649999995
5461,228,307.816153075,420.08409612499975
5462,228,414.12156742499985,325.677065525
5463,228,454.3574132000001,515.9276950249998
5464,228,376.41567722500054,416.40300069999984
5465,228,300.3629690500002,452.5180788499997
5466,228,350.0500920000004,368.03697984999997
5467,228,385.7984676000001,369.9402849499997
5468,228,328.7150864000006,463.85657842499995
5469,228,383.0605092750001,397.308871475
5470,228,303.77945707500015,294.961529875
5471,228,310.31319602500025,235.48366102499992
5472,228,304.62638285000025,254.87324115000007
5473,229,232.71773590000026,240.2004422499998
5474,229,219.89605432500005,209.1331223749999
5475,229,149.16308945000003,202.07084814999993
5476,229,193.12223730000008,239.13687964999997
5477,229,226.1270711250002,237.77711309999984
5478,229,237.3786943750003,215.6697357999999
5479,229,285.8094230250001,244.35756584999996
5480,229,280.33143087500014,310.74177297499995
5481,229,312.969007775,329.73442277500004
5482,229,381.2970352500001,313.6203992499999
5483,229,518.0601943000005,346.640895025
5484,229,527.8215225000004,437.82254172500006
5485,229,498.11830935000035,348.4541552249999
5486,229,353.1743220750002,440.6356341999998
5487,229,452.1301020999998,392.72549215000015
5488,229,427.0318760500003,405.93683445000005
5489,229,417.8758248750003,489.35182814999996
5490,229,444.8033396499999,455.9098183749998
5491,229,428.0686697500006,313.00148227499983
5492,229,390.45041942499995,400.8095186999998
5493,229,303.7996080500003,429.9804786000001
5494,229,327.88416662500003,284.00989740000006
5495,229,332.73738880000013,219.07856787500003
5496,229,224.99289552500008,232.88250277500012
5497,230,260.4285994750001,320.677025125
5498,230,195.4737662250002,259.66286272499997
5499,230,241.74821882500015,213.3754592749999
5500,230,227.7690149,192.96446760000003
5501,230,199.58508865000005,202.92332599999986
5502,230,196.44451787500003,202.82537210000004
5503,230,253.44917515000054,206.72212687500001
5504,230,233.24640952500033,269.223102925
5505,230,274.1691771500003,384.17385722499967
5506,230,357.45479400000016,303.110890125
5507,230,356.48469784999975,313.31546642499995
5508,230,408.8206416250005,398.8506437
5509,230,447.6940453250004,320.99998652499994
5510,230,431.7453237500008,319.6422424499999
5511,230,358.5986464750001,436.69897564999985
5512,230,330.4106541,334.74730235000004
5513,230,420.92858624999974,325.78078162500003
5514,230,376.4799345250002,407.34259747499976
5515,230,360.4223313000003,412.7484791499998
5516,230,260.55459135000007,413.71228309999975
5517,230,337.80851632500037,387.31555219999973
5518,230,253.20451544999986,332.3166616500001
5519,230,264.29994115,253.80020854999972
5520,230,271.65927465000044,242.88240860000002
5521,231,221.91013139999995,234.7169495
5522,231,196.14851065000005,193.73591632499995
5523,231,167.86729122500026,208.7823849749999
5524,231,184.93032815000007,239.07546992499994
5525,231,230.20199022500003,226.442004425
5526,231,179.15499565000007,232.86498377499998
5527,231,231.56451785000002,203.10392947499992
5528,231,230.7128244000001,281.6648786249999
5529,231,306.367696625,274.87019469999996
5530,231,312.56548417500017,378.28416207500004
5531,231,392.6599353750001,373.3512134250001
5532,231,362.09168805000024,419.60336147499993
5533,231,317.8980017000003,321.08302267499994
5534,231,379.236793775,311.7985412500001
5535,231,367.303845775,398.2008518749999
5536,231,353.6629095500007,471.62731297499977
5537,231,479.3369453250009,362.18610599999977
5538,231,427.1543345000001,268.5600527749999
5539,231,312.43502012499994,320.84590927499994
5540,231,353.61394525000003,371.93960432499995
5541,231,357.032912775,368.90647787499984
5542,231,321.8658629750002,297.98313570000016
5543,231,248.5924212,215.62280987499983
5544,231,210.21006235000007,225.07735264999997
5545,232,250.19827570000012,230.25282827499993
5546,232,196.8842583250002,198.72199052499997
5547,232,201.4705756250002,160.42465687499995
5548,232,225.63357977499987,191.0674487749999
5549,232,231.08525920000005,244.80493177499991
5550,232,219.58685367499993,244.33215100000015
5551,232,255.1238935749999,229.869357525
5552,232,358.96638465000024,218.04145209999984
5553,232,427.8479190999999,401.89590647499995
5554,232,301.3532306500001,351.6494706499998
5555,232,341.36127575,413.2720178499998
5556,232,358.95525795000026,409.3729769249999
5557,232,460.9097828,431.67610197500005
5558,232,386.51163240000005,392.286811625
5559,232,342.1936658750003,367.7167162499999
5560,232,374.02598982500035,443.40659045000007
5561,232,418.97901587500075,484.14980245000004
5562,232,341.02976605000026,378.0415309999999
5563,232,321.26513630000005,345.0778945249999
5564,232,353.5750665500002,294.018858175
5565,232,388.68320422500017,423.6214408249998
5566,232,358.1922036750003,388.65176629999996
5567,232,236.40246602500002,260.32933979999996
5568,232,219.04961602500012,230.2098456999999
5569,233,239.76573887499998,196.42796707499986
5570,233,240.59036600000005,262.52166792499986
5571,233,187.67433585000015,252.12723165
5572,233,212.1804796250002,256.19064669999983
5573,233,232.55493175000004,249.14585899999986
5574,233,241.73152047500017,267.25717075000006
5575,233,271.402058375,298.3812653499999
5576,233,278.8780717500001,326.4314810249999
5577,233,329.42727377500023,378.24663002499994
5578,233,279.10918272500015,393.5604805999999
5579,233,346.7055542749999,371.397363325
5580,233,358.00798192499997,361.436198
5581,233,292.08227462499985,372.57276490000004
5582,233,379.36870692499986,387.6794497999998
5583,233,362.50334810000015,420.22049025
5584,233,319.71751182500043,427.79464182499987
5585,233,497.4382031000008,416.26715829999966
5586,233,385.8163453,319.12038489999986
5587,233,411.5305267499998,451.17872172500006
5588,233,316.1199517250001,300.56423275
5589,233,291.22069652500005,387.467392
5590,233,269.74096065000015,287.9859116250001
5591,233,278.3554837,324.393699675
5592,233,232.38837377500016,242.97318147500013
5593,234,239.62683302500045,219.2026201
5594,234,223.2882008750002,255.79384457499987
5595,234,170.71028535000016,214.835959075
5596,234,252.08569785000032,212.1390894
5597,234,154.07173512499995,214.55557062499997
5598,234,249.09016332500028,249.784400075
5599,234,260.6267808500002,207.15941244999993
5600,234,250.42773505000042,342.3965394749998
5601,234,360.2700293,366.02154674999986
5602,234,237.6110810000001,280.0463743999999
5603,234,378.785316125,361.5053342499999
5604,234,431.14627045000043,397.3973939499999
5605,234,338.0480015000003,341.0000349999999
5606,234,401.61481382500006,415.0834034749999
5607,234,387.0470446750001,386.5102828499997
5608,234,344.72354405000016,362.7782748500001
5609,234,390.81943260000025,290.4832524499999
5610,234,383.18629709999993,305.7925556500001
5611,234,275.56089732500027,268.8702365499999
5612,234,326.90640335000035,373.61198494999974
5613,234,301.6594662499999,281.29440732500007
5614,234,297.08418105,337.87397517499994
5615,234,191.90197375000025,237.50911307499996
5616,234,243.43111935000027,215.79120102500008
5617,235,275.166261075,220.54067500000002
5618,235,201.31704219999995,191.93304095
5619,235,154.34292945000016,189.62691074999992
5620,235,210.13147470000007,186.11930862499997
5621,235,287.6087991750003,227.55833305
5622,235,225.85235052499993,231.595267725
5623,235,246.6892369000003,290.42704142499997
5624,235,337.8692494999999,258.2626421249999
5625,235,377.2816230500001,350.43214439999986
5626,235,377.8471021250003,322.875768375
5627,235,354.6373223250001,301.9093513
5628,235,344.3525803250003,421.77418595
5629,235,335.86869240000004,352.97213579999993
5630,235,322.1503722,389.6936084750002
5631,235,415.31200215000024,388.06230512499997
5632,235,407.5907998500003,322.22101080000004
5633,235,377.10768645000036,343.13994347499977
5634,235,289.447273225,379.73362664999974
5635,235,377.91833875000026,314.3266613500001
5636,235,320.09507397500033,351.45036522500004
5637,235,316.72090122500015,385.5409572
5638,235,310.00248052499995,248.54629609999992
5639,235,227.01119485000015,263.00638270000013
5640,235,329.87121965000006,181.96739512499977
5641,236,183.41498380000002,226.49250917500004
5642,236,176.63338917500002,210.98204532499994
5643,236,235.63854149999992,211.51538047500003
5644,236,224.79397395,254.0432313
5645,236,225.87886610000027,171.81260454999995
5646,236,189.5308137250001,238.5041382999998
5647,236,242.33088777499995,275.35895475
5648,236,291.4057258499999,280.46673162499997
5649,236,285.42699259999995,283.26766240000006
5650,236,311.73447120000037,420.28104135
5651,236,372.0698632750001,371.4846732499999
5652,236,332.45686345000024,316.92246367500013
5653,236,382.64072570000025,364.8504954250001
5654,236,366.2510333499999,357.55773544999994
5655,236,282.4776007999999,412.35683982500007
5656,236,409.6987077250004,370.3834040499998
5657,236,378.8005607250008,381.98692467499995
5658,236,357.35018510000015,267.52863102500004
5659,236,323.17166045,336.2293996499999
5660,236,334.32238742500016,280.628461325
5661,236,260.6654685500001,330.9417827499998
5662,236,205.48130612500006,335.9045659249997
5663,236,223.53265389999984,303.8540649249999
5664,236,212.1389608500001,215.5052167249998
5665,237,204.38134017500005,241.39025439999992
5666,237,228.09887090000038,167.23023860000004
5667,237,183.78695734999997,251.37707644999995
5668,237,188.7077894,156.82615725000008
5669,237,170.5386885250001,175.02056139999996
5670,237,246.34455510000004,164.4779009750001
5671,237,273.79450977500034,235.36966859999984
5672,237,235.93157860000014,319.6672959
5673,237,318.5405632000002,220.03702117499995
5674,237,251.11287610000016,334.1084553749996
5675,237,289.1674517250004,348.36347434999993
5676,237,292.323049975,306.08072642499997
5677,237,337.091039925,283.44378852500006
5678,237,322.39525260000005,313.91870205
5679,237,393.6026608000005,391.58170084999983
5680,237,344.7204272250002,323.3537557999998
5681,237,274.77887235,296.73978970000013
5682,237,319.2637446000002,323.91680542499995
5683,237,296.74093780000044,388.9245171749999
5684,237,322.9781150750009,300.89854145
5685,237,323.0533780500002,323.33538500000014
5686,237,289.37749867499997,257.9508424749997
5687,237,224.47105090000002,233.16153887500013
5688,237,227.66387862499994,229.61599579999995
5689,238,196.91961652500038,183.2012595999999
5690,238,205.56878644999995,159.55758250000002
5691,238,176.79449195000004,169.95996899999997
5692,238,207.80575140000016,154.553181275
5693,238,190.04330932500017,177.62779349999994
5694,238,159.13877302500003,201.6376547999999
5695,238,189.95634852500024,215.85044919999993
5696,238,233.52881140000028,260.2484803249999
5697,238,229.09629790000014,248.31092474999986
5698,238,301.6090870500003,319.49755534999997
5699,238,292.73867150000024,309.2912309499999
5700,238,297.8687684500002,293.3795708999999
5701,238,269.46007175,254.27133717499993
5702,238,313.5384999999999,292.07268969999996
5703,238,284.68026477499984,361.31789360000005
5704,238,328.87104220000015,291.2722309249999
5705,238,292.07466370000026,310.4252613749998
5706,238,295.85684657500036,321.08824517499977
5707,238,243.64180840000023,279.05001152500006
5708,238,245.13304575,283.4887764749999
5709,238,248.4824790500001,266.0292430999998
5710,238,229.40615712499988,236.7026212249999
5711,238,198.352943975,241.88716819999988
5712,238,215.98825330000022,177.46033017500005
5713,239,174.43458960000027,167.12928384999995
5714,239,205.1050923250001,184.31329707499992
5715,239,187.84791854999995,189.82677322500007
5716,239,175.9113642500001,194.50695429999996
5717,239,200.10501902500005,210.3548963249998
5718,239,167.80879682500012,230.27014139999991
5719,239,312.2166265750002,284.62547932500013
5720,239,271.95028582500026,272.829197075
5721,239,275.24359425000017,278.6390606249999
5722,239,370.2769057000001,296.82947964999977
5723,239,360.9953554750002,304.5853964249999
5724,239,319.62134695000003,285.65791845
5725,239,348.00097022500006,413.9584028250001
5726,239,352.01738490000025,319.088384875
5727,239,360.46574015000056,361.46931422500006
5728,239,279.00640337500056,281.9581392250001
5729,239,482.5046413250005,399.1061769249999
5730,239,318.3828327000002,328.78914434999984
5731,239,342.10237205000016,428.44770675000007
5732,239,399.6836959500003,307.8759967499999
5733,239,299.3286142249999,297.86439767500013
5734,239,331.2475285750003,249.32084140000006
5735,239,211.33148555000002,272.17641527499995
5736,239,230.4045450000001,203.32294084999984
5737,240,202.88952532500002,229.2137734499999
5738,240,187.42615535,200.39159719999995
5739,240,218.9180919250003,177.64118284999995
5740,240,222.86440769999996,228.47309607500006
5741,240,236.6773790750002,214.4637771249998
5742,240,273.5518343250002,236.77823014999984
5743,240,286.75483245000026,270.3137973
5744,240,288.6308820500002,347.83188167499975
5745,240,314.3802879250003,361.5336188499999
5746,240,286.68971197500025,327.08608247499967
5747,240,284.8419355000001,300.15882635
5748,240,282.0235662999999,362.15214599999985
5749,240,411.0214177999998,416.3638945249999
5750,240,471.3625305750001,381.8453175499998
5751,240,360.9872298999999,324.9860107249999
5752,240,428.27230835000023,385.04160285
5753,240,381.9596698499997,360.2577419999999
5754,240,453.3429622000002,417.6817822999998
5755,240,382.71933965000017,364.48306182500005
5756,240,387.73428607500006,343.26098694999985
5757,240,389.43200065000013,345.43517637499997
5758,240,285.79319847500005,309.51797525
5759,240,276.32480067500006,316.6346510749999
5760,240,225.6193019000001,275.16065952499974
5761,241,160.6919936999999,225.938237025
5762,241,224.7464120749999,221.30162797500006
5763,241,209.41612497500023,186.98608352499997
5764,241,229.3102115999999,207.98249627499996
5765,241,221.4552677500001,250.8492024499999
5766,241,229.2998369750001,254.90917780000012
5767,241,264.23680597500027,229.98368185000015
5768,241,317.35653390000016,315.6831863749999
5769,241,261.28530422500023,304.0373706250001
5770,241,368.50326937499983,396.5311874249999
5771,241,423.1267523999999,423.83767999999986
5772,241,387.1140418250004,338.81773895000003
5773,241,353.2522985000005,365.8622469499998
5774,241,465.3675230500003,403.6723111499998
5775,241,387.5406431000001,398.5156227999998
5776,241,450.2828888500005,404.95548262500006
5777,241,333.61605197500006,409.71583912499966
5778,241,441.69108375000036,441.4973014000001
5779,241,476.0910893000002,348.24851257500006
5780,241,351.7508647750004,453.65035192499994
5781,241,307.46503110000003,404.74756640000004
5782,241,341.8544925250003,332.314192275
5783,241,252.37005872500012,328.9427155000001
5784,241,293.49224210000034,275.949694825
5785,242,289.2046059249999,254.3382951499999
5786,242,221.8896588,230.77084692499983
5787,242,260.36640517500007,217.02565034999998
5788,242,218.42544510000002,244.71453832499995
5789,242,225.67588697499997,240.582801875
5790,242,217.89250750000008,251.06184025
5791,242,264.49853640000026,306.8621760000001
5792,242,322.49504475,278.5267782500002
5793,242,299.6807521249999,349.5531283249999
5794,242,323.043097775,357.5896697750001
5795,242,421.86608360000025,410.40368947499985
5796,242,445.33051277500033,363.5591912249997
5797,242,335.7849463250001,508.69783474999997
5798,242,394.80826390000004,421.0355355999999
5799,242,358.93338795000045,319.98779105000017
5800,242,381.487574875,474.4714654249999
5801,242,347.2845899250001,348.61911902500015
5802,242,373.19601542500004,421.81288669999964
5803,242,413.6534467250006,374.76092285000004
5804,242,407.32689532500007,320.19447342499996
5805,242,406.6924838500002,268.05733937499997
5806,242,316.6466818500001,325.36496424999984
5807,242,300.91899302500013,262.8991656
5808,242,252.93610067499992,212.11529189999987
5809,243,207.54888477500003,255.90518647499994
5810,243,200.166822825,210.89119372499994
5811,243,223.7291924000001,207.37287015000007
5812,243,197.73731780000017,179.46553139999997
5813,243,225.6852554500001,205.7731274499998
5814,243,229.1414479500001,237.03115209999993
5815,243,257.2842224750002,245.67794300000014
5816,243,399.66453092499995,339.656574825
5817,243,369.3369627000005,362.6383820749999
5818,243,357.9887476250001,453.73600387499954
5819,243,306.63941682500024,357.62756325000004
5820,243,395.08260125000004,398.61159687500003
5821,243,258.144354125,422.95704882499984
5822,243,375.6675612499998,322.443669775
5823,243,354.46950835000024,329.941501075
5824,243,296.1159025000002,388.823952375
5825,243,324.73643355,482.2105687999999
5826,243,340.8410784750002,329.973927725
5827,243,372.8494912000001,384.593616825
5828,243,272.45685180000015,302.0560927749998
5829,243,317.13752692500026,339.1959686750001
5830,243,279.67710112500015,331.7086293999999
5831,243,247.60283915000014,257.98111665
5832,243,264.9623098000002,251.438574825
5833,244,249.87339915,205.21702450000004
5834,244,202.43011255000013,203.34412307500003
5835,244,207.84818907500028,174.987365075
5836,244,190.18392532500002,186.13569372499998
5837,244,218.95173687500005,214.79511874999994
5838,244,221.00604679999995,199.95556167500018
5839,244,218.86398340000005,221.15554387499986
5840,244,207.67402120000014,263.3990568999998
5841,244,295.15185437500014,238.04045117499987
5842,244,297.54049302500005,342.3181170500001
5843,244,303.03466137500016,302.27503085
5844,244,268.67212080000013,295.43927175000005
5845,244,239.99971107500005,290.3157396249999
5846,244,342.95266187500005,297.7856778249997
5847,244,250.9722083999999,317.2580877749999
5848,244,345.4691729750002,386.9341523749998
5849,244,306.1726559,334.03104077499995
5850,244,282.229964775,293.8717495249999
5851,244,297.91340207500014,388.676554175
5852,244,379.42750752500024,324.19718449999976
5853,244,264.4587801750002,262.99826189999993
5854,244,244.19973975000022,242.18385534999985
5855,244,223.40368497500015,192.86805145000005
5856,244,239.60570985000004,213.78761202500004
5857,245,202.37510952500017,213.80698799999993
5858,245,173.35903865000017,228.40979202499994
5859,245,176.60145145000024,223.61936952499994
5860,245,191.21567675000006,182.01580894999987
5861,245,169.34296564999983,164.0932482749999
5862,245,194.6524155000001,165.41855242499994
5863,245,212.59570047500023,210.6991572500001
5864,245,256.26955750000013,234.5137645249999
5865,245,265.33469975,190.55386584999988
5866,245,276.27868480000024,254.21213220000013
5867,245,254.44381690000012,299.48920004999985
5868,245,291.63279312500003,264.2088599499999
5869,245,243.20762322500008,249.05409195
5870,245,279.1415930500001,277.4925442749999
5871,245,310.21702390000024,312.5131348749999
5872,245,334.43393502500015,264.391311675
5873,245,326.1764116250001,227.74846492499995
5874,245,324.53272002500023,250.8788846000001
5875,245,296.8145602500001,289.5011193249999
5876,245,226.78995615000002,297.03763992499984
5877,245,269.11799162499995,302.69513894999994
5878,245,227.88934515000005,212.84562490000002
5879,245,220.8879741500001,235.86491774999985
5880,245,221.15129810000016,190.49343739999998
5881,246,176.33561874999998,161.64576899999997
5882,246,140.7533699750001,156.19463347499993
5883,246,190.43345622499993,185.26181932499998
5884,246,159.80922769999998,200.69285994999996
5885,246,201.69566154999998,196.59365190000005
5886,246,184.0640449,198.197736675
5887,246,251.17527100000012,177.39673847499995
5888,246,219.58777870000034,256.92874339999975
5889,246,244.6835065250002,282.1558467249999
5890,246,213.8773980000002,259.70631449999996
5891,246,218.8651720500004,241.530850725
5892,246,276.18023567500006,301.9537480750001
5893,246,334.04398830000025,360.1681124749998
5894,246,317.5421430500003,365.762468175
5895,246,292.72719307500006,328.47354755000015
5896,246,264.7878847500001,386.5623532499999
5897,246,381.21393470000015,366.44328762500004
5898,246,383.244774925,349.2174726249998
5899,246,257.52803879999993,354.29316662499997
5900,246,316.79934355000023,330.1521961000001
5901,246,384.95958897500003,366.8277939749999
5902,246,312.46655117499984,281.3025930250001
5903,246,242.86552475000008,231.42656845000005
5904,246,245.19584222500026,237.10086622500006
5905,247,207.26500917500016,206.8256651499999
5906,247,171.78150185,192.83732577499993
5907,247,192.83590317500008,208.39162329999988
5908,247,210.53209802500015,224.31389982499996
5909,247,198.09120492500006,208.21135062499982
5910,247,231.293487825,241.98782377500007
5911,247,266.7096642000002,218.58401254999993
5912,247,217.1736336250002,320.01558799999987
5913,247,299.7971842000008,343.8407467249996
5914,247,381.6807118250001,328.2538030999998
5915,247,303.4454435500003,367.85179144999984
5916,247,386.26453795000003,376.4189635499998
5917,247,410.1151575250001,338.4086464499999
5918,247,391.0715629749997,355.7267871499997
5919,247,412.2224199250006,357.09530117500003
5920,247,410.7334776750005,466.30150894999986
5921,247,350.0094388000002,370.9829311749999
5922,247,436.00796452500015,389.2837352750001
5923,247,324.0997804249999,349.86739055000004
5924,247,364.0660625750006,432.2137013
5925,247,354.3419782,348.7913391499998
5926,247,373.3875550500003,277.64880030000006
5927,247,328.66988475000016,254.63448397500008
5928,247,175.74073710000005,239.62889664999997
5929,248,223.9296673250002,203.59682497499998
5930,248,188.72517077500004,221.9299426
5931,248,218.1839109500001,146.45105274999992
5932,248,238.77234374999995,224.28031727499996
5933,248,248.57916480000017,199.10093685000004
5934,248,219.20518004999997,240.57768217499975
5935,248,243.37379785000013,260.207591475
5936,248,279.41852794999994,224.8522293000001
5937,248,275.3320784749999,428.73942572499993
5938,248,429.01917385000013,363.1253095499999
5939,248,363.81220415000007,364.283030575
5940,248,294.500593675,327.10817544999986
5941,248,385.60799040000046,322.73734335000006
5942,248,307.71363105,295.11954249999997
5943,248,345.78775197500016,397.97941652499986
5944,248,312.7197107000001,320.4937146499999
5945,248,419.45669137500033,367.027255225
5946,248,364.83892750000007,336.1962140249998
5947,248,289.93236682500003,380.8780208749997
5948,248,306.78250187500015,397.23987924999983
5949,248,249.09982402500017,348.31453179999994
5950,248,253.49272455000005,262.4469399000001
5951,248,242.91948195000023,216.82008397500002
5952,248,185.04114084999986,224.39720887500016
5953,249,233.5846780750004,177.04629897499993
5954,249,208.54578515000017,167.73940555000007
5955,249,196.04584935000003,156.83737824999992
5956,249,215.88479590000009,176.84467944999992
5957,249,199.21574707500025,165.4481307499999
5958,249,239.06334777500015,215.23948237499997
5959,249,245.97205015000014,258.5532607249999
5960,249,279.17540959999997,320.81097220000004
5961,249,298.62222077500013,303.55557125000007
5962,249,306.04589925000005,297.44021967499975
5963,249,339.4236841250002,400.6492314750002
5964,249,406.66471157500035,380.10144299999985
5965,249,350.36894844999995,300.2314364999999
5966,249,388.00239505,302.7830139749999
5967,249,444.39795447500023,421.19985787499985
5968,249,383.7157080000004,465.3328708749999
5969,249,350.1034706999998,346.9562342249998
5970,249,342.32916145000013,434.44226695
5971,249,367.58616325000014,328.1587036249998
5972,249,330.93803642499995,241.37638185000003
5973,249,301.4414587000002,317.63086477499985
5974,249,371.2212263250002,336.03668045000006
5975,249,320.68950282500015,233.35883289999987
5976,249,248.76238995000003,256.957982275
5977,250,201.12951995,227.25926919999995
5978,250,185.9001517000002,173.10058379999992
5979,250,188.34906302500013,169.25198335000007
5980,250,163.19263082499998,146.95419807499997
5981,250,224.16246197500024,232.93888664999992
5982,250,212.85430937499996,215.365478825
5983,250,226.44576872500014,275.0564638000001
5984,250,261.50792722500006,252.40701717499968
5985,250,279.7217295250002,284.30415272499994
5986,250,329.9614493250003,323.79387835000006
5987,250,354.5674386500002,330.697289575
5988,250,368.1252890749999,323.71488620000014
5989,250,367.11934659999986,328.505246275
5990,250,388.14978867500037,370.73063135000007
5991,250,342.0009246250004,341.4775807
5992,250,416.0411562750006,355.4093977750001
5993,250,313.73015850000036,375.9932138749999
5994,250,396.0385793250002,358.66707799999995
5995,250,250.9606184500001,298.0593257500001
5996,250,309.3862619250003,343.371321475
5997,250,328.87825639999994,258.95913344999997
5998,250,277.19074985,284.6020188499999
5999,250,232.38391555000032,191.4513783
6000,250,247.9176088999999,206.77448409999994
6001,251,205.011315,237.69109772500002
6002,251,189.63950092500008,192.08424179999994
6003,251,216.9308144000002,178.83512459999994
6004,251,229.76232575000006,174.86260315
6005,251,215.28410755000004,211.25562082499988
6006,251,236.96652287499995,274.58210107499997
6007,251,293.7534119500001,242.57957712500004
6008,251,292.4510363250002,267.02424525
6009,251,261.7776585500002,205.22116607499999
6010,251,268.47869317499993,304.54944339999986
6011,251,332.18646412500004,345.7966420749999
6012,251,337.697752525,330.27402869999986
6013,251,283.65477122500016,338.2581580499998
6014,251,360.115801775,329.95492937499984
6015,251,277.04949355000014,391.5561574249999
6016,251,348.1937557,282.80711464999996
6017,251,393.69951282500006,376.20940475
6018,251,336.8541995500001,364.420662
6019,251,310.78413427500004,301.13509755
6020,251,304.33219940000015,290.73309589999997
6021,251,261.65513547500007,298.7809241000001
6022,251,321.57450872500044,334.29919602499996
6023,251,240.28593655,224.9009033999999
6024,251,271.65878435000013,218.981117425
6025,252,246.0633255750002,190.24629542500008
6026,252,157.54593800000015,174.21257790000004
6027,252,214.95110815000004,166.769537825
6028,252,199.45581460000014,193.027132975
6029,252,215.93077140000003,206.53044172499995
6030,252,217.57822792500016,212.46612967499993
6031,252,249.00157470000002,251.21336735000003
6032,252,202.91335602499996,275.4451616000001
6033,252,262.7336773500002,317.79496592500016
6034,252,270.73616245000017,270.2066900249999
6035,252,313.0943324,360.843244025
6036,252,393.72207115000026,336.39013624999984
6037,252,351.88225072500006,390.35268257500013
6038,252,350.81081070000005,262.24935585000003
6039,252,322.7926769750001,316.67731785
6040,252,310.56287737500014,346.10885465
6041,252,347.93550107500033,355.8527968999998
6042,252,301.88029900000004,349.89058212500004
6043,252,341.05064170000014,395.8207028749996
6044,252,310.8118640500004,324.5356973249999
6045,252,276.6060179750002,272.07114092499995
6046,252,294.29259277500023,290.62378697500003
6047,252,234.6028434000001,262.0649267500001
6048,252,233.65568550000006,210.67219947499996
6049,253,208.3948148500002,172.89634604999995
6050,253,195.38550160000017,173.53576470000002
6051,253,182.17073632500023,170.76624825000005
6052,253,207.7547977000001,190.36393967499993
6053,253,213.32498244999994,208.30587442499987
6054,253,252.54376497500013,200.32157620000015
6055,253,216.22179580000022,297.43263942500016
6056,253,272.5850977500003,285.34835972500014
6057,253,205.77985807500005,315.4653509749999
6058,253,362.1131818250001,378.3887155249999
6059,253,354.19418662500016,385.41490007500005
6060,253,408.04698830000007,413.96327572499973
6061,253,332.10269967500017,392.8989205749999
6062,253,417.1924459750002,318.4173697749998
6063,253,336.4268592000001,321.36511774999985
6064,253,323.804409,360.59540185
6065,253,358.61023437500023,347.59717377500004
6066,253,380.3528765750001,347.70747812499985
6067,253,351.36827419999986,310.6974632499998
6068,253,324.95743619999996,357.78400237499994
6069,253,316.673974325,328.908761725
6070,253,254.99373067500014,271.53370175
6071,253,249.4768891000001,227.82169892499996
6072,253,291.98500257500046,228.93812297499994
6073,254,205.8809327750003,247.77637857499997
6074,254,228.71715295000033,189.29837292500008
6075,254,227.23986255000005,202.03322932499998
6076,254,196.38177912500004,170.54782525000002
6077,254,221.98151847500014,189.44693647499994
6078,254,180.80672187499997,229.7923887500001
6079,254,365.3730808250005,282.6933442249998
6080,254,264.16412912499993,266.7925139499998
6081,254,245.09362584999985,302.0010887000001
6082,254,274.44140015000016,370.92968337499985
6083,254,283.0736119499999,319.69020547499974
6084,254,395.0692012500001,364.4117274249999
6085,254,390.31532192500003,384.44125977500005
6086,254,335.0485507249998,297.84535714999987
6087,254,309.90375464999977,314.74797605
6088,254,353.2250977750004,389.6286642999999
6089,254,378.76107912500015,355.21374167499977
6090,254,319.36952210000015,316.51290520000003
6091,254,349.7310948250001,403.6200666750001
6092,254,346.87186085000013,336.63024544999996
6093,254,292.876981675,409.550961925
6094,254,258.6377985750001,245.35945290000012
6095,254,270.7643172500001,233.03973405000002
6096,254,164.90192280000002,204.03321137500006
6097,255,152.04592035000002,193.5121448999999
6098,255,211.9594444250002,232.15831554999994
6099,255,197.5559314249998,187.31169634999992
6100,255,200.21498830000024,199.67702764999996
6101,255,139.13021375000017,225.33020567500003
6102,255,190.04899647500014,228.5067295
6103,255,257.03137439999995,339.3625594749999
6104,255,280.14206040000005,277.3429069
6105,255,277.86182207499996,323.5939868250001
6106,255,391.1484939749999,331.91371582500005
6107,255,347.4207298250002,356.5835284749997
6108,255,346.1169528250003,323.6833579999999
6109,255,312.8555312500001,374.61570592499993
6110,255,456.2395474750007,294.72998327499994
6111,255,382.50096600000006,487.190380475
6112,255,356.37352202500006,313.10708987499993
6113,255,288.0605626000006,519.778860975
6114,255,348.2976087750001,395.4277394499999
6115,255,375.44777605000024,390.29903912500004
6116,255,378.1527581250002,402.3799794749999
6117,255,276.23619035000024,351.13454312499994
6118,255,259.6993558500002,244.26170802499996
6119,255,224.17345420000026,247.461380275
6120,255,197.16893545000028,200.68680929999977
6121,256,239.65183719999993,194.03093829999995
6122,256,177.71234547500003,177.2340376499999
6123,256,168.18830710000037,199.52815387499996
6124,256,180.38235884999995,172.30958582499994
6125,256,241.54974154999988,170.94842882499995
6126,256,252.3560259250003,278.81452074999993
6127,256,264.1238523000003,199.5110001249999
6128,256,306.936933575,267.854218625
6129,256,318.9216392500001,297.460435825
6130,256,415.61712625000075,334.9877237499999
6131,256,384.33900229999995,305.0857260749999
6132,256,389.7124534000005,362.006847225
6133,256,277.1312736750004,352.22065489999994
6134,256,399.96453260000015,353.1643888499998
6135,256,417.95383737500026,372.599581275
6136,256,371.81918420000005,342.52251854999975
6137,256,449.7101009250009,462.1088343499998
6138,256,421.80784340000025,454.8296067499998
6139,256,364.3023350250004,299.26277845000004
6140,256,327.12815250000006,321.35779095000004
6141,256,367.0186379750001,365.5975321999998
6142,256,302.73828705000005,263.78231492500004
6143,256,303.9814344250002,268.353926475
6144,256,292.68456072500044,274.48096814999997
6145,257,218.170041525,204.99886040000013
6146,257,248.52967227499988,190.38177619999993
6147,257,192.8559010500001,155.15630844999993
6148,257,183.09166362500054,192.24887564999995
6149,257,230.59951185000006,226.0424595749999
6150,257,213.5114645,269.768684325
6151,257,252.14607970000023,243.94139617500002
6152,257,278.8594725250002,333.33330972500005
6153,257,231.87086507499998,315.41155579999975
6154,257,396.26755110000016,234.90156187500006
6155,257,391.27855912499984,482.55562339999955
6156,257,319.20157607500005,279.1228017000001
6157,257,354.6087862000005,400.8491054499999
6158,257,392.02775955000004,426.43837514999996
6159,257,418.22088747500004,319.0286474999998
6160,257,467.2182151500004,413.8934855250001
6161,257,352.0713883750002,421.5122947
6162,257,432.52714977499994,408.45632997499973
6163,257,379.12724772499985,312.3522736999999
6164,257,366.5062017500002,329.1887756999998
6165,257,307.97010380000006,274.2471850499998
6166,257,273.53123287500034,343.63455447499996
6167,257,257.46881157499996,292.2642626249997
6168,257,225.60349145000026,234.96082465
6169,258,222.91263030000005,225.55379709999985
6170,258,195.61746690000012,228.34217689999994
6171,258,208.59934337500016,184.28521719999992
6172,258,168.10462574999997,201.39005617499987
6173,258,175.73274392500008,196.98883679999994
6174,258,223.88108392500015,197.30678637500006
6175,258,228.58904019999997,213.31348737499985
6176,258,211.41955092500035,243.75942080000007
6177,258,259.4166714750002,262.11861497500007
6178,258,287.9777518750001,343.4928838500001
6179,258,363.9999104000003,347.26187705
6180,258,424.74142690000065,408.49864890000015
6181,258,428.7285124,306.46058324999996
6182,258,421.1329924500002,305.99084482499995
6183,258,352.39240007499995,371.004444375
6184,258,387.7969349000004,384.972443625
6185,258,325.05040872500024,374.10929635000014
6186,258,315.51631002500017,420.37754359999997
6187,258,325.3083037500004,334.40813360000004
6188,258,333.05554834999987,289.45043762499984
6189,258,289.63258667500025,356.91146382499977
6190,258,252.28171740000013,351.85789632499984
6191,258,255.53450275000017,252.200673475
6192,258,200.67899285000007,207.40316869999984
6193,259,237.07627855000024,170.09215752500006
6194,259,169.44665735000007,181.90805029999999
6195,259,188.1680639750002,195.1493263
6196,259,232.17430560000003,176.44262052500005
6197,259,198.6410039750003,259.8391092249999
6198,259,240.03750767500003,196.27513562500002
6199,259,187.04726325000007,207.0556243
6200,259,234.57667885000012,226.69654715000001
6201,259,275.96887002500034,258.353465175
6202,259,258.3356867250004,275.24984482499985
6203,259,328.58301210000025,294.12931879999985
6204,259,345.7637971250001,319.7284150249999
6205,259,303.11168817500015,291.86806027500006
6206,259,274.099775025,372.2207437499997
6207,259,290.18915992500007,365.1091977249997
6208,259,349.92649365000034,340.43727602499996
6209,259,390.7990448500002,298.75842475
6210,259,364.1984762250005,306.1229170000001
6211,259,324.4264555,336.41859347499985
6212,259,318.25962877500046,302.68731929999973
6213,259,272.10969165,302.09905772499997
6214,259,323.2541349249999,244.7118154499998
6215,259,253.66907202499996,261.38897975
6216,259,230.30814952500003,208.22317244999988
6217,260,210.01285397499984,158.01793704999994
6218,260,188.112266425,184.96279707499994
6219,260,166.22212682500003,193.88362554999995
6220,260,242.1087338500005,157.27778067500003
6221,260,201.3901352250001,201.88936655000003
6222,260,234.26286147500014,222.378228875
6223,260,238.57168842500025,268.6363683999998
6224,260,274.4631885250002,243.2379189500001
6225,260,322.84581567500015,251.825371625
6226,260,291.70844509999984,318.396734075
6227,260,327.5962002000002,384.9132310749998
6228,260,355.92225562500033,352.33118372499973
6229,260,386.5819018000002,398.1615242749998
6230,260,338.6238025249999,426.4774934499999
6231,260,398.0752865000002,343.45285424999975
6232,260,465.46781752500056,330.23073939999995
6233,260,375.9233018999999,295.8326589749998
6234,260,265.35232814999983,287.0158715749999
6235,260,377.0000108250001,369.7590360749999
6236,260,380.994839275,295.91431810000006
6237,260,282.873913025,321.29178544999996
6238,260,271.4982169750002,236.18014539999993
6239,260,283.1066471000001,233.26778627500008
6240,260,170.47396305000012,227.49332727500007
6241,261,211.63581075000022,204.92609979999997
6242,261,168.0499688250001,190.16582059999993
6243,261,183.78864244999997,135.86031329999992
6244,261,213.2501122500002,175.44570617499994
6245,261,201.25659962500015,168.635259025
6246,261,253.20674235,199.1999263750001
6247,261,224.51678812500018,207.8283237999999
6248,261,331.23215447500013,250.37489047499986
6249,261,300.8381563999999,280.6013731999999
6250,261,297.9826253,219.89323209999992
6251,261,274.36862467500004,383.16069387499994
6252,261,388.4586425500002,344.4242938499999
6253,261,274.9514507,280.89156745
6254,261,270.8453870249999,401.6062844500001
6255,261,412.60992047499997,375.39862022499983
6256,261,298.4438350750004,412.21825209999975
6257,261,336.32816325000016,344.1254782
6258,261,337.26616705000015,274.2636468000001
6259,261,272.9123772250001,274.98351682500015
6260,261,317.1576343250003,310.0385466000001
6261,261,312.08443410000007,349.92672837500015
6262,261,254.09260060000025,235.65884225000013
6263,261,249.55496932500006,267.696051025
6264,261,172.7343027750001,186.8423535
6265,262,154.92698015000028,224.04020579999977
6266,262,174.54808130000006,146.338634925
6267,262,175.9315255250002,155.52481257500003
6268,262,197.7315761750001,150.05600694999993
6269,262,201.9954840749998,210.62867415000005
6270,262,185.327439375,212.80585677500005
6271,262,245.71687015,260.56060974999986
6272,262,354.8097120500003,269.1040270999999
6273,262,294.8870637250002,244.9370571999999
6274,262,336.3364094000002,338.150708025
6275,262,412.27418487500006,396.58594027499976
6276,262,290.404102275,298.26027120000003
6277,262,341.5452030250002,276.7721572749998
6278,262,322.51314957500017,354.5782994499999
6279,262,292.592391625,302.99782604999996
6280,262,374.35795952500007,290.4816171
6281,262,353.647484275,403.5716806999998
6282,262,371.7629802750002,333.26983315
6283,262,323.8366358999999,361.94980309999977
6284,262,311.3682359000002,324.28898612499995
6285,262,269.6423373750001,298.42636677499985
6286,262,265.45448880000043,272.0428145499998
6287,262,268.51341707500006,205.10216874999986
6288,262,158.1459476,202.20842002499992
6289,263,210.18551695000014,203.99656092499993
6290,263,187.58598690000014,195.594943275
6291,263,163.19115985000008,145.87434452499997
6292,263,167.0863498750001,161.69504314999998
6293,263,187.75495007500024,198.13685625
6294,263,196.24450442500012,170.5903001
6295,263,256.408765675,257.69394762499996
6296,263,291.5734988749999,303.08955747499976
6297,263,310.15122375,244.98677284999997
6298,263,364.0527349,343.337162925
6299,263,349.8903741250002,336.446250275
6300,263,262.228646,308.64957059999983
6301,263,366.9090350250002,379.89135479999993
6302,263,340.630777025,275.8828476999998
6303,263,285.83870394999997,407.0892736999999
6304,263,342.1538045499997,489.25377000000003
6305,263,396.4319580500006,404.0191283499998
6306,263,327.46736777500047,386.7167139999997
6307,263,316.8855754000002,364.0986095499999
6308,263,386.62139372500036,359.2972083249998
6309,263,220.92125707500014,388.61653642499994
6310,263,290.7325384499999,270.15681240000004
6311,263,213.22106137500026,288.59705484999984
6312,263,229.96840915000024,227.31306332499992
6313,264,190.83568752499988,229.76050232500006
6314,264,164.52494800000002,179.28655777499998
6315,264,172.55680842500007,187.21367944999997
6316,264,217.68375722500008,174.22224590000002
6317,264,169.4834071250001,226.06941592499984
6318,264,157.33584834999994,226.19841660000003
6319,264,286.2577826250006,250.62437709999995
6320,264,315.75386915000024,295.7347200999999
6321,264,288.4718794250001,318.472722375
6322,264,281.07846820000015,312.657771475
6323,264,297.93490487500014,305.31184724999997
6324,264,326.96717445000013,304.65863067499987
6325,264,342.45378947500024,353.2904703749998
6326,264,352.58785055000016,288.0934857499999
6327,264,404.0839096250006,413.5890966250002
6328,264,395.0762051250001,377.1451006249999
6329,264,398.5017635749999,344.28876827499977
6330,264,312.175841225,390.1229927500001
6331,264,317.32470977500003,308.79740537500004
6332,264,368.3682742250003,296.8016756749999
6333,264,309.4199203750003,354.4566701999999
6334,264,319.44352152500005,285.376272875
6335,264,284.720490875,180.96046012500008
6336,264,222.299010875,250.4472783999999
6337,265,243.04849760000016,210.69995024999997
6338,265,203.2232337000001,174.511836975
6339,265,156.92447927500007,153.32915094999993
6340,265,206.2694287000001,186.83262817499994
6341,265,168.13239554999979,181.40396322499998
6342,265,236.13858130000006,200.5117238749999
6343,265,204.86920210000005,213.8767259500001
6344,265,222.04892587500038,223.98877672500006
6345,265,281.54136650000015,292.10920759999976
6346,265,295.1150289000001,353.0563829749999
6347,265,292.40494827500015,296.46167847499976
6348,265,321.7881232250002,387.07364155000016
6349,265,285.76338445,320.8684340749999
6350,265,391.4348412000004,338.66509937499995
6351,265,413.30641692500046,355.0076386499998
6352,265,330.2242910250002,346.1697963250001
6353,265,292.1839337749999,352.3500971249998
6354,265,344.07935210000005,298.78925022499993
6355,265,299.4562097250001,322.99843147499996
6356,265,342.33816805000043,277.08535352500013
6357,265,311.65112887500015,323.8409084499999
6358,265,224.9107266250003,236.04012010000014
6359,265,210.51114175000004,239.7190025
6360,265,190.43692507499995,178.15755769999987
6361,266,181.7416175250002,153.29121032499995
6362,266,142.30713355000017,164.48924407500002
6363,266,179.62218260000003,216.1341283499999
6364,266,196.15160415,142.59330540000002
6365,266,193.54405175000016,188.38473865
6366,266,197.92667585000012,203.16725604999988
6367,266,191.77490912499997,225.52182407500004
6368,266,239.61643095000005,192.61853567499992
6369,266,271.759462025,248.6326216249999
6370,266,240.49438487500015,274.3588697749999
6371,266,380.32357990000025,316.92754110000004
6372,266,367.1715928000001,336.15661335000004
6373,266,310.7698409000002,366.90335004999986
6374,266,329.7869779,326.583776725
6375,266,321.39308322500017,250.01751212499994
6376,266,342.0418158500001,412.8223663749999
6377,266,386.72404612500054,378.2860070249999
6378,266,404.8036292250004,354.5671406749999
6379,266,323.62786935000014,341.0565490999998
6380,266,281.53630310000005,329.5243622500001
6381,266,342.28569455,310.04053239999996
6382,266,275.0133276750001,217.65736992500007
6383,266,198.41378032499995,179.90459062500005
6384,266,202.4881214250001,201.21925274999995
6385,267,157.44957069999995,198.2941429
6386,267,153.25707567500015,206.112578975
6387,267,180.6100240250001,174.20076504999992
6388,267,201.79169465000007,206.96888612499998
6389,267,190.68486580000007,199.97830737499999
6390,267,248.15869762500043,222.00776357499984
6391,267,246.26875847500003,213.38233134999987
6392,267,288.8348467750001,294.324761425
6393,267,294.99493962500014,310.512542575
6394,267,253.7726215749999,279.1768900249999
6395,267,286.0005031250003,353.9011750249999
6396,267,306.124348875,361.76684824999995
6397,267,361.3033767000002,305.7018751749999
6398,267,328.48480017499986,454.52902114999995
6399,267,387.6432318750003,400.44269184999996
6400,267,392.81608397500025,305.41831807499995
6401,267,343.7726267000005,402.70492265000007
6402,267,315.9200259500001,378.9321375999999
6403,267,364.8509226500001,328.95343332499993
6404,267,285.8478087,309.63931562499994
6405,267,393.4547828250005,252.24386412500002
6406,267,258.80984087499996,199.41480485000002
6407,267,233.38056665000022,195.59516795
6408,267,234.46106477500032,200.950125425
6409,268,181.86556892500045,176.95101852499994
6410,268,190.12380512500027,181.46102280000002
6411,268,174.5586850000003,174.66027837500005
6412,268,215.39433102500016,200.68698715000002
6413,268,209.56752667500012,180.31230614999993
6414,268,246.43059085000021,212.64152492499989
6415,268,255.25493747500002,262.72002224999994
6416,268,214.73113062500005,353.56531717499985
6417,268,272.69820822500014,275.4387397500001
6418,268,268.05429872499997,270.1487518499998
6419,268,278.4751099250001,307.58530617499986
6420,268,337.9805786500001,241.43458827499995
6421,268,324.4544474000002,297.8678669000001
6422,268,312.0524654,367.78159215
6423,268,318.44080540000016,405.8222664749999
6424,268,427.47674859999995,316.50142044999984
6425,268,301.01815467500023,347.9170926249999
6426,268,393.98147722500033,267.33697595000007
6427,268,260.9875590000003,410.68333732499985
6428,268,321.17519145000006,362.89831057499987
6429,268,361.98767495000016,319.54771097499986
6430,268,272.064294075,246.831275925
6431,268,194.12224192500003,162.64394047500002
6432,268,168.55398900000006,206.28083697500006
6433,269,177.65271625000025,156.43919614999982
6434,269,163.1206055,170.50232019999999
6435,269,162.16118947500007,194.63150740000003
6436,269,178.084331675,186.29324189999994
6437,269,199.32388745000003,180.39826877499996
6438,269,235.85896892499997,234.12912884999997
6439,269,253.77857550000016,261.82358304999997
6440,269,224.30498427500012,291.4248757749999
6441,269,345.6041186500004,298.14395595000013
6442,269,343.9044678500002,293.1242467750001
6443,269,316.19828117500026,337.49035227499985
6444,269,359.2442742500001,322.998257425
6445,269,364.43919470000014,338.4691778250001
6446,269,252.03592544999987,297.83484025000007
6447,269,376.73161845000016,346.21941137499994
6448,269,349.7302214750002,268.859734075
6449,269,311.7562773750001,272.9816082750001
6450,269,337.2664122750001,258.38640225
6451,269,288.4005576999999,321.11485757499986
6452,269,331.3258161500003,365.94301877500004
6453,269,255.3571032,287.297027725
6454,269,223.2337244000001,277.6010593249999
6455,269,226.176289,179.14964222500006
6456,269,231.49051350000013,199.14159280000007
6457,270,176.82653295000011,177.45088702500001
6458,270,188.5842712500001,173.4256039749999
6459,270,228.17878997499997,161.42487889999987
6460,270,163.07019272499997,169.84871592499996
6461,270,183.5449251500001,185.44418632499995
6462,270,275.0534038500003,234.30698225000003
6463,270,265.02289995000046,260.342941425
6464,270,301.41007865,248.090245175
6465,270,323.78231125,308.97801422500004
6466,270,306.6316501750001,243.43064415000006
6467,270,391.15094022499994,258.2137094000001
6468,270,353.8131886750002,375.31060655
6469,270,341.55762389999995,294.9295506999999
6470,270,333.67254912500005,341.0783613749999
6471,270,336.33850815000005,389.11010509999994
6472,270,318.51104005000025,260.93303937499974
6473,270,390.7272656250002,350.36364252500005
6474,270,365.11163332500007,428.14465799999994
6475,270,327.7708554750001,282.57312034999995
6476,270,257.2303694750002,339.757468825
6477,270,345.3187119500001,306.21668914999987
6478,270,303.0095149000003,258.53377455
6479,270,244.41492637500028,230.4004913
6480,270,210.44575625,198.19698029999998
6481,271,218.11596087499998,177.21066369999988
6482,271,229.37848515000002,185.21045717499996
6483,271,171.08899357499996,143.12357725000004
6484,271,165.30544732500005,167.0075441749999
6485,271,188.22048565000014,191.34599717499995
6486,271,204.8184122250001,239.575365525
6487,271,226.8286769500001,218.46365987500008
6488,271,209.56163105000007,256.2132347
6489,271,269.7919958250001,271.13570912499995
6490,271,281.5137117000002,355.31720884999993
6491,271,289.60449777500025,305.8074695
6492,271,323.5617550250003,324.972699375
6493,271,272.73505564999994,301.57782737499986
6494,271,337.4616412750004,304.606760775
6495,271,337.8034151500002,337.59199355000004
6496,271,369.2386618999999,358.51285522499984
6497,271,329.3358202499999,344.2954289500001
6498,271,306.86112490000005,364.4899366249999
6499,271,312.5005709750002,293.6023427249999
6500,271,333.23340435,307.3891170999999
6501,271,308.23887537500013,250.98264000000012
6502,271,281.6414942250002,290.0075118749998
6503,271,203.3602965750003,190.8403765
6504,271,191.8278901500001,210.93737205000002
6505,272,192.52270462500002,170.17545297499996
6506,272,205.11931152500003,189.86315657499983
6507,272,156.74515360000024,141.13990697500003
6508,272,145.01527812500007,214.99858422499995
6509,272,176.21645165000007,211.20282774999993
6510,272,201.2669776250001,202.096628775
6511,272,236.7928529000003,220.78245687499995
6512,272,232.65475095000022,267.38723312500014
6513,272,227.56827475,328.6188494999999
6514,272,242.10370675,305.8671080999999
6515,272,207.5263592250002,407.0435993499999
6516,272,350.3539825750005,284.31401382499956
6517,272,308.5990486000002,291.12412134999994
6518,272,335.7255488750002,362.278279625
6519,272,283.5757008750002,283.60242362500003
6520,272,346.92686635000007,320.61649585000004
6521,272,312.70261099999993,279.06311074999996
6522,272,304.8283544000002,331.5815996749999
6523,272,235.57692882499992,300.8496954250001
6524,272,326.15781815,291.61848374999977
6525,272,281.77796064999995,299.5108261
6526,272,223.63357237500026,306.76423815
6527,272,227.09334765000017,213.82997307499994
6528,272,201.82670812500004,231.80887314999995
6529,273,238.87815952500057,177.67384192499995
6530,273,157.5413997000001,182.12364029999986
6531,273,182.52250174999998,181.67522405000003
6532,273,139.95930227499997,145.74753105000002
6533,273,176.42187112500017,189.02096934999997
6534,273,215.4459994750004,170.60132847499995
6535,273,251.43707547500014,228.02412520000007
6536,273,213.83469464999988,220.83766329999986
6537,273,210.83595960000002,314.4473419499999
6538,273,250.85892097500022,283.385176875
6539,273,307.35565535000023,304.7919692999999
6540,273,221.66600519999983,335.91624792500005
6541,273,280.1435854250001,321.760375125
6542,273,344.3334234500004,301.3379288499999
6543,273,289.50041087500017,331.90960517499997
6544,273,319.2124770750003,367.6050274499999
6545,273,356.1980179000003,401.621362775
6546,273,421.64934610000023,311.09037494999995
6547,273,352.5946691000001,304.39361777499994
6548,273,327.5175895750002,277.9657313749999
6549,273,251.18066372500002,351.08407049999994
6550,273,236.29797397499996,273.41091159999985
6551,273,222.13240067500004,225.3891937249998
6552,273,195.63132935000002,165.36824927500004
6553,274,210.4695557250001,172.25843184999985
6554,274,156.34100162500005,180.66711437499987
6555,274,186.46190660000013,188.53209682499988
6556,274,152.81729822500034,157.65591859999995
6557,274,170.01474544999996,196.6268674249999
6558,274,230.09229369999994,242.06890687499998
6559,274,317.94626185000027,216.04207452499992
6560,274,247.93500052500013,316.2816242749998
6561,274,283.69835595000006,313.1149667249999
6562,274,384.15859472500006,308.62506572499996
6563,274,285.7892204499999,338.86516017499997
6564,274,363.5728291250001,383.0874595499998
6565,274,326.58694429999997,449.49852364999987
6566,274,370.1476576500006,497.75097319999986
6567,274,411.8108168750004,344.1408670499999
6568,274,341.7766981000002,379.0601005999998
6569,274,450.06681319999984,404.06903392499987
6570,274,372.8365546500006,327.90559837499995
6571,274,294.5714714500002,322.83560242500005
6572,274,331.5911022000006,358.43232852499995
6573,274,376.538556925,326.55809967499977
6574,274,287.4146279000002,331.9651639000001
6575,274,219.44191629999983,257.95588535000013
6576,274,188.3550663750002,228.42885460000002
6577,275,199.78986459999993,181.96194242499996
6578,275,164.88695064999993,211.11146292499996
6579,275,195.19682797500013,166.45850154999994
6580,275,197.57190232500017,167.67970557499996
6581,275,211.01561540000006,194.15292862500002
6582,275,225.57643212499988,246.25815142499994
6583,275,201.9200334750001,273.0554855999999
6584,275,335.8263040000002,280.6171084499998
6585,275,312.9586454500002,288.09283542500003
6586,275,262.53024942500014,319.6510833749999
6587,275,294.012357975,288.76343747500005
6588,275,342.76124515000026,371.2538049
6589,275,354.69252847499996,346.18247589999976
6590,275,407.3149964250001,342.163212125
6591,275,383.41038192500014,364.68162525
6592,275,472.58403695000015,341.62644637499994
6593,275,401.65111100000036,421.9095687249999
6594,275,342.675741225,382.69427239999993
6595,275,434.25592302500036,350.07102617499993
6596,275,396.0867468250004,250.68847979999993
6597,275,326.806423325,402.831986325
6598,275,242.14900377499998,322.2300709499999
6599,275,302.575070675,223.4621206250001
6600,275,258.2585127250002,199.29734880000007
6601,276,161.51814017499984,224.45764679999994
6602,276,166.94202402499997,234.236332275
6603,276,182.61723597500009,178.12967779999997
6604,276,206.36812780000002,154.63307145
6605,276,190.47142427500015,199.82796487500002
6606,276,223.6172826500004,182.17137224999996
6607,276,204.97875195,266.77480024999994
6608,276,305.53062972500004,227.43373552499992
6609,276,209.28448627500006,314.48151175
6610,276,310.6063316500007,371.31367877499997
6611,276,323.635407525,390.51489142499975
6612,276,354.5186822250003,357.02770680000003
6613,276,397.0878386750004,262.1893105250001
6614,276,335.0586257000001,358.52931887500006
6615,276,350.9261101750004,257.2273173999999
6616,276,309.4313162999997,428.2515591749999
6617,276,404.29263727500006,355.8267437249998
6618,276,347.12482935,275.858253525
6619,276,380.83176277500013,279.1429081499999
6620,276,328.3929029750002,338.0790664499999
6621,276,249.9757513250002,306.70324657500015
6622,276,254.84140092500002,266.46231249999994
6623,276,207.73996405000014,230.74621322500002
6624,276,201.65387822499994,216.6289291249999
6625,277,155.30249312500004,186.22746327499993
6626,277,208.1065458250004,169.31931335
6627,277,143.87007637500005,197.89184774999998
6628,277,171.60534275000003,177.70987365000002
6629,277,194.21367557500008,198.63544589999998
6630,277,241.3817916000002,217.3212491999999
6631,277,221.37688610000026,276.6415463499999
6632,277,280.39834315000047,265.04443272499975
6633,277,305.65145402500025,276.49175542500006
6634,277,344.5184885500003,316.91633772500006
6635,277,371.7883777500002,446.10279319999984
6636,277,311.85856787499995,318.27146812499984
6637,277,318.52957284999997,311.41511285
6638,277,316.7743904,367.9036950000001
6639,277,251.1684743500001,274.535225375
6640,277,228.01744869999987,275.4651175749999
6641,277,312.88113475000006,316.0712816749999
6642,277,302.4772885000001,286.1203186750001
6643,277,318.2821037000002,400.8219754499997
6644,277,262.3867177500001,302.30568392500015
6645,277,286.9848420250002,314.68624057500006
6646,277,279.17965517499994,263.1719506250001
6647,277,218.3254762000001,218.13460259999985
6648,277,182.16660654999995,215.67221189999998
6649,278,189.67211017500023,175.3421750749999
6650,278,192.86753542500017,213.06112042499998
6651,278,157.6145567750001,135.72565524999996
6652,278,175.2431995500001,121.87752042499994
6653,278,185.63565317500002,198.32920665
6654,278,185.9832502250001,247.03915424999997
6655,278,218.2596151000002,244.83222867500007
6656,278,237.31622337499996,247.85785749999997
6657,278,294.899891275,347.48464759999996
6658,278,321.14401332500046,284.22399555000015
6659,278,259.8230389500004,388.73792772499996
6660,278,300.24816327500025,357.3326678499998
6661,278,284.7415711250002,289.53320632499987
6662,278,276.1245882000002,369.61735534999997
6663,278,275.05508110000005,328.6947196749998
6664,278,382.3891597500001,260.04198047499983
6665,278,267.6542602000003,299.34561104999983
6666,278,336.16894700000023,270.28166115
6667,278,300.3949761250002,279.7955879499998
6668,278,325.77872414999996,243.04920717500008
6669,278,238.77204672500017,279.2645685
6670,278,256.5392877250002,228.7762568999999
6671,278,232.12504715000006,188.00369527499993
6672,278,170.87405215000027,176.82024525000003
6673,279,176.61274520000018,133.12276399999993
6674,279,178.66664925000003,154.69381877499995
6675,279,139.44790552499995,123.40626567499993
6676,279,120.52432342500006,164.9018820999999
6677,279,168.1636510250001,197.18519279999995
6678,279,211.65134795,178.63145109999994
6679,279,252.05058490000005,208.19656539999986
6680,279,219.17852147500005,245.37950389999975
6681,279,255.9932809000003,218.13331132499985
6682,279,306.8497679500001,275.5936039749999
6683,279,340.98305300000044,314.2063736749999
6684,279,261.31955332499996,344.13685235000014
6685,279,321.5584994000001,261.11821682499993
6686,279,260.9209961749999,259.0581410999999
6687,279,229.0469602250003,281.43453492499987
6688,279,237.46250359999993,224.81150702499986
6689,279,279.5369461250002,263.25550407499986
6690,279,222.31429905000024,254.38828792499993
6691,279,250.69012549999997,256.2777147999999
6692,279,310.11928630000034,307.06666074999987
6693,279,273.4403865000003,274.67870167500007
6694,279,245.40256590000018,232.24240864999996
6695,279,184.19499402500026,241.74255054999986
6696,279,140.08345887500002,187.33681007499996
6697,280,170.51678492499997,190.7865615999999
6698,280,142.83444004999996,137.37564370000004
6699,280,167.31976330000012,148.1918683
6700,280,158.667888325,181.9889894499999
6701,280,160.81477769999995,199.60211940000005
6702,280,176.24259230000013,185.269712775
6703,280,170.7477766500001,187.63221585
6704,280,203.17414000000025,208.6834581000001
6705,280,239.018525775,225.00250052499996
6706,280,257.49466325,249.64516372499997
6707,280,342.4125033249999,289.53040125
6708,280,215.85284392500006,265.75519172500003
6709,280,314.926194225,301.8557677749999
6710,280,271.5374674500001,291.99117222499996
6711,280,245.00267422499996,312.2178531999998
6712,280,276.4580975250002,252.24241489999986
6713,280,324.9795495999999,287.5438148749999
6714,280,261.48972902500014,332.8979815499997
6715,280,232.4920008000001,171.92014604999997
6716,280,288.98222662499995,372.36178507500006
6717,280,258.3057640500001,232.97350564999988
6718,280,246.49130064999983,235.1206734999999
6719,280,198.69846274999992,214.32264894999994
6720,280,162.83565282499998,191.28654732500002
6721,281,137.56809465000026,203.37013027499987
6722,281,155.86392027500023,124.84238814999996
6723,281,143.94073152500007,133.53159015
6724,281,129.17135705000013,165.657194425
6725,281,184.2710587750002,161.05967665
6726,281,179.13367917500017,207.36680912499997
6727,281,275.23580237500005,214.63271415000006
6728,281,280.7717685250001,224.20470952499988
6729,281,386.3126739500003,298.1243688249999
6730,281,350.58567415000005,208.12750795000005
6731,281,240.7245678000001,257.9363469749999
6732,281,292.3812881250002,285.5411425749998
6733,281,429.78914122500015,361.400088475
6734,281,317.2504981000001,331.94492824999986
6735,281,302.6620273750003,333.68311477500004
6736,281,304.9248886500001,351.7132307499998
6737,281,299.7222365749999,318.57224217500004
6738,281,290.70433395,295.04108217499993
6739,281,250.78374020000018,280.8274823999999
6740,281,312.34180882500004,313.3360514249999
6741,281,288.02893640000036,268.4749520499999
6742,281,185.6564490749999,302.61423890000003
6743,281,230.48468655000005,173.50650054999994
6744,281,170.44339097500023,184.28426234999995
6745,282,181.4408358500002,211.66018472499997
6746,282,142.01423512500003,169.89920299999991
6747,282,162.06114640000018,148.33593102499992
6748,282,135.10177664999998,176.27920949999995
6749,282,197.47420089999997,207.25975372500005
6750,282,244.86875500000028,177.00204860000008
6751,282,304.25449872499996,230.52079495000012
6752,282,262.97773640000037,229.71818497499984
6753,282,322.9071378000001,259.89440072499985
6754,282,318.08495660000017,252.79869890000015
6755,282,287.76721607499996,334.23581665
6756,282,296.3713067750002,259.78386875
6757,282,311.83337162500015,284.98970319999984
6758,282,303.68378042500035,415.5179245749999
6759,282,362.1062570250002,345.7745038999999
6760,282,300.41125470000014,312.408714725
6761,282,294.7294608750001,280.4057914749998
6762,282,257.54065102500005,204.15059137499998
6763,282,299.1978185249999,273.06762272499975
6764,282,292.3287720249999,284.30326652500014
6765,282,246.9892883249999,276.12482202499996
6766,282,205.86529927500007,203.145060775
6767,282,226.26870842500006,202.05435924999986
6768,282,219.40329392500013,206.95021532499996
6769,283,143.9792516500001,182.607057
6770,283,144.894502225,134.96814247499998
6771,283,171.51839420000013,166.85105524999994
6772,283,173.402883775,151.94215232499988
6773,283,196.51472087500008,169.91928907499988
6774,283,257.80433155000014,178.10112020000003
6775,283,220.47489774999994,218.53049292500003
6776,283,274.3935162000003,322.02447984999986
6777,283,306.3967226500004,282.7513104999997
6778,283,277.12544935000045,286.5327014499999
6779,283,325.6956792000001,349.9437077999998
6780,283,299.06892397500013,291.0222317
6781,283,270.3804557000001,304.9579303500001
6782,283,305.8131522750002,313.61672622499975
6783,283,267.8112287250001,254.49944419999997
6784,283,217.70352177500007,246.31165227499997
6785,283,359.0980579000001,275.8927047499999
6786,283,246.14022827500037,246.91416134999992
6787,283,247.8691539249998,306.2840829750001
6788,283,264.4883863000001,245.3554955000002
6789,283,279.52508727500003,263.74289522499976
6790,283,244.60889052499994,180.35392077500006
6791,283,216.76093340000006,216.80163672499992
6792,283,173.8856918000002,191.69547409999998
6793,284,141.89851465,255.29715762499995
6794,284,151.04418097500007,141.96450825
6795,284,175.69871297499992,164.23253064999994
6796,284,145.96769682500002,174.84067534999997
6797,284,179.93830955000018,183.76189147500003
6798,284,215.13151467500006,209.92102497499997
6799,284,216.0910535750002,217.43837145000003
6800,284,239.66613755000034,230.7430144999999
6801,284,269.5453699000003,285.5451792250001
6802,284,303.044498675,291.69546992499977
6803,284,333.1342746250001,339.398925975
6804,284,256.88832077500007,407.6815290249999
6805,284,330.7499922250001,211.45977394999983
6806,284,249.81964300000027,269.85194994999983
6807,284,256.68632767500003,242.21279822499997
6808,284,253.5171294500002,293.19615759999994
6809,284,194.41085297500013,247.72267955000007
6810,284,248.73611142500016,229.30186362499992
6811,284,277.8775137000001,219.89124442499985
6812,284,301.2789280000003,227.77100685
6813,284,244.60704190000018,218.7382191750001
6814,284,245.13340575000046,237.64396344999983
6815,284,249.81940989999993,192.32461340000003
6816,284,201.46434094999995,192.547210375
6817,285,191.10698635000014,227.4774631749999
6818,285,146.1729386500001,199.14104805
6819,285,201.77240515000017,202.45752374999995
6820,285,181.20591007500002,206.18131107499985
6821,285,241.73107947500012,241.144109925
6822,285,215.87919704999996,188.06334015000004
6823,285,247.1424543750001,217.32022769999998
6824,285,298.61600272500016,265.9252448249998
6825,285,239.70637540000047,304.69487212499985
6826,285,299.9304592000001,322.4520132749998
6827,285,332.13109447500017,339.5855458749999
6828,285,280.98390672500017,390.28555182499986
6829,285,227.0762087000001,309.58086545000003
6830,285,209.97442582499994,286.48297382499993
6831,285,214.38237460000002,260.0528839999999
6832,285,168.84226420000005,263.93110939999997
6833,285,237.66547525000004,260.3494135249998
6834,285,255.09590785,221.93487952500004
6835,285,254.38536490000007,276.87719474999994
6836,285,239.4131118,237.77652065
6837,285,224.55480405,258.03119825
6838,285,213.9603959500002,234.07957647499998
6839,285,199.43064215000012,202.11309627499992
6840,285,194.48943392500007,200.572974025
6841,286,210.4344970500003,177.405982925
6842,286,177.19401722499993,152.54455904999995
6843,286,190.13731642500002,182.56196472499988
6844,286,191.09553630000008,157.97850124999997
6845,286,168.77865415,170.77895294999996
6846,286,159.16212957499997,203.10194479999996
6847,286,184.32147164999998,173.50217614999985
6848,286,225.14673465000027,249.95869495000005
6849,286,251.33502162500042,242.05259117499992
6850,286,225.79024057499987,262.11703999999986
6851,286,265.31376722500005,305.72291572499995
6852,286,290.49077887500044,211.08443959999997
6853,286,225.94220207500007,218.6726682999999
6854,286,245.77004617499998,271.17505235
6855,286,244.04927180000038,266.6921872250001
6856,286,251.20499917500024,327.8198897749998
6857,286,261.75539162500013,233.46824312499996
6858,286,240.48782015,242.99912164999998
6859,286,207.1211212250002,230.24668022499986
6860,286,232.82993977500016,231.19839997500006
6861,286,210.89393380000013,248.5181278249999
6862,286,252.21191132500013,185.34900069999992
6863,286,233.450817325,221.23824117499998
6864,286,159.66454827500007,194.83069035000005
6865,287,180.66518805000032,176.33534480000003
6866,287,193.84379355000004,141.77624484999998
6867,287,158.57251750000006,168.6261234999999
6868,287,168.0817017500001,165.82281824999998
6869,287,145.535899075,188.12016804999996
6870,287,175.24168812500014,192.62974632499999
6871,287,193.64674107500002,177.77274222500006
6872,287,230.41476504999991,234.0073301499999
6873,287,246.87457222500012,243.73258762499978
6874,287,253.78902092499996,311.0042557749997
6875,287,235.2907770500002,257.6390396249998
6876,287,267.10970557500013,235.49739415000002
6877,287,309.6565225749998,201.87542164999996
6878,287,224.99660167500002,244.87372394999994
6879,287,237.11618300000004,238.84105419999997
6880,287,260.10892112500005,209.63573619999983
6881,287,290.3582868250006,266.46197935000015
6882,287,235.17681540000012,246.32168457499984
6883,287,208.04031440000006,294.9808984250001
6884,287,227.225453075,239.93987070000014
6885,287,266.20799315,206.6657776500001
6886,287,260.0180508500001,216.76290292500008
6887,287,187.98369867500006,215.64767305000004
6888,287,165.32583882500006,166.82823629999996
6889,288,155.93508307500002,152.427434725
6890,288,128.98150635000005,150.091718925
6891,288,174.6406372,145.27757902499997
6892,288,158.20468974999994,170.43396485000005
6893,288,172.03568537499996,167.70898075000002
6894,288,194.36388887500013,177.8047672749999
6895,288,184.8811129250002,225.69689472499994
6896,288,281.506602275,246.24456027500017
6897,288,272.3818107750001,289.87399104999986
6898,288,251.00274475000003,234.5834470500001
6899,288,247.58331832500005,212.923700075
6900,288,297.78446495000026,332.9053284499998
6901,288,280.3734521500004,274.5867495000001
6902,288,388.69453117500086,323.46810664999987
6903,288,379.9882104250004,385.2972563499999
6904,288,296.8274330000003,338.97673834999995
6905,288,229.484658625,296.04249059999995
6906,288,367.2314907500004,338.8199799249999
6907,288,336.1397563250001,325.30448252499997
6908,288,333.9480459000001,330.37528234999996
6909,288,262.77968610000005,356.8832518249998
6910,288,285.90858437500026,315.8224958999999
6911,288,177.08077087499998,230.77956462499992
6912,288,227.8319564250001,165.26299074999991
6913,289,185.03804812500007,146.37242097499995
6914,289,155.19068197500002,158.717228
6915,289,144.03475397500011,153.21108759999998
6916,289,153.866701475,175.44859185000004
6917,289,191.40921315000003,207.90691532500006
6918,289,230.5119226000001,225.181292075
6919,289,256.9135568250002,279.0103043249999
6920,289,247.7983115250001,292.0850769
6921,289,278.54761760000036,295.12596807499995
6922,289,239.71002532499992,344.52356099999975
6923,289,301.50440969999994,227.83249987499997
6924,289,339.38674045000016,382.725804475
6925,289,302.67388344999983,400.64478977499994
6926,289,349.4111875000001,338.28272964999996
6927,289,302.2129426250001,274.9903814499998
6928,289,370.0866738500002,348.3027808749999
6929,289,315.38624292500026,279.7656493999999
6930,289,276.74433239999996,293.19178262499986
6931,289,275.18070302499996,221.43979855000006
6932,289,266.7134908750001,350.89545899999996
6933,289,308.17195937500003,294.7424382749999
6934,289,206.68568647500015,253.413527425
6935,289,243.95223920000018,150.54988617500004
6936,289,204.441391625,126.64063887499998
6937,290,175.35685739999997,201.39132069999994
6938,290,208.5860725250001,185.02410972500005
6939,290,146.61612457499996,143.4198376000001
6940,290,148.29860159999998,189.37956987499996
6941,290,177.92144574999992,137.09553972499998
6942,290,244.61258852500026,235.26757502499999
6943,290,287.8123406750002,244.78418572499993
6944,290,281.78686922500015,269.5590226999999
6945,290,234.14778102500009,335.84492472499994
6946,290,297.8197095250001,290.2440489249999
6947,290,301.65825640000025,295.708494525
6948,290,363.9215669250005,260.931746425
6949,290,339.7101056500002,337.89205437499993
6950,290,337.5079296000006,244.77823207499978
6951,290,368.957147675,262.5044825
6952,290,517.4428186250004,299.11993809999973
6953,290,268.81255512499996,324.64362922500004
6954,290,310.5212063500004,315.2973817750001
6955,290,344.19381575000034,259.9427168499999
6956,290,317.3196324750003,329.33374557499997
6957,290,363.5986423750002,271.68235339999984
6958,290,314.35926724999996,234.7175645750001
6959,290,241.17167417500013,215.647666075
6960,290,178.26141860000013,192.92178809999996
6961,291,155.5679202,201.445078375
6962,291,175.69611712500028,194.92250940000002
6963,291,193.16026305000014,151.93688085000002
6964,291,160.27918217500007,131.29208317499996
6965,291,169.58510707499985,193.0938681
6966,291,212.89304534999997,188.71773937499995
6967,291,232.43614230000009,277.6120446499998
6968,291,233.27649860000048,274.19817494999995
6969,291,309.1000129250004,253.7723453249999
6970,291,287.80451760000005,306.3597130999999
6971,291,272.87533567500003,415.30578495
6972,291,318.8704228250001,314.496842525
6973,291,336.28716400000013,301.8547697499997
6974,291,305.68146915,351.10691340000017
6975,291,371.40347672500025,270.79769647499984
6976,291,324.83925387500017,273.40802562500005
6977,291,340.83321975000047,266.01535599999977
6978,291,226.6389309000001,266.86810504999994
6979,291,340.4633319750002,250.04027184999984
6980,291,304.53211165000005,366.3122833500001
6981,291,263.83183874999986,255.34138345000014
6982,291,297.8197596499999,267.03264325
6983,291,243.63975320000026,206.882294075
6984,291,218.045577825,196.05711337500006
6985,292,246.90809997500003,188.71951617500005
6986,292,181.48685845000006,211.75418199999987
6987,292,168.26850285,237.330956875
6988,292,199.2027357250001,135.23371664999993
6989,292,206.29005187500007,157.39880922499998
6990,292,191.81874169999998,180.689913425
6991,292,261.57781120000027,203.30322255000002
6992,292,309.06209939999985,254.48127452499995
6993,292,284.41499205,335.26459877499974
6994,292,268.3794288,288.1387809250001
6995,292,422.07972352500013,323.2704033749999
6996,292,278.7110844,351.1014057750001
6997,292,360.1357445500005,279.4814172499998
6998,292,263.4754055500002,304.700862775
6999,292,258.6712054749999,329.8500143250001
7000,292,297.8808623250002,321.2566370500001
7001,292,277.7757092750003,234.312020325
7002,292,288.7831565500002,286.67974559999993
7003,292,290.36661592500013,341.4838141250001
7004,292,227.6174587750001,301.27270930000003
7005,292,297.3904277250001,231.48926087500007
7006,292,270.84754547499995,264.564034475
7007,292,241.08216550000006,209.703829525
7008,292,175.02872525000026,207.63507130000002
7009,293,178.6977492,187.95161290000004
7010,293,169.8933158250001,163.82434317499994
7011,293,169.18213275000042,147.76205642499994
7012,293,171.25871525000008,180.52059832499995
7013,293,205.59802209999987,168.85644802500002
7014,293,165.30701337499983,195.488917175
7015,293,220.4041351250001,264.43070617500007
7016,293,272.7909144250002,159.93404214999998
7017,293,266.6663802750001,281.84942194999985
7018,293,267.93263232500016,308.2377535500001
7019,293,264.74039095,261.6317755749999
7020,293,256.5265929000001,312.31177192499996
7021,293,226.04673317500027,263.2655197249999
7022,293,266.1892968000003,292.1463723499999
7023,293,250.57281385000005,235.02332282500004
7024,293,260.6250688250001,222.53601685
7025,293,259.3232439250004,243.73890737499988
7026,293,224.21054252500028,230.51037507499979
7027,293,315.05926922500026,296.8178557249999
7028,293,207.74128542500029,235.65941052499988
7029,293,211.2528243,234.2359394749998
7030,293,197.40896185000005,226.68602202499997
7031,293,172.46969530000007,227.56439357499994
7032,293,155.3636827000001,203.75167375
7033,294,123.66386957500004,161.25654012499996
7034,294,167.34862164999998,160.87312605
7035,294,157.87146770000018,115.05796655
7036,294,179.62421097500015,173.84228242499995
7037,294,106.07812662500001,178.52493034999998
7038,294,183.67797672500012,192.16956742499994
7039,294,213.5676821,219.0872903000001
7040,294,176.22323217500022,267.66222135000015
7041,294,244.85410220000048,210.089522925
7042,294,277.8892906499999,269.341251425
7043,294,246.35381022500007,368.8428046999999
7044,294,214.11308597500002,286.3886269249999
7045,294,255.41559087500008,233.72991282499981
7046,294,208.93426607500027,256.3502811999999
7047,294,183.92272860000003,276.3151520250001
7048,294,209.38595155000024,302.09810912499995
7049,294,207.6155232000002,246.04924512500014
7050,294,240.88808284999996,209.02479610000003
7051,294,265.15000242500014,243.699854425
7052,294,275.4508625000001,204.59516002499993
7053,294,243.5957945250001,289.64291097499984
7054,294,197.54912087499991,173.25545584999998
7055,294,185.64614362499987,162.34146524999989
7056,294,140.46114782500015,139.746148225
7057,295,153.1549449250001,154.932419375
7058,295,108.43865065000007,143.78400274999996
7059,295,121.54229262499999,142.1911985999999
7060,295,154.53232915,144.69943864999996
7061,295,161.246531,168.23240974999993
7062,295,208.77543480000048,205.942408125
7063,295,220.19763365000017,271.173114525
7064,295,284.26805797500015,297.64949390000015
7065,295,294.4615330500004,271.2614395249999
7066,295,277.93811722500027,299.8856857999999
7067,295,290.8318615000004,199.9392156749999
7068,295,214.94285894999996,241.31829015000005
7069,295,309.25758535,364.264306925
7070,295,314.26998757499996,296.8987683749999
7071,295,306.7387437000003,271.12913605
7072,295,227.42668077500002,195.10283617499982
7073,295,297.57283325000003,257.58483819999987
7074,295,277.1022269250004,250.21087219999987
7075,295,233.80524215000003,274.598874075
7076,295,304.22338834999994,303.84612832499977
7077,295,241.90023270000012,269.19525299999975
7078,295,220.5243170250002,172.82703502499993
7079,295,244.15711165000022,169.964589325
7080,295,161.4794861000001,208.293563875
7081,296,163.86905359999997,134.01953275
7082,296,170.04108550000012,183.865985425
7083,296,154.43202000000002,150.71310640000007
7084,296,177.99990765000007,170.15449137499996
7085,296,157.37535287500023,194.76235324999993
7086,296,188.6090337500001,190.4398817249999
7087,296,316.96883750000035,261.516975225
7088,296,272.92945015,294.246668975
7089,296,299.49588412500003,217.55156719999997
7090,296,259.50356160000007,253.40003492499983
7091,296,223.06021550000003,300.0752149250001
7092,296,325.7575396749999,238.519084475
7093,296,260.9906234750002,299.32718652499995
7094,296,286.236451375,248.161562625
7095,296,331.7607803999998,285.1870816
7096,296,261.4450137250001,263.327493175
7097,296,231.8580250500002,246.51672967499988
7098,296,214.51569362500013,263.5793929500001
7099,296,224.09318360000034,214.63487467499982
7100,296,253.18441757499988,242.22297552499978
7101,296,264.8504824749999,217.89092039999997
7102,296,257.9090052250001,210.55703247499997
7103,296,234.29601467500004,207.61970769999988
7104,296,183.05386225000007,229.01267877500004
7105,297,173.1168413,164.31724479999994
7106,297,189.57619327499998,213.19658584999988
7107,297,168.47085850000008,130.84355144999995
7108,297,157.43419625000013,120.95180309999998
7109,297,177.00607795000002,174.74720114999997
7110,297,179.3965142250001,232.01422505000005
7111,297,226.45956837500012,269.0223313249999
7112,297,216.943756625,227.0245940749998
7113,297,295.506924975,210.532999525
7114,297,315.7485766750001,337.8317592499998
7115,297,278.99552057499994,319.62815005
7116,297,280.812416375,214.53182649999974
7117,297,278.19851055000004,228.23075322499994
7118,297,253.30594110000015,256.55273030000006
7119,297,305.965785,285.65429252499996
7120,297,252.06780124999983,222.70441397500002
7121,297,282.33388597500044,188.52468700000009
7122,297,237.84242500000008,212.3878704249998
7123,297,278.96351072500016,243.28410562500005
7124,297,307.69786720000013,318.8904124749999
7125,297,202.14880469999997,227.7293461749999
7126,297,211.01760189999987,282.46121874999983
7127,297,207.10429310000026,198.097998075
7128,297,190.37483915000016,167.86431875000002
7129,298,187.2206055750001,187.99017037500002
7130,298,160.75045445000003,148.0230191249999
7131,298,170.0088876,184.19457364999994
7132,298,158.01546114999994,176.7141785999999
7133,298,167.75918217500003,153.24521225
7134,298,190.48194315000012,155.01341459999992
7135,298,231.9210443750003,246.402130025
7136,298,220.52700465000004,295.86357585000013
7137,298,326.31275025,204.32326029999993
7138,298,235.3506210499998,249.13955587499999
7139,298,234.36485167500018,348.4663618499999
7140,298,277.59326847500006,305.627300425
7141,298,266.49826515000007,282.42880262500006
7142,298,271.3403578750002,260.28070644999997
7143,298,205.5755367750001,229.01836154999972
7144,298,226.64518877500018,226.64716854999983
7145,298,274.65017405000015,354.3370419
7146,298,284.87956207499997,214.88056317499985
7147,298,222.4397179500001,234.862982675
7148,298,220.23528835000002,214.80932685
7149,298,229.26248062500008,272.9977263749998
7150,298,234.39861185000007,177.68776339999985
7151,298,174.75744240000026,170.64104242500002
7152,298,206.7805771250001,159.56082274999994
7153,299,197.28883650000026,159.80537050000004
7154,299,146.24070617499999,163.7047521249999
7155,299,176.54081145000023,148.70002137499992
7156,299,149.09615960000014,153.84717232499992
7157,299,177.18030655000018,188.07464579999998
7158,299,218.89892482500048,171.29817799999992
7159,299,248.3190578249999,230.89556219999986
7160,299,301.15505020000023,252.24522882500008
7161,299,240.97270337499998,268.70557314999996
7162,299,304.32121750000033,343.8156099250001
7163,299,298.0920196500002,347.51811594999987
7164,299,337.22009562500034,303.60436797499983
7165,299,282.11370110000007,319.54502245000003
7166,299,267.1768514499999,263.20132057499995
7167,299,285.1213648,239.28220544999996
7168,299,324.54629450000016,282.52546645000007
7169,299,275.81742905,304.7601426
7170,299,252.46749305000003,321.22672940000007
7171,299,205.38929072500014,251.9764586750002
7172,299,285.33996380000025,267.9903836249998
7173,299,205.24418720000025,275.01722497499975
7174,299,207.28475282500008,215.1088678000001
7175,299,169.1041760500001,239.64716349999992
7176,299,199.9393644750003,164.581295375
7177,300,174.10807812500005,175.20266214999992
7178,300,132.7592335,138.253433025
7179,300,167.6062334750001,141.78717679999988
7180,300,163.41356224999993,130.03608325
7181,300,201.09813312500034,188.62683440000006
7182,300,187.920233575,187.68956660000003
7183,300,225.13674042500008,234.07705445000005
7184,300,220.3252305,276.9643297749999
7185,300,261.26895977500016,228.5075174249999
7186,300,272.737882325,241.06140775
7187,300,307.6137158250003,243.1183663000001
7188,300,277.8316161,300.0027654249999
7189,300,257.9053640750002,212.65223795
7190,300,265.76380487500006,297.6070416
7191,300,235.32811889999996,217.43163087499994
7192,300,225.19258205000006,220.7445981499999
7193,300,246.92944560000018,254.37058632499986
7194,300,224.29378317500016,256.7760573999999
7195,300,263.97842827500017,281.43304912499985
7196,300,242.98385907500005,224.1446551749998
7197,300,256.93420012500013,270.87039194999977
7198,300,256.6946932000002,246.58698115
7199,300,206.9629950750002,192.57507292499997
7200,300,184.5692612250001,145.4820072749999
7201,301,176.56580190000014,149.9736337999999
7202,301,150.60768490000004,175.9174516499999
7203,301,111.47743180000003,129.64756467499996
7204,301,150.75113177500012,191.6615066249999
7205,301,183.13314385000007,142.54326782500004
7206,301,155.8670322750001,178.965052625
7207,301,226.67919987500048,203.21189460000005
7208,301,224.86465882500008,227.6720616
7209,301,205.94289732500016,255.70283297499998
7210,301,274.54571047500036,255.01862987499996
7211,301,347.4111713500001,259.61534882500007
7212,301,294.3882658250001,273.65770865
7213,301,243.38528492500006,251.8798253
7214,301,267.24784365000016,214.77190264999993
7215,301,240.90390699999998,245.76108629999996
7216,301,234.07728774999998,227.17164159999987
7217,301,258.33191385000026,260.6191256750001
7218,301,268.3444117750007,276.60486552500015
7219,301,255.1845865250001,294.463263925
7220,301,316.85084900000055,211.051237125
7221,301,211.70875559999996,277.6098714249998
7222,301,252.4762708250002,225.7260238999999
7223,301,157.0487223000001,188.1924867
7224,301,140.60682717500012,114.92364749999997
7225,302,133.44100300000002,154.31198625000005
7226,302,128.51642520000007,157.94601257499997
7227,302,163.14195637500012,160.89767227500005
7228,302,142.58699327500005,152.07115350000004
7229,302,181.21641100000022,187.90261927499995
7230,302,172.56336770000007,196.43532880000004
7231,302,227.4117707250001,129.3017755749999
7232,302,272.3826913500003,271.60517317499995
7233,302,295.01279315,261.80976145
7234,302,298.5783431750002,274.1186699
7235,302,289.0196115,334.24554805000014
7236,302,328.30971260000047,325.8612060999999
7237,302,292.7012561250001,383.33422779999995
7238,302,248.36938867500004,304.8702713749999
7239,302,326.88568045,265.85626540000004
7240,302,258.07894892499996,342.1279798249999
7241,302,286.1616480250004,271.8589740499999
7242,302,296.3636448500002,260.508260475
7243,302,282.62216002499997,267.8043842
7244,302,273.6464708500001,252.36777877500003
7245,302,311.21304,246.42023439999997
7246,302,236.65593765000028,297.4086087999998
7247,302,223.03860125000006,197.37919922499987
7248,302,159.1244144000001,159.17195837499992
7249,303,157.2522767500002,165.30813354999995
7250,303,166.47370645000026,151.41329695000002
7251,303,142.79856205000002,120.97954752500002
7252,303,180.86594532500004,179.38478290000006
7253,303,165.609055875,179.62837272499996
7254,303,184.34012840000008,182.79628919999996
7255,303,255.32942822500013,203.17910977499992
7256,303,264.9806880500001,295.1026056249998
7257,303,275.52271677500016,307.9703638999998
7258,303,244.44938070000052,335.15582037499985
7259,303,314.2682677,280.14991885000006
7260,303,281.9223550250001,366.0461736999998
7261,303,360.6291247250002,284.3634974249999
7262,303,251.7037507250002,298.60982272499996
7263,303,307.13196375000007,297.61961049999985
7264,303,234.75245875000024,271.74566932500005
7265,303,363.42831467499997,333.62038365
7266,303,280.83498912500033,249.1704061499999
7267,303,267.5888409500007,279.1778439499999
7268,303,240.35618970000013,251.60951855000002
7269,303,298.8847839750001,244.78103682499972
7270,303,237.31148357500007,263.30318509999984
7271,303,183.14153247499993,202.13245190000004
7272,303,195.18510665000008,168.95459215
7273,304,202.10455510000006,167.75657260000003
7274,304,148.58026017500006,176.65500159999996
7275,304,147.49386465,174.32603412500004
7276,304,125.4765697,160.06102669999996
7277,304,184.90076207500016,203.75343554999998
7278,304,183.83591059999992,201.47472959999996
7279,304,247.4507516249999,270.2170912750001
7280,304,309.8442821750001,317.55558695
7281,304,303.16456640000064,309.06550060000006
7282,304,294.7976382750002,302.6309699749998
7283,304,306.64270677500014,368.2967679750001
7284,304,294.81895377500007,253.68455497500003
7285,304,301.12816657500014,343.419573725
7286,304,210.85611272500023,267.75221285000003
7287,304,282.4790567250002,214.7087244999999
7288,304,283.50041572500004,248.39991532500017
7289,304,300.7030286000006,267.27787442500005
7290,304,226.44931707500035,297.16002819999994
7291,304,290.36677272500015,324.2918807499999
7292,304,288.076364075,289.893559525
7293,304,236.68417200000016,223.53980947499983
7294,304,223.782235425,210.18816307499978
7295,304,201.7105471500002,189.03690734999992
7296,304,157.20186302500008,192.67676159999996
7297,305,164.58586835000008,132.65789465
7298,305,138.48824580000004,163.34372992499988
7299,305,123.75868297500001,139.14516245
7300,305,150.605740475,181.1506406750001
7301,305,164.74693180000008,194.48495795000002
7302,305,183.96181477500016,243.16086637499996
7303,305,243.02703954999998,251.68036562499998
7304,305,269.6480677249999,206.99414447500007
7305,305,284.85676502499996,313.27040379999994
7306,305,303.5327957249999,297.43181039999973
7307,305,339.73880510000004,283.28244822499994
7308,305,309.98502557500007,343.47781152499977
7309,305,276.91617362500017,290.9242278249999
7310,305,276.77866277500004,296.0816169750001
7311,305,236.52153247500013,240.82222325000004
7312,305,202.77752132500012,257.7135929749999
7313,305,262.6916088250001,269.1313538249999
7314,305,264.07539900000006,344.7392005500001
7315,305,287.665148825,274.2771867499998
7316,305,248.3308334250002,272.086974275
7317,305,277.11053765000037,246.79396484999995
7318,305,229.25688717500014,299.60979572499986
7319,305,233.68750535,233.2943273749999
7320,305,154.60775982500002,173.77553337499995
7321,306,168.66178932500014,166.50980392500003
7322,306,153.88745165000003,132.64511897500006
7323,306,176.79270942500006,123.23776637500004
7324,306,138.96002217499995,183.53361182500004
7325,306,163.41966827500002,178.74812182500006
7326,306,235.20903590000006,222.61957577500004
7327,306,220.91831637500007,248.69486312499996
7328,306,232.60932600000007,218.75450655000003
7329,306,261.32809512500006,259.96126339999967
7330,306,283.10831394999997,301.91666829999997
7331,306,278.8902720000001,275.04814744999976
7332,306,324.5424864500001,265.05581295
7333,306,288.27982252499993,232.0808143
7334,306,213.314748975,238.68891925000014
7335,306,258.9435597000003,293.79619545
7336,306,310.060573975,195.57574852499994
7337,306,248.00404020000008,306.51387135
7338,306,259.2623354999999,244.3293117
7339,306,190.1063554500001,242.70807859999982
7340,306,282.78407177500003,267.9984321999999
7341,306,232.41974605000016,224.17813432499992
7342,306,255.32713460000008,251.78533917499982
7343,306,199.56219567500017,240.15962705000004
7344,306,162.3197002000001,165.43394065
7345,307,166.60088842500016,178.1943508999999
7346,307,145.9186891500001,174.04191229999998
7347,307,154.54146190000017,166.33339669999998
7348,307,137.49903657500013,200.02855447500002
7349,307,170.66304730000002,158.73879032499997
7350,307,159.74080347500012,193.44916017499995
7351,307,181.71915355000033,217.15908717499997
7352,307,247.17564364999998,288.20815844999987
7353,307,258.1237429250002,271.6841798749999
7354,307,244.0818358250003,293.16997485
7355,307,227.92355507499997,272.74860617499996
7356,307,237.44369404999992,282.193956825
7357,307,256.4560833999999,219.88975115
7358,307,240.7874042000003,302.04669777499987
7359,307,229.36951190000025,216.5903584
7360,307,295.95630674999995,182.79849614999995
7361,307,203.0494812499999,230.28512672500017
7362,307,222.197311075,225.75041434999974
7363,307,335.1824680499999,283.51390205
7364,307,204.68044350000008,262.9314052749998
7365,307,233.86718142500018,204.25896714999988
7366,307,176.45327685,231.0891118749999
7367,307,171.35582987500004,149.10089822500004
7368,307,174.05123279999992,169.03088187500003
7369,308,188.4209762000001,146.22255027499997
7370,308,194.8695770000001,126.94307454999998
7371,308,107.87116110000005,130.91236507500005
7372,308,127.99351180000005,177.822753025
7373,308,148.7723451000001,148.02011732499992
7374,308,185.8006713500002,182.11835587500005
7375,308,195.16797870000008,204.94723737500004
7376,308,235.96537382499994,222.21803670000008
7377,308,305.0587746750003,199.41645119999998
7378,308,325.9552363500002,248.0218842250001
7379,308,264.6448036250002,249.76690029999997
7380,308,299.8246142000002,266.33399269999984
7381,308,267.64396135000004,296.04023854999997
7382,308,233.93334347500007,241.93729027499995
7383,308,259.6903753000001,246.86223592499996
7384,308,284.59159832499995,256.12498297499997
7385,308,289.02325060000004,225.59677472499976
7386,308,292.70372337500027,251.82960159999993
7387,308,258.51770087500006,252.42705759999996
7388,308,249.2317681000001,301.41792844999964
7389,308,172.4533652500002,257.9833658749999
7390,308,186.24487920000004,204.08750630000003
7391,308,138.42643760000004,157.84875070000004
7392,308,179.4188077500002,173.04756282500003
7393,309,157.99808147500005,158.26732372499993
7394,309,159.8809855,131.0288054250001
7395,309,136.37926257500013,132.48908657499996
7396,309,146.3501273750001,136.1758858500001
7397,309,190.82510765,148.22549195
7398,309,199.515117325,184.53503164999998
7399,309,201.02593660000002,259.31754897499985
7400,309,244.26068319999996,285.11365895
7401,309,273.84835252500034,276.0892388
7402,309,257.6260407250001,243.55687109999985
7403,309,291.995753575,274.0692146749999
7404,309,388.2138517500001,350.8973893749999
7405,309,290.7896952250002,317.6741562249999
7406,309,238.8154602499999,271.4590811249999
7407,309,312.95807672500007,318.7582261
7408,309,311.30494722500026,345.7823345749999
7409,309,301.92341617500017,333.02331479999987
7410,309,308.11025925000007,325.53026519999986
7411,309,317.3265173000002,313.5136177999999
7412,309,238.89959940000008,272.4272819249998
7413,309,283.40943722500066,242.75516555
7414,309,250.47047620000006,257.7681239999999
7415,309,164.35816389999997,176.40803669999997
7416,309,162.604832475,207.50051469999994
7417,310,109.42792567499997,131.38493182499997
7418,310,157.94164605000003,136.76083607499987
7419,310,142.51400772500014,154.97368514999997
7420,310,161.8245438250001,135.18161374999988
7421,310,195.47483342500004,160.1702365499999
7422,310,206.77889234999986,242.31730927499993
7423,310,211.09232854999988,232.78863559999994
7424,310,249.92525775000007,205.412090325
7425,310,230.489264025,286.2852115749999
7426,310,257.15874304999994,299.70397907499995
7427,310,276.423553575,310.8480280499999
7428,310,364.9077821499999,299.809002325
7429,310,281.7515867750001,290.54229044999994
7430,310,323.72347592500023,297.9994617750001
7431,310,337.0273568000001,356.30732164999995
7432,310,265.95506652499995,351.0961486749999
7433,310,351.8875144000001,260.00718570000004
7434,310,273.5115672500004,250.30166065000003
7435,310,225.52700569999993,296.2688800249999
7436,310,208.66247012500003,310.34491812499994
7437,310,236.83282272500009,271.8382182249997
7438,310,220.07626917500005,193.3913604499998
7439,310,255.77315272500047,224.75393134999993
7440,310,223.23973837499994,149.88057880000008
7441,311,137.184827225,167.47184267500006
7442,311,149.53364082500002,161.43395117500003
7443,311,132.50293575000012,148.31446017499997
7444,311,136.3776299750001,186.51426617499993
7445,311,166.90341094999997,170.93260737499992
7446,311,160.99311887500005,186.9810735999999
7447,311,221.46925960000016,241.0356437249998
7448,311,264.7824371500001,235.74247095000013
7449,311,273.0105078250002,259.72237319999994
7450,311,258.45549862500013,295.264021675
7451,311,328.4344176500002,277.86914637499984
7452,311,269.17880937500024,329.9908691999998
7453,311,247.85980427500022,242.13362105000007
7454,311,296.36523354999997,261.3591380999998
7455,311,251.17153442499995,254.20569324999997
7456,311,274.0535126750002,248.1883817499999
7457,311,263.8308217,207.89987615000013
7458,311,226.30977225000004,305.0243427999999
7459,311,227.22856277500017,301.17211084999997
7460,311,241.857975575,234.51773854999982
7461,311,312.20325282499994,241.86005442499993
7462,311,235.2445087750001,234.0591118499998
7463,311,247.4558639750004,194.83917767499997
7464,311,182.01639025000026,168.46690232499992
7465,312,132.60875207500004,130.25545040000006
7466,312,131.90174092500004,149.82557135000002
7467,312,143.8818754250001,159.23760117499995
7468,312,155.7390914250001,165.00451790000002
7469,312,176.08094365000005,167.24073842499996
7470,312,174.99277897500014,130.94447715000007
7471,312,267.40920945,192.14964674999982
7472,312,268.26987817500003,235.7981943249998
7473,312,270.8174090750001,244.39692409999995
7474,312,294.9938517750001,246.2815647499998
7475,312,255.46447187500007,342.51040369999987
7476,312,247.14430577500016,259.052513075
7477,312,255.3078839500003,299.08442682500004
7478,312,257.88015427500005,265.38096707500006
7479,312,247.7673802750005,192.19353874999996
7480,312,235.2783488750003,265.372875075
7481,312,267.35158562500004,282.6640766749998
7482,312,238.74926447500002,285.2252355249998
7483,312,238.58085050000028,267.7144348000001
7484,312,251.06318315000004,241.24963642500012
7485,312,265.26226647500016,227.76544394999988
7486,312,243.01749955000014,218.503290575
7487,312,183.32601484999992,183.77159872499996
7488,312,205.408700525,152.69226784999995
7489,313,165.66554915000012,196.42001382500007
7490,313,155.87250050000006,169.05910375000002
7491,313,191.72087714999998,169.55561282499994
7492,313,161.88913937500007,151.54206664999992
7493,313,205.03726292499994,169.00851702500006
7494,313,230.1644758750001,247.46842287499985
7495,313,206.90486307499995,264.4908879249996
7496,313,249.13867247500013,275.31082167499994
7497,313,278.54824267500027,221.44381719999996
7498,313,240.5179776750001,325.773363275
7499,313,309.8870481750002,320.9789403499999
7500,313,292.6295918500002,251.7632509749999
7501,313,219.17066585000003,252.39898992500002
7502,313,286.8105653250003,182.32474182500016
7503,313,253.27194352500024,269.20860082500013
7504,313,252.57038137499995,235.5117644999998
7505,313,228.89896162500017,205.82512132499988
7506,313,258.57558992500026,239.90195479999994
7507,313,234.7421649250002,264.012717225
7508,313,296.81071082500017,250.46288167499984
7509,313,138.9216446,326.25127754999977
7510,313,174.03059522500024,244.7324899749999
7511,313,179.35018870000002,188.50772924999995
7512,313,164.08968850000025,192.09020912499992
7513,314,144.92168019999997,143.14660564999997
7514,314,178.76463800000005,170.43342674999997
7515,314,156.45034710000004,137.79515987499994
7516,314,140.95796887500012,152.49354057500005
7517,314,182.93516095000007,142.80994277500002
7518,314,190.1830699000002,180.7294204999999
7519,314,194.70136690000027,236.19415587499992
7520,314,243.15872009999993,217.96925932499997
7521,314,246.53339162500032,188.0039388999999
7522,314,262.7084340250005,209.33862617499986
7523,314,258.8317733750001,290.7884333249998
7524,314,219.2399522250002,212.00505457500014
7525,314,200.51541527499992,218.63712544999987
7526,314,241.12034104999992,248.78323967499992
7527,314,213.2536685500002,190.74603107499996
7528,314,218.34110500000025,194.9855145
7529,314,237.93005402500003,174.52224025000004
7530,314,202.11121157500003,258.44476685000006
7531,314,180.08540405000025,246.17276724999988
7532,314,215.00003292500048,235.23236097500006
7533,314,176.59267004999995,226.13236367499997
7534,314,208.88192735000024,224.03105592499986
7535,314,198.4597529500001,190.66635550000007
7536,314,176.44135204999998,199.6857062499999
7537,315,181.26525962500006,161.92516232499997
7538,315,143.3161612250001,152.7773100999999
7539,315,172.67764475000013,133.53505767499993
7540,315,166.750100225,151.62614064999997
7541,315,199.24656972500057,172.89617302499994
7542,315,219.75789172500026,181.983535375
7543,315,253.04727292500013,182.44117904999996
7544,315,199.56684945,216.020654525
7545,315,204.5500030500001,205.7817016
7546,315,220.96936192500021,258.79818259999985
7547,315,297.7924136250001,306.84639235
7548,315,277.34752115000015,244.28046824999993
7549,315,204.04789914999998,165.752903975
7550,315,241.44639122500013,262.12317947500003
7551,315,224.48891365000003,219.05826285000006
7552,315,193.26817302500007,165.914957825
7553,315,233.77658730000013,212.72020552499993
7554,315,288.86296595,219.0781397750001
7555,315,227.18059285000018,225.99119315000002
7556,315,225.8359370749999,270.31622795000004
7557,315,242.35014522500003,263.6458827
7558,315,214.90709145000008,203.56997805000006
7559,315,172.14997367499993,164.4465946249999
7560,315,148.25263432499997,159.56177142500002
7561,316,169.52752850000002,135.23244895000002
7562,316,143.96764560000017,137.80276882500004
7563,316,154.53921460000007,148.42267607499997
7564,316,171.84456230000012,144.99461335
7565,316,156.77908945000001,159.61663592499997
7566,316,200.4971198,226.04705959999995
7567,316,286.2157682750001,254.45279362499997
7568,316,255.35328312500008,209.67272624999987
7569,316,278.78241782500004,291.328300175
7570,316,287.365370825,288.096163725
7571,316,310.8773856500004,285.534570525
7572,316,237.1035723500001,347.54475214999997
7573,316,231.56543527500014,218.39003107500005
7574,316,290.05613125,246.49824145000014
7575,316,235.13947357500024,250.44363817500002
7576,316,292.47805500000004,218.38476292500016
7577,316,236.18883855000007,245.40875005
7578,316,296.027297,243.22216949999998
7579,316,205.4166324750001,273.19580355
7580,316,211.15648690000012,287.44710037499993
7581,316,229.10767425000012,266.74045052499997
7582,316,258.3743811249999,218.82652330000013
7583,316,184.22025515,177.92893584999987
7584,316,183.60674322500017,165.54526764999997
7585,317,144.63126540000005,133.81896789999996
7586,317,148.9184144500001,160.00053454999994
7587,317,157.69805390000005,128.02265047499995
7588,317,173.57762350000002,145.70381187500004
7589,317,161.723586725,171.7830176
7590,317,196.19371009999998,260.78070049999997
7591,317,237.96769477499993,191.12518557499993
7592,317,233.9789096,303.9857712749999
7593,317,237.44053247500028,275.500278525
7594,317,351.63886257499996,297.85886472499993
7595,317,261.56312685,245.08822547500017
7596,317,238.54237235000005,261.990791325
7597,317,267.6022983249999,291.29736827499994
7598,317,288.0312567,304.2871969749998
7599,317,320.3450518249999,302.02268065
7600,317,255.24782749999997,296.4294947249999
7601,317,271.0452047500003,241.1337381999998
7602,317,238.88875480000013,355.8047346499999
7603,317,237.0608607,278.7132970749999
7604,317,240.36491190000004,268.85528339999985
7605,317,299.1084148000002,198.71189462500007
7606,317,219.90479980000003,155.89370859999988
7607,317,221.79118192500013,185.28997012499994
7608,317,197.03703487500013,154.006013925
7609,318,131.05785264999992,153.07853440000005
7610,318,156.36340554999992,158.4471051
7611,318,152.29070322500004,156.25376172499995
7612,318,120.79033847500008,140.91579239999993
7613,318,138.2486684750001,170.7716499749999
7614,318,189.3327187000002,199.2010481249999
7615,318,158.76965047499993,214.36293599999988
7616,318,277.156668225,223.3499184999998
7617,318,264.4669140250001,274.3437620249998
7618,318,301.66272845000026,325.2824382249999
7619,318,255.55886857500016,277.2405209750001
7620,318,252.58848769999992,279.8488884500001
7621,318,178.7311825500002,279.7630868250001
7622,318,286.3052113750001,241.09783757499997
7623,318,303.6278188250001,256.9047536249999
7624,318,238.61906575000012,196.29381644999978
7625,318,276.692453675,258.4934872750001
7626,318,234.82628644999994,217.90455547499982
7627,318,249.6146304000001,303.61214004999994
7628,318,280.9205826500002,270.5474976500001
7629,318,278.17878985000016,266.0980215999998
7630,318,248.36080019999997,163.60991939999985
7631,318,212.4999071000001,179.27492407500006
7632,318,154.48424507500005,193.5994864249999
7633,319,157.32359667500003,140.8010675499999
7634,319,193.22637507500002,123.55309579999995
7635,319,177.09335710000005,148.7190169499999
7636,319,115.67172940000003,136.2191009249999
7637,319,160.38471707499997,216.71287369999988
7638,319,177.80021825000006,186.52935484999995
7639,319,211.44855005000034,226.82814347499982
7640,319,216.94158392500006,199.65799137500005
7641,319,248.0871431250003,227.6079537
7642,319,290.85514522500023,260.85100394999984
7643,319,384.990642825,278.1290059999999
7644,319,289.1531367000001,288.78630572500003
7645,319,276.8423557750002,294.4300812999997
7646,319,239.13839497500004,238.4542358749997
7647,319,284.4722992500002,225.83833089999996
7648,319,211.64997555000002,266.55189135
7649,319,252.30606634999998,229.29709547499994
7650,319,311.2010682250001,265.9803900000001
7651,319,231.15790422500012,290.886230675
7652,319,231.221663225,231.22556712499988
7653,319,282.4950638250001,227.549745825
7654,319,204.70417587500003,249.98583494999988
7655,319,188.1985149750002,211.74525627500003
7656,319,185.10803245000008,146.68014375000004
7657,320,114.42914167500011,189.42517532499994
7658,320,177.541064125,150.12572055000004
7659,320,158.88314255000017,136.393460775
7660,320,139.3154271750001,152.90144560000002
7661,320,178.62367612499997,163.29592577499994
7662,320,194.23388039999998,221.46047037499994
7663,320,232.2016005750001,252.05941389999987
7664,320,268.79157057500026,272.76857417500014
7665,320,311.94579937499986,302.70331645
7666,320,286.83119612500013,283.9724811000001
7667,320,341.5686436750001,237.13596665
7668,320,292.13467479999997,288.38259327500003
7669,320,245.97791670000004,299.7413131999999
7670,320,251.847797125,250.67611947500006
7671,320,240.5519955250002,232.1017972499999
7672,320,264.10110232500006,256.88688540000004
7673,320,236.5563760250003,212.80873592499995
7674,320,228.80789514999998,220.37438532499988
7675,320,241.72627467500013,262.81879127499985
7676,320,246.34689057500006,279.5020836499999
7677,320,244.8531693250002,211.93508519999995
7678,320,196.84471852500013,261.466647725
7679,320,173.11607625000005,161.38854162500002
7680,320,168.73104352500008,160.53646685
7681,321,146.93867330000012,123.18894234999999
7682,321,123.91013892500003,119.19358149999996
7683,321,169.65377119999994,118.99003257500003
7684,321,178.13527910000016,160.866924475
7685,321,167.494148075,153.91104442499994
7686,321,182.0338313750002,167.93910037500004
7687,321,213.3651917500003,197.01055859999985
7688,321,214.10660432499998,234.82015117499986
7689,321,234.08392490000034,164.6094778999998
7690,321,280.9492912000004,250.8785171249999
7691,321,264.6626512500002,226.13746759999987
7692,321,251.54283110000023,303.35940482499996
7693,321,233.82149384999997,222.00257369999977
7694,321,195.31117657500005,282.882476575
7695,321,247.43457965000005,236.32739495000007
7696,321,247.5657601750001,224.1053391749998
7697,321,278.6610695500002,254.4188094749998
7698,321,256.8629238499999,259.299207
7699,321,219.8508855250003,196.99866209999996
7700,321,263.6751122750002,279.64214739999977
7701,321,219.67946097500015,183.65510149999997
7702,321,172.5522446000001,204.53670597500002
7703,321,152.02869345000002,175.70693149999994
7704,321,172.5212123,188.9147096
7705,322,148.88587027500014,158.73133940000005
7706,322,157.48642792500004,156.6481167999999
7707,322,134.02195890000004,173.58084967499994
7708,322,131.8204168999999,159.1374125
7709,322,161.658885925,187.14400832500007
7710,322,210.07403027500015,146.91440687499988
7711,322,170.0827934,194.34518542499995
7712,322,234.6528826,211.2735394749999
7713,322,277.3406236250003,274.36139509999987
7714,322,285.8588306500001,245.97094157500004
7715,322,262.01668257500023,294.351355575
7716,322,281.15438495,246.77541154999994
7717,322,208.83938642499993,234.2475773249999
7718,322,191.85924727500003,248.218938025
7719,322,263.57892792500013,219.01948027499992
7720,322,213.28448912500028,313.34641447499996
7721,322,186.7445031000001,222.91703337499996
7722,322,221.65427765000032,229.6205665249998
7723,322,187.32075429999995,189.24131417500007
7724,322,260.11324015,261.0324293249999
7725,322,248.35622937500017,197.13027642499986
7726,322,237.31819347499996,168.91336910000007
7727,322,173.035309875,207.918146275
7728,322,141.5563353250001,176.73073517499995
7729,323,144.62230714999998,144.59710987500003
7730,323,127.36589637499995,130.4522655
7731,323,130.19697020000004,137.04675402499993
7732,323,128.32889447500014,132.08795727500004
7733,323,148.9574326,187.07724789999995
7734,323,172.2079370249999,217.76417722499988
7735,323,225.98209410000018,182.34008720000003
7736,323,207.31057060000018,264.6531976
7737,323,213.88452627499998,276.0573783249998
7738,323,271.5875625250002,215.28266419999994
7739,323,271.8910060500001,276.9489405249999
7740,323,291.29597735000004,257.54622849999987
7741,323,320.93773252500046,285.5443429999999
7742,323,220.26079932500008,272.44118902499997
7743,323,291.11126240000016,275.96436799999987
7744,323,248.4880595499999,264.65099009999994
7745,323,245.2012467250002,215.62069302499998
7746,323,297.68865160000036,252.04799212499978
7747,323,266.0078890500002,282.73846562499995
7748,323,303.46136815000034,246.08060829999988
7749,323,263.24998012500004,298.7306349999999
7750,323,222.20380252500019,217.01155287499998
7751,323,193.0517860500001,198.27575069999992
7752,323,141.7395944,195.48919939999996
7753,324,172.74265687500008,129.61457067499992
7754,324,131.76257675000025,126.41070297499999
7755,324,124.86612572500005,145.38627179999997
7756,324,160.57373525000003,139.62855697499992
7757,324,176.8518127000001,176.19302807499992
7758,324,197.10879332500005,165.36456904999994
7759,324,273.31781202500014,171.33129917499988
7760,324,225.47044300000016,265.96158920000005
7761,324,321.4372786250002,255.86191077499984
7762,324,290.38310967500024,261.460342125
7763,324,287.838051575,288.13698132499997
7764,324,261.4391693500002,309.3401955249999
7765,324,350.4896922750002,304.88142999999974
7766,324,264.850888475,287.46480552499975
7767,324,252.27538050000004,297.46529639999994
7768,324,297.13434605000015,245.02464549999996
7769,324,179.87846677500005,342.77142287499976
7770,324,231.8334955499999,242.9758815749999
7771,324,317.790507425,263.3763078999999
7772,324,269.22474680000005,245.80808964999997
7773,324,270.3762157250001,286.96292230000006
7774,324,190.96216585000013,238.9178332250001
7775,324,205.08430882500016,158.44111192499997
7776,324,197.25834650000007,179.74385922499997
7777,325,180.37256677500014,126.17059464999988
7778,325,169.65061272500003,141.7721781
7779,325,133.37459467500014,144.89570559999999
7780,325,150.88081977499994,181.04433382500002
7781,325,108.98330064999998,148.47756792500007
7782,325,192.01767340000004,204.131730225
7783,325,272.2952644250002,200.76209462500003
7784,325,273.3599991750002,304.8485694
7785,325,267.25404772500025,387.5148911749998
7786,325,286.2715103500003,286.50457785000003
7787,325,262.3676858,346.64198902499993
7788,325,297.8826747,274.45047424999984
7789,325,287.3336993000004,301.84725602499987
7790,325,262.0572636750003,257.8483318999999
7791,325,225.95677402500024,256.6037382999999
7792,325,225.070762525,212.18284514999982
7793,325,269.6777994500001,190.07173992500003
7794,325,213.5679959,252.33085962499996
7795,325,222.78847305000005,244.153413775
7796,325,171.91492534999995,247.05218814999995
7797,325,281.2797020250001,283.19040749999994
7798,325,238.95794607500017,211.52592469999982
7799,325,199.29449237499995,145.481224
7800,325,189.22875340000002,128.83888500000003
7801,326,131.67182687500005,193.9260733499999
7802,326,124.60381375000003,156.6041921
7803,326,164.81353585000028,141.32408012499994
7804,326,147.1381181000002,124.859608425
7805,326,145.1419278250001,186.82179422500002
7806,326,209.89646420000008,210.29269542500006
7807,326,229.5879942750002,219.29373249999998
7808,326,218.0426301250001,195.45071552499996
7809,326,201.08427859999992,193.1305392
7810,326,284.42585217500016,270.50434962500003
7811,326,257.19310142500007,280.4722667000001
7812,326,265.86856895,271.76298199999974
7813,326,278.8855259750001,233.27358027500003
7814,326,258.60921627500034,272.90138179999997
7815,326,237.24980550000018,224.25041620000002
7816,326,248.5876389750003,198.97581755
7817,326,208.79190340000022,249.15736214999987
7818,326,211.384133575,260.963566625
7819,326,247.34843227500025,204.37471344999994
7820,326,219.70868272500013,168.84338912500004
7821,326,198.0427973750001,248.46944059999987
7822,326,200.05285102500025,255.62911135000007
7823,326,194.108010875,209.55133859999984
7824,326,146.73122267500008,162.90247990000003
7825,327,111.53865077500006,171.528915725
7826,327,147.30832717500004,157.09833172499998
7827,327,140.39637105000008,101.54715087500003
7828,327,165.7392837000001,142.41444074999993
7829,327,173.0304689250001,137.6523996999999
7830,327,230.21740792500012,133.9056353
7831,327,241.76408505000026,168.509539625
7832,327,278.95168279999996,206.3675719
7833,327,194.24353402500012,250.76162522499993
7834,327,296.5954203250001,290.09826067500006
7835,327,255.3905542750002,233.42562210000003
7836,327,217.52542282499996,253.54863165
7837,327,268.0901015750002,227.00881882499993
7838,327,222.84460945000015,251.5278176999999
7839,327,194.7563861500001,217.18286812499986
7840,327,230.81701087499988,235.11390077500008
7841,327,253.0828741750001,196.79789824999992
7842,327,285.41413900000043,205.52930447499992
7843,327,227.46534467500013,268.40645585
7844,327,249.60178180000014,263.0487759250001
7845,327,269.08098897500025,235.51974464999986
7846,327,174.36586459999992,239.11696992499992
7847,327,226.64444270000018,183.00277905000002
7848,327,139.997224325,196.996705225
7849,328,174.23574112499995,140.797570425
7850,328,151.18037487500015,166.96378369999988
7851,328,128.21556612500007,139.034990175
7852,328,123.58824265000005,145.30218355000005
7853,328,155.0797734000002,209.39983342500005
7854,328,161.79114437499996,166.38579092499992
7855,328,168.28600167500016,158.37000397500003
7856,328,202.88289992499998,231.95476417499998
7857,328,280.63375462499994,223.89970855000007
7858,328,228.64741217500043,222.8989416999999
7859,328,249.37216674999985,259.8204822500001
7860,328,305.05315065000013,261.1457432999999
7861,328,261.8548046750001,170.7180212499998
7862,328,247.24120887500044,228.1980329999999
7863,328,176.57961304999998,224.99551330000003
7864,328,248.22808240000012,221.93556157499998
7865,328,224.89281982500026,226.17498452499999
7866,328,261.6466345750001,200.2031768249999
7867,328,239.046799175,238.5224310000001
7868,328,232.54055582500018,259.21491660000004
7869,328,197.62995942500012,238.1808018999998
7870,328,209.62311610000012,219.44548039999984
7871,328,165.4196009250001,182.60438829999995
7872,328,174.79321140000002,128.215386175
7873,329,123.73516452499999,151.26800999999998
7874,329,131.04042165000016,124.28845165
7875,329,147.14351167499998,145.35528907500003
7876,329,173.3273004750002,198.08743782499982
7877,329,172.1338522500003,185.68826255
7878,329,159.34436362500003,163.3881388499999
7879,329,205.73343079999992,203.09052627500006
7880,329,204.36551215000003,222.49735594999984
7881,329,186.0894385250004,232.3937833
7882,329,218.32132212500002,251.3381264000002
7883,329,274.0518173000004,242.3382541750001
7884,329,231.7176728999999,219.845926175
7885,329,210.50553140000008,208.70268532499978
7886,329,265.1602930000001,217.70807052499993
7887,329,208.4626689999999,194.53315532499994
7888,329,190.27675475000007,230.90438939999993
7889,329,236.0456844750001,222.97430882499987
7890,329,320.6040373,231.31248492499992
7891,329,207.51314190000008,252.3216810249999
7892,329,228.87486265,337.18643292499985
7893,329,273.0713307500001,266.40859165000006
7894,329,204.40520550000028,185.43767384999987
7895,329,199.30121925000006,147.36121559999998
7896,329,170.6775774500001,124.26271777499998
7897,330,145.03190362500004,136.40397067500004
7898,330,145.95088267500017,127.67650480000002
7899,330,156.1527058250001,112.32795710000008
7900,330,156.60248172500002,124.07229325000009
7901,330,158.37000949999995,163.479422775
7902,330,202.41613762500037,165.8095849749999
7903,330,198.82910204999996,273.40667147500005
7904,330,250.92934447500014,260.08459052500007
7905,330,282.87587472500013,264.92915259999984
7906,330,324.22190475000025,257.76371167499985
7907,330,303.85303742500014,329.5700161
7908,330,317.62762022500027,329.3467253749999
7909,330,263.46910515,292.64611664999995
7910,330,272.7747140500001,210.6427878
7911,330,274.6528099500006,270.52513465
7912,330,272.2178266250001,231.37898462499993
7913,330,300.97733540000013,249.90422162500016
7914,330,240.44797732500007,248.0909279000001
7915,330,212.6387701250003,219.445055575
7916,330,295.2983795250002,262.1998531749998
7917,330,245.56084312500025,266.58936064999983
7918,330,295.05572122500024,226.42887532499992
7919,330,134.76938479999995,226.46113264999985
7920,330,138.43021424999995,150.452543525
7921,331,154.77886662500015,168.40746564999992
7922,331,132.12104280000023,166.0062534750001
7923,331,134.00285240000005,175.53991667500003
7924,331,185.09166190000056,173.46891689999995
7925,331,219.4939549000001,177.36889974999997
7926,331,186.25242352499993,202.43727689999997
7927,331,235.69170780000007,321.9658060999999
7928,331,252.6286535500001,256.94030717499993
7929,331,239.31790692500022,364.33450019999987
7930,331,311.0578360750001,279.83458619999993
7931,331,192.53374457500007,299.64602360000004
7932,331,284.84395795,241.48345534999993
7933,331,304.0638896500002,272.7911441249998
7934,331,298.17881927500025,229.77913834999998
7935,331,263.63074062500027,282.3288864999999
7936,331,258.0242680500001,229.21767732500018
7937,331,326.21055512500027,243.70247515
7938,331,274.080320675,223.75012512499987
7939,331,244.31791650000002,288.6153636
7940,331,206.386568225,324.0097364499997
7941,331,175.986956275,245.0450543249998
7942,331,276.700207675,245.34857115000008
7943,331,210.24091674999994,212.85416922500002
7944,331,122.5948199000002,188.14842337499994
7945,332,124.12427720000011,160.02148767500006
7946,332,166.05270662500007,132.86891462499997
7947,332,157.08917030000006,129.544953275
7948,332,149.1321336750001,182.08327785
7949,332,156.54379417500013,207.463410225
7950,332,205.98123105000008,258.88499972500006
7951,332,245.58038900000008,283.50509040000003
7952,332,228.12952772500017,280.6338272749999
7953,332,246.64221170000013,341.3076829749999
7954,332,311.29383235000023,337.45805707500006
7955,332,314.90270255,279.70089667499997
7956,332,316.8408628500001,284.8265330999999
7957,332,222.52913340000038,359.4172791249999
7958,332,301.4162141750003,249.06705577499997
7959,332,266.9711061999999,239.0264888999999
7960,332,227.78890617499994,291.2146342000001
7961,332,289.54659360000005,228.0766865750001
7962,332,206.24480620000026,292.59652107499994
7963,332,248.9999110749999,257.71043354999995
7964,332,280.69763585000004,248.34248127499984
7965,332,306.03116485000004,266.87205455000003
7966,332,251.8297385250001,279.54936569999995
7967,332,180.86360005000006,189.34054545000004
7968,332,177.83870427500005,167.13808627499992
7969,333,133.4203610500001,152.09332760000007
7970,333,139.55751629999992,163.904978675
7971,333,133.78176827500008,172.082652025
7972,333,137.80008742500002,189.7428357749999
7973,333,174.84350605000003,175.13972034999995
7974,333,213.7602325250001,173.889571375
7975,333,230.9383662750001,238.2326121999999
7976,333,253.4500442500004,258.6676499
7977,333,253.97527869999996,312.81199782499993
7978,333,226.71671752500012,304.8880420249999
7979,333,301.00390207500004,265.5538812499999
7980,333,279.68496032500013,352.60903294999986
7981,333,275.9097698500001,305.3909766249999
7982,333,285.71627964999993,279.762197825
7983,333,242.3655236749999,249.41081980000004
7984,333,218.84737512499996,205.46747442499998
7985,333,255.18809042500064,267.11185199999994
7986,333,249.6432127000001,282.81080332500005
7987,333,218.6994864750004,287.0449082
7988,333,250.008187125,309.1927127249998
7989,333,267.5735742750003,291.4287576
7990,333,193.61414007500014,270.61134857499985
7991,333,209.6685036000003,159.92180394999997
7992,333,178.50309987500032,166.46900742499992
7993,334,195.26240185,168.64495839999995
7994,334,185.7860596500002,176.34747992499993
7995,334,154.75463015000014,133.60514574999996
7996,334,162.51238032500004,150.254901925
7997,334,191.02823470000004,213.6296347249998
7998,334,222.71999757500006,193.81659472500002
7999,334,291.02806012499997,282.17202774999987
8000,334,275.01478622499985,228.55833792499985
8001,334,291.0724139,292.0016989249998
8002,334,339.29739740000036,345.777364575
8003,334,291.36003010000024,302.50232612499997
8004,334,312.4828361500001,302.73838420000016
8005,334,254.8911938000001,251.20776807500005
8006,334,221.56468790000008,387.17710315
8007,334,250.532478325,213.70933332499968
8008,334,203.33687437499992,228.3329183999998
8009,334,245.0567973750003,257.4540787
8010,334,229.3031502500001,237.44286107499988
8011,334,316.5578588500003,260.8713058499999
8012,334,305.90358480000015,213.63195682500015
8013,334,254.1135937750003,224.11927890000013
8014,334,231.5366434750002,220.0123295999998
8015,334,219.59290425000057,246.45697200000006
8016,334,177.28351172500007,207.857695825
8017,335,149.19698975000006,191.9403959249999
8018,335,159.46413452500002,179.78256827500002
8019,335,170.83420695000004,139.75361239999998
8020,335,159.7309056,150.27511039999996
8021,335,183.04147712500009,95.57433622500005
8022,335,210.06245032499993,223.75348014999986
8023,335,165.71218265000005,205.79267295
8024,335,164.74022902500025,207.520066725
8025,335,249.09386007500012,268.63446995000015
8026,335,204.240998275,232.85922272499988
8027,335,235.54205007500013,345.83228822499984
8028,335,273.7939471250002,294.75533112499994
8029,335,247.31225817500035,232.49644665000005
8030,335,217.843003375,354.18159402499975
8031,335,222.50658977500007,203.7010391250002
8032,335,188.24064852500007,237.33233359999997
8033,335,220.62857405000014,250.21099839999982
8034,335,213.09605455000013,312.8779577999999
8035,335,339.07925782500047,218.52021379999996
8036,335,267.51408215000015,257.1433080499999
8037,335,262.340920375,219.845150425
8038,335,230.76359955000004,232.4345555999999
8039,335,192.97349332499994,228.0726309749999
8040,335,211.33314487500024,136.10065317499993
8041,336,160.24955392500004,169.20459062500004
8042,336,127.5774837750001,135.1779657749999
8043,336,149.7787201,131.47650802500007
8044,336,157.94186980000006,139.10095544999984
8045,336,150.47264292500003,148.24934132499993
8046,336,191.82925570000015,203.25507707499992
8047,336,226.38636935,148.45551395
8048,336,178.54972802500015,199.70063664999992
8049,336,248.07611077499996,275.0252255
8050,336,245.59146717500005,255.07215877499988
8051,336,229.9426789000001,286.6149504999999
8052,336,252.7068789000001,221.26028087499998
8053,336,272.3800487749999,238.7161005749998
8054,336,203.85352475000008,192.54311407499995
8055,336,223.99788067500032,225.70134004999997
8056,336,244.79719632500013,217.61585797499987
8057,336,239.1631146250001,184.16454282500018
8058,336,265.4193975250002,274.6083409249999
8059,336,243.68202602500003,246.8079762750001
8060,336,249.56034410000024,293.523564725
8061,336,272.407641225,248.18371930000004
8062,336,268.30156502500006,255.8618925499999
8063,336,191.2125277,205.02787040000004
8064,336,179.26942475,153.32998827499995
8065,337,151.47507645000007,136.61599694999995
8066,337,102.68379027500004,155.14193225000008
8067,337,147.7201789500001,150.49368419999996
8068,337,160.89493657500014,151.78840532499999
8069,337,177.36740765000002,191.391619075
8070,337,175.70108572500015,178.599949625
8071,337,209.5740229750001,243.21083924999976
8072,337,251.93730997499998,233.63574967500003
8073,337,353.1368152500005,251.1867283749998
8074,337,293.0442018250001,383.43609269999985
8075,337,268.72836349999994,258.99946972500015
8076,337,359.58687287500004,312.6978317250001
8077,337,314.01287050000053,293.5888918249998
8078,337,246.76208425000013,205.715402025
8079,337,224.9512039250003,271.697500375
8080,337,262.0586514,311.6192254999997
8081,337,239.31512880000002,265.5470010749999
8082,337,277.02319602500035,267.192925675
8083,337,273.2956388000001,243.335423725
8084,337,296.79562139999996,244.94362044999997
8085,337,245.51473450000015,237.187528225
8086,337,283.2210103250002,222.17763802499985
8087,337,182.99583817499996,192.99303977499994
8088,337,169.62690552500013,167.67872579999994
8089,338,166.40405275000006,148.68891592499992
8090,338,143.21440452500002,126.49768380000005
8091,338,124.67167962500012,114.11996992500002
8092,338,135.64434520000017,186.277845975
8093,338,155.718994975,149.93249835
8094,338,195.45470360000002,209.0043585
8095,338,286.24752320000005,225.894686825
8096,338,223.10934690000002,239.13427122499996
8097,338,217.2762957000001,235.97250425000004
8098,338,220.28598572499993,283.110537325
8099,338,319.9524732750001,293.2901453499999
8100,338,248.87788960000017,309.23066802499994
8101,338,295.6936414500005,324.444237075
8102,338,356.05603432500016,347.04795012499983
8103,338,338.6945828250001,311.87529192499994
8104,338,266.5481584000001,239.2802534499999
8105,338,253.26432402500006,302.68106824999995
8106,338,308.2577267250002,290.67111292500016
8107,338,291.2964198750002,297.04026942499985
8108,338,305.2699961500002,219.64377302499992
8109,338,240.31086355000014,200.04053964999991
8110,338,234.16339177500026,252.87246379999993
8111,338,171.9829458249999,246.77976299999992
8112,338,205.60421924999991,243.06705774999998
8113,339,185.42644942499993,144.79413737499993
8114,339,167.12235650000008,165.24245692499994
8115,339,157.97069735000014,190.99672650000005
8116,339,168.20275942500012,142.7660446
8117,339,199.38586747500028,168.82875917500002
8118,339,171.67041527500007,234.42174714999987
8119,339,239.97763107500012,248.24822785000006
8120,339,249.7176269749999,309.37692347499984
8121,339,237.29306845000013,273.06814495
8122,339,306.62678235,291.0571118249999
8123,339,394.1247595750001,298.8986193000001
8124,339,280.68099220000033,355.21222795000006
8125,339,239.97007510000012,262.50853249999994
8126,339,217.260978775,204.92041169999987
8127,339,257.06596190000005,239.87773564999998
8128,339,244.3298871750003,219.12645585
8129,339,250.75474537500014,262.70251694999996
8130,339,213.07018587500002,278.63665167499994
8131,339,280.1368667500001,254.74899980000006
8132,339,295.1682519500003,206.39682532500004
8133,339,301.1844997000002,247.55572032500007
8134,339,227.09038660000022,328.07378192500005
8135,339,196.7652214000001,220.2998430749999
8136,339,184.33309462500006,181.499135825
8137,340,197.88551452500042,210.36287545
8138,340,171.2967576000001,183.8844378249999
8139,340,156.3514551,181.78728800000005
8140,340,171.847987225,176.6239952749999
8141,340,177.35340509999997,186.69061692499997
8142,340,261.9660890250004,226.32988302499984
8143,340,223.958807325,252.67465347499984
8144,340,265.66099515,258.7584841750001
8145,340,237.09227550000017,269.7047228999998
8146,340,286.3780527750001,244.59565095
8147,340,274.1810593000002,292.0738528500001
8148,340,285.56856307500027,350.14177592499993
8149,340,274.6886461250001,213.75916277499996
8150,340,295.56762305000035,214.8322801
8151,340,204.31835295000025,244.20400855000014
8152,340,219.01477547500016,280.71478725000003
8153,340,223.89511642500003,251.05708619999993
8154,340,297.8526968500003,314.7014185999999
8155,340,280.0701581500002,248.5000998000001
8156,340,282.98584044999996,253.20290899999986
8157,340,242.02651367500007,241.60106082499996
8158,340,249.87017722500013,209.99556982500016
8159,340,330.95369325000036,237.4702489999999
8160,340,212.07247002500003,227.10338234999995
8161,341,153.502343475,176.41818032499992
8162,341,244.2351379250003,218.122922625
8163,341,174.12946847500018,213.919687875
8164,341,198.90964167500005,188.7975725999999
8165,341,207.51017797500003,169.3998896249999
8166,341,190.297065925,223.31010289999992
8167,341,199.82737360000004,235.40032842500005
8168,341,228.90273612499993,236.49950909999973
8169,341,279.052714625,236.09535802499974
8170,341,312.8174862000001,187.6958910749998
8171,341,323.3181144250001,319.4125218999999
8172,341,337.65499942500014,302.658245375
8173,341,232.5740811750001,250.59944689999986
8174,341,245.8577176500002,245.64660027500003
8175,341,255.71749732500004,283.46120199999996
8176,341,256.30087315000003,208.6827118249999
8177,341,222.4490627250001,290.0672179999999
8178,341,234.67850705,264.215026525
8179,341,294.76370919999994,252.3932546249998
8180,341,233.1107764250002,217.64073012499995
8181,341,216.82300960000032,265.375589825
8182,341,196.29318227500002,230.86899199999985
8183,341,210.80218070000012,182.68334334999992
8184,341,138.70714597499995,192.64836972499995
8185,342,142.84762577499998,155.74438877499995
8186,342,135.422763025,175.78729797499997
8187,342,167.35105830000012,177.38739520000001
8188,342,177.98378412499994,189.511276925
8189,342,178.44334877500017,135.40161529999986
8190,342,171.35470022500004,176.47114339999996
8191,342,232.43340782500002,214.95217785
8192,342,237.4706104500002,189.7911039
8193,342,275.5517282250001,257.4196112999999
8194,342,257.36280720000013,221.77749432499996
8195,342,314.93503532500006,241.21270199999978
8196,342,317.1019761500002,295.208793475
8197,342,237.8116045750004,198.97940092499988
8198,342,191.32418694999996,186.03257845000002
8199,342,235.33124507500023,231.54934394999992
8200,342,218.01876664999992,253.35815062499995
8201,342,198.26342419999997,296.82852334999984
8202,342,236.7082076500001,284.9371152749999
8203,342,223.9920051750002,256.24174612499996
8204,342,189.69758452500002,240.20054395
8205,342,229.40973037499992,243.16028444999978
8206,342,221.49230602499998,218.09829517499995
8207,342,229.6509066000002,223.97357012499992
8208,342,155.73062835000005,185.87265379999988
8209,343,180.54134262500008,144.17060890000002
8210,343,165.22240752500016,161.18708942499998
8211,343,146.63241377499997,181.3073316249999
8212,343,160.21653255,153.59099067499994
8213,343,153.27298335000006,195.72971344999976
8214,343,225.29134675,161.64577769999997
8215,343,261.4865514750001,159.13266750000005
8216,343,188.69402995000007,194.99877477500002
8217,343,257.01320012499986,243.87700619999998
8218,343,203.4745353,294.9706534999999
8219,343,190.5871773250002,254.81394239999997
8220,343,291.02492475000014,214.9893330499999
8221,343,209.5180336000002,231.24685487500005
8222,343,214.88937032500013,220.32326902499995
8223,343,216.2154168000002,189.05372594999983
8224,343,199.770432425,164.2732221250002
8225,343,232.113871975,233.29680532500004
8226,343,248.6797304499999,250.35113675000002
8227,343,296.8528723999999,301.9621996999999
8228,343,246.88199382500022,224.44237335000014
8229,343,276.1345911000001,250.35113799999993
8230,343,179.6335973250001,208.172883325
8231,343,223.80803682500007,196.16746277499993
8232,343,174.1168341,145.24954592499995
8233,344,141.77536130000004,147.44794979999992
8234,344,199.5181768250003,158.26530015000003
8235,344,132.24380340000005,137.31575632500008
8236,344,182.176029125,168.640473025
8237,344,201.48770557500023,177.80971429999997
8238,344,171.22751305000003,232.78059772499992
8239,344,228.18608010000017,245.87246797499992
8240,344,218.75672852500014,201.54898509999998
8241,344,266.99929375000005,273.63596607500006
8242,344,231.77272940000034,259.5926149749999
8243,344,268.41170522500016,251.8927173749999
8244,344,262.0264302000001,212.87848397499997
8245,344,280.6249934749999,281.40549447500007
8246,344,234.91392417500026,310.550415575
8247,344,241.0362377500001,232.80578607499996
8248,344,213.78919922499992,232.8236818499998
8249,344,241.3382803,284.0805002750001
8250,344,275.3247212250001,237.21443090000008
8251,344,230.80930725000016,254.39496387500003
8252,344,262.47599370000006,264.87610119999994
8253,344,337.78038607500025,227.40538359999982
8254,344,259.1092191,248.26030129999992
8255,344,240.06231472500008,208.79972602499996
8256,344,188.27855459999998,171.38159912499995
8257,345,141.75593757500013,171.28615427500006
8258,345,155.8795210250001,170.45518427500002
8259,345,176.35966859999996,169.42929907500002
8260,345,207.065931425,148.97211302500003
8261,345,194.58571529999992,188.2698332999999
8262,345,190.04122455000007,168.75813194999995
8263,345,221.1781508500001,252.23212774999985
8264,345,221.54667367500002,251.37204064999997
8265,345,255.40023925000008,204.59607604999997
8266,345,246.46888415000012,326.7833320249998
8267,345,251.75959024999997,221.4336419999999
8268,345,288.4057501750002,289.16536722499995
8269,345,306.87955924999994,208.14852484999986
8270,345,247.24105597500008,307.52096925000006
8271,345,259.63118965000035,238.4698312
8272,345,289.52517297500015,256.5392938499998
8273,345,288.3068715250002,296.74123944999997
8274,345,292.71852797500014,257.6493671249999
8275,345,254.90437355000017,235.66739307500018
8276,345,290.3971946499999,270.1354378499999
8277,345,304.3642857000002,267.50390957499997
8278,345,256.7296747000002,258.03494685
8279,345,198.3627181500001,268.51270362499986
8280,345,199.43782430000005,206.14994972500006
8281,346,250.37126075000006,231.94550549999994
8282,346,201.01308417500013,163.21932900000004
8283,346,190.23164215,151.52770772500003
8284,346,220.1601865500002,164.96617114999998
8285,346,201.16362439999992,180.248557775
8286,346,244.26758060000012,181.39089097500008
8287,346,206.62299910000007,203.09652552500012
8288,346,275.7941233500002,281.64485594999985
8289,346,310.97764340000015,284.9385362999999
8290,346,323.44546422500014,296.2596849999999
8291,346,375.08537135000034,325.90858614999996
8292,346,285.4589397250004,275.7531943749998
8293,346,246.55101910000002,302.41548784999986
8294,346,243.16592762500005,270.57086694999987
8295,346,255.5810994750002,197.66183809999995
8296,346,190.3682269749999,256.32407535000004
8297,346,177.65239164999994,287.505014525
8298,346,263.0773921750003,315.03200412499996
8299,346,203.97219640000003,260.71620047499994
8300,346,303.83042947499996,254.16116337500011
8301,346,363.9794470500006,303.0930304000001
8302,346,325.11314982500073,227.2916717999999
8303,346,190.2931552499999,212.70411812500004
8304,346,175.161459975,179.74667605000002
8305,347,138.36384985000012,156.77200695000005
8306,347,201.42866787500003,168.9703992499999
8307,347,147.00663152500002,160.79288219999995
8308,347,161.13591305000006,163.0990957
8309,347,156.68319615,216.66899407499994
8310,347,220.0984403500005,234.6802305249999
8311,347,277.9181719500001,309.38704444999996
8312,347,241.342595125,187.33283002500002
8313,347,269.24568820000013,274.95330447499987
8314,347,248.37900457500007,275.86830482499994
8315,347,268.9376648500002,296.3979127
8316,347,331.7084432500004,396.82076767499996
8317,347,317.9898821750001,249.88538542499998
8318,347,284.5687392000002,213.10272985
8319,347,252.92787987499992,273.3810863999999
8320,347,283.7173217,262.8119453
8321,347,277.65495457500015,274.02356219999996
8322,347,228.94191992500015,266.9160181499999
8323,347,292.3248255000001,323.04947722500003
8324,347,325.3692717500002,216.446769925
8325,347,309.9547781250001,256.5307933499999
8326,347,215.2957710250004,269.53961747499994
8327,347,271.20318957500007,184.6746892999998
8328,347,160.6421262250002,199.43789292500003
8329,348,171.55834367499997,160.31888627499995
8330,348,175.22756585000013,152.9966471749999
8331,348,159.22564787500022,135.03519749999995
8332,348,181.8104001000001,214.40879562499987
8333,348,213.94116340000028,204.06534059999984
8334,348,174.4698257249999,205.10280890000004
8335,348,184.8378524750001,195.06787979999996
8336,348,286.72346989999994,253.57858889999997
8337,348,301.07201287500015,329.22206582499996
8338,348,312.1230197750001,235.18132312499995
8339,348,254.3019282250001,342.5069731000001
8340,348,284.9072595500002,267.0329786250001
8341,348,231.2338622000001,336.94024587499973
8342,348,247.20820965000024,336.2312038499998
8343,348,254.38959792500003,266.19284347500013
8344,348,221.8376402250002,181.5133708249999
8345,348,219.43942682500025,226.7268487999999
8346,348,238.75077657500003,242.4218082499999
8347,348,276.29188910000005,246.452502825
8348,348,227.4237804749999,245.375897075
8349,348,320.0090448750001,257.4539814
8350,348,224.12307614999997,214.36188082499996
8351,348,235.07090637500016,231.53095187500008
8352,348,207.2303544750003,209.76668732499988
8353,349,182.5823413500001,206.4780950249998
8354,349,172.8937136500001,188.94669844999999
8355,349,160.300184125,137.8192437
8356,349,173.0645554250001,163.06189475
8357,349,192.29339772500006,237.7695415249999
8358,349,183.2904716750001,245.5265082499999
8359,349,244.15876772499996,242.44743369999998
8360,349,205.72102187500008,255.6590172750001
8361,349,276.22913932499995,211.53075592500008
8362,349,271.7842744750002,288.15707790000005
8363,349,323.84557447500015,300.25235747499994
8364,349,254.3783148500002,295.20972274999997
8365,349,243.49758927499994,235.51310240000004
8366,349,231.58601367500003,249.26441307499982
8367,349,258.95979920000036,255.80027455000004
8368,349,251.16383707500023,219.28468902500003
8369,349,251.02053239999998,216.468440075
8370,349,215.73591852500005,203.04792807500002
8371,349,261.1119181250002,282.57276284999995
8372,349,276.15592667500005,291.2048734749999
8373,349,320.2637992249999,267.86581747499986
8374,349,206.38920087499994,235.35706732499995
8375,349,189.88815152499996,205.0285862
8376,349,178.9891583750001,194.69143322499994
8377,350,167.0126808000001,226.91100865
8378,350,155.71539717499994,142.94492462500003
8379,350,149.20025492500002,130.55997715000007
8380,350,138.14169647500006,141.479967425
8381,350,187.81827027500003,161.37772964999994
8382,350,194.424698875,162.47450642500002
8383,350,206.22780239999997,236.40387702499993
8384,350,222.78357027500005,157.21845624999992
8385,350,285.5496030249999,229.53651254999994
8386,350,221.65987442499988,227.56693502500008
8387,350,206.54659790000017,282.70901567500005
8388,350,305.74661925000026,289.11495602499997
8389,350,260.5771433000002,191.71649079999997
8390,350,206.28069650000026,205.35023279999987
8391,350,196.4908337250002,220.6691864749999
8392,350,175.53648742500016,233.47777055
8393,350,240.8738553000003,226.52050239999988
8394,350,256.40816570000004,295.61722129999987
8395,350,281.1304523999998,300.8184986
8396,350,309.8460160000001,220.18071477500013
8397,350,254.64382862499986,256.98379072499995
8398,350,193.97950070000005,199.06917305000002
8399,350,217.8725017499999,203.93065649999994
8400,350,185.98772807500015,134.46207854999994
8401,351,169.75024875000008,167.07682135000005
8402,351,127.20510617500011,170.12402607500007
8403,351,144.47443710000022,167.04300864999993
8404,351,163.27688030000007,155.54983840000008
8405,351,203.40146880000032,167.10414697499988
8406,351,174.21212195000007,208.62620575000005
8407,351,252.7570454750001,238.9153368499999
8408,351,306.55357535,311.48907734999995
8409,351,268.86649542499987,239.0901291000001
8410,351,288.2874463500002,236.84073415000006
8411,351,279.87180185,254.74558597500015
8412,351,311.7482446250002,280.5793219499999
8413,351,308.34536130000026,259.17657867499986
8414,351,233.50515637500018,272.62335182499976
8415,351,277.98945545000015,276.00902505
8416,351,239.26841357500024,300.2764492749999
8417,351,239.07796830000038,280.7270968499998
8418,351,312.0224276250001,236.5519354249999
8419,351,241.08281979999998,244.3614923249998
8420,351,241.45613835000012,266.1789381
8421,351,218.22755867500013,263.6907452749999
8422,351,194.48239350000006,195.4601527
8423,351,204.75615740000006,211.18909774999997
8424,351,150.39311077500014,148.88965949999988
8425,352,129.2202468750002,196.0086675
8426,352,155.95294392500017,158.56298214999987
8427,352,174.54908189999992,120.256888475
8428,352,156.20351882499992,170.52675412500002
8429,352,231.084206775,160.11219030000007
8430,352,204.26676232499983,204.06085324999995
8431,352,230.06274270000006,270.78231344999983
8432,352,243.28407085,342.2063012
8433,352,224.351815275,303.724473725
8434,352,255.02165092500013,297.3213909249999
8435,352,295.75363052500006,311.0714887749999
8436,352,385.6323167250007,264.040652025
8437,352,283.31090997500064,351.52907077500015
8438,352,304.77130417500007,240.78369689999994
8439,352,263.8936910750002,234.17619097500005
8440,352,294.5139985000001,258.2633004250002
8441,352,304.37324892500004,233.28649902500007
8442,352,295.489550225,262.4296396749999
8443,352,288.174937225,294.45209780000005
8444,352,175.74609352499994,255.19620345000004
8445,352,257.44606772500003,315.59225672499974
8446,352,321.34304040000063,251.15745175000004
8447,352,186.46499742499986,226.7301538999999
8448,352,173.58766377500027,181.84927332500004
8449,353,172.57420555,166.85080505000002
8450,353,187.9356720500002,154.59230037499998
8451,353,163.76701459999998,165.01384032499993
8452,353,186.05216545000013,156.30354329999997
8453,353,177.72211855000023,200.78644162499992
8454,353,226.09519587500006,259.1641540500001
8455,353,250.57405395000018,294.4185425
8456,353,307.35969115000046,360.0862007749999
8457,353,275.16097267500004,276.67352844999976
8458,353,274.2008596250003,300.5399865499999
8459,353,273.8667932249999,242.3473967999999
8460,353,242.9623603249999,240.50178800000015
8461,353,296.2712464000001,289.7154944749999
8462,353,214.1546700250002,312.89752147499996
8463,353,254.1169876500001,259.35949869999996
8464,353,283.2935372500002,242.03407554999995
8465,353,200.19272552500016,287.634587375
8466,353,285.0648475750004,222.3743645500001
8467,353,268.6239176249999,253.6699006249999
8468,353,317.56532912500035,254.24363132500008
8469,353,276.3053688000001,244.12178247499997
8470,353,200.8493672250001,211.83247867500006
8471,353,268.2178197250002,247.0913147499998
8472,353,223.70251260000012,186.3887656999999
8473,354,241.97813572499985,204.45764802499997
8474,354,199.66202940000022,193.34937619999994
8475,354,219.00896150000023,181.29932142500002
8476,354,200.5621266250002,218.35509042499993
8477,354,179.59125740000002,193.86658074999994
8478,354,199.42365037500022,241.91088472500007
8479,354,288.33860482500006,255.28986050000003
8480,354,225.51498785000013,285.5398120249999
8481,354,261.17829307500034,267.896239625
8482,354,262.7624203250001,289.43520900000004
8483,354,333.3727954500001,371.94478612499995
8484,354,263.18555580000003,310.13785202500003
8485,354,212.99728697500007,255.20632790000002
8486,354,211.99495887500007,228.06598517499998
8487,354,250.70640407500036,260.47891072499993
8488,354,251.76890492500007,226.73934357500002
8489,354,198.90705014999992,272.0704403999999
8490,354,308.912736525,241.9057513249999
8491,354,240.81974160000019,309.8881480749998
8492,354,292.90149802500025,252.76481439999992
8493,354,254.95226207500002,264.2384743999998
8494,354,235.05876295000024,203.22442542500005
8495,354,195.3082073249999,232.48160622499978
8496,354,208.81486577500033,173.7607080250001
8497,355,210.83897305000005,218.4780560499999
8498,355,175.972222675,208.29542217499994
8499,355,174.87834892500013,207.14862062499998
8500,355,226.44174829999986,238.42198984999987
8501,355,196.67166510000027,244.01916985000003
8502,355,226.32119525000005,218.15945007500005
8503,355,266.49881705000007,273.7624126249998
8504,355,249.36239372500012,256.6303053249998
8505,355,226.22719005000016,205.72048754999983
8506,355,293.96396512499996,301.09882849999985
8507,355,321.301979175,304.08833845
8508,355,355.9815581000005,303.0670466
8509,355,261.7062942750003,203.38847084999978
8510,355,238.5265664499999,168.84043637499994
8511,355,224.4624562250002,187.37827534999994
8512,355,222.07372069999997,250.10136062499976
8513,355,188.11065420000017,211.36707227499994
8514,355,251.49599200000003,299.9297617249998
8515,355,297.89724905000054,218.2482674749998
8516,355,254.49051342500022,239.47450494999984
8517,355,230.58874915000007,255.28752534999995
8518,355,267.1119771750003,225.27498765000007
8519,355,204.54923925000014,193.3651201
8520,355,167.41145227500004,134.31450555
8521,356,168.22814635000006,126.89502170000002
8522,356,161.78952507500009,148.124814125
8523,356,127.70932190000005,182.24885674999987
8524,356,144.354674325,179.98445874999987
8525,356,186.4837737,158.306827075
8526,356,174.33854852499996,208.18529627499987
8527,356,218.74391307499997,273.52770977499995
8528,356,245.9233237250002,234.7118528749998
8529,356,217.38410862500015,269.9097806749997
8530,356,239.82974992500016,258.32562845000007
8531,356,243.77998570000022,262.86983487499987
8532,356,252.0768707750004,272.40102625000003
8533,356,209.40586832500017,240.25496684999996
8534,356,195.2526864500001,212.1627632
8535,356,212.16299292499994,253.8632837749999
8536,356,212.8431424250001,233.89847292500002
8537,356,196.60171592500012,229.6750401500001
8538,356,250.86687530000023,222.0531847750002
8539,356,227.65262837500006,312.0928036999999
8540,356,260.7835783000001,254.9676029499999
8541,356,225.42092800000012,212.47945002500006
8542,356,242.55860085000012,187.5702295
8543,356,182.93824697499997,192.430796925
8544,356,162.65291167500007,116.23274529999989
8545,357,188.34701875000007,145.37171872499994
8546,357,158.1604545,116.54993905000003
8547,357,160.07428755000004,126.71267774999998
8548,357,144.41171297500003,118.63999672499999
8549,357,162.4049465249999,137.277121425
8550,357,216.11542632500044,151.22627189999994
8551,357,195.3630424,222.77086092499997
8552,357,237.52190607500023,263.4681685999999
8553,357,248.93456155000018,195.25439297499986
8554,357,216.2341464250001,212.0113324499999
8555,357,258.5708672249999,238.16854009999997
8556,357,246.07822572500032,302.7532922749998
8557,357,204.37379392500014,215.01574237500014
8558,357,206.2746528,242.17871742500006
8559,357,283.77957879999997,245.83677269999995
8560,357,179.00908640000006,203.872735925
8561,357,219.79496700000013,180.78605995000007
8562,357,229.84402090000015,243.00898175000003
8563,357,218.36728075000008,233.930923
8564,357,262.92108492500023,228.40456495
8565,357,243.35469637500012,189.593508225
8566,357,210.14741420000001,231.4087020249999
8567,357,175.00971522499992,183.05917117499996
8568,357,183.8504175,182.77299807499998
8569,358,145.37111475000012,146.79237039999998
8570,358,161.5282480250001,133.47138312500002
8571,358,117.17957082500018,160.34941614999997
8572,358,179.19751425000004,168.54950474999987
8573,358,149.28400329999997,169.051271375
8574,358,190.29016589999998,242.72430892499995
8575,358,200.7686562750004,198.75095779999992
8576,358,226.0527347500001,202.79339519999976
8577,358,221.50872050000027,264.49130169999995
8578,358,235.74844352499997,241.0976363499998
8579,358,275.94668360000026,297.470169575
8580,358,222.3745047500001,242.49938565000002
8581,358,220.346683525,212.3630221499999
8582,358,200.003713075,276.39610949999997
8583,358,205.58770607500003,247.56061920000002
8584,358,209.9096376,233.67937104999987
8585,358,238.00570412500025,182.149252025
8586,358,249.37698735,253.78995472500014
8587,358,244.906180375,235.02088264999992
8588,358,226.2691519500002,197.52253047499994
8589,358,227.8240426000001,227.91534352500014
8590,358,208.5671975000002,244.88472485
8591,358,190.71391207500008,176.34480607499995
8592,358,188.90798652499996,170.0920493499999
8593,359,163.50093140000007,174.25369449999994
8594,359,137.46671297500004,129.972650975
8595,359,128.18227297499996,153.19808034999977
8596,359,171.11012570000014,165.69095249999992
8597,359,128.05575179999994,166.8959765249999
8598,359,167.48236745000023,253.1307599999999
8599,359,200.10728680000054,198.51311652499987
8600,359,189.40923732500028,188.376048675
8601,359,198.86847270000004,186.15664232500006
8602,359,276.47227172500004,256.47521992499986
8603,359,272.4091291000001,283.5949530250001
8604,359,257.83134122499996,313.2496388500001
8605,359,212.8338611750001,257.13338497499996
8606,359,289.7345257750002,194.3949306
8607,359,227.9322165000006,249.000367225
8608,359,221.44421742500003,288.20399907499984
8609,359,206.7557690000001,279.9186675500001
8610,359,226.57096862499986,252.68958777500012
8611,359,218.76816820000013,247.38916337499973
8612,359,305.59227855000023,204.85891644999987
8613,359,223.43187370000015,251.04530894999982
8614,359,179.90370340000004,188.06761009999997
8615,359,210.22717895,202.41439914999995
8616,359,239.47698242499996,171.55864079999998
8617,360,181.30448942500018,171.52250237499993
8618,360,142.12553637500017,158.16102767499996
8619,360,154.3427010250001,169.13513272499998
8620,360,189.79033020000014,167.1458310000001
8621,360,107.04614527500007,173.28276515000002
8622,360,201.5354034500001,180.00621912499992
8623,360,179.17133872500008,192.2343513499998
8624,360,236.38189337500006,205.02704230000015
8625,360,246.8558767750003,318.10760929999987
8626,360,227.84879480000023,230.63642429999993
8627,360,306.52595147499983,349.4246749999999
8628,360,285.4222231000002,221.62834367500008
8629,360,293.74773965,215.3331937500001
8630,360,211.29854697500002,246.79788182499988
8631,360,214.78838502500003,278.84921959999997
8632,360,211.38866130000002,231.8732424750001
8633,360,260.96246840000015,196.60601762500005
8634,360,222.88123530000027,249.90641144999978
8635,360,238.63315822499993,252.0952180500001
8636,360,255.3308116000003,269.8362186749998
8637,360,218.80856930000004,207.23727415000005
8638,360,188.29174085,236.56701912499997
8639,360,223.38778502500003,221.08941682499994
8640,360,194.3196159499999,170.6542832749999
8641,361,156.61624710000018,182.99778755
8642,361,162.23903610000002,184.09085934999985
8643,361,160.04912065000013,123.25136524999994
8644,361,178.8680436250001,165.9572177999999
8645,361,203.96239242500008,173.93760077500002
8646,361,238.20051755000017,268.3221782249999
8647,361,223.77269677499993,231.15902155000003
8648,361,212.36857934999998,257.7221503499999
8649,361,273.28572537500037,296.29983745000004
8650,361,263.2841425500002,302.47393437499977
8651,361,323.154018325,232.07816317499993
8652,361,283.8988902500001,305.43657392500006
8653,361,253.46224997500013,263.69008947500004
8654,361,204.4215482750001,239.07949757499995
8655,361,220.69926422499998,258.65692632500003
8656,361,262.80062415000026,239.64752829999992
8657,361,247.9441125750002,199.460904475
8658,361,314.0641150500003,273.6655832250001
8659,361,291.1050461750003,168.43765609999986
8660,361,310.42864007500003,254.68834050000007
8661,361,209.45815840000012,235.8419411749998
8662,361,218.90769092500003,256.49620447499984
8663,361,221.588226275,233.4092852999999
8664,361,209.85018897499998,211.33076159999996
8665,362,155.2183562750003,179.05593552499994
8666,362,187.35681287500012,190.6571962749998
8667,362,147.6172793500001,177.78760084999993
8668,362,201.18739952500022,174.83542329999995
8669,362,204.92044775,201.62054614999997
8670,362,189.39866652499995,232.80768569999998
8671,362,273.09391580000016,250.27949842499987
8672,362,241.64035682500005,226.10209724999982
8673,362,237.893168225,254.53481517499984
8674,362,287.63968077500016,312.4809565749999
8675,362,278.85592625000015,309.10815812499993
8676,362,228.42052335000017,246.63362225000006
8677,362,294.7306128250002,257.0929699999998
8678,362,215.049526875,228.32106767499994
8679,362,279.63945937500006,203.64483157499996
8680,362,269.3554735500001,215.03344872500008
8681,362,215.8057824250001,231.33807647499992
8682,362,215.3791605500001,304.9459084000001
8683,362,192.58624522500008,269.8965158
8684,362,250.71517697500005,213.74749239999994
8685,362,240.36593260000035,218.571519
8686,362,246.66589557500012,176.12697744999986
8687,362,175.4633238250001,223.1432685500001
8688,362,186.5586112500001,159.08341457500003
8689,363,188.29743629999996,169.76159474999997
8690,363,168.31706559999998,168.56143122499998
8691,363,134.35953322500006,184.05602804999995
8692,363,169.85062687500022,186.14768372499992
8693,363,185.956027575,149.88956199999996
8694,363,165.32693745,183.59039034999995
8695,363,222.26783362500004,225.8107120749999
8696,363,200.06155250000018,246.09586219999983
8697,363,261.453097925,205.75160857499998
8698,363,300.5656696250002,282.33763632499995
8699,363,282.4873440750002,285.74776639999993
8700,363,220.4956973250002,257.92827202499984
8701,363,203.5639685000001,273.936085575
8702,363,211.69972447499998,203.96769429999995
8703,363,206.13476972500007,199.8911929499999
8704,363,194.51730307500011,237.50990442499995
8705,363,178.2479194250002,189.70199802500008
8706,363,280.28834655000026,308.19017985000005
8707,363,229.76845775000007,307.1523053750001
8708,363,263.241066275,251.04533655000012
8709,363,247.04170900000008,255.6073636749999
8710,363,218.77154889999986,241.2374189499999
8711,363,242.0879041500002,202.7632726
8712,363,224.20902882500008,223.09733762499997
8713,364,210.40121082500002,211.469301525
8714,364,194.24421915000013,166.6511081
8715,364,186.87296425000008,200.11955239999992
8716,364,187.93035195,195.92925527500006
8717,364,160.13558054999987,198.45853424999993
8718,364,199.30146695000002,226.15555445
8719,364,254.34640277500012,208.0096997
8720,364,197.09156175000024,200.82970279999986
8721,364,250.92805960000015,232.56724335000013
8722,364,236.31164855000014,252.3939806249999
8723,364,271.2989399000002,244.95871415
8724,364,232.82508680000012,248.2922547249998
8725,364,207.83367257499998,225.864482025
8726,364,192.3246529500003,228.56693067499972
8727,364,224.04875632499997,205.746986625
8728,364,202.330405725,209.55918797499982
8729,364,151.0134520000002,183.83878399999986
8730,364,246.71916310000006,204.85795384999994
8731,364,227.54052367500037,259.65973157499997
8732,364,219.59572175000028,296.9643097249998
8733,364,259.3279202250001,202.83862130000017
8734,364,190.81618965000013,240.788200325
8735,364,193.07242252500006,204.17674529999994
8736,364,195.84569852500002,129.40245174999998
8737,365,182.14882862500014,152.622696775
8738,365,138.138108625,183.37515597499998
8739,365,156.51169047500025,192.39386857499994
8740,365,144.2339720000001,174.71948532499982
8741,365,184.62008367499993,170.14695010000003
8742,365,210.73782820000014,240.00095549999998
8743,365,174.5280762499999,180.74731767499992
8744,365,242.63417447499987,201.41048729999994
8745,365,189.8761933250001,248.0999658499998
8746,365,252.44498245000003,247.45917657499996
8747,365,269.60022075000006,198.55449779999992
8748,365,287.03405432499994,221.63232744999996
8749,365,207.64370152499998,233.479965725
8750,365,216.3251147750003,197.39272202500007
8751,365,259.5174990750001,233.842266775
8752,365,207.90379955,218.52865397500003
8753,365,229.58137547500004,228.85883055000008
8754,365,217.53484982500015,225.95311199999992
8755,365,248.89092010000013,257.2846220499996
8756,365,245.04156070000002,212.51365247499996
8757,365,214.7564869750001,248.63917804999994
8758,365,249.13382614999998,178.05902844999991
8759,365,156.65991967500008,199.54962447499997
8760,365,141.82210285000008,184.48915545
