day,iteration,ρ,cumsum_imbalance_MW,cumsum_imbalance_up_MW,cumsum_imbalance_down_MW,cumsum_reserve_up_MW,cumsum_reserve_down_MW,up,down,net_up
7,demand,0.0,0.0,0.0,-0.0,5179.691802255158,5187.901467635773,0.0,-0.0,0.0
7,demand,0.1,0.0,0.0,-0.0,5064.573946693578,5131.369439455269,0.0,-0.0,0.0
7,demand,0.2,0.0,0.0,-0.0,5285.19966886969,5230.853534244208,0.0,-0.0,0.0
7,demand,0.3,0.0,0.0,-0.0,5164.557586221062,5143.371611822016,0.0,-0.0,0.0
7,demand,0.4,0.0,0.0,-0.0,5195.564583564959,5095.170106943769,0.0,-0.0,0.0
7,demand,0.5,0.0,0.0,-0.0,5063.750721046981,5031.448043678632,0.0,-0.0,0.0
7,demand,0.6,0.0,0.0,-0.0,5117.007536517126,5269.592317063222,0.0,-0.0,0.0
7,demand,0.7,0.0,0.0,-0.0,5272.016121924724,5078.445394261878,0.0,-0.0,0.0
7,demand,0.8,0.0,0.0,-0.0,5028.89951580698,5297.046840107661,0.0,-0.0,0.0
7,demand,0.9,0.0,0.0,-0.0,4989.92485899817,5004.183902520532,0.0,-0.0,0.0
7,demand,0.99,0.0,0.0,-0.0,4399.522395965535,4068.1036846270567,0.0,-0.0,0.0
7,demand_1,0.0,254.29983887007506,1230.9468163852846,976.6469775152095,5179.691802255158,5187.901467635773,0.23764866007073032,0.18855310601491626,0.08484490341272302
7,demand_1,0.1,785.0186763000963,1293.5785108412522,508.55983454115585,5064.573946693578,5131.369439455269,0.25541704484061656,0.1004151267004741,0.18524530608840792
7,demand_1,0.2,939.7654079383519,1696.9675407062507,757.2021327678988,5285.19966886969,5230.853534244208,0.3210791733567882,0.14326840615462244,0.21719216781251713
7,demand_1,0.3,-284.92895748351543,1057.788498633209,1342.7174561167244,5164.557586221062,5143.371611822016,0.20481686591226478,0.25998692699236586,-0.01656094466747142
7,demand_1,0.4,-1175.813536924356,628.3509825421072,1804.1645194664632,5195.564583564959,5095.170106943769,0.12093988486443978,0.3472509080482891,-0.18801443881264363
7,demand_1,0.5,-526.7335455384741,850.0017271028375,1376.7352726413117,5063.750721046981,5031.448043678632,0.16786010487638917,0.27188053845522986,-0.06767345964360585
7,demand_1,0.6,-222.05358134272046,854.0482814198533,1076.1018627625738,5117.007536517126,5269.592317063222,0.16690385451360082,0.21029905761972337,-0.012057899843188103
7,demand_1,0.7,-916.6235084039981,686.3402664735686,1602.9637748775667,5272.016121924724,5078.445394261878,0.13018554014265749,0.30405137954933864,-0.13822124729119867
7,demand_1,0.8,1041.33476419166,1911.6968182067494,870.3620540150894,5028.89951580698,5297.046840107661,0.3801421786611265,0.17307207099273758,0.25397171497051446
7,demand_1,0.9,1465.411306318343,1682.0751852827618,216.66387896441893,4989.92485899817,5004.183902520532,0.33709429156022863,0.04342026885910235,0.32646019130204823
7,demand_1,0.99,-2305.5265174478973,0.0,2305.5265174478973,4399.522395965535,4068.1036846270567,0.0,0.5240401820802456,-0.48211696751382593
7,demand_2,0.0,449.4614560088337,1177.9580731246704,728.4966171158367,5179.691802255158,5187.901467635773,0.22741856428828555,0.14064478060232471,0.11780089346356291
7,demand_2,0.1,-107.42390422329208,1090.4694038417217,1197.8933080650138,5064.573946693578,5131.369439455269,0.21531315670761167,0.23652400392871387,0.01643395628516111
7,demand_2,0.2,-615.6842586326286,690.5929386019011,1306.2771972345297,5285.19966886969,5230.853534244208,0.13066543969370858,0.24715758704985585,-0.08535732824487978
7,demand_2,0.3,168.4365086876296,793.1701006699468,624.7335919823172,5164.557586221062,5143.371611822016,0.15357948622474635,0.12096555833728995,0.05564591048702624
7,demand_2,0.4,7.7691904541541135,811.5685666951433,803.7993762409892,5195.564583564959,5095.170106943769,0.1562041148063801,0.15470876423779506,0.027455018212511225
7,demand_2,0.5,1179.7495409214143,1982.254100486865,802.5045595654506,5063.750721046981,5031.448043678632,0.39145965306858826,0.1584802656714359,0.2796977784829184
7,demand_2,0.6,1070.0430717164252,1620.8751822736658,550.8321105572406,5117.007536517126,5269.592317063222,0.31676232069357263,0.10764731273625652,0.24527134260174466
7,demand_2,0.7,896.1559676663603,1315.7437849160608,419.5878172497005,5272.016121924724,5078.445394261878,0.24957127491402759,0.07958773409374857,0.19805240954030298
7,demand_2,0.8,1003.007958380105,1222.143357802284,219.13539942217903,5028.89951580698,5297.046840107661,0.24302401628046222,0.04357521933643462,0.22406733764576517
7,demand_2,0.9,1478.0326120031982,1512.2019181860476,34.16930618284937,4989.92485899817,5004.183902520532,0.3030510400290182,0.00684765946349532,0.32310345767295195
7,demand_2,0.99,740.4591409256593,740.4591409256593,-0.0,4399.522395965535,4068.1036846270567,0.1683044372281586,-0.0,0.1829396056827811
7,demand_3,0.0,462.8557753689388,1086.9569160711408,624.101140702202,5179.691802255158,5187.901467635773,0.2098497280471198,0.12049001456620989,0.11724671708508666
7,demand_3,0.1,687.9400705371374,1230.5796878743927,542.6396173372552,5064.573946693578,5131.369439455269,0.24297792881033559,0.10714417896721976,0.16553379970921825
7,demand_3,0.2,-55.4911221606385,1149.8946298568706,1205.385752017509,5285.19966886969,5230.853534244208,0.21756881516319151,0.2280681577873664,0.026665137404309328
7,demand_3,0.3,-1085.1864123590851,608.2810024459566,1693.4674148050417,5164.557586221062,5143.371611822016,0.11777988574836272,0.3279017392163812,-0.1736479851351982
7,demand_3,0.4,-1395.6316641837159,424.09478137018436,1819.7264455539002,5195.564583564959,5095.170106943769,0.08162631308861334,0.35024614096997464,-0.23350219633518823
7,demand_3,0.5,-752.0172688552611,669.1437291718139,1421.160998027075,5063.750721046981,5031.448043678632,0.13214389215302086,0.280653822890641,-0.11456685167567142
7,demand_3,0.6,574.8670567086774,1133.4885598990886,558.6215031904112,5117.007536517126,5269.592317063222,0.2215139516230992,0.10916956819075452,0.14034003163743972
7,demand_3,0.7,-707.1227760896204,440.1127254858734,1147.2355015754938,5272.016121924724,5078.445394261878,0.08348091419060298,0.21760849645441857,-0.10945969261784444
7,demand_3,0.8,-312.52722428588686,674.4611960656471,986.9884203515339,5028.89951580698,5297.046840107661,0.13411705561935797,0.19626330119526228,-0.034782828817730455
7,demand_3,0.9,-2199.7279189593596,6.768294851219025,2206.4962138105784,4989.92485899817,5004.183902520532,0.0013563921386539476,0.4421902686233191,-0.40534070785230797
7,demand_3,0.99,-1015.6039297846548,14.565249603636858,1030.1691793882917,4399.522395965535,4068.1036846270567,0.003310643359150423,0.2341547756031384,-0.21182386816450646
7,demand_4,0.0,-181.03475413532806,748.5738527532815,929.6086068886095,5179.691802255158,5187.901467635773,0.14452092543949505,0.17947179916841235,-0.008026092800705603
7,demand_4,0.1,977.0429532867972,1546.9657692420535,569.9228159552563,5064.573946693578,5131.369439455269,0.3054483527191847,0.11253124585678763,0.22848033285434743
7,demand_4,0.2,78.26670950365951,977.7238247881626,899.4571152845031,5285.19966886969,5230.853534244208,0.18499278855007983,0.17018413146855885,0.04450971703814306
7,demand_4,0.3,498.07695360018147,1495.6744308847515,997.59747728457,5164.557586221062,5143.371611822016,0.2896035925468585,0.193162233285217,0.13707725901549
7,demand_4,0.4,-263.2761671390256,1004.3081978214891,1267.5843649605147,5195.564583564959,5095.170106943769,0.1933010708784951,0.24397432551800868,-0.014346519826029884
7,demand_4,0.5,1606.9471882066819,2049.5991667049525,442.65197849827064,5063.750721046981,5031.448043678632,0.40475909649066955,0.08741583124509492,0.3595329749182839
7,demand_4,0.6,-814.0712928395553,777.827570636385,1591.8988634759403,5117.007536517126,5269.592317063222,0.15200829099536772,0.31109957374803104,-0.12098520459235412
7,demand_4,0.7,-126.12374000988325,817.6875157991326,943.8112558090158,5272.016121924724,5078.445394261878,0.15509958560229303,0.17902283186957446,0.003885500769440416
7,demand_4,0.8,-696.5049371362472,722.4951680024128,1419.00010513866,5028.89951580698,5297.046840107661,0.14366864275801206,0.2821691108916411,-0.10343401380507937
7,demand_4,0.9,345.60965210176664,580.6067217635625,234.99706966179588,4989.92485899817,5004.183902520532,0.11635580458021792,0.047094310295681764,0.08314693515864442
7,demand_4,0.99,-2037.6639560255264,0.0,2037.6639560255264,4399.522395965535,4068.1036846270567,0.0,0.4631557184239162,-0.4261032609500029
7,demand_5,0.0,-203.0991123605852,1122.8495567491655,1325.9486691097507,5179.691802255158,5187.901467635773,0.21677922154756274,0.25598987733834916,0.00011890148737390796
7,demand_5,0.1,194.62471973615015,1042.4757044235746,847.8509846874244,5064.573946693578,5131.369439455269,0.2058368019493837,0.16740815587083024,0.06972015089164453
7,demand_5,0.2,204.31279301827794,976.6276491532099,772.3148561349319,5285.19966886969,5230.853534244208,0.18478538377757725,0.14612784843001053,0.066416057463496
7,demand_5,0.3,-926.5491127894238,336.5546388224984,1263.1037516119222,5164.557586221062,5143.371611822016,0.06516620895474563,0.24457153018912176,-0.15417297195361637
7,demand_5,0.4,-375.632695341204,696.849190668667,1072.481886009871,5195.564583564959,5095.170106943769,0.13412386266412665,0.2064225877207714,-0.04412197345949378
7,demand_5,0.5,-492.9002125485806,785.2876746565807,1278.1878872051614,5063.750721046981,5031.448043678632,0.15508023951349142,0.2524191962871512,-0.06366018285212321
7,demand_5,0.6,685.5755848174279,1380.5735767542456,694.9979919368177,5117.007536517126,5269.592317063222,0.2698009660728247,0.13582117809618582,0.16830643579588372
7,demand_5,0.7,535.5851218796784,1166.1434425585237,630.5583206788453,5272.016121924724,5078.445394261878,0.22119496898138932,0.11960477853179234,0.1303929178609568
7,demand_5,0.8,607.3023056514692,1322.3499515777894,715.0476459263202,5028.89951580698,5297.046840107661,0.26295016383233377,0.14218769805973694,0.15500271325496998
7,demand_5,0.9,-344.95703678196105,407.0356319828177,751.9926687647787,4989.92485899817,5004.183902520532,0.08157149525985817,0.15070220294174064,-0.049981357945686
7,demand_5,0.99,-217.19577671519846,104.98459195299847,322.18036866819693,4399.522395965535,4068.1036846270567,0.023862724746957033,0.07323075999423116,-0.04143455490452199
7,demand_6,0.0,111.63676902945394,1102.681338479524,991.04456945007,5179.691802255158,5187.901467635773,0.2128855114505912,0.19133272929840814,0.05537118410045496
7,demand_6,0.1,-59.93905243601739,1089.6807642609838,1149.6198166970012,5064.573946693578,5131.369439455269,0.21515743984198019,0.22699240425693334,0.02503377052055629
7,demand_6,0.2,-596.3243087061992,1016.2247795556125,1612.5490882618117,5285.19966886969,5230.853534244208,0.19227746220095893,0.3051065596934537,-0.07170079339519596
7,demand_6,0.3,-742.9996839565142,496.0318514355606,1239.0315353920748,5164.557586221062,5143.371611822016,0.09604537139037114,0.239910488886364,-0.11632050695983405
7,demand_6,0.4,-707.4088066219076,401.8190843943887,1109.2278910162963,5195.564583564959,5095.170106943769,0.07733886816948751,0.2134951597993985,-0.11235155987469932
7,demand_6,0.5,60.637890660377934,765.2206549052485,704.5827642448705,5063.750721046981,5031.448043678632,0.15111736281264482,0.13914246633751967,0.036246934026704515
7,demand_6,0.6,246.0564207973357,1456.7952277989782,1210.7388070016425,5117.007536517126,5269.592317063222,0.2846967133432328,0.2366107140474778,0.09177109236244303
7,demand_6,0.7,538.8610676890901,996.9573125449326,458.09624485584254,5272.016121924724,5078.445394261878,0.18910361605285841,0.0868920417277858,0.12560673036354403
7,demand_6,0.8,-1620.4766045801598,181.04716959483335,1801.5237741749932,5028.89951580698,5297.046840107661,0.03600134960457268,0.3582341958737478,-0.29044355845974723
7,demand_6,0.9,737.9900952847584,1011.6528217431246,273.66272645836625,4989.92485899817,5004.183902520532,0.2027390893309433,0.054843055595292005,0.16991296421205232
7,demand_6,0.99,3349.41181717727,3349.41181717727,-0.0,4399.522395965535,4068.1036846270567,0.7613125961692476,-0.0,0.8275136914883127
7,demand_7,0.0,170.70343475450045,1280.7471670840569,1110.0437323295564,5179.691802255158,5187.901467635773,0.2472631994294408,0.21430690757435808,0.07160199223750448
7,demand_7,0.1,349.22144419654364,1268.7515815101976,919.530137313654,5064.573946693578,5131.369439455269,0.2505149682607568,0.18156120277678478,0.10526257198965887
7,demand_7,0.2,-21.17186542684908,1038.8697902361546,1060.0416556630037,5285.19966886969,5230.853534244208,0.1965620705600193,0.20056794862580993,0.029131911786014944
7,demand_7,0.3,647.6455082119635,1419.8889706465945,772.243462434631,5164.557586221062,5143.371611822016,0.2749294488331063,0.14952751509538037,0.16127104353953953
7,demand_7,0.4,574.6439376162382,1553.7672534086926,979.1233157924544,5195.564583564959,5095.170106943769,0.29905647950632697,0.18845368968941287,0.15168399625348686
7,demand_7,0.5,-667.6838210210433,832.6487277144643,1500.3325487355075,5063.750721046981,5031.448043678632,0.1644331985485861,0.2962887850105897,-0.09385394465693159
7,demand_7,0.6,-1175.9191281380947,337.8562599276231,1513.7753880657178,5117.007536517126,5269.592317063222,0.0660261407700767,0.29583215917951605,-0.20039804212985407
7,demand_7,0.7,1213.4832567286724,1414.279787335931,200.79653060725855,5272.016121924724,5078.445394261878,0.26826165827801024,0.038087237588710396,0.2565485004162236
7,demand_7,0.8,1341.1541004879778,1593.6256113122727,252.4715108242949,5028.89951580698,5297.046840107661,0.31689350847101705,0.05020412717150527,0.2982616687315815
7,demand_7,0.9,-2344.3697237773576,29.43094329440737,2373.8006670717646,4989.92485899817,5004.183902520532,0.005898073443197347,0.4757187200506971,-0.43125027305186164
7,demand_7,0.99,-796.5323576179921,369.08446220766655,1165.6168198256587,4399.522395965535,4068.1036846270567,0.08389193848544234,0.2649416720538931,-0.15255944863149212
7,demand_8,0.0,-920.2324220051353,505.2824914463015,1425.5149134514368,5179.691802255158,5187.901467635773,0.09755068655364964,0.27521230371868644,-0.14716196447157232
7,demand_8,0.1,-829.2791784625413,571.7464745066325,1401.0256529691737,5064.573946693578,5131.369439455269,0.11289132719246775,0.2766324803854108,-0.13179391761493905
7,demand_8,0.2,-617.2738774571656,1070.148004250953,1687.4218817081185,5285.19966886969,5230.853534244208,0.20248014669232323,0.31927306202775796,-0.07364410109562082
7,demand_8,0.3,-50.78111133106586,887.2312121973009,938.0123235283668,5164.557586221062,5143.371611822016,0.1717922972849439,0.18162491324154564,0.019635837736195257
7,demand_8,0.4,-685.9608423130182,1177.3546379762086,1863.3154802892268,5195.564583564959,5095.170106943769,0.22660764177593218,0.35863580373602144,-0.08363228533286568
7,demand_8,0.5,628.025464759136,1105.3770574759149,477.3515927167789,5063.750721046981,5031.448043678632,0.21829215503866017,0.0942683830648918,0.15054716914406058
7,demand_8,0.6,1305.1400568775034,1606.125730650469,300.9856737729656,5117.007536517126,5269.592317063222,0.3138798837383916,0.0588206430467426,0.2870587950691615
7,demand_8,0.7,-2121.9368455331733,159.13126276647745,2281.0681082996507,5272.016121924724,5078.445394261878,0.030184138114581736,0.43267472169012855,-0.36525189817819903
7,demand_8,0.8,1024.5788299092394,1677.3059237314442,652.7270938222048,5028.89951580698,5297.046840107661,0.33353339402771687,0.1297952149909805,0.24312470006451192
7,demand_8,0.9,2005.4666365103894,2432.1875047997205,426.72086828933107,4989.92485899817,5004.183902520532,0.48741966533099906,0.08551649180044048,0.4511288115990284
7,demand_8,0.99,-555.9411765685531,113.27297623986715,669.2141528084203,4399.522395965535,4068.1036846270567,0.025746652942087785,0.15211063669595257,-0.1119562934319201
7,demand_9,0.0,-734.3488829376424,535.3471415358063,1269.6960244734487,5179.691802255158,5187.901467635773,0.10335501840142773,0.2451296472737321,-0.11317686418593385
7,demand_9,0.1,-696.2297622090584,580.3133001084218,1276.5430623174802,5064.573946693578,5131.369439455269,0.11458284669479078,0.2520533959526596,-0.107342551782109
7,demand_9,0.2,413.9896844402897,1599.5311531944565,1185.5414687541668,5285.19966886969,5230.853534244208,0.30264346730660746,0.2243134683703843,0.12259189964990669
7,demand_9,0.3,-616.105749326545,727.5464449395458,1343.6521942660909,5164.557586221062,5143.371611822016,0.14087294657738458,0.260167917935687,-0.08623171648193577
7,demand_9,0.4,182.03855689152397,1021.4880331961106,839.4494763045866,5195.564583564959,5095.170106943769,0.19660770581648937,0.16157040544929474,0.06505925504805031
7,demand_9,0.5,120.1476699781515,734.3532809604483,614.2056109822968,5063.750721046981,5031.448043678632,0.14502160975424425,0.12129459857283488,0.04604115382847477
7,demand_9,0.6,-910.0376163389742,654.335561957258,1564.3731782962323,5117.007536517126,5269.592317063222,0.12787465277071478,0.3057203193726421,-0.14226850602857555
7,demand_9,0.7,1473.3271848576087,1745.7083575423635,272.3811726847548,5272.016121924724,5078.445394261878,0.33112727980525125,0.05166546656638695,0.31238872706897963
7,demand_9,0.8,-808.2710486919009,860.68762753909,1668.958676230991,5028.89951580698,5297.046840107661,0.17114830487937813,0.3318735383328047,-0.11929288909294326
7,demand_9,0.9,1894.3974070490876,1928.5627426876742,34.16533563858661,4989.92485899817,5004.183902520532,0.38649133948579595,0.0068468637512601755,0.4138001673986189
7,demand_9,0.99,3796.719400733183,3796.719400733183,-0.0,4399.522395965535,4068.1036846270567,0.8629844467242317,-0.0,0.9380265725263387
7,demand_10,0.0,-275.85725234073834,758.0001482639341,1033.8574006046724,5179.691802255158,5187.901467635773,0.14634078188472768,0.19959824639654175,-0.02456431941881008
7,demand_10,0.1,-146.754596783534,899.3779465666339,1046.132543350168,5064.573946693578,5131.369439455269,0.17758215321424922,0.20655884470462488,0.002989942452450785
7,demand_10,0.2,604.7950805615183,1135.8037504637132,531.0086699021949,5285.19966886969,5230.853534244208,0.21490271354433424,0.10047088155058448,0.1411566949999125
7,demand_10,0.3,-7.244129379193055,840.2407754365988,847.4849048157919,5164.557586221062,5143.371611822016,0.1626936598941882,0.16409632203092575,0.025872318399144154
7,demand_10,0.4,-401.2734761230097,681.586955566004,1082.8604316890137,5195.564583564959,5095.170106943769,0.13118631182490859,0.2084201657533827,-0.04915273529212454
7,demand_10,0.5,-281.0664577251373,740.0890229063546,1021.1554806314919,5063.750721046981,5031.448043678632,0.14615431597575437,0.20165990327824782,-0.02666372408582021
7,demand_10,0.6,-209.80333952560977,925.1652476304239,1134.9685871560337,5117.007536517126,5269.592317063222,0.18080200996931392,0.22180318849570158,-0.007535009536356427
7,demand_10,0.7,433.2902667008343,875.9359304465236,442.64566374568926,5272.016121924724,5078.445394261878,0.16614818888807462,0.08396136383287213,0.10335140276079526
7,demand_10,0.8,-1332.6936060457806,433.1094006083131,1765.8030066540937,5028.89951580698,5297.046840107661,0.0861240912145791,0.351131097589795,-0.22942746715806892
7,demand_10,0.9,885.9907407932267,1260.4359689557232,374.4452281624965,4989.92485899817,5004.183902520532,0.252596182221626,0.07504025386019021,0.20552403408082717
7,demand_10,0.99,2190.9080631361053,2190.9080631361053,-0.0,4399.522395965535,4068.1036846270567,0.49798770547121646,-0.0,0.5412909842078439
7,demand_11,0.0,-749.6215035735736,508.4457399002606,1258.0672434738342,5179.691802255158,5187.901467635773,0.0981613886136799,0.24288457528034604,-0.11675664772130977
7,demand_11,0.1,-969.9362421299909,341.2444961997451,1311.180738329736,5064.573946693578,5131.369439455269,0.06737871730010528,0.25889260422108046,-0.16494345968762741
7,demand_11,0.2,-316.668729427834,962.9812906820414,1279.6500201098754,5285.19966886969,5230.853534244208,0.1822033889001563,0.24211952249356467,-0.024702798846083538
7,demand_11,0.3,-45.17046899391357,639.5741318444593,684.7446008383729,5164.557586221062,5143.371611822016,0.12383909389466981,0.13258533560846683,0.012629201995286384
7,demand_11,0.4,-1016.5932293817691,796.420778338779,1813.014007720548,5195.564583564959,5095.170106943769,0.15328859174575238,0.34895418554811625,-0.15441981619801437
7,demand_11,0.5,1375.6254973888592,1962.8292185653884,587.2037211765291,5063.750721046981,5031.448043678632,0.38762358707885874,0.11596220934333808,0.3146447533594103
7,demand_11,0.6,642.6215269527265,1620.8939364751584,978.2724095224319,5117.007536517126,5269.592317063222,0.3167659857656599,0.1911805684359593,0.16842473113202602
7,demand_11,0.7,638.2382261925738,941.2405856013909,303.00235940881703,5272.016121924724,5078.445394261878,0.17853522520294568,0.05747371639261907,0.14118420831329662
7,demand_11,0.8,-343.2666727657804,944.0940697142407,1287.3607424800211,5028.89951580698,5297.046840107661,0.18773373115663525,0.25599253642542513,-0.03145473008026585
7,demand_11,0.9,1592.8736411394996,2022.851774546136,429.9781334066365,4989.92485899817,5004.183902520532,0.40538722159280477,0.08616926017057569,0.36136256498307556
7,demand_11,0.99,1606.0902042657654,1606.0902042657654,-0.0,4399.522395965535,4068.1036846270567,0.3650601269216376,-0.0,0.39680448578438865
7,demand_12,0.0,384.98919327610156,1248.005386920356,863.0161936442544,5179.691802255158,5187.901467635773,0.24094201635259332,0.16661535600795985,0.10860736850810443
7,demand_12,0.1,134.47563567301677,1153.3971259327714,1018.9214902597546,5064.573946693578,5131.369439455269,0.22773823387172973,0.2011860229476875,0.06245041744435544
7,demand_12,0.2,1248.254993914932,1821.772986825156,573.5179929102242,5285.19966886969,5230.853534244208,0.34469331358577915,0.10851396897799295,0.27483379374218025
7,demand_12,0.3,-1160.3840531482915,586.9469363041289,1747.3309894524205,5164.557586221062,5143.371611822016,0.11364902540153524,0.3383312046155251,-0.1877331588967883
7,demand_12,0.4,-150.88277976629888,593.502056606616,744.3848363729148,5195.564583564959,5095.170106943769,0.1142324471307759,0.14327313699989694,-0.007645582636887889
7,demand_12,0.5,136.97292522091107,1190.0370965483032,1053.0641713273922,5063.750721046981,5031.448043678632,0.23501099522968838,0.2079612977294547,0.06412234003421512
7,demand_12,0.6,540.6107667518597,1059.9285381153727,519.317771363513,5117.007536517126,5269.592317063222,0.20713835782950782,0.10148856878897326,0.13178090565926176
7,demand_12,0.7,-951.1871435602739,769.2855663992323,1720.4727099595061,5272.016121924724,5078.445394261878,0.14591866728176453,0.32634056311106097,-0.14162607101677988
7,demand_12,0.8,-1359.7447001979997,494.01158544841223,1853.756285646412,5028.89951580698,5297.046840107661,0.0982345310133203,0.3686206653800961,-0.23235434800477497
7,demand_12,0.9,-637.3692100076312,1117.4779007551924,1754.8471107628236,4989.92485899817,5004.183902520532,0.22394683934770696,0.35167806336770074,-0.08012334074642934
7,demand_12,0.99,411.09825238862277,506.87851669007523,95.78026430145246,4399.522395965535,4068.1036846270567,0.1152121687469746,0.02177060500687193,0.10520166159691109
7,demand_13,0.0,-234.20210434963747,925.8058508523538,1160.0079552019913,5179.691802255158,5187.901467635773,0.17873763270032247,0.22395308437018235,-0.011756802076738992
7,demand_13,0.1,423.09821835339653,1165.7280058984347,742.6297875450382,5064.573946693578,5131.369439455269,0.2301729658147224,0.14663223310815043,0.11528635186085201
7,demand_13,0.2,793.7734336325962,1454.7426449694044,660.9692113368083,5285.19966886969,5230.853534244208,0.27524837964740895,0.12506040504580695,0.18412744871373687
7,demand_13,0.3,20.211301936607697,845.6214982733754,825.4101963367677,5164.557586221062,5143.371611822016,0.16373551541558506,0.15982205301359131,0.030937097548784084
7,demand_13,0.4,1162.1049823980366,1609.5340956727068,447.42911327467027,5195.564583564959,5095.170106943769,0.309790027587015,0.08611751544577372,0.2575001766453392
7,demand_13,0.5,735.5500981627208,1303.6609306923847,568.1108325296639,5063.750721046981,5031.448043678632,0.25744966577320766,0.11219170607438615,0.17662022364331217
7,demand_13,0.6,856.504745147944,1402.7878046135847,546.2830594656407,5117.007536517126,5269.592317063222,0.27414221976471576,0.10675830660149202,0.19976303158392705
7,demand_13,0.7,780.6304613566795,1517.8520866979354,737.221625341256,5272.016121924724,5078.445394261878,0.28790733024992976,0.1398367547237524,0.18429293592581056
7,demand_13,0.8,-71.49035455263879,1527.9268112798677,1599.4171658325065,5028.89951580698,5297.046840107661,0.3038292585638756,0.31804516292385104,0.03764764420122615
7,demand_13,0.9,-1317.9103739280545,275.3105726505519,1593.2209465786063,4989.92485899817,5004.183902520532,0.055173290265903153,0.3192875627587062,-0.2337735900576802
7,demand_13,0.99,2633.481010298829,2633.481010298829,-0.0,4399.522395965535,4068.1036846270567,0.5985833854860684,-0.0,0.65063411465877
7,demand_14,0.0,393.0313975343729,1139.4058004063165,746.3744028719436,5179.691802255158,5187.901467635773,0.21997559775858416,0.1440962959508486,0.10653531833237596
7,demand_14,0.1,1186.6027515992173,1589.8727672166935,403.27001561747625,5064.573946693578,5131.369439455269,0.31392033840371636,0.07962565456878208,0.2679621569311948
7,demand_14,0.2,566.5151166812664,1508.3469919026613,941.831875221395,5285.19966886969,5230.853534244208,0.28539073003938964,0.1782017585388251,0.14626169740448702
7,demand_14,0.3,36.411554103535536,909.470666596028,873.0591124924924,5164.557586221062,5143.371611822016,0.1760984656309144,0.16904819007571859,0.03588704081611543
7,demand_14,0.4,-1061.7963312316692,439.31599588150493,1501.1123271131742,5195.564583564959,5095.170106943769,0.08455596861815282,0.288921887692748,-0.1738994751358577
7,demand_14,0.5,1132.339355186776,1468.0406128063373,335.7012576195614,5063.750721046981,5031.448043678632,0.2899117064954582,0.06629498095635951,0.2541300376239082
7,demand_14,0.6,-1774.0176413702911,129.76213160578482,1903.779772976076,5117.007536517126,5269.592317063222,0.025358987783337714,0.37204943697852694,-0.31472136486444297
7,demand_14,0.7,702.3821484887053,1653.6514243758238,951.2692758871185,5272.016121924724,5078.445394261878,0.31366585119092993,0.18043747475108748,0.17493866582783638
7,demand_14,0.8,45.72726748579839,681.9362303774583,636.2089628916599,5028.89951580698,5297.046840107661,0.13560347114393057,0.126510573713376,0.031005349514053364
7,demand_14,0.9,1965.0750954666182,1972.672297825657,7.597202359038874,4989.92485899817,5004.183902520532,0.3953310628051645,0.0015225083691068184,0.428306969262557
7,demand_14,0.99,-165.04946747682516,118.11791899378068,283.16738647060583,4399.522395965535,4068.1036846270567,0.026847895831169668,0.06436321059083071,-0.03003165827490158
7,demand_15,0.0,-284.4338253196802,807.3129582421845,1091.7467835618647,5179.691802255158,5187.901467635773,0.15586119581298116,0.210774467910723,-0.024498167202885626
7,demand_15,0.1,-226.38001777208706,1122.8634505354157,1349.2434683075028,5064.573946693578,5131.369439455269,0.2217093604228013,0.26640808930993304,-0.004107006922963096
7,demand_15,0.2,-640.9680612908992,579.0050626079224,1219.9731238988215,5285.19966886969,5230.853534244208,0.10955216432376533,0.23082819956350467,-0.09328350411607067
7,demand_15,0.3,-447.8095942265211,692.1616417861003,1139.9712360126214,5164.557586221062,5143.371611822016,0.13402147816741825,0.22072969794238373,-0.05739580235979928
7,demand_15,0.4,489.9905347421577,1094.4274799610732,604.4369452189155,5195.564583564959,5095.170106943769,0.2106464970954373,0.11633710552476252,0.12193344671660687
7,demand_15,0.5,-1312.3515211214572,899.0737637758532,2211.42528489731,5063.750721046981,5031.448043678632,0.17755095250620093,0.4367168541108745,-0.20878934001439492
7,demand_15,0.6,105.92551406856296,746.3584136743757,640.4328996058127,5117.007536517126,5269.592317063222,0.1458583768634396,0.1251577010655961,0.04339662900165117
7,demand_15,0.7,-36.85626304313769,513.3983034642463,550.254566507384,5272.016121924724,5078.445394261878,0.09738177797468746,0.10437270178652172,0.009826873024538559
7,demand_15,0.8,6.884848026568761,641.3888608244552,634.5040127978864,5028.89951580698,5297.046840107661,0.12754059984861965,0.12617154325782318,0.02255326699478055
7,demand_15,0.9,-15.835971690922861,950.9294674016442,966.765439092567,4989.92485899817,5004.183902520532,0.19056989719732229,0.19374348640726127,0.02889718511110472
7,demand_15,0.99,1562.060117988695,1562.060117988695,-0.0,4399.522395965535,4068.1036846270567,0.35505220280754585,-0.0,0.38592630739950634
7,demand_16,0.0,407.09294054820475,1438.3947256786369,1031.301785130432,5179.691802255158,5187.901467635773,0.2776989019023066,0.19910485498025562,0.11867016592067196
7,demand_16,0.1,-37.099679400037076,1123.388511727249,1160.488191127286,5064.573946693578,5131.369439455269,0.22181303374208927,0.2291383645182857,0.030293828275882874
7,demand_16,0.2,-679.660671867262,503.2395856820342,1182.9002575492962,5285.19966886969,5230.853534244208,0.09521675948141779,0.22381373110966593,-0.10241215492369943
7,demand_16,0.3,-65.66645318021824,989.0109612086321,1054.6774143888504,5164.557586221062,5143.371611822016,0.19149964826557342,0.2042144746730502,0.02027447489380835
7,demand_16,0.4,731.6940583556834,1396.6837834736257,664.9897251179423,5195.564583564959,5095.170106943769,0.2688223312422545,0.12799181194311257,0.17444571914522175
7,demand_16,0.5,1324.9115275460142,1898.323260653797,573.4117331077828,5063.750721046981,5031.448043678632,0.37488481665647627,0.11323853892026188,0.3033040405590941
7,demand_16,0.6,-389.79891339106985,857.2480679886742,1247.046981379744,5117.007536517126,5269.592317063222,0.1675291783080228,0.2437063014819287,-0.042112864419871374
7,demand_16,0.7,-1018.7881495099186,345.2711079921489,1364.0592575020676,5272.016121924724,5078.445394261878,0.06549128454980829,0.2587357902471802,-0.16685074816891848
7,demand_16,0.8,1198.3446859825535,1379.6635607058536,181.31887472330004,5028.89951580698,5297.046840107661,0.27434701297356523,0.036055378349353254,0.26503232688986156
7,demand_16,0.9,-1458.1321879392565,510.77460119101306,1968.9067891302695,4989.92485899817,5004.183902520532,0.10236118090434765,0.3945764404808228,-0.2517481720854574
7,demand_16,0.99,-874.4417954224907,0.0,874.4417954224907,4399.522395965535,4068.1036846270567,0.0,0.19875834618420724,-0.18285767848947068
7,demand_17,0.0,-371.74947267761627,665.7797199109139,1037.5291925885301,5179.691802255158,5187.901467635773,0.12853655107839498,0.20030712872468703,-0.04456891595019582
7,demand_17,0.1,-851.0794947713066,658.6429480038928,1509.7224427751994,5064.573946693578,5131.369439455269,0.13004903372649732,0.2980946588332126,-0.13288944077166723
7,demand_17,0.2,-1473.510599929722,497.21322866878063,1970.7238285985027,5285.19966886969,5230.853534244208,0.09407652687133318,0.37287594642946914,-0.2407887762897495
7,demand_17,0.3,-685.4655867623198,603.2997533850566,1288.7653401473765,5164.557586221062,5143.371611822016,0.11681537930657382,0.24954031756481468,-0.10260385378291885
7,demand_17,0.4,1205.5412454516927,1651.6386893821725,446.0974439304798,5195.564583564959,5095.170106943769,0.31789397722179663,0.08586120656484807,0.2665446217231622
7,demand_17,0.5,713.6918448977601,1035.1335874399433,321.4417425421832,5063.750721046981,5031.448043678632,0.20442032881624927,0.06347898232947018,0.1637953458397671
7,demand_17,0.6,890.1192237307314,1546.6309854460453,656.5117617153139,5117.007536517126,5269.592317063222,0.3022530208151217,0.12829994035188905,0.2104999470666117
7,demand_17,0.7,1799.815957650177,1996.2536798016686,196.43772215149147,5272.016121924724,5078.445394261878,0.37865090577015725,0.03726045550857978,0.377297452421408
7,demand_17,0.8,2279.137503994527,2459.1659270033206,180.02842300879365,5028.89951580698,5297.046840107661,0.4890067736039665,0.035798771171092834,0.49859423226603633
7,demand_17,0.9,-192.7654161816222,337.2955166963318,530.060932877954,4989.92485899817,5004.183902520532,0.06759530979471519,0.10622623543561227,-0.02425497378042071
7,demand_17,0.99,2190.6402669827585,2190.6402669827585,-0.0,4399.522395965535,4068.1036846270567,0.497926836101943,-0.0,0.5412248218499379
7,demand_18,0.0,1149.1378086529287,1798.667831868414,649.5300232154852,5179.691802255158,5187.901467635773,0.34725383295687623,0.12539935733873006,0.26208240967975555
7,demand_18,0.1,863.7777551665147,1340.0151486391248,476.23739347261017,5064.573946693578,5131.369439455269,0.26458595782058975,0.09403306151419176,0.20108301582062807
7,demand_18,0.2,-56.266658421223156,961.1830098939354,1017.4496683151585,5285.19966886969,5230.853534244208,0.18186314048935395,0.192509220476197,0.020568843780761722
7,demand_18,0.3,34.782575522820025,935.9853826986387,901.2028071758186,5164.557586221062,5143.371611822016,0.18123244190283197,0.17449758127980025,0.03645400989957504
7,demand_18,0.4,441.79182091291227,1179.385547919962,737.5937270070497,5195.564583564959,5095.170106943769,0.22699853479844945,0.14196603952153097,0.11612878146459307
7,demand_18,0.5,-393.72543043494943,883.6225950800142,1277.3480255149636,5063.750721046981,5031.448043678632,0.17449962364998023,0.2522533386578041,-0.042399567597809946
7,demand_18,0.6,531.9929274900685,1702.4684215134614,1170.475494023393,5117.007536517126,5269.592317063222,0.3327078198271017,0.228742186848541,0.151196122694018
7,demand_18,0.7,-1271.1029009286108,326.6714724443093,1597.77437337292,5272.016121924724,5078.445394261878,0.06196329163064985,0.3030670499523434,-0.2114702820097974
7,demand_18,0.8,-1036.6259017537022,150.12022818842547,1186.7461299421277,5028.89951580698,5297.046840107661,0.029851506819049238,0.2359852540723698,-0.18465914372587452
7,demand_18,0.9,862.3790700898387,1243.383378474922,381.0043083850833,4989.92485899817,5004.183902520532,0.24917877795950555,0.07635471858820289,0.20060015668092457
7,demand_18,0.99,457.6976443894598,575.3638165305808,117.66617214112102,4399.522395965535,4068.1036846270567,0.1307786993102258,0.026745214946291365,0.11754516236922258
7,demand_19,0.0,-423.4129718227198,794.3833500421213,1217.796321864841,5179.691802255158,5187.901467635773,0.15336498393519454,0.23510980350889435,-0.049599949733406104
7,demand_19,0.1,-775.0249068516775,615.398055477254,1390.4229623289316,5064.573946693578,5131.369439455269,0.12151033077106485,0.2745389793818043,-0.12049941454097213
7,demand_19,0.2,-646.2380478419907,808.7105369899841,1454.9485848319748,5285.19966886969,5230.853534244208,0.15301418823462115,0.27528734503669844,-0.08694458761352222
7,demand_19,0.3,-443.58475337162736,1038.0271432830555,1481.6118966546828,5164.557586221062,5143.371611822016,0.2009905255103538,0.28688070021865847,-0.04546228168991174
7,demand_19,0.4,-231.13665297019656,785.9369985523686,1017.0736515225651,5195.564583564959,5095.170106943769,0.15127075910835747,0.19575806154731612,-0.015672678462272733
7,demand_19,0.5,-644.1027381998949,604.1637536536539,1248.2664918535488,5063.750721046981,5031.448043678632,0.11931151175007623,0.2465102570442996,-0.09710301066545542
7,demand_19,0.6,790.3837056825532,1503.007562734866,712.6238570523128,5117.007536517126,5269.592317063222,0.29372783839163213,0.13926574310604942,0.1911449058985564
7,demand_19,0.7,1004.1195751438049,1543.141303684406,539.0217285406011,5272.016121924724,5078.445394261878,0.2927042080290588,0.10224204859673558,0.2240940631486758
7,demand_19,0.8,-1075.6427111641306,355.9692092487785,1431.611920412909,5028.89951580698,5297.046840107661,0.07078471306294468,0.2846769787133399,-0.18496291491307199
7,demand_19,0.9,-3157.840215770173,0.0,3157.840215770173,4989.92485899817,5004.183902520532,0.0,0.6328432401293062,-0.5822157809189618
7,demand_19,0.99,-1961.0189703289927,0.0,1961.0189703289927,4399.522395965535,4068.1036846270567,0.0,0.44573451248419443,-0.41007575148545894
7,demand_20,0.0,176.59538043625457,1066.2969854450355,889.7016050087809,5179.691802255158,5187.901467635773,0.20586108713664897,0.1717672863511722,0.06573614779240958
7,demand_20,0.1,406.23920641616655,1280.9049630893328,874.6657566731662,5064.573946693578,5131.369439455269,0.2529146531517375,0.17270273193349153,0.11602071830785901
7,demand_20,0.2,482.25257953879645,1136.4951766657912,654.2425971269947,5285.19966886969,5230.853534244208,0.21503353664381913,0.12378767844487382,0.11984744087834555
7,demand_20,0.3,16.860752586000217,1025.1633499869024,1008.3025974009022,5164.557586221062,5143.371611822016,0.19849974230552064,0.19523503815525917,0.036144354359683994
7,demand_20,0.4,-364.6815459187512,653.7916845443954,1018.4732304631466,5195.564583564959,5095.170106943769,0.12583650420062595,0.19602744111484352,-0.04356643691193221
7,demand_20,0.5,737.8517003789239,1203.6671982241219,465.815497845198,5063.750721046981,5031.448043678632,0.23770269599196456,0.09199021111151498,0.17374150142084593
7,demand_20,0.6,-814.1519758075265,573.9653605698584,1388.1173363773848,5117.007536517126,5269.592317063222,0.11216816791333592,0.2712752182738043,-0.12765127916696958
7,demand_20,0.7,83.94395910329035,1314.1858614177188,1230.2419023144284,5272.016121924724,5078.445394261878,0.24927576680815078,0.23335321324193675,0.0562669642610603
7,demand_20,0.8,-1092.2022058804753,545.9514570180061,1638.1536628984813,5028.89951580698,5297.046840107661,0.10856280888133793,0.3257479410255445,-0.18168505261161186
7,demand_20,0.9,-1438.4948837931772,86.89272523977388,1525.387609032951,4989.92485899817,5004.183902520532,0.01741363401155892,0.30569350283547236,-0.2623101595525923
7,demand_20,0.99,-110.6771664762282,176.4787608924994,287.1559273687276,4399.522395965535,4068.1036846270567,0.040113163432088574,0.06526979556509505,-0.01644694731979117
7,demand_21,0.0,-359.5576789030681,921.9966882100157,1281.5543671130838,5179.691802255158,5187.901467635773,0.17800222936210075,0.2474190388229498,-0.034144831627873885
7,demand_21,0.1,-117.88566354212799,693.9956397975709,811.8813033396989,5064.573946693578,5131.369439455269,0.13702942184320321,0.16030594318200012,0.0014635560151720526
7,demand_21,0.2,-41.17014620686564,974.724733519974,1015.8948797268397,5285.19966886969,5230.853534244208,0.18442533765776004,0.19221504264267508,0.023624484309782395
7,demand_21,0.3,831.2317331789554,1587.145582801906,755.9138496229505,5164.557586221062,5143.371611822016,0.3073149163902014,0.14636565417330494,0.19938155075860442
7,demand_21,0.4,436.3816143999179,1393.3735938343773,956.9919794344594,5195.564583564959,5095.170106943769,0.268185212872151,0.18419403012748523,0.12204715844809512
7,demand_21,0.5,409.58935286074916,933.013154523688,523.4238016629388,5063.750721046981,5031.448043678632,0.1842533738174967,0.10336681849036906,0.10517793331222641
7,demand_21,0.6,-604.2724919855152,797.0700839759368,1401.342575961452,5117.007536517126,5269.592317063222,0.15576879226534418,0.27385978346931866,-0.08263709615552955
7,demand_21,0.7,1064.364873701799,1467.529261169829,403.1643874680299,5272.016121924724,5078.445394261878,0.27836205869455094,0.0764725255280216,0.2322127316169929
7,demand_21,0.8,740.999310951993,1027.855390288905,286.856079336912,5028.89951580698,5297.046840107661,0.20438972523871687,0.057041521397525996,0.16968454513896833
7,demand_21,0.9,2755.3765284586448,3224.5797003783046,469.20317191966,4989.92485899817,5004.183902520532,0.6462180877460558,0.09403010770263627,0.6159032658549396
7,demand_21,0.99,1660.145131169597,1685.4543533867688,25.309222217171737,4399.522395965535,4068.1036846270567,0.3830993916367763,0.005752720395373117,0.411119879450144
7,demand_22,0.0,-1524.6069967709936,304.257491680974,1828.8644884519676,5179.691802255158,5187.901467635773,0.05874046242452205,0.3530836502001351,-0.2609886294618177
7,demand_22,0.1,394.1518225220168,1369.8605708682442,975.7087483462274,5064.573946693578,5131.369439455269,0.27047893569854214,0.19265366813001547,0.11675746847097503
7,demand_22,0.2,-906.1192700557033,822.9697420685486,1729.089012124252,5285.19966886969,5230.853534244208,0.15571213835418854,0.3271568002073308,-0.1317319318927133
7,demand_22,0.3,-423.7039051819529,875.5928669344173,1299.2967721163702,5164.557586221062,5143.371611822016,0.1695387944304236,0.2515794916456868,-0.04717183402009322
7,demand_22,0.4,-422.99286271103256,694.2798686139631,1117.2727313249957,5195.564583564959,5095.170106943769,0.13362934045900743,0.21504356520930284,-0.05259079688494182
7,demand_22,0.5,-416.2047214790466,772.569846029834,1188.7745675088806,5063.750721046981,5031.448043678632,0.1525686963259711,0.23476166837515444,-0.050145195420390906
7,demand_22,0.6,286.01836289163543,1213.1904205993196,927.1720577076842,5117.007536517126,5269.592317063222,0.23708982485202154,0.1811941942807379,0.09100767262261408
7,demand_22,0.7,1051.7228649653277,1711.267222940014,659.5443579746864,5272.016121924724,5078.445394261878,0.3245944593802303,0.12510287197943884,0.23772542232264487
7,demand_22,0.8,224.8381545491054,1162.9736629904319,938.1355084413265,5028.89951580698,5297.046840107661,0.2312580832714871,0.18654886730040085,0.079742523900465
7,demand_22,0.9,-1700.8297937715981,216.3418746330999,1917.171668404698,4989.92485899817,5004.183902520532,0.0433557379612596,0.3842085246930171,-0.3063460405857718
7,demand_22,0.99,-3225.632286537756,0.0,3225.632286537756,4399.522395965535,4068.1036846270567,0.0,0.733177830733567,-0.6745236042748816
7,demand_23,0.0,-752.2564657930998,912.5525072581859,1664.8089730512856,5179.691802255158,5187.901467635773,0.17617891992355117,0.32141081682243205,-0.10419912547277758
7,demand_23,0.1,-39.45624933344379,1170.870444145634,1210.326693479078,5064.573946693578,5131.369439455269,0.23118834011892359,0.23897897556994763,0.0314310165179564
7,demand_23,0.2,945.1992975166231,1668.567731736529,723.3684342199058,5285.19966886969,5230.853534244208,0.31570571336491704,0.1368668129002982,0.2172409162240268
7,demand_23,0.3,-92.92585822228739,1102.0501811616587,1194.976039383946,5164.557586221062,5143.371611822016,0.21338714164053604,0.23138013652362377,0.019072819659718365
7,demand_23,0.4,-269.201720541394,1128.1590285298207,1397.3607490712147,5195.564583564959,5095.170106943769,0.2171388711245178,0.2689526280726953,-0.011415905735012544
7,demand_23,0.5,-957.6609242275492,756.930612092458,1714.5915363200072,5063.750721046981,5031.448043678632,0.14948022795560423,0.33860109447992304,-0.14903449827413331
7,demand_23,0.6,273.2932937451451,1308.4337701353459,1035.1404763902008,5117.007536517126,5269.592317063222,0.25570292027084385,0.2022941082269278,0.09182737724736101
7,demand_23,0.7,2417.0961382531223,2471.2141447859185,54.118006532796244,5272.016121924724,5078.445394261878,0.4687417655095713,0.010265144354877026,0.5000579862256559
7,demand_23,0.8,-107.55122894317833,658.5857690354269,766.1369979786052,5028.89951580698,5297.046840107661,0.13096021643807781,0.15234684955833014,0.00218895975207303
7,demand_23,0.9,1968.8036854699667,2430.943025619186,462.13934014921915,4989.92485899817,5004.183902520532,0.4871702669501215,0.0926144888366121,0.4443275691291446
7,demand_23,0.99,2025.2416050884324,2025.2416050884324,-0.0,4399.522395965535,4068.1036846270567,0.4603321503592359,-0.0,0.5003610329991695
7,demand_24,0.0,-39.339309956688794,1059.976896155193,1099.3162061118817,5179.691802255158,5187.901467635773,0.20464092008209742,0.2122358333430681,0.02717881602230929
7,demand_24,0.1,271.34461936265325,1186.8448393342724,915.5002199716191,5064.573946693578,5131.369439455269,0.23434248405220887,0.18076549569767977,0.08841583531923117
7,demand_24,0.2,-1068.6386146574278,694.2096609395112,1762.848275596939,5285.19966886969,5230.853534244208,0.1313497510848019,0.3335443097789241,-0.16408929642617334
7,demand_24,0.3,654.7622140325736,1242.122388476224,587.3601744436503,5164.557586221062,5143.371611822016,0.24050896281807024,0.113729039639468,0.1567920692035049
7,demand_24,0.4,112.24569057991971,1315.1430872896133,1202.8973967096936,5195.564583564959,5095.170106943769,0.25312804145477913,0.2315239041614069,0.06213718366583079
7,demand_24,0.5,737.5227293283008,1376.204152451765,638.6814231234641,5063.750721046981,5031.448043678632,0.2717756517380897,0.1261281327433532,0.17937043498273425
7,demand_24,0.6,-1843.0364998839934,372.76231676352586,2215.7988166475193,5117.007536517126,5269.592317063222,0.07284771697194828,0.4330262953170664,-0.3192018906352356
7,demand_24,0.7,615.8197923733239,1013.4519736113359,397.632181238012,5272.016121924724,5078.445394261878,0.192232335822475,0.07542317247179495,0.13955887243733453
7,demand_24,0.8,-1691.4034933164928,556.7399930027898,2248.1434863192826,5028.89951580698,5297.046840107661,0.11070811640853606,0.4470448214868589,-0.2909463266281971
7,demand_24,0.9,235.00102671552304,833.4944497967426,598.4934230812196,4989.92485899817,5004.183902520532,0.16703547114416545,0.1199403678398034,0.07121515630929981
7,demand_24,0.99,2391.2230524765196,2391.2230524765196,-0.0,4399.522395965535,4068.1036846270567,0.5435187816453275,-0.0,0.590781284397095
7,demand_25,0.0,-1275.4821128022209,329.3223366686666,1604.8044494708874,5179.691802255158,5187.901467635773,0.06357952350085476,0.3098262427065989,-0.2159319655717506
7,demand_25,0.1,608.4685831274439,943.0458981563661,334.57731502892216,5064.573946693578,5131.369439455269,0.18620438917118315,0.06606228254350041,0.14161877524604824
7,demand_25,0.2,60.75397104209901,1027.6762958931765,966.9223248510775,5285.19966886969,5230.853534244208,0.1944441762430063,0.18294906255790838,0.043039227928252856
7,demand_25,0.3,13.434379086963645,875.9056868081777,862.4713077212141,5164.557586221062,5143.371611822016,0.1695993649378752,0.16699810067415466,0.030708883181815964
7,demand_25,0.4,55.96983338523842,946.287804819531,890.3179714342925,5195.564583564959,5095.170106943769,0.18213377768662659,0.17136115952645842,0.04031923072112193
7,demand_25,0.5,675.3970025437009,1217.0407181590092,541.6437156153083,5063.750721046981,5031.448043678632,0.24034372645961802,0.10696492490517347,0.16283545002160782
7,demand_25,0.6,1385.6314597370774,2014.2439699679405,628.6125102308631,5117.007536517126,5269.592317063222,0.39363709269401015,0.12284768113879428,0.3148465384544942
7,demand_25,0.7,547.1169254503777,1390.9159485324228,843.7990230820451,5272.016121924724,5078.445394261878,0.2638299876868781,0.16005243602593316,0.1395234846027481
7,demand_25,0.8,1731.4807233608715,1772.9286596006657,41.44793623979422,5028.89951580698,5297.046840107661,0.35254803839844995,0.008241949577539556,0.3756217959521962
7,demand_25,0.9,1411.7457060610425,2138.2194901072726,726.4737840462301,4989.92485899817,5004.183902520532,0.4285073524206463,0.1455881209786563,0.3318277900264256
7,demand_25,0.99,3854.0965501461815,3854.0965501461815,-0.0,4399.522395965535,4068.1036846270567,0.8760261235811592,-0.0,0.9522023082403904
7,demand_26,0.0,314.7427838547774,1270.731603433222,955.9888195784447,5179.691802255158,5187.901467635773,0.24532957788723359,0.1845648073428272,0.09686296190463542
7,demand_26,0.1,172.66634282480868,862.1272194382432,689.4608766134345,5064.573946693578,5131.369439455269,0.1702269980678405,0.1361340329651127,0.059786035398009904
7,demand_26,0.2,1127.948050050137,1987.6178355205836,859.6697854704466,5285.19966886969,5230.853534244208,0.3760724211098087,0.1626560658689927,0.2591307901720579
7,demand_26,0.3,-1751.688704901845,310.7768699126941,2062.465574814539,5164.557586221062,5143.371611822016,0.060174925872032235,0.39934990372014767,-0.30199438330076167
7,demand_26,0.4,32.257090005243526,812.2984297982894,780.0413397930458,5195.564583564959,5095.170106943769,0.15634459291831712,0.15013601067736454,0.03181464508803887
7,demand_26,0.5,-317.73816168071585,806.0369957624605,1123.7751574431763,5063.750721046981,5031.448043678632,0.15917785850165314,0.22192544999743286,-0.03115200258279784
7,demand_26,0.6,1271.4935234882798,1657.6656313707504,386.1721078824705,5117.007536517126,5269.592317063222,0.3239521574945803,0.07546834846862807,0.28269102972905813
7,demand_26,0.7,-827.6820086392318,586.0993148938214,1413.7813235330532,5272.016121924724,5078.445394261878,0.11117176073426849,0.2681671092873869,-0.12587487018106067
7,demand_26,0.8,163.40883015083637,1558.1709288612894,1394.762098710453,5028.89951580698,5297.046840107661,0.3098433213794792,0.277349367257468,0.08162480101386771
7,demand_26,0.9,-3075.979695240798,170.85192103672807,3246.8316162775263,4989.92485899817,5004.183902520532,0.03423937751860859,0.650677456680058,-0.5614065454515137
7,demand_26,0.99,-1618.5829942560758,0.0,1618.5829942560758,4399.522395965535,4068.1036846270567,0.0,0.3678997055999429,-0.3384677291519475
7,demand_27,0.0,219.9581246835403,994.7159568110505,774.7578321275103,5179.691802255158,5187.901467635773,0.1920415335093811,0.1495760484803734,0.071130832690862
7,demand_27,0.1,-1573.6500042713537,573.81233856576,2147.4623428371137,5064.573946693578,5131.369439455269,0.1132992319996384,0.4240163862626768,-0.26694373623162093
7,demand_27,0.2,-816.1726610538337,530.4965902496124,1346.6692513034461,5285.19966886969,5230.853534244208,0.10037399218316877,0.254800071080654,-0.12531389997771394
7,demand_27,0.3,-70.76586325964809,1062.3837855525144,1133.1496488121625,5164.557586221062,5143.371611822016,0.2057066394974341,0.2194088515607578,0.021738029930879
7,demand_27,0.4,564.8265985830126,1295.3289380371882,730.5023394541756,5195.564583564959,5095.170106943769,0.24931437521432803,0.14060114694078893,0.14164083091700466
7,demand_27,0.5,-860.7095962382077,666.6620754674227,1527.3716717056304,5063.750721046981,5031.448043678632,0.13165381002988702,0.3016285271226446,-0.13439627752904282
7,demand_27,0.6,-531.9398782608082,580.3005270826852,1112.2404053434934,5117.007536517126,5269.592317063222,0.11340622872673446,0.2173614944684127,-0.07670493499057617
7,demand_27,0.7,-1581.6455376421613,277.8167962342095,1859.4623338763708,5272.016121924724,5078.445394261878,0.05269649974681475,0.35270421995551726,-0.2672090782864512
7,demand_27,0.8,-1097.5300669195915,272.2839598324597,1369.8140267520512,5028.89951580698,5297.046840107661,0.054143845781091667,0.2723884266222486,-0.19174534620867345
7,demand_27,0.9,-311.6601717559495,943.4988240906716,1255.158995846621,4989.92485899817,5004.183902520532,0.18908076789759484,0.2515386566559682,-0.02589299032175723
7,demand_27,0.99,-4027.825718969176,0.0,4027.825718969176,4399.522395965535,4068.1036846270567,0.0,0.9155143118859416,-0.8422731669350664
7,demand_28,0.0,117.76418312201054,1132.963415007196,1015.1992318851856,5179.691802255158,5187.901467635773,0.21873182001174687,0.19599606900224903,0.057435594791568796
7,demand_28,0.1,-521.934152493714,681.0106768035037,1202.9448292972177,5064.573946693578,5131.369439455269,0.13446554122249582,0.23752142667056203,-0.07236151555594335
7,demand_28,0.2,-494.389540749577,514.5373916941505,1008.9269324437275,5285.19966886969,5230.853534244208,0.09735439036008854,0.190896653987625,-0.06980493214677964
7,demand_28,0.3,-41.28346856935491,743.8644496028296,785.1479181721845,5164.557586221062,5143.371611822016,0.144032559843547,0.15202617166414095,0.01669305233371529
7,demand_28,0.4,-808.0803016285431,905.1332770769807,1713.2135787055238,5195.564583564959,5095.170106943769,0.1742126890194327,0.32974541094627197,-0.11400415957118683
7,demand_28,0.5,390.5474517511684,1010.1024218633179,619.5549701121495,5063.750721046981,5031.448043678632,0.1994771222969027,0.12235100111406161,0.10426003799343582
7,demand_28,0.6,-171.65470494316014,711.8926863079412,883.5473912511013,5117.007536517126,5269.592317063222,0.13912285280558498,0.1726687687961634,-0.007634775112486678
7,demand_28,0.7,-1390.3069913715588,520.8337783664758,1911.1407697380346,5272.016121924724,5078.445394261878,0.09879214447021233,0.3625066247028678,-0.22612332899814677
7,demand_28,0.8,1145.0114815295988,1691.9288064256561,546.9173248960574,5028.89951580698,5297.046840107661,0.33644116393806184,0.10875487234870597,0.2656424347631708
7,demand_28,0.9,-1826.2647835290188,370.9338886355167,2197.1986721645358,4989.92485899817,5004.183902520532,0.0743365680079578,0.4403270057669102,-0.32430022790560326
7,demand_28,0.99,2290.241610683896,2290.241610683896,-0.0,4399.522395965535,4068.1036846270567,0.5205659625199547,-0.0,0.5658325679564724
7,demand_29,0.0,127.87272420849808,989.7782857441298,861.9055615356317,5179.691802255158,5187.901467635773,0.19108825843908234,0.16640093550747,0.05461576807126052
7,demand_29,0.1,-548.1101391058767,823.0724986078001,1371.1826377136767,5064.573946693578,5131.369439455269,0.16251564440976232,0.27073997776434033,-0.07243333996736454
7,demand_29,0.2,-359.8939179293236,813.0877669209892,1172.9816848503128,5285.19966886969,5230.853534244208,0.15384239345017572,0.22193706167040053,-0.036962103856142715
7,demand_29,0.3,680.0220262259368,1368.024668598098,688.0026423721613,5164.557586221062,5143.371611822016,0.26488709744431177,0.13321618180959757,0.16536187082681347
7,demand_29,0.4,-1509.7276760094635,477.9198909557638,1987.6475669652273,5195.564583564959,5095.170106943769,0.09198613226126755,0.38256623221520886,-0.2519760072670492
7,demand_29,0.5,570.1731992991458,1296.570383873289,726.3971845741432,5063.750721046981,5031.448043678632,0.2560494098740331,0.14345042333046626,0.14634018648600697
7,demand_29,0.6,1158.4986678583416,1690.6189154262179,532.1202475678763,5117.007536517126,5269.592317063222,0.33039210971671384,0.10399051472377978,0.263450584841855
7,demand_29,0.7,327.62549179510825,1182.0795213074966,854.4540295123884,5272.016121924724,5078.445394261878,0.22421773643513432,0.16207348569344696,0.09460732406978346
7,demand_29,0.8,-217.40771239808737,1097.7225211314997,1315.130233529587,5028.89951580698,5297.046840107661,0.21828285048868187,0.2615145181159083,-0.0033293887441553515
7,demand_29,0.9,1734.7424193920676,1751.469023606491,16.726604214423332,4989.92485899817,5004.183902520532,0.35100108179948314,0.003352075369283525,0.37843900565969735
7,demand_29,0.99,-1027.7403183198664,6.966741790977267,1034.7070601108437,4399.522395965535,4068.1036846270567,0.0015835222926392947,0.23518622409098186,-0.21465010628039974
7,demand_30,0.0,-366.19066950787715,865.2986560465888,1231.489325554466,5179.691802255158,5187.901467635773,0.1670560120333513,0.23775339780221952,-0.03715050420266011
7,demand_30,0.1,128.94741011476958,944.329421206904,815.3820110921345,5064.573946693578,5131.369439455269,0.1864578207656366,0.16099715784078125,0.05455415909695582
7,demand_30,0.2,507.726566523575,936.2959495626274,428.56938303905235,5285.19966886969,5230.853534244208,0.17715431927340347,0.08108858886890599,0.11795754092908851
7,demand_30,0.3,-86.65478614579843,943.8403701961156,1030.495156341914,5164.557586221062,5143.371611822016,0.18275338292562818,0.19953212625438718,0.015075425286863951
7,demand_30,0.4,-40.33133690004388,1111.0208112769735,1151.3521481770174,5195.564583564959,5095.170106943769,0.21384024650399816,0.2216028940952962,0.028560387980151595
7,demand_30,0.5,-308.28277385044635,924.8925602147792,1233.1753340652256,5063.750721046981,5031.448043678632,0.1826497020026192,0.24353002388914086,-0.025515337192553934
7,demand_30,0.6,872.6130634528063,1346.6557610725667,474.0426976197605,5117.007536517126,5269.592317063222,0.26317251859847046,0.09264060962130535,0.2008277245815191
7,demand_30,0.7,1264.9401151232494,1657.312042304556,392.37192718130655,5272.016121924724,5078.445394261878,0.314360199964544,0.07442540350920972,0.2732244982982053
7,demand_30,0.8,-91.24287089666655,545.6518697642357,636.8947406609022,5028.89951580698,5297.046840107661,0.10850323575747084,0.12664694107706798,0.001423113945478809
7,demand_30,0.9,-2196.917058734044,367.3305442571386,2564.2476029911827,4989.92485899817,5004.183902520532,0.0736144440321067,0.5138850133919668,-0.392758512285711
7,demand_30,0.99,-222.7225182318541,212.82021026112557,435.5427284929797,4399.522395965535,4068.1036846270567,0.048373480370570834,0.09899772959273546,-0.038498041257304855
7,demand_31,0.0,-837.5043105771629,446.59713766708205,1284.101448244245,5179.691802255158,5187.901467635773,0.0862207935755252,0.24791078258462537,-0.13435966609141498
7,demand_31,0.1,374.3127455881058,997.9224413985105,623.6096958104047,5064.573946693578,5131.369439455269,0.19703976127152947,0.12313171895091592,0.10089247212116764
7,demand_31,0.2,-717.3497985329166,566.1785129507412,1283.5283114836577,5285.19966886969,5230.853534244208,0.10712528351304955,0.24285332473695498,-0.10698453320033605
7,demand_31,0.3,555.580512580726,1442.5459609339698,886.9654483532438,5164.557586221062,5143.371611822016,0.27931646357911744,0.1717408381154758,0.14560328065019423
7,demand_31,0.4,877.137006754032,1382.7612300158462,505.6242232618142,5195.564583564959,5095.170106943769,0.26614263142641154,0.09731843674145572,0.19975250713961235
7,demand_31,0.5,-510.81469576337804,481.0819944075406,991.8966901709186,5063.750721046981,5031.448043678632,0.09500507053160628,0.19588181662422632,-0.07694489028167271
7,demand_31,0.6,238.56227610458473,898.2133528938855,659.6510767893008,5117.007536517126,5269.592317063222,0.17553488957830446,0.12891344640041122,0.07219842233151783
7,demand_31,0.7,676.5916453208752,1359.8587044965616,683.2670591756864,5272.016121924724,5078.445394261878,0.2579390261803866,0.1296026118611787,0.16113410380552715
7,demand_31,0.8,-193.8519838135801,888.3172517957235,1082.1692356093035,5028.89951580698,5297.046840107661,0.17664247396543506,0.21519006935966772,-0.005972174718030146
7,demand_31,0.9,-3248.3501209029596,0.0,3248.3501209029596,4989.92485899817,5004.183902520532,0.0,0.6509817708066916,-0.5989032291421563
7,demand_31,0.99,-1040.9260164184009,0.0,1040.9260164184009,4399.522395965535,4068.1036846270567,0.0,0.23659977668779555,-0.21767179455277194
7,demand_32,0.0,545.8988651587413,1360.8844180313695,814.9855528726282,5179.691802255158,5187.901467635773,0.2627346317089487,0.15734247982047814,0.14082603998793036
7,demand_32,0.1,-1168.0550485902363,583.2645051831685,1751.3195537734048,5064.573946693578,5131.369439455269,0.1151655620635087,0.3457980023999371,-0.19295420344325873
7,demand_32,0.2,-85.27379994522312,866.6244700907368,951.89827003596,5285.19966886969,5230.853534244208,0.16397194512730226,0.18010639704734865,0.012532489854811259
7,demand_32,0.3,316.20875542788235,1075.9610838160384,759.752328388156,5164.557586221062,5143.371611822016,0.20833557683366363,0.14710888894242563,0.0911115361226028
7,demand_32,0.4,582.9157706799162,1348.377666143497,765.4618954635807,5195.564583564959,5095.170106943769,0.2595247627964816,0.1473298778509949,0.14654864585152122
7,demand_32,0.5,974.95630164862,1303.1699159611865,328.2136143125665,5063.750721046981,5031.448043678632,0.2573526991652036,0.06481630561875389,0.22010019357553287
7,demand_32,0.6,828.7514445269339,1343.9560589323676,515.2046144054336,5117.007536517126,5269.592317063222,0.2626449246637473,0.10068474801506858,0.1928536455910796
7,demand_32,0.7,1693.910187993924,1901.9790789040983,208.06889091017433,5272.016121924724,5078.445394261878,0.360768828265593,0.03946666438383574,0.3558306994903418
7,demand_32,0.8,-1808.769326833358,442.4211624727186,2251.1904893060764,5028.89951580698,5297.046840107661,0.08797574122968412,0.4476507200492017,-0.3162128567608263
7,demand_32,0.9,-2520.9188711807933,5.003222121542194,2525.9220933023353,4989.92485899817,5004.183902520532,0.0010026648222006883,0.5062044348718843,-0.4646182270145241
7,demand_32,0.99,-26.841819623957463,547.1690586037869,574.0108782277443,4399.522395965535,4068.1036846270567,0.1243701041516583,0.13047117995219792,0.015151410260997785
7,demand_33,0.0,-1548.8932210814028,361.33203857929357,1910.2252596606963,5179.691802255158,5187.901467635773,0.06975937032044555,0.3687912973565365,-0.2634625910457902
7,demand_33,0.1,1207.8695260537454,1812.7467410972006,604.8772150434552,5064.573946693578,5131.369439455269,0.35792679901152546,0.11943299108868792,0.27917251668919557
7,demand_33,0.2,-883.5943916583662,484.590704201147,1368.1850958595132,5285.19966886969,5230.853534244208,0.09168824917919953,0.2588710326155223,-0.13850020959410714
7,demand_33,0.3,-448.5025191792531,633.1127817329541,1081.6153009122072,5164.557586221062,5143.371611822016,0.12258799929389626,0.20943038834496408,-0.05942813195791451
7,demand_33,0.4,341.1861495417845,943.1016151325769,601.9154655907923,5195.564583564959,5095.170106943769,0.18152052581847872,0.1158517916406662,0.09072127105849873
7,demand_33,0.5,140.91655622143662,944.2959462270121,803.3793900055755,5063.750721046981,5031.448043678632,0.18648152293558587,0.15865302900208103,0.056736520856765706
7,demand_33,0.6,1481.139610672487,2143.024232991618,661.884622319131,5117.007536517126,5269.592317063222,0.4188041971206985,0.12934994087767956,0.3362200077845983
7,demand_33,0.7,-413.71091647295316,550.1040656178402,963.8149820907934,5272.016121924724,5078.445394261878,0.10434415466411862,0.1828171537796665,-0.05477422205977299
7,demand_33,0.8,868.8085528963181,1277.1417476058855,408.33319470956735,5028.89951580698,5297.046840107661,0.25396048252535913,0.08119732625917118,0.20134246258651803
7,demand_33,0.9,1606.3467672930108,1626.4033181103307,20.05655081731993,4989.92485899817,5004.183902520532,0.3259374367486697,0.004019409386727057,0.350581965917113
7,demand_33,0.99,-2170.470058710681,0.0,2170.470058710681,4399.522395965535,4068.1036846270567,0.0,0.4933422002126987,-0.4538748241956828
7,demand_34,0.0,1018.7915447077867,1412.1701857994299,393.3786410916432,5179.691802255158,5187.901467635773,0.2726359481822051,0.07594634123218919,0.2264727880035654
7,demand_34,0.1,394.8939890276679,1100.198329682383,705.3043406547151,5064.573946693578,5131.369439455269,0.21723413287324014,0.13926232454660378,0.1080027188880377
7,demand_34,0.2,233.16082013728624,1241.098182330292,1007.9373621930058,5285.19966886969,5230.853534244208,0.23482522138954826,0.1907094197651319,0.07979213967428325
7,demand_34,0.3,390.55142665276185,1394.304290066462,1003.7528634137002,5164.557586221062,5143.371611822016,0.2699755529469627,0.19435408486715167,0.11464592990804942
7,demand_34,0.4,1082.4893369947042,1651.5642812542073,569.0749442595031,5195.564583564959,5095.170106943769,0.3178796557507094,0.1095309152848659,0.2447529228843467
7,demand_34,0.5,627.871689857875,1630.9499086807887,1003.0782188229136,5063.750721046981,5031.448043678632,0.32208337229198625,0.19808996810481166,0.16784785140008002
7,demand_34,0.6,766.8209150906514,1271.2147094810512,504.39379439039976,5117.007536517126,5269.592317063222,0.24842932131897918,0.09857202491706973,0.17934560807518624
7,demand_34,0.7,165.0543537321298,938.1603446877041,773.1059909555743,5272.016121924724,5078.445394261878,0.1779509627799085,0.1466433282972068,0.05851309750994855
7,demand_34,0.8,1010.6282621393723,1388.8423857933187,378.21412365394644,5028.89951580698,5297.046840107661,0.27617222842251465,0.07520812902805733,0.23099572610126834
7,demand_34,0.9,-911.6274824617778,505.17872504001,1416.8062075017879,4989.92485899817,5004.183902520532,0.10123974595109135,0.28393337525852863,-0.1511755031170949
7,demand_34,0.99,3231.8493792835425,3231.8493792835425,-0.0,4399.522395965535,4068.1036846270567,0.7345909597476362,-0.0,0.7984684345083003
7,demand_35,0.0,107.10416820999262,1210.76365434064,1103.6594861306473,5179.691802255158,5187.901467635773,0.2337520649034547,0.2130743542791737,0.058049925479958756
7,demand_35,0.1,-146.78670176183823,1040.2619255501563,1187.0486273119946,5064.573946693578,5131.369439455269,0.2053996913658047,0.2343827219833492,0.007628429868584687
7,demand_35,0.2,-827.8549773974569,478.4289863223603,1306.2839637198172,5285.19966886969,5230.853534244208,0.09052240526320147,0.2471588673203681,-0.12899223917038927
7,demand_35,0.3,-286.0440033638938,948.0647299308673,1234.1087332947611,5164.557586221062,5143.371611822016,0.18357133483423352,0.23895729937978405,-0.020306655826973632
7,demand_35,0.4,1333.9992176073022,1669.0925354080641,335.09331780076195,5195.564583564959,5095.170106943769,0.32125335150060036,0.06449603549549877,0.28985207288827186
7,demand_35,0.5,1373.7596519445567,1680.5836038644384,306.82395191988167,5063.750721046981,5031.448043678632,0.33188513740995546,0.06059223070452464,0.30499986232787585
7,demand_35,0.6,1824.9136111938915,2196.1590056211708,371.24539442727905,5117.007536517126,5269.592317063222,0.429188151463224,0.07255126981500715,0.3997616920563064
7,demand_35,0.7,-1179.1449871650614,194.8287485581625,1373.9737357232239,5272.016121924724,5078.445394261878,0.036955264182127315,0.26061637596464887,-0.1995983004721212
7,demand_35,0.8,-1068.1645055823087,329.6724463450664,1397.8369519273751,5028.89951580698,5297.046840107661,0.06555558433984028,0.27796080385652056,-0.18446786961338993
7,demand_35,0.9,-230.1302360332636,779.3217796223582,1009.4520156556218,4989.92485899817,5004.183902520532,0.15617906113696933,0.20229803938536464,-0.016354347172612287
7,demand_35,0.99,-1151.4465754892221,22.922087878400134,1174.3686633676223,4399.522395965535,4068.1036846270567,0.005210130967720547,0.2669309433325185,-0.2399132820314382
7,demand_36,0.0,-376.05715552635115,723.0233651902352,1099.0805207165863,5179.691802255158,5187.901467635773,0.13958810539179994,0.21219033152475666,-0.04348890348995012
7,demand_36,0.1,-1000.9360344520876,653.6035091659714,1654.539543618059,5064.573946693578,5131.369439455269,0.1290539966531002,0.32668879179821825,-0.16027760513577372
7,demand_36,0.2,209.9874685151617,1190.9354016100508,980.9479330948891,5285.19966886969,5230.853534244208,0.2253340415168739,0.1856028143785678,0.07417371676831963
7,demand_36,0.3,588.9901594701028,1211.3002077100446,622.3100482399418,5164.557586221062,5143.371611822016,0.23454094324396144,0.1204962937968303,0.14407921758078723
7,demand_36,0.4,333.4395438606348,1205.3206063434077,871.8810624827729,5195.564583564959,5095.170106943769,0.23199030383650274,0.16781257329391677,0.09777580630492562
7,demand_36,0.5,-294.2219168445872,624.748265319254,918.9701821638412,5063.750721046981,5031.448043678632,0.12337658382798136,0.18148013849580552,-0.032856744994422205
7,demand_36,0.6,798.0044189571795,1518.820230614069,720.8158116568895,5117.007536517126,5269.592317063222,0.29681805621256696,0.14086666992628868,0.19303098563799587
7,demand_36,0.7,-1700.6449225274637,331.7505703258453,2032.395492853309,5272.016121924724,5078.445394261878,0.06292669875310031,0.3855063121679749,-0.28626722159334095
7,demand_36,0.8,2404.0142450580897,2550.1382021645077,146.12395710641795,5028.89951580698,5297.046840107661,0.5070966707823135,0.02905684566715182,0.5244597354452567
7,demand_36,0.9,-999.6266140791056,456.8866679726891,1456.5132820517947,4989.92485899817,5004.183902520532,0.09156183327065541,0.2918908246534638,-0.1690158268652569
7,demand_36,0.99,2743.771157878745,2743.771157878745,-0.0,4399.522395965535,4068.1036846270567,0.6236520492303544,-0.0,0.677882662206907
7,demand_37,0.0,790.3635960420299,1326.5827611648012,536.2191651227713,5179.691802255158,5187.901467635773,0.25611229621562187,0.1035233727399205,0.18314142774842732
7,demand_37,0.1,1198.8022610700475,1917.1751673914891,718.3729063214416,5064.573946693578,5131.369439455269,0.3785461891899362,0.14184271251295155,0.2809679536075804
7,demand_37,0.2,620.5303338949109,1280.6726238127476,660.1422899178367,5285.19966886969,5230.853534244208,0.24231300689660348,0.12490394522010875,0.14847207354598194
7,demand_37,0.3,148.72037188466356,1009.848947749342,861.1285758646784,5164.557586221062,5143.371611822016,0.19553445399536237,0.16673811095884622,0.059138387912820535
7,demand_37,0.4,-848.563521497714,622.563320412876,1471.12684191059,5195.564583564959,5095.170106943769,0.11982592274614773,0.2831505254624647,-0.1302529152231331
7,demand_37,0.5,-47.980094624525464,1007.5678013874158,1055.5478960119412,5063.750721046981,5031.448043678632,0.19897658018582143,0.20845178883404752,0.024503245779003886
7,demand_37,0.6,-440.55036537909655,766.0161454285414,1206.566510807638,5117.007536517126,5269.592317063222,0.1497000229063426,0.23579533588666227,-0.054214292813183
7,demand_37,0.7,-548.3864850533728,1030.7429759198278,1579.1294609732006,5272.016121924724,5078.445394261878,0.1955121062003735,0.29953046888572243,-0.06305487246141522
7,demand_37,0.8,-751.4649163763208,558.4796329257904,1309.9445493021112,5028.89951580698,5297.046840107661,0.11105404495961022,0.26048334137213447,-0.11893375562800478
7,demand_37,0.9,-344.2092447965117,326.28036222732817,670.4896070238399,4989.92485899817,5004.183902520532,0.06538783076842478,0.13436867808034578,-0.05254545473780425
7,demand_37,0.99,341.56681602825097,478.1541225501935,136.58730652194254,4399.522395965535,4068.1036846270567,0.1086831886544485,0.031045939588169,0.08957163629024156
7,demand_38,0.0,-750.3672266753294,725.0006273806589,1475.3678540559883,5179.691802255158,5187.901467635773,0.13996983895161577,0.2848369961729452,-0.1099089071838751
7,demand_38,0.1,-197.44884266254167,846.708694585436,1044.1575372479776,5064.573946693578,5131.369439455269,0.16718261071856047,0.20616887979879508,-0.007955140372977927
7,demand_38,0.2,894.5093249327233,1414.4494805889437,519.9401556562204,5285.19966886969,5230.853534244208,0.2676246062982598,0.09837663441907703,0.20038980752820976
7,demand_38,0.3,-614.4115760615998,518.0501646722744,1132.4617407338742,5164.557586221062,5143.371611822016,0.10030872074200936,0.2192756536891485,-0.09270238319618039
7,demand_38,0.4,-648.2140943869442,646.2245874344408,1294.438681821385,5195.564583564959,5095.170106943769,0.12438005091470367,0.249143025941023,-0.09401587634975894
7,demand_38,0.5,-136.93705451852907,788.8938666263618,925.8309211448909,5063.750721046981,5031.448043678632,0.15579239778676351,0.1828350114662568,0.0011313522627431937
7,demand_38,0.6,352.87617205370975,1394.6656842453488,1041.789512191639,5117.007536517126,5269.592317063222,0.27255494042024087,0.20359350748596503,0.10894934313491311
7,demand_38,0.7,245.4164406213149,733.6039056581324,488.18746503681746,5272.016121924724,5078.445394261878,0.1391505429217667,0.09259976709983742,0.06605880440050471
7,demand_38,0.8,713.8362154156416,1165.6967604386505,451.86054502300885,5028.89951580698,5297.046840107661,0.23179957300292026,0.08985276870271675,0.16929151040537044
7,demand_38,0.9,3027.9740983255733,3042.894612769913,14.920514444339233,4989.92485899817,5004.183902520532,0.6098077022708588,0.0029901280812743205,0.6600835411552914
7,demand_38,0.99,1725.922716980738,1725.922716980738,-0.0,4399.522395965535,4068.1036846270567,0.3922977454469716,-0.0,0.42641059287714306
7,demand_39,0.0,-552.7085127918747,591.5663659718848,1144.2748787637595,5179.691802255158,5187.901467635773,0.11420879630605163,0.22091563020517163,-0.0791023838039192
7,demand_39,0.1,498.1320841884383,1366.3799274033577,868.2478432149194,5064.573946693578,5131.369439455269,0.2697916827328393,0.17143551508054444,0.13553115518333314
7,demand_39,0.2,1288.0999780355305,1544.705731549384,256.6057535138534,5285.19966886969,5230.853534244208,0.2922700802862458,0.04855176144532151,0.27301724934665833
7,demand_39,0.3,733.1598096396858,1332.9423264784111,599.7825168387253,5164.557586221062,5143.371611822016,0.2580941937862548,0.11613434584192328,0.1736935689844032
7,demand_39,0.4,222.36017630379433,1315.7491696748841,1093.3889933710898,5195.564583564959,5095.170106943769,0.2532446952612178,0.21044661764571043,0.08165508487596573
7,demand_39,0.5,-1241.5794179401028,756.6965082154688,1998.2759261555716,5063.750721046981,5031.448043678632,0.14943399663619583,0.3946236764479607,-0.20062552511886753
7,demand_39,0.6,440.0777520508441,1313.688381118605,873.610629067761,5117.007536517126,5269.592317063222,0.2567298116611262,0.17072685995346046,0.12198543195273615
7,demand_39,0.7,146.90981797656445,912.199890905021,765.2900729284565,5272.016121924724,5078.445394261878,0.17302676429828373,0.1451607990624016,0.05452463475202936
7,demand_39,0.8,-1938.876610155417,160.56862155316026,2099.445231708577,5028.89951580698,5297.046840107661,0.03192917676093077,0.4174760750556938,-0.3493723621371831
7,demand_39,0.9,588.8468394753368,1145.1439844020242,556.2971449266875,4989.92485899817,5004.183902520532,0.22949122817691797,0.11148407253538795,0.14688164041626695
7,demand_39,0.99,2089.1140745059724,2089.1140745059724,-0.0,4399.522395965535,4068.1036846270567,0.47485019656264027,-0.0,0.5161415180028699
7,demand_40,0.0,643.4768097798722,1186.5445468536982,543.067737073826,5179.691802255158,5187.901467635773,0.22907628332965582,0.1048455695447715,0.15253803615974046
7,demand_40,0.1,227.6827682949065,1295.4344169097685,1067.751648614862,5064.573946693578,5131.369439455269,0.2557834934477552,0.2108275365022455,0.08406420277418974
7,demand_40,0.2,987.2726662713408,1869.2919619879833,882.0192957166425,5285.19966886969,5230.853534244208,0.3536842653264898,0.16688476329698895,0.23090543659991122
7,demand_40,0.3,1424.260769611231,1997.923746621752,573.662977010521,5164.557586221062,5143.371611822016,0.3868528355559774,0.11107688653545902,0.31830147694822264
7,demand_40,0.4,-71.1316204261093,964.4363787132584,1035.5679991393677,5195.564583564959,5095.170106943769,0.1856268675331346,0.1993177031068312,0.01839604741686159
7,demand_40,0.5,67.08437036822488,990.7842579540925,923.6998875858676,5063.750721046981,5031.448043678632,0.19566213120167927,0.1824141705369895,0.044855192673012335
7,demand_40,0.6,-888.2637735990972,939.8794163033856,1828.1431899024828,5117.007536517126,5269.592317063222,0.18367755169325223,0.35726802762280124,-0.12903707270292042
7,demand_40,0.7,2141.0042539244487,2569.2623693349005,428.2581154104521,5272.016121924724,5078.445394261878,0.4873396267985816,0.08123232279762117,0.4549832486768207
7,demand_40,0.8,-470.9715538274718,419.06068418581503,890.0322380132868,5028.89951580698,5297.046840107661,0.08333049464770803,0.1769835001108517,-0.07224819548490966
7,demand_40,0.9,-752.9179750736441,827.9683389794163,1580.8863140530605,4989.92485899817,5004.183902520532,0.16592801743023602,0.31681565529033956,-0.11111386218207327
7,demand_40,0.99,467.66340599779505,475.5015625892015,7.8381565914064595,4399.522395965535,4068.1036846270567,0.10808026867308315,0.0017815926107329816,0.11583948770365081
7,demand_41,0.0,478.210133430475,1590.2740194560458,1112.0638860255708,5179.691802255158,5187.901467635773,0.30702097348024937,0.21469692184029082,0.13619728134198605
7,demand_41,0.1,-177.93045194674278,738.5971463916298,916.5275983383726,5064.573946693578,5131.369439455269,0.14583598821255736,0.18096835153068114,-0.007973504916316472
7,demand_41,0.2,47.46055924163966,873.9883315737391,826.5277723320994,5285.19966886969,5230.853534244208,0.1653652437620494,0.15638534475819782,0.03587031299859865
7,demand_41,0.3,-747.7704567406977,533.0422745665112,1280.8127313072089,5164.557586221062,5143.371611822016,0.10321160441480168,0.24800047437255654,-0.11597390988492415
7,demand_41,0.4,164.63505117059117,1115.4730820233265,950.8380308527353,5195.564583564959,5095.170106943769,0.2146971833536404,0.18300956817291908,0.06499770092617575
7,demand_41,0.5,-291.8696738071619,833.6897096867929,1125.5593834939548,5063.750721046981,5031.448043678632,0.16463877382858594,0.2222778026603241,-0.025540389503383058
7,demand_41,0.6,-1083.1573278522023,315.9316512644564,1399.0889791166587,5117.007536517126,5269.592317063222,0.061741486407794935,0.2734193704293318,-0.1844355094821647
7,demand_41,0.7,1284.325309434785,1531.5420796031533,247.21677016836838,5272.016121924724,5078.445394261878,0.2905040584443458,0.04689226369021681,0.2726243983227677
7,demand_41,0.8,-2159.437471327516,466.6756467398959,2626.113118067412,5028.89951580698,5297.046840107661,0.09279876149305186,0.5222043331374864,-0.37955976747230064
7,demand_41,0.9,1149.937625488197,1656.8516485061134,506.9140230179164,4989.92485899817,5004.183902520532,0.3320393984527375,0.10158750629356969,0.26745188383245666
7,demand_41,0.99,-4068.035835380643,0.0,4068.035835380643,4399.522395965535,4068.1036846270567,0.0,0.9246539667831052,-0.8506816494404569
7,demand_42,0.0,-326.1260652198805,874.1429181354683,1200.2689833553488,5179.691802255158,5187.901467635773,0.16876350012849797,0.23172594609447036,-0.029749283310719278
7,demand_42,0.1,346.6806392099377,1137.3483781646078,790.6677389546701,5064.573946693578,5131.369439455269,0.22456940902346365,0.1561173254209981,0.10046924433383786
7,demand_42,0.2,-888.7205425177722,543.5495704956022,1432.2701130133744,5285.19966886969,5230.853534244208,0.1028437153845216,0.2709964055756638,-0.137530045972522
7,demand_42,0.3,-258.906324440406,622.9955177313861,881.9018421717922,5164.557586221062,5143.371611822016,0.12062901949114208,0.1707603850762917,-0.025981054823294842
7,demand_42,0.4,1293.6185096779707,1837.3190918325226,543.700582154552,5195.564583564959,5095.170106943769,0.3536322303921469,0.10464706451237864,0.28810755977051045
7,demand_42,0.5,91.57380302858928,969.4907828086875,877.9169797800982,5063.750721046981,5031.448043678632,0.19145705154463757,0.17337286690103498,0.04860245326043643
7,demand_42,0.6,-1825.8156948736187,228.93984181254814,2054.755536686167,5117.007536517126,5269.592317063222,0.044740962404049005,0.4015541353071232,-0.320798323608587
7,demand_42,0.7,1823.7720457161108,1976.5381932319751,152.7661475158643,5272.016121924724,5078.445394261878,0.37491125738636294,0.028976798246226145,0.38085358190299684
7,demand_42,0.8,1293.5864229878823,1490.5107708306143,196.924347842732,5028.89951580698,5297.046840107661,0.29638905413512406,0.03915853701664823,0.2861361613089489
7,demand_42,0.9,-1357.239907365096,378.0129199905707,1735.2528273556668,4989.92485899817,5004.183902520532,0.07575523292879095,0.34775129413553024,-0.2375885461168716
7,demand_42,0.99,413.2458903474103,519.5167127766599,106.27082242924962,4399.522395965535,4068.1036846270567,0.11808479785284623,0.02415508158947036,0.10613036608208533
7,demand_43,0.0,321.7484012171451,1028.3859844342269,706.6375832170818,5179.691802255158,5187.901467635773,0.198541925599991,0.13642463879982641,0.09029577317371512
7,demand_43,0.1,-300.08355148794567,1006.3436819621536,1306.4272334500993,5064.573946693578,5131.369439455269,0.19870253501168603,0.25795402480064566,-0.021336686499543994
7,demand_43,0.2,160.0413178876313,1225.58546784246,1065.5441499548288,5285.19966886969,5230.853534244208,0.23189009775,0.20160906242217894,0.06657411664768231
7,demand_43,0.3,726.0116915002952,1219.5147077939846,493.50301629368937,5164.557586221062,5143.371611822016,0.2361314957640565,0.095555719547081,0.16875340732544256
7,demand_43,0.4,897.951868549874,1536.9497722741369,638.9979037242629,5195.564583564959,5095.170106943769,0.2958195875643513,0.1229891176303715,0.20839304174130963
7,demand_43,0.5,1628.925097002905,1846.5131083229828,217.58801132007784,5063.750721046981,5031.448043678632,0.3646532402647968,0.042969731984573156,0.3568300642533196
7,demand_43,0.6,-321.93963342690313,603.103056431059,925.0426898579622,5117.007536517126,5269.592317063222,0.11786245224910477,0.1807780589058091,-0.03820445305301311
7,demand_43,0.7,1433.449159302383,1890.3856751296673,456.93651582728444,5272.016121924724,5078.445394261878,0.3585697826810741,0.08667206344969686,0.31001146541005503
7,demand_43,0.8,-1554.974623877245,625.1754591513841,2180.150083028629,5028.89951580698,5297.046840107661,0.12431655418572488,0.4335242882018062,-0.2637156558133521
7,demand_43,0.9,3334.397142915449,3335.1817942281814,0.7846513127324215,4989.92485899817,5004.183902520532,0.6683831697813958,0.00015724711992756469,0.7263587780642273
7,demand_43,0.99,245.61300752601073,472.7424709332472,227.12946340723647,4399.522395965535,4068.1036846270567,0.10745313431447993,0.05162593640062374,0.06930102363586087
7,demand_44,0.0,667.5998761075382,1496.7365545962919,829.1366784887537,5179.691802255158,5187.901467635773,0.2889624733936169,0.16007451990246993,0.1668210866827895
7,demand_44,0.1,-96.41870215426411,868.2636005291295,964.6823026833936,5064.573946693578,5131.369439455269,0.1714386263618439,0.1904764967077219,0.011107956030900052
7,demand_44,0.2,-195.66117343396058,930.1004307653272,1125.7616041992878,5285.19966886969,5230.853534244208,0.1759820799663831,0.21300266304603907,-0.004677580473678687
7,demand_44,0.3,205.96744382717293,1130.7823506040404,924.8149067768675,5164.557586221062,5143.371611822016,0.2189504776984084,0.17906953138527404,0.07324568079773087
7,demand_44,0.4,75.54734164879869,989.5052905532702,913.9579489044716,5195.564583564959,5095.170106943769,0.19045192772376565,0.17591119005537514,0.04517467006619142
7,demand_44,0.5,-706.0580695267115,410.6443884131702,1116.7024579398817,5063.750721046981,5031.448043678632,0.08109490593728622,0.22052871862321696,-0.11473978424500504
7,demand_44,0.6,1351.485101176568,1446.1400423883501,94.65494121178222,5117.007536517126,5269.592317063222,0.2826144054055196,0.018498104709888465,0.2901713147598587
7,demand_44,0.7,-963.3326032115795,535.452179586727,1498.7847827983064,5272.016121924724,5078.445394261878,0.10156497385505764,0.28429062964457047,-0.1511506685609857
7,demand_44,0.8,2349.1486978152025,2476.9710475993334,127.82234978413157,5028.89951580698,5297.046840107661,0.4925473336290867,0.025417558927625563,0.5119933823399395
7,demand_44,0.9,285.71021094380217,1280.031270529829,994.3210595860269,4989.92485899817,5004.183902520532,0.25652315549834187,0.1992657379986394,0.09550503788727552
7,demand_44,0.99,4382.190716698455,4382.190716698455,-0.0,4399.522395965535,4068.1036846270567,0.996060554372226,-0.0,1.0826745156219846
7,demand_45,0.0,169.86135586309433,1053.8249501165365,883.9635942534421,5179.691802255158,5187.901467635773,0.2034532150460607,0.17065949635624614,0.064138062315363
7,demand_45,0.1,466.49269425772195,1263.6169982859074,797.1243040281854,5064.573946693578,5131.369439455269,0.24950114493063397,0.15739217403442007,0.1263960965520661
7,demand_45,0.2,718.8881621436001,1583.6377985995107,864.7496364559106,5285.19966886969,5230.853534244208,0.2996363236619578,0.16361721233530024,0.1751638208058257
7,demand_45,0.3,847.291164869813,1560.0267643906675,712.7355995208545,5164.557586221062,5143.371611822016,0.30206396934227014,0.13800516067870347,0.2013656536345821
7,demand_45,0.4,-1830.4525896530852,142.81511170417207,1973.2677013572572,5195.564583564959,5095.170106943769,0.027487890758963265,0.3797985126773828,-0.3195364895338843
7,demand_45,0.5,5.943236321704717,1087.9992269966694,1082.0559906749647,5063.750721046981,5031.448043678632,0.21486034501550558,0.2136866623740986,0.03695212389355266
7,demand_45,0.6,680.5620276579286,1056.539263077661,375.9772354197323,5117.007536517126,5269.592317063222,0.20647600292509846,0.07347599798057752,0.1568325198199322
7,demand_45,0.7,-598.9436631268595,799.7171711064557,1398.6608342333152,5272.016121924724,5078.445394261878,0.15169095704784993,0.26529904345639366,-0.07919364492787137
7,demand_45,0.8,196.37224779989424,1113.8323014011328,917.4600536012385,5028.89951580698,5297.046840107661,0.22148629096686132,0.18243753940945767,0.07290343218553949
7,demand_45,0.9,2187.49999090768,2223.739596186107,36.23960527842655,4989.92485899817,5004.183902520532,0.44564590830984346,0.007262555309440551,0.4777161755390576
7,demand_45,0.99,-646.7536360580586,3.5166789326731305,650.2703149907318,4399.522395965535,4068.1036846270567,0.0007993319765568207,0.14780475162191353,-0.13511153238720736
7,demand_46,0.0,-924.8183281335916,566.2722506186865,1491.0905787522781,5179.691802255158,5187.901467635773,0.10932547190783441,0.28787245181326815,-0.14601062098577802
7,demand_46,0.1,-191.30116602352587,596.5053573733758,787.8065233969016,5064.573946693578,5131.369439455269,0.11777996799963915,0.15555237848017273,-0.015086483854325074
7,demand_46,0.2,-1169.094559863649,634.4708921243566,1803.5654519880056,5285.19966886969,5230.853534244208,0.12004672138716883,0.34124830942739426,-0.18346287794801924
7,demand_46,0.3,156.68489623729965,979.807348743866,823.1224525065663,5164.557586221062,5143.371611822016,0.1897175764595931,0.1593790830607913,0.05958600060536887
7,demand_46,0.4,-155.11917635536315,970.794972358477,1125.9141487138402,5195.564583564959,5095.170106943769,0.18685071790453267,0.2167067949218503,0.0037283550898680315
7,demand_46,0.5,-1021.0417738186343,454.74678872654204,1475.7885625451763,5063.750721046981,5031.448043678632,0.0898043394664812,0.29144178768737694,-0.1705130322088203
7,demand_46,0.6,718.1967803164885,1533.8175970932548,815.6208167767663,5117.007536517126,5269.592317063222,0.2997489423549379,0.1593941011335535,0.17917149473423713
7,demand_46,0.7,-1002.3384853811524,231.48215021153305,1233.8206355926854,5272.016121924724,5078.445394261878,0.04390770909232782,0.23403203007320061,-0.16758369691481437
7,demand_46,0.8,558.5504715115492,1068.177083428338,509.62661191678876,5028.89951580698,5297.046840107661,0.2124077206296951,0.1013395893703813,0.1376455349854395
7,demand_46,0.9,-36.99083473804103,785.7990138612456,822.7898485992866,4989.92485899817,5004.183902520532,0.15747712361725041,0.16489022817960403,0.019471776615253875
7,demand_46,0.99,-13.337525776839357,288.8329589258401,302.17048470267946,4399.522395965535,4068.1036846270567,0.06565098047704149,0.06868256540295757,0.008171801217367594
7,demand_47,0.0,930.6245888253102,1289.6671979236837,359.04260909837353,5179.691802255158,5187.901467635773,0.24898531556688033,0.06931736921915932,0.20686423289106945
7,demand_47,0.1,974.6320543022225,1577.8053679552863,603.1733136530638,5064.573946693578,5131.369439455269,0.31153763071923574,0.11909655580147017,0.2290590281400776
7,demand_47,0.2,1354.832866403235,1982.3659522069227,627.5330858036878,5285.19966886969,5230.853534244208,0.37507872481776605,0.11873403563159876,0.29845895332519656
7,demand_47,0.3,-34.89237009286876,821.4276957687018,856.3200658615706,5164.557586221062,5143.371611822016,0.1590509316732676,0.16580705153645992,0.020338960057399894
7,demand_47,0.4,-117.28062312032625,767.9811738661951,885.2617969865214,5195.564583564959,5095.170106943769,0.14781476806111446,0.17038798820571974,0.003911277004123118
7,demand_47,0.5,1780.4968410395368,2006.939958959505,226.44311791996824,5063.750721046981,5031.448043678632,0.3963346676245054,0.04471845681083386,0.38965757149979957
7,demand_47,0.6,-1593.9875805769998,248.65963205302205,1842.6472126300218,5117.007536517126,5269.592317063222,0.04859473633339055,0.3601025012138664,-0.2784739355369848
7,demand_47,0.7,360.37155688537655,847.5491260934507,487.17756920807415,5272.016121924724,5078.445394261878,0.1607637583976175,0.09240820929625948,0.08972766309702551
7,demand_47,0.8,-1669.7679102252407,326.58352786500154,1996.3514380902423,5028.89951580698,5297.046840107661,0.06494135085389456,0.39697580590251474,-0.29462931658912384
7,demand_47,0.9,-462.5305038437666,799.8826347839879,1262.4131386277545,4989.92485899817,5004.183902520532,0.16029953504040956,0.252992414575399,-0.058514396365443685
7,demand_47,0.99,958.1641311863013,1021.0801515549065,62.91602036860513,4399.522395965535,4068.1036846270567,0.23208886321189337,0.01430064782175006,0.23911390749517836
7,demand_48,0.0,308.7112456975751,967.0464798740179,658.3352341764428,5179.691802255158,5187.901467635773,0.18669961781374342,0.12709930615752346,0.08600300552392995
7,demand_48,0.1,54.70643747623126,1263.686000723203,1208.9795632469718,5064.573946693578,5131.369439455269,0.24951476946016438,0.23871298473907318,0.051595759975013936
7,demand_48,0.2,433.7443711053395,1076.3148324675924,642.5704613622529,5285.19966886969,5230.853534244208,0.2036469575231349,0.12157922152819538,0.10950250480616339
7,demand_48,0.3,-639.2530623007967,674.2284153257283,1313.481477626525,5164.557586221062,5143.371611822016,0.13054911365971725,0.2543260396845739,-0.09207874601011537
7,demand_48,0.4,48.99743955946906,953.2965283194608,904.2990887599917,5195.564583564959,5095.170106943769,0.1834827597630116,0.17405213123912378,0.039309821611105654
7,demand_48,0.5,67.70147875593398,1022.9145648761323,955.2130861201983,5063.750721046981,5031.448043678632,0.2020072908850921,0.18863746237545803,0.04602667688098301
7,demand_48,0.6,-378.0022675233406,568.0793699310573,946.0816374543979,5117.007536517126,5269.592317063222,0.1110178880677824,0.18488963143062814,-0.049426843451197015
7,demand_48,0.7,7.960527340066619,873.1415553542633,865.1810280141967,5272.016121924724,5078.445394261878,0.16561814970996222,0.16410819087145237,0.02904019234387491
7,demand_48,0.8,333.5693803462277,854.0035442686928,520.4341639224651,5028.89951580698,5297.046840107661,0.16981917049333847,0.10348867824593068,0.08937647089780733
7,demand_48,0.9,971.7611721430253,1502.9295340561607,531.1683619131354,4989.92485899817,5004.183902520532,0.30119281883493226,0.1064481684439189,0.22945118376521662
7,demand_48,0.99,-558.0345244474413,66.68146841953626,624.7159928669776,4399.522395965535,4068.1036846270567,0.015156524371982906,0.14199632065513673,-0.1141621319897009
7,demand_49,0.0,-170.92791049057405,855.109555274795,1026.037465765369,5179.691802255158,5187.901467635773,0.1650888871230704,0.19808851664082563,-0.0027969927844830583
7,demand_49,0.1,-142.61555447901105,1129.4878963379686,1272.1034508169796,5064.573946693578,5131.369439455269,0.22301735708200252,0.2511767947721399,0.011327519550938362
7,demand_49,0.2,1313.4210209950293,1866.0932405153944,552.6722195203652,5285.19966886969,5230.853534244208,0.3530790428802254,0.10456979000730193,0.2875773615413533
7,demand_49,0.3,154.98293849061224,970.5932670831901,815.6103285925778,5164.557586221062,5143.371611822016,0.18793347753014003,0.15792452983167624,0.058984951609357884
7,demand_49,0.4,633.2517054774551,983.9602273725777,350.70852189512266,5195.564583564959,5095.170106943769,0.1893846590773065,0.0675015229344878,0.14375148920169134
7,demand_49,0.5,356.3288613343216,1211.6966183745253,855.3677570402037,5063.750721046981,5031.448043678632,0.23928836254482821,0.16891979960327666,0.10468983060936393
7,demand_49,0.6,-625.1460872494738,538.3246320699984,1163.4707193194722,5117.007536517126,5269.592317063222,0.10520301723776769,0.22737326670255104,-0.09483229967312122
7,demand_49,0.7,1081.7907801953234,1530.4435110495626,448.6527308542393,5272.016121924724,5078.445394261878,0.2902956811313437,0.08510078885920473,0.23724605808794869
7,demand_49,0.8,-2399.671460256166,73.08872637751665,2472.7601866336827,5028.89951580698,5297.046840107661,0.01453374165615799,0.4917100011366766,-0.4365756557673099
7,demand_49,0.9,-1582.668434258871,231.50770935932087,1814.1761436181919,4989.92485899817,5004.183902520532,0.04639502916398641,0.3635678281501067,-0.28405302237202595
7,demand_49,0.99,4399.522395965534,4399.522395965534,-0.0,4399.522395965535,4068.1036846270567,0.9999999999999998,-0.0,1.0869565217391302
7,demand_50,0.0,642.2747645646709,1348.3449035253989,706.070138960728,5179.691802255158,5187.901467635773,0.2603137319750087,0.13631508705852263,0.15753982857464685
7,demand_50,0.1,128.77601291055203,984.5564549732517,855.7804420626996,5064.573946693578,5131.369439455269,0.19440064758379572,0.1689738270326566,0.05584913085147299
7,demand_50,0.2,731.9744584275206,1110.499704397097,378.5252459695764,5285.19966886969,5230.853534244208,0.21011499545382212,0.07161985727788579,0.16249559592806476
7,demand_50,0.3,1053.337559795152,1627.9211744880383,574.5836146928864,5164.557586221062,5143.371611822016,0.3152101893163705,0.11125514724162708,0.24026503553375797
7,demand_50,0.4,-1163.3031527314038,382.6500992104195,1545.9532519418233,5195.564583564959,5095.170106943769,0.0736493778598865,0.29755250407859635,-0.1936946321654755
7,demand_50,0.5,198.84717820016,872.1298543668822,673.2826761667222,5063.750721046981,5031.448043678632,0.17223001336577656,0.13296125999415592,0.06488217707252494
7,demand_50,0.6,455.5050985255309,1088.420448579635,632.915350054104,5117.007536517126,5269.592317063222,0.21270643844321258,0.12368857101291192,0.11740916514987383
7,demand_50,0.7,2429.4933362577785,2589.4476099460953,159.95427368831656,5272.016121924724,5078.445394261878,0.4911683784837767,0.0303402474478625,0.5059656446129411
7,demand_50,0.8,566.6091538014834,1808.028481097419,1241.4193272959355,5028.89951580698,5297.046840107661,0.3595276611541695,0.2468570555832088,0.16368244490058864
7,demand_50,0.9,1171.9435777141016,1225.4357263523216,53.49214863821999,4989.92485899817,5004.183902520532,0.2455819999258171,0.010720030892200577,0.257074528020281
7,demand_50,0.99,1319.3148987031325,1319.3148987031325,-0.0,4399.522395965535,4068.1036846270567,0.2998768457032916,-0.0,0.3259530931557517
7,demand_51,0.0,-300.1015923761354,706.0433390600951,1006.1449314362305,5179.691802255158,5187.901467635773,0.13630991302468898,0.1942480305484914,-0.03054523916473278
7,demand_51,0.1,-183.7916570199211,1081.694009398181,1265.485666418102,5064.573946693578,5131.369439455269,0.21358045529266445,0.2498701134069289,0.002272164461999782
7,demand_51,0.2,155.02969970641175,1135.7118223241816,980.6821226177699,5285.19966886969,5230.853534244208,0.21488532004072208,0.18555252101336445,0.06286268071196782
7,demand_51,0.3,322.5008456745916,1224.6480942274873,902.1472485528957,5164.557586221062,5143.371611822016,0.237125460173941,0.17468045103414218,0.09703905045504678
7,demand_51,0.4,-600.320828516813,715.7489083342025,1316.0697368510155,5195.564583564959,5095.170106943769,0.1377615265525365,0.25330639542314926,-0.0833010940582794
7,demand_51,0.5,1664.6247985313341,2022.8230266143025,358.1982280829684,5063.750721046981,5031.448043678632,0.3994712887833593,0.07073772936613028,0.36912921157376805
7,demand_51,0.6,-75.40946349734736,1253.1258787370818,1328.5353422344292,5117.007536517126,5269.592317063222,0.24489428045478662,0.25963130457663786,0.027328635066435153
7,demand_51,0.7,72.34681365902748,798.2569937418718,725.9101800828444,5272.016121924724,5078.445394261878,0.15141398950245274,0.13769119124351745,0.0379045274281952
7,demand_51,0.8,-159.51355876900425,920.4197173277862,1079.9332760967905,5028.89951580698,5297.046840107661,0.18302607050204459,0.21474544732944323,0.0013755694373954468
7,demand_51,0.9,-180.25612766179847,404.0045798494009,584.2607075111994,4989.92485899817,5004.183902520532,0.08096406083568022,0.11708807727988547,-0.019716617145668323
7,demand_51,0.99,-885.0621110078173,14.677366553343518,899.7394775611608,4399.522395965535,4068.1036846270567,0.0033361272502676668,0.20450844354974598,-0.18452154279373623
7,demand_52,0.0,-343.49733581767555,585.9123375038209,929.4096733214965,5179.691802255158,5187.901467635773,0.11311722007257724,0.17943339271978417,-0.04212522122331316
7,demand_52,0.1,-34.291649303154145,1154.0569447312648,1188.348594034419,5064.573946693578,5131.369439455269,0.22786851507710618,0.23463940038040826,0.03181492021209632
7,demand_52,0.2,-506.925786675105,619.8409806027219,1126.7667672778268,5285.19966886969,5230.853534244208,0.11727863078733657,0.21319284755022336,-0.06866064715127447
7,demand_52,0.3,-163.95797160611505,928.3929525653921,1092.3509241715071,5164.557586221062,5143.371611822016,0.17976233918706344,0.21150909946011212,0.0008054754391570898
7,demand_52,0.4,244.7017777208166,1116.3909731851259,871.6891954643093,5195.564583564959,5095.170106943769,0.21487385157651323,0.1677756442912304,0.07920494157436503
7,demand_52,0.5,1945.044498386161,2226.849930942348,281.80543255618704,5063.750721046981,5031.448043678632,0.43976294521897874,0.05565152158554933,0.42680380146627156
7,demand_52,0.6,-1551.2155533329264,75.49664816130121,1626.7122014942277,5117.007536517126,5269.592317063222,0.014754062334777749,0.31790303021547706,-0.27643376352130655
7,demand_52,0.7,195.32501168546764,868.7128779991735,673.3878663137059,5272.016121924724,5078.445394261878,0.16477811484423557,0.12772871909728975,0.06159622500031469
7,demand_52,0.8,723.3285850865436,1232.3749415778216,509.04635649127795,5028.89951580698,5297.046840107661,0.2450585734919112,0.10122420519464129,0.17324174588605087
7,demand_52,0.9,-547.3852840751742,520.5399045038721,1067.9251885790463,4989.92485899817,5004.183902520532,0.10431818498533087,0.21401628656858257,-0.08350565213730156
7,demand_52,0.99,922.0468441039218,922.0468441039218,-0.0,4399.522395965535,4068.1036846270567,0.209578849956409,-0.0,0.2278030977787054
7,demand_53,0.0,264.4053274376229,1040.7584716546507,776.3531442170279,5179.691802255158,5187.901467635773,0.200930578765617,0.1498840421121225,0.08050948426295274
7,demand_53,0.1,-168.5277822599951,760.7189099869909,929.246692246986,5064.573946693578,5131.369439455269,0.15020392988508507,0.1834797363070683,-0.005536216223062547
7,demand_53,0.2,313.40962432251854,1150.8743014263566,837.4646771038381,5285.19966886969,5230.853534244208,0.21775417647986162,0.15845469037557497,0.09091100711519015
7,demand_53,0.3,408.53225991299155,1252.5978146261912,844.0655547131996,5164.557586221062,5143.371611822016,0.2425372926362749,0.1634342420665712,0.11326798929470545
7,demand_53,0.4,1264.577270522648,1738.0376988070645,473.4604282844166,5195.564583564959,5095.170106943769,0.3345233556147044,0.09112781116841583,0.27977475678451874
7,demand_53,0.5,1009.5309944872761,1505.9533751691972,496.42238068192114,5063.750721046981,5031.448043678632,0.29739879747829023,0.09803452184535673,0.23306780237867422
7,demand_53,0.6,1852.9065156870158,1860.6368282439228,7.730312556906938,5117.007536517126,5269.592317063222,0.3636181527905974,0.0015107096289657899,0.3938472697398269
7,demand_53,0.7,-1784.7438441776,246.04744929296135,2030.7912934705614,5272.016121924724,5078.445394261878,0.04667046602337278,0.3852020264173915,-0.30365709688729065
7,demand_53,0.8,2112.5096576546484,2163.4104776179483,50.900819963300364,5028.89951580698,5297.046840107661,0.4301956065771159,0.010121661767809728,0.45829199136613236
7,demand_53,0.9,761.3703477714007,1889.485606016624,1128.1152582452232,4989.92485899817,5004.183902520532,0.37866013204775534,0.2260786064164733,0.20359478214875248
7,demand_53,0.99,355.7987939392126,653.4979859373232,297.69919199811056,4399.522395965535,4068.1036846270567,0.1485383928347759,0.06766625219844492,0.09920182279783925
7,demand_54,0.0,-1007.7301136607132,603.3042241382059,1611.034337798919,5179.691802255158,5187.901467635773,0.1164749269204659,0.311028995411947,-0.15954349434370224
7,demand_54,0.1,-118.9863114474399,920.4596477037367,1039.4459591511766,5064.573946693578,5131.369439455269,0.18174473458022297,0.20523857882059,0.008729132028777781
7,demand_54,0.2,-853.632178374088,610.4364318123705,1464.0686101864585,5285.19966886969,5230.853534244208,0.11549921858352807,0.27701292324109467,-0.1293092604866679
7,demand_54,0.3,-1096.9957716978195,409.03334577561327,1506.0291174734327,5164.557586221062,5143.371611822016,0.079200074536279,0.29160854387440444,-0.1821928228250184
7,demand_54,0.4,406.6311119884415,1372.1985079437713,965.5673959553299,5195.564583564959,5095.170106943769,0.2641096046201453,0.18584455652994725,0.11609866518825865
7,demand_54,0.5,-506.2396309364965,561.4368686391122,1067.6764995756087,5063.750721046981,5031.448043678632,0.11087371783637671,0.21084697063343116,-0.07346430229104284
7,demand_54,0.6,-1410.310755472601,388.79832705007107,1799.109082522672,5117.007536517126,5269.592317063222,0.07598158186702718,0.3515939872441989,-0.24087779232224216
7,demand_54,0.7,-2357.5621012815463,478.20696124118604,2835.7690625227315,5272.016121924724,5078.445394261878,0.09070665760153267,0.5378908176569537,-0.39626535919925315
7,demand_54,0.8,-2030.0475995167355,399.4782787398026,2429.5258782565384,5028.89951580698,5297.046840107661,0.07943652035284282,0.4831128302762828,-0.35811975999239454
7,demand_54,0.9,1577.8173867107032,1696.6294953213167,118.81210861061345,4989.92485899817,5004.183902520532,0.3400110308799219,0.02381040035029053,0.34767163915590865
7,demand_54,0.99,4210.477976173011,4210.477976173011,-0.0,4399.522395965535,4068.1036846270567,0.9570306949759178,-0.0,1.040250755408606
7,demand_55,0.0,619.0534782888774,1453.1978097451765,834.1443314562991,5179.691802255158,5187.901467635773,0.2805568101778713,0.16104130579605636,0.15679505320879264
7,demand_55,0.1,462.80608672516496,1325.7431909213756,862.9371041962106,5064.573946693578,5131.369439455269,0.26176796012365283,0.17038690979318835,0.12777443442901976
7,demand_55,0.2,751.3474694623271,1573.7086329432032,822.361163480876,5285.19966886969,5230.853534244208,0.29775764995454973,0.15559699065385527,0.18050038811426805
7,demand_55,0.3,-150.24840048094256,964.0072613669079,1114.2556618478504,5164.557586221062,5143.371611822016,0.1866582461852803,0.21575045746816005,0.004398977156771326
7,demand_55,0.4,1211.24719657516,1660.2044527434284,448.9572561682685,5195.564583564959,5095.170106943769,0.319542645662634,0.08641163995698317,0.26783025391635157
7,demand_55,0.5,-641.4380326622506,693.0101365570108,1334.4481692192614,5063.750721046981,5031.448043678632,0.13685707980777617,0.2635295935229906,-0.0936895305979164
7,demand_55,0.6,-537.2047333080659,571.1982640291787,1108.4029973372446,5117.007536517126,5269.592317063222,0.11162740331196833,0.21661156240775745,-0.0779485033803887
7,demand_55,0.7,-1407.8753017490048,345.38405936102845,1753.2593611100333,5272.016121924724,5078.445394261878,0.06551270925077038,0.33255955986529645,-0.23474532849914848
7,demand_55,0.8,-3457.847488506648,40.51354813863145,3498.3610366452795,5028.89951580698,5297.046840107661,0.008056145884658882,0.695651409547781,-0.6312426164745468
7,demand_55,0.9,450.9757049882778,862.6047915663344,411.62908657805656,4989.92485899817,5004.183902520532,0.17286929481730112,0.08249204110474312,0.1120087295937462
7,demand_55,0.99,-538.0369213602683,512.4376585401856,1050.4745799004538,4399.522395965535,4068.1036846270567,0.1164757472334049,0.2387701403369974,-0.09306445603024968
7,demand_56,0.0,-375.7231300555911,791.6899555440007,1167.4130855995918,5179.691802255158,5187.901467635773,0.15284499266912194,0.22538273128360997,-0.04121625118404952
7,demand_56,0.1,-148.09356164461565,809.3949573931341,957.4885190377497,5064.573946693578,5131.369439455269,0.1598150142365973,0.1890560843055414,-0.0002196255647966829
7,demand_56,0.2,178.07133939161122,984.7745281347511,806.7031887431399,5285.19966886969,5230.853534244208,0.186326835282149,0.15263438266953197,0.062105536728975154
7,demand_56,0.3,386.49986428416696,1103.9579234677406,717.4580591835736,5164.557586221062,5143.371611822016,0.21375653287574498,0.13891955839503806,0.10453806375020083
7,demand_56,0.4,-362.70225673318714,743.0126456224193,1105.7149023556065,5195.564583564959,5095.170106943769,0.1430090288883673,0.21281900832361808,-0.0403488910399381
7,demand_56,0.5,-819.3964275679712,387.5306721597751,1206.9270997277463,5063.750721046981,5031.448043678632,0.07653036128912152,0.23834646810540508,-0.1360935753427101
7,demand_56,0.6,-1583.908028373633,156.96293796074133,1740.8709663343743,5117.007536517126,5269.592317063222,0.030674752155549417,0.34021270320803404,-0.2796535650431854
7,demand_56,0.7,-688.9317551419856,949.6581870863092,1638.5899422282948,5272.016121924724,5078.445394261878,0.1801318822104825,0.3108089778811362,-0.0901487355088165
7,demand_56,0.8,-469.51118043783913,613.9759741814296,1083.4871546192687,5028.89951580698,5297.046840107661,0.1220895291806016,0.21545213842782523,-0.06550995737468443
7,demand_56,0.9,3256.1882354911754,3256.1882354911754,-0.0,4989.92485899817,5004.183902520532,0.652552558906653,-0.0,0.7092962596811445
7,demand_56,0.99,630.2492794584414,747.3210637577822,117.07178429934083,4399.522395965535,4068.1036846270567,0.16986413444402354,0.026610112135512346,0.1601536255788325
7,demand_57,0.0,1110.5249725591518,1737.436198515833,626.9112259566812,5179.691802255158,5187.901467635773,0.33543235096717144,0.12103253434571795,0.2532504498879954
7,demand_57,0.1,-445.93478035844987,1001.3893761842403,1447.3241565426902,5064.573946693578,5131.369439455269,0.19772430745887326,0.2857741187662152,-0.047994463766142775
7,demand_57,0.2,1684.3320296339743,1987.565773911695,303.2337442777207,5285.19966886969,5230.853534244208,0.37606257065719567,0.05737413215697322,0.355979462173406
7,demand_57,0.3,1184.396771680864,1559.0764850794383,374.6797133985742,5164.557586221062,5143.371611822016,0.3018799692037559,0.07254826907114219,0.2613859937629795
7,demand_57,0.4,-1517.2299504094426,255.2784741461778,1772.5084245556204,5195.564583564959,5095.170106943769,0.04913392376137443,0.34115800045341865,-0.260458921546086
7,demand_57,0.5,-1233.9220525023907,767.1989250398963,2001.120977542287,5063.750721046981,5031.448043678632,0.15150803570387253,0.3951855230994734,-0.1988880337473063
7,demand_57,0.6,-511.9063652797913,969.0592647443675,1480.9656300241588,5117.007536517126,5269.592317063222,0.18938007376943486,0.28942025577554126,-0.060418729042373095
7,demand_57,0.7,-421.02760909011,768.2582141529215,1189.2858232430315,5272.016121924724,5078.445394261878,0.14572379833171742,0.22558463322924047,-0.04914242960164316
7,demand_57,0.8,725.7011127870205,1342.6466834963908,616.9455707093703,5028.89951580698,5297.046840107661,0.26698618241946287,0.12268003541732528,0.17733673961112906
7,demand_57,0.9,2879.0245160878476,2879.0245160878476,-0.0,4989.92485899817,5004.183902520532,0.5769675090189377,-0.0,0.6271385967597148
7,demand_57,0.99,2222.7263711025425,2222.7263711025425,-0.0,4399.522395965535,4068.1036846270567,0.5052199241310453,-0.0,0.5491520914467884
7,demand_58,0.0,227.15191211755382,1082.7881138877135,855.6362017701597,5179.691802255158,5187.901467635773,0.20904489209498608,0.16519056238010701,0.07524739140919941
7,demand_58,0.1,187.72764933730605,785.5490264908624,597.8213771535563,5064.573946693578,5131.369439455269,0.1551066357721384,0.1180398160725535,0.059997538530792524
7,demand_58,0.2,275.78763894890653,1408.9953470399223,1133.2077080910158,5285.19966886969,5230.853534244208,0.26659264272247535,0.21441152257041735,0.09251601089008053
7,demand_58,0.3,730.5675684840412,1345.272070783132,614.7045022990908,5164.557586221062,5143.371611822016,0.26048157045867615,0.11902365150097471,0.17363038242201215
7,demand_58,0.4,362.04002625539715,1133.6350481374996,771.5950218821024,5195.564583564959,5095.170106943769,0.21819285082578088,0.14851033212499673,0.10053663664693874
7,demand_58,0.5,969.26995329231,1466.8146801171683,497.54472682485834,5063.750721046981,5031.448043678632,0.28966960676411213,0.09825616509060422,0.2244625963385051
7,demand_58,0.6,-59.80201078099299,1027.2747149858492,1087.0767257668422,5117.007536517126,5269.592317063222,0.2007569282739537,0.2124438391010769,0.02276572049869807
7,demand_58,0.7,644.3827534254945,1076.5120297563678,432.1292763308734,5272.016121924724,5078.445394261878,0.20419361490179805,0.08196660752492356,0.14654030249206818
7,demand_58,0.8,-1999.4991422011892,87.39618028731866,2086.895322488508,5028.89951580698,5297.046840107661,0.017378788343774317,0.41498051729387697,-0.36289208858017735
7,demand_58,0.9,857.298401439436,1112.5485822935095,255.2501808540735,4989.92485899817,5004.183902520532,0.22295898510120582,0.05115311113228271,0.19528586069439322
7,demand_58,0.99,494.86236886359484,574.2204830878986,79.35811422430379,4399.522395965535,4068.1036846270567,0.1305188225918505,0.018037892998812106,0.1252734238670173
7,demand_59,0.0,-520.1035117728984,788.9357194596612,1309.0392312325596,5179.691802255158,5187.901467635773,0.15231325522421443,0.2527253128579241,-0.06694940171601364
7,demand_59,0.1,360.5227488365274,1410.35267793839,1049.8299291018625,5064.573946693578,5131.369439455269,0.2784741012339533,0.20728889342947535,0.11198345851657102
7,demand_59,0.2,280.6083766256618,1273.9986094876608,993.390232861999,5285.19966886969,5230.853534244208,0.24105023259416844,0.18795699218577464,0.08909068957405299
7,demand_59,0.3,-235.15158750065234,724.2281970615104,959.3797845621627,5164.557586221062,5143.371611822016,0.14023044277669341,0.1857622397553992,-0.018476866252474463
7,demand_59,0.4,1627.6457638995678,2089.9153474291134,462.26958352954534,5195.564583564959,5095.170106943769,0.4022499025495914,0.0889738884185628,0.3553721776001303
7,demand_59,0.5,-1146.8846252184433,605.4319508949818,1752.316576113425,5063.750721046981,5031.448043678632,0.11956195797288431,0.34605111362020524,-0.18840837456006243
7,demand_59,0.6,1330.581075035607,1581.7212321884385,251.14015715283153,5117.007536517126,5269.592317063222,0.309110592646309,0.04907949721797151,0.29083663717501945
7,demand_59,0.7,291.0227412158697,1173.9703278381198,882.9475866222501,5272.016121924724,5078.445394261878,0.22267957849292827,0.16747816512744293,0.08796310818376149
7,demand_59,0.8,-169.75630395411486,748.328889736702,918.0851936908168,5028.89951580698,5297.046840107661,0.14880569543784544,0.18256184893038035,-0.006211579887857046
7,demand_59,0.9,-2497.7907757035346,17.85391802666345,2515.644693730198,4989.92485899817,5004.183902520532,0.0035779933628595747,0.5041448047446682,-0.45992409714459515
7,demand_59,0.99,717.8353920188833,718.6108999178027,0.7755078989193862,4399.522395965535,4068.1036846270567,0.16333838886166047,0.00017627092877866587,0.1773795577690676
7,demand_60,0.0,420.55945234211913,1010.8356479382767,590.2761955961575,5179.691802255158,5187.901467635773,0.19515362815567028,0.11395971384613277,0.1072805721264168
7,demand_60,0.1,-897.8963522979734,381.21603857337414,1279.1123908713475,5064.573946693578,5131.369439455269,0.07527109734911702,0.25256070981181344,-0.15053944286478466
7,demand_60,0.2,585.3204995821914,1275.700813308656,690.3803137264647,5285.19966886969,5230.853534244208,0.24137230251160627,0.130625209449109,0.14218600568900044
7,demand_60,0.3,-272.2659185246903,997.653058270093,1269.9189767947832,5164.557586221062,5143.371611822016,0.1931729952884661,0.24589114470964601,-0.016249206080193854
7,demand_60,0.4,693.3337342650782,1197.3053449935005,503.9716107284223,5195.564583564959,5095.170106943769,0.23044759154393268,0.09700035532666211,0.16124618564722376
7,demand_60,0.5,-668.9331360626279,1077.9240523567087,1746.8571884193366,5063.750721046981,5031.448043678632,0.2128706786209723,0.3449729824097969,-0.08599397140291287
7,demand_60,0.6,736.7899310971313,1284.0118475327713,547.22191643564,5117.007536517126,5269.592317063222,0.2509302240361228,0.1069417843398575,0.17436380192485587
7,demand_60,0.7,1115.2731132277536,1849.6236123232868,734.3504990955332,5272.016121924724,5078.445394261878,0.3508380038200681,0.13929215732888053,0.2531968715835909
7,demand_60,0.8,-561.7653579098669,681.0634808280734,1242.8288387379403,5028.89951580698,5297.046840107661,0.135429924317902,0.2471373378671507,-0.0801599113617982
7,demand_60,0.9,3043.954274375653,3043.954274375653,-0.0,4989.92485899817,5004.183902520532,0.6100200625038649,-0.0,0.663065285330288
7,demand_60,0.99,1654.9750691736945,1654.9750691736945,-0.0,4399.522395965535,4068.1036846270567,0.3761715295940635,-0.0,0.4088820973848516
7,demand_61,0.0,-316.51644855124005,901.3941562206744,1217.9106047719144,5179.691802255158,5187.901467635773,0.1740246699288597,0.2351318671589022,-0.027164067863516432
7,demand_61,0.1,88.96510253780434,1289.9237076829966,1200.9586051451922,5064.573946693578,5131.369439455269,0.2546954040477831,0.2371292467610709,0.05868392346653556
7,demand_61,0.2,594.1949988333247,1466.9946669617516,872.7996681284269,5285.19966886969,5230.853534244208,0.2775665554515347,0.16514033959195465,0.14977366524011335
7,demand_61,0.3,-615.2014921981051,845.0722255028368,1460.273717700942,5164.557586221062,5143.371611822016,0.16362916114198686,0.2827490435186401,-0.08227133618716322
7,demand_61,0.4,-934.6739819570994,377.7653702303385,1312.4393521874379,5195.564583564959,5095.170106943769,0.07270920496789073,0.25260764851986534,-0.15336729210796016
7,demand_61,0.5,466.5625140733798,1154.3905084264484,687.8279943530686,5063.750721046981,5031.448043678632,0.227971433038427,0.1358336996120641,0.12282803226823474
7,demand_61,0.6,305.6171764936166,1189.1478460903043,883.5306695966876,5117.007536517126,5269.592317063222,0.23239126337103144,0.17266550093808536,0.09374693845329998
7,demand_61,0.7,-1669.5603030175648,337.61784598455483,2007.1781490021197,5272.016121924724,5078.445394261878,0.06403960803164166,0.38072306733943234,-0.2806569523526673
7,demand_61,0.8,-1964.0862203164963,200.51903724046974,2164.6052575569665,5028.89951580698,5297.046840107661,0.039873343384609815,0.43043318935944486,-0.3526579435752439
7,demand_61,0.9,2081.2755436080374,2151.786775511726,70.51123190368799,4989.92485899817,5004.183902520532,0.4312262882338756,0.01413072018039257,0.4557239637752079
7,demand_61,0.99,-169.42195578115138,121.49910118933781,290.9210569704892,4399.522395965535,4068.1036846270567,0.02761642975172835,0.06612559973265976,-0.03081769332825529
7,demand_62,0.0,372.3453389265678,1117.5740628364565,745.2287239098887,5179.691802255158,5187.901467635773,0.21576072583119366,0.1438751092459647,0.10215742757109683
7,demand_62,0.1,-88.9148187098117,852.6420959103862,941.5569146201979,5064.573946693578,5131.369439455269,0.1683541606628206,0.18591038940894444,0.011956094638141308
7,demand_62,0.2,218.92124995977088,1109.4731032539366,890.5518532941658,5285.19966886969,5230.853534244208,0.2099207547046585,0.168499188127101,0.07315548029769592
7,demand_62,0.3,-802.8060233156161,364.5104911042404,1167.3165144198565,5164.557586221062,5143.371611822016,0.07057922871781838,0.22602449385678922,-0.1312259813940957
7,demand_62,0.4,-1303.4515113524012,425.47600061843536,1728.9275119708366,5195.564583564959,5095.170106943769,0.0818921589319352,0.3327699009728266,-0.21713509266463618
7,demand_62,0.5,441.6794404391603,1058.8741475552215,617.1947071160612,5063.750721046981,5031.448043678632,0.20910866389099989,0.12188489147989694,0.11515792580697294
7,demand_62,0.6,695.7525957319376,1236.2183785871316,540.465782855194,5117.007536517126,5269.592317063222,0.24159010315403198,0.10562145531313018,0.16542619932282457
7,demand_62,0.7,-528.0279645207361,1190.1020360737848,1718.1300005945209,5272.016121924724,5078.445394261878,0.22573945309546942,0.3258961962292446,-0.054455529774960036
7,demand_62,0.8,-1818.441347516311,23.833260206432442,1842.2746077227434,5028.89951580698,5297.046840107661,0.004739259579858189,0.36633752611919435,-0.3318791549211173
7,demand_62,0.9,-1491.0247804232768,150.55978151680824,1641.584561940085,4989.92485899817,5004.183902520532,0.030172755256085402,0.32897981599459736,-0.26986495761058893
7,demand_62,0.99,1025.1031432506945,1025.1031432506945,-0.0,4399.522395965535,4068.1036846270567,0.23300327876288074,-0.0,0.2532644334379139
7,demand_63,0.0,-1155.509805740059,729.284856520268,1884.794662260327,5179.691802255158,5187.901467635773,0.14079695942579992,0.3638816235050349,-0.1817309203357191
7,demand_63,0.1,-444.8147323174369,1045.6402312632074,1490.4549635806443,5064.573946693578,5131.369439455269,0.2064616376952807,0.2942902955447402,-0.046332248319334156
7,demand_63,0.2,-230.06109308954387,1025.0161229577232,1255.077216047267,5285.19966886969,5230.853534244208,0.1939408512785547,0.23747016095527795,-0.007667274949991917
7,demand_63,0.3,148.99488558785083,1188.840163692228,1039.8452781043773,5164.557586221062,5143.371611822016,0.23019206269749617,0.20134256627879688,0.06497360282513312
7,demand_63,0.4,-686.4348855308117,644.1113543848653,1330.546239915677,5195.564583564959,5095.170106943769,0.12397331301055746,0.25609271495239827,-0.10085169665777441
7,demand_63,0.5,-278.09637143489226,740.245139059133,1018.3415104940252,5063.750721046981,5031.448043678632,0.1461851461175561,0.20110419461633233,-0.026118961093160427
7,demand_63,0.6,628.3982828923613,1192.8228010116748,564.4245181193135,5117.007536517126,5269.592317063222,0.23310944775812575,0.11030363236546786,0.15190049274347145
7,demand_63,0.7,2142.9028202492404,2246.385915323754,103.48309507451359,5272.016121924724,5078.445394261878,0.42609617713074,0.019628751635291597,0.44508956711590125
7,demand_63,0.8,1056.2390993894003,1368.1211448996885,311.8820455102882,5028.89951580698,5297.046840107661,0.27205179594449463,0.062017951348992295,0.23865195861163865
7,demand_63,0.9,255.0406447568248,821.5978886639689,566.5572439071441,4989.92485899817,5004.183902520532,0.1646513548560572,0.1135402355579543,0.07451184726065727
7,demand_63,0.99,-531.4720454060352,0.16118732362974697,531.633232729665,4399.522395965535,4068.1036846270567,3.6637459506413586e-5,0.1208388513301319,-0.11113191989817091
7,demand_64,0.0,-388.473845958134,797.8618709762145,1186.3357169343485,5179.691802255158,5187.901467635773,0.1540365530298227,0.22903596627464132,-0.04328205307068885
7,demand_64,0.1,-47.220391782098886,1054.4319964025115,1101.6523881846103,5064.573946693578,5131.369439455269,0.2081975715036998,0.21752123668839454,0.02618217040287245
7,demand_64,0.2,-120.37256865437894,1037.3267264029494,1157.6992950573283,5285.19966886969,5230.853534244208,0.19627011113939533,0.21904551721598772,0.01181520148672096
7,demand_64,0.3,-620.2535563210643,690.2249541296771,1310.4785104507414,5164.557586221062,5143.371611822016,0.1336464823184824,0.25374458287522483,-0.08817710068163907
7,demand_64,0.4,1437.3151036653178,1856.1990057542284,418.88390208891065,5195.564583564959,5095.170106943769,0.35726608261706744,0.08062336544019853,0.3141592022918298
7,demand_64,0.5,-1372.0536884755868,389.56242999516394,1761.6161184707507,5063.750721046981,5031.448043678632,0.07693159704248198,0.34788760654207695,-0.23643529688557824
7,demand_64,0.6,1141.3561765836664,1938.3844184026002,797.0282418189338,5117.007536517126,5269.592317063222,0.37881210933723874,0.1557606151898358,0.2684525267832192
7,demand_64,0.7,-996.8288836650004,449.33776296644464,1446.166646631445,5272.016121924724,5078.445394261878,0.08523072626765774,0.2743099818335673,-0.15972308951768874
7,demand_64,0.8,-3664.7460475177945,0.0,3664.7460475177945,5028.89951580698,5297.046840107661,0.0,0.7287371791778023,-0.6704382048435782
7,demand_64,0.9,-418.2812951982396,597.8826262220202,1016.1639214202598,4989.92485899817,5004.183902520532,0.11981796181637443,0.20364313093569822,-0.057114765443044106
7,demand_64,0.99,3663.8271928697277,3663.8271928697277,-0.0,4399.522395965535,4068.1036846270567,0.8327783934523308,-0.0,0.9051939059264466
7,demand_65,0.0,-30.26112626729264,1210.3986611644407,1240.6597874317333,5179.691802255158,5187.901467635773,0.23368159870775548,0.2395238625764508,0.033639784155486414
7,demand_65,0.1,688.9117587342375,1018.4131765033371,329.5014177690996,5064.573946693578,5131.369439455269,0.20108565640910644,0.0650600467556043,0.15871612264691629
7,demand_65,0.2,-531.3014023976941,826.8832512476752,1358.1846536453693,5285.19966886969,5230.853534244208,0.15645260407437267,0.2569788728409262,-0.06636338467194267
7,demand_65,0.3,-738.9996565459255,573.5511415751057,1312.5507981210312,5164.557586221062,5143.371611822016,0.11105523212778746,0.2541458346060253,-0.11310195900299169
7,demand_65,0.4,-1014.0229307083982,839.3262644179115,1853.3491951263097,5195.564583564959,5095.170106943769,0.16154669062779778,0.35671757425342715,-0.15258593936989454
7,demand_65,0.5,-781.2396406746209,490.74858641025776,1271.9882270848786,5063.750721046981,5031.448043678632,0.09691404917910149,0.25119487454190526,-0.12575792677518163
7,demand_65,0.6,537.7095982781402,1202.5907236707071,664.8811253925669,5117.007536517126,5269.592317063222,0.23501836084635638,0.12993553764533167,0.13591404541668223
7,demand_65,0.7,877.4567084571115,1804.251842566946,926.7951341098344,5272.016121924724,5078.445394261878,0.34223185226304736,0.1757952010532694,0.21025955879517405
7,demand_65,0.8,-200.98769313569983,650.1503442622293,851.1380373979291,5028.89951580698,5297.046840107661,0.12928282663406937,0.1692493625538963,-0.015184601990813526
7,demand_65,0.9,-1170.6922573891436,202.8305319324336,1373.5227893215772,4989.92485899817,5004.183902520532,0.04064801327953383,0.2752592129408017,-0.20905585277560948
7,demand_65,0.99,-624.2331189872466,261.05482197259107,885.2879409598377,4399.522395965535,4068.1036846270567,0.059337082182371534,0.20122364686032,-0.1206289266523949
7,demand_66,0.0,-233.25179302609376,859.0919660552456,1092.3437590813394,5179.691802255158,5187.901467635773,0.16585773803785203,0.2108897210072904,-0.013738393285563649
7,demand_66,0.1,-731.7307615331476,481.6620984398219,1213.3928599729695,5064.573946693578,5131.369439455269,0.09510416937524949,0.23958439006802074,-0.11704354171556876
7,demand_66,0.2,801.2843068743894,1607.7514655234677,806.4671586490783,5285.19966886969,5230.853534244208,0.30419881295937995,0.15258972397944467,0.1902683375904108
7,demand_66,0.3,-24.047767806117463,1419.632466190042,1443.6802339961594,5164.557586221062,5143.371611822016,0.27487978253502166,0.27953608995432055,0.0416091695627008
7,demand_66,0.4,-1046.9600173469967,460.7615665073338,1507.7215838543304,5195.564583564959,5095.170106943769,0.08868363757133402,0.2901939836574605,-0.1705832067351528
7,demand_66,0.5,1537.4347700015705,2060.9073877350456,523.4726177334751,5063.750721046981,5031.448043678632,0.4069922674449765,0.10337645878927505,0.34727655731058055
7,demand_66,0.6,-620.5118639916532,816.7760954093055,1437.2879594009587,5117.007536517126,5269.592317063222,0.15961987344760517,0.28088447186052884,-0.08491385166863745
7,demand_66,0.7,1368.8354151523301,1866.3841339084954,497.5487187561653,5272.016121924724,5078.445394261878,0.3540171522136981,0.09437541677594845,0.297975868972321
7,demand_66,0.8,-2113.136465856588,236.79358637105133,2349.93005222764,5028.89951580698,5297.046840107661,0.04708656150848809,0.4672851475439652,-0.3787212906225262
7,demand_66,0.9,-1859.7950986646706,515.2421278944823,2375.0372265591527,4989.92485899817,5004.183902520532,0.1032564903187596,0.47596653129482,-0.3256538932273653
7,demand_66,0.99,-1314.3698378903443,35.594805567733374,1349.9646434580777,4399.522395965535,4068.1036846270567,0.008090606744126282,0.30684345298390275,-0.2735018389798358
7,demand_67,0.0,-18.65356202413591,1270.9187433953825,1289.5723054195184,5179.691802255158,5187.901467635773,0.24536570744267913,0.24896699546062925,0.03765222009217666
7,demand_67,0.1,357.939059254134,1172.386000895839,814.446941641705,5064.573946693578,5131.369439455269,0.2314875867616139,0.16081252840101568,0.1036694160032546
7,demand_67,0.2,417.51221300551697,1138.0078887971001,720.4956757915832,5285.19966886969,5230.853534244208,0.21531975329145478,0.1363232651427284,0.1086258061680972
7,demand_67,0.3,796.03053210951,1652.7924086830592,856.7618765735492,5164.557586221062,5143.371611822016,0.3200259424142499,0.16589259820809688,0.19523309488143123
7,demand_67,0.4,-68.47399696958246,775.0698149077093,843.5438118772918,5195.564583564959,5095.170106943769,0.14917913201569555,0.16235844984886907,0.012781456590883422
7,demand_67,0.5,851.1287757400094,1190.9163044046174,339.7875286646081,5063.750721046981,5031.448043678632,0.23518462302156604,0.06710194624160994,0.1939016692637689
7,demand_67,0.6,621.0799915247019,1015.8064010367707,394.7264095120688,5117.007536517126,5269.592317063222,0.198515713292886,0.07714008757953443,0.14480906865822615
7,demand_67,0.7,-1080.9509388344063,375.49340666096055,1456.4443454953669,5272.016121924724,5078.445394261878,0.07122387298843734,0.27625946351689906,-0.17674145318724566
7,demand_67,0.8,-2046.3588515414433,624.5989967013302,2670.957848242774,5028.89951580698,5297.046840107661,0.12420192424566703,0.5311217374392436,-0.35362990687272694
7,demand_67,0.9,2471.149715155906,2776.6445787761495,305.49486362024345,4989.92485899817,5004.183902520532,0.5564501785571212,0.061222337460523975,0.5485126001418845
7,demand_67,0.99,381.7391897725372,579.61259370057,197.87340392803276,4399.522395965535,4068.1036846270567,0.13174443531236216,0.04497611015902256,0.10182245181931027
7,demand_68,0.0,501.07767277431094,1710.2126047690906,1209.1349319947797,5179.691802255158,5187.901467635773,0.33017651822922944,0.23343762103149476,0.14412490846540468
7,demand_68,0.1,-393.1765869678534,688.6847985003878,1081.8613854682412,5064.573946693578,5131.369439455269,0.1359807963609649,0.2136135036935412,-0.048719209962226485
7,demand_68,0.2,528.766721070738,1413.8832576459693,885.1165365752313,5285.19966886969,5230.853534244208,0.2675174726082481,0.16747078483877323,0.1367067394790331
7,demand_68,0.3,-1335.585485281813,441.05024794889823,1776.6357332307111,5164.557586221062,5143.371611822016,0.08539942494311839,0.34400540676915686,-0.2236595123329304
7,demand_68,0.4,-817.3293835995903,400.1164931406745,1217.4458767402648,5195.564583564959,5095.170106943769,0.07701116725723248,0.23432407723145057,-0.13187036055594267
7,demand_68,0.5,189.49093387296216,1146.308484863704,956.8175509907419,5063.750721046981,5031.448043678632,0.22637537825453882,0.18895431542746052,0.07222222356166981
7,demand_68,0.6,-592.4879323944635,551.4226026405797,1143.9105350350433,5117.007536517126,5269.592317063222,0.10776271066739598,0.22355068404172063,-0.08853324815816999
7,demand_68,0.7,1107.549576491961,1578.5137262612925,470.96414976933147,5272.016121924724,5078.445394261878,0.29941367586049866,0.08933283565100147,0.24326343887553373
7,demand_68,0.8,1335.0640721756258,1606.858919849702,271.7948476740762,5028.89951580698,5297.046840107661,0.3195249606397935,0.05404658550439572,0.2975868811618185
7,demand_68,0.9,-776.7034446579612,327.8644376680072,1104.5678823259684,4989.92485899817,5004.183902520532,0.06570528553687134,0.22135962234664455,-0.13223206393187892
7,demand_68,0.99,800.5001513186387,803.8939886563551,3.393837337716377,4399.522395965535,4068.1036846270567,0.18272301316014317,0.0007714104014628054,0.1979022732568968
7,demand_69,0.0,-562.2013207373257,1037.494150446775,1599.6954711841006,5179.691802255158,5187.901467635773,0.20030036342993726,0.3088398947766772,-0.06641491685765472
7,demand_69,0.1,139.76137066273873,1110.0737197631395,970.3123491004008,5064.573946693578,5131.369439455269,0.21918402839943807,0.1915881492329423,0.06198241183551711
7,demand_69,0.2,63.879975675371725,947.2022579328659,883.3222822574942,5285.19966886969,5230.853534244208,0.17921787581876497,0.16713129826680784,0.041041244527976965
7,demand_69,0.3,811.8824652756882,1413.3467925726181,601.4643272969299,5164.557586221062,5143.371611822016,0.2736627037218831,0.11645999047461973,0.19031626933061407
7,demand_69,0.4,1653.4039959123731,1881.7296473319177,228.32565141954456,5195.564583564959,5095.170106943769,0.3621800127909796,0.0439462637307605,0.35324336431441733
7,demand_69,0.5,60.10645970643009,991.6729577517151,931.566498045285,5063.750721046981,5031.448043678632,0.1958376334818229,0.1839676850942367,0.04361672262832714
7,demand_69,0.6,567.8659449702386,1297.3398548458504,729.4739098756118,5117.007536517126,5269.592317063222,0.25353487279185843,0.14255869366417345,0.14442738529837176
7,demand_69,0.7,-1670.5643551917142,96.65024576628434,1767.2146009579985,5272.016121924724,5078.445394261878,0.018332691617604344,0.3352066003001558,-0.288463233561356
7,demand_69,0.8,851.7242617257584,1648.434549845448,796.7102881196895,5028.89951580698,5297.046840107661,0.32779230220529193,0.15842636855547562,0.21054372158688842
7,demand_69,0.9,-3232.198082955146,0.0,3232.198082955146,4989.92485899817,5004.183902520532,0.0,0.6477448407117049,-0.5959252534547687
7,demand_69,0.99,-1060.1172847758419,73.48584382987178,1133.6031286057137,4399.522395965535,4068.1036846270567,0.016703141208523002,0.2576650432886202,-0.21889625155539688
7,demand_70,0.0,51.70167292706469,1182.998249993715,1131.2965770666503,5179.691802255158,5187.901467635773,0.22839162930092788,0.21841001747905178,0.04731455489854175
7,demand_70,0.1,412.6870709632826,1212.6552829028635,799.9682119395809,5064.573946693578,5131.369439455269,0.23943875549384544,0.15795370358089894,0.11494210954670932
7,demand_70,0.2,412.96837492445684,1258.1463751372398,845.178000212783,5285.19966886969,5230.853534244208,0.23805086921272572,0.15991410980950424,0.1116299637716971
7,demand_70,0.3,736.6094769370616,1462.9495284067714,726.3400514697098,5164.557586221062,5143.371611822016,0.28326715386229634,0.14063935571317296,0.1785108730289856
7,demand_70,0.4,793.2142307271988,1290.5649737257631,497.35074299856433,5195.564583564959,5095.170106943769,0.24839744612321543,0.09572602457331114,0.181929281439527
7,demand_70,0.5,-1198.4159760427997,369.44467288793976,1567.8606489307394,5063.750721046981,5031.448043678632,0.07295870062331057,0.3096243743622847,-0.20555148895318173
7,demand_70,0.6,-1267.8652160293361,303.43328092510365,1571.2984969544398,5117.007536517126,5269.592317063222,0.059298970884775065,0.3070737116842198,-0.21805241161385716
7,demand_70,0.7,988.6835454393181,1597.2988883154842,608.6153428761661,5272.016121924724,5078.445394261878,0.3029768595875115,0.11544261792848444,0.22311546497048076
7,demand_70,0.8,-447.2344558259233,435.62837696192537,882.8628327878487,5028.89951580698,5297.046840107661,0.08662499133113434,0.17555785913256153,-0.0673556311289845
7,demand_70,0.9,2477.186107396803,2656.3606961296427,179.17458873283977,4989.92485899817,5004.183902520532,0.5323448290688213,0.03590727191206898,0.5456009936113544
7,demand_70,0.99,-1940.6830335455786,0.0,1940.6830335455786,4399.522395965535,4068.1036846270567,0.0,0.44111220693528697,-0.40582323038046403
7,demand_71,0.0,317.608327722656,1032.403402001265,714.795074278609,5179.691802255158,5187.901467635773,0.1993175349837943,0.13799953772681964,0.08968991983892845
7,demand_71,0.1,780.8271467104157,1820.2006227681159,1039.3734760577001,5064.573946693578,5131.369439455269,0.3593985677623365,0.20522426703558314,0.20184429146023788
7,demand_71,0.2,216.56218055891873,1159.2221350954187,942.6599545365,5285.19966886969,5230.853534244208,0.21933365014066417,0.17835843744728386,0.0743163790057425
7,demand_71,0.3,976.8797589794244,1425.5900538913575,448.71029491193303,5164.557586221062,5143.371611822016,0.2760333349161995,0.08688262013169981,0.2201042230834009
7,demand_71,0.4,354.6446842792536,1534.3700520500386,1179.725367770785,5195.564583564959,5095.170106943769,0.2953230640041864,0.22706394055856605,0.11210450512545227
7,demand_71,0.5,690.9994920787931,1245.8917776233427,554.8922855445496,5063.750721046981,5031.448043678632,0.2460412935504341,0.10958127998643268,0.16662141105425812
7,demand_71,0.6,1021.6357115233434,1561.2714136326285,539.6357021092851,5117.007536517126,5269.592317063222,0.3051141516776625,0.1054592353554723,0.23462332051390297
7,demand_71,0.7,823.2775436501013,1409.5995811436699,586.3220374935686,5272.016121924724,5078.445394261878,0.2673739132324673,0.11121400692521258,0.18830693235974713
7,demand_71,0.8,356.58622609512895,1525.3090647786598,1168.7228386835309,5028.89951580698,5297.046840107661,0.30330871793804287,0.23240131066647246,0.11587418324993541
7,demand_71,0.9,710.9085990563121,1485.5037973054164,774.5951982491042,4989.92485899817,5004.183902520532,0.29770063463513996,0.15523183617731273,0.18077435705941566
7,demand_71,0.99,326.7016612330308,500.50846625530835,173.80680502227756,4399.522395965535,4068.1036846270567,0.1137642728479542,0.03950583481099277,0.08731145028688034
7,demand_72,0.0,131.4502281766172,873.391162059723,741.9409338831058,5179.691802255158,5187.901467635773,0.16861836483774226,0.1432403629806847,0.05149969740314208
7,demand_72,0.1,-265.7539461880069,832.6544792869681,1098.408425474975,5064.573946693578,5131.369439455269,0.1644076062569032,0.21688071633193828,-0.020826339180923227
7,demand_72,0.2,-46.51888797152992,1042.9637391799781,1089.482627151508,5285.19966886969,5230.853534244208,0.19733667685690856,0.2061384044899307,0.02484905575720781
7,demand_72,0.3,414.1496337458934,1363.2679105789412,949.1182768330477,5164.557586221062,5143.371611822016,0.26396605862545,0.1837753304107358,0.11784632496282954
7,demand_72,0.4,1650.3087427250348,2195.531162537073,545.2224198120384,5195.564583564959,5095.170106943769,0.42257797535269975,0.10493997544304062,0.36277910884533715
7,demand_72,0.5,26.80046408840326,1485.0553766110902,1458.254912522687,5063.750721046981,5031.448043678632,0.2932718173583474,0.287979206097487,0.05383284491025479
7,demand_72,0.6,-653.8495024245494,753.7064635458487,1407.5559659703981,5117.007536517126,5269.592317063222,0.14729438214954368,0.2750740458999688,-0.09296553293498903
7,demand_72,0.7,1363.0477145450009,1942.8865037321823,579.8387891871814,5272.016121924724,5078.445394261878,0.36852817950466876,0.10998425948961099,0.2993885894268066
7,demand_72,0.8,873.2866018969794,1348.3130450151004,475.02644311812105,5028.89951580698,5297.046840107661,0.26811294216101245,0.09445932288465983,0.20452453399069168
7,demand_72,0.9,-1157.4297623025031,111.14641606078271,1268.5761783632859,4989.92485899817,5004.183902520532,0.022274166285361188,0.25422751127718957,-0.20967826006483925
7,demand_72,0.99,-1075.4560537911118,30.27688374538252,1105.7329375364943,4399.522395965535,4068.1036846270567,0.006881856942732496,0.2513302213327695,-0.22374352434056916
7,demand_73,0.0,204.30657054657104,1117.5201821974867,913.2136116509157,5179.691802255158,5187.901467635773,0.21575032354452742,0.17630655384811053,0.07230919170378985
7,demand_73,0.1,386.3225445243788,1345.4242005187584,959.1016559943796,5064.573946693578,5131.369439455269,0.2656539749798939,0.18937459815756702,0.11452969032535783
7,demand_73,0.2,134.6309274050684,1201.6340075295454,1067.003080124477,5285.19966886969,5230.853534244208,0.2273582991778494,0.20188510311336447,0.06139429119858443
7,demand_73,0.3,-709.7274748462489,508.92591152813793,1218.6533863743869,5164.557586221062,5143.371611822016,0.09854201507713696,0.2359647203132617,-0.10997665673479103
7,demand_73,0.4,-198.52951789522376,702.980578824928,901.5100967201518,5195.564583564959,5095.170106943769,0.135303982371551,0.17351532874249764,-0.012564556387064135
7,demand_73,0.5,531.6404882490117,1186.9467899444076,655.3063016953959,5063.750721046981,5031.448043678632,0.2344007150689666,0.129411248261428,0.13572503754401513
7,demand_73,0.6,234.55501889546963,1019.705398399791,785.1503795043213,5117.007536517126,5269.592317063222,0.19927768155953313,0.15343936351493656,0.07544196117444653
7,demand_73,0.7,295.7703669157795,917.6552008640731,621.8848339482936,5272.016121924724,5078.445394261878,0.17406153161175325,0.11795958501759171,0.08067449875311263
7,demand_73,0.8,572.5408151284958,1403.044909319597,830.5040941911013,5028.89951580698,5297.046840107661,0.2789964096338585,0.16514628927872535,0.15132238085689714
7,demand_73,0.9,-1564.5917182740798,410.9514390551142,1975.543157329194,4989.92485899817,5004.183902520532,0.08235623795297413,0.3959063940144832,-0.2747162325444396
7,demand_73,0.99,2610.8824893218175,2610.8824893218175,-0.0,4399.522395965535,4068.1036846270567,0.5934468004336239,-0.0,0.6450508700365477
7,demand_74,0.0,-132.41917634437755,982.7798015394899,1115.1989778838674,5179.691802255158,5187.901467635773,0.18973711932273707,0.21530218794066608,0.0081579863584318
7,demand_74,0.1,-447.6319366883049,741.5692213041611,1189.201157992466,5064.573946693578,5131.369439455269,0.14642282433022757,0.2348077391127519,-0.0568678761465279
7,demand_74,0.2,609.7653824165052,1295.1148834067146,685.3495009902094,5285.19966886969,5230.853534244208,0.24504559232360887,0.12967334139275394,0.1470544306182412
7,demand_74,0.3,-174.65540945577823,725.5447694378026,900.2001788935809,5164.557586221062,5143.371611822016,0.14048536729913552,0.1743034449446933,-0.007657683154405311
7,demand_74,0.4,-243.52996258587223,1050.5875810431587,1294.117543629031,5195.564583564959,5095.170106943769,0.2022085500325536,0.24908121587453477,-0.009362816395274554
7,demand_74,0.5,35.04560570339595,726.5923600118663,691.5467543084703,5063.750721046981,5031.448043678632,0.14348896698090938,0.13656808804472234,0.03032362745636562
7,demand_74,0.6,1106.9210164622145,1695.1831827080352,588.2621662458207,5117.007536517126,5269.592317063222,0.3312840895016262,0.11496214575564596,0.25432622753700806
7,demand_74,0.7,252.73967375671782,723.4751367923366,470.73546303561875,5272.016121924724,5078.445394261878,0.13722931039296749,0.08928945817862204,0.06701599238106716
7,demand_74,0.8,931.3850670129445,1565.108070436067,633.7230034231225,5028.89951580698,5297.046840107661,0.31122277657697767,0.1260162390262892,0.2223506868099201
7,demand_74,0.9,-1602.5987401719765,46.28457731830122,1648.8833174902777,4989.92485899817,5004.183902520532,0.009275606071469742,0.33044251448333933,-0.2939249328122051
7,demand_74,0.99,-3276.994037367209,0.0,3276.994037367209,4399.522395965535,4068.1036846270567,0.0,0.7448522231350133,-0.6852640452842123
7,demand_75,0.0,869.3430257732239,1481.5949611131837,612.2519353399598,5179.691802255158,5187.901467635773,0.2860392119214738,0.11820238707511414,0.2021659907620621
7,demand_75,0.1,-452.9197785907777,743.6160472030483,1196.535825793826,5064.573946693578,5131.369439455269,0.14682697005313156,0.23625596908797983,-0.05776095889449411
7,demand_75,0.2,-159.04271268553725,971.3426347954555,1130.3853474809928,5285.19966886969,5230.853534244208,0.18378541883985058,0.213877510463619,0.002999449982003751
7,demand_75,0.3,645.8690920203542,1673.0468583677418,1027.1777663473877,5164.557586221062,5143.371611822016,0.32394775940370923,0.19888978856347303,0.16913852430824525
7,demand_75,0.4,-631.6269698744529,747.2432653718788,1378.8702352463317,5195.564583564959,5095.170106943769,0.14382330415747707,0.2653937244102572,-0.08783254802539639
7,demand_75,0.5,1676.3765961940412,2101.071657136361,424.69506094231974,5063.750721046981,5031.448043678632,0.41492399070978425,0.08386966190438967,0.3738442487759879
7,demand_75,0.6,-463.69304147421803,750.6672403947837,1214.3602818690017,5117.007536517126,5269.592317063222,0.14670043673723468,0.2373184470030216,-0.05887597478926396
7,demand_75,0.7,-772.3329208575053,702.5333628516478,1474.866283709153,5272.016121924724,5078.445394261878,0.1332570588944187,0.27975375067151814,-0.11252882138473289
7,demand_75,0.8,424.95632195870803,1193.9269899885062,768.9706680297982,5028.89951580698,5297.046840107661,0.23741317284939198,0.15291032672511107,0.11738029598832386
7,demand_75,0.9,-3529.8459563434885,0.0,3529.8459563434885,4989.92485899817,5004.183902520532,0.0,0.7073946113593738,-0.6508030424506239
7,demand_75,0.99,1891.43756598022,1912.6276043906632,21.19003841044332,4399.522395965535,4068.1036846270567,0.4347352808442543,0.004816440627708835,0.4681072233662625
7,demand_76,0.0,-377.72858392032504,857.1371637154673,1234.8657476357923,5179.691802255158,5187.901467635773,0.16548034061452901,0.23840525552083056,-0.03946289962858911
7,demand_76,0.1,261.02851389045736,1190.1547499211283,929.126236030671,5064.573946693578,5131.369439455269,0.2349960258153846,0.18345595223014835,0.08665098679107282
7,demand_76,0.2,-582.8352501163351,589.0736288817855,1171.9088789981206,5285.19966886969,5230.853534244208,0.11145721368891379,0.22173407863865036,-0.08284620703352158
7,demand_76,0.3,-149.9202752330841,988.8830729039612,1138.8033481370453,5164.557586221062,5143.371611822016,0.19147488558212264,0.22050356281733605,0.0052615978407928145
7,demand_76,0.4,-623.0813710612629,450.555990642541,1073.637361703804,5195.564583564959,5095.170106943769,0.08671935136130866,0.20664498428140468,-0.09585322101573072
7,demand_76,0.5,675.3115664811926,1397.8258865282191,722.5143200470266,5063.750721046981,5031.448043678632,0.27604555664999336,0.14268362718645825,0.16878058108627725
7,demand_76,0.6,-590.7213056782023,778.5644846158805,1369.2857902940827,5117.007536517126,5269.592317063222,0.15215230367743562,0.26759503098681825,-0.08080448972805145
7,demand_76,0.7,419.03087145253835,1496.4001928658067,1077.3693214132684,5272.016121924724,5078.445394261878,0.28383831882507526,0.20435622663079775,0.1205121832660522
7,demand_76,0.8,1825.590606824661,2741.182754796906,915.5921479722451,5028.89951580698,5297.046840107661,0.5450860066264482,0.1820661051377801,0.42498397308459906
7,demand_76,0.9,264.4627156296349,1246.095694128937,981.6329784993022,4989.92485899817,5004.183902520532,0.24972233637584604,0.19672299808866966,0.09045216390608261
7,demand_76,0.99,-1023.8996290330708,0.0,1023.8996290330708,4399.522395965535,4068.1036846270567,0.0,0.23272972311085646,-0.21411134526198797
7,demand_77,0.0,353.2714596462083,1300.6168607152936,947.3454010690853,5179.691802255158,5187.901467635773,0.25109927585827113,0.18289609444651236,0.10466958860732942
7,demand_77,0.1,-159.97666789381083,895.1433193223065,1055.1199872161174,5064.573946693578,5131.369439455269,0.17674602617002036,0.20833341527276059,0.00044850378603887727
7,demand_77,0.2,680.0952792570833,1114.5425974015786,434.4473181444953,5285.19966886969,5230.853534244208,0.21087994157843015,0.08220073892447806,0.15359264799212163
7,demand_77,0.3,-164.75161963172832,983.5310716042809,1148.2826912360092,5164.557586221062,5143.371611822016,0.19043859133806978,0.2223390236367206,0.002446567099945085
7,demand_77,0.4,302.6028265653763,1042.96279318479,740.3599666194136,5195.564583564959,5095.170106943769,0.20074099290074773,0.14249846281602999,0.08709814562310865
7,demand_77,0.5,746.362388953738,1410.5046041757123,664.1422152219743,5063.750721046981,5031.448043678632,0.2785493761201729,0.1311561827997442,0.1821073728244233
7,demand_77,0.6,1193.6554878900174,1468.5911825398482,274.9356946498308,5117.007536517126,5269.592317063222,0.28700195808963763,0.053729781065940126,0.26252725151676726
7,demand_77,0.7,-837.4961255494161,553.1969587080966,1390.6930842575127,5272.016121924724,5078.445394261878,0.10493081696156381,0.26378771462288214,-0.1286294616252648
7,demand_77,0.8,-474.68501248765097,367.55972106878653,842.2447335564375,5028.89951580698,5297.046840107661,0.07308949401622808,0.16748092319384586,-0.07463734714678595
7,demand_77,0.9,2617.5917474257712,2873.703767393732,256.11201996796035,4989.92485899817,5004.183902520532,0.5759012106588489,0.05132582698236865,0.5787598159793175
7,demand_77,0.99,4343.936180315596,4343.936180315596,-0.0,4399.522395965535,4068.1036846270567,0.9873653977302371,-0.0,1.0732232584024317
7,demand_78,0.0,-716.9355960056982,639.812025643037,1356.7476216487353,5179.691802255158,5187.901467635773,0.12352318440345673,0.2619359748504782,-0.10671676598911745
7,demand_78,0.1,-1125.511057572275,419.5367944870245,1545.0478520592994,5064.573946693578,5131.369439455269,0.08283752965260194,0.30506966001907987,-0.1906232941168992
7,demand_78,0.2,-918.1862971847409,773.6262517046869,1691.8125488894277,5285.19966886969,5230.853534244208,0.14637597445209427,0.32010380967333335,-0.1353911848428425
7,demand_78,0.3,467.04357863026667,1421.9874474398855,954.9438688096188,5164.557586221062,5143.371611822016,0.275335771496424,0.18490332479928007,0.1291669536807754
7,demand_78,0.4,-1438.8557893261661,352.32790187906926,1791.1836912052354,5195.564583564959,5095.170106943769,0.06781320801854376,0.34475246383641467,-0.2434622580136931
7,demand_78,0.5,1339.5792598246012,2087.8643394642277,748.2850796396267,5063.750721046981,5031.448043678632,0.4123157822098598,0.14777289026678456,0.3122182694435362
7,demand_78,0.6,132.06138313393558,869.9904707586504,737.9290876247148,5117.007536517126,5269.592317063222,0.1700193842885771,0.14421106132022307,0.05212950215993508
7,demand_78,0.7,231.4598043767012,976.1740541704899,744.7142497937887,5272.016121924724,5078.445394261878,0.1851614319066432,0.14125796138914426,0.07130510150746902
7,demand_78,0.8,-393.8443449871627,779.695061880338,1173.5394068675007,5028.89951580698,5297.046840107661,0.1550428795464253,0.2333590884404825,-0.04616549229304255
7,demand_78,0.9,-2142.941131619167,69.08843790358719,2212.029569522754,4989.92485899817,5004.183902520532,0.01384558682862774,0.4432991742418471,-0.3927856894018171
7,demand_78,0.99,591.4501113667595,642.5914184520384,51.14130708527887,4399.522395965535,4068.1036846270567,0.1460593584070193,0.01162428611164172,0.14806582895883233
7,demand_79,0.0,522.2999317637386,1310.6146891648148,788.3147574010761,5179.691802255158,5187.901467635773,0.2530294734127218,0.15219337124611468,0.1350141347717504
7,demand_79,0.1,477.87811846174895,1070.2458502106217,592.3677317488728,5064.573946693578,5131.369439455269,0.21132001654538676,0.11696299392283564,0.12208971574902029
7,demand_79,0.2,131.0464460685198,1087.8484814440508,956.802035375531,5285.19966886969,5230.853534244208,0.2058292116855259,0.1810342267693655,0.05717591537819013
7,demand_79,0.3,-801.2609777861412,874.3786238354237,1675.639601621565,5164.557586221062,5143.371611822016,0.16930368366271076,0.324449785610318,-0.11446805964985046
7,demand_79,0.4,-366.1860424667741,698.4521767459705,1064.6382192127446,5195.564583564959,5095.170106943769,0.13443239238241256,0.2049129025516296,-0.04239770471444212
7,demand_79,0.5,-440.67963486932877,685.1962732881607,1125.8759081574894,5063.750721046981,5031.448043678632,0.13531398187517601,0.2223403106076879,-0.05747267067735986
7,demand_79,0.6,154.67014134415422,996.9157628598907,842.2456215157365,5117.007536517126,5269.592317063222,0.19482397783186345,0.1645972993991344,0.06033567784830008
7,demand_79,0.7,0.8196944183698633,1006.2172322028507,1005.3975377844808,5272.016121924724,5078.445394261878,0.1908600446076591,0.19070456435126135,0.03200837102255595
7,demand_79,0.8,132.83060555206885,768.6545600393049,635.823954487236,5028.89951580698,5297.046840107661,0.15284746844180283,0.12643401453711614,0.04981925927998666
7,demand_79,0.9,256.1865076176373,845.1535789197981,588.9670713021608,4989.92485899817,5004.183902520532,0.16937200515069079,0.11803125055883268,0.07551125508445089
7,demand_79,0.99,-820.1846004290401,15.219797561763244,835.4043979908033,4399.522395965535,4068.1036846270567,0.0034594204079334053,0.18988524726158656,-0.170934187906819
7,demand_80,0.0,262.3540522455494,1119.6147391445902,857.2606868990408,5179.691802255158,5187.901467635773,0.2161547022270953,0.16550418820783946,0.08268691013910866
7,demand_80,0.1,480.116199523904,1269.9880582781225,789.8718587542185,5064.573946693578,5131.369439455269,0.25075911056787664,0.155960178895184,0.12908088603368797
7,demand_80,0.2,447.9825410978692,1181.5700811165095,733.5875400186403,5285.19966886969,5230.853534244208,0.2235620516053661,0.13880034548922307,0.11530591215574751
7,demand_80,0.3,903.7211037907502,1501.5809127888547,597.8598089981044,5164.557586221062,5143.371611822016,0.29074724944398783,0.11576205686875923,0.2095285266415978
7,demand_80,0.4,-766.4913675095313,641.8668506901358,1408.3582181996671,5195.564583564959,5095.170106943769,0.12354130920064824,0.2710693314552768,-0.11509975319901963
7,demand_80,0.5,-947.1871052677857,921.9047314150596,1869.0918366828453,5063.750721046981,5031.448043678632,0.1820596593713141,0.36911213439361246,-0.141692229542869
7,demand_80,0.6,-1749.4018068469206,462.3504026281196,2211.75220947504,5117.007536517126,5269.592317063222,0.0903556227597071,0.43223548014949026,-0.2994440083030668
7,demand_80,0.7,549.417330975125,1038.1742240284384,488.75689305331343,5272.016121924724,5078.445394261878,0.19692167095449217,0.09270777663609962,0.12875414001054072
7,demand_80,0.8,-1088.0368365185534,326.2494674741306,1414.286303992684,5028.89951580698,5297.046840107661,0.06487492272387904,0.28123176841121184,-0.1882170065862725
7,demand_80,0.9,-373.8738116317247,262.3213935564802,636.1952051882049,4989.92485899817,5004.183902520532,0.052570209165263185,0.12749594897024846,-0.06015474135125557
7,demand_80,0.99,-3244.1325157807205,0.0,3244.1325157807205,4399.522395965535,4068.1036846270567,0.0,0.7373828847321395,-0.6783922539535684
7,demand_81,0.0,264.27452723872784,982.0142650475359,717.7397378088081,5179.691802255158,5187.901467635773,0.18958932356168026,0.13856803941429782,0.07859275543632453
7,demand_81,0.1,635.54154656012,1219.9667870988421,584.4252405387222,5064.573946693578,5131.369439455269,0.24088241181576606,0.11539474923063683,0.15566553920321197
7,demand_81,0.2,-1748.5869628661799,206.26052943625655,1954.8474923024364,5285.19966886969,5230.853534244208,0.039026061900962784,0.3698720227764841,-0.29786262845331896
7,demand_81,0.3,88.8996520341841,1390.1658398204952,1301.266187786311,5164.557586221062,5143.371611822016,0.26917423547167535,0.2519608245356899,0.06077673215724716
7,demand_81,0.4,201.07722486525836,1030.1756903543837,829.0984654891254,5195.564583564959,5095.170106943769,0.1982798353836503,0.15957812710322153,0.06870968326465604
7,demand_81,0.5,259.7690025055049,755.2192099212014,495.45020741569647,5063.750721046981,5031.448043678632,0.14914225670355516,0.09784253505142078,0.0720960163435137
7,demand_81,0.6,-1490.5877335694781,501.8635853318333,1992.4513189013114,5117.007536517126,5269.592317063222,0.09807755445938332,0.38937822637202263,-0.2516219308064094
7,demand_81,0.7,197.218589014386,1283.914140745005,1086.695551730619,5272.016121924724,5078.445394261878,0.24353380396649274,0.20612523304156452,0.07507544208707881
7,demand_81,0.8,-1225.5171901406243,420.3289443418255,1645.8461344824498,5028.89951580698,5297.046840107661,0.08358268901986123,0.327277594095722,-0.2102446376334325
7,demand_81,0.9,1030.5367081924644,1152.0519300167773,121.5152218243129,4989.92485899817,5004.183902520532,0.23087560686195893,0.02435211456244445,0.2285478011916369
7,demand_81,0.99,-1293.6244157695023,0.0,1293.6244157695023,4399.522395965535,4068.1036846270567,0.0,0.2940374657385052,-0.2705144684794248
7,demand_82,0.0,1226.8402941362676,1669.8956689256202,443.0553747893525,5179.691802255158,5187.901467635773,0.32239286287237656,0.08553701488502714,0.27173297116705386
7,demand_82,0.1,876.1664688671558,1657.7487225867685,781.5822537196127,5064.573946693578,5131.369439455269,0.32732244410589256,0.15432339658696678,0.2138077404724825
7,demand_82,0.2,107.72831286976702,836.3102430119766,728.5819301422096,5285.19966886969,5230.853534244208,0.15823626265965324,0.13785324600575147,0.04517095134824477
7,demand_82,0.3,-343.35108441891816,946.0840232939022,1289.4351077128204,5164.557586221062,5143.371611822016,0.18318781570333068,0.24967000293558694,-0.03057921171885887
7,demand_82,0.4,226.71645222972302,1319.5961542878013,1092.8797020580782,5195.564583564959,5095.170106943769,0.2539851315604963,0.21034859339736936,0.08255008924887265
7,demand_82,0.5,-1066.7317238029236,630.4518035217532,1697.1835273246768,5063.750721046981,5031.448043678632,0.12450293038741862,0.3351633247407896,-0.17302098660128878
7,demand_82,0.6,-193.19134725921162,726.197340499768,919.3886877589796,5117.007536517126,5269.592317063222,0.1419183644576087,0.17967311581971177,-0.011040174752386247
7,demand_82,0.7,1657.680317089477,1847.3518236697046,189.67150658022751,5272.016121924724,5078.445394261878,0.3504070892323576,0.03597703462844906,0.3477783990465634
7,demand_82,0.8,-1367.700323857923,190.1327150694908,1557.8330389274138,5028.89951580698,5297.046840107661,0.037808016340724296,0.3097761317423004,-0.2438983712673465
7,demand_82,0.9,2526.244621392647,2526.244621392647,-0.0,4989.92485899817,5004.183902520532,0.5062690707330295,-0.0,0.5502924681880756
7,demand_82,0.99,211.76327175566212,535.0807923794262,323.31752062376404,4399.522395965535,4068.1036846270567,0.12162247267342195,0.07348923167665967,0.06458824671988826
7,demand_83,0.0,111.86758371109795,1285.4812523680587,1173.6136686569607,5179.691802255158,5187.901467635773,0.2481771698865133,0.226579826264178,0.06130435319186202
7,demand_83,0.1,-369.7575589745941,1092.4595302077182,1462.2170891823123,5064.573946693578,5131.369439455269,0.21570610710915447,0.2887147279460546,-0.03115438980911537
7,demand_83,0.2,217.73285553219603,1100.7612610118206,883.0284054796246,5285.19966886969,5230.853534244208,0.20827240785157186,0.16707569454390583,0.0726734130321847
7,demand_83,0.3,-236.48020724933463,792.5560395028124,1029.036246752147,5164.557586221062,5143.371611822016,0.1534605871405784,0.19924964134345127,-0.01650468401360739
7,demand_83,0.4,-815.2282775187309,303.44169945353633,1118.6699769722672,5195.564583564959,5095.170106943769,0.05840398951317211,0.2153124956835176,-0.13460489873190998
7,demand_83,0.5,231.1600985732307,1017.692645011907,786.5325464386763,5063.750721046981,5031.448043678632,0.2009760553144861,0.15532607937620846,0.07555224101137309
7,demand_83,0.6,925.6973284489741,1297.60505964619,371.907731197216,5117.007536517126,5269.592317063222,0.2535867008961649,0.0726807081176108,0.2087714668971947
7,demand_83,0.7,898.3886880582215,1060.0229868997374,161.63429884151583,5272.016121924724,5078.445394261878,0.20106596079845462,0.030658915887856936,0.19034375477279622
7,demand_83,0.8,-348.9045703961333,596.8626129511536,945.7671833472868,5028.89951580698,5297.046840107661,0.11868652596359859,0.1880664309108831,-0.04401402299931833
7,demand_83,0.9,2369.5710459266747,2430.8526831562904,61.281637229615626,4989.92485899817,5004.183902520532,0.487152161975508,0.012281074156679622,0.5182146313144503
7,demand_83,0.99,-408.19564574193055,97.84445016723976,506.0400959091703,4399.522395965535,4068.1036846270567,0.02223978908641661,0.11502159788372049,-0.0816461862634396
7,demand_84,0.0,136.8592823170959,989.7021212581869,852.842838941091,5179.691802255158,5187.901467635773,0.1910735539954879,0.16465127106013844,0.05620947627194205
7,demand_84,0.1,722.4482993927181,1403.8231293006872,681.3748299079691,5064.573946693578,5131.369439455269,0.277184842017595,0.13453744324392905,0.1775134239738407
7,demand_84,0.2,238.12231791389945,1212.9122743446142,974.7899564307147,5285.19966886969,5230.853534244208,0.22949223309173702,0.18443767832884664,0.07976541538500129
7,demand_84,0.3,-26.290724746256274,1016.0106355464616,1042.3013602927178,5164.557586221062,5143.371611822016,0.19672752575305927,0.20181813115484615,0.02816158646043206
7,demand_84,0.4,85.51587527903484,1024.6170554726677,939.1011801936329,5195.564583564959,5095.170106943769,0.19720995456659732,0.18075055464891643,0.048068135991037424
7,demand_84,0.5,803.1979253183144,1092.131883240498,288.9339579221835,5063.750721046981,5031.448043678632,0.21567647054606368,0.057059277566973814,0.18193641088410542
7,demand_84,0.6,636.2404847668956,1215.941736504209,579.7012517373134,5117.007536517126,5269.592317063222,0.2376275054954943,0.11328911431150347,0.15406478167634538
7,demand_84,0.7,-870.5717592834512,732.1418543676887,1602.71361365114,5272.016121924724,5078.445394261878,0.13887321992869706,0.3040039287789614,-0.12873446238023464
7,demand_84,0.8,1744.142611037683,2097.0690326523995,352.92642161471645,5028.89951580698,5297.046840107661,0.41700356629931307,0.07017965272628496,0.38869946546933204
7,demand_84,0.9,-690.4514183928347,187.5660197227396,878.0174381155744,4989.92485899817,5004.183902520532,0.03758894673223543,0.17595804805202106,-0.1210238534119513
7,demand_84,0.99,109.46074244018655,597.1425726269326,487.6818301867461,4399.522395965535,4068.1036846270567,0.1357289539370288,0.11084881182420205,0.04555056479241759
7,demand_85,0.0,-290.2533251736909,791.0543418752052,1081.307667048896,5179.691802255158,5187.901467635773,0.15272228002654373,0.2087590745414836,-0.026055870288443483
7,demand_85,0.1,-772.1227784904863,761.996617153889,1534.1193956443753,5064.573946693578,5131.369439455269,0.15045621313345828,0.30291183657135257,-0.11513952754405933
7,demand_85,0.2,411.80571575335557,1309.434318332045,897.6286025786894,5285.19966886969,5230.853534244208,0.24775493838855947,0.1698381629488483,0.11304773616158072
7,demand_85,0.3,141.7016575383916,1188.6382100628148,1046.9365525244232,5164.557586221062,5143.371611822016,0.23015295893574275,0.20271563150300217,0.06366787873000186
7,demand_85,0.4,691.1102354893678,1412.829175343116,721.7189398537482,5195.564583564959,5095.170106943769,0.2719298649105998,0.13891058964732136,0.16777819764468152
7,demand_85,0.5,1195.8174965964072,1803.6689457448772,607.85144914847,5063.750721046981,5031.448043678632,0.3561922861344862,0.12003976550859728,0.27672894413914073
7,demand_85,0.6,-365.08716562332506,640.8443015000485,1005.9314671233735,5117.007536517126,5269.592317063222,0.12523809998846258,0.19658588734619245,-0.04473064680582034
7,demand_85,0.7,-291.5606084139547,812.5527934153574,1104.1134018293121,5272.016121924724,5078.445394261878,0.1541256275822442,0.20942906400411745,-0.025146882816131318
7,demand_85,0.8,-342.37487121367735,839.3304464759801,1181.7053176896575,5028.89951580698,5297.046840107661,0.16690141527739275,0.234982885216793,-0.03476967257619659
7,demand_85,0.9,2364.103811339801,2433.763770042001,69.65995870220013,4989.92485899817,5004.183902520532,0.4877355549058567,0.013960121779506274,0.5173040302518288
7,demand_85,0.99,1027.54551115209,1053.9012755413441,26.35576438925409,4399.522395965535,4068.1036846270567,0.23954901934532627,0.00599059670963897,0.25486801988074764
7,demand_86,0.0,-1809.0749975639778,129.0122565797874,1938.0872541437652,5179.691802255158,5187.901467635773,0.024907322965358178,0.3741703808129958,-0.3171635732116973
7,demand_86,0.1,-452.91243028540634,974.4076726497958,1427.3201029352022,5064.573946693578,5131.369439455269,0.19239677076606626,0.2818243188782014,-0.05015144862222117
7,demand_86,0.2,-939.0448827475814,599.1852710973167,1538.230153844898,5285.19966886969,5230.853534244208,0.11337041335005237,0.29104485170261674,-0.144532553403307
7,demand_86,0.3,12.849626637830625,753.1318904524755,740.2822638146449,5164.557586221062,5143.371611822016,0.14582699057549803,0.14333895042427322,0.02663576406129691
7,demand_86,0.4,104.87013091799736,1098.5001052907505,993.6299743727532,5195.564583564959,5095.170106943769,0.2114303628840679,0.19124581330696686,0.05386946358809908
7,demand_86,0.5,1339.1654270246088,1927.506523166752,588.3410961421432,5063.750721046981,5031.448043678632,0.38064798789467674,0.11618682051167357,0.3068559380582568
7,demand_86,0.6,-1253.067121395589,596.254687988918,1849.321809384507,5117.007536517126,5269.592317063222,0.11652409806587011,0.3614068957661223,-0.205837715772365
7,demand_86,0.7,917.3466172429041,1333.6660489171045,416.31943167420036,5272.016121924724,5078.445394261878,0.252970783486566,0.07896778424915157,0.2023178814109609
7,demand_86,0.8,1405.2125653517357,1509.0241031436788,103.81153779194301,5028.89951580698,5297.046840107661,0.300070442529319,0.020642993057554567,0.30717197087544007
7,demand_86,0.9,-1932.619800686794,14.886543811046067,1947.50634449784,4989.92485899817,5004.183902520532,0.0029833202366167186,0.3902877096407504,-0.3558219534818635
7,demand_86,0.99,-1001.6875052702478,13.35036519170194,1015.0378704619498,4399.522395965535,4068.1036846270567,0.003034503291526493,0.23071546843192872,-0.20895985781441082
7,demand_87,0.0,264.13051465062085,848.94116817942,584.8106535287991,5179.691802255158,5187.901467635773,0.16389800794900655,0.11290452711379112,0.07427784369553667
7,demand_87,0.1,-220.2937198669149,819.4570837684887,1039.7508036354036,5064.573946693578,5131.369439455269,0.1618017808395262,0.20529877035643007,-0.01300336781538719
7,demand_87,0.2,-1326.500288985963,357.66548394136703,1684.16577292733,5285.19966886969,5230.853534244208,0.0676730315503593,0.3186569814660401,-0.21960677995923591
7,demand_87,0.3,-132.32089812440813,779.0290670884033,911.3499652128114,5164.557586221062,5143.371611822016,0.15084139426905366,0.17646234938773367,0.0016126758122563918
7,demand_87,0.4,-784.0800299377693,593.2683118417888,1377.348341779558,5195.564583564959,5095.170106943769,0.11418745784018627,0.2651008027378777,-0.11977593651864502
7,demand_87,0.5,486.0987623741603,1153.6618686713377,667.5631062971775,5063.750721046981,5031.448043678632,0.22782753974761352,0.13183174746784376,0.12635342249003323
7,demand_87,0.6,-2456.976758147853,6.819136329577759,2463.795894477431,5117.007536517126,5269.592317063222,0.0013326414473524854,0.48149155085169276,-0.4415237034712177
7,demand_87,0.7,-447.8422167370072,411.2606582437595,859.1028749807667,5272.016121924724,5078.445394261878,0.07800823228393604,0.1629552822131968,-0.06512730280577582
7,demand_87,0.8,764.5285673670387,1173.4173727581417,408.888805391103,5028.89951580698,5297.046840107661,0.2333348218769977,0.08130780981124638,0.1788216213616943
7,demand_87,0.9,-1277.3530083315468,516.3180081196167,1793.6710164511635,4989.92485899817,5004.183902520532,0.10347210082503691,0.3594585223496291,-0.2182321657518361
7,demand_87,0.99,442.6421872383419,594.1105763288547,151.4683890905128,4399.522395965535,4068.1036846270567,0.13503978906293737,0.03442837095895065,0.11510827813400167
7,demand_88,0.0,-950.1713134375152,549.880138337671,1500.0514517751863,5179.691802255158,5187.901467635773,0.1061607831759916,0.2896024530112172,-0.15104210114424196
7,demand_88,0.1,509.8550069866858,1054.7485475237993,544.8935405371135,5064.573946693578,5131.369439455269,0.2082600745147368,0.10758921604705739,0.12738756744837765
7,demand_88,0.2,-1052.0677136584125,578.1277218628366,1630.195435521249,5285.19966886969,5230.853534244208,0.10938616477785348,0.3084453828912556,-0.1648717470666362
7,demand_88,0.3,-506.8167829993704,1201.6473637424176,1708.464146741788,5164.557586221062,5143.371611822016,0.23267188789769508,0.33080551784337475,-0.05143685044014929
7,demand_88,0.4,865.8735774446607,1367.2734549425072,501.39987749784655,5195.564583564959,5095.170106943769,0.26316167048862793,0.09650536903802837,0.19726035449439205
7,demand_88,0.5,789.4094429173201,1698.259969821715,908.8505269043949,5063.750721046981,5031.448043678632,0.33537590283879193,0.17948168797623612,0.1994158718866366
7,demand_88,0.6,-1436.8563036555647,717.8518850712653,2154.7081887268296,5117.007536517126,5269.592317063222,0.1402874394748046,0.421087554268764,-0.2349142026720405
7,demand_88,0.7,-746.8230049338513,280.9670974558585,1027.7901023897098,5272.016121924724,5078.445394261878,0.05329405126198327,0.19495200291885317,-0.1214275260962327
7,demand_88,0.8,-1992.1482542005901,509.3222156272209,2501.470469827811,5028.89951580698,5297.046840107661,0.10127905996656024,0.4974190599683127,-0.3475396004245866
7,demand_88,0.9,49.33469544878926,669.4235391256827,620.0888436768935,4989.92485899817,5004.183902520532,0.13415503400187137,0.12426817260759095,0.03149397033348522
7,demand_88,0.99,536.6399732846435,556.0369742018145,19.397000917171,4399.522395965535,4068.1036846270567,0.12638575830679108,0.004408887868137347,0.13331964740782565
7,demand_89,0.0,671.5150624688742,1531.233090325379,859.7180278565047,5179.691802255158,5187.901467635773,0.295622432527492,0.1659786065808388,0.16862841295377182
7,demand_89,0.1,543.2519537426249,1485.6416747903513,942.3897210477264,5064.573946693578,5131.369439455269,0.29333991179263097,0.1860748270173779,0.14765888935339386
7,demand_89,0.2,-96.16994582672874,908.4205148360445,1004.5904606627732,5285.19966886969,5230.853534244208,0.17188007487904847,0.1900761605242472,0.011956100664484395
7,demand_89,0.3,-101.95387734189353,841.1483634838612,943.1022408257547,5164.557586221062,5143.371611822016,0.1628693938330804,0.1826104608344252,0.009030325850894468
7,demand_89,0.4,-92.0458114910682,807.050603924077,899.0964154151452,5195.564583564959,5095.170106943769,0.15533453409029047,0.1730507630025891,0.009635182918368531
7,demand_89,0.5,1494.0632171271386,1972.4347734481514,478.3715563210128,5063.750721046981,5031.448043678632,0.3895205119892495,0.09446980759394584,0.3364796378714497
7,demand_89,0.6,-39.24962449188865,1105.6189635818714,1144.86858807376,5117.007536517126,5269.592317063222,0.2160674878220733,0.22373791320483594,0.02901708487554363
7,demand_89,0.7,-462.32177845363753,586.6109239703635,1048.932702424001,5272.016121924724,5078.445394261878,0.11126880313032916,0.19896234726252193,-0.06210100825290153
7,demand_89,0.8,2345.308879310728,2469.8492149838207,124.54033567309216,5028.89951580698,5297.046840107661,0.49113115249579364,0.024764928247548678,0.5110544752468136
7,demand_89,0.9,-219.08951815298315,707.3581931492342,926.4477113022174,4989.92485899817,5004.183902520532,0.14175728355381506,0.18566365977066454,-0.016726563126168926
7,demand_89,0.99,3490.486125851573,3490.486125851573,-0.0,4399.522395965535,4068.1036846270567,0.7933784196785612,-0.0,0.8623678474766968
7,demand_90,0.0,2.2518339181433475,1024.967454310302,1022.7156203921586,5179.691802255158,5187.901467635773,0.19788193843194432,0.1974471955931594,0.03343764356727629
7,demand_90,0.1,589.8906449598485,1352.6146722904764,762.7240273306279,5064.573946693578,5131.369439455269,0.26707373345265,0.15059984025479073,0.15174568332716862
7,demand_90,0.2,-284.1673067659076,756.7356077319328,1040.9029144978404,5285.19966886969,5230.853534244208,0.14318013606736085,0.19694675314328308,-0.02556043020990647
7,demand_90,0.3,-376.2734782990765,772.6801606846075,1148.953638983684,5164.557586221062,5143.371611822016,0.14961207185415126,0.22246893752314228,-0.04204960528851781
7,demand_90,0.4,-135.4520857786017,1072.6544040054464,1208.106489784048,5195.564583564959,5095.170106943769,0.20645579258095564,0.23252650801524646,0.010484082822664116
7,demand_90,0.5,445.5171956915492,1291.091429538646,845.5742338470968,5063.750721046981,5031.448043678632,0.254967414602846,0.16698575432091292,0.12351160015828837
7,demand_90,0.6,1296.1369040109028,1629.5935432712738,333.45663926037105,5117.007536517126,5269.592317063222,0.31846612138868396,0.06516633733303766,0.28620579725000095
7,demand_90,0.7,-729.9590863798101,287.47903746994643,1017.4381238497565,5272.016121924724,5078.445394261878,0.054529240962372605,0.1929884318104678,-0.11827844317609494
7,demand_90,0.8,-1536.771176343926,371.1813516504981,1907.9525279944241,5028.89951580698,5297.046840107661,0.07380965765646942,0.37939762407208444,-0.26881792538928573
7,demand_90,0.9,2816.1653307367214,2816.1653307367214,-0.0,4989.92485899817,5004.183902520532,0.5643702881935029,-0.0,0.6134459654277206
7,demand_90,0.99,1578.710911925468,1578.710911925468,-0.0,4399.522395965535,4068.1036846270567,0.35883688497032834,-0.0,0.39004009235905257
7,demand_91,0.0,53.83721079313386,1097.7744110877209,1043.937200294587,5179.691802255158,5187.901467635773,0.21193817180585278,0.20154426945635506,0.04494685014999329
7,demand_91,0.1,-532.4531567901784,776.330216033417,1308.7833728235953,5064.573946693578,5131.369439455269,0.1532863818762576,0.2584192444614296,-0.07113007243032224
7,demand_91,0.2,872.7063374694746,1462.108684327671,589.4023468581963,5285.19966886969,5230.853534244208,0.2766420903527307,0.11151940963173636,0.1981000674352489
7,demand_91,0.3,794.2231240229826,1591.4903705636675,797.2672465406849,5164.557586221062,5143.371611822016,0.308156186467885,0.15437280604011044,0.19292939503862555
7,demand_91,0.4,106.79676481412184,1160.3605031981954,1053.5637383840735,5195.564583564959,5095.170106943769,0.2233367489779155,0.20278137658355624,0.056198469388688554
7,demand_91,0.5,-1396.510451000036,315.0452178303601,1711.5556688303961,5063.750721046981,5031.448043678632,0.06221578335618017,0.3380015650684548,-0.24333558838886957
7,demand_91,0.6,50.13788248247124,915.6938150803514,865.5559325978802,5117.007536517126,5269.592317063222,0.17895103897064324,0.1691527570403029,0.0388914624040553
7,demand_91,0.7,535.988368094808,1379.4988908242794,843.5105227294714,5272.016121924724,5078.445394261878,0.26166439155740817,0.15999771306115051,0.13721992089396778
7,demand_91,0.8,-3110.4620845471063,42.82752590558698,3153.2896104526935,5028.89951580698,5297.046840107661,0.008516281896460703,0.6270337278645525,-0.5676142014870614
7,demand_91,0.9,-2423.695691104022,147.2709319624953,2570.9666230665175,4989.92485899817,5004.183902520532,0.02951365724414194,0.5152315306773361,-0.44193294600125577
7,demand_91,0.99,-1116.8855415266987,0.0,1116.8855415266987,4399.522395965535,4068.1036846270567,0.0,0.25386517921829627,-0.23355596488083255
7,demand_92,0.0,-1288.3676708437335,644.9664999301401,1933.3341707738737,5179.691802255158,5187.901467635773,0.124518315867622,0.3732527425535492,-0.20804652764098047
7,demand_92,0.1,-867.5298711195296,601.2880730310269,1468.8179441505565,5064.573946693578,5131.369439455269,0.11872431508746743,0.2900180665956074,-0.13776845269462468
7,demand_92,0.2,-403.78651576790503,853.839478467366,1257.625994235271,5285.19966886969,5230.853534244208,0.16155292741285798,0.23795240918575003,-0.04331520839343576
7,demand_92,0.3,-447.6868299185264,552.4868787471728,1000.1737086656992,5164.557586221062,5143.371611822016,0.10697661310258151,0.19366106234039157,-0.06188925006774556
7,demand_92,0.4,-485.21582905699574,623.5964109481943,1108.81224000519,5195.564583564959,5095.170106943769,0.12002476360717489,0.21341515867451188,-0.06588024640753476
7,demand_92,0.5,1024.823520101641,1563.1505633799632,538.3270432783222,5063.750721046981,5031.448043678632,0.3086942168939876,0.10630994156975755,0.23773204603189657
7,demand_92,0.6,-640.8301248144335,455.79693733446084,1096.6270621488943,5117.007536517126,5269.592317063222,0.0890749005315512,0.21431023001684102,-0.10034486755945987
7,demand_92,0.7,1042.6576016533709,1313.4720505655127,270.81444891214187,5272.016121924724,5078.445394261878,0.24914037062655764,0.051368289217839515,0.22354592460062855
7,demand_92,0.8,59.48703549105312,665.8799178366883,606.3928823456351,5028.89951580698,5297.046840107661,0.13241066275905405,0.12058162634580463,0.032989537195614135
7,demand_92,0.9,766.351027206737,1047.1231481526117,280.7721209458748,4989.92485899817,5004.183902520532,0.2098474782169051,0.0562678054038364,0.17632870404684564
7,demand_92,0.99,-27.322347853998735,211.9285558765091,239.25090373050784,4399.522395965535,4068.1036846270567,0.048170809647622784,0.05438110826527591,0.002328956099883967
7,demand_93,0.0,-270.8790993608061,967.2618960049151,1238.1409953657212,5179.691802255158,5187.901467635773,0.18674120641382258,0.23903758034921183,-0.016935001732337335
7,demand_93,0.1,-7.12338082090514,659.5323916774253,666.6557724983304,5064.573946693578,5131.369439455269,0.1302246543577477,0.13163116572393194,0.020447864879360525
7,demand_93,0.2,1203.6480283506646,1831.2142610663561,627.5662327156915,5285.19966886969,5230.853534244208,0.3464796745243847,0.11874030727961217,0.267367259177088
7,demand_93,0.3,52.87743667105383,855.6160365633584,802.7385998923046,5164.557586221062,5143.371611822016,0.16567073215450734,0.1554322101149565,0.0370792494708784
7,demand_93,0.4,486.3273627290348,1302.1861942167127,815.8588314876779,5195.564583564959,5095.170106943769,0.2506342040932175,0.15702987006810967,0.12796100224735815
7,demand_93,0.5,-169.21327677224235,1011.8625218695906,1181.075798641833,5063.750721046981,5031.448043678632,0.19982471049846187,0.23324129952385053,0.002618776718994369
7,demand_93,0.6,215.17024114274614,1010.5623258938249,795.3920847510788,5117.007536517126,5269.592317063222,0.19749088088732047,0.1554408663803649,0.07165840389454303
7,demand_93,0.7,1684.0433797975252,1837.5435364110115,153.5001566134863,5272.016121924724,5078.445394261878,0.34854664589685574,0.029116025646265663,0.3520683062933223
7,demand_93,0.8,-1127.1297036992971,128.61076108679572,1255.7404647860928,5028.89951580698,5297.046840107661,0.025574335037425726,0.24970482325984317,-0.2019302471409843
7,demand_93,0.9,-617.6016476173802,530.0535592712522,1147.6552068886324,4989.92485899817,5004.183902520532,0.10622475773666687,0.22999448675446543,-0.096133234622079
7,demand_93,0.99,2117.728147757992,2124.3365977920485,6.608450034056887,4399.522395965535,4068.1036846270567,0.4828561845122359,0.0015020835080000934,0.5234617619902876
7,demand_94,0.0,9.992967365884624,1219.1128617539064,1209.1198943880217,5179.691802255158,5187.901467635773,0.2353639769113528,0.23343471784587444,0.04107046926804854
7,demand_94,0.1,-690.7271639915523,982.3343747342733,1673.0615387258256,5064.573946693578,5131.369439455269,0.19396189789579302,0.33034595927226784,-0.09309013264375489
7,demand_94,0.2,282.03445766943537,1250.517449928347,968.4829922589117,5285.19966886969,5230.853534244208,0.23660741850379077,0.18324435270882294,0.08859717214243804
7,demand_94,0.3,1875.012392357352,2043.2790323044396,168.2666399470877,5164.557586221062,5143.371611822016,0.3956348628497953,0.032581036640199304,0.40006334069296806
7,demand_94,0.4,164.46123959617512,938.6235687499861,774.162329153811,5195.564583564959,5095.170106943769,0.18065862788408368,0.14900446654107727,0.059283964569256366
7,demand_94,0.5,1510.828643986643,1871.0199315992777,360.1912876126346,5063.750721046981,5031.448043678632,0.3694928985786302,0.07113132289777516,0.33618189878038396
7,demand_94,0.6,-132.33746881531056,1007.90064594165,1140.2381147569606,5117.007536517126,5269.592317063222,0.19697071750409698,0.22283299499165088,0.009092250590395251
7,demand_94,0.7,1440.9109188694767,1787.3409372694625,346.4300183999858,5272.016121924724,5078.445394261878,0.33902417897328707,0.06571110755130051,0.3080503234150721
7,demand_94,0.8,-12.941618653385149,920.9659297267133,933.9075483800984,5028.89951580698,5297.046840107661,0.18313468519939738,0.18570813464150826,0.02820795656393997
7,demand_94,0.9,-1179.3294128329478,120.730458568225,1300.0598714011728,4989.92485899817,5004.183902520532,0.024194845008640897,0.26053696360914474,-0.2133952619458035
7,demand_94,0.99,4127.536732667834,4127.536732667834,-0.0,4399.522395965535,4068.1036846270567,0.9381783660092018,-0.0,1.0197590934882628
7,demand_95,0.0,252.2159685769218,1248.1502072121598,995.934238635238,5179.691802255158,5187.901467635773,0.2409699756013928,0.19227673704478393,0.08502928844205182
7,demand_95,0.1,-247.77457047032453,664.5784281851757,912.3529986555002,5064.573946693578,5131.369439455269,0.1312209941408887,0.18014407692697082,-0.023101035402281957
7,demand_95,0.2,293.2692575968981,1151.976372633751,858.7071150368529,5285.19966886969,5230.853534244208,0.21796269673953803,0.1624739212966194,0.08743996712399929
7,demand_95,0.3,887.8559963342175,1364.4412691020502,476.58527276783275,5164.557586221062,5143.371611822016,0.26419325301790664,0.09227998038773988,0.20226899741056914
7,demand_95,0.4,-32.895477791865915,1018.0936383270534,1050.9891161189194,5195.564583564959,5095.170106943769,0.1959543803088449,0.202285834237052,0.026890924141960953
7,demand_95,0.5,317.427211770178,1038.8259697712724,721.3987580010944,5063.750721046981,5031.448043678632,0.2051495081409704,0.14246332367876474,0.09192233802093905
7,demand_95,0.6,-937.4573534835035,716.5012520340938,1653.9586055175973,5117.007536517126,5269.592317063222,0.14002348969018286,0.3232277055904746,-0.1451700438278205
7,demand_95,0.7,732.5186146069202,1334.7166055838939,602.1979909769736,5272.016121924724,5078.445394261878,0.2531700538686159,0.11422536977317159,0.17009750097022114
7,demand_95,0.8,-869.6094753248701,348.2801790015785,1217.8896543264486,5028.89951580698,5297.046840107661,0.06925574430486318,0.2421781645265218,-0.1475259284243314
7,demand_95,0.9,-84.87631310554684,904.1949124264897,989.0712255320366,4989.92485899817,5004.183902520532,0.18120411388479815,0.19821365120327944,0.014604434246024372
7,demand_95,0.99,-3023.56024925587,0.0,3023.56024925587,4399.522395965535,4068.1036846270567,0.0,0.6872473821314208,-0.6322675915609072
7,demand_96,0.0,1007.4033982071298,1728.217202436267,720.8138042291371,5179.691802255158,5187.901467635773,0.33365251609831836,0.13916152384111075,0.2346371764339155
7,demand_96,0.1,499.89420935004387,1215.516636390424,715.6224270403802,5064.573946693578,5131.369439455269,0.24000372966890485,0.14129963044721192,0.13087795919389636
7,demand_96,0.2,55.46058975265919,1035.6017770197022,980.141187267043,5285.19966886969,5230.853534244208,0.19594373758847589,0.1854501719282555,0.042368165291739604
7,demand_96,0.3,12.91945894549417,853.4399600328468,840.5205010873526,5164.557586221062,5143.371611822016,0.16524938405369086,0.1627478224523713,0.029890899054351917
7,demand_96,0.4,-580.5950059845388,665.8695428265873,1246.4645488111262,5195.564583564959,5095.170106943769,0.12816115209748735,0.23990935513611863,-0.08141100661926465
7,demand_96,0.5,734.2495680950883,1205.2884845667438,471.0389164716555,5063.750721046981,5031.448043678632,0.23802287098317873,0.0930217426607966,0.17314050869030487
7,demand_96,0.6,-22.888648544017315,1090.5021807936812,1113.3908293376985,5117.007536517126,5269.592317063222,0.21311326454209756,0.21758631805641707,0.03146544015124579
7,demand_96,0.7,-79.49633740256468,490.77952377522524,570.2758611777899,5272.016121924724,5078.445394261878,0.09309143075914,0.10817035608183835,0.0016696101863826096
7,demand_96,0.8,-1704.590741703505,138.14073919350903,1842.731480897014,5028.89951580698,5297.046840107661,0.02746937749686609,0.3664283756525435,-0.3072560865820073
7,demand_96,0.9,479.107028860569,1049.2781439061107,570.1711150455417,4989.92485899817,5004.183902520532,0.21027934759658382,0.11426446913671869,0.12344119665137514
7,demand_96,0.99,305.6466572452564,402.43536070246887,96.78870345721248,4399.522395965535,4068.1036846270567,0.09147251098699066,0.021999820604611534,0.07918680742092113
7,demand_97,0.0,1058.4277331059284,1744.0283983480151,685.6006652420867,5179.691802255158,5187.901467635773,0.33670505214010843,0.13236321607852938,0.24420959353395777
7,demand_97,0.1,-87.58034119169088,830.0126734745027,917.5930146661935,5064.573946693578,5131.369439455269,0.16388598176483904,0.1811787179581506,0.011452516179413421
7,demand_97,0.2,-1069.4766591019695,466.07850454026084,1535.5551636422304,5285.19966886969,5230.853534244208,0.0881856001175331,0.29053872319844243,-0.1714417121713354
7,demand_97,0.3,-11.617993268426517,886.0850605892435,897.70305385767,5164.557586221062,5143.371611822016,0.17157037089746102,0.1738199330476485,0.02657519518036014
7,demand_97,0.4,430.1490650990054,1273.6957279908768,843.5466628918714,5195.564583564959,5095.170106943769,0.2451505909521242,0.16235899858895955,0.11709775494177042
7,demand_97,0.5,-871.2103285869928,728.4133039343667,1599.6236325213595,5063.750721046981,5031.448043678632,0.14384857076530022,0.3158969942719892,-0.13426809259403422
7,demand_97,0.6,-515.7962775423518,580.1357245017787,1095.9320020441305,5117.007536517126,5269.592317063222,0.11337402189887062,0.21417439670023877,-0.07380781246544728
7,demand_97,0.7,-1866.9377252028387,19.056817089599008,1885.9945422924377,5272.016121924724,5078.445394261878,0.0036147114593120186,0.3577368692878528,-0.3251888855499202
7,demand_97,0.8,626.1450626430278,1510.8933081830469,884.7482455400191,5028.89951580698,5297.046840107661,0.3004421351896104,0.17593277470728003,0.16470938551887881
7,demand_97,0.9,665.6977386409969,926.5651439577193,260.8674053167224,4989.92485899817,5004.183902520532,0.18568719372334322,0.05227882436872945,0.15373738780179413
7,demand_97,0.99,-1421.1486803533849,0.0,1421.1486803533849,4399.522395965535,4068.1036846270567,0.0,0.32302339946186237,-0.2971815275049134
7,demand_98,0.0,238.23073444872557,1208.7190297276766,970.488295278951,5179.691802255158,5187.901467635773,0.23335732624119043,0.1873641004772553,0.08127429521439299
7,demand_98,0.1,-314.4646022717702,548.8248804565783,863.2894827283485,5064.573946693578,5131.369439455269,0.10836545901652402,0.17045648692560794,-0.039031425562294074
7,demand_98,0.2,134.80929904156073,1162.9969904092086,1028.1876913676479,5285.19966886969,5230.853534244208,0.22004788149431087,0.19454093615871648,0.060204818619101305
7,demand_98,0.3,-267.40276156961386,865.1788931194124,1132.5816546890262,5164.557586221062,5143.371611822016,0.16752236346975638,0.21929887231981532,-0.01966543702362536
7,demand_98,0.4,308.98679181912144,1098.2878881215565,789.3010963024351,5195.564583564959,5095.170106943769,0.21138951704993753,0.15191825327303557,0.09000642117352196
7,demand_98,0.5,-1311.4704253923207,502.3049687137668,1813.7753941060876,5063.750721046981,5031.448043678632,0.09919622753663321,0.35818812852838683,-0.2217110917932537
7,demand_98,0.6,1441.8214411223723,1596.4369495781252,154.6155084557529,5117.007536517126,5269.592317063222,0.31198643703087736,0.030216001706534795,0.3113169708548547
7,demand_98,0.7,737.0231757690237,1100.9133133346236,363.89013756559984,5272.016121924724,5078.445394261878,0.2088220688013941,0.06902295614239315,0.16347938991573102
7,demand_98,0.8,254.56874405092276,769.2649461112799,514.6962020603571,5028.89951580698,5297.046840107661,0.15296884411655162,0.10234768072866625,0.07211061646500923
7,demand_98,0.9,-3883.384590661971,0.0,3883.384590661971,4989.92485899817,5004.183902520532,0.0,0.7782451039636777,-0.7159854956465836
7,demand_98,0.99,3327.2950235279486,3327.2950235279486,-0.0,4399.522395965535,4068.1036846270567,0.756285506485694,-0.0,0.8220494635714064
7,demand_99,0.0,-26.015995362390186,1006.5479780242083,1032.5639733865985,5179.691802255158,5187.901467635773,0.1943258433997893,0.1993485351651687,0.0278230904739027
7,demand_99,0.1,475.3628590733531,1318.387186567533,843.0243274941799,5064.573946693578,5131.369439455269,0.26031551724666707,0.1664551325278903,0.1298129272555008
7,demand_99,0.2,-34.933925256858174,979.4603311861345,1014.3942564429926,5285.19966886969,5230.853534244208,0.18532134877613907,0.19193111329698057,0.024859624436494247
7,demand_99,0.3,-677.3610637598897,813.610278409376,1490.9713421692657,5164.557586221062,5143.371611822016,0.15753726525967532,0.28869294557720643,-0.09436135204007849
7,demand_99,0.4,698.2966712540347,1475.8238153996351,777.5271441456005,5195.564583564959,5095.170106943769,0.2840545607051221,0.14965209875460672,0.171075026433938
7,demand_99,0.5,-648.244869300896,619.513721037795,1267.758590338691,5063.750721046981,5031.448043678632,0.12234285516126361,0.2503595971005005,-0.09734946502673913
7,demand_99,0.6,1266.1522676508337,1627.4865919913968,361.33432434056317,5117.007536517126,5269.592317063222,0.3180543668104777,0.07061438189448206,0.28074603692933486
7,demand_99,0.7,-919.9913178874365,1148.810471183199,2068.8017890706356,5272.016121924724,5078.445394261878,0.21790723787919447,0.392411885932426,-0.12416324171088146
7,demand_99,0.8,-1449.479383614433,220.3787475410088,1669.8581311554417,5028.89951580698,5297.046840107661,0.04382245993349202,0.33205239554035554,-0.2578550952737662
7,demand_99,0.9,-1550.1037166749434,377.40375552916566,1927.507472204109,4989.92485899817,5004.183902520532,0.07563315404411465,0.3862798592504449,-0.2731675204624586
7,demand_99,0.99,-642.5265414125645,48.79455807574186,691.3210994883063,4399.522395965535,4068.1036846270567,0.011090876164305383,0.15713548818895978,-0.13250934895525018
7,demand_100,0.0,415.32808405899095,1338.2615401653588,922.9334561063679,5179.691802255158,5187.901467635773,0.2583670209070548,0.17818308334571892,0.11690528169917208
7,demand_100,0.1,1235.4739266853812,1801.0812852943518,565.6073586089706,5064.573946693578,5131.369439455269,0.35562345505295523,0.11167915891093444,0.28380240755515246
7,demand_100,0.2,-1240.201285153491,496.22651796677405,1736.427803120265,5285.19966886969,5230.853534244208,0.09388983369721937,0.32854535531514234,-0.20020755982773603
7,demand_100,0.3,1019.4521983498803,1682.923024682367,663.4708263324867,5164.557586221062,5143.371611822016,0.3258600560815456,0.1284661493760112,0.23600685570618446
7,demand_100,0.4,208.63185614423014,1231.8004155241345,1023.1685593799043,5195.564583564959,5095.170106943769,0.2370869220682325,0.19693115982360723,0.07652650912340367
7,demand_100,0.5,-519.2101692292817,1067.3055158402187,1586.5156850695005,5063.750721046981,5031.448043678632,0.21077370799555128,0.3133084096093641,-0.059141880323711406
7,demand_100,0.6,-1096.5982228512262,447.6213244007354,1544.2195472519616,5117.007536517126,5269.592317063222,0.08747716731044866,0.3017817613579341,-0.18255534293794212
7,demand_100,0.7,-676.884447981864,690.945354670908,1367.829802652772,5272.016121924724,5078.445394261878,0.1310590367501865,0.25945099009928685,-0.0962394361628803
7,demand_100,0.8,508.32938206723725,830.2400373404475,321.9106552732103,5028.89951580698,5297.046840107661,0.16509378139905428,0.06401214704357713,0.12055858711018543
7,demand_100,0.9,-1116.1546328520312,82.63804257389006,1198.7926754259213,4989.92485899817,5004.183902520532,0.01656097935520443,0.240242630761098,-0.2030221557836836
7,demand_100,0.99,2167.684957133646,2167.684957133646,-0.0,4399.522395965535,4068.1036846270567,0.4927091538666706,-0.0,0.5355534281159463
