hour,resource,configuration,day,production_MW
169,biomass,base_ramp_storage_envelopes_up_0_2_dn_0_2,7,21.366
170,biomass,base_ramp_storage_envelopes_up_0_2_dn_0_2,7,21.366
171,biomass,base_ramp_storage_envelopes_up_0_2_dn_0_2,7,21.366
172,biomass,base_ramp_storage_envelopes_up_0_2_dn_0_2,7,21.366
173,biomass,base_ramp_storage_envelopes_up_0_2_dn_0_2,7,21.366
174,biomass,base_ramp_storage_envelopes_up_0_2_dn_0_2,7,21.366
175,biomass,base_ramp_storage_envelopes_up_0_2_dn_0_2,7,21.365999999999545
176,biomass,base_ramp_storage_envelopes_up_0_2_dn_0_2,7,21.366
177,biomass,base_ramp_storage_envelopes_up_0_2_dn_0_2,7,21.366
178,biomass,base_ramp_storage_envelopes_up_0_2_dn_0_2,7,21.365999999999545
179,biomass,base_ramp_storage_envelopes_up_0_2_dn_0_2,7,21.36599999999909
180,biomass,base_ramp_storage_envelopes_up_0_2_dn_0_2,7,21.366
181,biomass,base_ramp_storage_envelopes_up_0_2_dn_0_2,7,21.36599999999909
182,biomass,base_ramp_storage_envelopes_up_0_2_dn_0_2,7,21.366
183,biomass,base_ramp_storage_envelopes_up_0_2_dn_0_2,7,21.366
184,biomass,base_ramp_storage_envelopes_up_0_2_dn_0_2,7,21.366
185,biomass,base_ramp_storage_envelopes_up_0_2_dn_0_2,7,21.366
186,biomass,base_ramp_storage_envelopes_up_0_2_dn_0_2,7,21.366
187,biomass,base_ramp_storage_envelopes_up_0_2_dn_0_2,7,21.366
188,biomass,base_ramp_storage_envelopes_up_0_2_dn_0_2,7,21.366
189,biomass,base_ramp_storage_envelopes_up_0_2_dn_0_2,7,21.366
190,biomass,base_ramp_storage_envelopes_up_0_2_dn_0_2,7,21.366
191,biomass,base_ramp_storage_envelopes_up_0_2_dn_0_2,7,21.365999999999772
192,biomass,base_ramp_storage_envelopes_up_0_2_dn_0_2,7,21.366
169,biomass,base_ramp_storage_envelopes_up_1_dn_1,7,21.366
170,biomass,base_ramp_storage_envelopes_up_1_dn_1,7,21.366
171,biomass,base_ramp_storage_envelopes_up_1_dn_1,7,21.366
172,biomass,base_ramp_storage_envelopes_up_1_dn_1,7,21.366
173,biomass,base_ramp_storage_envelopes_up_1_dn_1,7,21.366
174,biomass,base_ramp_storage_envelopes_up_1_dn_1,7,21.366
175,biomass,base_ramp_storage_envelopes_up_1_dn_1,7,21.365999999999545
176,biomass,base_ramp_storage_envelopes_up_1_dn_1,7,21.366
177,biomass,base_ramp_storage_envelopes_up_1_dn_1,7,21.366
178,biomass,base_ramp_storage_envelopes_up_1_dn_1,7,21.366
179,biomass,base_ramp_storage_envelopes_up_1_dn_1,7,21.36599999999909
180,biomass,base_ramp_storage_envelopes_up_1_dn_1,7,21.365999999999545
181,biomass,base_ramp_storage_envelopes_up_1_dn_1,7,21.366
182,biomass,base_ramp_storage_envelopes_up_1_dn_1,7,21.366
183,biomass,base_ramp_storage_envelopes_up_1_dn_1,7,21.365999999999545
184,biomass,base_ramp_storage_envelopes_up_1_dn_1,7,21.365999999999545
185,biomass,base_ramp_storage_envelopes_up_1_dn_1,7,21.366
186,biomass,base_ramp_storage_envelopes_up_1_dn_1,7,21.366
187,biomass,base_ramp_storage_envelopes_up_1_dn_1,7,21.366
188,biomass,base_ramp_storage_envelopes_up_1_dn_1,7,21.366
189,biomass,base_ramp_storage_envelopes_up_1_dn_1,7,21.366
190,biomass,base_ramp_storage_envelopes_up_1_dn_1,7,21.366
191,biomass,base_ramp_storage_envelopes_up_1_dn_1,7,21.366
192,biomass,base_ramp_storage_envelopes_up_1_dn_1,7,21.366
169,biomass,base_ramp_storage_envelopes_up_0_4_dn_0_4,7,21.366
170,biomass,base_ramp_storage_envelopes_up_0_4_dn_0_4,7,21.366
171,biomass,base_ramp_storage_envelopes_up_0_4_dn_0_4,7,21.366
172,biomass,base_ramp_storage_envelopes_up_0_4_dn_0_4,7,21.366
173,biomass,base_ramp_storage_envelopes_up_0_4_dn_0_4,7,21.366
174,biomass,base_ramp_storage_envelopes_up_0_4_dn_0_4,7,21.366
175,biomass,base_ramp_storage_envelopes_up_0_4_dn_0_4,7,21.366
176,biomass,base_ramp_storage_envelopes_up_0_4_dn_0_4,7,21.366
177,biomass,base_ramp_storage_envelopes_up_0_4_dn_0_4,7,21.366
178,biomass,base_ramp_storage_envelopes_up_0_4_dn_0_4,7,21.365999999999545
179,biomass,base_ramp_storage_envelopes_up_0_4_dn_0_4,7,21.365999999999545
180,biomass,base_ramp_storage_envelopes_up_0_4_dn_0_4,7,21.366
181,biomass,base_ramp_storage_envelopes_up_0_4_dn_0_4,7,21.365999999999545
182,biomass,base_ramp_storage_envelopes_up_0_4_dn_0_4,7,21.365999999999545
183,biomass,base_ramp_storage_envelopes_up_0_4_dn_0_4,7,21.365999999999545
184,biomass,base_ramp_storage_envelopes_up_0_4_dn_0_4,7,21.365999999999545
185,biomass,base_ramp_storage_envelopes_up_0_4_dn_0_4,7,21.365999999999545
186,biomass,base_ramp_storage_envelopes_up_0_4_dn_0_4,7,21.366
187,biomass,base_ramp_storage_envelopes_up_0_4_dn_0_4,7,21.365999999999545
188,biomass,base_ramp_storage_envelopes_up_0_4_dn_0_4,7,21.366
189,biomass,base_ramp_storage_envelopes_up_0_4_dn_0_4,7,21.366
190,biomass,base_ramp_storage_envelopes_up_0_4_dn_0_4,7,21.366
191,biomass,base_ramp_storage_envelopes_up_0_4_dn_0_4,7,21.366
192,biomass,base_ramp_storage_envelopes_up_0_4_dn_0_4,7,21.366
169,biomass,base_ramp_storage_envelopes_up_0_8_dn_0_8,7,21.366
170,biomass,base_ramp_storage_envelopes_up_0_8_dn_0_8,7,21.366
171,biomass,base_ramp_storage_envelopes_up_0_8_dn_0_8,7,21.366
172,biomass,base_ramp_storage_envelopes_up_0_8_dn_0_8,7,21.366
173,biomass,base_ramp_storage_envelopes_up_0_8_dn_0_8,7,21.365999999999772
174,biomass,base_ramp_storage_envelopes_up_0_8_dn_0_8,7,21.366
175,biomass,base_ramp_storage_envelopes_up_0_8_dn_0_8,7,21.366
176,biomass,base_ramp_storage_envelopes_up_0_8_dn_0_8,7,21.366
177,biomass,base_ramp_storage_envelopes_up_0_8_dn_0_8,7,21.366
178,biomass,base_ramp_storage_envelopes_up_0_8_dn_0_8,7,21.366
179,biomass,base_ramp_storage_envelopes_up_0_8_dn_0_8,7,21.36599999999909
180,biomass,base_ramp_storage_envelopes_up_0_8_dn_0_8,7,21.366
181,biomass,base_ramp_storage_envelopes_up_0_8_dn_0_8,7,21.366
182,biomass,base_ramp_storage_envelopes_up_0_8_dn_0_8,7,21.366
183,biomass,base_ramp_storage_envelopes_up_0_8_dn_0_8,7,21.365999999999545
184,biomass,base_ramp_storage_envelopes_up_0_8_dn_0_8,7,21.365999999999545
185,biomass,base_ramp_storage_envelopes_up_0_8_dn_0_8,7,21.366
186,biomass,base_ramp_storage_envelopes_up_0_8_dn_0_8,7,21.366
187,biomass,base_ramp_storage_envelopes_up_0_8_dn_0_8,7,21.366
188,biomass,base_ramp_storage_envelopes_up_0_8_dn_0_8,7,21.366
189,biomass,base_ramp_storage_envelopes_up_0_8_dn_0_8,7,21.366
190,biomass,base_ramp_storage_envelopes_up_0_8_dn_0_8,7,21.366
191,biomass,base_ramp_storage_envelopes_up_0_8_dn_0_8,7,21.366
192,biomass,base_ramp_storage_envelopes_up_0_8_dn_0_8,7,21.366
169,biomass,base_ramp_storage_envelopes_up_0_dn_0,7,21.366
170,biomass,base_ramp_storage_envelopes_up_0_dn_0,7,21.366
171,biomass,base_ramp_storage_envelopes_up_0_dn_0,7,21.366
172,biomass,base_ramp_storage_envelopes_up_0_dn_0,7,21.366
173,biomass,base_ramp_storage_envelopes_up_0_dn_0,7,21.366
174,biomass,base_ramp_storage_envelopes_up_0_dn_0,7,21.366
175,biomass,base_ramp_storage_envelopes_up_0_dn_0,7,21.366
176,biomass,base_ramp_storage_envelopes_up_0_dn_0,7,21.366
177,biomass,base_ramp_storage_envelopes_up_0_dn_0,7,21.365999999999545
178,biomass,base_ramp_storage_envelopes_up_0_dn_0,7,21.36599999999909
179,biomass,base_ramp_storage_envelopes_up_0_dn_0,7,21.36599999999909
180,biomass,base_ramp_storage_envelopes_up_0_dn_0,7,21.366
181,biomass,base_ramp_storage_envelopes_up_0_dn_0,7,21.366
182,biomass,base_ramp_storage_envelopes_up_0_dn_0,7,21.36599999999909
183,biomass,base_ramp_storage_envelopes_up_0_dn_0,7,21.36599999999909
184,biomass,base_ramp_storage_envelopes_up_0_dn_0,7,21.365999999999545
185,biomass,base_ramp_storage_envelopes_up_0_dn_0,7,21.365999999999545
186,biomass,base_ramp_storage_envelopes_up_0_dn_0,7,21.366
187,biomass,base_ramp_storage_envelopes_up_0_dn_0,7,21.366
188,biomass,base_ramp_storage_envelopes_up_0_dn_0,7,21.366
189,biomass,base_ramp_storage_envelopes_up_0_dn_0,7,21.366
190,biomass,base_ramp_storage_envelopes_up_0_dn_0,7,21.366
191,biomass,base_ramp_storage_envelopes_up_0_dn_0,7,21.366
192,biomass,base_ramp_storage_envelopes_up_0_dn_0,7,21.365999999999772
169,biomass,base_ramp_storage_envelopes_up_0_6_dn_0_6,7,21.366
170,biomass,base_ramp_storage_envelopes_up_0_6_dn_0_6,7,21.366
171,biomass,base_ramp_storage_envelopes_up_0_6_dn_0_6,7,21.365999999991587
172,biomass,base_ramp_storage_envelopes_up_0_6_dn_0_6,7,21.366
173,biomass,base_ramp_storage_envelopes_up_0_6_dn_0_6,7,21.366
174,biomass,base_ramp_storage_envelopes_up_0_6_dn_0_6,7,21.366
175,biomass,base_ramp_storage_envelopes_up_0_6_dn_0_6,7,21.365999999999545
176,biomass,base_ramp_storage_envelopes_up_0_6_dn_0_6,7,21.36599999999045
177,biomass,base_ramp_storage_envelopes_up_0_6_dn_0_6,7,21.366
178,biomass,base_ramp_storage_envelopes_up_0_6_dn_0_6,7,21.365999999999545
179,biomass,base_ramp_storage_envelopes_up_0_6_dn_0_6,7,21.36599999999909
180,biomass,base_ramp_storage_envelopes_up_0_6_dn_0_6,7,21.366
181,biomass,base_ramp_storage_envelopes_up_0_6_dn_0_6,7,21.36599999999818
182,biomass,base_ramp_storage_envelopes_up_0_6_dn_0_6,7,21.365999999999545
183,biomass,base_ramp_storage_envelopes_up_0_6_dn_0_6,7,21.365999999999545
184,biomass,base_ramp_storage_envelopes_up_0_6_dn_0_6,7,21.365999999999545
185,biomass,base_ramp_storage_envelopes_up_0_6_dn_0_6,7,21.366
186,biomass,base_ramp_storage_envelopes_up_0_6_dn_0_6,7,21.366
187,biomass,base_ramp_storage_envelopes_up_0_6_dn_0_6,7,21.366
188,biomass,base_ramp_storage_envelopes_up_0_6_dn_0_6,7,21.366
189,biomass,base_ramp_storage_envelopes_up_0_6_dn_0_6,7,21.366
190,biomass,base_ramp_storage_envelopes_up_0_6_dn_0_6,7,21.366
191,biomass,base_ramp_storage_envelopes_up_0_6_dn_0_6,7,21.366
192,biomass,base_ramp_storage_envelopes_up_0_6_dn_0_6,7,21.366
169,small_hydroelectric,base_ramp_storage_envelopes_up_0_2_dn_0_2,7,1.7963280000000001
170,small_hydroelectric,base_ramp_storage_envelopes_up_0_2_dn_0_2,7,1.794132
171,small_hydroelectric,base_ramp_storage_envelopes_up_0_2_dn_0_2,7,1.7919359999999998
172,small_hydroelectric,base_ramp_storage_envelopes_up_0_2_dn_0_2,7,1.78974
173,small_hydroelectric,base_ramp_storage_envelopes_up_0_2_dn_0_2,7,1.7868120000000118
174,small_hydroelectric,base_ramp_storage_envelopes_up_0_2_dn_0_2,7,1.786812
175,small_hydroelectric,base_ramp_storage_envelopes_up_0_2_dn_0_2,7,1.786812
176,small_hydroelectric,base_ramp_storage_envelopes_up_0_2_dn_0_2,7,1.7868119999999834
177,small_hydroelectric,base_ramp_storage_envelopes_up_0_2_dn_0_2,7,1.786812
178,small_hydroelectric,base_ramp_storage_envelopes_up_0_2_dn_0_2,7,1.7868119999999976
179,small_hydroelectric,base_ramp_storage_envelopes_up_0_2_dn_0_2,7,1.786811999999827
180,small_hydroelectric,base_ramp_storage_envelopes_up_0_2_dn_0_2,7,1.786812
181,small_hydroelectric,base_ramp_storage_envelopes_up_0_2_dn_0_2,7,1.786812
182,small_hydroelectric,base_ramp_storage_envelopes_up_0_2_dn_0_2,7,1.786811999999827
183,small_hydroelectric,base_ramp_storage_envelopes_up_0_2_dn_0_2,7,1.786812
184,small_hydroelectric,base_ramp_storage_envelopes_up_0_2_dn_0_2,7,1.786812
185,small_hydroelectric,base_ramp_storage_envelopes_up_0_2_dn_0_2,7,1.786812
186,small_hydroelectric,base_ramp_storage_envelopes_up_0_2_dn_0_2,7,1.7868119999999976
187,small_hydroelectric,base_ramp_storage_envelopes_up_0_2_dn_0_2,7,1.786812
188,small_hydroelectric,base_ramp_storage_envelopes_up_0_2_dn_0_2,7,1.786812
189,small_hydroelectric,base_ramp_storage_envelopes_up_0_2_dn_0_2,7,1.786812
190,small_hydroelectric,base_ramp_storage_envelopes_up_0_2_dn_0_2,7,1.786812
191,small_hydroelectric,base_ramp_storage_envelopes_up_0_2_dn_0_2,7,1.7868119999999976
192,small_hydroelectric,base_ramp_storage_envelopes_up_0_2_dn_0_2,7,1.786812
169,small_hydroelectric,base_ramp_storage_envelopes_up_1_dn_1,7,1.7963280000000001
170,small_hydroelectric,base_ramp_storage_envelopes_up_1_dn_1,7,1.794132
171,small_hydroelectric,base_ramp_storage_envelopes_up_1_dn_1,7,1.7919359999999998
172,small_hydroelectric,base_ramp_storage_envelopes_up_1_dn_1,7,1.78974
173,small_hydroelectric,base_ramp_storage_envelopes_up_1_dn_1,7,1.7868120000000118
174,small_hydroelectric,base_ramp_storage_envelopes_up_1_dn_1,7,1.786812
175,small_hydroelectric,base_ramp_storage_envelopes_up_1_dn_1,7,1.786812
176,small_hydroelectric,base_ramp_storage_envelopes_up_1_dn_1,7,1.7868119999999834
177,small_hydroelectric,base_ramp_storage_envelopes_up_1_dn_1,7,1.786812
178,small_hydroelectric,base_ramp_storage_envelopes_up_1_dn_1,7,1.7868119999999976
179,small_hydroelectric,base_ramp_storage_envelopes_up_1_dn_1,7,1.786811999999827
180,small_hydroelectric,base_ramp_storage_envelopes_up_1_dn_1,7,1.786812
181,small_hydroelectric,base_ramp_storage_envelopes_up_1_dn_1,7,1.786812
182,small_hydroelectric,base_ramp_storage_envelopes_up_1_dn_1,7,1.786811999999827
183,small_hydroelectric,base_ramp_storage_envelopes_up_1_dn_1,7,1.786812
184,small_hydroelectric,base_ramp_storage_envelopes_up_1_dn_1,7,1.786812
185,small_hydroelectric,base_ramp_storage_envelopes_up_1_dn_1,7,1.786812
186,small_hydroelectric,base_ramp_storage_envelopes_up_1_dn_1,7,1.7868119999999976
187,small_hydroelectric,base_ramp_storage_envelopes_up_1_dn_1,7,1.786812
188,small_hydroelectric,base_ramp_storage_envelopes_up_1_dn_1,7,1.786812
189,small_hydroelectric,base_ramp_storage_envelopes_up_1_dn_1,7,1.786812
190,small_hydroelectric,base_ramp_storage_envelopes_up_1_dn_1,7,1.786812
191,small_hydroelectric,base_ramp_storage_envelopes_up_1_dn_1,7,1.7868119999999976
192,small_hydroelectric,base_ramp_storage_envelopes_up_1_dn_1,7,1.786812
169,small_hydroelectric,base_ramp_storage_envelopes_up_0_4_dn_0_4,7,1.7963280000000001
170,small_hydroelectric,base_ramp_storage_envelopes_up_0_4_dn_0_4,7,1.794132
171,small_hydroelectric,base_ramp_storage_envelopes_up_0_4_dn_0_4,7,1.7919359999999998
172,small_hydroelectric,base_ramp_storage_envelopes_up_0_4_dn_0_4,7,1.78974
173,small_hydroelectric,base_ramp_storage_envelopes_up_0_4_dn_0_4,7,1.7868120000000118
174,small_hydroelectric,base_ramp_storage_envelopes_up_0_4_dn_0_4,7,1.786812
175,small_hydroelectric,base_ramp_storage_envelopes_up_0_4_dn_0_4,7,1.786812
176,small_hydroelectric,base_ramp_storage_envelopes_up_0_4_dn_0_4,7,1.7868119999999834
177,small_hydroelectric,base_ramp_storage_envelopes_up_0_4_dn_0_4,7,1.786812
178,small_hydroelectric,base_ramp_storage_envelopes_up_0_4_dn_0_4,7,1.7868119999999976
179,small_hydroelectric,base_ramp_storage_envelopes_up_0_4_dn_0_4,7,1.786811999999827
180,small_hydroelectric,base_ramp_storage_envelopes_up_0_4_dn_0_4,7,1.786812
181,small_hydroelectric,base_ramp_storage_envelopes_up_0_4_dn_0_4,7,1.786812
182,small_hydroelectric,base_ramp_storage_envelopes_up_0_4_dn_0_4,7,1.786811999999827
183,small_hydroelectric,base_ramp_storage_envelopes_up_0_4_dn_0_4,7,1.786812
184,small_hydroelectric,base_ramp_storage_envelopes_up_0_4_dn_0_4,7,1.786812
185,small_hydroelectric,base_ramp_storage_envelopes_up_0_4_dn_0_4,7,1.786812
186,small_hydroelectric,base_ramp_storage_envelopes_up_0_4_dn_0_4,7,1.7868119999999976
187,small_hydroelectric,base_ramp_storage_envelopes_up_0_4_dn_0_4,7,1.786812
188,small_hydroelectric,base_ramp_storage_envelopes_up_0_4_dn_0_4,7,1.786812
189,small_hydroelectric,base_ramp_storage_envelopes_up_0_4_dn_0_4,7,1.786812
190,small_hydroelectric,base_ramp_storage_envelopes_up_0_4_dn_0_4,7,1.786812
191,small_hydroelectric,base_ramp_storage_envelopes_up_0_4_dn_0_4,7,1.7868119999999976
192,small_hydroelectric,base_ramp_storage_envelopes_up_0_4_dn_0_4,7,1.786812
169,small_hydroelectric,base_ramp_storage_envelopes_up_0_8_dn_0_8,7,1.7963280000000001
170,small_hydroelectric,base_ramp_storage_envelopes_up_0_8_dn_0_8,7,1.794132
171,small_hydroelectric,base_ramp_storage_envelopes_up_0_8_dn_0_8,7,1.7919359999999998
172,small_hydroelectric,base_ramp_storage_envelopes_up_0_8_dn_0_8,7,1.78974
173,small_hydroelectric,base_ramp_storage_envelopes_up_0_8_dn_0_8,7,1.7868120000000118
174,small_hydroelectric,base_ramp_storage_envelopes_up_0_8_dn_0_8,7,1.786812
175,small_hydroelectric,base_ramp_storage_envelopes_up_0_8_dn_0_8,7,1.786812
176,small_hydroelectric,base_ramp_storage_envelopes_up_0_8_dn_0_8,7,1.7868119999999834
177,small_hydroelectric,base_ramp_storage_envelopes_up_0_8_dn_0_8,7,1.786812
178,small_hydroelectric,base_ramp_storage_envelopes_up_0_8_dn_0_8,7,1.7868119999999976
179,small_hydroelectric,base_ramp_storage_envelopes_up_0_8_dn_0_8,7,1.786811999999827
180,small_hydroelectric,base_ramp_storage_envelopes_up_0_8_dn_0_8,7,1.786812
181,small_hydroelectric,base_ramp_storage_envelopes_up_0_8_dn_0_8,7,1.786812
182,small_hydroelectric,base_ramp_storage_envelopes_up_0_8_dn_0_8,7,1.786811999999827
183,small_hydroelectric,base_ramp_storage_envelopes_up_0_8_dn_0_8,7,1.786812
184,small_hydroelectric,base_ramp_storage_envelopes_up_0_8_dn_0_8,7,1.786812
185,small_hydroelectric,base_ramp_storage_envelopes_up_0_8_dn_0_8,7,1.786812
186,small_hydroelectric,base_ramp_storage_envelopes_up_0_8_dn_0_8,7,1.7868119999999976
187,small_hydroelectric,base_ramp_storage_envelopes_up_0_8_dn_0_8,7,1.786812
188,small_hydroelectric,base_ramp_storage_envelopes_up_0_8_dn_0_8,7,1.786812
189,small_hydroelectric,base_ramp_storage_envelopes_up_0_8_dn_0_8,7,1.786812
190,small_hydroelectric,base_ramp_storage_envelopes_up_0_8_dn_0_8,7,1.786812
191,small_hydroelectric,base_ramp_storage_envelopes_up_0_8_dn_0_8,7,1.7868119999999976
192,small_hydroelectric,base_ramp_storage_envelopes_up_0_8_dn_0_8,7,1.786812
169,small_hydroelectric,base_ramp_storage_envelopes_up_0_dn_0,7,1.7963280000000001
170,small_hydroelectric,base_ramp_storage_envelopes_up_0_dn_0,7,1.794132
171,small_hydroelectric,base_ramp_storage_envelopes_up_0_dn_0,7,1.7919359999999998
172,small_hydroelectric,base_ramp_storage_envelopes_up_0_dn_0,7,1.78974
173,small_hydroelectric,base_ramp_storage_envelopes_up_0_dn_0,7,1.7868120000000118
174,small_hydroelectric,base_ramp_storage_envelopes_up_0_dn_0,7,1.786812
175,small_hydroelectric,base_ramp_storage_envelopes_up_0_dn_0,7,1.7868119999999976
176,small_hydroelectric,base_ramp_storage_envelopes_up_0_dn_0,7,1.786812
177,small_hydroelectric,base_ramp_storage_envelopes_up_0_dn_0,7,1.786812
178,small_hydroelectric,base_ramp_storage_envelopes_up_0_dn_0,7,1.786812
179,small_hydroelectric,base_ramp_storage_envelopes_up_0_dn_0,7,1.786812
180,small_hydroelectric,base_ramp_storage_envelopes_up_0_dn_0,7,1.786812
181,small_hydroelectric,base_ramp_storage_envelopes_up_0_dn_0,7,1.786811999999827
182,small_hydroelectric,base_ramp_storage_envelopes_up_0_dn_0,7,1.786812
183,small_hydroelectric,base_ramp_storage_envelopes_up_0_dn_0,7,1.786812
184,small_hydroelectric,base_ramp_storage_envelopes_up_0_dn_0,7,1.786812
185,small_hydroelectric,base_ramp_storage_envelopes_up_0_dn_0,7,1.786812
186,small_hydroelectric,base_ramp_storage_envelopes_up_0_dn_0,7,1.786812
187,small_hydroelectric,base_ramp_storage_envelopes_up_0_dn_0,7,1.786812
188,small_hydroelectric,base_ramp_storage_envelopes_up_0_dn_0,7,1.786812
189,small_hydroelectric,base_ramp_storage_envelopes_up_0_dn_0,7,1.7868119999999976
190,small_hydroelectric,base_ramp_storage_envelopes_up_0_dn_0,7,1.786812
191,small_hydroelectric,base_ramp_storage_envelopes_up_0_dn_0,7,1.7868119999999976
192,small_hydroelectric,base_ramp_storage_envelopes_up_0_dn_0,7,1.786812
169,small_hydroelectric,base_ramp_storage_envelopes_up_0_6_dn_0_6,7,1.7963280000000001
170,small_hydroelectric,base_ramp_storage_envelopes_up_0_6_dn_0_6,7,1.794132
171,small_hydroelectric,base_ramp_storage_envelopes_up_0_6_dn_0_6,7,1.7919359999999998
172,small_hydroelectric,base_ramp_storage_envelopes_up_0_6_dn_0_6,7,1.78974
173,small_hydroelectric,base_ramp_storage_envelopes_up_0_6_dn_0_6,7,1.7868120000000118
174,small_hydroelectric,base_ramp_storage_envelopes_up_0_6_dn_0_6,7,1.786812
175,small_hydroelectric,base_ramp_storage_envelopes_up_0_6_dn_0_6,7,1.786812
176,small_hydroelectric,base_ramp_storage_envelopes_up_0_6_dn_0_6,7,1.7868119999999834
177,small_hydroelectric,base_ramp_storage_envelopes_up_0_6_dn_0_6,7,1.786812
178,small_hydroelectric,base_ramp_storage_envelopes_up_0_6_dn_0_6,7,1.7868119999999976
179,small_hydroelectric,base_ramp_storage_envelopes_up_0_6_dn_0_6,7,1.786811999999827
180,small_hydroelectric,base_ramp_storage_envelopes_up_0_6_dn_0_6,7,1.786812
181,small_hydroelectric,base_ramp_storage_envelopes_up_0_6_dn_0_6,7,1.786812
182,small_hydroelectric,base_ramp_storage_envelopes_up_0_6_dn_0_6,7,1.786811999999827
183,small_hydroelectric,base_ramp_storage_envelopes_up_0_6_dn_0_6,7,1.786812
184,small_hydroelectric,base_ramp_storage_envelopes_up_0_6_dn_0_6,7,1.786812
185,small_hydroelectric,base_ramp_storage_envelopes_up_0_6_dn_0_6,7,1.786812
186,small_hydroelectric,base_ramp_storage_envelopes_up_0_6_dn_0_6,7,1.7868119999999976
187,small_hydroelectric,base_ramp_storage_envelopes_up_0_6_dn_0_6,7,1.786812
188,small_hydroelectric,base_ramp_storage_envelopes_up_0_6_dn_0_6,7,1.786812
189,small_hydroelectric,base_ramp_storage_envelopes_up_0_6_dn_0_6,7,1.786812
190,small_hydroelectric,base_ramp_storage_envelopes_up_0_6_dn_0_6,7,1.786812
191,small_hydroelectric,base_ramp_storage_envelopes_up_0_6_dn_0_6,7,1.7868119999999976
192,small_hydroelectric,base_ramp_storage_envelopes_up_0_6_dn_0_6,7,1.786812
169,hydroelectric_pumped_storage,base_ramp_storage_envelopes_up_0_2_dn_0_2,7,42.069
170,hydroelectric_pumped_storage,base_ramp_storage_envelopes_up_0_2_dn_0_2,7,42.069
171,hydroelectric_pumped_storage,base_ramp_storage_envelopes_up_0_2_dn_0_2,7,42.069
172,hydroelectric_pumped_storage,base_ramp_storage_envelopes_up_0_2_dn_0_2,7,42.069
173,hydroelectric_pumped_storage,base_ramp_storage_envelopes_up_0_2_dn_0_2,7,42.069
174,hydroelectric_pumped_storage,base_ramp_storage_envelopes_up_0_2_dn_0_2,7,42.069
175,hydroelectric_pumped_storage,base_ramp_storage_envelopes_up_0_2_dn_0_2,7,42.069
176,hydroelectric_pumped_storage,base_ramp_storage_envelopes_up_0_2_dn_0_2,7,42.069
177,hydroelectric_pumped_storage,base_ramp_storage_envelopes_up_0_2_dn_0_2,7,42.069
178,hydroelectric_pumped_storage,base_ramp_storage_envelopes_up_0_2_dn_0_2,7,42.069
179,hydroelectric_pumped_storage,base_ramp_storage_envelopes_up_0_2_dn_0_2,7,42.069
180,hydroelectric_pumped_storage,base_ramp_storage_envelopes_up_0_2_dn_0_2,7,42.069
181,hydroelectric_pumped_storage,base_ramp_storage_envelopes_up_0_2_dn_0_2,7,42.069
182,hydroelectric_pumped_storage,base_ramp_storage_envelopes_up_0_2_dn_0_2,7,42.069
183,hydroelectric_pumped_storage,base_ramp_storage_envelopes_up_0_2_dn_0_2,7,42.069
184,hydroelectric_pumped_storage,base_ramp_storage_envelopes_up_0_2_dn_0_2,7,42.069
185,hydroelectric_pumped_storage,base_ramp_storage_envelopes_up_0_2_dn_0_2,7,42.069
186,hydroelectric_pumped_storage,base_ramp_storage_envelopes_up_0_2_dn_0_2,7,42.069
187,hydroelectric_pumped_storage,base_ramp_storage_envelopes_up_0_2_dn_0_2,7,42.069
188,hydroelectric_pumped_storage,base_ramp_storage_envelopes_up_0_2_dn_0_2,7,42.069
189,hydroelectric_pumped_storage,base_ramp_storage_envelopes_up_0_2_dn_0_2,7,42.069
190,hydroelectric_pumped_storage,base_ramp_storage_envelopes_up_0_2_dn_0_2,7,42.069
191,hydroelectric_pumped_storage,base_ramp_storage_envelopes_up_0_2_dn_0_2,7,42.069
192,hydroelectric_pumped_storage,base_ramp_storage_envelopes_up_0_2_dn_0_2,7,42.069
169,hydroelectric_pumped_storage,base_ramp_storage_envelopes_up_1_dn_1,7,42.069
170,hydroelectric_pumped_storage,base_ramp_storage_envelopes_up_1_dn_1,7,42.069
171,hydroelectric_pumped_storage,base_ramp_storage_envelopes_up_1_dn_1,7,42.069
172,hydroelectric_pumped_storage,base_ramp_storage_envelopes_up_1_dn_1,7,42.069
173,hydroelectric_pumped_storage,base_ramp_storage_envelopes_up_1_dn_1,7,42.069
174,hydroelectric_pumped_storage,base_ramp_storage_envelopes_up_1_dn_1,7,42.069
175,hydroelectric_pumped_storage,base_ramp_storage_envelopes_up_1_dn_1,7,42.069
176,hydroelectric_pumped_storage,base_ramp_storage_envelopes_up_1_dn_1,7,42.069
177,hydroelectric_pumped_storage,base_ramp_storage_envelopes_up_1_dn_1,7,42.069
178,hydroelectric_pumped_storage,base_ramp_storage_envelopes_up_1_dn_1,7,42.069
179,hydroelectric_pumped_storage,base_ramp_storage_envelopes_up_1_dn_1,7,42.069
180,hydroelectric_pumped_storage,base_ramp_storage_envelopes_up_1_dn_1,7,42.069
181,hydroelectric_pumped_storage,base_ramp_storage_envelopes_up_1_dn_1,7,42.069
182,hydroelectric_pumped_storage,base_ramp_storage_envelopes_up_1_dn_1,7,42.069
183,hydroelectric_pumped_storage,base_ramp_storage_envelopes_up_1_dn_1,7,42.069
184,hydroelectric_pumped_storage,base_ramp_storage_envelopes_up_1_dn_1,7,42.069
185,hydroelectric_pumped_storage,base_ramp_storage_envelopes_up_1_dn_1,7,42.069
186,hydroelectric_pumped_storage,base_ramp_storage_envelopes_up_1_dn_1,7,42.069
187,hydroelectric_pumped_storage,base_ramp_storage_envelopes_up_1_dn_1,7,42.069
188,hydroelectric_pumped_storage,base_ramp_storage_envelopes_up_1_dn_1,7,42.069
189,hydroelectric_pumped_storage,base_ramp_storage_envelopes_up_1_dn_1,7,42.069
190,hydroelectric_pumped_storage,base_ramp_storage_envelopes_up_1_dn_1,7,42.069
191,hydroelectric_pumped_storage,base_ramp_storage_envelopes_up_1_dn_1,7,42.069
192,hydroelectric_pumped_storage,base_ramp_storage_envelopes_up_1_dn_1,7,42.069
169,hydroelectric_pumped_storage,base_ramp_storage_envelopes_up_0_4_dn_0_4,7,42.069
170,hydroelectric_pumped_storage,base_ramp_storage_envelopes_up_0_4_dn_0_4,7,42.069
171,hydroelectric_pumped_storage,base_ramp_storage_envelopes_up_0_4_dn_0_4,7,42.069
172,hydroelectric_pumped_storage,base_ramp_storage_envelopes_up_0_4_dn_0_4,7,42.069
173,hydroelectric_pumped_storage,base_ramp_storage_envelopes_up_0_4_dn_0_4,7,42.069
174,hydroelectric_pumped_storage,base_ramp_storage_envelopes_up_0_4_dn_0_4,7,42.069
175,hydroelectric_pumped_storage,base_ramp_storage_envelopes_up_0_4_dn_0_4,7,42.069
176,hydroelectric_pumped_storage,base_ramp_storage_envelopes_up_0_4_dn_0_4,7,42.069
177,hydroelectric_pumped_storage,base_ramp_storage_envelopes_up_0_4_dn_0_4,7,42.069
178,hydroelectric_pumped_storage,base_ramp_storage_envelopes_up_0_4_dn_0_4,7,42.069
179,hydroelectric_pumped_storage,base_ramp_storage_envelopes_up_0_4_dn_0_4,7,42.069
180,hydroelectric_pumped_storage,base_ramp_storage_envelopes_up_0_4_dn_0_4,7,42.069
181,hydroelectric_pumped_storage,base_ramp_storage_envelopes_up_0_4_dn_0_4,7,42.069
182,hydroelectric_pumped_storage,base_ramp_storage_envelopes_up_0_4_dn_0_4,7,42.069
183,hydroelectric_pumped_storage,base_ramp_storage_envelopes_up_0_4_dn_0_4,7,42.069
184,hydroelectric_pumped_storage,base_ramp_storage_envelopes_up_0_4_dn_0_4,7,42.069
185,hydroelectric_pumped_storage,base_ramp_storage_envelopes_up_0_4_dn_0_4,7,42.069
186,hydroelectric_pumped_storage,base_ramp_storage_envelopes_up_0_4_dn_0_4,7,42.069
187,hydroelectric_pumped_storage,base_ramp_storage_envelopes_up_0_4_dn_0_4,7,42.069
188,hydroelectric_pumped_storage,base_ramp_storage_envelopes_up_0_4_dn_0_4,7,42.069
189,hydroelectric_pumped_storage,base_ramp_storage_envelopes_up_0_4_dn_0_4,7,42.069
190,hydroelectric_pumped_storage,base_ramp_storage_envelopes_up_0_4_dn_0_4,7,42.069
191,hydroelectric_pumped_storage,base_ramp_storage_envelopes_up_0_4_dn_0_4,7,42.069
192,hydroelectric_pumped_storage,base_ramp_storage_envelopes_up_0_4_dn_0_4,7,42.069
169,hydroelectric_pumped_storage,base_ramp_storage_envelopes_up_0_8_dn_0_8,7,42.069
170,hydroelectric_pumped_storage,base_ramp_storage_envelopes_up_0_8_dn_0_8,7,42.069
171,hydroelectric_pumped_storage,base_ramp_storage_envelopes_up_0_8_dn_0_8,7,42.069
172,hydroelectric_pumped_storage,base_ramp_storage_envelopes_up_0_8_dn_0_8,7,42.069
173,hydroelectric_pumped_storage,base_ramp_storage_envelopes_up_0_8_dn_0_8,7,42.069
174,hydroelectric_pumped_storage,base_ramp_storage_envelopes_up_0_8_dn_0_8,7,42.069
175,hydroelectric_pumped_storage,base_ramp_storage_envelopes_up_0_8_dn_0_8,7,42.069
176,hydroelectric_pumped_storage,base_ramp_storage_envelopes_up_0_8_dn_0_8,7,42.069
177,hydroelectric_pumped_storage,base_ramp_storage_envelopes_up_0_8_dn_0_8,7,42.069
178,hydroelectric_pumped_storage,base_ramp_storage_envelopes_up_0_8_dn_0_8,7,42.069
179,hydroelectric_pumped_storage,base_ramp_storage_envelopes_up_0_8_dn_0_8,7,42.069
180,hydroelectric_pumped_storage,base_ramp_storage_envelopes_up_0_8_dn_0_8,7,42.069
181,hydroelectric_pumped_storage,base_ramp_storage_envelopes_up_0_8_dn_0_8,7,42.069
182,hydroelectric_pumped_storage,base_ramp_storage_envelopes_up_0_8_dn_0_8,7,42.069
183,hydroelectric_pumped_storage,base_ramp_storage_envelopes_up_0_8_dn_0_8,7,42.069
184,hydroelectric_pumped_storage,base_ramp_storage_envelopes_up_0_8_dn_0_8,7,42.069
185,hydroelectric_pumped_storage,base_ramp_storage_envelopes_up_0_8_dn_0_8,7,42.069
186,hydroelectric_pumped_storage,base_ramp_storage_envelopes_up_0_8_dn_0_8,7,42.069
187,hydroelectric_pumped_storage,base_ramp_storage_envelopes_up_0_8_dn_0_8,7,42.069
188,hydroelectric_pumped_storage,base_ramp_storage_envelopes_up_0_8_dn_0_8,7,42.069
189,hydroelectric_pumped_storage,base_ramp_storage_envelopes_up_0_8_dn_0_8,7,42.069
190,hydroelectric_pumped_storage,base_ramp_storage_envelopes_up_0_8_dn_0_8,7,42.069
191,hydroelectric_pumped_storage,base_ramp_storage_envelopes_up_0_8_dn_0_8,7,42.069
192,hydroelectric_pumped_storage,base_ramp_storage_envelopes_up_0_8_dn_0_8,7,42.069
169,hydroelectric_pumped_storage,base_ramp_storage_envelopes_up_0_dn_0,7,42.069
170,hydroelectric_pumped_storage,base_ramp_storage_envelopes_up_0_dn_0,7,42.069
171,hydroelectric_pumped_storage,base_ramp_storage_envelopes_up_0_dn_0,7,42.069
172,hydroelectric_pumped_storage,base_ramp_storage_envelopes_up_0_dn_0,7,42.069
173,hydroelectric_pumped_storage,base_ramp_storage_envelopes_up_0_dn_0,7,42.069
174,hydroelectric_pumped_storage,base_ramp_storage_envelopes_up_0_dn_0,7,42.069
175,hydroelectric_pumped_storage,base_ramp_storage_envelopes_up_0_dn_0,7,42.069
176,hydroelectric_pumped_storage,base_ramp_storage_envelopes_up_0_dn_0,7,42.06899999999999
177,hydroelectric_pumped_storage,base_ramp_storage_envelopes_up_0_dn_0,7,42.069
178,hydroelectric_pumped_storage,base_ramp_storage_envelopes_up_0_dn_0,7,42.069
179,hydroelectric_pumped_storage,base_ramp_storage_envelopes_up_0_dn_0,7,42.069
180,hydroelectric_pumped_storage,base_ramp_storage_envelopes_up_0_dn_0,7,42.069
181,hydroelectric_pumped_storage,base_ramp_storage_envelopes_up_0_dn_0,7,42.069
182,hydroelectric_pumped_storage,base_ramp_storage_envelopes_up_0_dn_0,7,42.06899999999996
183,hydroelectric_pumped_storage,base_ramp_storage_envelopes_up_0_dn_0,7,42.069
184,hydroelectric_pumped_storage,base_ramp_storage_envelopes_up_0_dn_0,7,42.06899999999999
185,hydroelectric_pumped_storage,base_ramp_storage_envelopes_up_0_dn_0,7,42.069
186,hydroelectric_pumped_storage,base_ramp_storage_envelopes_up_0_dn_0,7,42.069
187,hydroelectric_pumped_storage,base_ramp_storage_envelopes_up_0_dn_0,7,42.069
188,hydroelectric_pumped_storage,base_ramp_storage_envelopes_up_0_dn_0,7,42.069
189,hydroelectric_pumped_storage,base_ramp_storage_envelopes_up_0_dn_0,7,42.069
190,hydroelectric_pumped_storage,base_ramp_storage_envelopes_up_0_dn_0,7,42.069
191,hydroelectric_pumped_storage,base_ramp_storage_envelopes_up_0_dn_0,7,42.069
192,hydroelectric_pumped_storage,base_ramp_storage_envelopes_up_0_dn_0,7,42.06900000000002
169,hydroelectric_pumped_storage,base_ramp_storage_envelopes_up_0_6_dn_0_6,7,42.069
170,hydroelectric_pumped_storage,base_ramp_storage_envelopes_up_0_6_dn_0_6,7,42.069
171,hydroelectric_pumped_storage,base_ramp_storage_envelopes_up_0_6_dn_0_6,7,42.069
172,hydroelectric_pumped_storage,base_ramp_storage_envelopes_up_0_6_dn_0_6,7,42.069
173,hydroelectric_pumped_storage,base_ramp_storage_envelopes_up_0_6_dn_0_6,7,42.069
174,hydroelectric_pumped_storage,base_ramp_storage_envelopes_up_0_6_dn_0_6,7,42.069
175,hydroelectric_pumped_storage,base_ramp_storage_envelopes_up_0_6_dn_0_6,7,42.069
176,hydroelectric_pumped_storage,base_ramp_storage_envelopes_up_0_6_dn_0_6,7,42.069
177,hydroelectric_pumped_storage,base_ramp_storage_envelopes_up_0_6_dn_0_6,7,42.069
178,hydroelectric_pumped_storage,base_ramp_storage_envelopes_up_0_6_dn_0_6,7,42.069
179,hydroelectric_pumped_storage,base_ramp_storage_envelopes_up_0_6_dn_0_6,7,42.069
180,hydroelectric_pumped_storage,base_ramp_storage_envelopes_up_0_6_dn_0_6,7,42.069
181,hydroelectric_pumped_storage,base_ramp_storage_envelopes_up_0_6_dn_0_6,7,42.069
182,hydroelectric_pumped_storage,base_ramp_storage_envelopes_up_0_6_dn_0_6,7,42.069
183,hydroelectric_pumped_storage,base_ramp_storage_envelopes_up_0_6_dn_0_6,7,42.069
184,hydroelectric_pumped_storage,base_ramp_storage_envelopes_up_0_6_dn_0_6,7,42.069
185,hydroelectric_pumped_storage,base_ramp_storage_envelopes_up_0_6_dn_0_6,7,42.069
186,hydroelectric_pumped_storage,base_ramp_storage_envelopes_up_0_6_dn_0_6,7,42.069
187,hydroelectric_pumped_storage,base_ramp_storage_envelopes_up_0_6_dn_0_6,7,42.069
188,hydroelectric_pumped_storage,base_ramp_storage_envelopes_up_0_6_dn_0_6,7,42.069
189,hydroelectric_pumped_storage,base_ramp_storage_envelopes_up_0_6_dn_0_6,7,42.069
190,hydroelectric_pumped_storage,base_ramp_storage_envelopes_up_0_6_dn_0_6,7,42.069
191,hydroelectric_pumped_storage,base_ramp_storage_envelopes_up_0_6_dn_0_6,7,42.069
192,hydroelectric_pumped_storage,base_ramp_storage_envelopes_up_0_6_dn_0_6,7,42.069
169,onshore_wind_turbine,base_ramp_storage_envelopes_up_0_2_dn_0_2,7,116.67712000000002
170,onshore_wind_turbine,base_ramp_storage_envelopes_up_0_2_dn_0_2,7,100.07423999999997
171,onshore_wind_turbine,base_ramp_storage_envelopes_up_0_2_dn_0_2,7,75.11552
172,onshore_wind_turbine,base_ramp_storage_envelopes_up_0_2_dn_0_2,7,103.70816
173,onshore_wind_turbine,base_ramp_storage_envelopes_up_0_2_dn_0_2,7,103.46879999999999
174,onshore_wind_turbine,base_ramp_storage_envelopes_up_0_2_dn_0_2,7,155.32288
175,onshore_wind_turbine,base_ramp_storage_envelopes_up_0_2_dn_0_2,7,163.50464
176,onshore_wind_turbine,base_ramp_storage_envelopes_up_0_2_dn_0_2,7,124.48896
177,onshore_wind_turbine,base_ramp_storage_envelopes_up_0_2_dn_0_2,7,129.3632
178,onshore_wind_turbine,base_ramp_storage_envelopes_up_0_2_dn_0_2,7,180.89088000000015
179,onshore_wind_turbine,base_ramp_storage_envelopes_up_0_2_dn_0_2,7,173.12256
180,onshore_wind_turbine,base_ramp_storage_envelopes_up_0_2_dn_0_2,7,175.25503999999984
181,onshore_wind_turbine,base_ramp_storage_envelopes_up_0_2_dn_0_2,7,160.71936
182,onshore_wind_turbine,base_ramp_storage_envelopes_up_0_2_dn_0_2,7,98.0288
183,onshore_wind_turbine,base_ramp_storage_envelopes_up_0_2_dn_0_2,7,84.12416
184,onshore_wind_turbine,base_ramp_storage_envelopes_up_0_2_dn_0_2,7,79.38048
185,onshore_wind_turbine,base_ramp_storage_envelopes_up_0_2_dn_0_2,7,60.144639999999995
186,onshore_wind_turbine,base_ramp_storage_envelopes_up_0_2_dn_0_2,7,14.20928
187,onshore_wind_turbine,base_ramp_storage_envelopes_up_0_2_dn_0_2,7,8.5952
188,onshore_wind_turbine,base_ramp_storage_envelopes_up_0_2_dn_0_2,7,24.305919999999997
189,onshore_wind_turbine,base_ramp_storage_envelopes_up_0_2_dn_0_2,7,83.68896
190,onshore_wind_turbine,base_ramp_storage_envelopes_up_0_2_dn_0_2,7,43.60704
191,onshore_wind_turbine,base_ramp_storage_envelopes_up_0_2_dn_0_2,7,45.13024
192,onshore_wind_turbine,base_ramp_storage_envelopes_up_0_2_dn_0_2,7,94.61248000000002
169,onshore_wind_turbine,base_ramp_storage_envelopes_up_1_dn_1,7,116.67712000000002
170,onshore_wind_turbine,base_ramp_storage_envelopes_up_1_dn_1,7,100.07423999999997
171,onshore_wind_turbine,base_ramp_storage_envelopes_up_1_dn_1,7,75.11552
172,onshore_wind_turbine,base_ramp_storage_envelopes_up_1_dn_1,7,103.70816
173,onshore_wind_turbine,base_ramp_storage_envelopes_up_1_dn_1,7,103.46879999999999
174,onshore_wind_turbine,base_ramp_storage_envelopes_up_1_dn_1,7,155.32288
175,onshore_wind_turbine,base_ramp_storage_envelopes_up_1_dn_1,7,163.50464
176,onshore_wind_turbine,base_ramp_storage_envelopes_up_1_dn_1,7,124.48896
177,onshore_wind_turbine,base_ramp_storage_envelopes_up_1_dn_1,7,129.3632
178,onshore_wind_turbine,base_ramp_storage_envelopes_up_1_dn_1,7,180.89088000000015
179,onshore_wind_turbine,base_ramp_storage_envelopes_up_1_dn_1,7,173.12256
180,onshore_wind_turbine,base_ramp_storage_envelopes_up_1_dn_1,7,175.25503999999984
181,onshore_wind_turbine,base_ramp_storage_envelopes_up_1_dn_1,7,160.71936
182,onshore_wind_turbine,base_ramp_storage_envelopes_up_1_dn_1,7,98.0288
183,onshore_wind_turbine,base_ramp_storage_envelopes_up_1_dn_1,7,84.12416
184,onshore_wind_turbine,base_ramp_storage_envelopes_up_1_dn_1,7,79.38048
185,onshore_wind_turbine,base_ramp_storage_envelopes_up_1_dn_1,7,60.144639999999995
186,onshore_wind_turbine,base_ramp_storage_envelopes_up_1_dn_1,7,14.20928
187,onshore_wind_turbine,base_ramp_storage_envelopes_up_1_dn_1,7,8.5952
188,onshore_wind_turbine,base_ramp_storage_envelopes_up_1_dn_1,7,24.305919999999997
189,onshore_wind_turbine,base_ramp_storage_envelopes_up_1_dn_1,7,83.68896
190,onshore_wind_turbine,base_ramp_storage_envelopes_up_1_dn_1,7,43.60704
191,onshore_wind_turbine,base_ramp_storage_envelopes_up_1_dn_1,7,45.13024
192,onshore_wind_turbine,base_ramp_storage_envelopes_up_1_dn_1,7,94.61248000000002
169,onshore_wind_turbine,base_ramp_storage_envelopes_up_0_4_dn_0_4,7,116.67712000000002
170,onshore_wind_turbine,base_ramp_storage_envelopes_up_0_4_dn_0_4,7,100.07423999999997
171,onshore_wind_turbine,base_ramp_storage_envelopes_up_0_4_dn_0_4,7,75.11552
172,onshore_wind_turbine,base_ramp_storage_envelopes_up_0_4_dn_0_4,7,103.70816
173,onshore_wind_turbine,base_ramp_storage_envelopes_up_0_4_dn_0_4,7,103.46879999999999
174,onshore_wind_turbine,base_ramp_storage_envelopes_up_0_4_dn_0_4,7,155.32288
175,onshore_wind_turbine,base_ramp_storage_envelopes_up_0_4_dn_0_4,7,163.50464
176,onshore_wind_turbine,base_ramp_storage_envelopes_up_0_4_dn_0_4,7,124.48896
177,onshore_wind_turbine,base_ramp_storage_envelopes_up_0_4_dn_0_4,7,129.3632
178,onshore_wind_turbine,base_ramp_storage_envelopes_up_0_4_dn_0_4,7,180.89088000000015
179,onshore_wind_turbine,base_ramp_storage_envelopes_up_0_4_dn_0_4,7,173.12256
180,onshore_wind_turbine,base_ramp_storage_envelopes_up_0_4_dn_0_4,7,175.25503999999984
181,onshore_wind_turbine,base_ramp_storage_envelopes_up_0_4_dn_0_4,7,160.71936
182,onshore_wind_turbine,base_ramp_storage_envelopes_up_0_4_dn_0_4,7,98.0288
183,onshore_wind_turbine,base_ramp_storage_envelopes_up_0_4_dn_0_4,7,84.12416
184,onshore_wind_turbine,base_ramp_storage_envelopes_up_0_4_dn_0_4,7,79.38048
185,onshore_wind_turbine,base_ramp_storage_envelopes_up_0_4_dn_0_4,7,60.144639999999995
186,onshore_wind_turbine,base_ramp_storage_envelopes_up_0_4_dn_0_4,7,14.20928
187,onshore_wind_turbine,base_ramp_storage_envelopes_up_0_4_dn_0_4,7,8.5952
188,onshore_wind_turbine,base_ramp_storage_envelopes_up_0_4_dn_0_4,7,24.305919999999997
189,onshore_wind_turbine,base_ramp_storage_envelopes_up_0_4_dn_0_4,7,83.68896
190,onshore_wind_turbine,base_ramp_storage_envelopes_up_0_4_dn_0_4,7,43.60704
191,onshore_wind_turbine,base_ramp_storage_envelopes_up_0_4_dn_0_4,7,45.13024
192,onshore_wind_turbine,base_ramp_storage_envelopes_up_0_4_dn_0_4,7,94.61248000000002
169,onshore_wind_turbine,base_ramp_storage_envelopes_up_0_8_dn_0_8,7,116.67712000000002
170,onshore_wind_turbine,base_ramp_storage_envelopes_up_0_8_dn_0_8,7,100.07423999999997
171,onshore_wind_turbine,base_ramp_storage_envelopes_up_0_8_dn_0_8,7,75.11552
172,onshore_wind_turbine,base_ramp_storage_envelopes_up_0_8_dn_0_8,7,103.70816
173,onshore_wind_turbine,base_ramp_storage_envelopes_up_0_8_dn_0_8,7,103.46879999999999
174,onshore_wind_turbine,base_ramp_storage_envelopes_up_0_8_dn_0_8,7,155.32288
175,onshore_wind_turbine,base_ramp_storage_envelopes_up_0_8_dn_0_8,7,163.50464
176,onshore_wind_turbine,base_ramp_storage_envelopes_up_0_8_dn_0_8,7,124.48896
177,onshore_wind_turbine,base_ramp_storage_envelopes_up_0_8_dn_0_8,7,129.3632
178,onshore_wind_turbine,base_ramp_storage_envelopes_up_0_8_dn_0_8,7,180.89088000000015
179,onshore_wind_turbine,base_ramp_storage_envelopes_up_0_8_dn_0_8,7,173.12256
180,onshore_wind_turbine,base_ramp_storage_envelopes_up_0_8_dn_0_8,7,175.25503999999984
181,onshore_wind_turbine,base_ramp_storage_envelopes_up_0_8_dn_0_8,7,160.71936
182,onshore_wind_turbine,base_ramp_storage_envelopes_up_0_8_dn_0_8,7,98.0288
183,onshore_wind_turbine,base_ramp_storage_envelopes_up_0_8_dn_0_8,7,84.12416
184,onshore_wind_turbine,base_ramp_storage_envelopes_up_0_8_dn_0_8,7,79.38048
185,onshore_wind_turbine,base_ramp_storage_envelopes_up_0_8_dn_0_8,7,60.144639999999995
186,onshore_wind_turbine,base_ramp_storage_envelopes_up_0_8_dn_0_8,7,14.20928
187,onshore_wind_turbine,base_ramp_storage_envelopes_up_0_8_dn_0_8,7,8.5952
188,onshore_wind_turbine,base_ramp_storage_envelopes_up_0_8_dn_0_8,7,24.305919999999997
189,onshore_wind_turbine,base_ramp_storage_envelopes_up_0_8_dn_0_8,7,83.68896
190,onshore_wind_turbine,base_ramp_storage_envelopes_up_0_8_dn_0_8,7,43.60704
191,onshore_wind_turbine,base_ramp_storage_envelopes_up_0_8_dn_0_8,7,45.13024
192,onshore_wind_turbine,base_ramp_storage_envelopes_up_0_8_dn_0_8,7,94.61248000000002
169,onshore_wind_turbine,base_ramp_storage_envelopes_up_0_dn_0,7,116.67712000000002
170,onshore_wind_turbine,base_ramp_storage_envelopes_up_0_dn_0,7,100.07423999999997
171,onshore_wind_turbine,base_ramp_storage_envelopes_up_0_dn_0,7,75.11552
172,onshore_wind_turbine,base_ramp_storage_envelopes_up_0_dn_0,7,103.70816
173,onshore_wind_turbine,base_ramp_storage_envelopes_up_0_dn_0,7,103.46879999999999
174,onshore_wind_turbine,base_ramp_storage_envelopes_up_0_dn_0,7,155.32288
175,onshore_wind_turbine,base_ramp_storage_envelopes_up_0_dn_0,7,163.50464
176,onshore_wind_turbine,base_ramp_storage_envelopes_up_0_dn_0,7,124.48896
177,onshore_wind_turbine,base_ramp_storage_envelopes_up_0_dn_0,7,129.3632
178,onshore_wind_turbine,base_ramp_storage_envelopes_up_0_dn_0,7,180.89087999999987
179,onshore_wind_turbine,base_ramp_storage_envelopes_up_0_dn_0,7,173.12256
180,onshore_wind_turbine,base_ramp_storage_envelopes_up_0_dn_0,7,175.25503999999978
181,onshore_wind_turbine,base_ramp_storage_envelopes_up_0_dn_0,7,160.71936
182,onshore_wind_turbine,base_ramp_storage_envelopes_up_0_dn_0,7,98.0288
183,onshore_wind_turbine,base_ramp_storage_envelopes_up_0_dn_0,7,84.12416
184,onshore_wind_turbine,base_ramp_storage_envelopes_up_0_dn_0,7,79.38048
185,onshore_wind_turbine,base_ramp_storage_envelopes_up_0_dn_0,7,60.144639999999995
186,onshore_wind_turbine,base_ramp_storage_envelopes_up_0_dn_0,7,14.20928
187,onshore_wind_turbine,base_ramp_storage_envelopes_up_0_dn_0,7,8.595199999999998
188,onshore_wind_turbine,base_ramp_storage_envelopes_up_0_dn_0,7,24.305919999999997
189,onshore_wind_turbine,base_ramp_storage_envelopes_up_0_dn_0,7,83.68896
190,onshore_wind_turbine,base_ramp_storage_envelopes_up_0_dn_0,7,43.60704
191,onshore_wind_turbine,base_ramp_storage_envelopes_up_0_dn_0,7,45.13024
192,onshore_wind_turbine,base_ramp_storage_envelopes_up_0_dn_0,7,94.61248
169,onshore_wind_turbine,base_ramp_storage_envelopes_up_0_6_dn_0_6,7,116.67712000000002
170,onshore_wind_turbine,base_ramp_storage_envelopes_up_0_6_dn_0_6,7,100.07423999999997
171,onshore_wind_turbine,base_ramp_storage_envelopes_up_0_6_dn_0_6,7,75.11552
172,onshore_wind_turbine,base_ramp_storage_envelopes_up_0_6_dn_0_6,7,103.70816
173,onshore_wind_turbine,base_ramp_storage_envelopes_up_0_6_dn_0_6,7,103.46879999999999
174,onshore_wind_turbine,base_ramp_storage_envelopes_up_0_6_dn_0_6,7,155.32288
175,onshore_wind_turbine,base_ramp_storage_envelopes_up_0_6_dn_0_6,7,163.50464
176,onshore_wind_turbine,base_ramp_storage_envelopes_up_0_6_dn_0_6,7,124.48896
177,onshore_wind_turbine,base_ramp_storage_envelopes_up_0_6_dn_0_6,7,129.3632
178,onshore_wind_turbine,base_ramp_storage_envelopes_up_0_6_dn_0_6,7,180.89088000000015
179,onshore_wind_turbine,base_ramp_storage_envelopes_up_0_6_dn_0_6,7,173.12256
180,onshore_wind_turbine,base_ramp_storage_envelopes_up_0_6_dn_0_6,7,175.25503999999984
181,onshore_wind_turbine,base_ramp_storage_envelopes_up_0_6_dn_0_6,7,160.71936
182,onshore_wind_turbine,base_ramp_storage_envelopes_up_0_6_dn_0_6,7,98.0288
183,onshore_wind_turbine,base_ramp_storage_envelopes_up_0_6_dn_0_6,7,84.12416
184,onshore_wind_turbine,base_ramp_storage_envelopes_up_0_6_dn_0_6,7,79.38048
185,onshore_wind_turbine,base_ramp_storage_envelopes_up_0_6_dn_0_6,7,60.144639999999995
186,onshore_wind_turbine,base_ramp_storage_envelopes_up_0_6_dn_0_6,7,14.20928
187,onshore_wind_turbine,base_ramp_storage_envelopes_up_0_6_dn_0_6,7,8.5952
188,onshore_wind_turbine,base_ramp_storage_envelopes_up_0_6_dn_0_6,7,24.305919999999997
189,onshore_wind_turbine,base_ramp_storage_envelopes_up_0_6_dn_0_6,7,83.68896
190,onshore_wind_turbine,base_ramp_storage_envelopes_up_0_6_dn_0_6,7,43.60704
191,onshore_wind_turbine,base_ramp_storage_envelopes_up_0_6_dn_0_6,7,45.13024
192,onshore_wind_turbine,base_ramp_storage_envelopes_up_0_6_dn_0_6,7,94.61248000000002
169,natural_gas_fired_combined_cycle,base_ramp_storage_envelopes_up_0_2_dn_0_2,7,1258.725
170,natural_gas_fired_combined_cycle,base_ramp_storage_envelopes_up_0_2_dn_0_2,7,1258.725
171,natural_gas_fired_combined_cycle,base_ramp_storage_envelopes_up_0_2_dn_0_2,7,1258.725
172,natural_gas_fired_combined_cycle,base_ramp_storage_envelopes_up_0_2_dn_0_2,7,1258.725
173,natural_gas_fired_combined_cycle,base_ramp_storage_envelopes_up_0_2_dn_0_2,7,1258.725
174,natural_gas_fired_combined_cycle,base_ramp_storage_envelopes_up_0_2_dn_0_2,7,1258.725
175,natural_gas_fired_combined_cycle,base_ramp_storage_envelopes_up_0_2_dn_0_2,7,1258.725
176,natural_gas_fired_combined_cycle,base_ramp_storage_envelopes_up_0_2_dn_0_2,7,1258.725
177,natural_gas_fired_combined_cycle,base_ramp_storage_envelopes_up_0_2_dn_0_2,7,1059.8803096594752
178,natural_gas_fired_combined_cycle,base_ramp_storage_envelopes_up_0_2_dn_0_2,7,969.8515303644037
179,natural_gas_fired_combined_cycle,base_ramp_storage_envelopes_up_0_2_dn_0_2,7,1092.3153532990702
180,natural_gas_fired_combined_cycle,base_ramp_storage_envelopes_up_0_2_dn_0_2,7,958.323148
181,natural_gas_fired_combined_cycle,base_ramp_storage_envelopes_up_0_2_dn_0_2,7,1065.6088280000001
182,natural_gas_fired_combined_cycle,base_ramp_storage_envelopes_up_0_2_dn_0_2,7,990.7986571504564
183,natural_gas_fired_combined_cycle,base_ramp_storage_envelopes_up_0_2_dn_0_2,7,900.3653130012592
184,natural_gas_fired_combined_cycle,base_ramp_storage_envelopes_up_0_2_dn_0_2,7,1142.4477080000001
185,natural_gas_fired_combined_cycle,base_ramp_storage_envelopes_up_0_2_dn_0_2,7,1226.972391
186,natural_gas_fired_combined_cycle,base_ramp_storage_envelopes_up_0_2_dn_0_2,7,1565.3967894559341
187,natural_gas_fired_combined_cycle,base_ramp_storage_envelopes_up_0_2_dn_0_2,7,1515.042072557749
188,natural_gas_fired_combined_cycle,base_ramp_storage_envelopes_up_0_2_dn_0_2,7,1460.7618109999999
189,natural_gas_fired_combined_cycle,base_ramp_storage_envelopes_up_0_2_dn_0_2,7,1258.725
190,natural_gas_fired_combined_cycle,base_ramp_storage_envelopes_up_0_2_dn_0_2,7,1258.725
191,natural_gas_fired_combined_cycle,base_ramp_storage_envelopes_up_0_2_dn_0_2,7,1258.725
192,natural_gas_fired_combined_cycle,base_ramp_storage_envelopes_up_0_2_dn_0_2,7,1258.725
169,natural_gas_fired_combined_cycle,base_ramp_storage_envelopes_up_1_dn_1,7,1258.725
170,natural_gas_fired_combined_cycle,base_ramp_storage_envelopes_up_1_dn_1,7,1258.725
171,natural_gas_fired_combined_cycle,base_ramp_storage_envelopes_up_1_dn_1,7,1258.725
172,natural_gas_fired_combined_cycle,base_ramp_storage_envelopes_up_1_dn_1,7,1258.725
173,natural_gas_fired_combined_cycle,base_ramp_storage_envelopes_up_1_dn_1,7,1258.725
174,natural_gas_fired_combined_cycle,base_ramp_storage_envelopes_up_1_dn_1,7,1258.725
175,natural_gas_fired_combined_cycle,base_ramp_storage_envelopes_up_1_dn_1,7,1258.725
176,natural_gas_fired_combined_cycle,base_ramp_storage_envelopes_up_1_dn_1,7,1258.725
177,natural_gas_fired_combined_cycle,base_ramp_storage_envelopes_up_1_dn_1,7,1047.3251233181154
178,natural_gas_fired_combined_cycle,base_ramp_storage_envelopes_up_1_dn_1,7,770.5219403181155
179,natural_gas_fired_combined_cycle,base_ramp_storage_envelopes_up_1_dn_1,7,571.645
180,natural_gas_fired_combined_cycle,base_ramp_storage_envelopes_up_1_dn_1,7,571.645
181,natural_gas_fired_combined_cycle,base_ramp_storage_envelopes_up_1_dn_1,7,571.645
182,natural_gas_fired_combined_cycle,base_ramp_storage_envelopes_up_1_dn_1,7,571.645
183,natural_gas_fired_combined_cycle,base_ramp_storage_envelopes_up_1_dn_1,7,571.645
184,natural_gas_fired_combined_cycle,base_ramp_storage_envelopes_up_1_dn_1,7,818.5477080000001
185,natural_gas_fired_combined_cycle,base_ramp_storage_envelopes_up_1_dn_1,7,1093.857692
186,natural_gas_fired_combined_cycle,base_ramp_storage_envelopes_up_1_dn_1,7,1934.023
187,natural_gas_fired_combined_cycle,base_ramp_storage_envelopes_up_1_dn_1,7,1810.8138444448743
188,natural_gas_fired_combined_cycle,base_ramp_storage_envelopes_up_1_dn_1,7,1934.023
189,natural_gas_fired_combined_cycle,base_ramp_storage_envelopes_up_1_dn_1,7,1597.8429999999998
190,natural_gas_fired_combined_cycle,base_ramp_storage_envelopes_up_1_dn_1,7,1597.8429999999998
191,natural_gas_fired_combined_cycle,base_ramp_storage_envelopes_up_1_dn_1,7,1597.8429999999998
192,natural_gas_fired_combined_cycle,base_ramp_storage_envelopes_up_1_dn_1,7,1396.165708
169,natural_gas_fired_combined_cycle,base_ramp_storage_envelopes_up_0_4_dn_0_4,7,1258.725
170,natural_gas_fired_combined_cycle,base_ramp_storage_envelopes_up_0_4_dn_0_4,7,1258.725
171,natural_gas_fired_combined_cycle,base_ramp_storage_envelopes_up_0_4_dn_0_4,7,1258.725
172,natural_gas_fired_combined_cycle,base_ramp_storage_envelopes_up_0_4_dn_0_4,7,1258.725
173,natural_gas_fired_combined_cycle,base_ramp_storage_envelopes_up_0_4_dn_0_4,7,1258.725
174,natural_gas_fired_combined_cycle,base_ramp_storage_envelopes_up_0_4_dn_0_4,7,1258.725
175,natural_gas_fired_combined_cycle,base_ramp_storage_envelopes_up_0_4_dn_0_4,7,1258.725
176,natural_gas_fired_combined_cycle,base_ramp_storage_envelopes_up_0_4_dn_0_4,7,1258.725
177,natural_gas_fired_combined_cycle,base_ramp_storage_envelopes_up_0_4_dn_0_4,7,1226.6939419999999
178,natural_gas_fired_combined_cycle,base_ramp_storage_envelopes_up_0_4_dn_0_4,7,949.890759
179,natural_gas_fired_combined_cycle,base_ramp_storage_envelopes_up_0_4_dn_0_4,7,851.2411452239594
180,natural_gas_fired_combined_cycle,base_ramp_storage_envelopes_up_0_4_dn_0_4,7,1029.1135728303666
181,natural_gas_fired_combined_cycle,base_ramp_storage_envelopes_up_0_4_dn_0_4,7,784.3414478303666
182,natural_gas_fired_combined_cycle,base_ramp_storage_envelopes_up_0_4_dn_0_4,7,924.8986571504565
183,natural_gas_fired_combined_cycle,base_ramp_storage_envelopes_up_0_4_dn_0_4,7,746.290551
184,natural_gas_fired_combined_cycle,base_ramp_storage_envelopes_up_0_4_dn_0_4,7,1006.0477080000001
185,natural_gas_fired_combined_cycle,base_ramp_storage_envelopes_up_0_4_dn_0_4,7,1183.1854554395147
186,natural_gas_fired_combined_cycle,base_ramp_storage_envelopes_up_0_4_dn_0_4,7,1587.6657132240007
187,natural_gas_fired_combined_cycle,base_ramp_storage_envelopes_up_0_4_dn_0_4,7,1597.8429999999998
188,natural_gas_fired_combined_cycle,base_ramp_storage_envelopes_up_0_4_dn_0_4,7,1597.8429999999998
189,natural_gas_fired_combined_cycle,base_ramp_storage_envelopes_up_0_4_dn_0_4,7,1563.9610518272618
190,natural_gas_fired_combined_cycle,base_ramp_storage_envelopes_up_0_4_dn_0_4,7,1258.725
191,natural_gas_fired_combined_cycle,base_ramp_storage_envelopes_up_0_4_dn_0_4,7,1258.725
192,natural_gas_fired_combined_cycle,base_ramp_storage_envelopes_up_0_4_dn_0_4,7,1258.725
169,natural_gas_fired_combined_cycle,base_ramp_storage_envelopes_up_0_8_dn_0_8,7,1258.725
170,natural_gas_fired_combined_cycle,base_ramp_storage_envelopes_up_0_8_dn_0_8,7,1258.725
171,natural_gas_fired_combined_cycle,base_ramp_storage_envelopes_up_0_8_dn_0_8,7,1258.725
172,natural_gas_fired_combined_cycle,base_ramp_storage_envelopes_up_0_8_dn_0_8,7,1258.725
173,natural_gas_fired_combined_cycle,base_ramp_storage_envelopes_up_0_8_dn_0_8,7,1258.725
174,natural_gas_fired_combined_cycle,base_ramp_storage_envelopes_up_0_8_dn_0_8,7,1258.725
175,natural_gas_fired_combined_cycle,base_ramp_storage_envelopes_up_0_8_dn_0_8,7,1258.725
176,natural_gas_fired_combined_cycle,base_ramp_storage_envelopes_up_0_8_dn_0_8,7,1258.725
177,natural_gas_fired_combined_cycle,base_ramp_storage_envelopes_up_0_8_dn_0_8,7,1226.6939419999999
178,natural_gas_fired_combined_cycle,base_ramp_storage_envelopes_up_0_8_dn_0_8,7,957.7838192373318
179,natural_gas_fired_combined_cycle,base_ramp_storage_envelopes_up_0_8_dn_0_8,7,697.3688102373318
180,natural_gas_fired_combined_cycle,base_ramp_storage_envelopes_up_0_8_dn_0_8,7,664.323148
181,natural_gas_fired_combined_cycle,base_ramp_storage_envelopes_up_0_8_dn_0_8,7,571.645
182,natural_gas_fired_combined_cycle,base_ramp_storage_envelopes_up_0_8_dn_0_8,7,571.645
183,natural_gas_fired_combined_cycle,base_ramp_storage_envelopes_up_0_8_dn_0_8,7,602.566407
184,natural_gas_fired_combined_cycle,base_ramp_storage_envelopes_up_0_8_dn_0_8,7,862.323564
185,natural_gas_fired_combined_cycle,base_ramp_storage_envelopes_up_0_8_dn_0_8,7,1137.633548
186,natural_gas_fired_combined_cycle,base_ramp_storage_envelopes_up_0_8_dn_0_8,7,1597.8429999999998
187,natural_gas_fired_combined_cycle,base_ramp_storage_envelopes_up_0_8_dn_0_8,7,1597.8429999999998
188,natural_gas_fired_combined_cycle,base_ramp_storage_envelopes_up_0_8_dn_0_8,7,1597.8429999999998
189,natural_gas_fired_combined_cycle,base_ramp_storage_envelopes_up_0_8_dn_0_8,7,1597.8429999999998
190,natural_gas_fired_combined_cycle,base_ramp_storage_envelopes_up_0_8_dn_0_8,7,1597.8429999999998
191,natural_gas_fired_combined_cycle,base_ramp_storage_envelopes_up_0_8_dn_0_8,7,1597.8429999999998
192,natural_gas_fired_combined_cycle,base_ramp_storage_envelopes_up_0_8_dn_0_8,7,1597.8429999999998
169,natural_gas_fired_combined_cycle,base_ramp_storage_envelopes_up_0_dn_0,7,1258.725
170,natural_gas_fired_combined_cycle,base_ramp_storage_envelopes_up_0_dn_0,7,1258.725
171,natural_gas_fired_combined_cycle,base_ramp_storage_envelopes_up_0_dn_0,7,1258.725
172,natural_gas_fired_combined_cycle,base_ramp_storage_envelopes_up_0_dn_0,7,1258.725
173,natural_gas_fired_combined_cycle,base_ramp_storage_envelopes_up_0_dn_0,7,1258.725
174,natural_gas_fired_combined_cycle,base_ramp_storage_envelopes_up_0_dn_0,7,1258.725
175,natural_gas_fired_combined_cycle,base_ramp_storage_envelopes_up_0_dn_0,7,1258.725
176,natural_gas_fired_combined_cycle,base_ramp_storage_envelopes_up_0_dn_0,7,1258.725
177,natural_gas_fired_combined_cycle,base_ramp_storage_envelopes_up_0_dn_0,7,1089.864988
178,natural_gas_fired_combined_cycle,base_ramp_storage_envelopes_up_0_dn_0,7,1194.6628839999998
179,natural_gas_fired_combined_cycle,base_ramp_storage_envelopes_up_0_dn_0,7,974.1270161019835
180,natural_gas_fired_combined_cycle,base_ramp_storage_envelopes_up_0_dn_0,7,1125.3355624942942
181,natural_gas_fired_combined_cycle,base_ramp_storage_envelopes_up_0_dn_0,7,1013.8417780596872
182,natural_gas_fired_combined_cycle,base_ramp_storage_envelopes_up_0_dn_0,7,1175.1493880000003
183,natural_gas_fired_combined_cycle,base_ramp_storage_envelopes_up_0_dn_0,7,1179.02
184,natural_gas_fired_combined_cycle,base_ramp_storage_envelopes_up_0_dn_0,7,982.3622635113046
185,natural_gas_fired_combined_cycle,base_ramp_storage_envelopes_up_0_dn_0,7,1226.972391
186,natural_gas_fired_combined_cycle,base_ramp_storage_envelopes_up_0_dn_0,7,1258.725
187,natural_gas_fired_combined_cycle,base_ramp_storage_envelopes_up_0_dn_0,7,1258.725
188,natural_gas_fired_combined_cycle,base_ramp_storage_envelopes_up_0_dn_0,7,1258.725
189,natural_gas_fired_combined_cycle,base_ramp_storage_envelopes_up_0_dn_0,7,1258.725
190,natural_gas_fired_combined_cycle,base_ramp_storage_envelopes_up_0_dn_0,7,1258.725
191,natural_gas_fired_combined_cycle,base_ramp_storage_envelopes_up_0_dn_0,7,1258.725
192,natural_gas_fired_combined_cycle,base_ramp_storage_envelopes_up_0_dn_0,7,1258.725
169,natural_gas_fired_combined_cycle,base_ramp_storage_envelopes_up_0_6_dn_0_6,7,1258.725
170,natural_gas_fired_combined_cycle,base_ramp_storage_envelopes_up_0_6_dn_0_6,7,1258.725
171,natural_gas_fired_combined_cycle,base_ramp_storage_envelopes_up_0_6_dn_0_6,7,1258.725
172,natural_gas_fired_combined_cycle,base_ramp_storage_envelopes_up_0_6_dn_0_6,7,1258.725
173,natural_gas_fired_combined_cycle,base_ramp_storage_envelopes_up_0_6_dn_0_6,7,1258.725
174,natural_gas_fired_combined_cycle,base_ramp_storage_envelopes_up_0_6_dn_0_6,7,1258.725
175,natural_gas_fired_combined_cycle,base_ramp_storage_envelopes_up_0_6_dn_0_6,7,1258.725
176,natural_gas_fired_combined_cycle,base_ramp_storage_envelopes_up_0_6_dn_0_6,7,1258.725
177,natural_gas_fired_combined_cycle,base_ramp_storage_envelopes_up_0_6_dn_0_6,7,1207.7883129624397
178,natural_gas_fired_combined_cycle,base_ramp_storage_envelopes_up_0_6_dn_0_6,7,930.9851299624398
179,natural_gas_fired_combined_cycle,base_ramp_storage_envelopes_up_0_6_dn_0_6,7,670.5701209624399
180,natural_gas_fired_combined_cycle,base_ramp_storage_envelopes_up_0_6_dn_0_6,7,816.0619391655313
181,natural_gas_fired_combined_cycle,base_ramp_storage_envelopes_up_0_6_dn_0_6,7,808.509104421845
182,natural_gas_fired_combined_cycle,base_ramp_storage_envelopes_up_0_6_dn_0_6,7,571.645
183,natural_gas_fired_combined_cycle,base_ramp_storage_envelopes_up_0_6_dn_0_6,7,815.202375
184,natural_gas_fired_combined_cycle,base_ramp_storage_envelopes_up_0_6_dn_0_6,7,1004.5477080000002
185,natural_gas_fired_combined_cycle,base_ramp_storage_envelopes_up_0_6_dn_0_6,7,1171.533547999978
186,natural_gas_fired_combined_cycle,base_ramp_storage_envelopes_up_0_6_dn_0_6,7,1597.8429999999998
187,natural_gas_fired_combined_cycle,base_ramp_storage_envelopes_up_0_6_dn_0_6,7,1545.0152523614843
188,natural_gas_fired_combined_cycle,base_ramp_storage_envelopes_up_0_6_dn_0_6,7,1597.8429999999998
189,natural_gas_fired_combined_cycle,base_ramp_storage_envelopes_up_0_6_dn_0_6,7,1597.8429999999998
190,natural_gas_fired_combined_cycle,base_ramp_storage_envelopes_up_0_6_dn_0_6,7,1597.8429999999998
191,natural_gas_fired_combined_cycle,base_ramp_storage_envelopes_up_0_6_dn_0_6,7,1498.447948
192,natural_gas_fired_combined_cycle,base_ramp_storage_envelopes_up_0_6_dn_0_6,7,1258.725
169,natural_gas_fired_combustion_turbine,base_ramp_storage_envelopes_up_0_2_dn_0_2,7,0.0
170,natural_gas_fired_combustion_turbine,base_ramp_storage_envelopes_up_0_2_dn_0_2,7,0.0
171,natural_gas_fired_combustion_turbine,base_ramp_storage_envelopes_up_0_2_dn_0_2,7,0.0
172,natural_gas_fired_combustion_turbine,base_ramp_storage_envelopes_up_0_2_dn_0_2,7,0.0
173,natural_gas_fired_combustion_turbine,base_ramp_storage_envelopes_up_0_2_dn_0_2,7,0.0
174,natural_gas_fired_combustion_turbine,base_ramp_storage_envelopes_up_0_2_dn_0_2,7,0.0
175,natural_gas_fired_combustion_turbine,base_ramp_storage_envelopes_up_0_2_dn_0_2,7,0.0
176,natural_gas_fired_combustion_turbine,base_ramp_storage_envelopes_up_0_2_dn_0_2,7,0.0
177,natural_gas_fired_combustion_turbine,base_ramp_storage_envelopes_up_0_2_dn_0_2,7,0.0
178,natural_gas_fired_combustion_turbine,base_ramp_storage_envelopes_up_0_2_dn_0_2,7,0.0
179,natural_gas_fired_combustion_turbine,base_ramp_storage_envelopes_up_0_2_dn_0_2,7,0.0
180,natural_gas_fired_combustion_turbine,base_ramp_storage_envelopes_up_0_2_dn_0_2,7,0.0
181,natural_gas_fired_combustion_turbine,base_ramp_storage_envelopes_up_0_2_dn_0_2,7,0.0
182,natural_gas_fired_combustion_turbine,base_ramp_storage_envelopes_up_0_2_dn_0_2,7,0.0
183,natural_gas_fired_combustion_turbine,base_ramp_storage_envelopes_up_0_2_dn_0_2,7,0.0
184,natural_gas_fired_combustion_turbine,base_ramp_storage_envelopes_up_0_2_dn_0_2,7,0.0
185,natural_gas_fired_combustion_turbine,base_ramp_storage_envelopes_up_0_2_dn_0_2,7,0.0
186,natural_gas_fired_combustion_turbine,base_ramp_storage_envelopes_up_0_2_dn_0_2,7,0.0
187,natural_gas_fired_combustion_turbine,base_ramp_storage_envelopes_up_0_2_dn_0_2,7,0.0
188,natural_gas_fired_combustion_turbine,base_ramp_storage_envelopes_up_0_2_dn_0_2,7,0.0
189,natural_gas_fired_combustion_turbine,base_ramp_storage_envelopes_up_0_2_dn_0_2,7,0.0
190,natural_gas_fired_combustion_turbine,base_ramp_storage_envelopes_up_0_2_dn_0_2,7,0.0
191,natural_gas_fired_combustion_turbine,base_ramp_storage_envelopes_up_0_2_dn_0_2,7,0.0
192,natural_gas_fired_combustion_turbine,base_ramp_storage_envelopes_up_0_2_dn_0_2,7,0.0
169,natural_gas_fired_combustion_turbine,base_ramp_storage_envelopes_up_1_dn_1,7,0.0
170,natural_gas_fired_combustion_turbine,base_ramp_storage_envelopes_up_1_dn_1,7,0.0
171,natural_gas_fired_combustion_turbine,base_ramp_storage_envelopes_up_1_dn_1,7,0.0
172,natural_gas_fired_combustion_turbine,base_ramp_storage_envelopes_up_1_dn_1,7,0.0
173,natural_gas_fired_combustion_turbine,base_ramp_storage_envelopes_up_1_dn_1,7,0.0
174,natural_gas_fired_combustion_turbine,base_ramp_storage_envelopes_up_1_dn_1,7,0.0
175,natural_gas_fired_combustion_turbine,base_ramp_storage_envelopes_up_1_dn_1,7,0.0
176,natural_gas_fired_combustion_turbine,base_ramp_storage_envelopes_up_1_dn_1,7,0.0
177,natural_gas_fired_combustion_turbine,base_ramp_storage_envelopes_up_1_dn_1,7,0.0
178,natural_gas_fired_combustion_turbine,base_ramp_storage_envelopes_up_1_dn_1,7,0.0
179,natural_gas_fired_combustion_turbine,base_ramp_storage_envelopes_up_1_dn_1,7,0.0
180,natural_gas_fired_combustion_turbine,base_ramp_storage_envelopes_up_1_dn_1,7,0.0
181,natural_gas_fired_combustion_turbine,base_ramp_storage_envelopes_up_1_dn_1,7,0.0
182,natural_gas_fired_combustion_turbine,base_ramp_storage_envelopes_up_1_dn_1,7,0.0
183,natural_gas_fired_combustion_turbine,base_ramp_storage_envelopes_up_1_dn_1,7,0.0
184,natural_gas_fired_combustion_turbine,base_ramp_storage_envelopes_up_1_dn_1,7,0.0
185,natural_gas_fired_combustion_turbine,base_ramp_storage_envelopes_up_1_dn_1,7,0.0
186,natural_gas_fired_combustion_turbine,base_ramp_storage_envelopes_up_1_dn_1,7,0.0
187,natural_gas_fired_combustion_turbine,base_ramp_storage_envelopes_up_1_dn_1,7,0.0
188,natural_gas_fired_combustion_turbine,base_ramp_storage_envelopes_up_1_dn_1,7,0.0
189,natural_gas_fired_combustion_turbine,base_ramp_storage_envelopes_up_1_dn_1,7,0.0
190,natural_gas_fired_combustion_turbine,base_ramp_storage_envelopes_up_1_dn_1,7,0.0
191,natural_gas_fired_combustion_turbine,base_ramp_storage_envelopes_up_1_dn_1,7,0.0
192,natural_gas_fired_combustion_turbine,base_ramp_storage_envelopes_up_1_dn_1,7,0.0
169,natural_gas_fired_combustion_turbine,base_ramp_storage_envelopes_up_0_4_dn_0_4,7,0.0
170,natural_gas_fired_combustion_turbine,base_ramp_storage_envelopes_up_0_4_dn_0_4,7,0.0
171,natural_gas_fired_combustion_turbine,base_ramp_storage_envelopes_up_0_4_dn_0_4,7,0.0
172,natural_gas_fired_combustion_turbine,base_ramp_storage_envelopes_up_0_4_dn_0_4,7,0.0
173,natural_gas_fired_combustion_turbine,base_ramp_storage_envelopes_up_0_4_dn_0_4,7,0.0
174,natural_gas_fired_combustion_turbine,base_ramp_storage_envelopes_up_0_4_dn_0_4,7,0.0
175,natural_gas_fired_combustion_turbine,base_ramp_storage_envelopes_up_0_4_dn_0_4,7,0.0
176,natural_gas_fired_combustion_turbine,base_ramp_storage_envelopes_up_0_4_dn_0_4,7,0.0
177,natural_gas_fired_combustion_turbine,base_ramp_storage_envelopes_up_0_4_dn_0_4,7,0.0
178,natural_gas_fired_combustion_turbine,base_ramp_storage_envelopes_up_0_4_dn_0_4,7,0.0
179,natural_gas_fired_combustion_turbine,base_ramp_storage_envelopes_up_0_4_dn_0_4,7,0.0
180,natural_gas_fired_combustion_turbine,base_ramp_storage_envelopes_up_0_4_dn_0_4,7,0.0
181,natural_gas_fired_combustion_turbine,base_ramp_storage_envelopes_up_0_4_dn_0_4,7,0.0
182,natural_gas_fired_combustion_turbine,base_ramp_storage_envelopes_up_0_4_dn_0_4,7,0.0
183,natural_gas_fired_combustion_turbine,base_ramp_storage_envelopes_up_0_4_dn_0_4,7,0.0
184,natural_gas_fired_combustion_turbine,base_ramp_storage_envelopes_up_0_4_dn_0_4,7,0.0
185,natural_gas_fired_combustion_turbine,base_ramp_storage_envelopes_up_0_4_dn_0_4,7,0.0
186,natural_gas_fired_combustion_turbine,base_ramp_storage_envelopes_up_0_4_dn_0_4,7,0.0
187,natural_gas_fired_combustion_turbine,base_ramp_storage_envelopes_up_0_4_dn_0_4,7,0.0
188,natural_gas_fired_combustion_turbine,base_ramp_storage_envelopes_up_0_4_dn_0_4,7,0.0
189,natural_gas_fired_combustion_turbine,base_ramp_storage_envelopes_up_0_4_dn_0_4,7,0.0
190,natural_gas_fired_combustion_turbine,base_ramp_storage_envelopes_up_0_4_dn_0_4,7,0.0
191,natural_gas_fired_combustion_turbine,base_ramp_storage_envelopes_up_0_4_dn_0_4,7,0.0
192,natural_gas_fired_combustion_turbine,base_ramp_storage_envelopes_up_0_4_dn_0_4,7,0.0
169,natural_gas_fired_combustion_turbine,base_ramp_storage_envelopes_up_0_8_dn_0_8,7,0.0
170,natural_gas_fired_combustion_turbine,base_ramp_storage_envelopes_up_0_8_dn_0_8,7,0.0
171,natural_gas_fired_combustion_turbine,base_ramp_storage_envelopes_up_0_8_dn_0_8,7,0.0
172,natural_gas_fired_combustion_turbine,base_ramp_storage_envelopes_up_0_8_dn_0_8,7,0.0
173,natural_gas_fired_combustion_turbine,base_ramp_storage_envelopes_up_0_8_dn_0_8,7,0.0
174,natural_gas_fired_combustion_turbine,base_ramp_storage_envelopes_up_0_8_dn_0_8,7,0.0
175,natural_gas_fired_combustion_turbine,base_ramp_storage_envelopes_up_0_8_dn_0_8,7,0.0
176,natural_gas_fired_combustion_turbine,base_ramp_storage_envelopes_up_0_8_dn_0_8,7,0.0
177,natural_gas_fired_combustion_turbine,base_ramp_storage_envelopes_up_0_8_dn_0_8,7,0.0
178,natural_gas_fired_combustion_turbine,base_ramp_storage_envelopes_up_0_8_dn_0_8,7,0.0
179,natural_gas_fired_combustion_turbine,base_ramp_storage_envelopes_up_0_8_dn_0_8,7,0.0
180,natural_gas_fired_combustion_turbine,base_ramp_storage_envelopes_up_0_8_dn_0_8,7,0.0
181,natural_gas_fired_combustion_turbine,base_ramp_storage_envelopes_up_0_8_dn_0_8,7,0.0
182,natural_gas_fired_combustion_turbine,base_ramp_storage_envelopes_up_0_8_dn_0_8,7,0.0
183,natural_gas_fired_combustion_turbine,base_ramp_storage_envelopes_up_0_8_dn_0_8,7,0.0
184,natural_gas_fired_combustion_turbine,base_ramp_storage_envelopes_up_0_8_dn_0_8,7,0.0
185,natural_gas_fired_combustion_turbine,base_ramp_storage_envelopes_up_0_8_dn_0_8,7,0.0
186,natural_gas_fired_combustion_turbine,base_ramp_storage_envelopes_up_0_8_dn_0_8,7,15.607964347395551
187,natural_gas_fired_combustion_turbine,base_ramp_storage_envelopes_up_0_8_dn_0_8,7,49.691
188,natural_gas_fired_combustion_turbine,base_ramp_storage_envelopes_up_0_8_dn_0_8,7,46.47946704852656
189,natural_gas_fired_combustion_turbine,base_ramp_storage_envelopes_up_0_8_dn_0_8,7,0.0
190,natural_gas_fired_combustion_turbine,base_ramp_storage_envelopes_up_0_8_dn_0_8,7,0.0
191,natural_gas_fired_combustion_turbine,base_ramp_storage_envelopes_up_0_8_dn_0_8,7,0.0
192,natural_gas_fired_combustion_turbine,base_ramp_storage_envelopes_up_0_8_dn_0_8,7,0.0
169,natural_gas_fired_combustion_turbine,base_ramp_storage_envelopes_up_0_dn_0,7,0.0
170,natural_gas_fired_combustion_turbine,base_ramp_storage_envelopes_up_0_dn_0,7,0.0
171,natural_gas_fired_combustion_turbine,base_ramp_storage_envelopes_up_0_dn_0,7,0.0
172,natural_gas_fired_combustion_turbine,base_ramp_storage_envelopes_up_0_dn_0,7,0.0
173,natural_gas_fired_combustion_turbine,base_ramp_storage_envelopes_up_0_dn_0,7,0.0
174,natural_gas_fired_combustion_turbine,base_ramp_storage_envelopes_up_0_dn_0,7,0.0
175,natural_gas_fired_combustion_turbine,base_ramp_storage_envelopes_up_0_dn_0,7,0.0
176,natural_gas_fired_combustion_turbine,base_ramp_storage_envelopes_up_0_dn_0,7,0.0
177,natural_gas_fired_combustion_turbine,base_ramp_storage_envelopes_up_0_dn_0,7,0.0
178,natural_gas_fired_combustion_turbine,base_ramp_storage_envelopes_up_0_dn_0,7,0.0
179,natural_gas_fired_combustion_turbine,base_ramp_storage_envelopes_up_0_dn_0,7,0.0
180,natural_gas_fired_combustion_turbine,base_ramp_storage_envelopes_up_0_dn_0,7,0.0
181,natural_gas_fired_combustion_turbine,base_ramp_storage_envelopes_up_0_dn_0,7,0.0
182,natural_gas_fired_combustion_turbine,base_ramp_storage_envelopes_up_0_dn_0,7,0.0
183,natural_gas_fired_combustion_turbine,base_ramp_storage_envelopes_up_0_dn_0,7,0.0
184,natural_gas_fired_combustion_turbine,base_ramp_storage_envelopes_up_0_dn_0,7,0.0
185,natural_gas_fired_combustion_turbine,base_ramp_storage_envelopes_up_0_dn_0,7,0.0
186,natural_gas_fired_combustion_turbine,base_ramp_storage_envelopes_up_0_dn_0,7,49.691
187,natural_gas_fired_combustion_turbine,base_ramp_storage_envelopes_up_0_dn_0,7,49.691
188,natural_gas_fired_combustion_turbine,base_ramp_storage_envelopes_up_0_dn_0,7,49.691
189,natural_gas_fired_combustion_turbine,base_ramp_storage_envelopes_up_0_dn_0,7,49.691
190,natural_gas_fired_combustion_turbine,base_ramp_storage_envelopes_up_0_dn_0,7,49.691
191,natural_gas_fired_combustion_turbine,base_ramp_storage_envelopes_up_0_dn_0,7,49.691
192,natural_gas_fired_combustion_turbine,base_ramp_storage_envelopes_up_0_dn_0,7,49.691
169,natural_gas_fired_combustion_turbine,base_ramp_storage_envelopes_up_0_6_dn_0_6,7,0.0
170,natural_gas_fired_combustion_turbine,base_ramp_storage_envelopes_up_0_6_dn_0_6,7,0.0
171,natural_gas_fired_combustion_turbine,base_ramp_storage_envelopes_up_0_6_dn_0_6,7,0.0
172,natural_gas_fired_combustion_turbine,base_ramp_storage_envelopes_up_0_6_dn_0_6,7,0.0
173,natural_gas_fired_combustion_turbine,base_ramp_storage_envelopes_up_0_6_dn_0_6,7,0.0
174,natural_gas_fired_combustion_turbine,base_ramp_storage_envelopes_up_0_6_dn_0_6,7,0.0
175,natural_gas_fired_combustion_turbine,base_ramp_storage_envelopes_up_0_6_dn_0_6,7,0.0
176,natural_gas_fired_combustion_turbine,base_ramp_storage_envelopes_up_0_6_dn_0_6,7,0.0
177,natural_gas_fired_combustion_turbine,base_ramp_storage_envelopes_up_0_6_dn_0_6,7,0.0
178,natural_gas_fired_combustion_turbine,base_ramp_storage_envelopes_up_0_6_dn_0_6,7,0.0
179,natural_gas_fired_combustion_turbine,base_ramp_storage_envelopes_up_0_6_dn_0_6,7,0.0
180,natural_gas_fired_combustion_turbine,base_ramp_storage_envelopes_up_0_6_dn_0_6,7,0.0
181,natural_gas_fired_combustion_turbine,base_ramp_storage_envelopes_up_0_6_dn_0_6,7,0.0
182,natural_gas_fired_combustion_turbine,base_ramp_storage_envelopes_up_0_6_dn_0_6,7,0.0
183,natural_gas_fired_combustion_turbine,base_ramp_storage_envelopes_up_0_6_dn_0_6,7,0.0
184,natural_gas_fired_combustion_turbine,base_ramp_storage_envelopes_up_0_6_dn_0_6,7,0.0
185,natural_gas_fired_combustion_turbine,base_ramp_storage_envelopes_up_0_6_dn_0_6,7,0.0
186,natural_gas_fired_combustion_turbine,base_ramp_storage_envelopes_up_0_6_dn_0_6,7,0.0
187,natural_gas_fired_combustion_turbine,base_ramp_storage_envelopes_up_0_6_dn_0_6,7,0.0
188,natural_gas_fired_combustion_turbine,base_ramp_storage_envelopes_up_0_6_dn_0_6,7,0.0
189,natural_gas_fired_combustion_turbine,base_ramp_storage_envelopes_up_0_6_dn_0_6,7,0.0
190,natural_gas_fired_combustion_turbine,base_ramp_storage_envelopes_up_0_6_dn_0_6,7,0.0
191,natural_gas_fired_combustion_turbine,base_ramp_storage_envelopes_up_0_6_dn_0_6,7,0.0
192,natural_gas_fired_combustion_turbine,base_ramp_storage_envelopes_up_0_6_dn_0_6,7,0.0
169,net_generation,base_ramp_storage_envelopes_up_0_2_dn_0_2,7,0.0
170,net_generation,base_ramp_storage_envelopes_up_0_2_dn_0_2,7,0.0
171,net_generation,base_ramp_storage_envelopes_up_0_2_dn_0_2,7,0.0
172,net_generation,base_ramp_storage_envelopes_up_0_2_dn_0_2,7,0.0
173,net_generation,base_ramp_storage_envelopes_up_0_2_dn_0_2,7,0.0
174,net_generation,base_ramp_storage_envelopes_up_0_2_dn_0_2,7,0.0
175,net_generation,base_ramp_storage_envelopes_up_0_2_dn_0_2,7,0.0
176,net_generation,base_ramp_storage_envelopes_up_0_2_dn_0_2,7,0.0
177,net_generation,base_ramp_storage_envelopes_up_0_2_dn_0_2,7,0.0
178,net_generation,base_ramp_storage_envelopes_up_0_2_dn_0_2,7,0.0
179,net_generation,base_ramp_storage_envelopes_up_0_2_dn_0_2,7,0.0
180,net_generation,base_ramp_storage_envelopes_up_0_2_dn_0_2,7,0.0
181,net_generation,base_ramp_storage_envelopes_up_0_2_dn_0_2,7,0.0
182,net_generation,base_ramp_storage_envelopes_up_0_2_dn_0_2,7,0.0
183,net_generation,base_ramp_storage_envelopes_up_0_2_dn_0_2,7,0.0
184,net_generation,base_ramp_storage_envelopes_up_0_2_dn_0_2,7,0.0
185,net_generation,base_ramp_storage_envelopes_up_0_2_dn_0_2,7,0.0
186,net_generation,base_ramp_storage_envelopes_up_0_2_dn_0_2,7,0.0
187,net_generation,base_ramp_storage_envelopes_up_0_2_dn_0_2,7,0.0
188,net_generation,base_ramp_storage_envelopes_up_0_2_dn_0_2,7,0.0
189,net_generation,base_ramp_storage_envelopes_up_0_2_dn_0_2,7,0.0
190,net_generation,base_ramp_storage_envelopes_up_0_2_dn_0_2,7,0.0
191,net_generation,base_ramp_storage_envelopes_up_0_2_dn_0_2,7,0.0
192,net_generation,base_ramp_storage_envelopes_up_0_2_dn_0_2,7,0.0
169,net_generation,base_ramp_storage_envelopes_up_1_dn_1,7,0.0
170,net_generation,base_ramp_storage_envelopes_up_1_dn_1,7,0.0
171,net_generation,base_ramp_storage_envelopes_up_1_dn_1,7,0.0
172,net_generation,base_ramp_storage_envelopes_up_1_dn_1,7,0.0
173,net_generation,base_ramp_storage_envelopes_up_1_dn_1,7,0.0
174,net_generation,base_ramp_storage_envelopes_up_1_dn_1,7,0.0
175,net_generation,base_ramp_storage_envelopes_up_1_dn_1,7,0.0
176,net_generation,base_ramp_storage_envelopes_up_1_dn_1,7,0.0
177,net_generation,base_ramp_storage_envelopes_up_1_dn_1,7,0.0
178,net_generation,base_ramp_storage_envelopes_up_1_dn_1,7,0.0
179,net_generation,base_ramp_storage_envelopes_up_1_dn_1,7,0.0
180,net_generation,base_ramp_storage_envelopes_up_1_dn_1,7,0.0
181,net_generation,base_ramp_storage_envelopes_up_1_dn_1,7,0.0
182,net_generation,base_ramp_storage_envelopes_up_1_dn_1,7,0.0
183,net_generation,base_ramp_storage_envelopes_up_1_dn_1,7,0.0
184,net_generation,base_ramp_storage_envelopes_up_1_dn_1,7,0.0
185,net_generation,base_ramp_storage_envelopes_up_1_dn_1,7,0.0
186,net_generation,base_ramp_storage_envelopes_up_1_dn_1,7,0.0
187,net_generation,base_ramp_storage_envelopes_up_1_dn_1,7,0.0
188,net_generation,base_ramp_storage_envelopes_up_1_dn_1,7,0.0
189,net_generation,base_ramp_storage_envelopes_up_1_dn_1,7,0.0
190,net_generation,base_ramp_storage_envelopes_up_1_dn_1,7,0.0
191,net_generation,base_ramp_storage_envelopes_up_1_dn_1,7,0.0
192,net_generation,base_ramp_storage_envelopes_up_1_dn_1,7,0.0
169,net_generation,base_ramp_storage_envelopes_up_0_4_dn_0_4,7,0.0
170,net_generation,base_ramp_storage_envelopes_up_0_4_dn_0_4,7,0.0
171,net_generation,base_ramp_storage_envelopes_up_0_4_dn_0_4,7,0.0
172,net_generation,base_ramp_storage_envelopes_up_0_4_dn_0_4,7,0.0
173,net_generation,base_ramp_storage_envelopes_up_0_4_dn_0_4,7,0.0
174,net_generation,base_ramp_storage_envelopes_up_0_4_dn_0_4,7,0.0
175,net_generation,base_ramp_storage_envelopes_up_0_4_dn_0_4,7,0.0
176,net_generation,base_ramp_storage_envelopes_up_0_4_dn_0_4,7,0.0
177,net_generation,base_ramp_storage_envelopes_up_0_4_dn_0_4,7,0.0
178,net_generation,base_ramp_storage_envelopes_up_0_4_dn_0_4,7,0.0
179,net_generation,base_ramp_storage_envelopes_up_0_4_dn_0_4,7,0.0
180,net_generation,base_ramp_storage_envelopes_up_0_4_dn_0_4,7,0.0
181,net_generation,base_ramp_storage_envelopes_up_0_4_dn_0_4,7,0.0
182,net_generation,base_ramp_storage_envelopes_up_0_4_dn_0_4,7,0.0
183,net_generation,base_ramp_storage_envelopes_up_0_4_dn_0_4,7,0.0
184,net_generation,base_ramp_storage_envelopes_up_0_4_dn_0_4,7,0.0
185,net_generation,base_ramp_storage_envelopes_up_0_4_dn_0_4,7,0.0
186,net_generation,base_ramp_storage_envelopes_up_0_4_dn_0_4,7,0.0
187,net_generation,base_ramp_storage_envelopes_up_0_4_dn_0_4,7,0.0
188,net_generation,base_ramp_storage_envelopes_up_0_4_dn_0_4,7,0.0
189,net_generation,base_ramp_storage_envelopes_up_0_4_dn_0_4,7,0.0
190,net_generation,base_ramp_storage_envelopes_up_0_4_dn_0_4,7,0.0
191,net_generation,base_ramp_storage_envelopes_up_0_4_dn_0_4,7,0.0
192,net_generation,base_ramp_storage_envelopes_up_0_4_dn_0_4,7,0.0
169,net_generation,base_ramp_storage_envelopes_up_0_8_dn_0_8,7,0.0
170,net_generation,base_ramp_storage_envelopes_up_0_8_dn_0_8,7,0.0
171,net_generation,base_ramp_storage_envelopes_up_0_8_dn_0_8,7,0.0
172,net_generation,base_ramp_storage_envelopes_up_0_8_dn_0_8,7,0.0
173,net_generation,base_ramp_storage_envelopes_up_0_8_dn_0_8,7,0.0
174,net_generation,base_ramp_storage_envelopes_up_0_8_dn_0_8,7,0.0
175,net_generation,base_ramp_storage_envelopes_up_0_8_dn_0_8,7,0.0
176,net_generation,base_ramp_storage_envelopes_up_0_8_dn_0_8,7,0.0
177,net_generation,base_ramp_storage_envelopes_up_0_8_dn_0_8,7,0.0
178,net_generation,base_ramp_storage_envelopes_up_0_8_dn_0_8,7,0.0
179,net_generation,base_ramp_storage_envelopes_up_0_8_dn_0_8,7,0.0
180,net_generation,base_ramp_storage_envelopes_up_0_8_dn_0_8,7,0.0
181,net_generation,base_ramp_storage_envelopes_up_0_8_dn_0_8,7,0.0
182,net_generation,base_ramp_storage_envelopes_up_0_8_dn_0_8,7,0.0
183,net_generation,base_ramp_storage_envelopes_up_0_8_dn_0_8,7,0.0
184,net_generation,base_ramp_storage_envelopes_up_0_8_dn_0_8,7,0.0
185,net_generation,base_ramp_storage_envelopes_up_0_8_dn_0_8,7,0.0
186,net_generation,base_ramp_storage_envelopes_up_0_8_dn_0_8,7,0.0
187,net_generation,base_ramp_storage_envelopes_up_0_8_dn_0_8,7,0.0
188,net_generation,base_ramp_storage_envelopes_up_0_8_dn_0_8,7,0.0
189,net_generation,base_ramp_storage_envelopes_up_0_8_dn_0_8,7,0.0
190,net_generation,base_ramp_storage_envelopes_up_0_8_dn_0_8,7,0.0
191,net_generation,base_ramp_storage_envelopes_up_0_8_dn_0_8,7,0.0
192,net_generation,base_ramp_storage_envelopes_up_0_8_dn_0_8,7,0.0
169,net_generation,base_ramp_storage_envelopes_up_0_dn_0,7,0.0
170,net_generation,base_ramp_storage_envelopes_up_0_dn_0,7,0.0
171,net_generation,base_ramp_storage_envelopes_up_0_dn_0,7,0.0
172,net_generation,base_ramp_storage_envelopes_up_0_dn_0,7,0.0
173,net_generation,base_ramp_storage_envelopes_up_0_dn_0,7,0.0
174,net_generation,base_ramp_storage_envelopes_up_0_dn_0,7,0.0
175,net_generation,base_ramp_storage_envelopes_up_0_dn_0,7,0.0
176,net_generation,base_ramp_storage_envelopes_up_0_dn_0,7,0.0
177,net_generation,base_ramp_storage_envelopes_up_0_dn_0,7,0.0
178,net_generation,base_ramp_storage_envelopes_up_0_dn_0,7,0.0
179,net_generation,base_ramp_storage_envelopes_up_0_dn_0,7,0.0
180,net_generation,base_ramp_storage_envelopes_up_0_dn_0,7,0.0
181,net_generation,base_ramp_storage_envelopes_up_0_dn_0,7,0.0
182,net_generation,base_ramp_storage_envelopes_up_0_dn_0,7,0.0
183,net_generation,base_ramp_storage_envelopes_up_0_dn_0,7,0.0
184,net_generation,base_ramp_storage_envelopes_up_0_dn_0,7,0.0
185,net_generation,base_ramp_storage_envelopes_up_0_dn_0,7,0.0
186,net_generation,base_ramp_storage_envelopes_up_0_dn_0,7,0.0
187,net_generation,base_ramp_storage_envelopes_up_0_dn_0,7,0.0
188,net_generation,base_ramp_storage_envelopes_up_0_dn_0,7,0.0
189,net_generation,base_ramp_storage_envelopes_up_0_dn_0,7,0.0
190,net_generation,base_ramp_storage_envelopes_up_0_dn_0,7,0.0
191,net_generation,base_ramp_storage_envelopes_up_0_dn_0,7,0.0
192,net_generation,base_ramp_storage_envelopes_up_0_dn_0,7,0.0
169,net_generation,base_ramp_storage_envelopes_up_0_6_dn_0_6,7,0.0
170,net_generation,base_ramp_storage_envelopes_up_0_6_dn_0_6,7,0.0
171,net_generation,base_ramp_storage_envelopes_up_0_6_dn_0_6,7,0.0
172,net_generation,base_ramp_storage_envelopes_up_0_6_dn_0_6,7,0.0
173,net_generation,base_ramp_storage_envelopes_up_0_6_dn_0_6,7,0.0
174,net_generation,base_ramp_storage_envelopes_up_0_6_dn_0_6,7,0.0
175,net_generation,base_ramp_storage_envelopes_up_0_6_dn_0_6,7,0.0
176,net_generation,base_ramp_storage_envelopes_up_0_6_dn_0_6,7,0.0
177,net_generation,base_ramp_storage_envelopes_up_0_6_dn_0_6,7,0.0
178,net_generation,base_ramp_storage_envelopes_up_0_6_dn_0_6,7,0.0
179,net_generation,base_ramp_storage_envelopes_up_0_6_dn_0_6,7,0.0
180,net_generation,base_ramp_storage_envelopes_up_0_6_dn_0_6,7,0.0
181,net_generation,base_ramp_storage_envelopes_up_0_6_dn_0_6,7,0.0
182,net_generation,base_ramp_storage_envelopes_up_0_6_dn_0_6,7,0.0
183,net_generation,base_ramp_storage_envelopes_up_0_6_dn_0_6,7,0.0
184,net_generation,base_ramp_storage_envelopes_up_0_6_dn_0_6,7,0.0
185,net_generation,base_ramp_storage_envelopes_up_0_6_dn_0_6,7,0.0
186,net_generation,base_ramp_storage_envelopes_up_0_6_dn_0_6,7,0.0
187,net_generation,base_ramp_storage_envelopes_up_0_6_dn_0_6,7,0.0
188,net_generation,base_ramp_storage_envelopes_up_0_6_dn_0_6,7,0.0
189,net_generation,base_ramp_storage_envelopes_up_0_6_dn_0_6,7,0.0
190,net_generation,base_ramp_storage_envelopes_up_0_6_dn_0_6,7,0.0
191,net_generation,base_ramp_storage_envelopes_up_0_6_dn_0_6,7,0.0
192,net_generation,base_ramp_storage_envelopes_up_0_6_dn_0_6,7,0.0
169,solar_photovoltaic,base_ramp_storage_envelopes_up_0_2_dn_0_2,7,0.0
170,solar_photovoltaic,base_ramp_storage_envelopes_up_0_2_dn_0_2,7,0.0
171,solar_photovoltaic,base_ramp_storage_envelopes_up_0_2_dn_0_2,7,0.0
172,solar_photovoltaic,base_ramp_storage_envelopes_up_0_2_dn_0_2,7,0.0
173,solar_photovoltaic,base_ramp_storage_envelopes_up_0_2_dn_0_2,7,0.0
174,solar_photovoltaic,base_ramp_storage_envelopes_up_0_2_dn_0_2,7,0.0
175,solar_photovoltaic,base_ramp_storage_envelopes_up_0_2_dn_0_2,7,0.0
176,solar_photovoltaic,base_ramp_storage_envelopes_up_0_2_dn_0_2,7,205.8
177,solar_photovoltaic,base_ramp_storage_envelopes_up_0_2_dn_0_2,7,1286.25
178,solar_photovoltaic,base_ramp_storage_envelopes_up_0_2_dn_0_2,7,1930.25
179,solar_photovoltaic,base_ramp_storage_envelopes_up_0_2_dn_0_2,7,2323.3
180,solar_photovoltaic,base_ramp_storage_envelopes_up_0_2_dn_0_2,7,2533.3
181,solar_photovoltaic,base_ramp_storage_envelopes_up_0_2_dn_0_2,7,2586.15
182,solar_photovoltaic,base_ramp_storage_envelopes_up_0_2_dn_0_2,7,2534.7
183,solar_photovoltaic,base_ramp_storage_envelopes_up_0_2_dn_0_2,7,2295.3
184,solar_photovoltaic,base_ramp_storage_envelopes_up_0_2_dn_0_2,7,1850.45
185,solar_photovoltaic,base_ramp_storage_envelopes_up_0_2_dn_0_2,7,1155.0
186,solar_photovoltaic,base_ramp_storage_envelopes_up_0_2_dn_0_2,7,0.0
187,solar_photovoltaic,base_ramp_storage_envelopes_up_0_2_dn_0_2,7,0.0
188,solar_photovoltaic,base_ramp_storage_envelopes_up_0_2_dn_0_2,7,0.0
189,solar_photovoltaic,base_ramp_storage_envelopes_up_0_2_dn_0_2,7,0.0
190,solar_photovoltaic,base_ramp_storage_envelopes_up_0_2_dn_0_2,7,0.0
191,solar_photovoltaic,base_ramp_storage_envelopes_up_0_2_dn_0_2,7,0.0
192,solar_photovoltaic,base_ramp_storage_envelopes_up_0_2_dn_0_2,7,0.0
169,solar_photovoltaic,base_ramp_storage_envelopes_up_1_dn_1,7,0.0
170,solar_photovoltaic,base_ramp_storage_envelopes_up_1_dn_1,7,0.0
171,solar_photovoltaic,base_ramp_storage_envelopes_up_1_dn_1,7,0.0
172,solar_photovoltaic,base_ramp_storage_envelopes_up_1_dn_1,7,0.0
173,solar_photovoltaic,base_ramp_storage_envelopes_up_1_dn_1,7,0.0
174,solar_photovoltaic,base_ramp_storage_envelopes_up_1_dn_1,7,0.0
175,solar_photovoltaic,base_ramp_storage_envelopes_up_1_dn_1,7,0.0
176,solar_photovoltaic,base_ramp_storage_envelopes_up_1_dn_1,7,205.8
177,solar_photovoltaic,base_ramp_storage_envelopes_up_1_dn_1,7,1286.25
178,solar_photovoltaic,base_ramp_storage_envelopes_up_1_dn_1,7,1930.25
179,solar_photovoltaic,base_ramp_storage_envelopes_up_1_dn_1,7,2323.3
180,solar_photovoltaic,base_ramp_storage_envelopes_up_1_dn_1,7,2533.3
181,solar_photovoltaic,base_ramp_storage_envelopes_up_1_dn_1,7,2586.15
182,solar_photovoltaic,base_ramp_storage_envelopes_up_1_dn_1,7,2534.7
183,solar_photovoltaic,base_ramp_storage_envelopes_up_1_dn_1,7,2295.3
184,solar_photovoltaic,base_ramp_storage_envelopes_up_1_dn_1,7,1850.45
185,solar_photovoltaic,base_ramp_storage_envelopes_up_1_dn_1,7,1155.0
186,solar_photovoltaic,base_ramp_storage_envelopes_up_1_dn_1,7,0.0
187,solar_photovoltaic,base_ramp_storage_envelopes_up_1_dn_1,7,0.0
188,solar_photovoltaic,base_ramp_storage_envelopes_up_1_dn_1,7,0.0
189,solar_photovoltaic,base_ramp_storage_envelopes_up_1_dn_1,7,0.0
190,solar_photovoltaic,base_ramp_storage_envelopes_up_1_dn_1,7,0.0
191,solar_photovoltaic,base_ramp_storage_envelopes_up_1_dn_1,7,0.0
192,solar_photovoltaic,base_ramp_storage_envelopes_up_1_dn_1,7,0.0
169,solar_photovoltaic,base_ramp_storage_envelopes_up_0_4_dn_0_4,7,0.0
170,solar_photovoltaic,base_ramp_storage_envelopes_up_0_4_dn_0_4,7,0.0
171,solar_photovoltaic,base_ramp_storage_envelopes_up_0_4_dn_0_4,7,0.0
172,solar_photovoltaic,base_ramp_storage_envelopes_up_0_4_dn_0_4,7,0.0
173,solar_photovoltaic,base_ramp_storage_envelopes_up_0_4_dn_0_4,7,0.0
174,solar_photovoltaic,base_ramp_storage_envelopes_up_0_4_dn_0_4,7,0.0
175,solar_photovoltaic,base_ramp_storage_envelopes_up_0_4_dn_0_4,7,0.0
176,solar_photovoltaic,base_ramp_storage_envelopes_up_0_4_dn_0_4,7,205.8
177,solar_photovoltaic,base_ramp_storage_envelopes_up_0_4_dn_0_4,7,1286.25
178,solar_photovoltaic,base_ramp_storage_envelopes_up_0_4_dn_0_4,7,1930.25
179,solar_photovoltaic,base_ramp_storage_envelopes_up_0_4_dn_0_4,7,2323.3
180,solar_photovoltaic,base_ramp_storage_envelopes_up_0_4_dn_0_4,7,2533.3
181,solar_photovoltaic,base_ramp_storage_envelopes_up_0_4_dn_0_4,7,2586.15
182,solar_photovoltaic,base_ramp_storage_envelopes_up_0_4_dn_0_4,7,2534.7
183,solar_photovoltaic,base_ramp_storage_envelopes_up_0_4_dn_0_4,7,2295.3
184,solar_photovoltaic,base_ramp_storage_envelopes_up_0_4_dn_0_4,7,1850.45
185,solar_photovoltaic,base_ramp_storage_envelopes_up_0_4_dn_0_4,7,1155.0
186,solar_photovoltaic,base_ramp_storage_envelopes_up_0_4_dn_0_4,7,0.0
187,solar_photovoltaic,base_ramp_storage_envelopes_up_0_4_dn_0_4,7,0.0
188,solar_photovoltaic,base_ramp_storage_envelopes_up_0_4_dn_0_4,7,0.0
189,solar_photovoltaic,base_ramp_storage_envelopes_up_0_4_dn_0_4,7,0.0
190,solar_photovoltaic,base_ramp_storage_envelopes_up_0_4_dn_0_4,7,0.0
191,solar_photovoltaic,base_ramp_storage_envelopes_up_0_4_dn_0_4,7,0.0
192,solar_photovoltaic,base_ramp_storage_envelopes_up_0_4_dn_0_4,7,0.0
169,solar_photovoltaic,base_ramp_storage_envelopes_up_0_8_dn_0_8,7,0.0
170,solar_photovoltaic,base_ramp_storage_envelopes_up_0_8_dn_0_8,7,0.0
171,solar_photovoltaic,base_ramp_storage_envelopes_up_0_8_dn_0_8,7,0.0
172,solar_photovoltaic,base_ramp_storage_envelopes_up_0_8_dn_0_8,7,0.0
173,solar_photovoltaic,base_ramp_storage_envelopes_up_0_8_dn_0_8,7,0.0
174,solar_photovoltaic,base_ramp_storage_envelopes_up_0_8_dn_0_8,7,0.0
175,solar_photovoltaic,base_ramp_storage_envelopes_up_0_8_dn_0_8,7,0.0
176,solar_photovoltaic,base_ramp_storage_envelopes_up_0_8_dn_0_8,7,205.8
177,solar_photovoltaic,base_ramp_storage_envelopes_up_0_8_dn_0_8,7,1286.25
178,solar_photovoltaic,base_ramp_storage_envelopes_up_0_8_dn_0_8,7,1930.25
179,solar_photovoltaic,base_ramp_storage_envelopes_up_0_8_dn_0_8,7,2323.3
180,solar_photovoltaic,base_ramp_storage_envelopes_up_0_8_dn_0_8,7,2533.3
181,solar_photovoltaic,base_ramp_storage_envelopes_up_0_8_dn_0_8,7,2586.15
182,solar_photovoltaic,base_ramp_storage_envelopes_up_0_8_dn_0_8,7,2534.7
183,solar_photovoltaic,base_ramp_storage_envelopes_up_0_8_dn_0_8,7,2295.3
184,solar_photovoltaic,base_ramp_storage_envelopes_up_0_8_dn_0_8,7,1850.45
185,solar_photovoltaic,base_ramp_storage_envelopes_up_0_8_dn_0_8,7,1155.0
186,solar_photovoltaic,base_ramp_storage_envelopes_up_0_8_dn_0_8,7,0.0
187,solar_photovoltaic,base_ramp_storage_envelopes_up_0_8_dn_0_8,7,0.0
188,solar_photovoltaic,base_ramp_storage_envelopes_up_0_8_dn_0_8,7,0.0
189,solar_photovoltaic,base_ramp_storage_envelopes_up_0_8_dn_0_8,7,0.0
190,solar_photovoltaic,base_ramp_storage_envelopes_up_0_8_dn_0_8,7,0.0
191,solar_photovoltaic,base_ramp_storage_envelopes_up_0_8_dn_0_8,7,0.0
192,solar_photovoltaic,base_ramp_storage_envelopes_up_0_8_dn_0_8,7,0.0
169,solar_photovoltaic,base_ramp_storage_envelopes_up_0_dn_0,7,0.0
170,solar_photovoltaic,base_ramp_storage_envelopes_up_0_dn_0,7,0.0
171,solar_photovoltaic,base_ramp_storage_envelopes_up_0_dn_0,7,0.0
172,solar_photovoltaic,base_ramp_storage_envelopes_up_0_dn_0,7,0.0
173,solar_photovoltaic,base_ramp_storage_envelopes_up_0_dn_0,7,0.0
174,solar_photovoltaic,base_ramp_storage_envelopes_up_0_dn_0,7,0.0
175,solar_photovoltaic,base_ramp_storage_envelopes_up_0_dn_0,7,0.0
176,solar_photovoltaic,base_ramp_storage_envelopes_up_0_dn_0,7,205.8
177,solar_photovoltaic,base_ramp_storage_envelopes_up_0_dn_0,7,1286.25
178,solar_photovoltaic,base_ramp_storage_envelopes_up_0_dn_0,7,1930.25
179,solar_photovoltaic,base_ramp_storage_envelopes_up_0_dn_0,7,2323.3
180,solar_photovoltaic,base_ramp_storage_envelopes_up_0_dn_0,7,2533.3
181,solar_photovoltaic,base_ramp_storage_envelopes_up_0_dn_0,7,2586.15
182,solar_photovoltaic,base_ramp_storage_envelopes_up_0_dn_0,7,2534.7
183,solar_photovoltaic,base_ramp_storage_envelopes_up_0_dn_0,7,2295.3
184,solar_photovoltaic,base_ramp_storage_envelopes_up_0_dn_0,7,1850.45
185,solar_photovoltaic,base_ramp_storage_envelopes_up_0_dn_0,7,1155.0
186,solar_photovoltaic,base_ramp_storage_envelopes_up_0_dn_0,7,0.0
187,solar_photovoltaic,base_ramp_storage_envelopes_up_0_dn_0,7,0.0
188,solar_photovoltaic,base_ramp_storage_envelopes_up_0_dn_0,7,0.0
189,solar_photovoltaic,base_ramp_storage_envelopes_up_0_dn_0,7,0.0
190,solar_photovoltaic,base_ramp_storage_envelopes_up_0_dn_0,7,0.0
191,solar_photovoltaic,base_ramp_storage_envelopes_up_0_dn_0,7,0.0
192,solar_photovoltaic,base_ramp_storage_envelopes_up_0_dn_0,7,0.0
169,solar_photovoltaic,base_ramp_storage_envelopes_up_0_6_dn_0_6,7,0.0
170,solar_photovoltaic,base_ramp_storage_envelopes_up_0_6_dn_0_6,7,0.0
171,solar_photovoltaic,base_ramp_storage_envelopes_up_0_6_dn_0_6,7,0.0
172,solar_photovoltaic,base_ramp_storage_envelopes_up_0_6_dn_0_6,7,0.0
173,solar_photovoltaic,base_ramp_storage_envelopes_up_0_6_dn_0_6,7,0.0
174,solar_photovoltaic,base_ramp_storage_envelopes_up_0_6_dn_0_6,7,0.0
175,solar_photovoltaic,base_ramp_storage_envelopes_up_0_6_dn_0_6,7,0.0
176,solar_photovoltaic,base_ramp_storage_envelopes_up_0_6_dn_0_6,7,205.8
177,solar_photovoltaic,base_ramp_storage_envelopes_up_0_6_dn_0_6,7,1286.25
178,solar_photovoltaic,base_ramp_storage_envelopes_up_0_6_dn_0_6,7,1930.25
179,solar_photovoltaic,base_ramp_storage_envelopes_up_0_6_dn_0_6,7,2323.3
180,solar_photovoltaic,base_ramp_storage_envelopes_up_0_6_dn_0_6,7,2533.3
181,solar_photovoltaic,base_ramp_storage_envelopes_up_0_6_dn_0_6,7,2586.15
182,solar_photovoltaic,base_ramp_storage_envelopes_up_0_6_dn_0_6,7,2534.7
183,solar_photovoltaic,base_ramp_storage_envelopes_up_0_6_dn_0_6,7,2295.3
184,solar_photovoltaic,base_ramp_storage_envelopes_up_0_6_dn_0_6,7,1850.45
185,solar_photovoltaic,base_ramp_storage_envelopes_up_0_6_dn_0_6,7,1155.0
186,solar_photovoltaic,base_ramp_storage_envelopes_up_0_6_dn_0_6,7,0.0
187,solar_photovoltaic,base_ramp_storage_envelopes_up_0_6_dn_0_6,7,0.0
188,solar_photovoltaic,base_ramp_storage_envelopes_up_0_6_dn_0_6,7,0.0
189,solar_photovoltaic,base_ramp_storage_envelopes_up_0_6_dn_0_6,7,0.0
190,solar_photovoltaic,base_ramp_storage_envelopes_up_0_6_dn_0_6,7,0.0
191,solar_photovoltaic,base_ramp_storage_envelopes_up_0_6_dn_0_6,7,0.0
192,solar_photovoltaic,base_ramp_storage_envelopes_up_0_6_dn_0_6,7,0.0
169,battery,base_ramp_storage_envelopes_up_0_2_dn_0_2,7,81.36655199999998
170,battery,base_ramp_storage_envelopes_up_0_2_dn_0_2,7,26.97162800000001
171,battery,base_ramp_storage_envelopes_up_0_2_dn_0_2,7,61.93254399999998
172,battery,base_ramp_storage_envelopes_up_0_2_dn_0_2,7,103.34209999999999
173,battery,base_ramp_storage_envelopes_up_0_2_dn_0_2,7,262.584388
174,battery,base_ramp_storage_envelopes_up_0_2_dn_0_2,7,431.73030800000015
175,battery,base_ramp_storage_envelopes_up_0_2_dn_0_2,7,662.5485480000002
176,battery,base_ramp_storage_envelopes_up_0_2_dn_0_2,7,593.764228
177,battery,base_ramp_storage_envelopes_up_0_2_dn_0_2,7,0.0
178,battery,base_ramp_storage_envelopes_up_0_2_dn_0_2,7,0.0
179,battery,base_ramp_storage_envelopes_up_0_2_dn_0_2,7,0.0
180,battery,base_ramp_storage_envelopes_up_0_2_dn_0_2,7,0.0
181,battery,base_ramp_storage_envelopes_up_0_2_dn_0_2,7,0.0
182,battery,base_ramp_storage_envelopes_up_0_2_dn_0_2,7,0.0
183,battery,base_ramp_storage_envelopes_up_0_2_dn_0_2,7,0.0
184,battery,base_ramp_storage_envelopes_up_0_2_dn_0_2,7,0.0
185,battery,base_ramp_storage_envelopes_up_0_2_dn_0_2,7,0.0
186,battery,base_ramp_storage_envelopes_up_0_2_dn_0_2,7,808.1721185440654
187,battery,base_ramp_storage_envelopes_up_0_2_dn_0_2,7,902.1409154422508
188,battery,base_ramp_storage_envelopes_up_0_2_dn_0_2,7,906.710457
189,battery,base_ramp_storage_envelopes_up_0_2_dn_0_2,7,977.3642280000003
190,battery,base_ramp_storage_envelopes_up_0_2_dn_0_2,7,752.4461480000002
191,battery,base_ramp_storage_envelopes_up_0_2_dn_0_2,7,433.92294800000013
192,battery,base_ramp_storage_envelopes_up_0_2_dn_0_2,7,137.44070799999997
169,battery,base_ramp_storage_envelopes_up_1_dn_1,7,81.36655199999998
170,battery,base_ramp_storage_envelopes_up_1_dn_1,7,26.97162800000001
171,battery,base_ramp_storage_envelopes_up_1_dn_1,7,61.93254399999998
172,battery,base_ramp_storage_envelopes_up_1_dn_1,7,103.34209999999999
173,battery,base_ramp_storage_envelopes_up_1_dn_1,7,262.584388
174,battery,base_ramp_storage_envelopes_up_1_dn_1,7,431.73030800000015
175,battery,base_ramp_storage_envelopes_up_1_dn_1,7,662.5485480000002
176,battery,base_ramp_storage_envelopes_up_1_dn_1,7,593.764228
177,battery,base_ramp_storage_envelopes_up_1_dn_1,7,0.0
178,battery,base_ramp_storage_envelopes_up_1_dn_1,7,0.0
179,battery,base_ramp_storage_envelopes_up_1_dn_1,7,0.0
180,battery,base_ramp_storage_envelopes_up_1_dn_1,7,0.0
181,battery,base_ramp_storage_envelopes_up_1_dn_1,7,0.0
182,battery,base_ramp_storage_envelopes_up_1_dn_1,7,0.0
183,battery,base_ramp_storage_envelopes_up_1_dn_1,7,0.0
184,battery,base_ramp_storage_envelopes_up_1_dn_1,7,0.0
185,battery,base_ramp_storage_envelopes_up_1_dn_1,7,0.0
186,battery,base_ramp_storage_envelopes_up_1_dn_1,7,439.54590799999994
187,battery,base_ramp_storage_envelopes_up_1_dn_1,7,606.3691435551256
188,battery,base_ramp_storage_envelopes_up_1_dn_1,7,433.449268
189,battery,base_ramp_storage_envelopes_up_1_dn_1,7,638.2462280000002
190,battery,base_ramp_storage_envelopes_up_1_dn_1,7,413.32814800000017
191,battery,base_ramp_storage_envelopes_up_1_dn_1,7,94.80494800000014
192,battery,base_ramp_storage_envelopes_up_1_dn_1,7,0.0
169,battery,base_ramp_storage_envelopes_up_0_4_dn_0_4,7,81.36655199999998
170,battery,base_ramp_storage_envelopes_up_0_4_dn_0_4,7,26.97162800000001
171,battery,base_ramp_storage_envelopes_up_0_4_dn_0_4,7,61.93254399999998
172,battery,base_ramp_storage_envelopes_up_0_4_dn_0_4,7,103.34209999999999
173,battery,base_ramp_storage_envelopes_up_0_4_dn_0_4,7,262.58438800000005
174,battery,base_ramp_storage_envelopes_up_0_4_dn_0_4,7,431.73030800000004
175,battery,base_ramp_storage_envelopes_up_0_4_dn_0_4,7,662.5485480000002
176,battery,base_ramp_storage_envelopes_up_0_4_dn_0_4,7,593.764228
177,battery,base_ramp_storage_envelopes_up_0_4_dn_0_4,7,0.0
178,battery,base_ramp_storage_envelopes_up_0_4_dn_0_4,7,0.0
179,battery,base_ramp_storage_envelopes_up_0_4_dn_0_4,7,0.0
180,battery,base_ramp_storage_envelopes_up_0_4_dn_0_4,7,0.0
181,battery,base_ramp_storage_envelopes_up_0_4_dn_0_4,7,0.0
182,battery,base_ramp_storage_envelopes_up_0_4_dn_0_4,7,0.0
183,battery,base_ramp_storage_envelopes_up_0_4_dn_0_4,7,0.0
184,battery,base_ramp_storage_envelopes_up_0_4_dn_0_4,7,0.0
185,battery,base_ramp_storage_envelopes_up_0_4_dn_0_4,7,0.0
186,battery,base_ramp_storage_envelopes_up_0_4_dn_0_4,7,785.9031947759848
187,battery,base_ramp_storage_envelopes_up_0_4_dn_0_4,7,819.3399880000001
188,battery,base_ramp_storage_envelopes_up_0_4_dn_0_4,7,769.6292679999999
189,battery,base_ramp_storage_envelopes_up_0_4_dn_0_4,7,672.1281761727381
190,battery,base_ramp_storage_envelopes_up_0_4_dn_0_4,7,752.4461480000002
191,battery,base_ramp_storage_envelopes_up_0_4_dn_0_4,7,433.92294800000013
192,battery,base_ramp_storage_envelopes_up_0_4_dn_0_4,7,137.44070799999997
169,battery,base_ramp_storage_envelopes_up_0_8_dn_0_8,7,81.36655199999998
170,battery,base_ramp_storage_envelopes_up_0_8_dn_0_8,7,26.97162800000001
171,battery,base_ramp_storage_envelopes_up_0_8_dn_0_8,7,61.93254399999998
172,battery,base_ramp_storage_envelopes_up_0_8_dn_0_8,7,103.34209999999999
173,battery,base_ramp_storage_envelopes_up_0_8_dn_0_8,7,262.584388
174,battery,base_ramp_storage_envelopes_up_0_8_dn_0_8,7,431.73030800000004
175,battery,base_ramp_storage_envelopes_up_0_8_dn_0_8,7,662.5485480000002
176,battery,base_ramp_storage_envelopes_up_0_8_dn_0_8,7,593.7642280000001
177,battery,base_ramp_storage_envelopes_up_0_8_dn_0_8,7,0.0
178,battery,base_ramp_storage_envelopes_up_0_8_dn_0_8,7,0.0
179,battery,base_ramp_storage_envelopes_up_0_8_dn_0_8,7,0.0
180,battery,base_ramp_storage_envelopes_up_0_8_dn_0_8,7,0.0
181,battery,base_ramp_storage_envelopes_up_0_8_dn_0_8,7,0.0
182,battery,base_ramp_storage_envelopes_up_0_8_dn_0_8,7,0.0
183,battery,base_ramp_storage_envelopes_up_0_8_dn_0_8,7,0.0
184,battery,base_ramp_storage_envelopes_up_0_8_dn_0_8,7,0.0
185,battery,base_ramp_storage_envelopes_up_0_8_dn_0_8,7,0.0
186,battery,base_ramp_storage_envelopes_up_0_8_dn_0_8,7,760.1179436526043
187,battery,base_ramp_storage_envelopes_up_0_8_dn_0_8,7,769.648988
188,battery,base_ramp_storage_envelopes_up_0_8_dn_0_8,7,723.1498009514735
189,battery,base_ramp_storage_envelopes_up_0_8_dn_0_8,7,638.246228
190,battery,base_ramp_storage_envelopes_up_0_8_dn_0_8,7,413.3281480000001
191,battery,base_ramp_storage_envelopes_up_0_8_dn_0_8,7,94.80494800000014
192,battery,base_ramp_storage_envelopes_up_0_8_dn_0_8,7,0.0
169,battery,base_ramp_storage_envelopes_up_0_dn_0,7,81.36655199999998
170,battery,base_ramp_storage_envelopes_up_0_dn_0,7,26.971628000000123
171,battery,base_ramp_storage_envelopes_up_0_dn_0,7,61.93254400000012
172,battery,base_ramp_storage_envelopes_up_0_dn_0,7,103.34210000000007
173,battery,base_ramp_storage_envelopes_up_0_dn_0,7,262.584388
174,battery,base_ramp_storage_envelopes_up_0_dn_0,7,431.73030800000015
175,battery,base_ramp_storage_envelopes_up_0_dn_0,7,662.548548
176,battery,base_ramp_storage_envelopes_up_0_dn_0,7,593.764228
177,battery,base_ramp_storage_envelopes_up_0_dn_0,7,0.0
178,battery,base_ramp_storage_envelopes_up_0_dn_0,7,0.0
179,battery,base_ramp_storage_envelopes_up_0_dn_0,7,0.0
180,battery,base_ramp_storage_envelopes_up_0_dn_0,7,0.0
181,battery,base_ramp_storage_envelopes_up_0_dn_0,7,0.0
182,battery,base_ramp_storage_envelopes_up_0_dn_0,7,0.0
183,battery,base_ramp_storage_envelopes_up_0_dn_0,7,0.0
184,battery,base_ramp_storage_envelopes_up_0_dn_0,7,0.0
185,battery,base_ramp_storage_envelopes_up_0_dn_0,7,56.29674253926251
186,battery,base_ramp_storage_envelopes_up_0_dn_0,7,1065.1529080000003
187,battery,base_ramp_storage_envelopes_up_0_dn_0,7,1108.766988
188,battery,base_ramp_storage_envelopes_up_0_dn_0,7,1059.056268
189,battery,base_ramp_storage_envelopes_up_0_dn_0,7,927.6732280000001
190,battery,base_ramp_storage_envelopes_up_0_dn_0,7,702.7551480000002
191,battery,base_ramp_storage_envelopes_up_0_dn_0,7,384.2319480000001
192,battery,base_ramp_storage_envelopes_up_0_dn_0,7,87.74970799999997
169,battery,base_ramp_storage_envelopes_up_0_6_dn_0_6,7,81.36655199999998
170,battery,base_ramp_storage_envelopes_up_0_6_dn_0_6,7,26.97162800000001
171,battery,base_ramp_storage_envelopes_up_0_6_dn_0_6,7,61.93254400000839
172,battery,base_ramp_storage_envelopes_up_0_6_dn_0_6,7,103.34209999999999
173,battery,base_ramp_storage_envelopes_up_0_6_dn_0_6,7,262.584388
174,battery,base_ramp_storage_envelopes_up_0_6_dn_0_6,7,431.73030800000004
175,battery,base_ramp_storage_envelopes_up_0_6_dn_0_6,7,662.5485480000002
176,battery,base_ramp_storage_envelopes_up_0_6_dn_0_6,7,593.7642280000097
177,battery,base_ramp_storage_envelopes_up_0_6_dn_0_6,7,0.0
178,battery,base_ramp_storage_envelopes_up_0_6_dn_0_6,7,0.0
179,battery,base_ramp_storage_envelopes_up_0_6_dn_0_6,7,0.0
180,battery,base_ramp_storage_envelopes_up_0_6_dn_0_6,7,0.0
181,battery,base_ramp_storage_envelopes_up_0_6_dn_0_6,7,0.0
182,battery,base_ramp_storage_envelopes_up_0_6_dn_0_6,7,0.0
183,battery,base_ramp_storage_envelopes_up_0_6_dn_0_6,7,0.0
184,battery,base_ramp_storage_envelopes_up_0_6_dn_0_6,7,0.0
185,battery,base_ramp_storage_envelopes_up_0_6_dn_0_6,7,0.0
186,battery,base_ramp_storage_envelopes_up_0_6_dn_0_6,7,775.7259080000002
187,battery,base_ramp_storage_envelopes_up_0_6_dn_0_6,7,872.1677356385156
188,battery,base_ramp_storage_envelopes_up_0_6_dn_0_6,7,769.6292680000001
189,battery,base_ramp_storage_envelopes_up_0_6_dn_0_6,7,638.2462280000002
190,battery,base_ramp_storage_envelopes_up_0_6_dn_0_6,7,413.3281480000001
191,battery,base_ramp_storage_envelopes_up_0_6_dn_0_6,7,194.2
192,battery,base_ramp_storage_envelopes_up_0_6_dn_0_6,7,137.44070799999997
171,small_hydroelectric_curtailment,base_ramp_storage_envelopes_up_0_2_dn_0_2,7,2.220446049250313e-16
176,small_hydroelectric_curtailment,base_ramp_storage_envelopes_up_0_2_dn_0_2,7,1.6653345369377348e-14
178,small_hydroelectric_curtailment,base_ramp_storage_envelopes_up_0_2_dn_0_2,7,2.4424906541753444e-15
179,small_hydroelectric_curtailment,base_ramp_storage_envelopes_up_0_2_dn_0_2,7,1.729727472365994e-13
182,small_hydroelectric_curtailment,base_ramp_storage_envelopes_up_0_2_dn_0_2,7,1.729727472365994e-13
186,small_hydroelectric_curtailment,base_ramp_storage_envelopes_up_0_2_dn_0_2,7,2.4424906541753444e-15
191,small_hydroelectric_curtailment,base_ramp_storage_envelopes_up_0_2_dn_0_2,7,2.4424906541753444e-15
171,small_hydroelectric_curtailment,base_ramp_storage_envelopes_up_1_dn_1,7,2.220446049250313e-16
176,small_hydroelectric_curtailment,base_ramp_storage_envelopes_up_1_dn_1,7,1.6653345369377348e-14
178,small_hydroelectric_curtailment,base_ramp_storage_envelopes_up_1_dn_1,7,2.4424906541753444e-15
179,small_hydroelectric_curtailment,base_ramp_storage_envelopes_up_1_dn_1,7,1.729727472365994e-13
182,small_hydroelectric_curtailment,base_ramp_storage_envelopes_up_1_dn_1,7,1.729727472365994e-13
186,small_hydroelectric_curtailment,base_ramp_storage_envelopes_up_1_dn_1,7,2.4424906541753444e-15
191,small_hydroelectric_curtailment,base_ramp_storage_envelopes_up_1_dn_1,7,2.4424906541753444e-15
171,small_hydroelectric_curtailment,base_ramp_storage_envelopes_up_0_4_dn_0_4,7,2.220446049250313e-16
176,small_hydroelectric_curtailment,base_ramp_storage_envelopes_up_0_4_dn_0_4,7,1.6653345369377348e-14
178,small_hydroelectric_curtailment,base_ramp_storage_envelopes_up_0_4_dn_0_4,7,2.4424906541753444e-15
179,small_hydroelectric_curtailment,base_ramp_storage_envelopes_up_0_4_dn_0_4,7,1.729727472365994e-13
182,small_hydroelectric_curtailment,base_ramp_storage_envelopes_up_0_4_dn_0_4,7,1.729727472365994e-13
186,small_hydroelectric_curtailment,base_ramp_storage_envelopes_up_0_4_dn_0_4,7,2.4424906541753444e-15
191,small_hydroelectric_curtailment,base_ramp_storage_envelopes_up_0_4_dn_0_4,7,2.4424906541753444e-15
171,small_hydroelectric_curtailment,base_ramp_storage_envelopes_up_0_8_dn_0_8,7,2.220446049250313e-16
176,small_hydroelectric_curtailment,base_ramp_storage_envelopes_up_0_8_dn_0_8,7,1.6653345369377348e-14
178,small_hydroelectric_curtailment,base_ramp_storage_envelopes_up_0_8_dn_0_8,7,2.4424906541753444e-15
179,small_hydroelectric_curtailment,base_ramp_storage_envelopes_up_0_8_dn_0_8,7,1.729727472365994e-13
182,small_hydroelectric_curtailment,base_ramp_storage_envelopes_up_0_8_dn_0_8,7,1.729727472365994e-13
186,small_hydroelectric_curtailment,base_ramp_storage_envelopes_up_0_8_dn_0_8,7,2.4424906541753444e-15
191,small_hydroelectric_curtailment,base_ramp_storage_envelopes_up_0_8_dn_0_8,7,2.4424906541753444e-15
171,small_hydroelectric_curtailment,base_ramp_storage_envelopes_up_0_dn_0,7,2.220446049250313e-16
175,small_hydroelectric_curtailment,base_ramp_storage_envelopes_up_0_dn_0,7,2.4424906541753444e-15
181,small_hydroelectric_curtailment,base_ramp_storage_envelopes_up_0_dn_0,7,1.729727472365994e-13
189,small_hydroelectric_curtailment,base_ramp_storage_envelopes_up_0_dn_0,7,2.4424906541753444e-15
191,small_hydroelectric_curtailment,base_ramp_storage_envelopes_up_0_dn_0,7,2.4424906541753444e-15
171,small_hydroelectric_curtailment,base_ramp_storage_envelopes_up_0_6_dn_0_6,7,2.220446049250313e-16
176,small_hydroelectric_curtailment,base_ramp_storage_envelopes_up_0_6_dn_0_6,7,1.6653345369377348e-14
178,small_hydroelectric_curtailment,base_ramp_storage_envelopes_up_0_6_dn_0_6,7,2.4424906541753444e-15
179,small_hydroelectric_curtailment,base_ramp_storage_envelopes_up_0_6_dn_0_6,7,1.729727472365994e-13
182,small_hydroelectric_curtailment,base_ramp_storage_envelopes_up_0_6_dn_0_6,7,1.729727472365994e-13
186,small_hydroelectric_curtailment,base_ramp_storage_envelopes_up_0_6_dn_0_6,7,2.4424906541753444e-15
191,small_hydroelectric_curtailment,base_ramp_storage_envelopes_up_0_6_dn_0_6,7,2.4424906541753444e-15
170,onshore_wind_turbine_curtailment,base_ramp_storage_envelopes_up_0_2_dn_0_2,7,1.4210854715202004e-14
180,onshore_wind_turbine_curtailment,base_ramp_storage_envelopes_up_0_2_dn_0_2,7,1.7053025658242404e-13
170,onshore_wind_turbine_curtailment,base_ramp_storage_envelopes_up_1_dn_1,7,1.4210854715202004e-14
180,onshore_wind_turbine_curtailment,base_ramp_storage_envelopes_up_1_dn_1,7,1.7053025658242404e-13
170,onshore_wind_turbine_curtailment,base_ramp_storage_envelopes_up_0_4_dn_0_4,7,1.4210854715202004e-14
180,onshore_wind_turbine_curtailment,base_ramp_storage_envelopes_up_0_4_dn_0_4,7,1.7053025658242404e-13
170,onshore_wind_turbine_curtailment,base_ramp_storage_envelopes_up_0_8_dn_0_8,7,1.4210854715202004e-14
180,onshore_wind_turbine_curtailment,base_ramp_storage_envelopes_up_0_8_dn_0_8,7,1.7053025658242404e-13
170,onshore_wind_turbine_curtailment,base_ramp_storage_envelopes_up_0_dn_0,7,1.4210854715202004e-14
178,onshore_wind_turbine_curtailment,base_ramp_storage_envelopes_up_0_dn_0,7,1.4210854715202004e-13
180,onshore_wind_turbine_curtailment,base_ramp_storage_envelopes_up_0_dn_0,7,2.2737367544323206e-13
187,onshore_wind_turbine_curtailment,base_ramp_storage_envelopes_up_0_dn_0,7,1.7763568394002505e-15
170,onshore_wind_turbine_curtailment,base_ramp_storage_envelopes_up_0_6_dn_0_6,7,1.4210854715202004e-14
180,onshore_wind_turbine_curtailment,base_ramp_storage_envelopes_up_0_6_dn_0_6,7,1.7053025658242404e-13
