hour,day,reserve_up_MW,reserve_down_MW
1,1,168.26338965,153.48216324999987
2,1,178.96947500000033,151.7791950749999
3,1,179.00615705000007,125.08188299999993
4,1,148.104053325,144.6972431
5,1,134.3337422250002,179.44742665
6,1,148.73865530000018,171.78277180000003
7,1,146.909223375,191.30162954999986
8,1,160.15148700000015,216.99881799999997
9,1,221.46724677500018,200.09506990000003
10,1,205.93546002499997,220.25242680000002
11,1,193.57635849999997,194.6901420749998
12,1,222.1999072999999,228.39730110000008
13,1,238.5551532750004,260.667447525
14,1,201.29638437500014,232.15541647499998
15,1,196.7601336000002,222.40011992499998
16,1,189.06466280000015,215.89222377500005
17,1,161.70710552500003,195.52409440000005
18,1,181.6335928250001,252.83997522499982
19,1,184.085310375,246.99290004999972
20,1,200.44378372499995,243.04691057500003
21,1,223.5281444750001,248.16662380000008
22,1,189.34786942500006,225.45389127499993
23,1,199.4685513,258.98387427499995
24,1,188.68010395000005,217.145192725
25,2,150.5061472750001,124.97135907499998
26,2,149.4385957500001,132.07722529999995
27,2,146.70980175,137.15218294999994
28,2,122.90094629999999,175.07735939999998
29,2,177.79027530000002,126.65162064999997
30,2,177.08073147499994,152.38212902500004
31,2,170.29193582499994,198.7527324749999
32,2,173.25488672500023,212.99480007499994
33,2,193.61525927499997,212.83475114999993
34,2,210.13209257500006,216.4736956499999
35,2,221.19987927500014,225.64719062500012
36,2,221.69938592500003,251.653346575
37,2,235.76028887500055,247.57908957500007
38,2,240.17648997500032,263.61748414999994
39,2,283.9549812249999,243.5146069500001
40,2,296.1836572750002,230.94109760000003
41,2,290.0017397250001,207.39265830000005
42,2,286.2426722,171.28080229999995
43,2,309.8447411500001,192.14236059999996
44,2,252.26997442500004,171.21865387499986
45,2,282.9001837750002,252.07511162499992
46,2,258.97558897500016,252.20821667500007
47,2,211.19551897500014,220.69608972500004
48,2,175.38803797499997,192.5524952
49,3,124.49165595000008,120.8676476
50,3,133.48097985000004,142.44911432500004
51,3,143.04873784999998,174.70612822499987
52,3,128.83787905000005,147.61481457499997
53,3,118.84191515000008,153.33572434999996
54,3,134.54883567500002,156.21901159999982
55,3,157.41740907499997,168.3549864499998
56,3,234.8606756000002,183.04517545
57,3,248.46661377499987,222.80833340000004
58,3,323.2200413500001,217.7866081750001
59,3,345.00727535000004,266.56190792499996
60,3,317.613664975,278.20189112500003
61,3,315.472230775,269.8539671249998
62,3,246.3563118750002,255.6807268749999
63,3,270.8977610000001,274.46820827499994
64,3,302.8384773500001,247.23248604999986
65,3,264.47045725,235.84326345000005
66,3,277.17929165000004,255.49135107500007
67,3,278.98184492500013,247.54708007499988
68,3,283.5085817000001,251.35267484999997
69,3,303.2201693749999,249.44623147499982
70,3,247.24678462500023,238.54798660000003
71,3,226.09091955000025,232.961651975
72,3,265.0497324000002,190.5639497499999
73,4,173.6890237750001,154.804234775
74,4,165.22134729999996,165.84026462499997
75,4,172.75317942500004,147.02038612500002
76,4,127.8775991250001,128.41461184999997
77,4,168.8615747,121.322920225
78,4,145.76086650000002,140.73278004999997
79,4,167.66938094999995,178.684189275
80,4,239.31138545000027,199.96670280000018
81,4,232.70021370000018,338.8170969749999
82,4,254.16434110000046,252.54579257500006
83,4,243.16915210000008,247.73143435
84,4,247.30601532499992,283.7024743999998
85,4,230.95281327499987,278.3317872249999
86,4,246.271568525,237.62491265
87,4,219.03263722499995,250.51737527499995
88,4,226.58271640000015,218.0557411250001
89,4,223.0979087,236.4368806249998
90,4,238.36267950000013,264.8069675500001
91,4,244.43875332500014,245.53366437499983
92,4,316.5303500000001,262.57374965000014
93,4,290.60266437500013,234.84559809999988
94,4,264.8707609500008,246.96074562500002
95,4,224.98693220000007,219.45473802499984
96,4,171.33794937499994,235.88856967499993
97,5,116.00750832500007,188.96588089999997
98,5,147.63663507500016,185.54095912499992
99,5,163.88669902500013,178.29769027499998
100,5,162.4547428250001,168.47489210000003
101,5,193.32265612500035,169.14134152499992
102,5,157.32101792500015,184.64521942499994
103,5,145.614044325,224.94273570000013
104,5,212.84777327500007,232.78805637499994
105,5,213.00126642500007,245.69041294999994
106,5,226.66362439999995,195.54838494999987
107,5,234.6381190249999,273.54785062499974
108,5,250.18231385000007,245.082159925
109,5,263.0517102000001,264.14876197499984
110,5,265.475628325,275.92368692499997
111,5,278.50595510000016,317.55117665
112,5,250.90814079999998,319.3988791249999
113,5,229.17775812500008,286.7523328
114,5,258.26866727500027,294.295088
115,5,287.7455300749999,300.30056547499987
116,5,272.8820871,280.2954565250001
117,5,246.54660084999995,230.99987089999985
118,5,222.55245415,225.0063309500001
119,5,244.17886692500002,235.6401905
120,5,262.02989620000017,228.30156045000004
121,6,160.30882905000004,176.0734739749999
122,6,167.94875022500003,166.19745792499998
123,6,161.93508792500006,162.06049534999985
124,6,140.81114960000002,167.34837267500006
125,6,142.76161177500012,139.72253789999996
126,6,173.2872058750002,177.81229570000005
127,6,199.0730049250001,191.36811095000004
128,6,178.8823133500003,213.48912827499996
129,6,212.94323622499996,242.3560621
130,6,284.03425122500016,258.401024475
131,6,292.8942527250001,251.35253380000012
132,6,291.79635250000024,256.78813977499993
133,6,228.05901597500002,274.9804420999999
134,6,247.83743922500025,299.46309910000014
135,6,236.53900912500018,243.83874620000012
136,6,232.03086962499995,231.10795724999997
137,6,227.32590365000024,226.73456127499986
138,6,230.63988405,273.008608
139,6,250.5342179999999,227.77986787499998
140,6,193.69120737500012,235.65930325
141,6,287.44123585000006,274.70063637499993
142,6,247.972739175,268.8077466249999
143,6,203.68482875000012,228.92498744999978
144,6,228.9629622250004,222.77639919999996
145,7,137.83864015000012,158.4964117
146,7,151.75130960000007,187.47339515000004
147,7,119.13740445000003,154.442277025
148,7,148.30875627500026,172.04284577500007
149,7,152.24022977500022,182.86289864999992
150,7,175.60240765000015,155.90224795
151,7,195.4620308000001,215.940421275
152,7,201.69091877499997,215.1634449249998
153,7,163.31621734999993,161.7524408499999
154,7,230.1745810000001,273.21969229999996
155,7,230.009851525,279.0069193000001
156,7,226.10151605000016,236.1470020999998
157,7,208.02755240000008,240.01812827500007
158,7,231.78521472500037,234.04953525000013
159,7,205.376908825,222.11023512499992
160,7,229.00228145000034,213.79269770000002
161,7,173.2325674000001,201.26335947500002
162,7,185.82002070000007,252.3844314750001
163,7,242.6081634000002,243.80707154999996
164,7,256.2764211000001,258.57583945
165,7,236.416765075,256.13167324999984
166,7,248.38192037500005,228.70486364999994
167,7,216.92220400000028,207.09986207499998
168,7,202.93618785000018,195.8008431749999
169,8,129.76174507500005,127.15912825000002
170,8,138.022386225,108.46134602500007
171,8,118.57331335000005,126.46872469999998
172,8,117.49023905000001,137.54574004999995
173,8,106.32692427499995,141.58851709999988
174,8,128.43017599999996,149.39244462499988
175,8,164.96267982500007,161.8316138999999
176,8,171.75637880000016,186.0946677749999
177,8,204.65588912500021,242.9695194999999
178,8,211.00756440000018,246.07424512499983
179,8,251.05778335000002,291.58671764999985
180,8,259.39229177500044,254.27691635000002
181,8,211.1839447000001,278.3532881750001
182,8,250.50911732500072,238.30557182500002
183,8,313.24684975,195.33708250000007
184,8,294.25250170000044,236.5316681499999
185,8,274.61880047500006,200.2421878749999
186,8,259.8538216750004,195.0591620250001
187,8,187.65091564999983,191.56150085000013
188,8,217.67079022499993,298.3973975749998
189,8,198.09164915000014,275.55946477500004
190,8,183.12202242500024,236.09712439999996
191,8,186.48287232500002,223.37310509999992
192,8,194.13907719999997,192.70687424999988
193,9,142.43139957500014,155.27285074999995
194,9,124.19072717499995,147.89011629999987
195,9,119.19169529999999,140.88151489999996
196,9,160.23404865,140.6809178
197,9,171.15658995000007,140.08792725000004
198,9,175.18462819999996,163.76496280000003
199,9,198.43932197500004,202.52722897500018
200,9,213.58979982500003,265.32228300000014
201,9,268.4476492000001,238.98495284999984
202,9,296.8074136000005,236.81545067499997
203,9,243.16771470000023,209.29059842500016
204,9,214.3735488750001,219.95708572500007
205,9,251.6109356250002,244.1550477999998
206,9,223.20476139999994,239.75555164999992
207,9,226.77417815,224.2310328249999
208,9,247.60078287500022,263.5224630249999
209,9,266.5085056500002,266.038855025
210,9,235.36094775000004,226.12471094999995
211,9,252.8036922500001,277.9890469999999
212,9,239.26667612499998,299.7572220999998
213,9,207.23427040000013,250.89461410000007
214,9,194.25286370000003,223.46629605000004
215,9,215.58550610000003,242.2944038999999
216,9,199.37049964999994,226.1058074999999
217,10,154.07412697500013,163.46183980000006
218,10,133.21896145000017,163.41013307499992
219,10,167.21957547500006,149.3422876249999
220,10,170.38171312500026,143.28132305000005
221,10,153.04259194999992,160.36195715000005
222,10,145.00153572500002,183.169894475
223,10,183.84052417500004,224.24474412499984
224,10,210.2569171250001,256.72352365
225,10,272.76816575,246.73267405000007
226,10,270.63154305000023,196.41282784999996
227,10,245.88303402500017,260.9850564499999
228,10,274.23741450000006,284.6136115749999
229,10,325.403686775,275.43385684999987
230,10,287.49406492500015,237.28898774999982
231,10,350.3654606500001,250.42567602500003
232,10,287.84717932499996,230.3594057749999
233,10,241.40852992500007,224.79341727500005
234,10,236.58693727500014,250.61763274999993
235,10,277.76062782500026,272.2100532249999
236,10,254.68048265000039,250.22177299999993
237,10,204.63084187500027,322.94568479999975
238,10,194.51930130000028,238.77064367499983
239,10,211.256065825,247.81313972499993
240,10,191.85495260000016,238.71487872499995
241,11,158.91830000000022,157.62486304999993
242,11,166.99818957500003,159.70375289999993
243,11,133.57434237500013,194.5086792249998
244,11,146.1789313,166.18320415
245,11,138.09441640000014,181.24088179999995
246,11,151.37228072500017,196.08085784999997
247,11,172.0907183500001,218.06009999999998
248,11,270.27453295,205.6576151999999
249,11,261.36957025000015,248.05825369999974
250,11,223.85703397500015,319.9918136000001
251,11,270.9470668750005,291.77776170000016
252,11,290.92359567500046,327.50939727499986
253,11,240.04971497499986,271.7465231499999
254,11,285.3598929500002,264.689406425
255,11,326.0777143749999,248.94911897499998
256,11,274.06329347500014,262.05954572499996
257,11,281.885886875,276.2065226750001
258,11,261.7437835249999,293.9574676999998
259,11,222.94137637500017,238.53263309999983
260,11,216.37575577500013,253.5130779999996
261,11,226.50761600000004,236.22438764999987
262,11,210.0112826000001,244.926838875
263,11,217.92108334999998,245.29499657499997
264,11,258.09656655000015,188.90083505000004
265,12,144.013696725,135.49576570000005
266,12,161.06149537500013,117.10992045000003
267,12,164.77913845000006,122.43018714999991
268,12,146.81541505000007,140.7341376
269,12,170.4569135750002,148.36280379999997
270,12,184.82679002500015,132.18672519999998
271,12,211.33853842500014,166.5629240249999
272,12,248.42042292499994,219.26586097499995
273,12,291.12957052499996,223.65719439999984
274,12,306.1106076,247.12459582499991
275,12,250.1855695999999,299.558752325
276,12,259.2560776749999,304.4218621249999
277,12,234.5404263000002,313.4973014500001
278,12,289.2235400750002,278.48298874999995
279,12,292.523637925,287.90314902499983
280,12,311.06295027500033,241.17745032500005
281,12,306.47033787500044,285.379684825
282,12,282.01983375000043,301.81383345000006
283,12,299.6014237750003,251.39729850000003
284,12,300.42130565000025,237.22702052500009
285,12,336.7949022500003,229.817849175
286,12,296.6407665000002,225.83782179999986
287,12,229.49529955000014,214.69293084999993
288,12,235.84801107500016,221.96727994999998
289,13,151.26741527500013,181.25174564999992
290,13,150.247619025,145.75035924999995
291,13,149.23386435000015,133.89475040000002
292,13,141.877327225,137.964355125
293,13,157.714241225,155.35457244999998
294,13,174.30400640000016,136.6794152249999
295,13,211.35624607500017,173.10280535
296,13,209.12724590000022,218.75073715000013
297,13,281.65715145,270.6852441749999
298,13,223.26530770000016,250.00377405000006
299,13,260.8268919750001,253.20759892499984
300,13,240.48196550000011,272.4557188
301,13,216.0563363000001,240.84461407499998
302,13,269.7870482000001,260.9623849749998
303,13,263.52652627500015,272.0503102499997
304,13,263.8473777000001,284.825810825
305,13,272.46222947500024,260.462023125
306,13,282.3080366750005,229.58033477499976
307,13,288.0877828749999,253.595460075
308,13,277.849214425,233.15614907499997
309,13,227.27176672500005,254.12013482499987
310,13,262.5833872500002,224.19716749999995
311,13,213.11995685000034,192.719250025
312,13,199.56049710000005,154.41639650000002
313,14,197.5250876000003,151.19192952499998
314,14,187.53259022499995,156.20037782499995
315,14,168.28105455000016,148.41048252499996
316,14,167.46007777500034,161.38681077500001
317,14,183.67562549999997,197.89651064999998
318,14,197.1082299250001,179.7597883749999
319,14,239.26010742500006,221.01784407500008
320,14,212.0734635249999,197.09344252500009
321,14,219.60836810000023,284.42704560000004
322,14,248.33346090000003,232.6546852250001
323,14,300.7008736750002,282.0410945999999
324,14,281.3722435750003,273.6179219999999
325,14,304.88779300000004,253.05201812499996
326,14,332.3721771500003,222.76767965000008
327,14,400.5376375000004,226.44872517500002
328,14,342.62084392500003,251.753024875
329,14,292.0614192500001,204.36204122499987
330,14,239.5442783500003,210.72157125000007
331,14,290.6486189750002,277.755652225
332,14,290.6856890249999,234.14162649999997
333,14,277.5214985250002,226.20513692499998
334,14,238.6029861,207.71305697500003
335,14,211.67222017500006,224.31505009999995
336,14,229.38692542500002,219.26588484999996
337,15,156.6621204500002,137.61484099999993
338,15,135.97284652500008,140.61104152500005
339,15,156.17159147500013,158.89160157499992
340,15,154.78879719999995,163.35713469999996
341,15,172.19535355,124.64143882499994
342,15,163.78012757500005,171.34111289999993
343,15,171.31760595000014,141.607491225
344,15,197.3569967750001,139.13229312500005
345,15,227.13132175000013,191.91497329999987
346,15,242.57922495000008,170.99024717499998
347,15,237.75560620000027,207.43579402499998
348,15,206.05249089999995,186.3076395249999
349,15,241.3711625249999,223.10119297499986
350,15,238.93196999999998,208.65634555000003
351,15,204.75297884999998,212.70031540000008
352,15,216.2890328000001,209.18967137499993
353,15,193.69995205000004,217.62655332499997
354,15,202.50575805000022,261.9781475750001
355,15,220.20332412500005,255.85385282499982
356,15,199.01836097500018,267.3196684999998
357,15,205.62326372500013,245.75853464999983
358,15,191.53599007500017,209.82312134999995
359,15,169.36138705000008,206.4122894
360,15,160.11583745000007,187.39397807500006
361,16,167.01699452500003,149.00500589999996
362,16,148.5872473,157.29755442499993
363,16,160.08648754999996,147.27660715
364,16,140.337179675,148.52856787499996
365,16,160.16377050000025,147.16152922499998
366,16,148.12033182500005,171.98392322500007
367,16,234.53861177500028,209.40557164999979
368,16,185.78499315,262.21841345
369,16,211.23098680000015,296.18798387499976
370,16,249.92906410000012,310.69740695
371,16,294.65339945000017,258.6210262749998
372,16,325.5711348,276.90142824999987
373,16,323.32739915000013,249.6080760500001
374,16,289.4591360750006,249.55472024999986
375,16,251.98089469999994,259.799240325
376,16,232.98800785000006,251.98436502499982
377,16,271.8290056500001,226.31194507499993
378,16,296.8460421999999,268.72168724999983
379,16,332.4708489750001,315.18954832500003
380,16,283.209538575,307.8244535499998
381,16,300.9507991250002,234.95856117499983
382,16,290.7935644250002,248.65565884999995
383,16,256.63911287500014,237.40431865
384,16,252.63521190000017,220.995414575
385,17,184.27438030000002,199.22944794999998
386,17,191.03729762500004,192.17507927499992
387,17,178.71792150000005,185.69655210000002
388,17,141.93324527499993,165.48105417499994
389,17,152.3145080000001,198.07005170000005
390,17,190.44626207500005,228.26977127499987
391,17,219.38255425000017,197.05661324999994
392,17,256.2315052249998,220.79324915000007
393,17,204.28253239999995,250.174073275
394,17,294.4824676750003,282.3008679499999
395,17,280.89882295000024,280.97724119999987
396,17,267.2433571750001,327.594339925
397,17,239.79254220000024,241.7612554499999
398,17,250.98713297500024,245.13627792499986
399,17,290.2086145250002,256.7112090750001
400,17,284.07972695000024,283.6721303249999
401,17,281.1307758500002,269.121728025
402,17,251.30493647499983,295.7917144499999
403,17,283.10328814999997,315.38982869999995
404,17,235.27211007499992,304.0126300249998
405,17,213.51732565000006,295.30321195
406,17,255.26449295000032,256.489874425
407,17,182.62861435000005,246.94301424999992
408,17,186.4267091000001,243.34725419999995
409,18,178.77570587499997,172.34843617500005
410,18,164.2709711500001,160.8721278
411,18,154.22072050000003,139.67041082499998
412,18,133.88480557499994,155.76612814999993
413,18,164.03051877499996,148.41015599999992
414,18,190.35102540000017,201.35485442499998
415,18,240.6397318500001,247.31794500000004
416,18,248.6804387500003,263.5850629499999
417,18,233.21350277499994,296.92165782500007
418,18,254.7479492250003,277.28131247500005
419,18,269.85887297499994,260.4609368999999
420,18,249.8232342,275.5635338750001
421,18,260.5445660249999,233.00256692499994
422,18,318.87372125000024,263.01489534999996
423,18,288.8802166249999,238.34363382499993
424,18,294.9381735000003,230.59005765000006
425,18,332.56121400000035,243.37347805000002
426,18,318.1560431500002,249.13130467499997
427,18,268.91353102500017,238.7379077249999
428,18,298.25030985,274.55615065000006
429,18,286.058305775,294.93851287499984
430,18,213.89158152500016,244.2555894749999
431,18,220.40290095000006,231.486685675
432,18,187.92252342499987,259.0785524499999
433,19,209.31776447499996,181.38471680000006
434,19,177.15121045000006,148.13049724999993
435,19,172.06194375,131.05001954999994
436,19,138.93647220000003,144.9490999499999
437,19,163.68981017500005,127.52526327499999
438,19,133.15848652500017,181.24941967499998
439,19,165.99545834999998,232.4673293999998
440,19,193.92750954999997,249.7354882249998
441,19,192.25028687499994,262.61950792499977
442,19,213.8652541249998,305.69544147499994
443,19,247.25853137500033,287.3117040249999
444,19,257.5563405000003,268.8949860750002
445,19,230.37248710000006,286.9934686250001
446,19,287.73882567500016,275.7816309
447,19,279.30842640000003,290.3592042749999
448,19,302.7095770250004,275.66860715000007
449,19,271.8448379500002,237.25412242500016
450,19,263.87475115000007,257.96640837500007
451,19,309.3906909000001,213.09248172499986
452,19,244.07156267500022,233.35980275
453,19,262.20549477500015,243.09209732499977
454,19,246.05415580000036,277.2474282499999
455,19,237.60723852500035,257.43130654999993
456,19,214.2616256500002,260.6303232749998
457,20,179.5216815,163.6637888999999
458,20,159.14291072500004,197.97564035
459,20,155.04625865000003,198.61064670000002
460,20,154.1925898500001,179.641649375
461,20,125.41870882500001,161.98248764999994
462,20,190.57245095,196.7322915249999
463,20,196.23706989999988,203.428120575
464,20,199.05669967499995,284.07537715
465,20,271.09808967499987,302.61376170000005
466,20,214.70867827499998,281.9715975999999
467,20,243.82253425,288.07053392499995
468,20,245.5251115000002,276.4871414499999
469,20,259.6331791,284.03606012499995
470,20,228.45076755000014,241.23270169999998
471,20,271.2919376,224.0459231249999
472,20,247.45909989999996,219.72251870000014
473,20,194.98323402500017,209.720895
474,20,201.2564842000001,230.42218762500005
475,20,204.1004148,258.4816754499998
476,20,242.4506128750001,252.7164053750001
477,20,273.6276831250004,182.66805479999994
478,20,244.4762423750001,183.21377065000007
479,20,263.46245162499986,138.45968752499988
480,20,226.066102,160.0121806249999
481,21,209.67626817500002,199.64047419999994
482,21,207.27250495000035,173.430360425
483,21,167.94105502500017,187.76027072500005
484,21,167.36278497500024,200.49897330000002
485,21,179.3146275250004,187.40506449999998
486,21,188.18653942500015,212.61959892499996
487,21,196.8430163750002,270.60709662499994
488,21,198.05859909999992,259.34655002499994
489,21,197.82138492500007,308.41330074999985
490,21,235.72439682499999,264.4302881249999
491,21,230.44937200000015,219.25784325000012
492,21,216.488601475,219.27566980000012
493,21,234.42004832499998,234.50827429999998
494,21,224.7059090750002,227.53129552499993
495,21,180.89494110000015,234.43533207499996
496,21,161.87733960000023,246.32530727499983
497,21,172.8751698499999,224.04616829999992
498,21,198.14385545000022,207.99515985
499,21,180.88776355000002,234.6646022499999
500,21,208.55269607500003,202.58499595000004
501,21,209.76433865000018,207.97622095000003
502,21,189.36489945000014,230.04111369999998
503,21,230.59715187500012,252.23139587499986
504,21,262.0087484249999,206.35742422500005
505,22,163.34210732499997,152.6249667999999
506,22,161.54496660000007,161.66154972500001
507,22,147.3911165000001,167.34594629999995
508,22,151.76079282500012,148.1892810499999
509,22,164.97199680000006,132.18944242499992
510,22,165.92699690000018,130.9028167000001
511,22,193.78592172500004,151.064382825
512,22,171.2391683499999,178.81839310000015
513,22,176.3768777499999,190.8710129000001
514,22,178.4515346750001,197.96018297500007
515,22,240.98271055000015,199.43673197500004
516,22,198.0088703500001,181.7509144249999
517,22,214.0885647749999,213.1479978000001
518,22,234.15236534999997,193.25921202499998
519,22,270.4310248999999,191.27879084999984
520,22,245.5208990000002,259.27836612500005
521,22,241.16848330000008,273.70385497499984
522,22,214.74566765000003,253.2813359000001
523,22,227.19158492499986,205.40523870000004
524,22,235.3867615500001,229.0105931249998
525,22,280.6171681,184.27591504999992
526,22,252.19171395000012,182.47648879999983
527,22,216.7896753500001,186.1151678999999
528,22,190.7828339,149.02845100000005
529,23,206.46417889999998,133.66539247499995
530,23,199.90846117500033,142.73438322500002
531,23,171.38478405000006,158.64301627499995
532,23,201.305925425,148.15596444999994
533,23,201.23756060000014,192.55968675000003
534,23,188.3926906000002,195.8731593249999
535,23,268.04680312500017,231.76631627500007
536,23,218.64380125000025,297.3441645249999
537,23,320.6817731750001,290.3272496249999
538,23,282.86421140000016,300.9802525500001
539,23,281.0047503000001,325.6158050249999
540,23,346.5875958749999,269.1625742499999
541,23,308.53710785000044,235.73242410000006
542,23,305.1328199750002,245.64761007499993
543,23,273.16630687500003,302.5009167749999
544,23,293.14122,287.688978575
545,23,237.32060230000025,281.5146820500002
546,23,218.30153830000012,285.1535116249999
547,23,275.5135453750001,343.5710883249998
548,23,282.7411655000001,257.1592735500001
549,23,267.98485122499983,310.9687765750001
550,23,267.3168190500003,293.99231355
551,23,233.95072232500019,234.57866397499998
552,23,232.1905218750004,229.37477507499995
553,24,129.9580876,157.01295167500007
554,24,128.7842534,153.2786748
555,24,138.9164853750001,176.0224983999999
556,24,150.34885815,184.34859132500003
557,24,135.28396522500006,151.18235905000006
558,24,157.2460344250004,184.19057402499993
559,24,204.95231827499998,179.29299385000007
560,24,224.86473362500024,202.26122239999978
561,24,244.3034310000001,265.421041625
562,24,299.43743005000005,202.7157578500001
563,24,293.645284375,229.92745467499984
564,24,280.1999082000002,230.81057264999987
565,24,272.9331566250001,220.58716207500004
566,24,250.62224799999996,188.75967487499997
567,24,278.829423475,267.7224442749999
568,24,246.86612320000017,215.37396545000007
569,24,214.40485454999998,248.97588377499991
570,24,213.14786302499982,222.87092994999995
571,24,210.24373545,210.26763334999993
572,24,210.0664243500001,222.26243092500005
573,24,248.34661540000008,224.86844575000012
574,24,248.8318603750002,222.7951995250001
575,24,247.00050142500018,195.474991025
576,24,242.1352645250002,183.04175947499994
577,25,132.58828375000002,150.98136499999998
578,25,123.57000605000009,142.753533875
579,25,135.2151931,130.52324822499997
580,25,134.61391070000008,138.08805545000007
581,25,145.20017340000004,206.91671602500003
582,25,208.6479041500001,156.280435575
583,25,246.63415750000001,178.05834004999994
584,25,260.10334880000016,197.89923117499993
585,25,317.4346229249998,245.74196540000008
586,25,320.32558825000024,297.86412329999996
587,25,257.01580650000005,321.086257325
588,25,281.23167940000013,304.2932365749997
589,25,247.94205397500008,248.8978906499998
590,25,261.1628198250001,261.3512280750001
591,25,242.71122070000007,258.5708769999998
592,25,271.02491957500007,217.2207145249999
593,25,274.8710094500002,228.59943880000014
594,25,315.203465275,223.73309717500013
595,25,242.67403105000008,238.63991774999982
596,25,299.3363211750001,278.22735192500016
597,25,239.3820154000002,290.86213287499993
598,25,207.3895214000002,248.6038324250001
599,25,243.5126481750001,244.59634462499986
600,25,236.59373050000002,231.35200202500005
601,26,152.88486559999996,175.20619919999996
602,26,114.231771675,161.0495037999999
603,26,125.24959049999998,136.54646315
604,26,159.33410874999998,143.08928955
605,26,168.3491475749999,155.145246725
606,26,156.53260947500002,182.8096582749999
607,26,127.67674835000003,219.41330570000014
608,26,140.5020717000001,260.3676811749999
609,26,229.6905690000001,271.68881167500007
610,26,209.34501379999995,299.3258590749998
611,26,197.27015712500008,289.04330692499997
612,26,223.69724217500018,289.62124722500016
613,26,268.0101532250002,214.15319514999985
614,26,283.40916785000024,251.70644472499998
615,26,267.3578020250001,302.73579244999996
616,26,275.8413249500001,295.695702375
617,26,267.1768304750001,262.1652230000001
618,26,294.5512750500004,283.3086353499998
619,26,209.92964122500013,284.22215052499985
620,26,234.03299427499996,257.29577177500005
621,26,245.35207022500015,256.4536475499999
622,26,214.06650400000012,257.7756042749999
623,26,227.50328767500014,262.968688925
624,26,217.9766231000001,247.25018982499995
625,27,121.47994595000006,146.20325072499998
626,27,137.95631560000004,151.89892667499993
627,27,140.30667195,137.74072640000003
628,27,122.98712352500009,133.91676767499993
629,27,166.36395587500024,121.03914979999999
630,27,147.77438682500002,159.82490619999993
631,27,157.89503745000013,204.94340152499996
632,27,237.28762602500012,192.34465722500005
633,27,252.35100749999998,177.2997309000001
634,27,237.77012152500032,224.1247314749998
635,27,259.12849250000033,302.5078902749999
636,27,312.43664165000007,242.21348310000013
637,27,286.6783132500001,232.10942579999988
638,27,269.77321462500015,234.32995850000015
639,27,250.9124326249999,255.2732039499998
640,27,276.82143005,248.88294189999982
641,27,293.6516234500001,238.77252484999997
642,27,230.85954537500004,223.62657577499988
643,27,265.35522202500016,245.4831159999998
644,27,224.24442402500011,248.00734392499993
645,27,270.6133179,261.6515324249999
646,27,238.77271627500005,230.12834777499995
647,27,270.9871301000003,227.72427672499995
648,27,214.7636921500002,203.90419669999994
649,28,157.28460897500005,139.2817276
650,28,166.21557560000014,122.325641325
651,28,143.6236678750002,141.38657772499994
652,28,130.2422963750001,122.99001827499993
653,28,132.71151799999998,150.71442
654,28,159.40351162500002,165.71979414999987
655,28,179.77957497499995,195.15953919999998
656,28,195.96369967500004,224.69792729999978
657,28,224.16130837500012,230.55330397500012
658,28,237.72178075000033,247.45947740000005
659,28,267.883136625,278.2016572250001
660,28,306.87331842500004,238.01950959999988
661,28,292.15541210000015,254.96506159999984
662,28,256.63662294999995,218.7177965999999
663,28,243.69346655000012,211.92931919999978
664,28,207.66404799999998,243.11986099999996
665,28,217.501891575,228.34025707499998
666,28,252.39537782500008,209.21359004999988
667,28,277.2634413750004,199.97477520000012
668,28,302.2630351250003,219.69712844999998
669,28,285.91377079999995,243.43598559999975
670,28,242.90224342500008,247.45523602499995
671,28,258.58622425000016,214.49861165
672,28,200.99576825000014,201.6701719749999
673,29,127.208318025,117.36642727500002
674,29,133.08375027500006,133.10878279999997
675,29,105.06501850000005,109.60125782499989
676,29,109.70417310000012,110.94164042499995
677,29,130.72468040000015,128.84715870000008
678,29,155.01710147500012,176.75189905000008
679,29,168.46149990000015,192.74968865
680,29,229.3127744750001,248.8252602249999
681,29,184.07682527500012,257.420776975
682,29,164.50813797500007,175.83738927500005
683,29,176.78800452500008,183.93138267499992
684,29,178.45328104999987,234.67824952499973
685,29,197.84216869999995,239.12527027500013
686,29,210.09998542500023,237.03378475000002
687,29,191.72380189999996,186.78047307499995
688,29,182.48427122500004,203.61496514999982
689,29,193.16859252500018,201.651917575
690,29,192.61689527500005,239.37599744999997
691,29,204.26243415000008,243.6249966000001
692,29,272.5677976,263.4248722999999
693,29,239.0901690000003,218.9767290750001
694,29,207.52160045000016,185.8638006249999
695,29,182.34386959999998,186.80520769999998
696,29,153.9067616750001,168.87152172500004
697,30,139.9510151,144.85180372499994
698,30,144.69544220000023,173.35453824999993
699,30,143.9613710000003,162.72236812499997
700,30,128.9307611750001,167.34375829999993
701,30,150.66759127500012,165.3225041999999
702,30,172.81333782500025,195.37484940000002
703,30,147.83043077500014,182.55163987499986
704,30,210.81061165000023,182.32014209999997
705,30,225.23083537500025,205.60643299999995
706,30,226.06411754999993,247.22753279999984
707,30,194.81285702500014,249.70787469999985
708,30,196.61243935000005,259.9305995999998
709,30,220.57327912500017,209.03373739999995
710,30,237.71477490000012,219.695423675
711,30,211.19129575000017,223.27693912500004
712,30,176.176975025,241.23477142500008
713,30,172.26677357500017,232.16947264999982
714,30,194.9157029999999,235.451478425
715,30,290.5357501750003,246.78310614999998
716,30,253.3363275000001,252.8499334749999
717,30,260.5610686750002,215.56062559999987
718,30,221.11699480000016,175.2533513250001
719,30,188.83580272500012,198.53948574999995
720,30,225.3522165000001,185.45328417500002
721,31,132.74972932499998,123.78538362499998
722,31,128.1838066,116.76392219999994
723,31,119.15652735000002,146.44383654999993
724,31,148.03791895,138.172146925
725,31,151.06776545000005,152.98333407499993
726,31,165.44593790000027,179.269633075
727,31,212.88954632500014,162.39303265000007
728,31,223.3384661500003,188.9006291250001
729,31,242.54167732500014,212.55505609999997
730,31,238.90998142500013,254.75407777499993
731,31,276.8342981000002,233.51943889999984
732,31,343.40998850000017,252.93933649999997
733,31,295.73886645000005,238.45797265000004
734,31,247.809842925,275.1930586249999
735,31,240.1792161,272.37994215000003
736,31,199.5364263250001,247.71156699999995
737,31,228.49350882500005,265.0680871999998
738,31,270.8953122749999,281.4446392750001
739,31,301.94284565000027,237.0682885249998
740,31,274.00373690000015,259.7838734249999
741,31,269.59100102499997,243.27952775000003
742,31,215.30430485000005,246.85518509999997
743,31,182.88017645000008,220.62794919999993
744,31,185.3065881000001,201.77583837499986
745,32,120.95700385,178.07847929999994
746,32,143.31021112500002,139.63635082499994
747,32,126.05937885,159.57813254999996
748,32,137.45720075000003,165.13164617500001
749,32,155.94097622500018,120.84520032499996
750,32,186.29175404999995,145.59408242500004
751,32,238.85671655000016,205.66940597500007
752,32,215.17627800000002,225.22043559999997
753,32,259.997207625,202.69551454999996
754,32,268.4729691000001,194.88331267500018
755,32,288.17673442499995,229.6287011
756,32,346.66516467499986,252.3671220000001
757,32,297.67724175,237.082160625
758,32,280.139287225,227.2614555
759,32,265.15118545000007,286.059046225
760,32,292.0199781000004,238.38248154999994
761,32,256.07031062500016,249.88993227500004
762,32,256.4710269500002,213.3235441
763,32,275.51470614999994,231.87560409999986
764,32,297.7099193000002,275.0759212999999
765,32,309.73039170000044,284.053439725
766,32,269.755743125,272.2969589
767,32,252.022972925,222.840472025
768,32,212.16784352499997,164.19989205000007
769,33,141.05582240000007,175.5279262749999
770,33,156.738504525,173.47384957500003
771,33,181.35367222500025,150.49333795000004
772,33,157.04916285,144.17978542499998
773,33,155.34604560000002,144.94594987499988
774,33,193.90936815000015,149.84367994999997
775,33,229.12565972500022,179.12056930000017
776,33,264.9110760750003,208.49162409999985
777,33,233.555841675,203.9157508749998
778,33,241.69841650000012,228.09013267500012
779,33,231.30219325,298.7743547750001
780,33,222.2847426500001,261.9231581249999
781,33,216.6604965250002,298.89856049999975
782,33,206.75382502500003,335.07507892499996
783,33,205.1340166750001,275.75128765
784,33,183.55498060000008,230.40569772500004
785,33,171.64581207499995,262.9700651750002
786,33,200.53397807500005,214.56813197500009
787,33,199.20264507500002,256.2428003499999
788,33,228.41095869999998,257.38603825
789,33,221.27410837500003,275.869395925
790,33,187.182651775,254.90820514999984
791,33,192.32634730000018,210.2560491999999
792,33,200.63643975000005,187.83283814999993
793,34,154.82896544999994,152.4187670499999
794,34,136.3232886250001,185.99251872499997
795,34,163.8784670500001,150.9091093
796,34,159.53928117500004,171.66076152499994
797,34,136.94244600000013,162.9849419749999
798,34,128.0332686500002,207.7726333
799,34,163.56539809999995,213.61861020000003
800,34,192.7395529000001,203.78465770000003
801,34,210.75106879999996,286.5049576249997
802,34,238.08012057500008,250.6123970999999
803,34,220.3974760750002,256.9544396999999
804,34,274.4345985500001,301.47967587500017
805,34,252.36825882500023,260.11843022499994
806,34,308.58310572500017,262.17065389999993
807,34,241.08651640000005,235.89349635000008
808,34,244.04008590000012,184.55360084999984
809,34,248.9051683749999,177.48289277499993
810,34,221.25607454999994,261.2392740499999
811,34,194.14566427500014,289.313876
812,34,236.40021577500048,249.68199049999993
813,34,264.85307862500053,234.91624474999998
814,34,200.08022360000007,268.11377075
815,34,207.95129540000005,208.30583857499994
816,34,185.70922960000013,187.75100857500001
817,35,155.606238375,151.25504927499992
818,35,122.91343525000002,134.18776534999995
819,35,130.18543922500007,134.44010989999998
820,35,141.09320220000035,128.63226785000006
821,35,154.8073793,160.710048475
822,35,158.75820347500002,162.0264487
823,35,191.73179037500023,188.65655155000002
824,35,233.94341077500013,161.26272452499984
825,35,228.09260722500008,183.11691542499983
826,35,237.18415137499994,193.64391042499992
827,35,211.38777190000002,241.58480409999981
828,35,245.9252754500002,260.24713969999993
829,35,235.18921077500028,239.6378787749998
830,35,209.8011077999999,178.373628325
831,35,188.70729317499996,205.93461997500003
832,35,236.57918282500003,190.12291700000003
833,35,243.02958257500003,189.8105267999999
834,35,237.80986867500022,226.70540989999992
835,35,261.21624895000014,271.1353902249999
836,35,203.95298607500007,281.5178423499999
837,35,205.08785717500012,236.36246144999996
838,35,194.28020727500018,216.08317784999994
839,35,228.62188550000016,176.98133682499997
840,35,210.48040430000003,147.5165689999999
841,36,133.3513102500001,155.13728429999998
842,36,111.85823647499997,141.64365715000008
843,36,139.86560047499995,143.23258919999995
844,36,125.71688939999997,113.29962447499992
845,36,178.40774920000013,121.70866749999999
846,36,211.19057620000027,165.90901407500002
847,36,193.62472032500014,195.06017835000003
848,36,212.364910925,182.5860858999999
849,36,228.85129990000013,215.87489764999984
850,36,223.76904124999993,218.74067602500017
851,36,192.40599692500018,218.9454438500001
852,36,211.72322945000002,187.06847730000004
853,36,233.1197079500001,235.88318145000005
854,36,218.8265179999999,223.08520535000002
855,36,253.97080985000008,196.28905352499993
856,36,252.55956132500026,213.23330099999993
857,36,262.61461927499994,183.60718282499994
858,36,231.71463892499997,216.41695125000004
859,36,252.17282052500005,225.13483744999996
860,36,226.818621025,209.1431713500001
861,36,230.47595690000026,189.88894514999998
862,36,249.40003107500002,192.97097005
863,36,244.5169205499999,180.61480194999996
864,36,237.85482992500005,190.988570875
865,37,130.50367592500004,172.19128452499996
866,37,115.25576740000007,152.559356
867,37,136.36353355000008,134.96557822499997
868,37,141.43726019999994,129.24523227499998
869,37,173.05312592500016,144.32008137499997
870,37,175.48502165000028,148.94963997500003
871,37,220.68694507500004,189.84213515000002
872,37,216.38233855000016,155.12046597499983
873,37,255.067495625,233.6821909499999
874,37,269.6319022500003,274.7888127499997
875,37,248.31969357500031,298.23341789999995
876,37,274.6089630250001,297.0124530749998
877,37,335.7413650750001,239.9779707250001
878,37,325.34951405000004,245.09140562500002
879,37,356.24104512500014,240.45092645
880,37,317.0112611500005,228.54620374999993
881,37,278.09303392500004,253.63992359999997
882,37,264.56587672500007,197.72760927499988
883,37,296.6011588750002,201.50740792499988
884,37,252.43440997500028,208.3434490249998
885,37,262.4674913000001,231.86949695000004
886,37,233.30304987500014,191.71633997499987
887,37,228.12046062500002,167.361879175
888,37,252.82765775000013,175.33212559999996
889,38,216.21885952500014,200.1419099499999
890,38,219.33666837500004,217.17783959999997
891,38,177.39559422500014,181.58108142499992
892,38,178.60043965000014,191.36096707499996
893,38,170.36570565,183.81663537500003
894,38,158.99053232500006,182.6834647249999
895,38,193.52924130000002,189.08381624999998
896,38,212.64429794999995,199.30461595000008
897,38,233.63129340000006,184.94040067500015
898,38,252.45000502500025,219.7989399999999
899,38,282.9342106749999,214.35219262499993
900,38,258.32211675000036,256.2030390499999
901,38,235.81176245000046,313.29680447499993
902,38,208.11186822500005,213.91973772499992
903,38,260.89648995000005,240.11712745
904,38,279.2775169,241.61887444999996
905,38,262.38172800000007,203.00132969999999
906,38,215.5743292250005,227.62908114999993
907,38,224.79538717499997,206.98351047499986
908,38,250.57134712500016,193.6346451999999
909,38,237.1738544500001,228.57056484999998
910,38,214.53933039999998,202.3617511749999
911,38,202.92549482500002,181.90181285000003
912,38,181.5194287500001,168.0403501499999
913,39,168.1121379000001,147.06225315000006
914,39,146.5524979,144.85607399999992
915,39,178.8183206250002,160.74303452499993
916,39,141.70225019999995,153.39652319999993
917,39,148.67089274999995,156.01579757499988
918,39,151.35665769999994,174.75802464999992
919,39,165.92207554999993,219.67300725000013
920,39,221.95996767500014,264.1685299999998
921,39,232.982652325,209.71438324999986
922,39,216.04708422499994,189.3559358250001
923,39,296.2129894250001,276.3268771249999
924,39,252.1031397750001,263.23412162500006
925,39,254.3901416250002,253.40450300000012
926,39,229.17500447500015,273.01296182500005
927,39,222.78516682500015,247.76499075000004
928,39,204.1809994750001,268.66619762499994
929,39,231.80318155000032,286.5514388249998
930,39,220.72147847499997,259.9497677999999
931,39,216.7246299250001,264.08026029999996
932,39,249.26135772500004,222.0620426249999
933,39,288.0580479500002,277.6209634499999
934,39,288.45251750000034,265.12004485000006
935,39,239.9873880250002,257.26443632499996
936,39,167.48905565000007,195.8466044249999
937,40,134.1979792750001,145.59669537500008
938,40,160.61115119999994,173.87357817499998
939,40,212.58657217500001,158.09726165
940,40,162.19645547500008,199.89384132500004
941,40,181.5521191750001,204.23158839999994
942,40,186.27521000000036,179.52164694999993
943,40,202.26538835000036,182.76647294999998
944,40,203.94148992500004,209.5144177249998
945,40,178.86118084999987,245.5838240999999
946,40,252.45770650000003,256.6293448249999
947,40,254.70120930000022,291.2003303749999
948,40,249.54720710000007,266.0326459499999
949,40,249.93389142499984,318.59013914999997
950,40,280.0317786500001,313.428227125
951,40,229.9155850250002,274.0277592999998
952,40,256.6999891250001,284.0534514499999
953,40,282.2695311499999,257.27700954999983
954,40,247.47231527499997,228.65426730000001
955,40,222.84784617500003,250.47344699999985
956,40,272.65471110000016,240.366463625
957,40,252.27773727500005,196.7787643000001
958,40,222.40800119999994,196.95084722500002
959,40,188.62680067500003,168.32361625
960,40,176.04247747500008,177.13099090000003
961,41,149.44111857500025,132.87472777499994
962,41,164.9451685000002,122.50264952499998
963,41,138.7903895500001,124.23670532499995
964,41,151.82708980000004,130.19484952499985
965,41,137.30828892499994,146.89055447500004
966,41,141.16310930000014,164.97353629999998
967,41,174.13594237500016,147.36344307500002
968,41,185.70747590000002,196.0664117249999
969,41,251.26837247500023,233.58139390000014
970,41,231.7058497999999,234.41370312500013
971,41,227.28590585,277.942781525
972,41,223.57556494999994,240.09252467500005
973,41,225.84696927500016,283.7623433999999
974,41,227.14941632499995,290.06425064999985
975,41,245.29030524999996,239.35808650000007
976,41,221.10330170000003,231.235983325
977,41,218.2417856749999,257.3319450249999
978,41,194.40072209999994,249.97922170000007
979,41,236.8947681500001,225.81408734999997
980,41,232.30974199999991,201.67676062499993
981,41,231.24281309999992,212.0549897999999
982,41,232.4545188750002,268.88962137499993
983,41,184.0624159250001,234.36553170000002
984,41,208.662035625,210.36614552499998
985,42,145.3938953,117.18326492500002
986,42,164.47204712500005,129.5102234
987,42,146.31899044999994,122.3769594749999
988,42,128.6828859250001,136.08325452500003
989,42,139.8776087500001,137.06080429999994
990,42,121.37354012500009,185.00965267500007
991,42,140.641584475,193.9501354749999
992,42,132.03138797500006,211.16705805000004
993,42,207.43523385,258.7417363250001
994,42,241.38799792500006,215.45989030000004
995,42,271.54434839999993,204.63749332499998
996,42,225.51407410000002,241.83067185000013
997,42,191.21205592500007,254.04867380000013
998,42,242.7341986000001,209.94454389999987
999,42,235.97291895000043,273.79967044999995
1000,42,217.7206231000001,235.9904835499999
1001,42,167.21250965000013,221.4972973
1002,42,209.60771937500022,219.11276894999997
1003,42,226.05898472499996,210.54024935000012
1004,42,231.00417984999993,220.74540540000004
1005,42,191.57893300000012,206.98900542499996
1006,42,212.26119547500008,200.97249792500003
1007,42,214.95059304999995,181.893900525
1008,42,207.95143269999997,201.17734524999997
1009,43,139.62670705000005,118.89081635000001
1010,43,123.8003264000001,130.58143655000006
1011,43,118.49687260000005,136.6113368249999
1012,43,110.82359037500004,157.60090585
1013,43,125.76447622499998,122.252216075
1014,43,130.2508920500002,128.4342706999999
1015,43,140.3554509500001,157.4474652749999
1016,43,184.31680525000013,169.65089839999987
1017,43,174.04896707500018,157.9876750749999
1018,43,211.59213600000018,190.08868575
1019,43,189.00541230000016,246.683517725
1020,43,196.72594140000015,211.94604177500003
1021,43,168.82796785000005,207.925657075
1022,43,168.86446825000007,224.12646037499985
1023,43,178.9940669250002,213.85622257500003
1024,43,217.77943400000018,225.09145627499993
1025,43,246.25020120000005,219.79730312500004
1026,43,224.49889657500012,204.36172669999996
1027,43,238.5305111,206.95693957499992
1028,43,242.1422838499999,207.12961482499992
1029,43,268.25920840000015,184.87378594999996
1030,43,258.70718907500026,183.08200844999993
1031,43,234.8496488250002,191.02932115
1032,43,186.25817832500007,199.16753332499994
1033,44,121.15495850000002,121.35743925000007
1034,44,118.16705407500001,105.57316107499999
1035,44,121.4756710750001,125.45270624999998
1036,44,142.4002464000001,163.5649623749999
1037,44,155.26878835000014,179.79090105
1038,44,191.63613155000007,129.15450492499997
1039,44,222.55839327500013,182.78503637499998
1040,44,189.87367760000012,167.6559658749999
1041,44,239.15647752500013,226.97308334999988
1042,44,261.5918153000001,311.74619845000007
1043,44,245.70656015000006,272.011995675
1044,44,250.75223587499994,231.34807260000008
1045,44,226.14319877500014,182.20835987499999
1046,44,240.79472449999997,276.60911702500005
1047,44,233.8866140750003,247.02374515000008
1048,44,225.26695592500022,237.7405746
1049,44,225.53024642499997,285.38625544999996
1050,44,229.01667547500006,240.49821380000003
1051,44,165.81576360000014,287.0657997749999
1052,44,219.90955000000002,251.34650907500003
1053,44,260.98719020000016,251.32280775000007
1054,44,251.10320562500016,243.6378604499999
1055,44,207.69210612500012,249.47043025
1056,44,185.38694114999998,240.508977475
1057,45,180.14050735000004,106.8782513749999
1058,45,146.01490532499997,112.07510909999996
1059,45,148.41371010000006,145.33117077500003
1060,45,148.66344285000014,147.67538522500007
1061,45,147.19225882500015,185.37013174999998
1062,45,145.08404410000014,170.85795102500003
1063,45,207.27543050000014,192.62281882499985
1064,45,196.69125524999998,247.55355417500007
1065,45,214.20174800000007,197.25861465000006
1066,45,336.7540115750003,248.9152834749999
1067,45,298.1625349,270.2114105
1068,45,266.33184222499995,262.9585062249999
1069,45,264.72884902500005,237.65343387499996
1070,45,286.46945245000023,183.209908875
1071,45,232.93534695,196.4711072999998
1072,45,261.6821491500006,181.81990420000017
1073,45,263.26348647500004,200.86085399999985
1074,45,288.8174104750001,221.8918454749999
1075,45,262.9685846250003,261.7108873749999
1076,45,274.736938475,248.3165568
1077,45,247.87899337499996,281.8417285249998
1078,45,302.07819010000026,239.00948905000007
1079,45,257.03387447500006,212.46295572500003
1080,45,241.39282480000026,196.05448397500004
1081,46,187.71308917500005,149.55071592499993
1082,46,179.35286560000003,137.1154673999999
1083,46,201.82149434999997,163.74148144999987
1084,46,147.0333556750001,132.66190930000002
1085,46,160.86292829999996,149.05596657499996
1086,46,203.52943092500027,188.316963075
1087,46,209.53747230000042,173.59455524999993
1088,46,222.2156882,257.61394945
1089,46,242.88823425000015,225.2169761999999
1090,46,240.34971502499994,224.84293259999993
1091,46,267.3717810500005,279.3003926
1092,46,302.87165467500046,282.1178252250001
1093,46,256.8677873500001,282.1899317499999
1094,46,286.4870676000001,273.9640662
1095,46,283.237981575,261.3088824499998
1096,46,192.59794545000008,262.24304515
1097,46,219.71770292500017,220.67460122500006
1098,46,234.66772442500002,232.5417476249999
1099,46,241.31267820000016,213.6680458749999
1100,46,279.4834625499999,261.80039874999994
1101,46,275.1130973749999,297.75659212499994
1102,46,286.55617514999994,281.0216848249999
1103,46,193.0116713,273.14159777500004
1104,46,218.44878937500016,201.13947262499994
1105,47,169.40379675000014,188.66302967500002
1106,47,178.22555705000033,221.26223617499977
1107,47,160.75206355,192.17833004999994
1108,47,183.0453000999999,171.78859512500003
1109,47,196.86617572500012,166.23471350000003
1110,47,146.8549471249999,217.0178133
1111,47,177.46132965000012,238.88232384999984
1112,47,187.55598262500007,244.60011539999996
1113,47,221.3081080750001,246.4475790999999
1114,47,227.82076150000034,283.6782147
1115,47,216.55219354999997,333.52076245000006
1116,47,189.73636017499987,303.191882225
1117,47,189.05075147500025,337.20583237499994
1118,47,232.78073682500022,230.36128027500007
1119,47,241.93399527499997,222.57533995000006
1120,47,234.66029235000005,247.17142882499996
1121,47,232.88032567500017,224.1856894999998
1122,47,198.98463822500014,229.88453357499995
1123,47,195.83977562500007,229.80623117500008
1124,47,195.89107517499997,215.99448427499988
1125,47,224.51628180000012,239.60465652499994
1126,47,232.27769614999994,222.04973927500004
1127,47,190.62007,204.98323889999998
1128,47,209.1524825250001,159.9812836749999
1129,48,170.80503679999998,160.90491715
1130,48,158.95990515,177.02961499999998
1131,48,154.20366805000003,167.412154725
1132,48,187.16490182500021,140.25893747499998
1133,48,160.33111340000005,142.96158705
1134,48,185.69810327500014,158.62520875
1135,48,182.36265427500012,192.65289167499992
1136,48,204.9077564500002,200.15853102500017
1137,48,210.2553247000002,166.54461652500007
1138,48,284.42867895,201.74201747499978
1139,48,209.4304321,192.32007892499993
1140,48,258.9502645500001,221.93475660000018
1141,48,261.97117715000013,239.69576354999998
1142,48,256.1147557750002,263.04434664999974
1143,48,222.02543292500008,238.63293027499995
1144,48,214.08809002499999,202.48137599999995
1145,48,240.77759272500006,216.91114464999993
1146,48,234.32132662500004,218.5254019499999
1147,48,267.3465825750002,199.99655642499994
1148,48,290.78724647499996,203.12034799999998
1149,48,295.0295046500004,223.24137072499994
1150,48,250.95728592500018,216.81681224999988
1151,48,251.7043735499999,204.58069085000008
1152,48,222.7807237250001,186.682737475
1153,49,165.67722497500017,138.96362749999992
1154,49,165.07031925000018,153.30917667500003
1155,49,118.70148870000003,130.039527575
1156,49,124.55027745000001,126.60389729999994
1157,49,138.5336704,108.01434735000004
1158,49,156.34779422499992,129.80164315000002
1159,49,182.3168085250001,168.02836194999992
1160,49,185.45359015000008,155.62597029999984
1161,49,195.58465479999984,165.913760525
1162,49,212.1954796250002,208.96061747499988
1163,49,234.53721197500016,236.779313
1164,49,247.19218222500007,253.11784832499995
1165,49,223.40661387500006,211.6301166749999
1166,49,211.75479977500038,199.94137327500005
1167,49,224.3173202250002,207.12058107499996
1168,49,179.51206065000005,224.52972985000002
1169,49,183.02022137500012,269.16940662499985
1170,49,220.2406842000002,277.6318203249999
1171,49,284.2605592750003,306.6992305
1172,49,264.030137225,308.67184725
1173,49,238.9259702750002,227.48915617499986
1174,49,202.39185532499988,242.80459424999998
1175,49,211.69424255000007,194.70176152500005
1176,49,218.09188810000006,192.85713792500005
1177,50,101.07325217500014,122.08113059999997
1178,50,125.25880627500017,126.97305405000004
1179,50,106.75144384999996,119.18012307500001
1180,50,111.73900252499996,110.91364424999998
1181,50,103.11579462500002,151.14845159999993
1182,50,124.44486535000027,124.90526282500002
1183,50,134.07605077500025,169.73460269999993
1184,50,166.7411013749998,154.531560425
1185,50,189.31732417500027,180.91881204999993
1186,50,158.77470589999996,193.52227557499992
1187,50,181.98096392499997,266.04623327499996
1188,50,197.12226967500004,223.64490804999974
1189,50,195.72612962500003,242.62016534999992
1190,50,208.43493450000005,209.59556534999984
1191,50,202.00179687500017,216.2549548249999
1192,50,211.42833604999984,208.2589467499999
1193,50,178.0505413749999,244.30792137499998
1194,50,213.61104067500003,220.74450317499992
1195,50,204.58561715000013,232.3614403749998
1196,50,210.8578137500003,227.51774904999996
1197,50,194.97936615000015,232.138826225
1198,50,204.70767935000015,201.655656625
1199,50,168.21898895000027,217.0172186750001
1200,50,177.76991690000023,205.3100020999999
1201,51,107.23156720000006,146.14321307499998
1202,51,122.66984862499997,136.48817237499998
1203,51,112.0515284250001,160.26564104999997
1204,51,136.601061875,155.62444157500002
1205,51,131.22735132500003,164.789554475
1206,51,149.4032799000001,200.69503679999988
1207,51,158.84430835,183.2841621999999
1208,51,176.73535875000002,167.9533775499999
1209,51,192.20116925000002,196.67733882499988
1210,51,223.7640334250001,243.28532567499997
1211,51,238.92688525000005,250.17679582499983
1212,51,295.69373772500023,261.797046175
1213,51,300.491168925,282.33311434999985
1214,51,314.5311893750003,319.848763575
1215,51,291.7297316000003,323.87731517500004
1216,51,223.60564182499996,245.1421328749999
1217,51,237.7689016000002,240.0456173500001
1218,51,233.79892667500002,254.47055595000006
1219,51,243.79711585000007,228.87231289999988
1220,51,235.5046215750002,290.39862195
1221,51,247.12699312500007,243.08406852500008
1222,51,215.50237370000025,233.52517214999995
1223,51,176.13744080000004,213.45122745000003
1224,51,199.96108385000002,214.48836739999996
1225,52,158.1943449000001,162.95970422500002
1226,52,152.61379317499996,166.27087857499993
1227,52,165.95280685000006,175.71870089999993
1228,52,149.5296071000001,171.08354232499997
1229,52,166.5922807500001,161.58757042500008
1230,52,164.29509102500006,206.07095019999986
1231,52,179.10364620000018,187.044883475
1232,52,222.78488937499998,241.9667580000002
1233,52,220.02399240000005,282.4496607499998
1234,52,226.37205522499997,253.30694035000005
1235,52,221.0586631000002,227.3685959999998
1236,52,304.06623775000054,272.57674119999996
1237,52,284.2475360750001,276.1006240499999
1238,52,238.4449735250002,297.18588379999994
1239,52,203.26425082500006,273.8724012249999
1240,52,181.06311107500014,271.3841838999999
1241,52,195.6282878750003,261.5020305500001
1242,52,198.6445758249999,282.6327997499998
1243,52,174.33032095000002,293.1620866499999
1244,52,209.92291640000016,269.79625404999996
1245,52,222.97966000000014,220.6733186500001
1246,52,208.1945429500001,214.23009092500004
1247,52,214.23285157500004,236.24487767500005
1248,52,189.68914207500018,230.9979916999999
1249,53,165.6996739250001,199.35044022499991
1250,53,172.05015125000006,194.47085752499999
1251,53,150.638214225,173.83159125
1252,53,126.29949310000009,189.6770497
1253,53,148.390175875,195.35864599999996
1254,53,179.3097303000003,178.20302287499987
1255,53,225.87535062500007,180.9954613
1256,53,205.6596171249999,196.95941829999998
1257,53,181.89329870000006,208.36323495000005
1258,53,199.78326017499992,243.51939782499988
1259,53,223.49077567500012,360.7591929249998
1260,53,253.1995497750002,340.69368314999986
1261,53,255.32328794999992,281.32392812500007
1262,53,206.17038607500024,278.96097614999985
1263,53,267.7964683750006,251.13957012500003
1264,53,259.532620275,263.87327657500003
1265,53,228.89046617500009,267.0994145749999
1266,53,286.3089595000002,208.73187295000002
1267,53,289.42945240000006,226.87325462500002
1268,53,241.74654687499992,225.95076202499985
1269,53,221.23861917499988,216.8443994249998
1270,53,197.21161500000005,236.70937325000003
1271,53,177.39140300000008,215.13432754999997
1272,53,165.61265727500026,221.46781359999977
1273,54,157.41676317500006,170.30847540000002
1274,54,144.067639525,201.95763309999995
1275,54,176.82606792500013,186.99282564999993
1276,54,195.66009452500032,161.51388244999987
1277,54,194.52982002500016,155.02416922499992
1278,54,206.39696059999994,186.34035792499998
1279,54,177.10765207500006,174.28795630000002
1280,54,212.31228254999996,151.84329787500002
1281,54,266.0917493750001,250.86545104999985
1282,54,243.84848004999998,248.73258109999995
1283,54,326.0308348750001,289.98226312500003
1284,54,268.6025724000002,247.97161332499994
1285,54,262.442206425,250.87267117499985
1286,54,293.0458511250002,300.5984865500002
1287,54,298.64013787500016,211.45594489999996
1288,54,270.4727087500002,298.0713088250001
1289,54,275.0190705500002,257.4118206749998
1290,54,242.78885627500028,269.1315889
1291,54,271.99023869999996,284.25429557500007
1292,54,272.1521695749999,229.79339595
1293,54,257.2406733,231.49223264999978
1294,54,268.74762039999996,236.24962542499992
1295,54,230.1611562750001,204.17604759999995
1296,54,218.77393430000023,206.15859865
1297,55,180.1276300500001,139.80713929999985
1298,55,158.04744099999994,98.67447005
1299,55,150.51265502499993,143.57107452500006
1300,55,170.1817715750001,168.01942357499996
1301,55,216.46721615,147.52717439999998
1302,55,211.94918575000014,163.478517725
1303,55,208.26373700000005,185.5624199
1304,55,256.3503700750001,172.6770252249998
1305,55,267.9074281000003,176.34632505
1306,55,318.86232630000035,198.984511
1307,55,283.9293040999999,212.68810382499993
1308,55,294.0767285749999,219.39494085
1309,55,238.32906447500008,247.51325237499992
1310,55,247.47725245000004,278.3115149250001
1311,55,221.6165135250002,268.63422672499996
1312,55,245.35994197500017,279.7611349250001
1313,55,197.7006238,259.74301215000014
1314,55,213.76085342500022,311.16922042500005
1315,55,254.68806347500015,241.9064853249999
1316,55,245.96038014999993,235.55189909999987
1317,55,245.52231614999988,291.51482037499994
1318,55,240.61545322500012,257.30633555
1319,55,212.23040195,247.9969942999999
1320,55,217.62483547500003,173.19862732500002
1321,56,117.71352747499998,140.82284140000002
1322,56,117.77140574999997,148.96590765
1323,56,119.51839370000009,117.05427122499992
1324,56,125.83747210000007,126.96740779999999
1325,56,125.18099019999998,143.46181345000002
1326,56,139.80200987500012,171.90416859999988
1327,56,139.41872142499994,172.3876135
1328,56,215.34044825,184.59738122499994
1329,56,206.93324745000018,178.48759520000016
1330,56,210.7366043750003,211.59109799999993
1331,56,200.03543799999989,302.4178587249999
1332,56,213.23676434999993,285.7272925
1333,56,191.19154694999997,237.3327777499999
1334,56,192.09414475000005,226.54809262500007
1335,56,155.53363975,230.48658072499995
1336,56,201.57945947500016,223.60485052500002
1337,56,187.20273762500022,217.00507824999994
1338,56,141.36644747499992,235.69147054999996
1339,56,175.22304162500006,273.1649203499998
1340,56,170.84280405,283.0599416499999
1341,56,166.28367435000015,216.25653542500007
1342,56,185.70970702500023,178.17220527499998
1343,56,214.06799177500017,209.35542174999992
1344,56,175.55246340000008,175.81887884999998
1345,57,142.25749835000008,166.41365124999996
1346,57,139.6527161500002,145.364729625
1347,57,138.02405762500007,174.26037787500002
1348,57,149.91053155000026,156.1386862500001
1349,57,155.45238272500032,173.66700602500003
1350,57,155.14555305000005,150.36821277500002
1351,57,139.72570015000014,180.67474984999993
1352,57,183.6088577750001,197.72997569999995
1353,57,187.31449975000007,209.60999927499995
1354,57,223.72563442500027,244.99422867499987
1355,57,225.56526125000005,180.6952738749999
1356,57,235.5623867500001,214.13299902499998
1357,57,211.93705702499994,298.537531725
1358,57,223.74451155000003,234.19275280000005
1359,57,250.46052804999982,214.3340056
1360,57,216.94981882499994,194.52230419999995
1361,57,213.3598697750001,198.49695419999992
1362,57,268.9562439,200.277705775
1363,57,267.4559602250001,229.546993625
1364,57,226.08707997500005,215.2555995250001
1365,57,242.99800597500032,182.02756465000004
1366,57,232.07279562499988,197.48028489999993
1367,57,234.8012924000002,181.89833207499984
1368,57,223.72330302499995,183.2789598
1369,58,150.27199057500007,147.20466945000004
1370,58,166.89694402500015,151.03867542499984
1371,58,162.42519265000018,124.70838445000001
1372,58,139.60834710000006,118.20460994999988
1373,58,134.1345602750002,143.78292260000006
1374,58,167.0615182750002,156.50111459999994
1375,58,165.05618059999995,199.6522639749999
1376,58,234.53846092500027,224.9564886749999
1377,58,273.5299332250001,208.17211147499998
1378,58,248.93118090000002,239.92914145000003
1379,58,224.82009085000007,243.6116849999998
1380,58,241.5343768500002,174.39800587500002
1381,58,235.2937431250001,243.0594139999999
1382,58,263.7941832,252.50033754999993
1383,58,310.48600985,238.52880492500003
1384,58,277.048542175,202.72098549999995
1385,58,277.82676415000003,241.77471787499996
1386,58,281.1923924000001,248.86213717499982
1387,58,251.62948415000005,252.95891315000006
1388,58,254.78479457500015,253.81309007500002
1389,58,243.92251515000027,261.36051667499976
1390,58,186.2781581999999,219.59758400000004
1391,58,187.44319282500004,214.63050034999998
1392,58,147.29584270000018,209.697138925
1393,59,155.3752359500001,149.30628045000003
1394,59,145.81537812500008,139.56695112499997
1395,59,165.3509195250001,149.19485954999993
1396,59,183.58405275000013,205.30401604999986
1397,59,196.99427630000022,201.9589361749999
1398,59,164.57413372500008,194.40867934999994
1399,59,197.42838007499984,250.28936397499984
1400,59,202.4012889750001,249.976607
1401,59,203.6700421500002,292.5714356500001
1402,59,262.99821342500024,283.24083565
1403,59,254.8643074750002,354.1705350499999
1404,59,227.43737480000007,281.79756054999984
1405,59,267.46964780000064,278.1937337
1406,59,305.4138143749999,295.06206644999975
1407,59,262.50118665,317.6537827249999
1408,59,272.287689,288.5616210500001
1409,59,244.28708614999982,307.33897212499994
1410,59,261.09003105000016,317.1099018499999
1411,59,218.35523097500007,325.0728552749998
1412,59,268.7912169499999,348.288490475
1413,59,258.76605320000004,311.00118325
1414,59,253.9500394000002,281.633767575
1415,59,221.22487182499992,268.5774243
1416,59,214.02903322500006,215.00771757499996
1417,60,179.22789572499997,143.08922434999994
1418,60,149.1684494,131.6525180499999
1419,60,168.06326032500007,154.22820177499995
1420,60,183.17166915000013,153.79399899999993
1421,60,187.2841729,125.57430612500006
1422,60,173.99872627500017,146.651192
1423,60,187.58537354999999,205.52231812499974
1424,60,277.0888525000002,222.54770492499986
1425,60,287.6782983500002,239.190393075
1426,60,324.11477107500025,301.46064839999997
1427,60,262.2914945500002,256.68596307500013
1428,60,287.16694745,270.6282656499999
1429,60,290.6324603750004,344.81288522499995
1430,60,233.34922605000017,275.9337841749998
1431,60,219.1224185000002,258.61528817500005
1432,60,251.00800602500033,278.71845252499986
1433,60,258.2833817499999,263.276653625
1434,60,251.84465950000043,208.32850860000002
1435,60,288.5149985500004,248.83990177499993
1436,60,266.4514584750001,225.31844207499978
1437,60,267.9051097,284.03259407499985
1438,60,269.10508295,239.80198382499998
1439,60,219.17180749999997,222.81012840000005
1440,60,219.81390407500012,219.76309567500005
1441,61,157.70489130000004,173.307332975
1442,61,156.88009807500015,168.107053775
1443,61,156.89368122500014,149.58703534999998
1444,61,182.118924075,147.154638425
1445,61,171.6528740750001,164.71014867499986
1446,61,186.95057132500003,172.92378725000006
1447,61,219.92649267499996,179.12831504999986
1448,61,262.7127061000002,200.49572167500003
1449,61,256.29371524999993,200.1347999249998
1450,61,293.5301095250002,252.27117962499977
1451,61,328.2951862,282.5700234250001
1452,61,357.42345957500027,259.78296575
1453,61,297.78048550000034,247.40379997499997
1454,61,236.66033240000007,260.7418046749999
1455,61,261.5470737250003,253.40447747500008
1456,61,256.88887072499995,285.0687064749999
1457,61,278.73873094999993,290.00076442500017
1458,61,223.57727195,268.9577597250001
1459,61,241.62125865000002,257.78583532499977
1460,61,254.4557666750001,265.5186669499998
1461,61,264.9302098999999,249.47390875000008
1462,61,294.315388825,233.18025832500012
1463,61,230.0104292499999,222.70180917499994
1464,61,182.02341814999997,198.02682272499993
1465,62,132.31561495000003,176.1050215249999
1466,62,138.2309341,144.4874061499999
1467,62,131.57583530000008,141.19654167499993
1468,62,112.55239914999996,163.09980544999996
1469,62,155.5093536,140.85362494999998
1470,62,168.45247995000014,144.09014302500006
1471,62,218.90485525000003,146.74620657499995
1472,62,184.0976422000004,165.03501507500016
1473,62,241.4699431000003,170.1810680499999
1474,62,223.10283717500016,131.01431395000003
1475,62,224.15353887499987,208.20410434999985
1476,62,245.88885780000015,205.5888683
1477,62,269.00568312500013,195.01688179999994
1478,62,262.60332957499986,227.62908295
1479,62,246.4914416750001,220.67344139999997
1480,62,229.13245622500014,198.67059217499997
1481,62,274.68328140000034,180.77623377499998
1482,62,222.9761601750002,174.63650782499994
1483,62,222.33286662500012,197.13888290000003
1484,62,247.80330445000038,212.73276722500003
1485,62,268.531210575,219.10339224999996
1486,62,221.29048129999995,212.50999165000007
1487,62,229.98426327500025,177.87450579999998
1488,62,251.2879882250004,169.78235697500003
1489,63,181.28785622499998,189.89946317499988
1490,63,220.38049640000003,182.09569204999997
1491,63,219.64605700000007,185.41837829999986
1492,63,185.63813222500016,144.291627275
1493,63,139.83694795000002,128.65814982499992
1494,63,155.91985615000004,155.124858275
1495,63,169.6068918000002,157.2992856749999
1496,63,165.2704865000003,190.6153802749999
1497,63,162.79442817500004,247.10858300000004
1498,63,217.13073117500002,266.06979262499993
1499,63,226.25442314999998,242.09341559999996
1500,63,252.3091323000001,256.105602175
1501,63,250.8878607500002,306.54326219999996
1502,63,226.132324875,190.84270122500007
1503,63,228.9629862499999,196.50049967499984
1504,63,196.45831122499993,211.55533029999992
1505,63,212.8017612750001,200.69416925000002
1506,63,200.5361676500002,195.94432119999988
1507,63,227.53848367500007,235.70478387499975
1508,63,220.48369340000033,179.24158804999996
1509,63,218.83092645000016,211.7268419500001
1510,63,196.4532106000001,215.73457115000002
1511,63,230.3100431250002,209.47521319999993
1512,63,208.76491102500012,177.67332407500007
1513,64,133.6443669250001,117.00476005000002
1514,64,131.06424432499998,125.891883025
1515,64,126.69491887500004,155.93807002499994
1516,64,115.10172235000013,150.20638982499997
1517,64,143.65620807499994,180.6680262999999
1518,64,190.0781587,182.877799025
1519,64,204.26420697499998,184.01367977500004
1520,64,181.14437692500005,214.7065293249999
1521,64,274.6340753000001,259.59303495000006
1522,64,272.43054725,252.24677960000005
1523,64,241.07640075000003,279.87366792499995
1524,64,330.18764947500017,313.9466402500001
1525,64,267.91842752500025,240.18754652499996
1526,64,260.0455835500003,272.04866452499994
1527,64,208.14303955000014,246.62877167499997
1528,64,289.9891083000001,262.9544458750001
1529,64,243.95036877499993,260.93697850000007
1530,64,230.11163595000016,303.9296917249998
1531,64,273.96836255000005,306.54929902499975
1532,64,273.5764586000003,316.7785280249999
1533,64,267.143773325,280.1295693999999
1534,64,241.70638622499996,238.73994742499997
1535,64,210.27929280000006,217.7183739999999
1536,64,197.8369219750001,171.61700482499992
1537,65,146.27613079999998,94.58831842499993
1538,65,167.52217157500002,118.68351902499992
1539,65,166.70186362500016,131.47026702500003
1540,65,167.89912657500025,130.8320600999999
1541,65,128.3602789750002,157.67654167499995
1542,65,140.1807924249999,178.500988925
1543,65,180.36375347499998,197.72245845000006
1544,65,211.37290952500007,219.8908361999999
1545,65,248.23595435000001,227.911527975
1546,65,240.60986282499988,198.18323559999996
1547,65,264.574921625,192.56194122499983
1548,65,245.70827775000026,203.17772357500013
1549,65,287.1513786000002,267.9898327000001
1550,65,226.3854504999999,315.3518138499999
1551,65,264.5764281000004,242.54015125000012
1552,65,267.9312741999998,236.04637005
1553,65,318.82954630000035,260.734225875
1554,65,298.578400125001,285.7877270500001
1555,65,247.1767733000001,294.1184141
1556,65,289.5319422749999,301.0422805750002
1557,65,267.9407903750003,315.6071249749998
1558,65,239.52514735000017,218.47889185
1559,65,204.15198385000014,237.68029939999985
1560,65,205.67498029999996,239.58392082499992
1561,66,159.52405780000015,166.4403586749999
1562,66,167.73094282500006,116.99347929999999
1563,66,190.118721325,144.61160860000004
1564,66,194.7377848500001,149.462686425
1565,66,168.36754950000017,141.56794109999998
1566,66,150.64075385000012,183.3249487
1567,66,193.55032300000016,164.32518252499978
1568,66,222.70435417500005,252.18898820000004
1569,66,234.66569342500003,231.97341472499986
1570,66,253.78208889999996,244.2750933499999
1571,66,244.69505137500073,245.73463849999985
1572,66,269.0490640750001,278.1890357499999
1573,66,283.6643954000001,248.1914685500001
1574,66,257.7828063000004,279.48464734999993
1575,66,220.19534060000004,271.30199137500017
1576,66,199.59273742500005,257.787681925
1577,66,190.26000135,248.85217505000006
1578,66,199.44420800000012,240.5423176999999
1579,66,229.77198505000013,239.81583902499992
1580,66,237.4605120250002,226.15436244999972
1581,66,243.66503732500038,233.69194964999997
1582,66,214.90334570000005,192.5241686000001
1583,66,195.3753552000001,195.36702807500006
1584,66,200.36841687500015,200.28731507499998
1585,67,169.21941557500003,157.345657075
1586,67,131.355099825,146.44275552500002
1587,67,125.29833650000008,168.88883027500003
1588,67,132.60722880000003,136.18486579999995
1589,67,155.34751490000005,137.19954999999993
1590,67,165.52719050000022,166.5138859
1591,67,199.32006570000019,204.6135508499998
1592,67,217.17931087499994,262.1324151749999
1593,67,231.93811135000018,313.90402294999984
1594,67,268.64289260000004,272.54276219999986
1595,67,250.80511502499994,320.97091947499985
1596,67,258.6177658250001,276.29798199999993
1597,67,241.31622235000003,272.1587226750001
1598,67,304.4498541000004,302.5395275999998
1599,67,263.4415807000003,285.7845165999998
1600,67,250.2537540500001,272.0212067749999
1601,67,285.20067362500015,276.052045125
1602,67,260.92446010000015,253.88685264999992
1603,67,250.167165625,227.3366904
1604,67,261.00030575000017,237.54652462499996
1605,67,217.93838080000035,222.63429252499995
1606,67,219.44532740000002,238.16218885
1607,67,190.5257832749998,195.14695929999993
1608,67,191.42778424999997,200.5310401249999
1609,68,179.57071135000007,161.9057932749999
1610,68,200.33342315000004,152.21145227499994
1611,68,158.24643885000006,155.72238882499994
1612,68,176.7006131250002,146.78285282499996
1613,68,211.86611745000022,184.25277925000006
1614,68,175.31059110000024,184.80996184999992
1615,68,201.13406225,173.56226429999992
1616,68,207.5066992000002,232.9741581749999
1617,68,222.84503857500013,226.861231175
1618,68,252.23379089999997,285.92516839999996
1619,68,220.43142570000015,230.28463919999984
1620,68,262.5440917500002,261.9658307249999
1621,68,223.0635443749999,232.53873382499987
1622,68,240.71202080000015,260.806433275
1623,68,252.98926987500005,286.71981875000006
1624,68,227.8364992500002,240.84826022500005
1625,68,230.9480846000002,300.0778668499999
1626,68,233.2758043750001,275.64676724999987
1627,68,187.07712810000004,258.5161628249999
1628,68,192.07894779999992,278.6272051000001
1629,68,182.74451737500016,279.4061379749998
1630,68,192.9537858250004,242.9741541499999
1631,68,200.29591570000014,236.35034177499995
1632,68,182.32689305000008,210.0062179749999
1633,69,151.0410154500001,159.79868550000003
1634,69,169.03826427499993,146.36114562499998
1635,69,172.47733539999993,165.32903164999988
1636,69,131.776559425,124.257228175
1637,69,141.32275955000011,136.4431887
1638,69,134.70985470000014,158.85662499999995
1639,69,160.10302722499995,156.28973704999996
1640,69,201.5179845,191.25128732499996
1641,69,194.63110642500007,226.0376736500001
1642,69,211.1459039750001,282.64540922499987
1643,69,254.79342340000017,243.27884447499974
1644,69,231.81008330000037,244.3222921499999
1645,69,236.3546753500002,250.80200712500002
1646,69,210.0905529250001,242.12118867500013
1647,69,200.23473190000024,239.45030162500007
1648,69,190.6250844000001,195.43975692500007
1649,69,206.78209222500016,244.6291984
1650,69,192.396018325,228.4909938249999
1651,69,248.922507725,263.562558375
1652,69,231.46798885000018,257.90144829999997
1653,69,211.4776094750001,246.07861574999976
1654,69,259.516964875,203.92912145
1655,69,210.1992965250001,167.01005262500007
1656,69,197.28897105000016,150.39446457499992
1657,70,170.3492023250002,160.37650225
1658,70,117.7977665250001,145.35579549999997
1659,70,141.0555923500001,152.37301894999996
1660,70,169.79154542499992,162.30743949999993
1661,70,172.58197587500004,130.84589182499994
1662,70,147.8631518,113.36450587500005
1663,70,169.95049267500002,149.00819585
1664,70,199.67492837500026,217.72819490000006
1665,70,187.85530512500006,214.86196095000003
1666,70,244.23385257500007,230.2522275249999
1667,70,202.17818332499996,278.8182963249999
1668,70,221.912624725,258.9558544999999
1669,70,257.44364087500014,217.82886795000007
1670,70,248.03784077499984,217.714933025
1671,70,238.62499847500015,235.98504360000004
1672,70,232.23740432500023,219.7001353999999
1673,70,195.59892045000004,227.21556824999996
1674,70,199.80355295000015,215.89569282499988
1675,70,237.95500307500004,213.92455819999998
1676,70,206.8106470500001,209.05868209999983
1677,70,196.5403979,212.1673642999999
1678,70,185.3025118750001,234.50986037499996
1679,70,182.6681209250001,210.20388194999995
1680,70,149.31999842500005,190.63789109999993
1681,71,98.9819712250001,127.66180359999993
1682,71,129.00893267500004,115.38322045000007
1683,71,131.05859777499992,112.73896449999998
1684,71,128.05517487500003,111.46460494999994
1685,71,97.55839027500002,120.246550025
1686,71,158.09636504999997,137.900720875
1687,71,162.28764210000008,211.09097349999985
1688,71,205.13790802500029,222.24467965000008
1689,71,286.3537584500002,225.3343589999999
1690,71,269.3978048750002,189.93367912500003
1691,71,238.33693830000007,227.83806195000005
1692,71,242.08765552500006,350.9695762749999
1693,71,315.83490575000036,290.40353072499977
1694,71,272.0403385500002,204.88607422499985
1695,71,253.73788854999998,197.98173964999992
1696,71,226.88158335,206.79291067499997
1697,71,236.12951625000022,187.57606527500002
1698,71,259.18986969999986,225.4730293249998
1699,71,262.03872957500005,231.68833165
1700,71,316.7220580000002,221.5607480999999
1701,71,336.12439832500013,333.7560759999999
1702,71,287.5567010750002,249.20135037499995
1703,71,282.0500974250003,217.5899974249999
1704,71,210.61958407500003,224.3218312
1705,72,117.81450572500005,159.25914487499992
1706,72,131.17582897500012,149.24332779999997
1707,72,140.84566470000004,168.34877967500003
1708,72,102.84667100000004,148.0120761
1709,72,143.27739350000004,145.00498027499998
1710,72,145.0474592000002,207.8222190499999
1711,72,178.68787875000004,200.77113287499995
1712,72,220.68028517500017,213.2955428249998
1713,72,216.9801491500002,246.65295694999992
1714,72,229.91725609999997,217.7736615249999
1715,72,284.6772094500003,257.51193872500005
1716,72,276.86601305000033,324.1760428
1717,72,272.08842862500046,355.87041862500007
1718,72,270.9295153500001,291.3430847999998
1719,72,251.11867735,274.4520920499999
1720,72,251.65146600000026,295.2632112250001
1721,72,216.4866480749999,268.430469825
1722,72,227.20892900000013,214.4187308
1723,72,247.8479086499999,244.60639544999992
1724,72,241.20960405000017,254.27924122499988
1725,72,201.5683238000001,309.0928553499999
1726,72,206.87651907499998,243.12629547500018
1727,72,170.74142110000008,244.59758530000005
1728,72,167.17418822500002,244.44148447499992
1729,73,136.4570542249999,144.59278504999995
1730,73,158.103356825,98.44297735
1731,73,175.08700885000002,85.35438062499998
1732,73,142.83023917499997,110.10246049999995
1733,73,146.39706102500003,166.50333057499995
1734,73,166.26030952500008,160.57947835000004
1735,73,215.1292279250001,175.77593642499986
1736,73,222.96190780000026,219.24296457500003
1737,73,208.8991064500002,183.56113510000006
1738,73,269.61320890000025,319.71309467500004
1739,73,290.3261807,275.468550725
1740,73,272.7271905750002,332.654574725
1741,73,279.0590280000003,338.4911217
1742,73,219.63425324999997,313.72329809999985
1743,73,228.51851207500005,284.7733295749998
1744,73,197.31811997500006,254.10394587500002
1745,73,187.48450447500028,269.05283235
1746,73,194.25651175000004,235.829562
1747,73,202.22795552499997,215.64097562500007
1748,73,221.62680560000004,196.2316949999999
1749,73,204.4549246750001,206.3909254500001
1750,73,272.53834467500013,203.7383373999999
1751,73,300.5101539250001,177.2337821999999
1752,73,253.78581277500004,198.041785625
1753,74,124.30324027500009,173.72750912499998
1754,74,139.84126190000006,165.71966234999988
1755,74,128.79083147500018,159.94035094999998
1756,74,136.24454530000008,134.06892847499995
1757,74,129.20862757500004,192.5749543249999
1758,74,138.4019391500001,200.47663619999992
1759,74,224.71446252499987,225.89055764999995
1760,74,193.39154930000024,241.37985812500003
1761,74,234.68017435000002,224.42716930000006
1762,74,239.2403767000001,257.75449475000005
1763,74,264.40065442500014,230.687109725
1764,74,198.90923055000002,239.5758047999999
1765,74,233.79607404999996,267.803244725
1766,74,246.08883380000032,289.226457675
1767,74,235.3532757250001,234.68356212500012
1768,74,262.2056307750004,217.55366855000003
1769,74,246.18900422500036,240.39584907499994
1770,74,212.68745717500002,232.24026302499976
1771,74,197.82077622499997,224.76515247499992
1772,74,232.66829472500018,255.97873727500001
1773,74,216.34109022499987,288.06377207499986
1774,74,276.136765775,288.4323170250001
1775,74,237.53930197500023,258.9101543999999
1776,74,214.58164700000015,202.64680660000002
1777,75,149.3631853250002,163.39447062500008
1778,75,124.33591497500007,159.76720982499992
1779,75,126.99054887500003,162.36487174999993
1780,75,122.06743907500004,140.14545297500004
1781,75,173.17608825000013,154.67776794999986
1782,75,136.29637212500026,181.32525182499995
1783,75,206.8606049999999,213.38994530000002
1784,75,221.4905608,245.5434694999998
1785,75,233.8418636250002,249.50271149999986
1786,75,214.30369697500004,328.97774645
1787,75,254.41652560000023,301.1947091000002
1788,75,244.16601137499993,266.8725925
1789,75,246.26628235000007,277.5983852249999
1790,75,275.90768030000015,295.88415115
1791,75,263.60044122500017,224.61955037499982
1792,75,235.52647032499996,246.1221430499998
1793,75,239.64782025000028,238.36058822500001
1794,75,198.36465582500017,231.12869097499996
1795,75,220.28153502499987,245.00610844999989
1796,75,236.29114282500018,251.95256599999993
1797,75,206.8823450499999,247.87535842499997
1798,75,203.0253548000002,226.13541727499995
1799,75,178.5914876000001,197.85425537499992
1800,75,175.55182052500007,211.98073759999988
1801,76,171.74563355000015,189.760927675
1802,76,172.6261359749999,142.97686130000002
1803,76,155.66144715000007,139.536334625
1804,76,147.770504125,155.79720559999998
1805,76,136.17213079999996,136.59661582500001
1806,76,150.47753545000003,147.31877070000002
1807,76,176.0456217750001,120.48521782500006
1808,76,178.61570417500033,149.40040710000005
1809,76,158.0691641000002,158.86773434999992
1810,76,199.578037825,216.34965747499973
1811,76,296.0133012,264.94040629999984
1812,76,273.2181770499999,263.0090844749999
1813,76,220.51144627500017,263.3868321000001
1814,76,228.05365860000052,252.50481277499986
1815,76,224.38862082500015,270.3455733749999
1816,76,221.51975545000022,233.05284865000007
1817,76,187.8847991250002,227.61514607499998
1818,76,188.95843390000016,215.8774307499999
1819,76,176.80439790000008,212.7658376249999
1820,76,189.2798703750002,231.45909100000011
1821,76,189.91110092499986,232.37413477499985
1822,76,192.79125970000024,234.38057689999994
1823,76,148.34939607500007,222.16123472499987
1824,76,164.925379175,197.41067935000004
1825,77,121.92745772500004,136.93421277499996
1826,77,137.18946295000006,125.75335607500004
1827,77,125.04099797500004,126.49626640000001
1828,77,126.80948112500009,118.12437107500006
1829,77,124.36360835000005,125.68354165000005
1830,77,161.22836805000009,153.35771620000003
1831,77,196.49160782500007,145.55544307499997
1832,77,199.3554069500001,167.03351474999982
1833,77,230.5572973000001,191.87182829999975
1834,77,229.4197981,190.11651145000008
1835,77,225.61175005000004,223.29649200000017
1836,77,262.0386844500001,245.8995702250001
1837,77,240.18573267500008,245.17716932499982
1838,77,228.40416540000018,214.304367525
1839,77,205.90704840000018,236.93523704999998
1840,77,224.69530307499994,245.27516684999995
1841,77,196.72185340000001,226.85315899999995
1842,77,200.32644304999994,224.0808378499999
1843,77,175.93081257500012,202.94101762499997
1844,77,253.287083175,204.22322164999989
1845,77,246.22119440000023,193.84578377500003
1846,77,258.5302868000001,222.06123294999998
1847,77,215.16968375000005,191.89120492500007
1848,77,211.96722112499992,185.76237362500007
1849,78,168.8042361500001,113.03473220000006
1850,78,138.42728169999998,145.39220344999995
1851,78,173.21032920000005,151.47205102499993
1852,78,167.42327212499998,132.00512847499994
1853,78,167.00306702500023,146.61147360000007
1854,78,227.94174650000008,201.17922059999992
1855,78,225.90564675000013,183.46752222500015
1856,78,230.726835075,170.9720628999999
1857,78,302.5994865250003,207.0577935000001
1858,78,317.15190290000015,242.37709175000015
1859,78,309.5423527250002,241.82251149999985
1860,78,296.9284857500004,264.0955284
1861,78,309.1191520750002,285.10555917500005
1862,78,273.2930304000002,246.27972407500002
1863,78,196.15073575000017,234.37178654999997
1864,78,283.6102018,239.19236309999974
1865,78,315.7580370250002,209.561398075
1866,78,270.7694145750005,227.80552622499997
1867,78,296.7247575750001,225.37325817499996
1868,78,289.1862859500001,226.18208327499994
1869,78,298.72658650000005,275.82369822500004
1870,78,325.07145827500005,243.81445159999998
1871,78,303.98209280000015,229.067960775
1872,78,243.12360117499998,194.426548975
1873,79,161.9591218000001,113.21799764999996
1874,79,150.6847751000001,125.940663675
1875,79,143.17721175000025,152.41763037499996
1876,79,194.5721349000001,137.7256851499999
1877,79,170.45496022499998,152.54775192499994
1878,79,196.41900149999998,188.36676987499987
1879,79,193.37510175,197.76293067499995
1880,79,264.2187100000006,214.48778799999985
1881,79,241.53786762500016,250.05875829999985
1882,79,226.63722860000001,284.35849659999997
1883,79,230.56509057499997,291.2138757249999
1884,79,296.6181197000001,298.9610504499999
1885,79,260.95091089999994,234.07960524999996
1886,79,289.3690543749999,238.39820890000004
1887,79,270.5455901000005,230.2733460999999
1888,79,273.5556105750002,272.06527099999994
1889,79,262.80931632499994,205.72158037500003
1890,79,231.7294194000002,234.84919792499994
1891,79,243.5774048500001,213.91972827500007
1892,79,256.3650245750001,229.6782840249999
1893,79,238.77127239999996,248.48182897499998
1894,79,241.08229862500008,272.6101689
1895,79,241.34929494999994,214.9122827999999
1896,79,206.47858100000005,183.73936417499988
1897,80,191.90872785000022,142.41094669999995
1898,80,178.67600177500023,171.48059274999991
1899,80,164.44254195000002,168.56382614999998
1900,80,176.06242902500009,165.1192856
1901,80,165.8634724250001,173.8757173749999
1902,80,190.29930370000028,126.73109864999998
1903,80,195.27089595000007,174.52650322499994
1904,80,243.02344642500006,196.0934944500001
1905,80,237.60814095000006,214.02487680000007
1906,80,276.1037734500001,227.70444830000002
1907,80,280.6724182250002,253.36889267500004
1908,80,288.77864302500006,258.34988285
1909,80,243.48660022500002,229.05648862499982
1910,80,242.37654297500023,187.62354670000008
1911,80,230.3453550999999,214.8756266250001
1912,80,258.86364067500017,254.42454369999996
1913,80,298.8872779250002,227.86378142500018
1914,80,251.98496230000018,204.2581101749999
1915,80,236.71301040000014,287.93999867499974
1916,80,223.45931675000008,290.92389994999985
1917,80,276.26424129999987,248.294008925
1918,80,281.0804439000001,214.75901869999996
1919,80,264.8689454500001,203.36537212500002
1920,80,226.85472067500015,194.0482416999999
1921,81,168.183621275,186.39001077499995
1922,81,184.5061035750001,151.53697657499998
1923,81,166.73504240000005,150.6280439999999
1924,81,126.24009217500009,144.21889162499997
1925,81,131.52196232499998,133.66401332499998
1926,81,147.1183618250001,179.66299629999997
1927,81,201.72655457500002,210.826796625
1928,81,232.74842710000013,219.07963497499998
1929,81,233.8682297000001,217.80752390000015
1930,81,215.98127515000016,204.6346716999999
1931,81,308.44840205000025,218.81951924999998
1932,81,273.33078705,247.57864064999978
1933,81,287.1445336750002,241.6044772749998
1934,81,271.317237925,226.51547409999995
1935,81,287.06408817500017,266.9296646
1936,81,238.48415835000017,234.8000716499999
1937,81,246.2257051750001,259.7201254749999
1938,81,291.54653569999994,211.259654875
1939,81,230.4906498250001,197.14879800000006
1940,81,233.58997037499992,202.81013784999976
1941,81,209.36036277499994,190.1222006249999
1942,81,202.01048339999988,210.090586375
1943,81,186.8826161249999,187.2668885
1944,81,211.76350657500006,199.59469117499998
1945,82,165.13271622500025,162.08769242499994
1946,82,134.92152007500013,163.61895317500006
1947,82,139.6031756000001,154.57118262500003
1948,82,133.52094762500005,151.74615410000004
1949,82,123.17459790000024,132.12144327500008
1950,82,157.50191777500004,167.84312202499996
1951,82,182.41169710000008,189.72958962499993
1952,82,195.40971612500013,204.91551899999976
1953,82,216.9997986500001,208.3064279750002
1954,82,259.8134720500002,216.5347674249998
1955,82,291.772187875,269.79058935
1956,82,260.4500081500001,325.7321655249999
1957,82,278.10595072500024,278.8389922249998
1958,82,267.1139017499998,254.36467397499996
1959,82,258.92814952500015,281.1330221249999
1960,82,260.26082870000005,251.51434749999999
1961,82,255.95422295000023,225.78981437499996
1962,82,243.81121095000012,201.6608376999999
1963,82,228.960422425,212.2969783499998
1964,82,192.73393092500024,226.08355982499978
1965,82,183.45204864999988,234.53780852500006
1966,82,182.48573942500002,223.50628565
1967,82,182.1894306500001,194.25657597499992
1968,82,164.03676535,178.4447444749999
1969,83,135.88684795000003,141.32427142499995
1970,83,105.77272317499998,133.03318402499997
1971,83,135.71974675000004,146.95918060000002
1972,83,147.78918762500004,118.62414987499997
1973,83,126.3186113499999,120.10685870000003
1974,83,159.36244787500002,165.7592376749999
1975,83,164.49419769999994,161.67239649999993
1976,83,173.16866085000007,195.06799957499987
1977,83,168.36182667500015,240.19728622500006
1978,83,203.81023470000017,213.65901787499976
1979,83,218.82726587500022,234.39348935000004
1980,83,230.65709512500013,240.133110025
1981,83,261.77908607500007,241.98956944999992
1982,83,210.41548400000016,216.544394125
1983,83,209.03859662500005,188.33193045000002
1984,83,228.7475769000002,238.53123027500004
1985,83,222.96004332500007,189.7422148
1986,83,206.4575030249999,172.7071284749999
1987,83,192.23249547499995,176.98485115
1988,83,218.96763415000004,224.85553104999985
1989,83,229.73840472499984,215.4182651249998
1990,83,253.45108112499992,204.743235
1991,83,208.4901728000001,185.52413484999997
1992,83,202.10457142500016,171.304436425
1993,84,149.85420469999997,115.00259692499992
1994,84,132.51676825,152.01173842499998
1995,84,119.15187022500001,116.4627084
1996,84,111.09390790000006,134.58044382499995
1997,84,122.59363580000013,134.05477015
1998,84,166.5221321500003,165.72170402500007
1999,84,155.15932865000036,187.56487507499995
2000,84,178.70908980000007,169.77226844999996
2001,84,180.87653327500018,233.13866224999987
2002,84,201.42203147500027,265.768261925
2003,84,236.60722457500003,246.362628325
2004,84,201.9591654000002,211.33883707499984
2005,84,163.0064710750001,234.283519075
2006,84,178.10597182500004,227.73296947499995
2007,84,238.43832400000016,214.17267767499993
2008,84,220.9916027250003,212.98883787499994
2009,84,240.60632530000015,240.8227571
2010,84,188.8363338249998,243.68875447499994
2011,84,184.65685220000012,254.27370845000002
2012,84,211.41112320000008,275.4235786999999
2013,84,226.4509966500003,227.87810647499992
2014,84,219.6743302000002,200.81140644999994
2015,84,214.355709975,156.439464
2016,84,191.41617385000015,165.46367799999996
2017,85,168.4072950500001,144.93082584999996
2018,85,167.13882625,130.2390856
2019,85,124.76114602500004,155.62974517499993
2020,85,140.99003040000008,142.70367757499997
2021,85,145.301915075,136.396417825
2022,85,144.93033649999995,140.82653275000004
2023,85,181.8705644499999,198.09406224999987
2024,85,213.40541992500007,213.54940812500004
2025,85,207.57518442500003,224.6790311750001
2026,85,241.41295392499995,206.54394232499996
2027,85,247.55728962500024,239.6989220750001
2028,85,240.61596574999993,288.3884604499999
2029,85,266.948800025,301.891928625
2030,85,254.010119375,261.0753509749999
2031,85,287.6110320250001,263.32942692499984
2032,85,279.0968213250001,249.71191410000006
2033,85,217.6546568,256.8983989249998
2034,85,249.0264670000003,235.6861135499999
2035,85,261.7998216000001,185.72707967499986
2036,85,242.86993074999998,210.19146669999992
2037,85,247.70185300000009,254.58826387499994
2038,85,237.83428322500004,227.3471652999999
2039,85,240.16842755000005,193.45440347500002
2040,85,201.5196399250001,224.12648035
2041,86,151.3119612750002,139.81086557499998
2042,86,154.76272172500003,142.37845939999994
2043,86,156.19977230000003,140.24172934999996
2044,86,187.44762242500008,133.02504667500003
2045,86,177.84569647500024,142.8463903
2046,86,169.18197547500014,159.44139372499998
2047,86,181.11578429999986,184.3759879000001
2048,86,181.04441907499995,197.3635724
2049,86,239.5754869000001,226.55970609999986
2050,86,280.6992662250002,243.64961022499995
2051,86,270.280077925,223.845144025
2052,86,276.38708730000013,246.3533602999999
2053,86,220.07560647500026,251.07495247499995
2054,86,253.65368947500028,290.6889862250001
2055,86,229.5630124500001,294.9664733000001
2056,86,227.20781790000012,314.5901708249999
2057,86,278.376538575,282.39269937500023
2058,86,236.7880190250002,251.28372977499995
2059,86,202.57353592499982,253.65510919999997
2060,86,211.66927897500034,271.3362945249997
2061,86,227.99284382499997,295.89492430000007
2062,86,197.40808297499996,253.21095979999973
2063,86,168.66651754999992,218.6698421999999
2064,86,174.28439700000018,188.98659429999998
2065,87,148.56491132500008,155.6877351999999
2066,87,160.4868365750002,150.35139564999997
2067,87,168.97421054999995,149.95640320000007
2068,87,157.49057372500005,145.29029985000005
2069,87,160.6854357500001,152.52920765000005
2070,87,168.4887835250001,171.23314384999992
2071,87,182.45321922499994,191.44565389999997
2072,87,199.66073622500005,204.22845885000015
2073,87,195.24245025000022,261.650454175
2074,87,200.37856622500001,283.1910990500001
2075,87,234.28345477499985,276.99283227499996
2076,87,283.65656520000005,306.06018400000005
2077,87,295.6841665000004,309.3339098749998
2078,87,261.96932282500046,294.81186937500013
2079,87,243.31836565000003,212.94154087499993
2080,87,248.179504075,236.27239832499993
2081,87,287.80175235,243.71017102499997
2082,87,259.3317959000002,206.22310207499999
2083,87,260.88056195000024,226.50159980000004
2084,87,263.61510730000015,209.52748367500016
2085,87,225.68983175,212.6822056000001
2086,87,220.9977895000001,170.051837
2087,87,164.8459671000001,187.32475194999995
2088,87,164.67774867500003,172.13352592499996
2089,88,155.97006702500028,124.17078854999991
2090,88,175.44053390000008,106.21032435000004
2091,88,191.66021185,115.54993060000001
2092,88,148.07053767500003,118.46506659999991
2093,88,144.18441450000023,148.19745385
2094,88,210.5422782250001,166.93053862499997
2095,88,166.510289425,195.01043079999988
2096,88,192.50864492500017,279.41163184999994
2097,88,246.33335150000002,285.8536022
2098,88,215.52261744999996,312.84877967499983
2099,88,319.5885299250001,275.12674652499993
2100,88,359.57026240000005,279.4482395749999
2101,88,305.65141615000016,287.06816902499986
2102,88,300.22000592499995,278.50131899999997
2103,88,258.9051544250001,249.99607347499992
2104,88,251.63203915000028,291.8100785749999
2105,88,246.5722774750001,234.16060417499995
2106,88,250.45258292500014,222.47099804999993
2107,88,238.2546864500001,267.6176747999999
2108,88,240.89412605000018,264.269731775
2109,88,267.64037017500004,288.34075014999996
2110,88,271.3708705999999,267.43720247499994
2111,88,203.60738057500015,243.28322852500008
2112,88,179.15169632500007,239.52365149999986
2113,89,122.23208955000014,136.72862594999992
2114,89,121.21661875000007,132.53299677499996
2115,89,145.76324077500004,129.20026537500001
2116,89,149.20811850000015,129.39526884999998
2117,89,145.62228087500006,138.2337341500001
2118,89,151.07508822500006,213.07083632499996
2119,89,211.46395105000016,244.72520194999996
2120,89,200.68154037499994,206.966371175
2121,89,243.3272693749999,204.74861702499993
2122,89,244.5993058000002,265.92635889999997
2123,89,230.90825195000014,233.57678932499988
2124,89,267.53404315000006,256.68941367499986
2125,89,243.39535334999988,278.6331771
2126,89,267.10921465,306.0233689999999
2127,89,283.37600290000023,291.63696059999995
2128,89,246.64706132500038,282.27949757500016
2129,89,241.05246427499998,289.8030831999999
2130,89,276.48071397499996,224.04498302500014
2131,89,267.62703815000003,221.43544922499996
2132,89,278.87939654999985,256.62348565
2133,89,269.8529689250002,256.88914499999987
2134,89,245.16937122500002,271.93992099999986
2135,89,231.08319607500005,226.64688904999988
2136,89,232.30867350000008,193.45021447499994
2137,90,136.363817975,179.84594292500003
2138,90,136.21520685000002,178.27726540000003
2139,90,154.3520540250002,149.42597984999998
2140,90,136.55576215000002,154.315776125
2141,90,119.42053807500002,141.05756607499998
2142,90,119.8225026500001,148.24768650000004
2143,90,125.5453796750001,189.422739175
2144,90,147.5742794499999,214.16954227499983
2145,90,189.94953557499997,181.15170744999998
2146,90,217.09911994999987,177.74900284999995
2147,90,246.23275377500025,227.36091272499988
2148,90,242.97850665000016,272.73583659999974
2149,90,257.5144307000002,231.528334775
2150,90,237.4984891000002,276.5809291749999
2151,90,230.48174017499997,231.32679407499995
2152,90,244.16362334999997,200.24338572499994
2153,90,243.97102440000003,244.84546104999998
2154,90,211.31304967500017,194.96428789999987
2155,90,170.57998395000004,206.06465684999995
2156,90,171.35879417499984,246.01128269999995
2157,90,238.9559323000001,214.55850180000007
2158,90,201.03327529999996,244.74822532499996
2159,90,209.705864225,217.953557375
2160,90,188.39847307500014,221.20537319999994
2161,91,174.68589697500016,172.34856092499987
2162,91,147.60290190000006,164.88159292499995
2163,91,168.3720747500003,169.75941997500004
2164,91,153.04996505000003,159.79723825000005
2165,91,144.52868785000004,145.46130655000005
2166,91,135.96000180000016,198.45296174999993
2167,91,161.85581014999994,177.53729789999997
2168,91,180.12263407500018,194.08212319999996
2169,91,193.60719475000002,205.04681174999993
2170,91,205.6849120500001,248.8584098000001
2171,91,242.16429032500014,329.45305237499986
2172,91,235.55716895000003,284.34688955
2173,91,219.69762312500012,288.06124847500007
2174,91,264.38420370000017,303.8335166
2175,91,177.44353287500016,255.68488437500002
2176,91,204.27025559999987,248.49959125
2177,91,227.913936525,193.9497858000001
2178,91,199.23299202500027,221.86806442499994
2179,91,169.41429482500007,203.17970632499987
2180,91,216.85905312500012,201.03474999999997
2181,91,203.60673390000017,222.87810307500004
2182,91,213.92983612500004,242.4102983749999
2183,91,178.9413673250001,202.79682922499998
2184,91,189.20797937500026,174.97046154999998
2185,92,184.13313245000006,129.36444944999997
2186,92,181.6506816,163.70061755
2187,92,148.05271047499997,191.476467775
2188,92,161.39233647499998,179.93429107499986
2189,92,175.50494377500013,155.41759645000002
2190,92,189.94328805000015,176.10527612500005
2191,92,238.33286212500013,193.53393007500011
2192,92,273.1068275000003,240.99764002499984
2193,92,265.33341802500024,212.7767404
2194,92,354.76823967500013,254.6985776749998
2195,92,284.78739210000026,240.08561614999985
2196,92,303.7475153250003,301.4981473749998
2197,92,268.70310552500035,227.33886002500006
2198,92,287.67173847499987,208.22915387499978
2199,92,260.651613275,252.0034084500001
2200,92,292.7994540750002,241.221692125
2201,92,301.92824632500015,220.7641982250001
2202,92,291.12859192500014,267.28157714999986
2203,92,282.74407282500016,237.45606099999998
2204,92,256.73609190000013,278.96444647499993
2205,92,245.02173994999998,262.8003137500001
2206,92,240.41217392500005,226.47520992500006
2207,92,254.5034326,238.42422812499996
2208,92,234.15122092500016,197.61568899999997
2209,93,171.44245212500005,132.73211277499985
2210,93,140.85924617500012,157.72826404999995
2211,93,140.36149270000007,166.923882675
2212,93,119.3413317250001,165.66161239999994
2213,93,152.144834225,162.03581227499996
2214,93,196.70810475000002,157.12648264999996
2215,93,206.60285430000005,188.45773117500005
2216,93,229.71600142500006,202.97763897499982
2217,93,263.406405325,169.84224017500006
2218,93,262.48798367500007,213.09235897499985
2219,93,323.04915442500015,225.7301225249999
2220,93,305.26768230000016,244.8876591
2221,93,254.90491204999995,306.54240182499996
2222,93,263.0772438499999,322.69995329999995
2223,93,266.3103628250001,306.5554076999998
2224,93,278.1873376250003,295.6639599499998
2225,93,274.2974617500001,275.5357625750002
2226,93,232.64252695000022,234.148289075
2227,93,242.02611487499996,203.449500275
2228,93,253.97758182500002,273.3681535
2229,93,257.499845625,268.1411189249999
2230,93,219.99403827499992,224.12908752499987
2231,93,200.71324757500014,222.95652379999999
2232,93,193.31145687499992,195.81841854999993
2233,94,156.18156062500015,148.70306067499996
2234,94,136.8189282500001,176.9448692499999
2235,94,139.15555867500012,171.2510042
2236,94,160.84870892500012,169.3746072
2237,94,157.86943725000037,132.0996216499999
2238,94,171.11340279999996,176.96242332500003
2239,94,165.7714841500001,165.48582977499993
2240,94,205.9479835250002,201.83242682500003
2241,94,229.85659027500014,213.73759262499988
2242,94,246.03313497500022,205.04201112499987
2243,94,326.16242490000013,230.49314907499985
2244,94,267.2335917999999,233.9068979499998
2245,94,298.48154669999997,221.18813595000012
2246,94,298.60081612500005,236.0619672750001
2247,94,288.6645572000002,219.8906832999999
2248,94,292.09431102500037,228.40630947499983
2249,94,301.155498275,202.72583319999995
2250,94,293.77478610000026,244.31354612499987
2251,94,273.45907255000066,213.40315264999998
2252,94,288.92711324999993,229.31613115
2253,94,221.49192342499987,198.7421955499999
2254,94,207.25621000000007,230.35958479999996
2255,94,193.8139785,190.30504889999992
2256,94,185.66141927500013,136.6115285749999
2257,95,160.24446972500004,164.01343774999992
2258,95,175.20069687500006,165.34841379999986
2259,95,144.71511327500014,163.270868275
2260,95,153.52376177500014,186.8155342749999
2261,95,163.7909353000001,146.69721484999985
2262,95,229.13730315000032,139.45448699999997
2263,95,242.8505053500001,170.37301035000007
2264,95,261.15707632500016,233.02510334999994
2265,95,249.61687662499997,225.45212574999988
2266,95,198.25024949999994,279.58538695000004
2267,95,228.42983415000015,284.4029547
2268,95,315.01790365000016,249.6304833000001
2269,95,257.831542375,264.03450125000006
2270,95,326.92259367500014,242.7762898999999
2271,95,304.54197062500015,217.28618134999994
2272,95,288.6671539500003,220.18988472499987
2273,95,282.6043096500002,250.70330544999996
2274,95,270.4386307250002,253.65456092499997
2275,95,208.93328072500003,211.68762617500005
2276,95,240.24136075000007,225.53592037500016
2277,95,227.9244525750001,248.55892817499978
2278,95,208.76766977500012,230.77608129999987
2279,95,232.87129402500014,218.4043854249999
2280,95,205.95456890000006,192.50070377499992
2281,96,150.92591082500007,161.5469033249999
2282,96,151.5076258750001,158.420742325
2283,96,126.24722547500009,144.33782860000002
2284,96,156.52490910000012,143.6656858
2285,96,128.11815745000004,151.48658884999998
2286,96,162.4608989000002,167.16828722499994
2287,96,184.02658365000013,157.2460491999999
2288,96,226.87798449999997,233.2667523
2289,96,216.11951467499995,249.28914089999995
2290,96,279.6383548999999,321.4325752750002
2291,96,308.40787982500007,275.45249750000005
2292,96,301.8789412000002,301.3803437
2293,96,246.09293562499988,274.43512074999984
2294,96,193.47314054999993,230.83673592499989
2295,96,246.05235342499998,280.0171495999998
2296,96,227.34423140000035,260.31715922499995
2297,96,217.50635914999998,243.09920582499984
2298,96,208.06293205000006,241.13406277499985
2299,96,232.03672762499997,211.2068390999999
2300,96,275.51865207500015,233.33544125000003
2301,96,246.37353097499994,232.93500457500005
2302,96,236.65673875000007,183.98531699999998
2303,96,191.1340284499999,184.83917655
2304,96,163.41252995000002,210.32189795
2305,97,160.93138692500008,127.17285712500004
2306,97,150.69019517500007,128.39416575
2307,97,158.86400807499996,127.48840227499991
2308,97,147.55836912499996,132.99896144999997
2309,97,152.49843512500013,142.46339204999998
2310,97,149.5570328250001,134.3508496
2311,97,125.71365865000007,149.59953745
2312,97,157.14368552500014,151.27711159999984
2313,97,220.3007443750002,221.23516964999993
2314,97,252.26370497499997,215.17332629999993
2315,97,267.7954621250001,217.50381327499983
2316,97,307.76904467500015,252.13343507499997
2317,97,265.1848184000004,254.469592575
2318,97,233.55847449999993,233.38523937500014
2319,97,254.87427412500023,226.093175575
2320,97,196.865329475,199.35467814999996
2321,97,203.42658775,212.35258670000002
2322,97,168.0028482,218.23747817499995
2323,97,172.66387140000006,204.68968685000004
2324,97,159.64779792500008,233.81757062499986
2325,97,170.94435599999994,253.29000934999996
2326,97,188.30666482499987,242.793668325
2327,97,165.80441327500003,198.26781005000004
2328,97,191.26186117499998,162.55081525000003
2329,98,143.5470546750001,134.24382389999997
2330,98,143.08449662500016,114.96555752500007
2331,98,139.12723565,119.15699499999994
2332,98,144.00793782500006,133.88714337500005
2333,98,143.00908632500006,159.42166997499982
2334,98,140.711181575,158.30460097499997
2335,98,135.95663727500002,143.79118464999993
2336,98,186.90783164999996,179.97902657499995
2337,98,140.30490457500017,167.23882355
2338,98,184.22341182500008,215.6256322499999
2339,98,194.3649298750002,239.64323394999997
2340,98,248.1870954000001,260.48840177499983
2341,98,228.04015110000003,229.84313067499988
2342,98,223.46132300000016,234.17561002499986
2343,98,220.82366740000026,264.082212025
2344,98,179.43912287500015,230.2066333749999
2345,98,234.03445662500008,226.25321942500005
2346,98,154.24933427500014,197.45578592499996
2347,98,198.65733479999986,209.45153700000003
2348,98,224.07382795000024,222.56259899999992
2349,98,269.5086421500003,207.23964652500004
2350,98,218.30427075,195.13677605000004
2351,98,183.17924520000003,163.46245260000006
2352,98,188.64200084999996,157.317233475
2353,99,136.19703362500007,118.90569117500004
2354,99,151.0992954,130.04995930000004
2355,99,142.73037370000011,138.8208732249999
2356,99,157.50272197500004,130.48541147499995
2357,99,137.855518575,131.92811777499998
2358,99,155.59488537500002,171.4131730499999
2359,99,181.46069025000008,180.22266397500007
2360,99,169.62378907500022,226.83154164999985
2361,99,223.67153007500025,242.64677112500004
2362,99,255.57559262500018,243.476312875
2363,99,257.1926188000002,267.57731332499975
2364,99,269.9857008000002,315.58908752499997
2365,99,231.87060962500013,292.79678662500004
2366,99,245.9853988500001,208.42234805000007
2367,99,249.17217657500015,272.5571919999997
2368,99,258.247762025,231.26590807499989
2369,99,306.71117434999996,208.09549177500008
2370,99,240.8432149999999,217.70175182499992
2371,99,265.9982473,228.30933195
2372,99,230.06783832500003,290.8751979499999
2373,99,230.04852292500007,270.0244938
2374,99,241.33225649999991,248.19581115000005
2375,99,202.1986065750001,233.43209134999995
2376,99,193.70539937499993,265.3211963
2377,100,176.282494875,197.950571525
2378,100,168.7620738250002,164.62986207500003
2379,100,168.425902775,167.84587992500002
2380,100,178.03705830000018,143.01156947500007
2381,100,152.3314679000001,125.38675647499994
2382,100,224.9093792249999,159.34891400000004
2383,100,243.5257265749999,234.30691884999987
2384,100,253.98665220000015,211.65571342499993
2385,100,258.20327000000026,221.48495680000013
2386,100,202.2710221500002,283.3766214
2387,100,275.9071811500004,249.09872500000014
2388,100,297.9064266250002,230.03435507500006
2389,100,285.3125728750002,283.49130775
2390,100,344.7545140750003,284.755053825
2391,100,320.0520755250003,232.406435725
2392,100,330.162990325,280.5660555999999
2393,100,290.73527522500007,234.69262492499996
2394,100,279.1024337250001,219.9486651499999
2395,100,267.6955198999999,243.25744229999987
2396,100,274.93053925000004,198.6478709750001
2397,100,216.56997597500015,241.2646808749999
2398,100,260.79438497500036,230.50427839999975
2399,100,261.7432160500001,164.09199484999988
2400,100,224.34855632500023,160.1115726
2401,101,153.05815687499998,149.4763684749999
2402,101,154.158046275,153.11467265000002
2403,101,143.145656675,154.50220137499997
2404,101,136.22111267499997,158.15587527500003
2405,101,153.96902377500004,148.71911984999997
2406,101,133.61242800000008,176.57129417499993
2407,101,187.9442846500002,198.24879207499998
2408,101,156.00990930000015,211.35190617500012
2409,101,165.54793482500003,241.21721360000012
2410,101,219.31289540000017,289.008648675
2411,101,270.6537967250001,285.67136682499984
2412,101,244.4640993500001,278.8141879
2413,101,274.8780336000001,304.7950713
2414,101,294.27139320000015,297.18773779999987
2415,101,229.79189910000028,250.37678335000004
2416,101,229.55793337500012,233.41393397500002
2417,101,222.349787225,192.03837485000003
2418,101,230.9514218,230.2116595000001
2419,101,208.95859605000015,257.15009330000015
2420,101,198.38035692500011,196.0590745249998
2421,101,166.53312740000013,222.70922812500015
2422,101,219.06649395000022,242.87291277499992
2423,101,213.73476244999983,256.984482375
2424,101,205.94195415000007,244.42285045000003
2425,102,142.30487717499994,138.145790025
2426,102,145.11589117500003,141.73845132499997
2427,102,140.93331747500005,161.54260962499995
2428,102,114.39476172500011,158.20308775
2429,102,142.80540640000007,135.89452817499995
2430,102,145.73453920000014,178.65307190000004
2431,102,183.36589707500013,214.466946475
2432,102,232.88287145000004,222.05055294999997
2433,102,284.0409071000001,266.41135682499987
2434,102,275.81564175000005,256.3997203499999
2435,102,255.13178045,250.8638357750001
2436,102,256.9585127500002,273.09011622500003
2437,102,238.03623382500012,249.2797541000001
2438,102,247.98954402500004,267.63214014999994
2439,102,274.2555651499998,277.49481197500006
2440,102,197.82804740000006,284.4849226
2441,102,197.70671599999986,239.16460650000013
2442,102,196.8500805500001,251.1864881249998
2443,102,230.34165270000034,220.44377614999996
2444,102,251.615139575,268.14260672500006
2445,102,245.77264242499996,300.0406044499999
2446,102,214.94816025,232.04661260000006
2447,102,201.10666985000012,222.13286749999997
2448,102,187.74748482499996,201.93215159999983
2449,103,154.87489355000002,152.00482745000005
2450,103,180.70933250000013,142.72490197499997
2451,103,141.55909500000013,128.42784592499999
2452,103,191.39013980000004,183.4398827
2453,103,206.47510319999998,189.55855424999987
2454,103,235.84724565000025,163.46903007499998
2455,103,224.22018897499996,193.0775085749998
2456,103,210.95405989999998,244.04715949999985
2457,103,261.2963075000003,257.01281204999987
2458,103,238.2685787750004,278.2170710749998
2459,103,219.12402922500007,241.91355592499986
2460,103,269.2621368000002,240.24195454999995
2461,103,288.6280878250001,268.153273925
2462,103,228.32537927500002,243.26648637499986
2463,103,252.19538187500012,228.8281522499999
2464,103,237.7689295500001,249.18779062499993
2465,103,250.39949672500012,234.53380097500002
2466,103,252.34836560000014,222.05398655
2467,103,262.4799902500001,196.1934132
2468,103,241.3187964,212.0328703250001
2469,103,218.6984701500001,222.82638300000013
2470,103,239.23175487500026,250.4408838249999
2471,103,165.70274682499996,254.25199442500002
2472,103,183.95117652500002,210.11544922499996
2473,104,120.54328107499998,157.47135919999988
2474,104,122.42256077500006,168.30523490000004
2475,104,130.43673152499997,145.9529553249999
2476,104,160.258727625,146.970651175
2477,104,146.37131509999998,177.054684075
2478,104,145.66080909999997,195.41785292499998
2479,104,140.3879334499999,155.19423525
2480,104,181.14896450000003,185.67292552499993
2481,104,191.04149302500008,216.49328042499997
2482,104,243.54188712500007,212.9687528249999
2483,104,266.1698488750002,261.76016082499984
2484,104,237.89838600000024,266.81989829999986
2485,104,241.73080697500018,237.14643464999986
2486,104,204.06029440000003,226.57127610000003
2487,104,211.9876535,217.15158254999994
2488,104,245.50501677499983,209.81859557499996
2489,104,177.79126600000015,223.11033669999995
2490,104,185.3367168250001,182.00173542499996
2491,104,248.22785252500017,176.63587759999996
2492,104,222.23907534999992,215.93776037500007
2493,104,213.2950339,223.45076862500008
2494,104,216.096531525,211.65842862499986
2495,104,183.64798305000005,213.59143744999986
2496,104,185.22752494999997,184.82380939999996
2497,105,150.02184182499997,138.78165049999996
2498,105,135.48391925000004,136.7224331
2499,105,147.901430525,142.5679261
2500,105,149.6991815,139.66715704999996
2501,105,136.739725475,152.81167040000003
2502,105,148.91505897500002,152.43467197500001
2503,105,151.35714572500007,184.4135495999999
2504,105,156.6036793250001,192.31886027499996
2505,105,171.2460471000002,244.92693629999997
2506,105,211.754738875,242.21288517499994
2507,105,231.568274175,224.80672462499987
2508,105,267.886764625,226.21039792499994
2509,105,268.4374887500002,211.37786734999995
2510,105,276.5768616250001,203.7875446999999
2511,105,289.340056775,175.94582867499997
2512,105,285.7362304750002,197.69670404999994
2513,105,265.11595520000014,171.0738058
2514,105,215.7981626999999,167.4061043249999
2515,105,265.5660162250003,174.00588937499992
2516,105,274.002907525,197.09127242499983
2517,105,261.2762659000002,211.80490407500002
2518,105,234.05689252499988,204.39479615000005
2519,105,212.10707185000004,211.20846304999992
2520,105,196.66511872500007,155.28169015000003
2521,106,141.82772947500015,142.71682894999998
2522,106,153.03969125,130.1921216
2523,106,146.48937487500012,139.46661647499997
2524,106,147.44802227499997,160.54882027499988
2525,106,148.189847725,131.70902320000005
2526,106,155.224525325,155.65620255
2527,106,222.57170747500035,185.17040107499992
2528,106,181.1180628999999,189.14733967500007
2529,106,217.52036955000034,216.23800159999993
2530,106,229.7587552250001,295.9872957250001
2531,106,229.40400475000013,274.67440662499996
2532,106,214.00365154999997,292.4003742000001
2533,106,199.430541125,298.9487377749998
2534,106,189.22696992500022,280.47484427499984
2535,106,214.3420661250002,288.19943942500004
2536,106,199.61153160000026,260.91307732499996
2537,106,232.34740740000004,267.5002576249999
2538,106,254.6589214250002,223.85700547499982
2539,106,222.80636692500013,243.96642745
2540,106,258.315703475,242.9967648249999
2541,106,228.24873057500002,279.34510127500005
2542,106,229.69895700000006,276.90916104999997
2543,106,219.4572468999999,200.69914282500002
2544,106,184.954097475,188.08708972500006
2545,107,145.3182627000001,121.332513775
2546,107,145.81282547500007,148.11207567499991
2547,107,146.1085700000002,127.66980444999999
2548,107,141.72538182499994,168.47304382500002
2549,107,139.04125087500012,176.35397504999997
2550,107,163.9753932250001,147.55405549999995
2551,107,194.04556557500013,172.76243219999998
2552,107,211.90660457500013,205.004572225
2553,107,245.85841960000016,195.39534202499993
2554,107,236.42675722500016,235.5101258999999
2555,107,256.7215967000001,304.7287861499999
2556,107,289.41561045000014,277.09423532500006
2557,107,313.0269984250003,289.1519657749997
2558,107,320.1254789750001,220.75111837499998
2559,107,264.9841346000001,202.50214492500015
2560,107,253.36973802500023,219.3633808749999
2561,107,251.72084577500033,237.60982307500007
2562,107,292.91099445000003,281.6111797249998
2563,107,245.12684167499995,199.74225432500018
2564,107,209.30570754999988,245.7476515249999
2565,107,234.99595390000025,202.18862205000005
2566,107,219.25251030000004,214.09049675000009
2567,107,193.58233137500014,217.6466036249999
2568,107,201.5613449500002,185.51473992500001
2569,108,161.8848544000001,160.927921525
2570,108,184.55828265000025,163.1316545499999
2571,108,152.93329267500005,154.1573524250001
2572,108,166.57240230000008,139.414726425
2573,108,170.88608677500008,149.87909252499998
2574,108,161.59761672499994,176.25399840000006
2575,108,181.34884345,166.38825665000007
2576,108,193.210943875,224.84073055000016
2577,108,179.64964600000013,232.3528432249999
2578,108,260.7974374250002,253.59677354999994
2579,108,271.9953651250002,316.9825048
2580,108,276.28407685000013,295.4314181499999
2581,108,287.8425965250001,319.49751292499997
2582,108,267.8237927250002,335.6934423250001
2583,108,236.59947402499998,297.6154198749999
2584,108,250.84621702500004,303.9892316250001
2585,108,240.98985507500015,264.62899909999993
2586,108,222.41901420000016,278.21976825
2587,108,198.24694890000006,254.62404539999994
2588,108,293.02503297500016,236.77433474999998
2589,108,267.6956296750002,240.15358857500013
2590,108,210.98689999999988,252.2331194249998
2591,108,208.82602960000008,245.76413864999995
2592,108,204.49846460000012,245.9672820749999
2593,109,189.7128207500001,142.19503342500002
2594,109,195.754105325,179.900510375
2595,109,188.26693137500018,202.47115419999994
2596,109,155.35780420000015,187.34799409999997
2597,109,160.81157935000007,181.77971717499992
2598,109,153.71909777500008,217.80097384999993
2599,109,197.69926240000015,203.2644536749999
2600,109,250.49863182500005,227.20375600000006
2601,109,227.542063225,192.49556869999992
2602,109,280.8905036250001,248.83679882499996
2603,109,269.4995012250002,265.0128989499999
2604,109,297.89028235000035,312.7521153749998
2605,109,286.9103687500001,360.99885702499995
2606,109,303.9602000499999,308.47467849999987
2607,109,262.9896547750002,347.1686799249998
2608,109,279.3672153750001,268.406658225
2609,109,292.0496129,257.44028440000005
2610,109,298.646682875,273.78416552500005
2611,109,282.0139422749998,289.832779375
2612,109,309.5069940250003,265.881877875
2613,109,284.237287325,276.3183502500001
2614,109,286.56909199999984,244.18810409999998
2615,109,212.3126129500003,204.01779927499996
2616,109,219.97343137499996,214.432767325
2617,110,131.6751742750001,209.22549224999997
2618,110,149.253480675,163.38720745000006
2619,110,151.14014815000013,156.98528102500006
2620,110,154.9383435000001,164.48827719999997
2621,110,163.475342125,179.78333707499993
2622,110,129.20735335000006,189.9302924499999
2623,110,155.44635312499997,183.6969999750001
2624,110,160.08830124999992,207.31898127499977
2625,110,180.14127387499997,289.7388115250001
2626,110,215.27977822499997,297.66259245000003
2627,110,235.92069897500028,251.17000872499995
2628,110,280.58463930000016,222.23074445000003
2629,110,249.015384575,262.63096945
2630,110,257.3502314500001,237.02938802499995
2631,110,273.01931034999984,294.8162514999999
2632,110,256.28752057500026,239.83611402499986
2633,110,336.3601399500002,279.5967874500001
2634,110,303.6441034999999,331.6534986500001
2635,110,296.2521984000002,277.58530707499995
2636,110,264.95046782500026,258.599386375
2637,110,289.88323905,243.05573364999992
2638,110,253.0028144000002,298.9758781500001
2639,110,267.4156596000001,321.30679539999994
2640,110,243.10206590000018,275.84167802499996
2641,111,165.81102357500023,167.39508354999998
2642,111,167.6204204000001,187.22703179999993
2643,111,162.30228539999996,172.64828115
2644,111,185.69044914999995,156.24672392499997
2645,111,152.10813977500015,154.068760875
2646,111,170.5943702250001,165.63413049999994
2647,111,192.55293195000016,213.04627242499998
2648,111,185.57496325000017,220.79479499999994
2649,111,223.3332415999999,222.25965409999992
2650,111,203.58800280000014,260.61590867499996
2651,111,275.525130275,265.02978140000005
2652,111,273.33002935,290.62594320000017
2653,111,301.7248790500002,337.04692704999985
2654,111,290.11279967500013,310.95600407499984
2655,111,302.30286245000013,295.16168400000004
2656,111,299.5772935250002,297.1416351249999
2657,111,321.1120125750004,289.6197730000001
2658,111,343.19245685,284.92479339999994
2659,111,291.4691058250004,333.3164173
2660,111,211.34790932499993,297.4221407499999
2661,111,236.930150775,284.0394546250001
2662,111,232.90199135000006,250.2863293499998
2663,111,196.83897800000014,244.0745862249999
2664,111,195.9549600750001,222.5909698499999
2665,112,198.70905620000013,181.598797575
2666,112,179.92926562500014,158.977799275
2667,112,146.40471059999993,154.28251907499998
2668,112,150.85119717500004,151.51821619999987
2669,112,154.77770432500006,184.78213402499995
2670,112,157.57915130000004,170.00449177499985
2671,112,165.78687092500024,225.646905425
2672,112,187.51270277499992,207.04265952499998
2673,112,179.0086238250001,220.50379867499996
2674,112,149.72589525,338.08215784999993
2675,112,201.19148960000007,321.1726063000001
2676,112,272.1761996,339.56215049999986
2677,112,272.19781232500014,283.3453863999999
2678,112,250.8746034750004,284.09828330000005
2679,112,301.73001817500005,307.58255492499995
2680,112,318.47815647500016,285.543863225
2681,112,261.91603542500013,228.57377462499977
2682,112,245.02805717500007,288.969287975
2683,112,265.3201267750002,294.9448146999999
2684,112,292.33597557500013,279.5673912
2685,112,273.7008026,231.32977647500007
2686,112,246.64446162500013,225.62964882499995
2687,112,240.24533092500025,228.1477895499998
2688,112,229.53597997500037,281.85763284999996
2689,113,218.81549402500005,156.21806902500003
2690,113,190.24570817500006,161.26783577499995
2691,113,175.19233992500017,144.66251069999998
2692,113,187.49350542499997,142.4763168249999
2693,113,185.01208095000015,154.49088944999994
2694,113,217.18493467500005,233.83683664999998
2695,113,223.34692915000005,282.55035632499977
2696,113,236.9538189749999,268.8009524500002
2697,113,240.41828007500027,297.1077557249999
2698,113,233.96836527500005,325.8905055
2699,113,226.9839875,294.57309817499976
2700,113,250.84827342500006,297.9115348499996
2701,113,294.67294177500014,253.09292117499982
2702,113,276.63699235,307.70753655
2703,113,359.9291746500002,287.897458825
2704,113,361.7065681,253.28547384999985
2705,113,370.8340798750004,265.5485033249999
2706,113,377.64154255,211.41226742499998
2707,113,371.2758901,268.02719920000004
2708,113,326.9561400500004,251.82607232499987
2709,113,289.71076842500025,239.82953062499993
2710,113,275.233155525,269.069908925
2711,113,320.88009042499993,240.98987547499976
2712,113,246.6672303000001,219.43006854999993
2713,114,130.93055927500012,138.72936822499994
2714,114,117.46682472500004,128.74911152499988
2715,114,125.76542082500004,119.25163542499996
2716,114,133.23770072500008,134.31449667499996
2717,114,146.7886134750001,149.90087700000004
2718,114,179.01436397499998,179.03442532499997
2719,114,175.2390759999999,185.79375985000019
2720,114,212.54648640000025,197.6417318249999
2721,114,243.91552315000007,279.07767075000004
2722,114,317.28153855000016,285.7849993750001
2723,114,309.215727,334.4051478749999
2724,114,263.1768715750002,327.2658724749999
2725,114,289.11886360000017,346.7234410249999
2726,114,248.69856807500008,288.0476737
2727,114,262.87418155,255.10865547499986
2728,114,258.6297767750002,240.9066051499999
2729,114,262.8768362750001,212.1339071999998
2730,114,292.8700501000001,243.85347965000003
2731,114,258.8261030250002,256.5919392749999
2732,114,211.38591774999998,251.18014939999986
2733,114,246.3128448249999,239.57341352499986
2734,114,238.8717321000007,246.96635844999992
2735,114,253.76076725000027,227.57164922499993
2736,114,206.9165398500001,213.27625324999985
2737,115,151.4613957000001,167.22401255000003
2738,115,154.66608359999998,190.26641754999997
2739,115,164.67530064999997,172.52474449999994
2740,115,165.09601282500003,166.13552955
2741,115,160.31378202500002,159.27930515000003
2742,115,195.47686864999991,184.82620217499993
2743,115,217.74281477500026,197.469651475
2744,115,260.6110988999999,194.07330912499992
2745,115,253.60580955,232.2009523250001
2746,115,320.3601784,273.39638925
2747,115,328.299916575,295.48011975000003
2748,115,328.61472042499986,320.17852225
2749,115,358.7200533,316.9052499999999
2750,115,350.9951155500006,335.80438014999993
2751,115,291.891253775,302.8342390749998
2752,115,229.778113325,370.0877277249998
2753,115,293.72294205000003,340.453777275
2754,115,282.894976175,336.0288605499999
2755,115,276.6005097500003,262.5020410500001
2756,115,292.50748430000004,250.98664037500004
2757,115,257.98793969999997,248.85838665
2758,115,254.8072148750001,271.8587905999999
2759,115,266.02925925000005,204.48066152499996
2760,115,239.77878592500002,217.69937477500002
2761,116,184.86149940000013,167.77370762499993
2762,116,155.23805330000008,158.28172682499994
2763,116,174.0657772250001,162.66539862499997
2764,116,170.18838172500023,161.89380307499985
2765,116,154.7475002750001,170.96050867499997
2766,116,202.55611157499993,197.70717539999987
2767,116,218.06067912500015,214.2249990499999
2768,116,264.028164725,223.55810839999992
2769,116,291.2938906000001,272.3109374249999
2770,116,259.1904805250001,267.81900587499996
2771,116,351.0559683249999,290.2410887
2772,116,316.72582394999984,252.85611974999995
2773,116,263.36779542500005,309.27626554999983
2774,116,291.4582911000002,222.4863356749999
2775,116,258.55437190000015,234.60003665
2776,116,249.83062202499997,250.43977109999983
2777,116,278.7206177250002,230.97167587500007
2778,116,234.01061310000006,252.6857756249999
2779,116,248.7107951000001,259.76460619999983
2780,116,236.02338929999985,218.65705407500002
2781,116,262.96815200000015,216.92384402499994
2782,116,268.15078327500044,209.2448293750001
2783,116,244.67710840000007,171.54504622500002
2784,116,231.894794625,186.51193880000008
2785,117,150.13291455,150.41852765000007
2786,117,192.43953987500015,147.1517525000001
2787,117,188.62113585000014,173.21634559999984
2788,117,164.47997852500006,147.54295925000002
2789,117,147.11884832499996,212.74841814999988
2790,117,181.59200805000012,191.7176904749998
2791,117,161.65021535000002,201.72104229999988
2792,117,215.31262192499997,264.75267644999985
2793,117,194.81302592500012,267.94160872499987
2794,117,235.0940225500001,260.1106346250001
2795,117,235.67399782500001,289.3899491249999
2796,117,293.22132982499994,230.43852999999996
2797,117,281.32285690000015,198.03432034999983
2798,117,295.5019208750003,244.84318725000003
2799,117,251.32772495000015,263.3448053000001
2800,117,236.83513070000012,256.20389455000003
2801,117,222.28001307500006,279.80940924999993
2802,117,245.28902497500025,239.48215575000012
2803,117,251.16744470000017,245.9172495249999
2804,117,249.81332712499997,231.58344095
2805,117,280.10391177500003,239.10797622499996
2806,117,220.00389487500007,272.08047489999996
2807,117,240.2315888250003,220.26054815000003
2808,117,224.36020750000029,186.19219274999998
2809,118,138.53302977500005,160.33925062499998
2810,118,162.53163417500014,167.06870040000007
2811,118,165.28683530000006,160.10710512499992
2812,118,150.1093168,162.71936707499998
2813,118,137.55619597499998,172.07981445
2814,118,164.79073880000004,155.85996577500003
2815,118,206.65784142499984,174.46553457500005
2816,118,180.15572522499997,189.88232100000005
2817,118,170.48154017500013,229.7538990999999
2818,118,233.3183187500001,225.52540622499998
2819,118,257.7256082750003,238.0232284249999
2820,118,242.6797156749998,291.77748259999987
2821,118,254.62357935000006,293.63096355
2822,118,214.59652072499986,276.3562542499999
2823,118,264.0345666500003,314.48059794999983
2824,118,233.52796880000005,231.60480397499992
2825,118,213.7013771000001,242.11012942500017
2826,118,202.24826937500023,248.54465727499974
2827,118,257.74877612500046,232.58415824999986
2828,118,260.5896958999999,206.4272820999998
2829,118,314.9561496000001,228.24264627499997
2830,118,293.7154452,191.20153449999995
2831,118,259.68848367499993,183.262163725
2832,118,227.46849725,206.865697925
2833,119,178.67496110000002,154.81946679999993
2834,119,135.65008815000004,171.36490270000007
2835,119,147.00161830000013,172.964383275
2836,119,154.99992389999997,144.94391602500002
2837,119,166.58034125000023,153.36444385
2838,119,146.39808892500008,164.26364189999993
2839,119,187.38237765000014,198.2022782499999
2840,119,225.85618299999996,188.92179317500006
2841,119,207.061892975,197.91218655
2842,119,239.80367440000003,231.11747569999983
2843,119,269.90172442500017,251.36564899999985
2844,119,258.3419642250002,253.603880575
2845,119,229.65430857500004,228.12502814999976
2846,119,308.330228075,282.25024690000004
2847,119,230.60867392500018,252.4518334249999
2848,119,230.84628782500016,245.14096744999992
2849,119,285.23818215000017,240.3052173499998
2850,119,267.16256427500014,243.10059179999973
2851,119,258.3140726000005,234.41724179999989
2852,119,231.06538810000038,251.17421622500012
2853,119,252.1134817250001,199.94463635000008
2854,119,232.30059112500038,191.9276832249999
2855,119,198.11905160000012,213.0987689
2856,119,179.92744392499998,188.44554915000003
2857,120,162.49697192500008,197.0751454
2858,120,145.46084245000003,171.74879457499998
2859,120,161.51192587500012,155.2612858249999
2860,120,133.74067089999994,171.6744445
2861,120,126.86014275000002,179.02269312500005
2862,120,163.62952230000025,180.16134052499999
2863,120,173.28130687499993,159.1154150000001
2864,120,245.06912995000016,221.47256879999998
2865,120,277.8877948750002,208.10669527499982
2866,120,281.7481969500001,220.043088025
2867,120,309.1706439000002,243.54572489999987
2868,120,277.1270369,258.23394114999985
2869,120,253.62482967499997,311.2143134000001
2870,120,322.2453252000003,289.92121122499975
2871,120,319.6042760750004,282.8302014749999
2872,120,370.1195107750002,297.453207675
2873,120,345.97706000000017,278.4793399249999
2874,120,306.0239172500003,235.3524097749999
2875,120,269.01874167500006,245.6490043249999
2876,120,270.27160602500015,299.59048112499977
2877,120,266.70708472500013,246.50771959999997
2878,120,250.66915790000024,271.9540909999999
2879,120,234.15330345000018,242.1542727999999
2880,120,226.04486912500005,234.71551914999998
2881,121,205.96559007500048,192.68787749999998
2882,121,207.85418832500017,174.09953995
2883,121,216.57557035000008,197.5923227
2884,121,194.8379506500001,176.91319615
2885,121,199.06288377500022,193.03342182499992
2886,121,188.7024526250001,200.12764374999995
2887,121,234.6979787000003,205.89041494999975
2888,121,251.44051187500023,211.36235749999992
2889,121,297.242026825,255.1267558250001
2890,121,289.54039625000013,272.02824574999977
2891,121,313.571069825,285.62763799999993
2892,121,325.87726347500086,268.16786834999994
2893,121,294.5344329250003,316.4741566500001
2894,121,283.6743002500001,325.7293759749999
2895,121,315.02368460000025,338.18618757499985
2896,121,322.3612255750003,340.92057835
2897,121,285.8385548500001,281.2296070499998
2898,121,285.59323430000006,242.1314531
2899,121,275.7567779000003,222.9336367499999
2900,121,216.71586462500022,256.24731010000005
2901,121,253.25512012500002,272.9568918000001
2902,121,198.21155787500035,267.57486239999986
2903,121,245.32811630000037,246.24586139999997
2904,121,199.51487137500004,260.26938305
2905,122,188.49953542500003,200.941142275
2906,122,151.25508852500013,208.87432657499994
2907,122,174.42940325000023,184.52263895000007
2908,122,208.21847367500007,191.88889095000002
2909,122,173.9053803750001,172.83556994999998
2910,122,162.53104357500024,192.39621342499998
2911,122,193.69610835000015,200.41267360000006
2912,122,231.95323927500007,205.7589521749998
2913,122,233.2104123500001,259.5197654749999
2914,122,226.76431062500012,249.14011010000002
2915,122,341.0524767250003,271.035348675
2916,122,345.5709469750001,254.98092909999983
2917,122,301.9656132500001,356.7763587750001
2918,122,213.23329790000008,352.48802087499973
2919,122,258.16914165000003,316.4111347249999
2920,122,219.8979422750001,240.29651807499982
2921,122,235.57878135000044,283.8507668249999
2922,122,201.35959997500004,265.85603249999997
2923,122,214.07907655000022,254.5700054
2924,122,279.4447272000001,252.20376509999986
2925,122,304.5432986000004,272.8945184249999
2926,122,330.55140709999984,292.53502240000006
2927,122,315.4363901250001,262.08185827500006
2928,122,250.3462886750001,240.31459139999998
2929,123,184.62092435000042,156.16105354999996
2930,123,198.9146739250001,156.610518425
2931,123,169.72077210000018,145.52638252500003
2932,123,170.02965370000007,116.95612015000003
2933,123,180.01908042500014,140.72351889999996
2934,123,167.7727910000001,187.78715605000002
2935,123,193.77453060000022,211.8945378499998
2936,123,188.39456667500025,230.43900132499994
2937,123,243.81924870000034,246.11801054999987
2938,123,261.2531344000002,220.28112285000014
2939,123,326.12107270000035,251.85083349999996
2940,123,355.84506957500025,244.57777035000004
2941,123,290.0330719250004,325.9922047499999
2942,123,260.5877821250001,267.31338889999995
2943,123,234.47048365000006,264.01939427499985
2944,123,260.98577115,271.80003174999985
2945,123,219.9970029,276.0088982
2946,123,254.35711317500028,287.7340481
2947,123,234.2595460750005,253.1137954499997
2948,123,240.0630337250003,277.9174614499999
2949,123,215.60793695000024,214.32344269999993
2950,123,218.16751315,218.94110197499987
2951,123,256.73738622500014,237.06080579999988
2952,123,220.44307330000026,209.93810015000005
2953,124,130.85845517500013,229.82137385
2954,124,133.31312344999998,196.02056207500004
2955,124,165.57703442500022,147.13027239999997
2956,124,177.05773257500007,167.36329847500002
2957,124,212.9281407000002,179.72872115
2958,124,188.74107490000011,188.99341257500006
2959,124,191.84799569999998,211.9278928999999
2960,124,276.5671731500002,206.67399817499992
2961,124,230.83548522500013,257.32687917500004
2962,124,259.89406667500003,298.0609955999997
2963,124,276.54944250000005,339.05262799999986
2964,124,326.125412125,322.9423090999999
2965,124,332.9865666750002,344.985750275
2966,124,276.3738134500005,366.9866818500002
2967,124,297.35632132500024,307.79584862499996
2968,124,269.6853831250002,311.8497662250001
2969,124,234.84830355000003,255.84765392499992
2970,124,245.71416047500014,291.4590428999999
2971,124,281.12446565,258.6615575750001
2972,124,261.38810702500007,245.47706919999996
2973,124,240.8249716000003,228.60461527500013
2974,124,245.88345510000022,188.99185425000002
2975,124,200.69623875000042,200.45409244999993
2976,124,214.63033032500022,231.64075172499992
2977,125,163.2399186,137.61994037499994
2978,125,144.51874230000013,159.2381571749999
2979,125,163.49210032500008,177.92667897499996
2980,125,175.053983775,161.13038165000003
2981,125,205.71364237500012,182.81335287499996
2982,125,172.98855382500003,192.8994984499999
2983,125,161.50277132500003,181.69130407500006
2984,125,190.05282482500013,190.50333232499992
2985,125,214.6788810750001,201.64334900000006
2986,125,248.84244670000015,238.645021925
2987,125,264.65857680000016,240.4496351500002
2988,125,271.5693753750003,248.26897677499994
2989,125,278.71875590000013,247.722242975
2990,125,251.99355504999997,254.49257507499996
2991,125,316.97052962500027,299.34917512500004
2992,125,255.45246935000029,362.7466515499999
2993,125,264.8236099500001,287.628286675
2994,125,259.09088707500007,279.64343410000004
2995,125,224.36580787499986,254.73496582500013
2996,125,225.06007160000013,256.9473900500001
2997,125,204.03661412500003,238.41349607500013
2998,125,213.6699450500002,204.74748290000002
2999,125,223.10551482500006,195.40009577499995
3000,125,190.478889225,166.644615925
3001,126,144.80246885000014,152.10655955000004
3002,126,150.5053671000001,178.31985869999994
3003,126,177.82104675000008,125.32267549999996
3004,126,162.30686740000016,141.310975925
3005,126,176.48791895000016,159.47616924999988
3006,126,198.86857877500003,174.88139239999995
3007,126,225.24060787500005,159.55942435
3008,126,199.14013600000004,171.19046295000004
3009,126,275.96311215000014,190.36007195000002
3010,126,205.8283950500001,199.45696945000003
3011,126,284.4644266000004,210.42811739999996
3012,126,229.81333387500015,230.66952239999995
3013,126,195.32358277499998,263.3410623
3014,126,181.05472505,223.03024869999985
3015,126,156.14644912499995,209.7207284249999
3016,126,206.26437610000016,201.79220002500003
3017,126,210.16396487500003,228.3707256249998
3018,126,281.6604189500001,210.91211677500002
3019,126,283.50657825000025,222.48807497499996
3020,126,277.854461925,217.03615834999997
3021,126,232.70062535000022,222.1443448500001
3022,126,227.88180832500007,225.08106259999988
3023,126,200.03391277500015,203.31021679999998
3024,126,184.99548225000024,181.07178779999992
3025,127,120.72977942499992,125.72569005000003
3026,127,148.72376625000018,133.39427087499996
3027,127,151.79059777500004,137.1761778500001
3028,127,148.41093705000006,154.3671445249999
3029,127,163.63126297500008,180.7027346
3030,127,173.39855344999998,174.76298332500002
3031,127,197.13207062499993,183.64933297500008
3032,127,230.82607410000003,173.25157732499986
3033,127,223.57969292500007,218.30982867499998
3034,127,252.97802287500008,237.51041535000013
3035,127,307.51720364999983,253.59768819999994
3036,127,306.8707720250003,315.236991475
3037,127,331.6483874000002,322.8371916
3038,127,293.9944036,241.14303405000007
3039,127,300.20598512500015,296.3311475999998
3040,127,307.3833898750001,316.523723425
3041,127,282.6167050999998,291.1966787
3042,127,300.14313692500014,275.0456436249998
3043,127,313.72412080000004,343.35253584999987
3044,127,357.54763649999984,324.54677242499974
3045,127,353.26898350000045,298.62026319999984
3046,127,291.87138537500016,209.99428724999999
3047,127,347.75667702500016,230.13799612499992
3048,127,305.1056786500002,237.2508909749999
3049,128,172.2038816,181.41027927499988
3050,128,161.87805234999996,161.6604802249999
3051,128,178.8118566500001,143.4393248
3052,128,182.15118682500008,175.87132602499997
3053,128,185.52989352500003,188.00646457499994
3054,128,154.0294466749999,194.33327312499992
3055,128,157.94448370000003,220.7854931999999
3056,128,198.6145096000003,192.01095152500017
3057,128,234.14826935000002,251.59186107499997
3058,128,212.9507871500002,324.8846652999998
3059,128,229.30975050000038,394.2695669
3060,128,245.62802032500014,380.9214963249997
3061,128,269.70244080000026,423.5357870749999
3062,128,294.26233927499993,329.02251887499995
3063,128,292.44318279999993,312.3089976000001
3064,128,311.00010530000014,390.99365337499995
3065,128,283.3976435250001,358.8135091749998
3066,128,273.80321115000015,292.7443509750001
3067,128,362.581709875,282.5566981249998
3068,128,333.69848437500036,293.62579652499994
3069,128,340.5276590749999,303.66290787499975
3070,128,334.8859558500002,317.8582877000001
3071,128,280.8936322,235.03068257499996
3072,128,252.7168074000001,245.14812889999993
3073,129,200.71442412499997,204.95109105
3074,129,196.29616587499993,164.06971507499998
3075,129,189.50298042500006,171.73052162499994
3076,129,184.7611977750002,169.848123175
3077,129,194.25209940000013,147.72220104999985
3078,129,191.4492632,155.45097739999989
3079,129,218.4017432999999,156.60376344999972
3080,129,193.55056447500021,174.37998259999983
3081,129,195.91516259999992,245.09910109999979
3082,129,209.12220077499995,265.67350430000005
3083,129,296.93508234999996,316.31600115000003
3084,129,304.7122153999998,342.559418225
3085,129,348.6836757750003,350.29750022499985
3086,129,305.5204222250003,361.25437835000014
3087,129,305.0957883000002,384.7307338999998
3088,129,285.420939825,350.65665639999986
3089,129,341.3355493250001,253.47163952499977
3090,129,380.3344478000005,307.17336082499986
3091,129,318.1789663250004,273.5157411250001
3092,129,295.2928340250002,328.3997003749996
3093,129,314.735305425,314.34963252499983
3094,129,347.8553943499999,334.24427479999997
3095,129,304.05249045000005,304.48436304999996
3096,129,295.31695927500004,270.0542316
3097,130,187.03527029999995,193.96603182500007
3098,130,170.11358530000018,170.19148909999993
3099,130,185.3244448250002,171.620955675
3100,130,179.87512237500013,146.37725144999996
3101,130,168.24554185000014,168.00430132499997
3102,130,224.38134367500004,225.1312609249999
3103,130,161.16829650000022,203.97868714999998
3104,130,241.99752004999996,205.36051482499988
3105,130,228.56960982500004,252.85315382499988
3106,130,265.34277907500007,275.86417939999984
3107,130,341.2674439000009,282.00111392500014
3108,130,364.2370999750001,304.20083840000007
3109,130,265.1819983249999,282.17752542499977
3110,130,281.23999497500006,294.7124993749998
3111,130,277.55904110000006,283.481381975
3112,130,326.5929073250002,268.284662325
3113,130,334.18425930000024,331.8214008
3114,130,340.8526198500002,335.756665075
3115,130,290.5517364250002,328.2708540250001
3116,130,337.443760775,293.64723972499996
3117,130,284.17081180000014,295.3317561500001
3118,130,277.84074497500035,302.67019412499997
3119,130,248.96012337500014,251.22566697499985
3120,130,252.11293137500007,231.16428380000002
3121,131,203.0439247500001,161.08727022499994
3122,131,198.53812835000008,151.85657679999997
3123,131,165.9838142750001,160.94207125000003
3124,131,168.3173952750002,152.59447509999993
3125,131,186.74432582500026,177.16359334999999
3126,131,219.4205566500002,220.96731872499993
3127,131,229.05524870000033,210.81335427500014
3128,131,173.50277385000007,223.4261339749997
3129,131,256.3624334250003,294.36339612499995
3130,131,256.7640284250001,227.47196575000004
3131,131,311.85251215,216.41038995000002
3132,131,389.2049046250004,258.8975409750001
3133,131,370.09190002500003,291.599125825
3134,131,368.241126025,237.83786867499998
3135,131,308.32942627499983,243.08427317499985
3136,131,340.78415042500035,254.84853500000006
3137,131,271.9207497750005,288.7091419000001
3138,131,338.38465325000016,304.35706574999983
3139,131,278.4856277750001,269.3324064250001
3140,131,267.61472767500004,261.27454909999994
3141,131,310.84425737500027,239.86483784999996
3142,131,253.19689635000003,233.53360632499985
3143,131,254.2683697500002,218.36446269999988
3144,131,276.2321373000001,228.24489489999996
3145,132,172.20679472500015,187.27961234999995
3146,132,173.10400152500003,190.29708359999995
3147,132,197.78994665000005,180.84167912499996
3148,132,227.5933105250002,197.25596824999997
3149,132,199.01454622500006,153.65757395000003
3150,132,212.80039220000003,141.0766547249999
3151,132,181.0203912,129.12496617500005
3152,132,227.39583995000015,169.69180724999995
3153,132,230.53102075000015,191.11862824999997
3154,132,229.77695914999998,230.48391942500007
3155,132,265.04332857500015,266.84327229999985
3156,132,248.52321305000004,268.346229475
3157,132,311.1165219000004,272.13387637499994
3158,132,326.6945575500003,309.08878617499994
3159,132,264.0568724750001,338.4364514249999
3160,132,255.45107182500007,339.2875769000001
3161,132,279.43198182500055,272.17328355000006
3162,132,269.36013554999994,283.54663125
3163,132,298.4291762750003,302.1641701
3164,132,278.60379020000005,327.7661528
3165,132,265.0517329250002,272.0048325249999
3166,132,238.4972809000004,308.5523488999999
3167,132,211.10254227500008,260.16021252499996
3168,132,193.29729612500006,222.8732547499999
3169,133,179.28911965000003,160.49327400000007
3170,133,173.98992464999998,151.3420079499999
3171,133,191.39569675000018,154.38492232500008
3172,133,187.30662300000006,158.3563797
3173,133,176.50393342500013,168.18832432499994
3174,133,198.0040510500001,176.07366485
3175,133,195.53201374999995,189.2625842
3176,133,222.21943082500013,205.54895000000005
3177,133,217.1578904000001,205.24389357500013
3178,133,277.0135974,269.4378399499999
3179,133,212.54084602499992,244.51782455000006
3180,133,284.8468550000001,226.2715519749999
3181,133,251.04734140000014,176.40943269999994
3182,133,263.4694621000001,192.19395879999996
3183,133,239.81856012500026,214.73684512500003
3184,133,245.441498725,251.61624307500009
3185,133,268.01943382500025,225.21990085
3186,133,309.1202645000001,203.93165752499993
3187,133,300.2043480000004,224.73640467499996
3188,133,299.0634436249999,247.15678242499973
3189,133,351.4459153750006,267.8499177000001
3190,133,333.18551192500047,226.7617414
3191,133,313.7748229000001,223.29207242499996
3192,133,260.78952665000014,213.687238975
3193,134,150.89164810000003,152.26482409999983
3194,134,150.63563695000002,179.38097157500002
3195,134,165.23838985,156.43823289999995
3196,134,150.82846755000014,136.85669285000003
3197,134,170.94157032499993,137.9620592500001
3198,134,147.77903400000008,154.58950522500004
3199,134,186.62438682499993,170.67333850000006
3200,134,242.35636365000005,212.80903159999988
3201,134,232.62732079999998,276.31005339999973
3202,134,261.25613722500026,301.31217367500005
3203,134,245.50245559999996,275.6966798249999
3204,134,285.5097588000001,283.39635112500014
3205,134,327.55868425000017,276.88514470000007
3206,134,384.4405846000003,380.5166889249999
3207,134,377.38783487500007,320.0880666749998
3208,134,366.1353964750003,300.9999720499999
3209,134,322.3830522000005,292.538942425
3210,134,305.9693549750001,339.9587257999999
3211,134,287.90019267499997,354.2532772749999
3212,134,265.3664172000001,410.30984387499984
3213,134,284.12149494999994,324.22535559999983
3214,134,248.54408490000003,279.3226683749999
3215,134,243.78994012500016,286.644254775
3216,134,193.15390717500006,224.56145669999998
3217,135,176.81199870000003,177.01894589999992
3218,135,166.3505399500002,176.57991862500006
3219,135,171.21440645000004,164.1884427
3220,135,211.95733532500012,189.9543892499999
3221,135,173.15249250000005,188.24228584999994
3222,135,186.66632805000006,177.4672990999999
3223,135,201.22049542500014,197.10021457499988
3224,135,205.447328375,263.75869505000003
3225,135,265.81967790000016,286.022476125
3226,135,243.39965490000012,252.93644067500009
3227,135,328.72507422500007,281.7395847749998
3228,135,258.52134702499995,286.01814897500014
3229,135,269.2807189250003,265.0409247
3230,135,262.3710510250001,265.25139169999983
3231,135,334.37279260000014,312.7980118499998
3232,135,377.8895939500003,332.9322945499998
3233,135,358.2855462500002,350.43496819999984
3234,135,311.8434142,337.980406025
3235,135,319.182434775,295.23747724999976
3236,135,300.6068549000001,255.82979947499985
3237,135,282.33438497500015,284.86428824999996
3238,135,275.86514260000035,283.48001972499964
3239,135,249.7374473000001,236.02288334999992
3240,135,233.2256478749998,222.83410175
3241,136,132.67029565000013,214.39637679999998
3242,136,165.39853462500008,240.2387213
3243,136,162.84683457500014,168.67688987499997
3244,136,186.610022775,197.73346557499997
3245,136,182.70248455000018,173.43777189999992
3246,136,189.77605989999986,183.79308615
3247,136,229.5835400500003,205.15086774999986
3248,136,268.99663465000015,211.41826467499982
3249,136,281.91756322500004,244.27073432499998
3250,136,359.23283307500014,268.59557559999996
3251,136,350.1864969250005,320.599443175
3252,136,286.9862595750001,301.7148621749998
3253,136,333.86786302500013,319.5326182250001
3254,136,309.91915815000004,299.55365069999993
3255,136,282.149161275,257.81381897499995
3256,136,287.55532807499986,360.3339654749999
3257,136,330.7838002,270.6055486999997
3258,136,318.2016239000002,284.46536527499984
3259,136,251.51315942500023,254.67582005000014
3260,136,379.64424617500003,285.17080677499985
3261,136,337.7421105250002,322.49038110000004
3262,136,311.62819187499997,309.281203475
3263,136,292.23740930000014,315.3929134499999
3264,136,278.146161475,284.5347433999999
3265,137,176.25642450000007,222.57398245000005
3266,137,192.57798782500032,219.19242007499997
3267,137,159.64579267500005,164.79098732499992
3268,137,151.87748775,172.2261987
3269,137,138.46899437500002,176.89685549999996
3270,137,163.38323985000034,176.740179575
3271,137,167.80038467500012,190.1199254749999
3272,137,199.85011560000027,251.8989776
3273,137,210.67971615000022,252.75277397500003
3274,137,268.83126527499996,229.37726942499995
3275,137,358.62126754999986,298.14173867499994
3276,137,322.25244192499997,297.8955503999997
3277,137,334.1739793250001,308.0052624499998
3278,137,388.1708059000001,346.9475562
3279,137,340.37005742500025,336.3778822749998
3280,137,263.4374305750002,348.05966874999996
3281,137,267.1233125000002,323.5413636499999
3282,137,257.57398885000015,279.73410227500005
3283,137,260.35728597499997,290.8501106999999
3284,137,217.61412962500015,309.75665204999984
3285,137,316.127255925,304.64239465
3286,137,235.5532209250003,295.768723175
3287,137,249.956847,282.640371325
3288,137,301.1349077250004,264.92608244999997
3289,138,181.74708759999982,168.13716222499994
3290,138,231.12593635000042,197.41410682499998
3291,138,203.1356162500001,194.41992942499988
3292,138,184.01223032499996,180.32806137499998
3293,138,155.88228765000014,193.53211982500005
3294,138,188.26619657500012,219.3419802
3295,138,183.87751845000025,224.4865549499999
3296,138,223.30107560000027,258.0148085999998
3297,138,302.090238925,244.63538807500004
3298,138,309.686609475,252.52899755000004
3299,138,292.4411418250003,247.48696234999989
3300,138,293.55461950000006,263.9438935500001
3301,138,265.0104213500001,319.5250204749999
3302,138,302.17281127499996,325.0541402249998
3303,138,346.7757316999998,268.3568594250001
3304,138,306.98677115000004,265.725047125
3305,138,355.7379369000001,295.32103622499994
3306,138,345.01467952499996,317.68167295000006
3307,138,319.8861512,253.08739944999996
3308,138,330.9516657000005,259.82420804999987
3309,138,247.45018372500027,240.71725749999968
3310,138,213.2811981999999,250.71060339999997
3311,138,256.5985205500002,205.61281394999983
3312,138,247.99429205000007,211.93067177499995
3313,139,184.78282370000016,166.72603605
3314,139,176.6456805,184.31249260000004
3315,139,170.04933265000003,182.21567199999998
3316,139,136.248569325,168.15107047499993
3317,139,186.04088590000018,172.98494967499994
3318,139,182.0211811500002,180.8291827
3319,139,188.61496875000006,181.700472375
3320,139,198.6572192,161.45571574999988
3321,139,229.68434805000015,203.7242542500001
3322,139,240.12365022500012,283.70680535
3323,139,286.99918642499995,270.29434327499996
3324,139,260.82185282500006,284.047646975
3325,139,251.63627832500032,243.2971997749999
3326,139,246.04042732500034,222.62334865000008
3327,139,298.68854340000007,309.89639445
3328,139,262.54370765000016,256.93536742499987
3329,139,261.85012605000065,319.0259924249999
3330,139,297.0742780500001,333.97974019999975
3331,139,243.76616495000013,319.46956309999996
3332,139,296.02708010000026,316.4807676500001
3333,139,214.75114175,309.00131799999986
3334,139,242.33038470000008,221.451394
3335,139,199.717407875,279.8190166249998
3336,139,184.4214280000002,294.33980347499994
3337,140,164.97903695000014,161.0751804499999
3338,140,160.03481377500006,157.09708747500002
3339,140,157.2669769500001,169.62311395
3340,140,143.56489387499994,160.55030042499993
3341,140,179.61573520000002,147.37528765000008
3342,140,179.20716807499997,163.28077205000002
3343,140,145.80909094999996,180.48132537499993
3344,140,194.9662004000001,163.36421822500012
3345,140,226.00531555000015,219.40942209999997
3346,140,252.67655524999998,244.8443896999998
3347,140,262.29415620000026,382.60559817500007
3348,140,266.3332572000003,332.5733422249999
3349,140,280.5406510750003,301.22671019999996
3350,140,272.57950622500016,267.7369230749998
3351,140,324.34139937500004,263.567118325
3352,140,304.4877036000002,254.10121687500003
3353,140,293.2799453250001,206.49478289999993
3354,140,283.6381387250002,313.16090110000005
3355,140,259.98866445000067,248.89261594999988
3356,140,293.46133082500023,227.3832306249999
3357,140,289.18408415000033,214.48571329999996
3358,140,296.6597678000004,213.18496119999998
3359,140,211.0106845250001,199.33956802500006
3360,140,235.1940184250003,173.26859934999993
3361,141,166.66240007500002,138.66522324999994
3362,141,163.90541057499996,155.23948872499994
3363,141,179.09528830000005,193.478006875
3364,141,175.77750977500006,167.89831569999993
3365,141,166.17118262500003,159.93047917500002
3366,141,185.08029650000014,182.03650970000004
3367,141,182.22104800000005,207.0991905499999
3368,141,190.15352395000002,230.2884151
3369,141,285.39408327500007,252.00742997500006
3370,141,270.0630969749999,272.528803725
3371,141,225.08899305000006,314.1213303499999
3372,141,259.0169198250003,293.631531825
3373,141,308.9722172500001,315.56835125
3374,141,308.6234993500002,407.69475169999976
3375,141,308.18793922500004,392.8729564749998
3376,141,312.7345132500001,354.6069207250001
3377,141,344.13577527500047,341.1469200499998
3378,141,355.49966160000025,387.01617939999994
3379,141,300.0817157500001,403.8748205749997
3380,141,338.4803337500002,331.24859204999984
3381,141,337.52138747500044,336.259496425
3382,141,339.2333510000001,340.5908750749998
3383,141,258.0448293250003,282.77969885000016
3384,141,266.3670709500002,261.32513107499994
3385,142,177.57439020000007,148.79719489999985
3386,142,171.48637120000006,178.20954089999995
3387,142,187.26395147500023,130.67957747499997
3388,142,201.45930782500002,126.71370590000006
3389,142,171.58295427500005,148.68887105000002
3390,142,190.5461640500002,176.27177497499997
3391,142,185.4350583000001,203.22701990000002
3392,142,209.49062212500004,214.44852357500005
3393,142,257.8098811250002,301.7106833999999
3394,142,201.77035987500014,317.67747662500005
3395,142,285.5518473000002,286.3868891249999
3396,142,238.03807930000022,317.87740132499994
3397,142,246.97708150000017,353.4565089999998
3398,142,279.1581969250001,338.506025475
3399,142,297.260110425,341.6388217499998
3400,142,427.2042664000004,406.22541580000006
3401,142,312.4146002750002,445.08407347499997
3402,142,362.393293425,385.0485663249999
3403,142,307.3288536000001,353.4481037999999
3404,142,274.5485044500001,311.44914957499975
3405,142,287.49045859999995,305.44879634999995
3406,142,305.7933809000002,268.8833358500001
3407,142,236.1303330500002,261.53655555000006
3408,142,226.76081717500003,262.4768485249999
3409,143,162.59063494999998,194.39152639999998
3410,143,191.41425454999995,210.44004207499995
3411,143,211.87481517500004,198.8423147499999
3412,143,180.02085962500016,170.69108242499988
3413,143,196.33005782500015,168.6260117
3414,143,232.21688660000015,203.67700039999994
3415,143,238.48916575000004,228.41619294999987
3416,143,252.42376587500036,244.66586539999992
3417,143,203.59801175,304.39183349999985
3418,143,294.64886615,276.4848028249999
3419,143,340.84546885,284.16227749999985
3420,143,336.597907425,304.12949514999997
3421,143,266.1822999000001,225.77602029999986
3422,143,280.06989810000016,223.23329840000002
3423,143,262.7371054749999,307.69208577499995
3424,143,315.53453147500016,340.45927860000006
3425,143,344.25566855,305.44513927500003
3426,143,298.9044329250002,285.78480732499986
3427,143,282.52310242500005,295.0279397249999
3428,143,328.35976332500024,329.5232494749997
3429,143,285.85361752500006,322.8984606749998
3430,143,288.04933444999995,288.67602420000014
3431,143,258.9577445749998,199.8479308499999
3432,143,231.5964779499999,211.29875632499989
3433,144,184.64320000000015,167.71266537499986
3434,144,193.36760585000002,177.90834092500006
3435,144,176.13415835000006,147.3347426249999
3436,144,184.1307045000001,183.30547399999995
3437,144,198.4344419000001,166.674229025
3438,144,249.05745390000027,241.10703814999994
3439,144,224.97038869999994,277.59112842499997
3440,144,246.22674232500006,264.33331290000007
3441,144,247.57697842500016,237.70178112500014
3442,144,276.06314645,268.6644131749999
3443,144,345.70620887500013,323.98052974999973
3444,144,359.7595994500007,324.6343841749999
3445,144,370.1127495000003,278.1541263250001
3446,144,408.40344654999996,269.87890397500007
3447,144,361.18209005000017,345.05420525
3448,144,320.3230821000002,345.98672409999983
3449,144,291.7591115250002,370.40103905
3450,144,264.866094875,397.4399974750001
3451,144,269.68965632500016,348.087222525
3452,144,245.68336192500004,372.510302875
3453,144,301.05221110000014,325.81672997500004
3454,144,264.11265182500006,270.1674901999998
3455,144,266.54413272500017,274.16509435
3456,144,234.4043813,234.65516487499983
3457,145,192.4566541500001,210.36869635
3458,145,141.78811467500003,187.23755814999998
3459,145,143.241812975,176.83191987500004
3460,145,198.3389482250001,185.41383114999985
3461,145,185.63130249999986,168.45036797500003
3462,145,208.3764380500004,166.9781259500001
3463,145,199.79140185000028,177.8709247500001
3464,145,238.10117907499992,261.0787544749997
3465,145,235.76063695000022,233.28409427499986
3466,145,267.38052585,301.5631867000001
3467,145,296.8282331250002,355.9588433249999
3468,145,350.343004625,289.53969537499995
3469,145,332.84732835000005,326.80086492500016
3470,145,313.10257087500025,340.2423270999997
3471,145,323.4865091000006,271.041998
3472,145,300.99375365000014,272.2122331749998
3473,145,289.09052487499997,217.9563593999999
3474,145,257.9170510000002,259.55689830000006
3475,145,281.01673855,257.98213979999986
3476,145,307.10130337500004,234.42796222499987
3477,145,337.6184948250002,218.64410697500006
3478,145,313.46049162500003,244.83273172499997
3479,145,281.7001838500003,208.12721825
3480,145,235.6568883000001,184.24923249999995
3481,146,141.5417064500001,149.15645015
3482,146,144.54749980000008,156.14835790000004
3483,146,124.2669095000002,129.026116225
3484,146,140.054925625,167.28516852499988
3485,146,174.77735922500005,175.46486445
3486,146,198.49738807500012,158.42622662499997
3487,146,204.34203772500015,193.51219517499993
3488,146,188.3819328250001,205.9818055499999
3489,146,219.95651080000007,239.87023714999987
3490,146,237.22917860000013,230.414104025
3491,146,234.09994840000013,235.38936487500007
3492,146,267.9621622,245.32217057499992
3493,146,271.9123188250003,231.40798
3494,146,270.7299881500001,220.68851907499982
3495,146,283.22562530000005,266.2217416249999
3496,146,214.92263355000023,251.28542412499993
3497,146,255.29541455000003,249.5272113500002
3498,146,244.7652246500001,216.9777978250001
3499,146,214.54921652500005,176.55978700000014
3500,146,212.1549377000002,209.9380072750001
3501,146,208.49409667500035,228.777635025
3502,146,222.9815546750002,219.23409309999994
3503,146,195.7194500500002,233.79705605
3504,146,201.82363439999997,207.92564102499995
3505,147,175.64014787500008,153.52360002499987
3506,147,197.60678530000007,129.13960359999996
3507,147,199.4904289000001,131.77224754999992
3508,147,161.42068685000004,127.91417204999999
3509,147,176.5328546500001,137.12853042499998
3510,147,205.27002667500014,126.76571867499993
3511,147,185.995545625,147.73764269999995
3512,147,159.01356267500012,135.83642204999995
3513,147,182.10208642500015,200.97572399999996
3514,147,234.12204805000027,222.0401986249998
3515,147,224.9701197000001,226.47634682499995
3516,147,209.07638995000002,246.25832574999993
3517,147,239.76806617500006,227.97383977500002
3518,147,231.77203945000008,259.38756187499985
3519,147,221.74809115000016,276.5615227999998
3520,147,213.81283105000006,269.1547698
3521,147,176.5589239250001,242.98701202499984
3522,147,216.39971935000008,269.8151658499998
3523,147,200.30197582500028,289.1941407749999
3524,147,201.46890197499997,237.74455912500008
3525,147,210.45300070000008,244.76572697499995
3526,147,219.48150295000016,241.95944772500002
3527,147,219.37414085000006,194.25973879999992
3528,147,185.64099582500015,212.96281947499995
3529,148,147.394544575,166.04925729999997
3530,148,151.2197507500001,191.7923354999999
3531,148,166.67047737500002,160.86651837499994
3532,148,150.2470443750002,173.634986575
3533,148,144.079647825,182.54097589999998
3534,148,187.13938415000007,165.55149467499996
3535,148,201.46400985000014,178.26767644999998
3536,148,208.28675085000032,225.06755217499995
3537,148,187.87677267500013,234.90096602500012
3538,148,216.46150252500013,240.21932219999982
3539,148,228.21881545000016,228.37304530000011
3540,148,246.68783677500005,244.30227467499998
3541,148,252.1399209000001,261.06885322499994
3542,148,273.3987072999999,255.71292172499977
3543,148,274.49515530000014,253.89781222500008
3544,148,348.5204857750001,278.9178573
3545,148,357.11833085000035,251.87102167500004
3546,148,275.0014168250001,275.76386617499986
3547,148,300.261044225,314.75415747499983
3548,148,259.9829490500002,258.3857263249999
3549,148,294.5158927,238.17708354999994
3550,148,336.34176865000006,245.23992737499964
3551,148,278.8061427500004,189.35442665
3552,148,226.309200775,209.6313723
3553,149,136.74351597499992,204.5923272
3554,149,124.05114157499995,170.704598575
3555,149,120.3492827,158.68406769999996
3556,149,129.50205017500008,171.0131052
3557,149,140.30283630000005,186.8117305
3558,149,169.7368483,178.25030480000004
3559,149,158.54099137500032,211.09717639999997
3560,149,225.6584275000001,248.46409375
3561,149,267.8164356750002,245.23430284999992
3562,149,283.14467357500007,259.2988867999998
3563,149,312.74916445000014,278.1512273499999
3564,149,337.83029247500014,223.04207277499984
3565,149,317.8385618000001,234.61912462500007
3566,149,292.95848322499995,302.5996532250001
3567,149,312.9075240500003,324.8889095749999
3568,149,314.8641419500002,340.7464815000001
3569,149,328.52373267500025,331.022824775
3570,149,302.65613622499995,317.6620608249998
3571,149,354.1012905000007,249.05718899999997
3572,149,303.7689002500001,248.41562004999986
3573,149,291.4355244750001,271.6672251999998
3574,149,299.73144205000074,257.31516582499984
3575,149,238.68551542499995,189.13382734999996
3576,149,214.75113587500022,166.03141087499995
3577,150,184.8723625500002,189.439655825
3578,150,154.37159042500008,181.70527729999998
3579,150,127.29188030000005,195.74552212499992
3580,150,184.23053917499996,188.45776397499992
3581,150,170.00949032500006,170.00554152499996
3582,150,161.3885403750001,204.66593254999987
3583,150,212.06582324999982,254.29270432500002
3584,150,193.94666632500008,280.28747847500006
3585,150,280.50814247500017,285.8938426999998
3586,150,316.72685927500066,343.3142552999998
3587,150,301.701922975,306.75846729999995
3588,150,266.9743970750001,309.6031048499999
3589,150,281.4004261250001,298.00800495000004
3590,150,322.3547071500001,320.2843691249998
3591,150,267.44817850000015,319.648155275
3592,150,302.25366167500056,308.00598337499963
3593,150,352.4026035500003,314.0662866
3594,150,348.332855525,345.488589475
3595,150,387.76308155000055,281.4715592499998
3596,150,340.27810844999993,310.49715042499975
3597,150,328.3969573250002,263.53020615
3598,150,323.65846610000006,242.04382732500002
3599,150,282.0666994500001,205.88206832499998
3600,150,276.99704232500005,231.83255049999983
3601,151,163.40553705000008,213.27769565000006
3602,151,195.49879225000012,216.883849225
3603,151,164.62088972499998,221.0745134500001
3604,151,149.84790332500012,185.11406757500004
3605,151,145.94030097499984,183.26484587500005
3606,151,200.09408030000003,217.67742747500012
3607,151,180.88788375000007,216.60367699999995
3608,151,203.5750379249999,212.6376068250001
3609,151,220.56204715000015,229.76532529999994
3610,151,298.71772795000004,204.35633102499997
3611,151,321.64492485000017,240.31346385
3612,151,327.6338173500002,301.8316670249999
3613,151,379.60307892500003,280.97299922499997
3614,151,352.5057314500002,254.18221217499996
3615,151,384.7003549750002,250.1426148000001
3616,151,368.9087637000001,279.6526684500002
3617,151,373.8305802000001,349.33923162500014
3618,151,343.03414920000034,340.091119075
3619,151,402.4122268000003,347.00584579999986
3620,151,413.7589431000001,419.6351091250001
3621,151,354.1302952750004,338.77620827499993
3622,151,273.3867917000001,336.60416829999997
3623,151,286.4655738000002,391.3578275
3624,151,258.94072474999996,302.8415279999999
3625,152,237.19302057500022,241.0698497749999
3626,152,198.33657137500006,207.52498664999996
3627,152,191.79248222500019,236.18789959999998
3628,152,185.3815197999999,220.23284912500003
3629,152,196.78939425000016,177.2532379999999
3630,152,224.46519707500028,214.7264768500001
3631,152,218.53087122500006,244.846880075
3632,152,227.7710949750001,250.9535787499999
3633,152,257.4139237500002,245.29084344999993
3634,152,259.6544779000001,363.88056307500005
3635,152,339.03975462499983,336.12152787499997
3636,152,334.13338827500013,338.88777167499995
3637,152,358.169403975,291.90943905
3638,152,291.82958040000005,390.0392956749999
3639,152,337.3699054500002,368.12240909999986
3640,152,347.18116135000037,330.35586594999984
3641,152,425.07719222499986,322.162615675
3642,152,375.25629762500057,355.2401764499998
3643,152,322.49515995000036,332.28158874999997
3644,152,299.5771575250001,380.94963944999995
3645,152,292.8859345500001,359.30192647499985
3646,152,299.90058335000003,362.88519067499976
3647,152,292.2206953000004,291.1455969749999
3648,152,240.01606667500027,274.602464575
3649,153,218.82448829999987,219.6992992
3650,153,201.72772987499997,212.78744142499994
3651,153,149.7391164500001,182.00919209999995
3652,153,185.22435815000006,158.11261592500006
3653,153,164.03800887499992,168.32701702499992
3654,153,184.9720498250001,181.16149292500006
3655,153,184.45999490000014,186.8524712499999
3656,153,185.2360004750003,193.2534505749999
3657,153,201.87584454999995,224.48620107499983
3658,153,318.102207625,251.38248592499997
3659,153,295.6815567250002,210.77763624999994
3660,153,350.8543626,291.14328202499996
3661,153,305.23327650000033,305.77587875000006
3662,153,323.1670981000002,337.5588048499998
3663,153,320.905253225,345.9348986000001
3664,153,324.8170533250003,329.6209609249999
3665,153,317.6718787000005,283.53990532499984
3666,153,352.26645347500005,294.38453137499994
3667,153,374.97980080000013,295.6541672999999
3668,153,355.2286029250006,242.36863972500004
3669,153,305.1633988749999,253.05399902499994
3670,153,241.7490953000003,303.8396579749999
3671,153,272.0613927500002,292.521148625
3672,153,273.0985184000001,277.64138962499993
3673,154,169.6560514499999,268.65043855
3674,154,235.1105267750002,298.96055974999996
3675,154,246.95476047500017,307.773709625
3676,154,240.33497742500018,252.12687339999994
3677,154,216.3304854,263.80700375
3678,154,186.00122835000002,236.3910022999999
3679,154,196.64724119999994,182.3275102
3680,154,203.06185775000012,224.97930997500004
3681,154,243.27641367500013,179.17641007499998
3682,154,303.9469970750001,271.86380927499994
3683,154,322.45774865000004,283.38891384999994
3684,154,313.27813897499993,324.901279725
3685,154,268.56465887499996,323.51275684999985
3686,154,281.65890807499994,328.3812497499998
3687,154,296.2740659750001,340.53449847500013
3688,154,276.5328391500001,403.00508497500005
3689,154,220.70716190000007,359.30347812499997
3690,154,266.7246334750001,279.4352817
3691,154,259.71655532500006,246.35317177499996
3692,154,261.4240523250004,245.96928552500015
3693,154,238.02089627500004,303.7756045999997
3694,154,251.45609810000008,296.6232922499999
3695,154,255.89799092500022,255.89302164999987
3696,154,197.80300385000015,233.26016015
3697,155,192.29437942500005,184.26459579999997
3698,155,205.7218195250001,185.93995807499994
3699,155,219.0577823499999,175.68646644999995
3700,155,254.94369655000023,135.6026554000001
3701,155,234.99760640000017,190.8657075499999
3702,155,215.68546715000008,186.64304929999997
3703,155,217.98023802500006,209.32515777499987
3704,155,205.90140102500004,236.423066425
3705,155,216.47975852500025,293.95539985
3706,155,216.90746047500045,338.2740017500001
3707,155,275.55957315000006,248.56167894999993
3708,155,302.70681015000025,274.87273907499986
3709,155,212.67609660000005,406.40614204999997
3710,155,282.4140149250001,333.68499522499974
3711,155,297.61054850000005,336.56117912499997
3712,155,321.238778,380.46426079999975
3713,155,245.4064829000002,326.868563725
3714,155,255.6600583,385.91397395000007
3715,155,240.3099300500001,296.8071032249999
3716,155,275.21963310000007,331.08141585
3717,155,249.88630887500017,339.46162910000015
3718,155,232.3030536500001,343.349109825
3719,155,227.80911109999988,287.909688125
3720,155,241.27016582500005,283.202162475
3721,156,194.57884955000014,208.23769972499994
3722,156,182.57330860000016,206.08106944999992
3723,156,156.37093879999995,180.5045149999999
3724,156,157.25949757499993,204.56265262499988
3725,156,168.63795165000002,212.80052444999995
3726,156,170.9974928500004,219.89453725000004
3727,156,208.6723137000003,187.76651805000006
3728,156,171.727033425,209.11643932500007
3729,156,244.33698217500012,287.7572230249999
3730,156,273.3099509250001,318.62568964999997
3731,156,255.32610162500004,293.923014375
3732,156,261.3158016250002,280.19852864999973
3733,156,237.26490552500007,307.36909502500004
3734,156,248.11831834999992,289.6449584749999
3735,156,276.8715684000003,233.20684127499987
3736,156,256.95137727500025,232.41489235000006
3737,156,282.03700632500005,224.75148085000006
3738,156,302.28378962499994,231.60501667499994
3739,156,299.1481413250005,296.5888074
3740,156,264.3022308250001,253.37113857499978
3741,156,250.0574043250001,222.18470007499982
3742,156,268.0407803750001,217.065879
3743,156,237.12529162500005,224.88148354999998
3744,156,205.2417493749999,220.94314847499993
3745,157,170.3618881,166.11157472499994
3746,157,171.83351790000003,162.23966725000002
3747,157,156.007126025,176.70713217500005
3748,157,169.14187607500006,181.91590932499997
3749,157,170.85471847500042,180.15751490000002
3750,157,201.5357580000001,182.20635027499995
3751,157,215.63139925000013,222.12700629999978
3752,157,203.597926675,220.43548502499988
3753,157,194.45384732499997,238.462885825
3754,157,226.039311575,276.09935985000004
3755,157,287.8531505500001,257.73730624999996
3756,157,290.9455481500005,311.50162262499987
3757,157,267.94857394999997,313.6011964749998
3758,157,266.665952025,324.4629599999999
3759,157,269.9973366500002,326.7842434749998
3760,157,303.20809265,290.20362292499993
3761,157,318.4970581750002,351.17678394999996
3762,157,290.9054137500003,235.73128439999982
3763,157,284.8509436,304.562593525
3764,157,268.23417644999995,297.86130542499995
3765,157,243.14005227500022,365.179995275
3766,157,236.03722070000015,336.6997590749999
3767,157,265.8825918999999,340.58382387499995
3768,157,211.69065572499994,242.8757003000001
3769,158,181.20195260000003,175.0350643249999
3770,158,191.07304019999984,170.38135175000002
3771,158,181.44130980000017,185.1351958249999
3772,158,179.57311577500013,188.65463734999997
3773,158,183.51558752500023,175.59271317499997
3774,158,179.4608508250002,160.5399515
3775,158,211.63723112500003,209.55479185000002
3776,158,221.42578660000007,221.11903750000016
3777,158,297.48171557499995,249.09065900000013
3778,158,277.72401330000025,214.225092075
3779,158,267.5737678000002,279.5086269499998
3780,158,306.2843713250001,320.92927692500007
3781,158,329.34691787500014,309.1777869499999
3782,158,322.5884857750003,313.09412287499987
3783,158,322.13358520000014,271.1230732749999
3784,158,334.59858480000014,318.39445197499987
3785,158,284.87070107500006,323.66362089999996
3786,158,270.9210043500002,260.1176862999999
3787,158,274.88371902499995,240.78735062499982
3788,158,313.37388814999997,352.80279517500014
3789,158,296.58617895,288.520954275
3790,158,304.96739175000005,210.22493322500003
3791,158,300.10821727500024,231.98404757500003
3792,158,284.9040430000004,242.91989762499998
3793,159,225.03229695000024,209.06379802499998
3794,159,201.202865475,190.852908425
3795,159,208.19703330000047,208.97686017499984
3796,159,173.87012307499998,182.73785387500004
3797,159,165.897233475,193.64540390000002
3798,159,175.00847812500007,192.85513352500004
3799,159,209.25622647500006,230.68312187499993
3800,159,210.23091672500027,321.73197194999995
3801,159,220.07401667500005,325.67512305000014
3802,159,256.3420377,347.81526514999996
3803,159,262.644577375,351.2510536499998
3804,159,334.3768138000001,347.95452517499984
3805,159,312.64863260000016,378.07740077499983
3806,159,335.6513987,325.0825578499997
3807,159,317.5090376500001,380.00818495
3808,159,330.8895583000001,359.7410585999998
3809,159,345.01874035000003,332.109162075
3810,159,305.7949461000001,307.112390775
3811,159,290.5019966000001,310.9559353249998
3812,159,268.53528797499996,315.65349669999995
3813,159,229.81861060000006,267.22481945000004
3814,159,265.81615672500004,296.9299777500001
3815,159,239.69229610000014,283.00096145
3816,159,222.16764919999997,265.8566490499999
3817,160,198.2687997000002,219.6576184
3818,160,210.8066952000001,268.30838047500004
3819,160,185.44628434999987,229.45579814999988
3820,160,184.2978115000002,174.26757454999998
3821,160,176.51010310000007,184.83859489999998
3822,160,171.14691572499999,205.33068849999995
3823,160,180.18474257499997,191.46998919999987
3824,160,191.507364025,225.42918949999995
3825,160,197.31429120000018,229.05103937500013
3826,160,268.98225085000024,212.7913188249999
3827,160,248.426615825,250.27669385
3828,160,313.9094589000001,279.79096329999993
3829,160,309.56041707500003,293.4248540499997
3830,160,334.01495325000013,318.01803799999993
3831,160,311.42274217500017,281.33285620000015
3832,160,326.6399552249999,211.9848313249999
3833,160,332.0196265000002,254.813126325
3834,160,274.1414184250001,227.55011167499987
3835,160,271.0121271500001,266.4287114249999
3836,160,254.89949450000012,267.1934353499998
3837,160,236.66786875000017,240.92927807499996
3838,160,237.71831182500028,271.29139612499984
3839,160,247.8189542,227.46091684999976
3840,160,282.484012775,254.103586725
3841,161,211.03447749999998,183.92579635000004
3842,161,206.34982675000003,233.81710837499986
3843,161,178.46212312500012,190.48071855000006
3844,161,192.89278140000013,219.58123892499992
3845,161,193.55726840000034,195.93301537499997
3846,161,183.04230815,189.07677577499993
3847,161,193.21676067499993,184.76173272500006
3848,161,266.1142835749998,184.34618367499985
3849,161,239.1979943250002,271.4437944
3850,161,270.32619922500027,235.94059239999996
3851,161,325.46701607500006,309.109276125
3852,161,290.7821849000002,303.91403052499993
3853,161,291.7902849250004,250.5015199750001
3854,161,282.870408375,246.25561022499997
3855,161,283.86433367499995,184.74191272500008
3856,161,269.51736040000026,215.34647154999988
3857,161,330.14899785,182.0070640500001
3858,161,303.4031214000002,270.55315027499995
3859,161,302.26258407500006,228.41480914999968
3860,161,288.5231585500003,258.851212725
3861,161,348.95149850000007,225.111809575
3862,161,268.5491925750001,251.24386209999994
3863,161,239.72849890000023,258.8702581
3864,161,235.72528415000014,241.7687257500001
3865,162,152.9022500750001,155.10531672499997
3866,162,132.7308744750001,161.17630122499997
3867,162,109.830046775,157.57532789999993
3868,162,150.54157005000016,194.773083525
3869,162,187.43700829999995,202.28135822499993
3870,162,164.79600222500025,191.40515642499997
3871,162,182.54554825000002,227.48247622500006
3872,162,213.6647074500001,212.59382622499984
3873,162,258.68802340000013,259.3790252999999
3874,162,264.69748182499984,245.5612851750001
3875,162,326.0650207000002,283.495254625
3876,162,255.27143407500012,250.36634450000014
3877,162,266.91211057500004,307.92854412499986
3878,162,314.6325511750001,366.9419330249999
3879,162,329.8512305500001,396.51016682500006
3880,162,261.90192147500017,374.50679042499996
3881,162,334.8084472750003,437.9448695499999
3882,162,317.67351750000046,399.6305310499997
3883,162,291.64412650000014,452.15885237499975
3884,162,258.9820964500002,393.64070195000005
3885,162,225.84162912500003,383.31493355
3886,162,264.7068868000002,344.2968911749999
3887,162,255.79193452500004,264.3432466250001
3888,162,208.46839567500012,242.82760980000003
3889,163,283.8857848750007,178.2044049
3890,163,238.5427911500003,197.13541892499998
3891,163,185.228282225,210.9061901249999
3892,163,226.93824620000012,177.26641842499998
3893,163,227.70267352500053,189.79582272499994
3894,163,240.00013222499996,213.57004834999998
3895,163,264.91929335000003,203.0512070499998
3896,163,244.59356232500008,210.60943397500017
3897,163,256.1780209250001,229.88881934999995
3898,163,319.7378421999999,308.7736951249999
3899,163,357.09011532500006,297.19311622500015
3900,163,371.2082286000002,307.31194597499996
3901,163,399.69807667500015,333.52893634999975
3902,163,469.50212210000007,326.49756252499986
3903,163,507.6594346000003,386.93117392500005
3904,163,476.1383931500003,391.5991098999999
3905,163,362.9385721499998,428.824597875
3906,163,394.97515382500035,393.041069075
3907,163,351.74848150000025,467.07894584999997
3908,163,418.6966280250002,415.23467337499994
3909,163,377.806501025,299.37701612499995
3910,163,320.0015245000002,288.21567215000005
3911,163,364.4682442750003,293.74714949999986
3912,163,265.6158660000001,320.81842642499987
3913,164,177.129878625,180.33001137499986
3914,164,195.44376835000003,155.55506222499992
3915,164,185.1423660250001,170.39461312499998
3916,164,194.18004274999993,176.20372804999997
3917,164,223.67936217500016,171.47064184999994
3918,164,216.66099342500002,175.0722040749999
3919,164,189.7704744000003,152.51262812499994
3920,164,189.84852652500012,187.903908775
3921,164,210.92665470000017,237.31254662500007
3922,164,305.7755801750005,302.6578860999999
3923,164,243.13714842500008,347.2397670499999
3924,164,324.09822005000046,311.14345820000017
3925,164,331.57782109999994,325.9236822249999
3926,164,375.7227001000001,304.10093044999996
3927,164,314.53772022500004,316.02293102500005
3928,164,317.1162873500002,290.7068872499999
3929,164,245.69616577499997,260.163547225
3930,164,291.86887527500016,308.9498481000001
3931,164,309.31889930000017,287.54653292499984
3932,164,339.40789177500017,287.12992595
3933,164,332.7480272000001,284.77707442499997
3934,164,303.5501642249999,265.6554238499998
3935,164,297.10187087500015,240.0008726000001
3936,164,284.28000905000044,258.61606507499994
3937,165,221.64252890000023,242.23452602499992
3938,165,182.4882671250001,269.986113375
3939,165,209.58141805000008,237.503755325
3940,165,182.90450702500016,178.97349337499998
3941,165,206.19235070000008,183.37913794999997
3942,165,188.22255969999998,175.3369165749999
3943,165,220.25865574999992,227.13582997499984
3944,165,279.99604784999997,275.881272975
3945,165,285.643781475,256.6675452000001
3946,165,272.2424775000001,248.82445160000003
3947,165,292.93024605000005,300.2165137500001
3948,165,235.09917192499995,311.649444925
3949,165,239.53003992499998,312.3174840999998
3950,165,248.61581752499995,310.39829477500007
3951,165,284.1456686500002,278.92842724999997
3952,165,320.9180412000002,311.6609366
3953,165,277.5388005250006,281.5372658250002
3954,165,301.37089780000025,334.106221875
3955,165,345.7334259749998,370.58396609999977
3956,165,302.85274247499996,349.5891913
3957,165,288.52239965000007,319.778495175
3958,165,272.82756677500004,412.3098904999997
3959,165,276.6662066,350.62695347499994
3960,165,227.55065035000013,303.66695959999987
3961,166,196.99431502499988,184.54002817499995
3962,166,152.02611240000024,187.409956675
3963,166,143.9408926,188.85997612500003
3964,166,154.9781291250001,197.2600996999999
3965,166,162.69899097500007,277.420201825
3966,166,201.88084332499992,221.863859225
3967,166,200.31633695000028,233.8716574749999
3968,166,212.53304670000006,271.4288092750001
3969,166,250.40633427500012,238.59534979999984
3970,166,299.7714013250003,299.60501580000005
3971,166,289.26803307500035,348.9758731
3972,166,311.3693330000001,388.95471197499995
3973,166,384.5177134000003,318.63372797500017
3974,166,282.6572200000001,262.50549702500007
3975,166,419.05432097500056,299.130867875
3976,166,367.83557192499995,283.85040055
3977,166,374.05868297500024,290.1102438999999
3978,166,366.1502037500003,287.2258952249998
3979,166,355.62536689999996,345.7320026999999
3980,166,344.69302852499993,325.0405077
3981,166,317.024609125,365.05343144999995
3982,166,365.5277691000001,336.7596877
3983,166,320.8556664500003,272.27748200000013
3984,166,309.8753686,226.49468002499992
3985,167,220.27976755000014,270.62203174999996
3986,167,214.78939495000014,251.14067899999975
3987,167,206.22459582500016,224.71732137499995
3988,167,199.29449922500015,216.51073362499992
3989,167,178.20847480000018,173.34421787499986
3990,167,200.34749070000012,182.14425472500005
3991,167,140.92869942500002,196.1504675999999
3992,167,184.005203525,222.85010127499984
3993,167,238.74383667500013,206.40492474999996
3994,167,244.50799732500016,231.98741427499988
3995,167,274.08365889999993,263.76950502500006
3996,167,327.0534088000003,282.7269669249997
3997,167,381.7496491250001,265.0797307999999
3998,167,339.91147867500024,294.759507675
3999,167,352.0085171750001,305.680362475
4000,167,400.08018802500027,318.2493070750001
4001,167,398.91103465000094,315.308097525
4002,167,413.9414483250001,303.70611245
4003,167,378.07289137500095,262.10150325000006
4004,167,362.56523992500024,291.0859453500001
4005,167,247.4639370500002,308.7504200000001
4006,167,226.60182520000004,298.522777275
4007,167,275.0248916000003,273.2787556749999
4008,167,222.84382084999996,215.79329817499996
4009,168,200.19331767500003,151.888659325
4010,168,177.85315440000014,166.97586227499994
4011,168,211.70879110000016,139.15932750000002
4012,168,236.39238985000006,169.74729379999994
4013,168,180.79590645000025,144.4966341
4014,168,166.16648667500004,169.06397307500004
4015,168,189.09033134999999,204.73298794999994
4016,168,186.61832420000007,230.41430152500004
4017,168,214.78817427500013,203.74365037500002
4018,168,281.5253980750001,228.28077870000004
4019,168,268.2681287,257.5971801999999
4020,168,298.73154682500024,224.695090425
4021,168,342.47080882500006,315.1679074750001
4022,168,309.5460533500001,290.59617149999974
4023,168,306.81147040000053,289.72379824999973
4024,168,300.89918697500036,303.35244809999995
4025,168,281.2552685500002,238.23991615000006
4026,168,283.6343102750002,260.6363509999999
4027,168,343.4728305500007,284.475440275
4028,168,357.55356802500006,273.28281537500004
4029,168,286.58661892500027,218.0112618999999
4030,168,281.26777915000014,268.5815247500001
4031,168,283.22582197500014,265.6910427499997
4032,168,250.88985362500006,239.37939697500002
4033,169,205.01424232500008,201.237507925
4034,169,214.84236430000004,194.37370192499992
4035,169,180.2060416,173.52954004999995
4036,169,191.678891225,151.82086404999995
4037,169,204.49541642499997,155.201463875
4038,169,194.77183657500032,191.37979082500016
4039,169,208.93799847500014,254.50517087500003
4040,169,214.38726624999987,248.00419592499992
4041,169,214.8787749999999,283.5512842249998
4042,169,246.38085210000008,291.3965870250001
4043,169,344.6798503250001,240.90242582499985
4044,169,326.8645186499999,276.8132809250001
4045,169,321.5749869750001,382.0489940499998
4046,169,332.5859802000002,352.34288087500016
4047,169,296.4146263500002,300.8056115249999
4048,169,325.62119484999994,356.2360110499999
4049,169,347.874312225,437.6181214249999
4050,169,327.1263469000002,314.6328008500001
4051,169,308.98856007499995,328.62198917499995
4052,169,344.9888887250002,308.2735710999999
4053,169,296.9736145750004,328.71771882500013
4054,169,232.99419495000018,333.98686484999996
4055,169,260.1673603500001,300.9818006
4056,169,239.26428612499993,237.8874355249999
4057,170,183.1608906000002,191.0068948249999
4058,170,175.8193455000001,210.65804147499995
4059,170,166.50730032500007,230.93691685
4060,170,181.09579712500005,229.99475254999993
4061,170,203.30117477500013,175.18025167499994
4062,170,190.08002037499995,196.28308542500008
4063,170,196.054968875,259.7665086749997
4064,170,253.6493427499999,297.14840914999996
4065,170,293.3437594000002,243.57536630000004
4066,170,261.11875255000007,291.3737892
4067,170,303.67434430000014,273.5189186499999
4068,170,309.332153875,314.31839222499997
4069,170,393.12382742500006,316.9133000249998
4070,170,332.3856742249999,341.3572724999999
4071,170,350.07509325000024,323.1769802999999
4072,170,384.472172225,349.8823285499999
4073,170,391.734874725,298.01794092499995
4074,170,402.3646354250002,321.5453625250001
4075,170,353.4871745250001,295.36288422499985
4076,170,291.1203205250001,267.4140995499998
4077,170,324.9840445000003,295.9792333000001
4078,170,288.3400788500003,248.75142767500006
4079,170,277.3535551000001,297.4686796999999
4080,170,206.43535887500022,227.75386770000011
4081,171,204.91887875000015,212.16099464999994
4082,171,189.7623561500003,232.73190259999993
4083,171,148.98933012500004,221.47820752499987
4084,171,176.1066376750001,160.73452494999992
4085,171,186.7598685499999,165.50214634999992
4086,171,185.10255505000018,155.46996412500016
4087,171,226.82527587500013,200.95389964999998
4088,171,240.12251677500007,202.1084279249999
4089,171,264.9083931499998,311.93934194999963
4090,171,243.63105669999982,262.5549337750001
4091,171,313.3525844750003,309.04500707500006
4092,171,334.6951096500002,305.54915137499995
4093,171,300.6365379999999,289.933212675
4094,171,272.3533528500001,321.2749191
4095,171,345.2026773500001,365.1624166999999
4096,171,339.4197671000002,414.71397479999996
4097,171,354.5123341750002,381.60047215
4098,171,387.50867442500004,527.24073435
4099,171,303.8396175000002,411.45436970000014
4100,171,291.42635902500007,417.29405992499994
4101,171,316.89516219999996,327.8717920250001
4102,171,280.12612295,340.17264322499994
4103,171,260.1136405999999,340.5626555250001
4104,171,345.4705234500003,326.2877778499999
4105,172,205.9418543999999,218.56752755000002
4106,172,176.81367682500007,235.34816215
4107,172,158.65376447499995,205.85124584999988
4108,172,184.569088825,183.76490522499995
4109,172,203.88092627499992,189.27301242499993
4110,172,204.67358197500005,219.16269895
4111,172,241.12169895000017,163.51701585000004
4112,172,246.43983794999997,257.18747122499985
4113,172,311.4673409000001,276.398023825
4114,172,320.3620710500003,256.6355675499998
4115,172,335.72030579999995,322.1839621999999
4116,172,301.60872485000016,288.49256667500003
4117,172,281.1474462250003,296.0857925749999
4118,172,372.83800487500037,371.9644455749999
4119,172,372.91050974999985,320.9907902749999
4120,172,406.99593600000037,353.31707722499993
4121,172,420.94916357500017,375.4037367250001
4122,172,426.9921767750002,326.3387532249999
4123,172,385.3586467250001,307.2656762000001
4124,172,294.18970730000024,310.3398183
4125,172,283.76579567500005,305.85777535
4126,172,342.9257470500004,320.36074277500006
4127,172,304.865271225,288.02786834999984
4128,172,312.4598349500002,321.22371487500004
4129,173,213.13939014999994,211.8544315999999
4130,173,221.640390575,192.466866875
4131,173,165.28872575,224.2365480499999
4132,173,172.061979375,209.98412087499997
4133,173,189.34877829999996,232.57649182499995
4134,173,213.6394234500001,243.620256625
4135,173,221.23486390000022,220.12370117500006
4136,173,194.04288670000017,220.06259197499998
4137,173,197.45499237499996,268.6774054250001
4138,173,355.7414298500004,262.8219611250001
4139,173,246.23615445000019,256.3410214249999
4140,173,329.178319,271.3634468999999
4141,173,305.3752583000004,345.89831745000004
4142,173,359.90900180000017,270.79027644999996
4143,173,284.1717253750001,272.40183612499993
4144,173,288.78925149999986,296.5179684
4145,173,324.88226562500006,227.67213987500003
4146,173,305.75549977500015,259.98205862500004
4147,173,321.0524252500003,225.48806792500005
4148,173,283.46489069999996,258.44247047499994
4149,173,291.0833302500002,282.82104115000004
4150,173,248.92085282500022,293.14071655000004
4151,173,212.16994427500015,256.8051578249999
4152,173,208.23192680000002,226.2941825999999
4153,174,212.7162959000002,188.33489354999995
4154,174,227.17408125000054,195.13763602499995
4155,174,190.58693647500007,200.22377304999998
4156,174,176.78676920000004,195.3602003999999
4157,174,200.64833190000007,195.04457822500004
4158,174,199.29516010000012,221.69873209999992
4159,174,175.39731990000004,193.44697484999995
4160,174,220.58565785000005,234.23409705
4161,174,279.6832162750003,227.90156557499998
4162,174,278.6214276249999,227.252047425
4163,174,250.0601233,251.19797127499993
4164,174,324.57295015,314.5834594500001
4165,174,277.7681626250002,350.37526157499997
4166,174,312.79177285000014,314.78968822499985
4167,174,263.42097670000015,252.78949172499998
4168,174,212.5768362500004,336.46434299999993
4169,174,300.44452807499994,330.2932765999999
4170,174,302.74971315000033,325.31324297499987
4171,174,276.137786625,319.58246525
4172,174,267.895335975,273.23968104999983
4173,174,224.14690817500014,251.06967665
4174,174,279.05036890000036,251.39419865000008
4175,174,257.22033780000027,277.47849214999997
4176,174,240.348083,237.79627654999996
4177,175,195.1964332000002,184.6763491749999
4178,175,162.02790667500005,186.1568790999999
4179,175,169.09187757500007,167.523057025
4180,175,183.68775840000012,156.98090925000002
4181,175,180.401210275,163.71425804999996
4182,175,188.97194157500002,166.07943764999996
4183,175,228.6392689750001,145.78263419999996
4184,175,251.78451905000014,204.3293522500001
4185,175,248.36946327500027,199.87868872500002
4186,175,315.62664225000003,237.26235264999997
4187,175,302.33531845000033,308.5009052249999
4188,175,298.0661672750001,310.25877457499985
4189,175,250.915639925,323.2531173499999
4190,175,292.676272725,356.5774849000001
4191,175,266.02909420000003,258.9631421999999
4192,175,231.277066375,246.68160782500007
4193,175,261.7870440500002,288.2139323749999
4194,175,282.2826154500003,241.95071127499995
4195,175,262.56636882500027,278.74952017499993
4196,175,251.9722703750001,227.75215472499994
4197,175,284.909939175,262.88814772500007
4198,175,256.97837450000026,261.579051
4199,175,272.7948931000002,247.30890002499999
4200,175,234.56137560000013,227.04039579999986
4201,176,171.97852990000013,183.02194137499993
4202,176,214.37479975000008,181.3582562249999
4203,176,172.684389525,201.10173592499984
4204,176,169.79031500000005,186.881079
4205,176,164.22180434999999,186.210258075
4206,176,218.2409853250001,201.18559212500003
4207,176,206.60795125000053,208.6746332249998
4208,176,244.86895122500005,242.32053394999986
4209,176,267.8273921000003,189.43049492500003
4210,176,307.83536307500026,254.86362722499985
4211,176,304.48543522500046,223.32152397500016
4212,176,313.51464660000016,273.99410632499996
4213,176,298.78434435000014,264.4432215999999
4214,176,331.10662925000014,242.94808310000002
4215,176,328.82486289999997,352.1362943999999
4216,176,264.379212025,402.943840075
4217,176,333.4946707250001,329.04277142499996
4218,176,348.0068840250001,316.26898742500015
4219,176,274.85094797500005,278.77014449999973
4220,176,276.3602988250001,289.41498634999994
4221,176,265.57884419999993,307.6953551250001
4222,176,238.95898857499995,326.429438025
4223,176,233.78384312499992,322.7472480499997
4224,176,196.39135100000007,289.70700174999985
4225,177,213.4874877750001,189.80071805
4226,177,200.7387075000001,206.03913994999994
4227,177,198.73465537500016,179.4735938499999
4228,177,222.66064585000015,151.68828137499992
4229,177,140.71847355000014,189.256439125
4230,177,163.93745170000014,185.14833854999995
4231,177,198.7281940499999,177.48615914999982
4232,177,249.5121077,195.90961642500008
4233,177,239.4490908000004,209.10346332499998
4234,177,280.4155258000002,231.66144192499996
4235,177,279.3321254000001,240.78263189999993
4236,177,327.7441696500001,231.54604304999992
4237,177,340.3447226000003,280.199418875
4238,177,304.94756659999985,241.84674740000003
4239,177,328.8781790250004,287.55084102499995
4240,177,307.8861213749999,285.95814007500013
4241,177,325.0664283000002,339.72424602499973
4242,177,312.9054553000003,281.48965124999995
4243,177,272.27320065000004,304.1015066499997
4244,177,294.974078025,284.986381175
4245,177,330.16946705000015,310.5824336249999
4246,177,334.2140274000002,234.78194852499985
4247,177,266.42437622499995,260.5169630249998
4248,177,248.64763477499994,256.39790362499997
4249,178,161.08687822500016,228.4150691999999
4250,178,150.99175055000012,218.14215412499988
4251,178,168.26104135,174.25806509999992
4252,178,162.16674637500017,178.81943560000002
4253,178,203.13563635000006,165.33814142500006
4254,178,210.33884349999997,174.9915324249999
4255,178,223.06705455000014,229.427201175
4256,178,243.76803834999998,250.80554517499996
4257,178,301.8085163750002,221.36485330000005
4258,178,361.8936164250003,223.6983312499999
4259,178,340.2153044000004,286.18740274999976
4260,178,260.2867838249998,255.6909733999999
4261,178,292.97861715000045,220.98211139999984
4262,178,289.31883730000004,309.3473715250001
4263,178,288.41802629999984,315.87493627500004
4264,178,304.88345935000007,413.1527817749997
4265,178,259.78487945000035,426.074242
4266,178,316.7116197,374.5272108249999
4267,178,329.96780782500014,297.44425339999987
4268,178,358.5129505000001,342.58435767499986
4269,178,339.8604377250001,362.0471513499998
4270,178,335.00464342500015,342.39808674999983
4271,178,237.63666047500004,301.25953307500004
4272,178,216.334934775,264.99218037499986
4273,179,147.0843876500001,211.20868149999995
4274,179,180.6141275250001,218.77215204999996
4275,179,213.95279910000016,205.7262229499999
4276,179,173.39771780000004,195.41869562500005
4277,179,197.42699157500016,202.42494034999999
4278,179,199.40517619999997,224.9940833999999
4279,179,234.86043722500008,213.10950025000005
4280,179,268.96030147500016,236.26557705000005
4281,179,287.0562474499999,286.5515805499998
4282,179,304.73738652500003,317.2267260750001
4283,179,328.260458225,331.03186124999996
4284,179,362.5069776,330.86001729999987
4285,179,304.8431303499998,310.7468784749999
4286,179,288.49674822500003,301.6062809
4287,179,291.9715929750005,236.26589030000008
4288,179,323.2339904250001,327.1256892499997
4289,179,294.79702005,362.20378694999977
4290,179,327.6531546000001,342.04366900000014
4291,179,363.5590883250004,359.6404401749999
4292,179,337.01978042500025,318.5313112749998
4293,179,342.39344750000004,308.47777844999996
4294,179,329.00939782500006,300.3158439749999
4295,179,320.59457797500005,299.1403948499999
4296,179,323.2553223250004,303.7527345999998
4297,180,204.93898255000013,153.51214124999996
4298,180,195.38541337500016,187.23413297499997
4299,180,180.29945830000008,150.4565613
4300,180,224.04378417499996,202.17299162499987
4301,180,182.72041264999987,186.43683524999994
4302,180,168.9108030500002,217.84030522499995
4303,180,225.26753472500002,242.0656595
4304,180,237.7574543500002,228.23793470000004
4305,180,283.98018472500024,254.4152600999999
4306,180,323.209333175,249.43873479999985
4307,180,383.2573979250002,335.22516835
4308,180,363.3874566750001,328.2786326499999
4309,180,337.59293032500017,369.6164973249997
4310,180,285.2827160250002,395.9140159250001
4311,180,323.42306657500035,361.1154453999997
4312,180,311.12389285000006,333.94109974999986
4313,180,325.19805895000013,361.82831674999994
4314,180,320.59617067499994,296.66559395
4315,180,244.6481020000004,274.6290083249999
4316,180,269.26830657500005,287.2410565249999
4317,180,280.95669805,290.4036608749999
4318,180,260.6267668250001,291.62210664999986
4319,180,316.1844057000002,302.98049809999975
4320,180,280.91953465000006,305.45054285000003
4321,181,213.81291415000004,209.36332480000002
4322,181,228.19991885000024,211.82935817499998
4323,181,182.69122145,188.38340754999996
4324,181,211.23231002500017,191.6342744500001
4325,181,186.52280742500045,245.79135107499997
4326,181,153.90200242500003,204.76891942500004
4327,181,186.02343480000022,240.21949774999985
4328,181,167.24305334999988,270.414464675
4329,181,210.8383428750003,247.3288096
4330,181,177.76872745000014,289.56676002499984
4331,181,246.90078977500008,300.25079845000005
4332,181,276.1683730999999,302.1810088499998
4333,181,297.3075308249999,307.7969058499999
4334,181,241.08639662500002,332.95788312499997
4335,181,304.54745222500037,308.97858477500006
4336,181,263.76183185,274.55590437499995
4337,181,242.0117883000001,330.5426455499998
4338,181,309.2346890750004,310.2503997249999
4339,181,289.8032519250002,300.88060755000004
4340,181,350.10516460000053,323.72317714999997
4341,181,318.5465822,283.48428492500017
4342,181,317.49726037500034,320.59758589999973
4343,181,308.03946252500043,280.6661011250001
4344,181,231.25335372499995,267.41082604999986
4345,182,208.33987677500016,199.63779357499993
4346,182,193.98518492500028,186.18594367500006
4347,182,174.66180402500004,147.80153037499986
4348,182,191.93916480000001,176.69954122499996
4349,182,166.63170417500012,152.82851844999993
4350,182,159.95678279999996,207.92067827499994
4351,182,164.378083425,183.47257145
4352,182,169.84902470000003,195.44749812499992
4353,182,278.3111045000002,267.19372805000006
4354,182,254.51253455000008,292.14206187499985
4355,182,255.72166182500047,342.4975142249999
4356,182,249.79375052500006,264.7457045250001
4357,182,292.7763961500002,245.06719189999978
4358,182,336.94465767500026,239.49757599999998
4359,182,313.13582705,286.91763507499996
4360,182,261.85720337500015,286.59563419999995
4361,182,286.74089902500003,214.41308954999988
4362,182,226.32168892500002,236.46116787499983
4363,182,251.73629912500013,240.96160445000004
4364,182,293.1104925000001,269.3355820749999
4365,182,372.06720762500015,351.9407139
4366,182,316.812130875,260.42394409999997
4367,182,267.3734103500002,301.0649485749998
4368,182,248.77543622500005,337.977380725
4369,183,190.49809437500016,191.35825412500003
4370,183,200.5137546250002,167.51381379999987
4371,183,231.08068815000007,171.72639962499997
4372,183,221.38515892500007,170.16366312499997
4373,183,214.9415662500001,207.37654465000008
4374,183,227.32170105000006,210.41169365
4375,183,206.82637147500026,219.65822292500008
4376,183,281.8035612249998,237.7755422749998
4377,183,292.09985075000003,279.83874104999984
4378,183,353.7247266000001,265.71900042499993
4379,183,368.4445881,295.86550945000005
4380,183,348.2241720000002,319.6617641749997
4381,183,347.96714190000034,365.7834630999998
4382,183,329.4924855750002,321.38263400000005
4383,183,351.02937880000025,393.89875059999997
4384,183,310.92558654999993,269.723259125
4385,183,337.14087400000017,256.5443958749998
4386,183,361.2702333000001,288.8621837749998
4387,183,310.81721592500014,239.57869629999973
4388,183,318.4625831999998,329.7838455750001
4389,183,300.76602907499995,339.02778039999976
4390,183,274.0928217500001,280.48683099999994
4391,183,207.72065595000015,293.0275615249999
4392,183,205.28721740000017,229.39765614999996
4393,184,221.91191817500015,182.054569275
4394,184,204.59760345000007,215.0187297999998
4395,184,170.28302647499999,196.64932882499997
4396,184,181.73348175,190.06150959999997
4397,184,225.838254875,178.94891517499997
4398,184,182.14739994999996,181.63998182499995
4399,184,193.887246925,182.11886467499994
4400,184,244.93483007499998,228.57343714999996
4401,184,294.3425853750003,232.121826225
4402,184,308.5742098250004,292.43148422499985
4403,184,297.2054749749999,339.3257738499999
4404,184,293.1677789750002,319.54237394999996
4405,184,355.8177032500006,368.3977616249998
4406,184,290.45287687499996,334.81130192500007
4407,184,287.65995907499985,340.4043326499999
4408,184,292.2119998500002,312.01608162499997
4409,184,249.45961719999997,326.27915039999993
4410,184,304.37434405,380.87635635000004
4411,184,292.70422355000005,356.4785300750001
4412,184,257.92992962500017,361.5621900499999
4413,184,260.8894454250001,400.8130042250001
4414,184,236.635312325,346.25932652499995
4415,184,274.3442941250001,266.4864120750002
4416,184,264.29047892499983,254.65756922500003
4417,185,240.32475147500008,196.35564842499997
4418,185,250.42251357499998,206.00813787499996
4419,185,244.60619542500018,169.81048967499999
4420,185,215.07894742500014,166.37334849999996
4421,185,167.12876325000008,160.34691385
4422,185,198.31362152500012,179.57691400000004
4423,185,201.84318562499993,171.065941825
4424,185,182.02115450000002,216.4355643
4425,185,218.0101531750003,223.64462944999997
4426,185,217.48533344999996,232.72939285000018
4427,185,228.58092345000017,312.23633025
4428,185,197.93112842500017,295.642747675
4429,185,236.7855808500002,307.6073586499999
4430,185,268.99027005000005,340.4929564750001
4431,185,260.81292717500014,307.8715904249998
4432,185,265.40840192500013,289.88979665
4433,185,274.75897520000024,295.89663877500016
4434,185,257.03693272500004,334.8585706000001
4435,185,272.36943245000003,256.1458129
4436,185,301.46768587500003,263.9652276249999
4437,185,273.0513454000001,264.90687149999985
4438,185,193.89838320000004,266.72117047499995
4439,185,196.18870392500008,244.54972737499992
4440,185,204.528712525,246.74930384999993
4441,186,170.7873380000001,170.16595959999995
4442,186,173.70948429999993,193.35997642499993
4443,186,225.65543077500024,164.77766732499998
4444,186,247.1151788250005,200.50614797499998
4445,186,237.43218394999994,190.18172350000006
4446,186,192.18089022500004,199.70569417499996
4447,186,224.55277769999992,245.8662818499999
4448,186,254.09841367500007,286.5018069750001
4449,186,299.3136949000001,299.15989684999977
4450,186,269.19246380000027,326.87545969999996
4451,186,319.71165302500003,317.82404577499995
4452,186,285.64887937500015,283.5915846
4453,186,309.7911211000001,262.3444853
4454,186,294.401961325,306.9488201749999
4455,186,339.1995030500001,354.148480375
4456,186,299.6411287500001,395.6754708749999
4457,186,256.32466387500017,324.3873868999998
4458,186,270.26230317500006,347.8829035250001
4459,186,223.71756797500007,348.4113009250001
4460,186,234.9068787,306.94267587499985
4461,186,252.96822062500013,312.91765924999993
4462,186,198.70489164999998,327.42305079999994
4463,186,228.84243965000016,317.99200242499967
4464,186,229.5677832500001,262.0165834249999
4465,187,178.0985482500002,242.10833592499995
4466,187,203.9588915000001,241.70612334999998
4467,187,228.49911477500046,222.23090520000002
4468,187,184.1809176000001,208.53498820000002
4469,187,235.79059275000012,217.335643625
4470,187,272.12621352500014,207.71225474999994
4471,187,292.06407312500016,231.46442744999996
4472,187,277.99608337500035,286.85857102499983
4473,187,343.5065186000004,236.39051912499988
4474,187,246.31508167499993,272.1015682249999
4475,187,231.26246034999997,311.8860130750001
4476,187,263.38861072500015,310.26365929999986
4477,187,261.01809237500015,349.50511487499966
4478,187,304.32364240000027,337.8195558499999
4479,187,279.15014777500016,374.00525122499994
4480,187,234.39718362500003,309.857224875
4481,187,242.14595342500016,333.96073357499995
4482,187,289.6414006250001,341.5078691499999
4483,187,271.2788360000001,310.75248354999997
4484,187,348.00075447500024,351.7714631
4485,187,276.6571966500003,346.58490382499997
4486,187,237.37177372500014,308.2873203749998
4487,187,237.0421974250001,253.12283247499977
4488,187,271.7385660750003,260.194737425
4489,188,211.0655174000001,223.27004097499983
4490,188,221.67376215000004,236.6483802749999
4491,188,186.52354232500028,218.58097827499995
4492,188,157.95592402500006,201.08500392499994
4493,188,175.53148277499997,175.30096660000004
4494,188,171.43686989999995,213.54142539999992
4495,188,184.56714480000002,188.4466397999999
4496,188,239.90641357500002,197.23590662500015
4497,188,301.3407041250001,252.79571714999986
4498,188,256.672867425,270.57554179999994
4499,188,276.02747772500004,318.9481261500001
4500,188,260.99178485000004,294.0941139249999
4501,188,298.0592861,322.62446017499997
4502,188,265.11868975,294.43877742500007
4503,188,309.9681590250001,283.4639874250001
4504,188,276.8500269000001,270.4426331999998
4505,188,382.03063662500017,264.3225534499999
4506,188,364.154960725,288.23151982499996
4507,188,320.61108577500045,312.69119729999977
4508,188,307.46800257500036,301.08775902500014
4509,188,290.3009213500002,272.99103007499997
4510,188,272.90036207500015,254.43126872500005
4511,188,291.6262439750003,255.56610777499992
4512,188,302.39818957499995,242.89876480000007
4513,189,212.38101044999996,208.63477262499995
4514,189,234.67521865000003,259.1772521749999
4515,189,193.3441683000003,207.08553559999996
4516,189,158.42596684999984,189.78115097499992
4517,189,185.215063175,192.42365732499988
4518,189,188.8433664500002,181.8042273499999
4519,189,177.93518810000023,178.9819043250002
4520,189,255.27725195,184.31292002500004
4521,189,286.6820717999999,206.56844699999982
4522,189,283.3682727500001,236.14823674999994
4523,189,275.5555834500004,290.94588474999983
4524,189,253.56872470000013,267.39188027500006
4525,189,248.44104435000014,354.7093565749998
4526,189,235.48477197500006,370.316969125
4527,189,291.57565335000004,297.94414549999993
4528,189,337.02004780000016,361.0290207500001
4529,189,369.471016875,357.1066952249999
4530,189,323.0182889500001,428.6979347249998
4531,189,274.36785929999996,367.3460851499999
4532,189,289.198809525,340.81157162499994
4533,189,282.18255102500024,353.2521417749999
4534,189,247.28514440000004,326.640052575
4535,189,287.5803088000002,342.1788034
4536,189,216.449953025,328.60978667499995
4537,190,209.73940352499994,173.87382902499996
4538,190,209.40531617500017,156.76684559999998
4539,190,201.28397070000005,188.09282649999994
4540,190,203.7004407750003,189.999089225
4541,190,197.19371815000005,192.62231169999995
4542,190,177.48845140000014,184.43745299999983
4543,190,177.96307172500013,208.5082369249999
4544,190,208.34349514999988,217.03210549999997
4545,190,259.05490622499997,276.0665061749999
4546,190,220.75707124999997,273.90293607500007
4547,190,287.8579480249998,276.715757375
4548,190,323.3759846250002,307.64220677500003
4549,190,295.9379877750003,294.76583515000004
4550,190,291.5570233000002,345.9419425
4551,190,325.29010970000013,400.7671503499999
4552,190,341.94130347500004,376.6298252750002
4553,190,322.81842637500057,430.228297925
4554,190,297.3471804249997,395.6186504
4555,190,338.93434924999997,460.9153095749996
4556,190,270.96836012500023,422.39213059999963
4557,190,293.6547603749999,388.88207032499986
4558,190,350.34336720000033,425.8634649249999
4559,190,317.94406155000024,356.3161823
4560,190,262.41092850000007,339.19341885000006
4561,191,233.88652322500016,210.5557526750001
4562,191,209.49147755000004,201.37762007499987
4563,191,214.88292677500027,237.26218684999992
4564,191,196.08327337499998,188.51219355
4565,191,178.54039462499998,215.52009110000003
4566,191,173.70756004999987,241.77553065000012
4567,191,206.09431700000016,242.79681044999992
4568,191,192.0120843249999,306.6480763750001
4569,191,263.4932487000002,272.23032529999983
4570,191,269.5620546500003,313.90239665
4571,191,287.7861724750001,289.07374949999996
4572,191,316.9851433250002,351.74658320000003
4573,191,420.1952587750003,363.16420685
4574,191,446.57352135000025,371.2901340499999
4575,191,488.97722320000037,403.4295466499999
4576,191,473.8343892999998,379.8522875749999
4577,191,515.5527818000002,377.1450152750001
4578,191,443.28363305,442.16465194999995
4579,191,414.23459320000063,390.355917
4580,191,387.9868608999997,370.1336068249999
4581,191,356.61509312500056,384.9492900249999
4582,191,352.7135101250004,381.41801157499987
4583,191,332.6109603000002,351.16385594999997
4584,191,337.85693667500004,304.29809072499984
4585,192,221.02941417499994,202.84452425000006
4586,192,226.45345145,225.88572579999996
4587,192,213.2166991750001,229.5321461499999
4588,192,215.01462922500016,226.39453242500005
4589,192,165.21296812499992,228.86574825
4590,192,221.24842455000012,266.7961218749998
4591,192,251.508572325,258.21911579999994
4592,192,286.93667402500006,260.1806784250001
4593,192,338.6659423749999,323.0671351750001
4594,192,329.11848695000003,348.63451362499995
4595,192,417.8067821000001,387.9303101000001
4596,192,482.8024706500002,323.15403972499996
4597,192,396.906448125001,333.74234224999987
4598,192,469.80897497499996,324.193521725
4599,192,374.18217245000056,352.16074295
4600,192,432.6556082249998,444.9995464499998
4601,192,462.0154317,436.199171125
4602,192,374.6321907250001,479.8629579249999
4603,192,387.9258151000001,488.0474681499999
4604,192,351.06672935000006,416.693209925
4605,192,409.91728437499995,482.2855349249998
4606,192,414.3791838999999,423.29248570000004
4607,192,301.39506244999995,377.71659637499994
4608,192,330.1469771500002,332.5732568750001
4609,193,259.64680415,231.78270419999996
4610,193,196.70239637500006,240.206214875
4611,193,196.29650927499998,215.34127440000003
4612,193,215.39121120000004,257.50706285000007
4613,193,209.70011740000047,284.681572275
4614,193,205.78355317500012,286.10755244999996
4615,193,218.34536022500026,269.79070632499986
4616,193,246.1231802000002,311.7220132499999
4617,193,274.94335840000036,278.70535362500004
4618,193,266.87719382500006,323.0856257750001
4619,193,355.9847546499998,297.6390001499999
4620,193,333.18993032500015,330.1384496500001
4621,193,334.2020372500006,303.616062
4622,193,309.08424819999965,276.21414695
4623,193,263.2838844500002,353.20427350000006
4624,193,323.76710754999976,382.73981729999997
4625,193,343.96861820000015,420.126483625
4626,193,365.7400654250009,404.86167962499997
4627,193,307.8018588750001,392.0324271250001
4628,193,353.29660720000015,387.4835490249999
4629,193,296.0539278749999,354.5210138000001
4630,193,373.04341457499993,323.31661640000004
4631,193,306.4950072500001,344.95373052499974
4632,193,276.6912931500003,314.33801947499984
4633,194,234.08096437500024,185.58107855000006
4634,194,250.68953687499987,211.66684667499993
4635,194,236.77851395000016,217.81102859999993
4636,194,234.8905548000002,235.22780744999994
4637,194,205.48194837500006,226.68089064999992
4638,194,214.89761620000007,238.41128377499984
4639,194,276.98148290000006,260.98357179999994
4640,194,276.64351212500026,240.25499915
4641,194,291.45573957500034,278.8197711
4642,194,273.0729086500003,347.7048145749999
4643,194,293.0099113000002,328.0912194749999
4644,194,265.4475038499998,342.6897347999999
4645,194,305.50496940000016,340.54868939999994
4646,194,338.3885971750002,361.349843325
4647,194,428.98302735,407.46003787499984
4648,194,371.3771185750001,412.1452885499999
4649,194,376.3563747999999,411.63907609999995
4650,194,354.43817987500006,303.7766129249999
4651,194,327.0287651750002,268.515449825
4652,194,321.90957647499977,301.7848659999999
4653,194,283.82409272499996,389.22889084999986
4654,194,266.1129071999999,318.841200675
4655,194,294.98883032500055,358.31623894999984
4656,194,270.8118429250002,286.85523694999983
4657,195,214.8173616750005,233.091999575
4658,195,217.48839937499997,239.53985365
4659,195,199.30657972500006,205.23224397499985
4660,195,204.76094687500017,195.184907525
4661,195,239.56715842499995,201.51278847499998
4662,195,222.28559335000006,188.40801599999983
4663,195,225.32104822500042,211.36205614999997
4664,195,183.00473005000026,204.818756775
4665,195,248.49767780000013,251.38184304999987
4666,195,308.4550086250001,283.22698682500004
4667,195,334.7351917000003,320.1520517749997
4668,195,321.0718969750003,255.59503672499997
4669,195,310.30261677500005,332.576504425
4670,195,322.6458848750001,358.89538722499987
4671,195,369.25185182500036,424.9097343499999
4672,195,348.51588655000006,294.9606508999999
4673,195,325.34061965,304.88512612500006
4674,195,340.08851122500096,274.21031092499993
4675,195,302.6629417750003,300.160120925
4676,195,331.6215582000001,260.02822102500005
4677,195,356.5410342750004,263.070203125
4678,195,321.0177106,282.832882025
4679,195,274.77957040000024,227.74466845
4680,195,282.4612043500002,215.0730986499999
4681,196,205.69530922499996,232.9963129249998
4682,196,191.17098210000017,228.3836742499999
4683,196,168.2733840750001,190.7030547999999
4684,196,178.87591760000026,199.73385467499992
4685,196,183.1311561500001,187.56709352499996
4686,196,237.24567347500061,207.5855419499999
4687,196,196.41319600000017,194.60445695000004
4688,196,193.97823717500006,188.74696404999997
4689,196,229.10539210000033,214.8944308000001
4690,196,271.3889637000001,230.61659464999985
4691,196,317.63725707500026,283.6953346749997
4692,196,325.8651923750001,362.2453837749998
4693,196,306.736177625,341.61165522499994
4694,196,320.03255715000046,316.8368138250001
4695,196,349.75231957500023,311.00042982499986
4696,196,362.3830196250001,305.31107650000007
4697,196,369.39456320000045,342.85453982499996
4698,196,315.97778615000004,306.74361439999984
4699,196,276.4836708250001,314.17958984999996
4700,196,234.30842454999998,333.7794273499999
4701,196,251.27842982500033,327.5699451749999
4702,196,218.97410079999997,344.39779119999974
4703,196,192.63621207499995,278.31574735000004
4704,196,200.10890772500042,271.52740002499996
4705,197,241.24833557500023,163.0958948249999
4706,197,207.1942765750001,181.8835181249999
4707,197,201.06210937500003,172.08661709999996
4708,197,221.63691497500017,187.42243474999995
4709,197,243.72713350000004,200.16295547499993
4710,197,271.2389176500001,213.45699042500001
4711,197,255.2574848,199.6191497750001
4712,197,256.51279095000007,279.458318275
4713,197,225.67336054999998,225.03816212499987
4714,197,247.88977565000022,258.79270597499993
4715,197,259.84359670000003,244.81267487499994
4716,197,277.5619746750002,337.47052704999993
4717,197,295.80824540000026,336.25727785
4718,197,359.45190745000053,272.56601607499977
4719,197,333.8082523750004,288.45272279999983
4720,197,398.0147717500002,348.18107332499994
4721,197,332.6456744,373.39140669999983
4722,197,334.75904982500026,392.30031032499994
4723,197,320.3638087999999,349.83453229999964
4724,197,285.3506204250002,234.36890519999997
4725,197,283.012719225,257.463294625
4726,197,266.8676715750002,245.87851567499996
4727,197,244.72885140000017,231.1992095249998
4728,197,220.19557545000004,233.53363869999993
4729,198,164.86461889999998,121.92141267499997
4730,198,163.93785080000026,136.819242325
4731,198,173.00881607500008,150.55422035000004
4732,198,141.09044375,169.85997335000008
4733,198,167.57181567499993,177.60306129999987
4734,198,171.52116255000016,202.10129365000003
4735,198,175.25625639999996,206.88291880000008
4736,198,262.2385006500001,253.74329772500016
4737,198,308.91989447500043,258.6603172250001
4738,198,207.43109262499996,300.2930029499999
4739,198,272.8745595250001,287.8349753
4740,198,278.5091213,314.59252842499995
4741,198,392.724776025,382.041582425
4742,198,294.58572837500003,352.1899079499999
4743,198,367.9426811250005,326.49438884999984
4744,198,338.40034582500004,361.1242551250001
4745,198,373.343435250001,344.19060327500017
4746,198,296.29501920000007,317.05733254999984
4747,198,310.4816142999999,278.8101925499998
4748,198,273.5073050000001,277.74030167500007
4749,198,195.84919105,281.44007477499974
4750,198,252.2033227,251.31443382499992
4751,198,250.62298867499985,256.9787014000001
4752,198,284.532135325,235.84987662499992
4753,199,210.96757410000015,207.0792845750001
4754,199,206.55329340000011,176.94904769999997
4755,199,157.826035725,195.00963757499997
4756,199,165.97255920000006,167.0298429
4757,199,153.90749085,172.7173523
4758,199,167.94314070000001,192.9173921750001
4759,199,151.16747667500005,184.90163582499997
4760,199,161.82606022500008,196.23475517499992
4761,199,229.405133675,236.97316547499994
4762,199,273.97913290000014,266.337745475
4763,199,279.8086425750001,252.98404967500002
4764,199,331.8773516250001,287.9877295750001
4765,199,346.03227677500024,295.96211695
4766,199,316.5075034500003,304.92630344999986
4767,199,279.0443905250001,250.07460362499995
4768,199,291.5821955250002,264.45233205000005
4769,199,255.09707707500024,320.26224082499994
4770,199,264.24059559999995,286.01065634999986
4771,199,266.54591627500025,390.36109795
4772,199,255.54669145000003,369.447368625
4773,199,298.808971875,347.6581592250001
4774,199,229.50804499999987,274.7032010999999
4775,199,221.91781817500015,270.99267525
4776,199,219.35178252500012,238.96718252499994
4777,200,183.75016977500007,203.2359389249999
4778,200,205.43178000000006,216.13870990000004
4779,200,181.50702025000032,233.27131809999992
4780,200,189.40618387500015,216.9959127499999
4781,200,213.94698617500003,197.813799275
4782,200,218.3316939749999,168.76450807499998
4783,200,191.26492930000012,199.72861902500003
4784,200,215.31001390000006,251.96459065000008
4785,200,290.46692920000044,232.75596182499999
4786,200,266.9432819250003,256.143003175
4787,200,316.46009929999974,280.5610786750001
4788,200,343.5978805500002,313.00983654999993
4789,200,350.1247631500003,304.52579812500005
4790,200,335.6873499000002,339.9967843249999
4791,200,370.82408180000033,374.6485502000001
4792,200,375.7401243500001,428.6056639499999
4793,200,425.3779487500004,387.55947334999996
4794,200,283.33804437499987,345.50560717499974
4795,200,305.45950912499995,340.066942625
4796,200,307.67554242499995,352.48239775
4797,200,309.50103769999987,328.27674697500004
4798,200,318.9215484750001,315.1543159250001
4799,200,274.23704822500014,309.2694021750001
4800,200,282.0338278249999,266.4262192999998
4801,201,229.84849865,224.9489669749999
4802,201,194.27310519999995,202.93817587499996
4803,201,201.40320060000016,207.45103290000003
4804,201,194.0609103750001,248.68771997500005
4805,201,247.01123142500018,217.37095045000007
4806,201,230.11703192499982,215.73492257500004
4807,201,235.77133730000008,197.12091217499977
4808,201,241.34288755000017,230.77674232500001
4809,201,225.9748006749999,267.4842886000002
4810,201,246.69533115000021,310.26316587499986
4811,201,341.01803240000027,300.001276475
4812,201,355.64372340000045,327.79436414999986
4813,201,315.8610261999998,332.47087507499987
4814,201,392.7222879999997,379.41109989999995
4815,201,444.8205477500004,288.61544975000004
4816,201,350.9941146750002,323.3220905999999
4817,201,442.1308755750006,315.48177579999987
4818,201,473.55687220000004,308.2022461250001
4819,201,475.0129178000001,335.55835879999995
4820,201,367.93844967500024,319.04075579999994
4821,201,391.7970412,280.0319631749999
4822,201,322.7208251750002,245.975891825
4823,201,302.5646104,280.50023385
4824,201,246.93478699999997,274.5403409249999
4825,202,235.66953450000014,232.3954742
4826,202,195.59407510000005,249.166740275
4827,202,215.81974260000015,168.87078759999997
4828,202,227.75608220000004,198.46532312500005
4829,202,237.66379797499988,190.83022122499986
4830,202,207.76778687500007,182.36174539999996
4831,202,218.14440820000016,198.71123300000005
4832,202,167.51554645000007,305.9981719249998
4833,202,256.8060869499999,281.7587992749998
4834,202,237.08527625000033,312.94898310000013
4835,202,288.1406089750001,356.65370892499993
4836,202,302.0112520250002,336.15461665
4837,202,351.4799132500002,300.58952447499996
4838,202,351.14794420000015,367.21022074999973
4839,202,279.26235884999994,279.13589045000015
4840,202,313.05025292500005,271.0488010249999
4841,202,363.9861356750006,253.053710825
4842,202,422.31190354999995,315.17821832500005
4843,202,410.7990961500003,325.62472744999997
4844,202,361.37738245000025,394.66971020000005
4845,202,299.3360213999999,346.99896224999975
4846,202,318.12922194999993,249.91693875000004
4847,202,262.76978454999994,307.06847092499993
4848,202,304.33457632500017,255.14964845
4849,203,308.34907530000004,245.932164775
4850,203,246.5471413250001,227.06165244999997
4851,203,230.24853322499993,217.21106134999988
4852,203,237.71619647500003,206.89050235
4853,203,217.8130794,214.21444409999992
4854,203,218.85992560000017,211.01033135
4855,203,222.6708437499999,201.7009056749999
4856,203,225.6351790250001,203.65904769999992
4857,203,210.75827375000006,217.73473564999995
4858,203,295.61208679999993,233.68090005000005
4859,203,302.59649787500007,229.5906447249999
4860,203,373.2040839000002,256.190219225
4861,203,333.0707327500003,286.5151131250001
4862,203,358.4315685500001,324.140272925
4863,203,328.4776820500002,334.32025164999993
4864,203,316.48319492500013,298.5634364250001
4865,203,259.68675675,332.77437317500005
4866,203,392.541249375,417.34130079999954
4867,203,345.8929019750003,400.363480375
4868,203,340.4250224750002,292.4763633
4869,203,339.18408445000017,314.1277111999999
4870,203,330.8024611250004,290.8312078749998
4871,203,346.9097720250004,295.01992375
4872,203,269.74356220000027,280.782122575
4873,204,215.38923177499998,202.88563190000002
4874,204,202.58167392500008,195.09394434999996
4875,204,202.33534800000007,214.90716559999993
4876,204,198.66836830000017,194.53150879999995
4877,204,180.75145219999996,171.37880679999995
4878,204,230.41903990000037,190.5485323249998
4879,204,241.99918100000008,234.13808545000006
4880,204,232.77088869999994,214.78860464999997
4881,204,206.30803749999987,220.18441297500001
4882,204,274.8451433750001,283.09757830000007
4883,204,337.67666700000007,296.161923775
4884,204,396.0991251250003,290.6017626749997
4885,204,479.3287618250005,298.44754562499986
4886,204,405.22634162500015,343.38998534999996
4887,204,467.98346752500004,361.49663297499995
4888,204,366.4939667000002,393.337518275
4889,204,370.67627460000034,410.5201903999999
4890,204,381.26571417499986,308.1112815500002
4891,204,311.732901325,376.70263017499985
4892,204,342.3711122000003,370.192592975
4893,204,378.1099929750004,356.45220007499995
4894,204,337.462469175,306.30805539999994
4895,204,354.5735649750002,282.3168899499999
4896,204,293.2166492000001,243.02789735000007
4897,205,253.2352881500001,278.3040608749999
4898,205,208.7408968000001,242.6476692
4899,205,205.74028930000003,216.76613392500002
4900,205,208.50480227499992,210.61189357499998
4901,205,211.11443125,246.50896402499978
4902,205,218.60676105000033,237.88564799999995
4903,205,255.6600156249999,252.05039217500013
4904,205,258.4602798000001,285.3836529500001
4905,205,311.4320265000001,301.75905769999997
4906,205,282.02502325,338.04711402500016
4907,205,263.9007765000001,344.53561750000006
4908,205,263.0255089500003,365.5377291249998
4909,205,247.6820019249999,443.4825595500001
4910,205,333.66535190000013,404.9717436750001
4911,205,338.3604277500001,356.15836545
4912,205,385.83012042500025,338.9529232499998
4913,205,372.31517812500044,384.29863292499977
4914,205,340.21596912500036,309.81122067499996
4915,205,371.2231166500002,351.9511167999999
4916,205,337.0359588500002,331.5718709999999
4917,205,354.9697424000005,320.82680065
4918,205,376.81280805,342.42136897499984
4919,205,332.57818739999993,300.7283267249999
4920,205,284.48515117500034,263.98375314999976
4921,206,229.95930737499998,232.6785642499999
4922,206,252.46746240000033,188.71449599999994
4923,206,175.6709350750001,184.05212342499988
4924,206,178.36627447499995,203.49496229999997
4925,206,193.27315820000007,206.55455984999998
4926,206,210.13392392499998,209.5082354249998
4927,206,254.45988609999995,217.44975397499996
4928,206,233.20541955000016,219.70019942499997
4929,206,288.29228072500035,180.3840178000001
4930,206,287.5307034250003,300.3250500249999
4931,206,363.12384345000027,284.7282598000001
4932,206,389.538555125,215.16660409999994
4933,206,351.31254005000017,280.1328732749999
4934,206,367.45108290000024,286.89931579999995
4935,206,372.24265262500006,335.38447959999985
4936,206,321.5402182,325.40626057500003
4937,206,317.3470356250002,327.1478895000001
4938,206,408.7617240249999,308.24920145
4939,206,270.355405075,349.36092422499985
4940,206,302.3304449749999,332.0097769750001
4941,206,325.97777805,284.050708075
4942,206,331.3285958750001,294.64826465000004
4943,206,354.1366300000002,288.5904564750001
4944,206,329.04718845,331.405863275
4945,207,197.96298547499993,225.08674257499987
4946,207,178.73973600000014,206.33317209999984
4947,207,198.83628147500016,212.54718597499993
4948,207,218.90432865000002,234.15628847499994
4949,207,245.91765567500002,207.764304625
4950,207,212.069565225,227.01619470000009
4951,207,211.18223165000018,255.79688157499996
4952,207,269.2539848000001,226.21972100000013
4953,207,333.6245547750001,287.7319533499998
4954,207,356.37880309999997,305.1658586750001
4955,207,371.6378713000003,312.41599302499986
4956,207,394.1056117500002,424.35817804999976
4957,207,341.715166075,316.2964196999999
4958,207,354.2811429000002,398.54439662499965
4959,207,340.9046092500001,429.8285546499999
4960,207,283.18655679999995,397.834755275
4961,207,357.13176182500035,325.66825252499996
4962,207,395.23526462500024,341.098842375
4963,207,375.1071051250001,363.51600597499987
4964,207,392.37995712500015,277.5426698749998
4965,207,424.36093712500036,349.86252827500005
4966,207,341.0500032500003,291.4178775250001
4967,207,289.3689435000001,284.7258897250001
4968,207,282.44189767500006,329.93629932500005
4969,208,166.50319092500007,219.96918445
4970,208,148.61837434999998,213.06048829999997
4971,208,221.01989575,218.52801972500004
4972,208,199.22442035000003,199.56485522500003
4973,208,207.7079039250001,197.83118512500002
4974,208,187.99377552500005,172.1161890250001
4975,208,189.59009092500003,234.659349175
4976,208,183.92271330000005,289.7647505
4977,208,183.5222936500003,254.565038125
4978,208,247.17999349999997,281.8693787500001
4979,208,305.3505448500001,300.44232462499997
4980,208,340.8815469250003,268.8096596500001
4981,208,294.52700540000023,374.0731729
4982,208,276.52277685000035,345.91417189999993
4983,208,328.79300394999984,444.3175152250001
4984,208,320.459197075,415.4566046
4985,208,302.0990074250002,344.05358255
4986,208,343.3095740250004,280.2890925249998
4987,208,338.24630907500006,281.8423484749998
4988,208,312.62144190000026,304.8720361249999
4989,208,371.63079675000006,310.352884775
4990,208,309.88084537500004,321.9850021999998
4991,208,283.70582270000006,262.0578783249999
4992,208,237.30941602500008,218.48975167499992
4993,209,161.97214225000005,225.05131254999998
4994,209,203.21748662500005,226.5608699749999
4995,209,189.66365197500008,166.61287420000002
4996,209,177.7912115250001,200.30566407499995
4997,209,164.59588952499985,210.7155254999999
4998,209,201.64423717500017,197.007651275
4999,209,242.50001967500003,225.43132887500002
5000,209,235.53340215000014,197.08027337499988
5001,209,278.9310068000001,222.62212147500009
5002,209,290.77671234999997,293.4312688
5003,209,288.036320275,249.2325345999998
5004,209,304.4046490250006,243.4816807000001
5005,209,299.9831443499999,264.55025719999975
5006,209,307.29222342500054,254.53354707500012
5007,209,334.9969850250003,329.716091075
5008,209,274.8122008250001,335.21695002499996
5009,209,341.2513498500001,298.11113112499976
5010,209,322.97644509999986,303.80300312499975
5011,209,309.1453379500003,313.8726460249997
5012,209,331.7698923500001,321.3299768249999
5013,209,324.1139423750001,342.387835875
5014,209,361.83511809999993,279.6699132250001
5015,209,262.60878045000015,264.86405915
5016,209,295.1018714500001,224.00261887500008
5017,210,212.4030517500002,185.79544752500004
5018,210,197.55441750000006,204.2511986749999
5019,210,166.29181587500003,204.88378
5020,210,191.45643360000025,200.39113582500005
5021,210,208.4852433750001,200.04618617500003
5022,210,209.58012587500014,245.17491255000002
5023,210,205.76543839999988,228.35039047499993
5024,210,181.76866390000004,225.99820957500003
5025,210,243.75563724999992,221.92532792500003
5026,210,223.69777215000008,169.43118715000003
5027,210,267.8333765249998,164.8272912500001
5028,210,319.6557957250002,246.14566222499988
5029,210,269.7243648,247.15610677499998
5030,210,264.048424575,256.1199010250002
5031,210,304.41149732500014,360.3644437500001
5032,210,318.6830312750002,313.57950385000004
5033,210,303.156718725,336.73459904999993
5034,210,267.80809337499994,352.7230243749999
5035,210,257.1975732500002,352.8205303999998
5036,210,285.61067590000005,254.73121377499996
5037,210,241.79793437499995,259.743901725
5038,210,260.00570237500006,264.06183332500007
5039,210,257.6531779500001,278.89148785
5040,210,241.15475335000008,246.3663155999999
5041,211,231.42396682500015,189.98656300000005
5042,211,175.80517439999988,180.4086824750001
5043,211,227.70007359999994,162.75784547499998
5044,211,240.6314283500001,198.04222442500003
5045,211,220.21710477500005,196.50184967500002
5046,211,163.11791717499997,211.84979292500006
5047,211,218.638789925,223.96389257500002
5048,211,246.72495372500018,205.07020600000016
5049,211,219.88771357499996,251.01994760000002
5050,211,258.8175667750001,249.63084787500003
5051,211,319.6511249,300.18699534999996
5052,211,311.1567533000002,287.08567495
5053,211,391.42022269999984,336.32886370000006
5054,211,371.1590128500003,361.5237227749999
5055,211,426.8115730750004,419.29807514999993
5056,211,355.11262869999985,365.97879157499983
5057,211,358.6553601500001,378.29871682500004
5058,211,381.0119477749999,330.17635802500007
5059,211,383.61119832500015,332.76650559999996
5060,211,344.3359046000001,345.0674915499999
5061,211,342.8010307250001,373.743785625
5062,211,326.6899119500001,390.6169565249999
5063,211,322.9919528249999,340.979907775
5064,211,327.25915075,307.2410986499999
5065,212,187.95956309999985,165.32798507500002
5066,212,235.37886222499998,192.6365917
5067,212,198.90144142500014,195.90989545
5068,212,203.35611830000005,216.4407343750001
5069,212,201.6060283,258.51746427499995
5070,212,188.15500072500004,214.38916762499997
5071,212,210.54634717500008,292.71758189999997
5072,212,221.26449812500016,255.07328355000004
5073,212,259.57227855000014,290.3003448749998
5074,212,224.01874275000014,305.61531464999996
5075,212,276.02265315000017,288.1097585250001
5076,212,264.8487834000002,296.273573725
5077,212,362.45566097500057,333.65097094999993
5078,212,306.970190025,363.452870825
5079,212,418.7098309000006,314.7882269
5080,212,416.50265060000015,346.5559983500001
5081,212,423.0782239250002,355.4640363
5082,212,427.9371168000001,402.92301514999986
5083,212,380.2919309500003,379.1986977999999
5084,212,349.01348575000014,384.2812780499998
5085,212,290.53649307499995,386.808210775
5086,212,275.4360671750001,389.04928969999986
5087,212,283.03339770000025,298.2338870499999
5088,212,278.6800276500001,275.20622859999986
5089,213,204.04851432500004,215.74487359999986
5090,213,229.53636232500014,234.39916924999994
5091,213,183.78570312500005,198.62939142499988
5092,213,179.59919695,206.794577825
5093,213,209.04976850000014,209.24200252500003
5094,213,181.83058415,211.14104022500013
5095,213,188.2100889000002,242.73835732499998
5096,213,223.9403824000001,238.04999462499995
5097,213,238.33544040000015,239.02716382499983
5098,213,305.8607531250001,270.55329364999983
5099,213,274.36842487499985,375.36879562499985
5100,213,375.54990302500016,304.87107620000006
5101,213,376.08133682500005,292.40687767499986
5102,213,326.09424350000023,294.0769993999999
5103,213,388.21481362500003,326.30497782500004
5104,213,368.527455225,376.88116427499983
5105,213,300.52532450000024,352.97637155000007
5106,213,302.820676875,351.01568455
5107,213,299.9219140750002,331.16929604999996
5108,213,284.50575429999986,345.15010094999997
5109,213,320.9950744499999,316.56830385
5110,213,355.57360134999993,314.64099662499996
5111,213,313.5337978750002,263.6726886000001
5112,213,288.1655324000001,285.3814957249999
5113,214,201.70155082500006,207.84221462499994
5114,214,181.4377359250003,223.90406997499997
5115,214,191.0262023250001,203.34824472500003
5116,214,184.93959037500008,212.95353887500005
5117,214,164.65389397499996,214.09270977500012
5118,214,201.48476929999998,223.53504864999985
5119,214,182.93588687500002,198.29944049999992
5120,214,219.28718312499998,250.16772475
5121,214,196.6957768750002,308.0580614999998
5122,214,241.06419847500007,249.3460525499998
5123,214,271.3874628750003,344.8989128999999
5124,214,327.5484781249998,385.12206565
5125,214,311.9135958500003,361.6517473749998
5126,214,307.6295853500002,354.96162772499997
5127,214,403.03196742500063,320.30040660000003
5128,214,374.1829038750009,350.75041974999976
5129,214,343.43657410000014,379.22500640000004
5130,214,362.01030905000016,361.53556387500004
5131,214,333.5766460250002,396.4806994749999
5132,214,409.30063942500016,417.87693257499984
5133,214,363.2291650000003,363.6209785249998
5134,214,351.19121847499986,343.0336758499998
5135,214,355.6557686750002,286.228276925
5136,214,315.8514111500001,275.5612477749999
5137,215,284.667772225,180.2766805249999
5138,215,287.3362680250001,231.1502413749999
5139,215,240.21489850000026,195.80664114999996
5140,215,231.897406225,141.47095877499993
5141,215,210.115800175,203.28327092499998
5142,215,216.605204475,152.52745725000014
5143,215,288.7171898750001,245.20181059999993
5144,215,263.9920717500004,227.01036837499987
5145,215,255.2817585250002,251.76882002499985
5146,215,274.3228820250001,323.03846617499994
5147,215,274.5383954500002,292.7570022249997
5148,215,349.0496007000003,347.67444075000003
5149,215,254.11043142500012,377.36319232499994
5150,215,325.7066242750002,376.872230125
5151,215,358.7423788750002,362.0186087999998
5152,215,365.98267700000093,395.6343138999997
5153,215,337.2476272250002,407.0469302749997
5154,215,327.60732592500045,367.44011867499995
5155,215,349.8807296500004,362.9785453749999
5156,215,372.636365975,404.58980914999995
5157,215,347.0142233250001,366.24225409999997
5158,215,356.0460856000003,289.36378835000005
5159,215,338.56604617500005,331.03593709999984
5160,215,249.43984569999986,291.97544047500014
5161,216,269.18568472499993,224.6895564500001
5162,216,246.03588010000016,203.80502397500015
5163,216,235.21527445000007,225.7782468499999
5164,216,246.62467845000015,185.6224552249999
5165,216,243.7475918749999,199.51509434999997
5166,216,216.13027737500022,194.033715225
5167,216,199.02440027500018,212.74994687500006
5168,216,245.12587674999992,200.1965418750001
5169,216,281.3513271500001,271.599950875
5170,216,266.84916535000025,265.76653157499993
5171,216,259.6623070500001,235.81745612499986
5172,216,313.16569415000015,282.2747600499998
5173,216,329.13127205,307.7186087750001
5174,216,293.71741547500005,251.61134689999994
5175,216,269.6341817499999,294.90113617500003
5176,216,295.9926197000004,319.75396184999994
5177,216,381.694719275,325.07019464999996
5178,216,333.80246780000056,292.98562714999997
5179,216,297.5919646749999,266.42487972500004
5180,216,264.3099774250001,311.7082477749999
5181,216,261.8382554000001,330.30339055
5182,216,323.60763714999996,283.85032882499985
5183,216,318.6650205000001,245.07305124999976
5184,216,206.73665187499978,255.6753796999999
5185,217,193.92115305000002,206.02074699999997
5186,217,197.59503365000012,198.38994452499998
5187,217,200.38212927500018,185.67495092499996
5188,217,182.41066015000007,204.10989554999995
5189,217,197.62057395,185.815459825
5190,217,179.09043885000028,198.69328285000003
5191,217,190.8111483500001,163.74211067499996
5192,217,215.4549845750002,168.19888219999996
5193,217,198.00513065000018,241.32693049999978
5194,217,206.77361399999978,240.99708872500003
5195,217,272.20491330000016,275.2149731749999
5196,217,265.7144973249999,328.64361264999997
5197,217,348.4927331250001,287.927355325
5198,217,301.4468372250001,270.33265320000004
5199,217,364.2174611749998,312.39415259999987
5200,217,331.62296984999995,327.0634756500001
5201,217,340.67589232500006,293.71878060000006
5202,217,335.4345877250006,358.93984452499984
5203,217,314.14534295000004,330.34709349999997
5204,217,335.2078455250004,340.2492024999999
5205,217,340.6139469500001,323.2317541499999
5206,217,336.3029019250001,360.11007232499975
5207,217,275.6236744000002,339.54806752499996
5208,217,255.56947445000037,306.56485822499985
5209,218,169.10648775000004,171.85106857499994
5210,218,160.76872429999992,150.31791554999995
5211,218,155.0245361750002,186.22844054999987
5212,218,195.24169340000014,186.3168909249999
5213,218,158.02577722500013,220.53669329999994
5214,218,184.42453237500004,202.87376269999987
5215,218,229.14177592500002,234.79060975
5216,218,261.31521660000055,303.88308195000013
5217,218,299.22038110000045,348.47578367499995
5218,218,279.44133432499984,354.4979733750001
5219,218,345.4733944499999,446.70074054999986
5220,218,363.4719476500003,445.8692702750001
5221,218,389.2206598500004,459.93331635
5222,218,289.274170625,467.994764175
5223,218,381.1304670500002,433.8451873749999
5224,218,400.5023030750002,395.0340931499998
5225,218,454.3986304250004,407.4820476999999
5226,218,426.99643922500036,388.85925807499984
5227,218,369.4199992500004,380.74690954999994
5228,218,396.80075212500014,327.67778247499984
5229,218,326.41130497500023,408.041145175
5230,218,351.59982930000024,380.2418090249999
5231,218,340.35543119999994,406.62326625000003
5232,218,344.7797813500001,315.2621491249998
5233,219,205.39660282500012,225.116502175
5234,219,165.00840152500012,247.91153029999992
5235,219,171.50830702499988,201.38805057500002
5236,219,179.59774772500003,238.48571507499992
5237,219,211.53683857500005,206.6963097749998
5238,219,191.76771920000024,228.85027735000006
5239,219,225.88272112500033,214.34397192499995
5240,219,295.97746495000007,227.62811062499992
5241,219,386.0013653000001,264.45897572499996
5242,219,408.27237500000007,289.42598287500005
5243,219,326.0295611249999,328.3120981750001
5244,219,375.6458055250001,320.7238427749999
5245,219,418.03306535,434.12920154999983
5246,219,406.1378219250006,467.33359707499994
5247,219,406.10756425000005,491.95530214999997
5248,219,432.0321648000004,400.0050226999999
5249,219,357.2655663250001,398.89910329999964
5250,219,381.0115995000002,414.6079580499999
5251,219,319.2584186999999,343.68873729999984
5252,219,333.4371747000001,360.60424775
5253,219,323.8183024250003,343.47100217499997
5254,219,335.3268058999999,329.12139449999995
5255,219,345.8749585000005,368.026752925
5256,219,294.40295655,226.47112427499997
5257,220,220.9859386500003,249.6692757749999
5258,220,236.7633740000001,209.17624565000003
5259,220,174.28658172499996,207.97197792499992
5260,220,210.11348482500014,190.18397997500003
5261,220,214.53857349999996,185.28020257500003
5262,220,225.13618412500014,241.7023433999998
5263,220,222.53625702500005,232.10448829999987
5264,220,247.11778967500007,277.36713635
5265,220,294.91198705,308.80847177499993
5266,220,300.7779329750001,347.99372322500005
5267,220,427.5259064250004,406.79554005
5268,220,387.18109107500027,444.78494619999987
5269,220,363.2992561000002,387.69766202500006
5270,220,406.9791777999999,405.63335849999993
5271,220,413.41224222500057,379.2230811749999
5272,220,451.8778064750003,408.10925979999996
5273,220,479.5698603000002,399.1515438749998
5274,220,441.05525282500025,378.2682276749999
5275,220,455.74795197500043,407.2631704249999
5276,220,386.92278725000006,342.1260441500001
5277,220,358.8152986250001,354.7173416499999
5278,220,338.8879274250001,351.23166345
5279,220,311.69264847500017,398.16810237499976
5280,220,322.86611957499997,332.72203009999987
5281,221,268.93419774999995,314.2660986749999
5282,221,206.63240732499995,282.2228283999999
5283,221,231.54403452500037,240.94226129999993
5284,221,189.5795804000001,249.55838112499976
5285,221,222.86841997500005,239.44173859999972
5286,221,226.36658444999998,249.39025952499995
5287,221,249.5856053,235.84521732500002
5288,221,320.0361570250002,257.387000625
5289,221,350.630601525,316.4175725000001
5290,221,380.28305244999973,388.0675230999999
5291,221,365.42503000000033,412.8948301749998
5292,221,374.77372372500014,403.79023384999994
5293,221,368.30152147499996,455.46190204999994
5294,221,394.5222118749998,386.4844890249999
5295,221,418.99261220000005,444.7798305
5296,221,315.8163088750001,405.6030311499999
5297,221,386.51615577500087,449.3787371499997
5298,221,311.38745062499993,412.6653007000001
5299,221,263.39870472499996,470.4693544
5300,221,365.1856602500002,428.5147532499998
5301,221,352.2689061000003,438.4348826500001
5302,221,398.1232800500002,374.2700104749999
5303,221,352.8424319500001,317.8220446
5304,221,328.5212545750001,295.1386758
5305,222,248.83548662500021,255.29650234999997
5306,222,212.06133927500005,243.4905666500001
5307,222,214.0008744,275.36652897499994
5308,222,177.88636480000014,228.05435565
5309,222,171.9453221750001,219.2223133499999
5310,222,207.93456764999996,213.79015129999993
5311,222,248.0210099750001,220.024359025
5312,222,269.61386347500024,268.8513375499998
5313,222,332.5802732000002,317.30627502499993
5314,222,367.08435235,320.3117255999999
5315,222,341.52693535000026,396.3416573
5316,222,434.25465187499987,362.8891592749999
5317,222,349.2088997000004,388.0498465500002
5318,222,359.0161945250002,356.53778094999984
5319,222,365.3198086749999,352.6388566999999
5320,222,387.972873875,476.85178885000005
5321,222,453.0685359250003,484.7772459499997
5322,222,497.1228028500012,411.4016904499998
5323,222,469.74383580000017,434.55153395
5324,222,466.99062722500025,379.1532307499998
5325,222,478.7396818499998,399.3068048500001
5326,222,425.6125447750002,341.3524416999999
5327,222,338.7216624500006,329.16786969999987
5328,222,301.77176099999986,329.2107317749999
5329,223,255.41256957500022,262.80955602499984
5330,223,278.6829294250002,268.4173463749999
5331,223,234.09980134999998,235.24207544999996
5332,223,228.76006140000032,231.20262974999994
5333,223,275.55277019999994,212.4490869
5334,223,305.4881305500003,240.18366794999991
5335,223,248.70255637500009,221.81427589999979
5336,223,211.84670772500021,280.51939867500005
5337,223,263.6759104000001,314.5100375750001
5338,223,302.70111670000017,328.38492664999995
5339,223,366.0945562249999,379.86068224999974
5340,223,398.21883855000044,303.4418071749998
5341,223,357.4213007750004,403.3792206999997
5342,223,384.0297055000001,397.9527406000001
5343,223,368.0730585000002,425.8512738249999
5344,223,377.6214211500005,336.3676130249999
5345,223,296.8560317000002,406.77689282499983
5346,223,404.76718850000054,397.46511577499996
5347,223,356.2902804249998,383.4999638249998
5348,223,341.95735365000036,398.35139804999983
5349,223,369.82048745000014,315.26133030000005
5350,223,304.6127968750001,368.5981193750001
5351,223,271.5497722000002,407.1110170249999
5352,223,289.86972500000013,365.461084025
5353,224,256.9264576750003,253.0053837249999
5354,224,236.11434155000015,286.50096314999996
5355,224,243.1146590500001,201.6150095999999
5356,224,290.03792662500024,219.820789525
5357,224,286.8732388000002,231.6994326250001
5358,224,296.0553659499999,218.39148749999998
5359,224,238.67352230000023,246.9707389749999
5360,224,212.2395696999999,257.4033572249999
5361,224,251.48744187500023,249.36751057499984
5362,224,343.1681475750004,254.62551872499995
5363,224,313.4869256250001,251.38155037500007
5364,224,335.3272215250001,350.83574045
5365,224,292.05765702499997,370.4568903499998
5366,224,248.53179375000025,376.7299720500001
5367,224,365.2574956749999,347.41807804999985
5368,224,408.96009285000025,354.0706526750001
5369,224,342.6502933249999,448.63087974999985
5370,224,358.83873557500004,450.5389196999997
5371,224,325.0082855000003,415.82494537499997
5372,224,285.265414575,396.88432732499996
5373,224,340.59392302499987,368.41689105
5374,224,309.83283102500013,478.31047002499986
5375,224,276.086787375,381.94600432500005
5376,224,245.7854697749998,324.31888779999986
5377,225,204.15506195,201.73106409999986
5378,225,214.38223539999996,190.264093675
5379,225,258.06837555000004,213.10094384999994
5380,225,226.02905252500022,248.08001207499987
5381,225,204.89369897500018,203.73167089999987
5382,225,239.6930257000004,226.96398852500005
5383,225,226.58518410000008,315.661651775
5384,225,255.84154355000004,315.433769825
5385,225,272.45825760000014,350.6379167
5386,225,296.1624104499998,369.23271980000004
5387,225,405.44979857500005,484.58536637499986
5388,225,418.8131990250007,428.366632125
5389,225,485.8703800000002,417.6868208000002
5390,225,491.89658467500044,364.946171825
5391,225,488.66708965000026,394.31172065
5392,225,595.8355203000003,361.91008924999994
5393,225,454.76573352499986,315.56784772499987
5394,225,445.0869595250007,454.62157119999995
5395,225,456.2354253750004,434.10340232500016
5396,225,533.0286725250004,446.2830889749997
5397,225,404.3820182000003,484.46473672499985
5398,225,351.1941947000003,393.87701122500016
5399,225,280.08300132500005,370.2802789000001
5400,225,297.320802725,382.90554474999976
5401,226,227.10572582499987,247.77377144999994
5402,226,234.60219587500023,221.5320556250001
5403,226,191.67075785000003,221.029100175
5404,226,200.59611147500007,204.965601725
5405,226,247.6560853750002,245.37008502499987
5406,226,244.941046825,282.61243367500003
5407,226,253.55993422500018,244.89804492499985
5408,226,283.79787860000005,294.25335722499995
5409,226,363.3160182750002,313.2173123749999
5410,226,348.4901549250004,326.23864230000004
5411,226,316.57331287500006,297.437880275
5412,226,319.73379485,287.20415070000007
5413,226,357.6911976250001,320.69562262499994
5414,226,412.0986872750003,386.8685796250004
5415,226,401.53308622500043,410.0436135999998
5416,226,368.0002721000004,436.90829499999995
5417,226,438.5054047999997,377.2200955500001
5418,226,325.28219722500006,404.88671444999994
5419,226,439.2119834000001,452.072387825
5420,226,410.546135875,407.72125565000005
5421,226,387.0043388999999,418.1662566999998
5422,226,316.4826975000002,433.3429933500001
5423,226,340.9724275499999,376.6895549999999
5424,226,313.88212095000017,355.47485800000015
5425,227,186.22772205000012,189.5815888749999
5426,227,196.58807322500013,216.39711775000006
5427,227,180.9685111749999,220.49205832499996
5428,227,228.54064609999998,177.21423874999988
5429,227,214.16358665000024,231.98156337499995
5430,227,285.01360720000014,244.50079990000003
5431,227,319.55796105000053,224.87275307499996
5432,227,345.49034125000003,307.7589498
5433,227,398.41745875000015,274.5772148
5434,227,308.8926738999999,301.1034951249998
5435,227,326.98781405,345.02329859999986
5436,227,391.6091042749998,375.8060614499998
5437,227,390.55892365000057,328.9013006249999
5438,227,366.50587007500064,386.59408065
5439,227,329.7060165250001,419.3193591999999
5440,227,407.4787696250004,423.98536047500016
5441,227,422.58038707500003,306.7516011749999
5442,227,438.00518547500053,327.8176774749999
5443,227,432.4066427000006,329.8487764250001
5444,227,362.52406127500035,353.18088597500014
5445,227,361.5284572249999,328.0502795500001
5446,227,294.24991217499996,310.24802780000005
5447,227,323.4843857750004,280.67216077500007
5448,227,269.77747277500004,295.8701685
5449,228,220.61747487500003,187.72648614999991
5450,228,217.74306227500009,212.67486297499988
5451,228,248.54721565000003,184.28847887499995
5452,228,231.15741890000015,168.41001882499995
5453,228,280.16299440000006,153.74561487500006
5454,228,259.330445725,225.65728859999982
5455,228,282.31385954999996,261.9444368500001
5456,228,329.331398775,277.49699749999996
5457,228,354.54096577500053,342.12812010000005
5458,228,365.65149350000013,293.00469215
5459,228,376.82432804999985,347.4114493
5460,228,319.1652862999998,287.58735724999997
5461,228,337.59257967499985,355.93869882499996
5462,228,316.4887058999999,377.2160911249998
5463,228,399.394575875,430.36222159999977
5464,228,366.6634733500006,363.302647225
5465,228,362.7064917749998,410.39083249999965
5466,228,349.31297955000014,452.59901652499997
5467,228,363.58723365000003,422.37830302500004
5468,228,448.74848294999987,377.4428031749997
5469,228,449.84023782500014,370.7904808249999
5470,228,441.82110159999996,362.45400135000017
5471,228,341.9814398000002,367.7572293249997
5472,228,321.36533632500016,360.564290775
5473,229,211.6629634499999,226.9563873749998
5474,229,195.67070047500005,232.86541199999988
5475,229,178.18150454999994,196.7726713749999
5476,229,183.24778155000013,201.74207630000006
5477,229,189.10442362500015,205.15133992499995
5478,229,180.90714475000016,235.28667137499988
5479,229,288.48995792500045,310.733835925
5480,229,307.3533255,284.2594124
5481,229,358.6188786000001,379.17387754999993
5482,229,367.2096978000008,311.01447629999984
5483,229,423.6411221250008,294.92748082499986
5484,229,458.8302896000006,398.9643559499999
5485,229,455.53802399999995,362.2049780249997
5486,229,352.956014375,399.3785671249999
5487,229,301.00150065000014,406.60618169999987
5488,229,333.70300480000026,422.08165932500003
5489,229,345.3834572500001,412.2588124000001
5490,229,351.84185060000044,450.4752269749998
5491,229,328.94495145000025,392.39498917499986
5492,229,336.620854775,349.21194187500004
5493,229,366.00315800000044,385.1251063750002
5494,229,430.1355527250005,397.5517201749999
5495,229,323.6735606750003,335.80840542500005
5496,229,304.2207330000002,334.795240775
5497,230,279.59735357500006,200.92934707500007
5498,230,233.35855092499986,181.03643777500008
5499,230,224.0212575250003,174.0684005500001
5500,230,220.42092230000017,188.24712494999994
5501,230,274.55603220000006,157.78643202499984
5502,230,247.15041465000002,200.20339732499997
5503,230,264.4863816499999,251.4646213499999
5504,230,236.00438097500017,226.92801772499988
5505,230,254.18183735000017,239.23718239999988
5506,230,319.9641408750001,287.0202283750001
5507,230,387.78466545000003,326.352269075
5508,230,390.4442901000002,270.21557482499986
5509,230,355.7988101250004,317.71821762499985
5510,230,392.02757385000007,260.50394902500005
5511,230,387.7817354250001,344.982749075
5512,230,379.74932112500034,294.16650775000005
5513,230,416.0181444250005,340.87185637499977
5514,230,353.815153675,358.8928125499999
5515,230,360.9786401500003,327.3529816249999
5516,230,375.9515394,268.4776159749999
5517,230,407.6463077750002,339.65474819999986
5518,230,344.16054477499995,360.2236691999999
5519,230,367.9435076250001,320.063047675
5520,230,329.5698264750001,299.47044617500006
5521,231,221.22823765000015,248.87634472499997
5522,231,267.29277960000024,218.34588032499997
5523,231,239.17142970000015,192.62582207499997
5524,231,240.34219015000002,235.54124607500006
5525,231,204.2086701500002,224.301451
5526,231,212.82589400000006,239.84293152500004
5527,231,253.58724702500004,212.86084632499984
5528,231,229.13741520000002,231.575810775
5529,231,298.328966775,277.68262122499993
5530,231,306.22770110000033,285.30757960000005
5531,231,300.66361287500035,309.2453802
5532,231,267.9969750250001,355.6394422750002
5533,231,273.5832272000001,386.60041572499995
5534,231,359.95428230000016,372.00361707499997
5535,231,350.60880790000033,366.61012910000005
5536,231,415.8766698500001,285.40768627500006
5537,231,411.37511350000005,334.430534825
5538,231,416.67557647499973,343.3441216499998
5539,231,371.8134059250001,364.05418962499976
5540,231,381.1089463000002,428.4694813499999
5541,231,359.96264382500027,422.771654925
5542,231,426.4533191000005,386.85112367499994
5543,231,333.28633320000046,306.6063835749999
5544,231,284.10166315000015,310.72396337500004
5545,232,224.81697025000014,209.27994247499987
5546,232,199.25008760000006,179.88403329999989
5547,232,209.02318050000014,209.80999497500005
5548,232,207.0780087750001,178.236645625
5549,232,217.70856487499992,188.31299864999994
5550,232,301.71863495000014,209.82717902499994
5551,232,300.2869150250003,230.59825957500004
5552,232,268.456389125,292.7288049250001
5553,232,302.99582995000026,283.008019225
5554,232,368.32004605000026,317.3857971249997
5555,232,413.1203355250002,347.6917484250002
5556,232,405.9753366000002,428.9236914249999
5557,232,423.3008363750005,423.62572057499983
5558,232,346.48784505000003,384.10409527499985
5559,232,412.118879,328.52622525000004
5560,232,375.686506325,427.21075647500004
5561,232,331.6287322499999,470.59733257499965
5562,232,365.48351952500013,396.06951935000006
5563,232,387.0189441250004,348.3216642499999
5564,232,346.3206187000004,383.34790597499995
5565,232,356.7549124500001,401.29957779999995
5566,232,348.3157982250002,383.07696459999977
5567,232,333.01449485000023,372.46333209999995
5568,232,289.56694919999995,319.2241306750001
5569,233,185.75629882500007,261.74297687499984
5570,233,204.52958575000005,307.16062737499976
5571,233,185.78418842500025,250.75355295000014
5572,233,210.46611252500037,277.71421327499985
5573,233,230.22914827500003,251.11827892500003
5574,233,228.93891755000018,323.3306544499997
5575,233,240.2402403500002,324.1357946
5576,233,286.22943902500026,373.0874243249998
5577,233,348.20021657500007,323.423071425
5578,233,353.1882854250001,358.46602210000003
5579,233,352.99847827500025,253.90546767500007
5580,233,392.0811382000005,277.6654343000001
5581,233,431.8078670750002,274.3487245500001
5582,233,444.3046845,336.4944773750001
5583,233,359.2158055499999,326.033584125
5584,233,393.2840859750004,335.4621842
5585,233,409.11131252500013,303.2251066749998
5586,233,357.24305747500034,296.4997859499999
5587,233,280.50681817500026,360.47235574999996
5588,233,313.7108469250001,335.1451611
5589,233,335.1542261000002,370.3531667
5590,233,398.69939170000043,341.54724837499987
5591,233,342.35884695000016,330.6947615249999
5592,233,318.61355345000004,294.250275725
5593,234,209.89995882500028,233.3753858999998
5594,234,223.38922922499984,218.23707475
5595,234,189.838425725,197.53553375
5596,234,184.09199684999987,192.58775995
5597,234,221.7169665250002,231.21129347499996
5598,234,230.73714084999995,241.4838936750001
5599,234,269.7669533000002,232.83940997499982
5600,234,311.1585735000002,345.03506294999977
5601,234,371.5163792750005,362.31423962499986
5602,234,405.4982962250007,399.6617607999999
5603,234,320.42802992500015,313.16996619999975
5604,234,365.7192102749998,307.5358678749999
5605,234,429.69419212500026,381.0780147999998
5606,234,436.73975067500004,353.17458369999997
5607,234,384.85847620000027,375.35357854999984
5608,234,346.6166182499999,375.68280902499987
5609,234,379.71420727499986,391.6151056249997
5610,234,304.1814490500001,341.41903702499997
5611,234,311.7518793500003,318.9777174999998
5612,234,360.59223127500024,438.5356885499999
5613,234,334.41250947500055,291.68255199999993
5614,234,301.4759142499999,284.57542455000004
5615,234,273.45458369999994,279.8471876249998
5616,234,287.3384049750002,241.24088897500008
5617,235,210.92460727500003,205.33673739999998
5618,235,178.24984792500007,194.59957019999996
5619,235,184.93559865000014,160.477146275
5620,235,188.70582355000008,181.937282075
5621,235,185.01439075000016,211.0814755499999
5622,235,207.30283270000035,233.1952180249998
5623,235,189.90184522500002,239.02147067499993
5624,235,259.7369948500003,249.69391342499995
5625,235,324.5684855500001,278.0049360500001
5626,235,301.322745325,302.9239114
5627,235,378.28117774999987,379.6980923749997
5628,235,295.481713425,345.118476775
5629,235,367.08903650000093,395.7381926249999
5630,235,421.01852894999996,406.77470879999987
5631,235,390.93724437500043,397.99849804999997
5632,235,375.10689887500035,328.3222486249999
5633,235,320.1250097750001,393.1749261499998
5634,235,313.94846845,442.4405672749996
5635,235,263.03353375000023,358.86260147499996
5636,235,338.29901760000035,336.74420194999993
5637,235,276.6021142500001,325.0111798749999
5638,235,285.38676977499995,389.2478544249998
5639,235,285.4372326750002,352.08399952499997
5640,235,225.19049235000003,301.11344767499975
5641,236,190.69768782499992,231.50797294999995
5642,236,217.62403737500009,236.62614519999994
5643,236,216.98704887500014,200.11138112499998
5644,236,247.7460422250004,173.55936789999993
5645,236,226.47792617500022,189.89587307500005
5646,236,276.1905448250003,192.77768077499996
5647,236,229.10150600000003,187.56111515000012
5648,236,277.52058495000017,265.5660812249999
5649,236,308.7429482750001,312.816738375
5650,236,332.63761120000015,272.643839625
5651,236,277.7914332750004,459.31049155000005
5652,236,284.1326856000002,383.7727872250001
5653,236,295.7638689250001,375.441976575
5654,236,296.63342674999996,320.3047392
5655,236,316.4715586499999,333.501726975
5656,236,407.93489472500005,337.06715944999996
5657,236,355.39610030000046,412.6141511750001
5658,236,299.49110292500023,356.60498344999974
5659,236,289.1324621,300.32415957500007
5660,236,309.10152947500023,341.9237297999999
5661,236,340.73054142500024,373.00229995000007
5662,236,283.55195819999994,304.22097349999973
5663,236,321.4758932000003,295.75625567500015
5664,236,281.9487631000002,292.42866377499985
5665,237,211.3313259250001,240.96525529999997
5666,237,238.02372795000008,175.882870675
5667,237,211.51143677500008,200.22448674999998
5668,237,182.22132900000025,205.87219919999995
5669,237,183.0808862000001,178.69276744999996
5670,237,172.91838647499986,220.8609067499999
5671,237,248.93114579999985,228.17828157500003
5672,237,272.1298150500004,247.03160424999982
5673,237,271.0022451500002,343.7175917999998
5674,237,276.16937980000023,303.28899419999976
5675,237,289.0055397750001,250.7903573750001
5676,237,335.0226818500001,271.35696919999987
5677,237,275.2535681999999,222.08279182500007
5678,237,316.9395436750001,286.094923725
5679,237,269.57851092499993,289.81845039999985
5680,237,298.1717254250001,355.0034678749999
5681,237,279.47694642500005,367.71335532499995
5682,237,316.915712775,351.76837057499995
5683,237,267.1035901749998,331.98708369999986
5684,237,275.01879532500004,312.37188827499995
5685,237,274.4703977749999,277.1240239250001
5686,237,292.0249431000001,289.81252577500004
5687,237,327.64927032500015,261.015587
5688,237,273.1958977250001,295.65152594999984
5689,238,198.51340445000005,202.35011322499994
5690,238,170.57358917499985,204.37217752500004
5691,238,189.81583497500003,225.37833362499995
5692,238,200.42492132500007,201.12147837499995
5693,238,179.65391457500016,188.4192943500001
5694,238,171.2210353000001,201.97760267499996
5695,238,189.4407022250001,197.59103344999988
5696,238,212.07179080000014,217.0687511999998
5697,238,239.23423095000024,283.09437325000005
5698,238,176.644574875,276.7607040249998
5699,238,245.01676790000042,330.1608928499999
5700,238,280.786788925,328.9707344999997
5701,238,290.23854792500015,314.0561190499998
5702,238,298.0862605750002,301.81706970000005
5703,238,310.62381185,274.98754077499996
5704,238,292.6130056249999,239.63315157499989
5705,238,329.7707341750002,328.38039240000006
5706,238,340.47283245000006,259.97050955
5707,238,296.49375882500055,302.91719524999974
5708,238,323.776649,312.14136755000004
5709,238,336.8724759500004,340.16638197499975
5710,238,315.90413685000055,305.82318115
5711,238,229.27800992500013,278.31028675000005
5712,238,242.84295167500034,227.76450945
5713,239,203.96326844999996,149.7827295749999
5714,239,201.46127460000002,228.76021019999985
5715,239,160.33581717500022,145.84067192499992
5716,239,167.44528752500005,172.75645677499995
5717,239,178.7413400250001,174.29694772500005
5718,239,172.1345622,221.43930144999976
5719,239,163.71828977499996,221.5148808750001
5720,239,218.5955937500002,201.7921286999998
5721,239,225.27992967499995,296.8337963250001
5722,239,294.7298690000001,300.55005652500006
5723,239,273.91626765,356.03816607499994
5724,239,262.6747568000002,343.5928608
5725,239,274.47346235,405.0035311000001
5726,239,337.89917425,395.96603974999965
5727,239,297.3214502249997,357.47681902499977
5728,239,313.50052140000014,349.69947422499973
5729,239,343.1667572250001,341.5659862499999
5730,239,313.5938312750003,381.32830027499983
5731,239,304.8730953500001,362.22472369999986
5732,239,323.78291605000004,312.6140132749998
5733,239,374.26669115000027,354.75929327499983
5734,239,350.87493907500004,283.4598964999998
5735,239,365.0069091000006,262.9480584249999
5736,239,274.61954947500027,272.9566972499998
5737,240,198.27648512500008,184.576550525
5738,240,197.1257796500002,190.25001174999986
5739,240,196.75409852500002,198.25489502499994
5740,240,189.57902712500015,180.94892897500003
5741,240,209.69258445000008,234.25030965
5742,240,259.37540479999996,223.670842725
5743,240,264.1023750000002,190.377192825
5744,240,318.60140490000003,211.8701260250001
5745,240,312.0647629000002,254.0281557999998
5746,240,285.03925105000013,391.1274924249999
5747,240,320.532622825,360.62961389999975
5748,240,340.8046018250001,376.1088391249998
5749,240,375.4931902250001,331.97425222499993
5750,240,340.642016225,352.88744382499976
5751,240,360.09290830000003,354.8307296499998
5752,240,479.6775340250002,488.82284100000004
5753,240,462.50455902500005,471.10715507499987
5754,240,415.668321225,404.64339657499977
5755,240,301.93040195000015,446.22942754999997
5756,240,334.79445680000003,364.01367414999993
5757,240,312.95406372499997,426.25469827499984
5758,240,287.8338325750004,394.95840212499996
5759,240,276.1419148500002,315.3244627249999
5760,240,253.67145662500005,268.4116969000001
5761,241,259.0754665499998,210.85260504999985
5762,241,222.69819922500017,245.93199214999999
5763,241,204.29664195000015,241.27371347499997
5764,241,242.4846553,216.75313542499995
5765,241,240.30666847500004,184.83592374999978
5766,241,240.626673525,189.50485895000003
5767,241,207.05786484999993,221.40288635000002
5768,241,269.963051275,235.53656704999997
5769,241,231.75032472499998,334.2298167499998
5770,241,330.9765913,336.3133549749999
5771,241,363.8945076250002,355.94332984999994
5772,241,379.9765217500002,391.09076089999974
5773,241,426.43444845000033,392.40000039999967
5774,241,380.8580564749999,369.4286696999998
5775,241,423.9712171750002,413.9474343249999
5776,241,434.19590634999986,409.63885927499996
5777,241,407.55221380000023,319.4869622
5778,241,425.48453935000066,336.16675265
5779,241,410.4148133000002,329.18877544999987
5780,241,326.7649745250005,346.57112617499996
5781,241,379.06376362500043,335.41447942499985
5782,241,414.4117873000002,327.6812490249999
5783,241,304.8506704500001,311.06373425000004
5784,241,301.5887310750002,346.5871976999998
5785,242,220.99387450000017,265.216573275
5786,242,279.98969150000005,305.40846859999994
5787,242,288.40197050000006,248.18840017500003
5788,242,296.3578944750002,280.75251849999984
5789,242,286.98524112500024,253.69164402499985
5790,242,267.69931477500006,250.0373454250001
5791,242,246.5869802499999,252.8504297999998
5792,242,374.1883480250001,260.8135025
5793,242,326.6949988750001,288.8404997000001
5794,242,325.67235254999997,309.04053175
5795,242,342.6580521499998,373.0410081
5796,242,386.3455086750006,382.7962855749999
5797,242,388.7863179000003,329.877695925
5798,242,399.2770962500004,351.81609905000005
5799,242,365.16269515000005,342.6886403249997
5800,242,468.0879303500001,393.6044746499998
5801,242,397.08034997499976,377.98950887499973
5802,242,413.64139269999987,440.20954239999986
5803,242,367.16967565000016,444.99636239999995
5804,242,314.7365072500003,427.128184175
5805,242,313.67100435000015,437.91780277499976
5806,242,318.32046337500003,452.55672227500014
5807,242,250.69313532500024,391.71463092499977
5808,242,255.16738220000002,263.03029942499995
5809,243,162.93993867500026,207.04935857499993
5810,243,171.76321577500028,183.73349630000007
5811,243,167.45484627500002,189.81595449999995
5812,243,187.75861924999995,181.71365092499988
5813,243,177.23316350000005,196.61383962499986
5814,243,161.11082657500015,222.55429459999982
5815,243,194.95850839999997,184.67577742500006
5816,243,218.8965437250002,278.4392149749997
5817,243,318.8253294500002,274.8027638499998
5818,243,469.2058943250003,287.5519164750001
5819,243,399.0726129250006,279.0867455749999
5820,243,364.1086885750001,343.415665275
5821,243,371.45582460000014,327.3026391
5822,243,393.3231890000001,317.3841909749999
5823,243,477.2261313250001,321.58070522500003
5824,243,388.4870891250006,367.1948282999998
5825,243,397.5804291250002,403.17700877499993
5826,243,442.6836754750009,318.3186223749999
5827,243,396.67912825000053,377.17956194999977
5828,243,327.2696983500001,321.8054124
5829,243,299.47274060000007,363.2811709499998
5830,243,283.44459147500004,352.1260109499999
5831,243,258.3616452250001,305.40766717500003
5832,243,211.22937012499978,294.0104985000001
5833,244,253.3498700250001,163.71331212500013
5834,244,221.61165842499997,177.12048142499998
5835,244,197.40376772500005,235.73030987499988
5836,244,227.88692469999992,186.1198798
5837,244,175.794984225,247.99712019999998
5838,244,167.69486135000017,243.08344067499993
5839,244,243.9500284750003,225.099494875
5840,244,206.6670018750001,193.504034875
5841,244,237.46276609999998,218.34144794999995
5842,244,222.34565014999993,327.75067157499984
5843,244,258.89606572499997,275.0695820750001
5844,244,301.3501904500002,308.51099335000004
5845,244,329.95759959999987,286.35254005
5846,244,390.8865509749999,337.82270259999984
5847,244,332.81404077500025,255.42091460000006
5848,244,413.42913485000133,259.9604829999999
5849,244,319.63267107500053,305.02068964999995
5850,244,323.02749692500026,303.04695997499994
5851,244,324.3124237750003,311.76171454999985
5852,244,332.60454780000026,329.8239760749999
5853,244,331.7170176000002,328.27416309999984
5854,244,335.50018725000075,277.14404765
5855,244,308.8537346000001,224.37096397499982
5856,244,245.03219027500015,223.29829804999997
5857,245,201.8339477250001,193.51613052499997
5858,245,202.32698865000017,165.50293992500005
5859,245,217.71301415000005,166.90917342499998
5860,245,200.46276075000017,194.49517189999995
5861,245,180.11730615000002,216.4082253999999
5862,245,160.1889795500001,165.07677702499987
5863,245,201.57699687500008,195.95640307499997
5864,245,214.11952925000006,208.11812179999993
5865,245,231.08135607500031,200.71544815
5866,245,264.3579750500001,213.10129852500012
5867,245,367.6635441750002,273.3987197249999
5868,245,406.5674777000007,303.607638025
5869,245,376.29395662500013,347.3257604249999
5870,245,442.2836469750006,321.8973746999999
5871,245,341.6073674000002,284.361038925
5872,245,346.71516395,372.41524857499996
5873,245,341.20157195000013,280.3017956749999
5874,245,349.7401968250003,316.8040466749999
5875,245,287.056309575,333.102063325
5876,245,338.8172575750001,320.66429242499976
5877,245,344.79175272500026,314.8465803249999
5878,245,369.5118593000001,351.9832826499997
5879,245,281.6048770500002,302.7571354749997
5880,245,238.2851229000002,286.38688642499994
5881,246,208.17269367500003,219.9129498499999
5882,246,180.1587871750001,194.7498741
5883,246,182.11757215000006,177.33847147500006
5884,246,182.70791962499993,229.76295249999993
5885,246,169.47791837499994,217.02370599999995
5886,246,218.3953750249999,245.7533960499999
5887,246,217.9950252000001,215.96061179999987
5888,246,218.16354775000022,234.56362534999994
5889,246,238.54072785000034,275.4425586
5890,246,238.08884755000014,353.36366934999995
5891,246,328.8392265750001,333.67908580000005
5892,246,257.3920549750001,331.70338790000005
5893,246,304.43953042500027,370.98181639999996
5894,246,338.67486870000005,386.78307757499977
5895,246,347.85983925000005,384.1334228749999
5896,246,280.4316365750001,406.94796155000006
5897,246,349.2590970750002,393.8666557499998
5898,246,378.4944466250004,329.3162957999999
5899,246,325.80390347499997,348.4669350250001
5900,246,372.67219485000015,389.3664928249998
5901,246,389.68265217500004,316.71856079999975
5902,246,325.32215282500033,283.48271685000003
5903,246,339.82017890000037,291.9927069999998
5904,246,264.1564853250002,267.234948525
5905,247,200.65284385000024,180.49779187499996
5906,247,176.21729095000043,195.44267722500007
5907,247,157.5173126999999,182.10188884999997
5908,247,183.82821657500014,209.35846979999997
5909,247,169.85482397500004,195.96247879999996
5910,247,202.48687337500002,186.99566024999996
5911,247,190.21039967500025,220.74976467500005
5912,247,222.39035177499989,258.1645408999999
5913,247,215.82080940000014,254.85968632499987
5914,247,277.7606090750002,242.42751862499983
5915,247,315.61775590000036,260.8920061
5916,247,329.2325817250003,315.048764
5917,247,373.96179565000057,289.929390075
5918,247,325.5674897250002,421.1281392249999
5919,247,378.749514825,378.9510117
5920,247,319.9654386500002,418.3865933000002
5921,247,385.80366345000004,414.63009222499977
5922,247,357.95821630000023,390.2256239999999
5923,247,350.29784800000016,408.09181264999984
5924,247,338.28146347500046,412.18012284999975
5925,247,364.41221927500004,411.226130375
5926,247,354.1748775750002,413.275962075
5927,247,313.801424225,390.5001240499997
5928,247,289.8784679000001,343.3606847249998
5929,248,209.98548325000024,237.30712745000005
5930,248,210.72465027500027,257.088196625
5931,248,218.64493267500006,220.504602075
5932,248,238.91325475000002,229.820983125
5933,248,209.48762310000043,277.2421693749999
5934,248,227.27405794999993,255.463234375
5935,248,277.2475435250001,217.38871157499977
5936,248,243.13588510000005,241.90400247500014
5937,248,277.01344517500013,247.5808650749999
5938,248,306.4636945750002,288.63189987500004
5939,248,281.38660740000023,372.89674900000006
5940,248,349.3778026000001,364.68455965
5941,248,355.82171525000047,341.83985062499994
5942,248,395.2878179000002,387.49905227500005
5943,248,448.5387309000002,296.05841749999996
5944,248,357.5269016000002,351.3377742749999
5945,248,270.78132454999997,315.6407836249999
5946,248,263.94799859999995,278.8180054499999
5947,248,215.91435382500003,284.17985410000017
5948,248,259.22906742500004,333.07876792499974
5949,248,335.6313516250002,309.4419068499999
5950,248,329.9094803250001,312.6488390249998
5951,248,316.1622369000001,305.86953767499983
5952,248,309.7876203499999,277.2124343749999
5953,249,193.99249325000017,237.92242664999995
5954,249,178.80466350000006,224.822925725
5955,249,178.017157925,242.23805289999999
5956,249,179.61637207500002,213.87924607500003
5957,249,211.2299892250001,233.7623221249999
5958,249,211.47485682500013,238.85694352499996
5959,249,238.0870001,275.88516842499985
5960,249,292.62365890000024,213.95418030000002
5961,249,333.24675317499987,266.80786220000016
5962,249,306.9794545750001,325.23357845
5963,249,367.5212730500002,351.98371914999984
5964,249,339.4343285000001,365.8440563249999
5965,249,320.9697077500001,391.316695475
5966,249,339.9284209250004,392.2879495499998
5967,249,394.6847054250005,420.101965025
5968,249,374.0067928000005,438.5639689249998
5969,249,303.649524475,439.00860612500003
5970,249,317.70188127500006,356.4308839999999
5971,249,319.6848503750001,374.15027299999997
5972,249,290.59733200000005,350.5739474
5973,249,303.0545592500001,324.2511165750001
5974,249,289.86728985000025,334.69306722499994
5975,249,347.5687022250004,361.653566275
5976,249,312.7831341500006,247.66732672500004
5977,250,249.6985560500002,170.87780794999992
5978,250,253.54600432500018,167.04997500000002
5979,250,220.04775935000026,174.87749744999994
5980,250,274.86101470000017,216.41451104999993
5981,250,250.07997150000017,162.96450877500007
5982,250,224.40348152500013,192.74016822499988
5983,250,230.33772407500004,206.29381634999987
5984,250,242.15508512500003,208.5786250499998
5985,250,297.03468735000024,246.1509145249998
5986,250,330.15124827500017,270.12889214999984
5987,250,333.8664092249998,307.4826556999999
5988,250,295.1498132999999,314.42940732499994
5989,250,396.06847185000015,307.06482475
5990,250,443.57538480000005,368.01647134999996
5991,250,429.8261057500001,370.98060474999994
5992,250,415.47171625000067,384.89234732499995
5993,250,456.575899425,377.89001104999994
5994,250,383.38383935000013,387.81046749999996
5995,250,369.4739637749999,380.301156
5996,250,368.94300007500044,385.6871498
5997,250,322.98266227499994,309.57391935
5998,250,326.3397643750001,305.4476511499999
5999,250,312.28380560000016,278.32029660000006
6000,250,321.1404226499999,247.663675925
6001,251,186.61050052499996,177.14067837499982
6002,251,210.0994518500002,168.00899555
6003,251,230.16919215000024,200.32325585
6004,251,203.3167058750002,176.452888775
6005,251,175.44814697500016,193.83849515
6006,251,167.57653277499995,252.45526737499995
6007,251,190.23930537499993,245.03774799999985
6008,251,215.50775072499997,282.99223895
6009,251,278.17047752500014,254.00782069999997
6010,251,255.79167869999998,241.76749312500004
6011,251,285.99155852500013,311.80554952499983
6012,251,303.0917912750002,410.02100385000006
6013,251,347.93196045000036,395.2200219750001
6014,251,290.39488245,368.35097534999977
6015,251,307.1672768500001,384.76322249999987
6016,251,285.34819674999994,404.3157798999998
6017,251,279.711277075,404.38620560000004
6018,251,322.51609030000014,348.4757903999997
6019,251,343.52820185000013,296.8370449999999
6020,251,324.2299664250005,291.8700613499999
6021,251,281.8083728749999,364.55181557500003
6022,251,300.7384639000003,355.31677809999996
6023,251,252.83082460000014,307.22971077499994
6024,251,214.6913318,260.2547514250001
6025,252,218.04272352500016,282.921337375
6026,252,214.57067365000026,198.22508522499993
6027,252,238.11682855,216.37915945000003
6028,252,182.54410295000002,234.42642444999984
6029,252,162.7065336499999,210.1049607
6030,252,169.31271872500005,198.14651219999973
6031,252,221.56380135000003,217.12707652499992
6032,252,189.2128211500001,203.96457932500016
6033,252,254.87228142499998,214.07405225000002
6034,252,277.9712622499999,257.357855075
6035,252,293.3018672750003,277.7377393249999
6036,252,315.91985042500005,323.82170455
6037,252,294.52391009999997,341.2974521500001
6038,252,334.39597015000004,307.1588876249998
6039,252,330.8384643500001,350.11064317500006
6040,252,317.26313622500027,384.368418575
6041,252,301.2581900249999,405.9865671499999
6042,252,326.26632065,315.87709355000004
6043,252,341.1160036750002,348.0135243499999
6044,252,272.3375047500002,326.5749998750001
6045,252,234.08315205000014,341.22562575000006
6046,252,282.47191972500013,290.59083302499994
6047,252,263.00078974999997,331.9725458749997
6048,252,207.74151642500013,298.5095124249999
6049,253,162.34207305000027,186.28714612500005
6050,253,179.00030369999996,214.26693934999992
6051,253,185.746274725,203.31699807500001
6052,253,160.46452465000004,230.336995725
6053,253,196.56154945000014,170.07124532499984
6054,253,218.60333237500004,199.38087030000014
6055,253,223.15529565000003,253.42051189999995
6056,253,217.18479285,221.74656202500003
6057,253,219.8055647750001,239.82862934999983
6058,253,257.92845947499995,253.81023055000009
6059,253,182.42046574999995,348.0369286000001
6060,253,198.39300590000005,318.1495106750001
6061,253,265.34849429999997,416.501535
6062,253,304.2137958000001,392.92724737499987
6063,253,349.80601505000016,406.4543297
6064,253,372.87339680000025,457.37599334999993
6065,253,320.96263562500013,391.23740389999983
6066,253,328.65002265000055,339.5057873249998
6067,253,290.74837505000005,295.66623782500005
6068,253,261.09303312500015,301.36220634999984
6069,253,217.88247885000033,258.3738131499999
6070,253,215.11875855000005,291.62736409999997
6071,253,230.76762135000024,299.4197601999999
6072,253,246.3370076500001,266.7942017250001
6073,254,206.23188455000027,223.1192168
6074,254,172.2794414250002,203.83013610000006
6075,254,180.50003062500008,211.37048120000003
6076,254,196.0887151000001,206.700602925
6077,254,190.16690499999987,211.40987404999987
6078,254,192.67137742500006,215.90942137500002
6079,254,217.34122377500006,222.55944449999987
6080,254,250.36061082500004,291.007805375
6081,254,257.60853177499996,260.6212546499999
6082,254,304.30271207500016,285.2454833749998
6083,254,306.00023277500003,281.46696869999994
6084,254,321.1981640250002,312.27455087499993
6085,254,417.8000165249997,352.10645575
6086,254,422.29849720000027,323.17508592499985
6087,254,445.9576660750002,269.48565597500016
6088,254,371.5850035000004,315.15670942500003
6089,254,287.82114115000024,352.898499075
6090,254,312.835090875,415.0797213749999
6091,254,287.48706885000047,422.14267674999974
6092,254,317.6703391750002,373.81998519999996
6093,254,346.04271135000005,302.7418004499999
6094,254,305.1173910000002,294.72753510000007
6095,254,277.8783146500001,269.9446628499999
6096,254,290.1198247750002,277.903906775
6097,255,213.85479952500026,181.83486902500005
6098,255,191.09437854999993,163.23779507499995
6099,255,144.25496172500002,186.08220784999992
6100,255,147.2320435500003,158.5129491999999
6101,255,166.21376139999995,183.29631824999998
6102,255,163.01891402500019,206.47786392499984
6103,255,227.71569655000008,224.89907595
6104,255,241.48107012500031,240.20610999999997
6105,255,261.1142969249999,192.7772308999999
6106,255,242.39669972499996,279.215844475
6107,255,275.2788049750002,307.0172240500001
6108,255,345.25010757500013,276.35952597500005
6109,255,365.8815020500002,312.11776287500015
6110,255,313.6494621999999,276.2436608
6111,255,369.8462570500003,325.6874210999997
6112,255,391.24958185,285.47253899999987
6113,255,421.98238134999997,351.520630075
6114,255,334.8496968500001,340.59905519999984
6115,255,322.30286515,379.49342465000007
6116,255,263.72807237500007,422.4335988249999
6117,255,337.5014966500001,437.065758475
6118,255,350.08239005000024,393.4203405999998
6119,255,295.14460355000017,351.8996680249999
6120,255,316.14026877500004,291.1460264749999
6121,256,231.20992447500038,245.83907922499998
6122,256,220.00481685000003,194.97773652499993
6123,256,228.99413752500007,196.16722549999992
6124,256,200.36169430000007,179.12427062499987
6125,256,203.31267135000013,181.02771405000001
6126,256,204.178082825,186.12062487499998
6127,256,224.2923827250002,217.82902800000002
6128,256,233.74219312500003,251.59443970000018
6129,256,305.289343725,295.2744184499999
6130,256,252.49762852500007,347.5556486750001
6131,256,328.6925294250001,347.5368028749999
6132,256,311.1608020250003,319.65226077499983
6133,256,345.7383186750001,379.5769539
6134,256,362.7549449999997,295.4020024749997
6135,256,358.0475064750005,301.16395669999986
6136,256,363.62409185000007,316.6031404249999
6137,256,407.48547395000026,362.122848375
6138,256,440.73319382499983,402.2355146999999
6139,256,411.8629620749999,312.9230575249999
6140,256,442.2190412750001,372.16440185
6141,256,422.1510429000002,327.082890025
6142,256,423.2726420749999,301.0680672249999
6143,256,335.4345134250001,260.5968708499999
6144,256,314.72923615000036,236.83783817499994
6145,257,222.684573275,239.37461075000004
6146,257,201.6607822499999,235.52445229999998
6147,257,207.51520915000006,220.60888634999998
6148,257,211.63315735000006,203.46024242500002
6149,257,151.16552592500005,207.62279399999997
6150,257,165.7435514750004,246.06346330000002
6151,257,166.51916102500007,249.81773142500003
6152,257,274.19909937500006,217.98051627500016
6153,257,229.98960195000006,290.387615
6154,257,313.5743492750002,297.727148175
6155,257,316.269482625,328.96448594999987
6156,257,330.17051427500047,381.08320549999996
6157,257,332.37060097500034,373.90721024999993
6158,257,343.43698322500006,359.39329155
6159,257,364.729687725,405.7646987249998
6160,257,391.04217510000007,398.8117711249999
6161,257,357.20136277499995,374.5959450749999
6162,257,368.88421977500013,443.5442216749998
6163,257,393.05685830000016,403.81154297499984
6164,257,408.56671900000026,422.6459133250002
6165,257,356.0934084250001,478.1130519749998
6166,257,440.5002612000004,322.23316635000003
6167,257,325.7841235500001,402.6313442499998
6168,257,317.55854592500015,366.67997832499987
6169,258,269.72239717499997,252.03447344999992
6170,258,184.07633047499996,229.1853601499999
6171,258,189.46891955000015,204.12754094999997
6172,258,176.16531629999992,216.61883957499987
6173,258,245.7412725000002,183.65323385000005
6174,258,266.02195665000016,233.05779550000008
6175,258,269.336639825,225.25589802499974
6176,258,268.77027342500037,230.9486263500001
6177,258,260.0356496500002,238.625773525
6178,258,236.60750467500006,236.81660862500007
6179,258,237.959949075,275.9115963500001
6180,258,215.85234840000038,347.89306164999994
6181,258,256.22477042500014,351.5826910499999
6182,258,230.45356810000004,408.51336345000004
6183,258,331.21763132500007,406.83970462499997
6184,258,338.5214327250002,328.9610161999998
6185,258,297.15280200000007,326.42179274999995
6186,258,339.2417452000001,314.65740227499975
6187,258,394.5796147500001,322.6024556250002
6188,258,361.0389774749999,289.75173692499993
6189,258,296.5447857750004,289.1006618499999
6190,258,329.6270776250002,329.6830976
6191,258,329.9887078500002,321.18247784999977
6192,258,286.45647307499996,238.82339514999987
6193,259,190.78247187500008,182.45718380000005
6194,259,205.1469785250002,225.18977167499986
6195,259,234.70447355,223.1278532749999
6196,259,228.20827952500008,214.98745167499993
6197,259,183.0357595500002,181.65440247499993
6198,259,175.36642650000002,228.731639575
6199,259,178.27345805000007,211.60446619999988
6200,259,211.88864467500008,200.47055692499998
6201,259,223.6640666500002,220.32689222499988
6202,259,247.14201697500005,269.623915025
6203,259,282.33621742500026,316.3000644999998
6204,259,282.1096712,298.99847754999973
6205,259,284.3958229750001,251.03335789999988
6206,259,297.88197927500016,305.2385041499999
6207,259,280.4413610250002,315.8576547999999
6208,259,336.75284575000035,317.72953637500007
6209,259,352.4954485250001,314.45424787499985
6210,259,298.6383217,297.1955428250002
6211,259,283.28337695000016,268.074359975
6212,259,306.867522,293.1177409499999
6213,259,285.9159902250001,296.8194407000001
6214,259,300.46729230000005,275.87180962499986
6215,259,261.02180265000027,248.76704177500005
6216,259,302.03935507500023,230.61915020000004
6217,260,175.95507087500005,171.92810442499996
6218,260,177.692191575,144.8544262249999
6219,260,180.93138570000025,152.8801165499999
6220,260,155.9717161,182.53916724999996
6221,260,174.75246917500004,162.38869645
6222,260,179.46156374999993,135.00806375000008
6223,260,234.35518875000025,201.32105927500007
6224,260,240.32137030000024,214.34525672499984
6225,260,319.1272883500002,221.82459539999988
6226,260,270.6310374250001,226.59092692499985
6227,260,348.8470513999999,308.227170325
6228,260,237.4793632750003,328.8897833000001
6229,260,328.91843277500027,337.4772697000001
6230,260,333.46600242499983,409.7432149499999
6231,260,391.47500084999996,317.6512266999997
6232,260,517.4815446750004,324.9283451500001
6233,260,364.01084692500024,435.20250917500005
6234,260,347.8284652,358.77142364999986
6235,260,414.5502151750005,353.9803041249998
6236,260,338.8497796500001,355.519923425
6237,260,358.6411597250007,335.8296089749998
6238,260,331.56389845,266.1523827249998
6239,260,275.07758100000007,233.00026159999976
6240,260,235.03038097500007,218.70654089999994
6241,261,190.31959365000012,166.8873408749999
6242,261,171.14796387500007,157.20819887499994
6243,261,174.20705777500007,192.39912289999998
6244,261,158.2913367,208.66189895000002
6245,261,165.7214819249999,194.321295525
6246,261,187.68039339999999,177.9445407500001
6247,261,247.07529885000022,223.7657424499999
6248,261,263.13371049999995,218.44763489999985
6249,261,286.6704248000001,196.37530677499998
6250,261,343.7483832,250.14053530000007
6251,261,363.34697935000054,258.00156495
6252,261,321.68313200000006,309.36114625000005
6253,261,379.76480767500004,320.39318879999996
6254,261,350.5790745500002,345.48682902500013
6255,261,390.79890665000016,363.50585164999995
6256,261,374.54785175000006,327.342327825
6257,261,369.31772015000035,383.2529680749998
6258,261,363.4593896250001,367.5015385249999
6259,261,307.9000056750001,319.1707314
6260,261,324.92849340000015,351.19669102500006
6261,261,299.5927956250001,362.55139115
6262,261,327.60161065000034,325.38817600000004
6263,261,273.32706222500013,266.61026312499996
6264,261,258.6933123,253.870322225
6265,262,164.58220585000026,200.853183775
6266,262,184.99563202500002,180.78866884999997
6267,262,156.55801794999996,172.95580960000007
6268,262,185.76483065,170.64284802499998
6269,262,167.19235917500015,227.05247680000005
6270,262,169.75826585000019,179.31373349999996
6271,262,201.85541304999998,191.31766982499983
6272,262,249.74602382500007,231.21599674999993
6273,262,259.27751980000016,262.20810100000006
6274,262,290.2356130250002,310.28798854999985
6275,262,269.98245232500005,321.54210382499963
6276,262,281.78080695000006,367.08451557499995
6277,262,257.54415315000017,352.66281037499994
6278,262,295.93299554999993,321.85761450000007
6279,262,246.89476632499998,348.041708725
6280,262,303.8060250250002,417.22427614999987
6281,262,331.4810773500001,403.1854074249999
6282,262,351.0087450000002,401.92229325000005
6283,262,291.13866505000044,348.9746946749997
6284,262,307.177753875,300.300118925
6285,262,314.17836270000055,322.3882201500001
6286,262,302.81935335000003,308.5682026999999
6287,262,312.3921047500004,262.9927055999999
6288,262,287.31280415000015,237.99488912500004
6289,263,198.25582867499983,141.56022802500007
6290,263,206.8146630250002,174.03233870000003
6291,263,201.8246189500001,197.58663977499978
6292,263,192.47243042500017,147.23393409999994
6293,263,188.55301529999994,169.51125677499994
6294,263,222.57511207500013,175.5847114999999
6295,263,219.9614090750001,175.96984395000004
6296,263,298.6571943250001,193.45611304999994
6297,263,274.98071732499994,237.53714242500007
6298,263,366.061182525,371.9499191000001
6299,263,364.77268687500043,298.8050350749999
6300,263,359.8781636000001,286.41249994999987
6301,263,385.90044340000003,276.9807362
6302,263,390.0579429000006,315.8307363749999
6303,263,374.3355870750009,325.23448257499996
6304,263,331.80079864999993,357.25620545
6305,263,433.01917105000007,322.71792919999996
6306,263,463.6275637500005,361.3751472500001
6307,263,431.79723072500053,291.25619122499995
6308,263,398.090138875,305.0164391499999
6309,263,397.5513225000002,313.2555345
6310,263,358.36543865000004,300.13392882499977
6311,263,294.8884608000002,239.61327964999998
6312,263,267.07308795000006,238.65660929999984
6313,264,198.39524692499995,170.14000742500002
6314,264,223.0145992499999,197.20825552499986
6315,264,223.56650092500013,176.71347617500004
6316,264,207.8741918,184.10747447500003
6317,264,158.45165435000007,207.47992999999994
6318,264,203.13631305000007,218.59663097499993
6319,264,220.41766637500007,204.543498775
6320,264,211.13505867500004,227.8291229499998
6321,264,234.27351464999987,265.742468575
6322,264,221.3013930750001,281.6572118749998
6323,264,272.52554702500015,304.29220760000004
6324,264,298.4913187499999,317.26036222499994
6325,264,267.679358775,322.03043894999996
6326,264,352.70244555000005,322.38189257499994
6327,264,290.8277353249999,393.57513497499997
6328,264,283.00270964999993,473.74564727499984
6329,264,385.72351365000003,422.2625135249998
6330,264,446.8435122000006,388.9244552999999
6331,264,359.1998414000002,364.7155207999999
6332,264,328.2412106250001,343.77476589999986
6333,264,296.1813524500002,331.34047825
6334,264,308.28806675000004,307.4920372750001
6335,264,355.9270789250001,276.51576507499976
6336,264,238.1924392000003,278.25317692499993
6337,265,195.60332310000024,223.29145197499997
6338,265,194.01426560000016,219.43107592500007
6339,265,168.26593859999997,190.4910865249999
6340,265,186.26343320000007,205.01101804999993
6341,265,198.74866067499994,205.28248955000004
6342,265,206.6195297499999,222.5391335249999
6343,265,193.44493950000003,262.73723194999997
6344,265,225.96807947500014,221.9966261500001
6345,265,216.17422735000008,224.36395365000004
6346,265,230.4161299499998,312.12871014999973
6347,265,278.6529576750001,328.20368899999994
6348,265,341.9772521,316.35572887499984
6349,265,336.30972105000006,321.7458944499999
6350,265,290.355930025,325.16663714999993
6351,265,322.645378575,296.32409467499974
6352,265,328.560711125,312.59598509999995
6353,265,295.83523522500036,345.55805329999987
6354,265,272.06155497500004,374.3615669249998
6355,265,297.0422258750002,405.38838044999983
6356,265,304.2963714000002,346.0020014999999
6357,265,306.684100425,371.826994675
6358,265,264.97475242500013,363.3969844500001
6359,265,235.56209070000017,299.4160925749999
6360,265,243.21005570000008,313.47233922499987
6361,266,151.27793612499994,207.41394525
6362,266,162.3233251250002,174.07209692499995
6363,266,161.80218365000002,193.537471175
6364,266,149.40506047500003,222.57481644999984
6365,266,191.0908242000001,197.80424270000006
6366,266,165.23571347500013,198.26401572499998
6367,266,178.94930420000003,182.59654102499996
6368,266,236.23181305000008,187.94143220000018
6369,266,242.46358255000007,198.21192152500004
6370,266,271.59302260000004,218.28624954999987
6371,266,270.68067122500014,280.14852844999984
6372,266,282.33995460000006,266.78840225000005
6373,266,379.2112513500003,304.44271290000006
6374,266,394.12377377500013,270.5369456750001
6375,266,395.7160109750002,321.377197175
6376,266,376.69838992500013,350.5206093249998
6377,266,397.46096112500004,355.96021354999993
6378,266,357.97901367500015,329.183538625
6379,266,355.91964105,280.622060725
6380,266,293.21638555000015,290.3933139750001
6381,266,353.83602257499996,280.25521660000004
6382,266,297.3162397750002,289.51734439999984
6383,266,266.8512120499999,277.228763375
6384,266,248.59372190000028,262.855583225
6385,267,188.6839999000001,198.879166925
6386,267,152.34944525000006,205.46561814999995
6387,267,176.36509825000013,208.916946575
6388,267,179.90775947499992,189.0967252499999
6389,267,189.5365692499999,175.53186282499996
6390,267,200.63470982500002,165.1737071249999
6391,267,241.8607583250004,189.1821724000001
6392,267,269.67122130000007,226.477425775
6393,267,375.34661890000007,224.32093347500012
6394,267,328.7884235250001,286.4529661
6395,267,260.5603224,258.0726622749999
6396,267,331.2168312000002,315.2328486999997
6397,267,322.29773197500015,303.3283092999999
6398,267,311.09461905000035,319.5132892499999
6399,267,316.97942535,406.7722063250002
6400,267,393.2331192749999,460.32031882499996
6401,267,320.98204740000017,481.12141642499967
6402,267,353.4904669250006,456.60841887500004
6403,267,322.778895175,332.2032470500002
6404,267,325.87652422499997,351.41380222500004
6405,267,322.0941734750002,303.7988613499999
6406,267,329.66463887500026,279.4805137250001
6407,267,302.8199135750001,280.91226647499997
6408,267,275.2960886000003,279.26823305
6409,268,223.55387782500034,186.36959324999998
6410,268,208.44076652500007,166.14744555000001
6411,268,188.7352586,162.40709245
6412,268,185.3491357750001,146.86896350000006
6413,268,151.86334987500013,163.97193282499995
6414,268,168.83060594999998,167.98845315000005
6415,268,172.87305447500003,199.587707275
6416,268,214.9994895000002,224.88177424999986
6417,268,189.903800025,291.19067212499994
6418,268,253.85551127500037,256.3095119500001
6419,268,278.10077917500007,262.3828200999998
6420,268,295.6959119750002,277.063225775
6421,268,317.0891303750001,275.34711912499995
6422,268,299.4621663500001,340.7601793749999
6423,268,318.03597512499994,292.57503102500004
6424,268,309.04975557499995,285.0220856499998
6425,268,342.78324162499985,321.0605174
6426,268,363.1229923750001,315.6020078749999
6427,268,381.4972814250003,331.71030159999987
6428,268,283.7252306500001,305.8088691750001
6429,268,279.3875632,350.0709023
6430,268,243.17370960000017,257.565831425
6431,268,249.64026435000002,235.71763524999983
6432,268,254.57436410000003,243.42035032500002
6433,269,180.12613912500015,136.91654845
6434,269,189.94106542500026,154.90986099999995
6435,269,173.01412090000014,159.58790700000003
6436,269,131.18463885000008,160.11788289999998
6437,269,118.99785352500008,175.23663850000003
6438,269,162.34720969999995,206.16597400000003
6439,269,173.07671007500005,215.68136290000012
6440,269,213.11821907500007,237.68612357500007
6441,269,206.96117117500017,325.2258606
6442,269,241.03807942500006,320.71448645
6443,269,285.86541967500006,302.96397559999986
6444,269,312.25268062500004,330.07622055000013
6445,269,363.4998894500002,329.8955851499999
6446,269,351.3375309249999,323.5497040250001
6447,269,300.95391715000017,314.3547316999997
6448,269,346.3745995500004,350.33473590000006
6449,269,326.0302842250003,345.09474907499975
6450,269,310.55160247500027,321.10300839999996
6451,269,304.894599275,301.4343641999998
6452,269,280.21991330000014,265.5763031000001
6453,269,327.4647907000002,314.8233197750001
6454,269,285.6540870750001,277.90780819999986
6455,269,278.30777560000024,234.24032597500002
6456,269,248.83405030000006,247.60050117499992
6457,270,166.18628167500015,182.23015779999992
6458,270,186.06118922500008,174.37482792499992
6459,270,179.27115540000014,152.1955138749999
6460,270,170.12250155000004,131.32171594999988
6461,270,237.632851425,164.34993085000002
6462,270,217.56419887499987,206.95813542499985
6463,270,220.596550925,212.8089403999999
6464,270,261.89838675000004,266.90458434999994
6465,270,289.46035965,322.65852704999986
6466,270,317.81258210000004,348.67177904999994
6467,270,320.1172544499999,324.28928080000014
6468,270,306.10729985000035,416.43232165000006
6469,270,311.4372929500005,430.38962474999994
6470,270,314.8874899500001,326.12837665000006
6471,270,322.1790120999999,247.7981968000001
6472,270,374.0780804250004,300.4440670749998
6473,270,343.35924787500005,371.1170932
6474,270,245.6848222500001,363.3041314750001
6475,270,302.44370272500004,400.96183362499994
6476,270,295.94052702500016,375.4376764249999
6477,270,324.37179942500006,304.5443381249998
6478,270,288.21716127500025,323.12285229999986
6479,270,282.13263400000005,310.309410525
6480,270,230.24286147500007,273.00801745
6481,271,160.49170410000022,224.2690002
6482,271,162.26935130000015,221.39764075000005
6483,271,145.76306625000007,240.15140877499994
6484,271,151.26513895000005,209.73143547499998
6485,271,128.454902425,232.22571937499987
6486,271,155.33219017500016,232.15530639999997
6487,271,200.90767419999992,205.31951077500003
6488,271,242.9097166250001,200.11706457500014
6489,271,269.5750334500003,246.22445029999997
6490,271,270.8763744999999,309.60528364999993
6491,271,330.07628100000034,324.95207467499995
6492,271,285.37831745000017,375.02664665000003
6493,271,325.0627409250002,346.95887005
6494,271,321.4105669000001,356.4700248250001
6495,271,367.16689205000046,407.4281146249998
6496,271,303.97354202500003,423.766954575
6497,271,363.9121755499999,321.5097565499999
6498,271,316.71472202500047,349.65390327500006
6499,271,329.80526252500005,358.0395365249998
6500,271,275.73730530000023,314.1568235999998
6501,271,265.5089235500001,276.2983484500001
6502,271,273.9220956500001,282.87235999999996
6503,271,233.86505307500022,294.78543447499976
6504,271,343.6325989999999,252.31687387500003
6505,272,166.37540572500023,201.643285625
6506,272,149.83387872499998,181.40886752500003
6507,272,150.3119804750001,181.54190679999988
6508,272,173.60842665,189.755947575
6509,272,155.467484075,215.25495565
6510,272,144.62331682500007,200.25288544999998
6511,272,218.6563645250002,199.59101659999996
6512,272,229.05903445000013,257.9280308749999
6513,272,241.3457741000002,206.77440495000002
6514,272,237.7329807750002,254.17966470000002
6515,272,312.5795964500003,255.30498190000003
6516,272,320.08174052500016,328.568263125
6517,272,273.00179712500017,270.4085611249999
6518,272,279.72133972500006,273.515830375
6519,272,244.77217809999996,327.0359270999999
6520,272,274.66617632500015,372.6425059249998
6521,272,286.5298374500002,312.5122262499999
6522,272,268.5448328250002,327.5583056500001
6523,272,312.4912336000004,295.2297251999999
6524,272,286.80892277500004,353.36369792500005
6525,272,331.9460886750001,350.2817303999999
6526,272,244.394204775,339.45616512499964
6527,272,186.1236815000001,270.1976094749999
6528,272,189.94918267499997,256.758034
6529,273,139.0547898500003,227.71506272499983
6530,273,167.6248427000001,219.4407691249999
6531,273,167.54097585000005,194.9363733749999
6532,273,135.91021892500007,188.33423677499997
6533,273,160.01819820000009,225.1480755249999
6534,273,179.4308542000001,232.33273782499987
6535,273,187.6545686749999,197.34914572500003
6536,273,190.86159857500024,253.69415867499995
6537,273,227.93807140000018,252.67641684999995
6538,273,224.8072432750003,217.58874715000013
6539,273,274.1799849749999,268.93140589999985
6540,273,278.55881905,263.6280782
6541,273,323.1450197,302.734394925
6542,273,364.48579455000026,317.76142359999983
6543,273,341.94792225,320.0990692249999
6544,273,413.5999119500003,331.90527877499994
6545,273,408.21402564999994,330.5494948500001
6546,273,391.0157962000003,314.3919139999999
6547,273,351.67920740000034,313.1783251249999
6548,273,373.13470222499996,282.02564455000004
6549,273,379.96736177499986,264.6846662999999
6550,273,266.075936575,262.32921579999993
6551,273,260.8659072250002,274.5037933749998
6552,273,233.56380722500012,232.65498962499984
6553,274,175.97030427500016,192.97729532500006
6554,274,173.9105528500001,165.5341103
6555,274,165.7300062000001,180.31707309999996
6556,274,184.1218767750001,200.77770110000003
6557,274,172.71496912499987,191.24661659999998
6558,274,215.1717972250001,271.26923754999996
6559,274,239.0496111500002,279.7482514499999
6560,274,209.1127342500001,255.84240764999987
6561,274,259.51934062500015,279.43376642500004
6562,274,324.76722400000017,296.72299019999986
6563,274,355.11570850000027,344.15714657499984
6564,274,416.08419972500025,337.41228219999994
6565,274,311.3237951250002,315.65033285000004
6566,274,352.62220077500024,318.4828408249998
6567,274,333.4142261000003,304.5111347249998
6568,274,384.1060181749999,334.5566029
6569,274,397.5200627500004,432.0575206499998
6570,274,364.0953652249997,422.21717595000007
6571,274,386.5841644250004,409.1293599249999
6572,274,288.89902170000005,376.015643525
6573,274,348.4935789750002,331.58442227500007
6574,274,302.1768831499999,317.2315227250001
6575,274,293.99445752500026,296.5514113000001
6576,274,263.0704225250003,238.88901959999998
6577,275,173.92184099999986,228.90365299999996
6578,275,166.89615207500012,176.26218969999996
6579,275,143.96224947499996,146.73926767499995
6580,275,160.4399238250001,179.84708245
6581,275,218.96052307500003,153.02870277499994
6582,275,216.87504725000005,240.942549275
6583,275,242.81189725000016,233.95433109999982
6584,275,233.90819672500015,275.3041692000001
6585,275,215.10693165,267.92885597500003
6586,275,288.80374072500035,304.29284642500005
6587,275,225.93064252500005,325.490506425
6588,275,333.0703744750004,285.6231957
6589,275,286.9565790500001,407.4515317749999
6590,275,300.5226370000003,394.31624272499994
6591,275,365.6425303000003,381.87387222500007
6592,275,406.0710290499999,372.8695411249998
6593,275,439.2209755000001,387.32857792499993
6594,275,400.44993835,396.53918777499996
6595,275,373.866748475,360.7214615749999
6596,275,348.2230485750001,321.66274847500006
6597,275,275.44178345,329.13376222499994
6598,275,256.5993846000002,311.3529863
6599,275,256.0584064750002,284.267002425
6600,275,281.43582355,249.61731162499996
6601,276,220.48813025000004,187.0926385499999
6602,276,192.6095516499999,199.59657107499982
6603,276,222.19996904999996,200.448613425
6604,276,212.08470725,196.527791875
6605,276,195.0272626000003,169.73237584999995
6606,276,202.4431155000002,179.79421444999988
6607,276,182.73446517500014,187.71649140000005
6608,276,237.74514922500003,244.92092559999992
6609,276,284.35513467500016,258.945473925
6610,276,318.4118333750002,322.5100354000001
6611,276,301.45875564999994,316.18160117499986
6612,276,275.2314173000002,342.7598703749999
6613,276,313.840387575,272.95917305
6614,276,329.47683767500007,257.1436929249998
6615,276,295.342655575,258.86329494999995
6616,276,267.55227972499995,371.1332779999999
6617,276,318.1756052749997,347.17207702499996
6618,276,318.5943169250002,371.53896807499984
6619,276,356.58092357500004,349.9457920499999
6620,276,345.3234990000004,341.17764845
6621,276,326.94356610000034,284.7134104249998
6622,276,276.00490715,230.5558606499999
6623,276,265.0224365,267.6464134749998
6624,276,258.1041370500001,273.44435907499997
6625,277,193.29102330000015,180.59104647499998
6626,277,188.10456567500006,198.3884557999999
6627,277,194.93624937500002,159.33708850000005
6628,277,189.40195302500007,173.05677434999998
6629,277,189.37049335000006,169.05568634999992
6630,277,192.05489140000014,147.8425730999998
6631,277,229.83396435000023,180.424773825
6632,277,263.821525325,260.594100025
6633,277,298.6077212250001,239.0131329999998
6634,277,293.72131,253.39104162499996
6635,277,291.2659784750001,278.65683567499997
6636,277,287.744165875,314.37412402499996
6637,277,262.49091515000015,331.237977325
6638,277,325.0569305250002,300.61646470000005
6639,277,334.0583424250002,345.3037508749999
6640,277,336.819993575,281.99850117500006
6641,277,355.0032885000003,277.94068000000004
6642,277,343.44079610000017,295.05368977500007
6643,277,280.6000378249999,298.60624399999983
6644,277,288.5700842750001,264.2344273499999
6645,277,324.2016561500001,284.47805707500004
6646,277,330.2907697000001,248.36467629999984
6647,277,321.945990575,276.75448314999977
6648,277,324.2752604000003,243.06497997500009
6649,278,170.33700974999994,157.90681095000005
6650,278,175.781192125,197.48833277499992
6651,278,142.71893792499998,228.00135540000002
6652,278,166.32042882500002,217.33326585000003
6653,278,187.8710853500001,161.6263381249999
6654,278,225.51236042500014,215.66290477499996
6655,278,290.96735327499994,213.15950455
6656,278,261.53057172500024,235.76455574999994
6657,278,256.8073900500001,195.34694397500002
6658,278,336.6931518250001,228.47460037499997
6659,278,294.4421541000004,262.3107622249999
6660,278,328.88964337500016,291.8155275999999
6661,278,323.23570332500003,210.24438739999985
6662,278,289.16478025000004,254.25491419999986
6663,278,277.25353510000036,268.5443935249998
6664,278,228.21170877500003,295.20573120000006
6665,278,317.5490776250002,360.8598071499998
6666,278,245.93664310000008,315.75580572499996
6667,278,246.76164652500006,275.031396375
6668,278,222.66083820000023,318.15170205
6669,278,327.82324697500013,311.08069147499987
6670,278,285.1384400500001,290.80074734999994
6671,278,260.8341589749999,281.97768045
6672,278,277.190477675,237.3510499249999
6673,279,187.43533832499995,204.79884950000002
6674,279,131.309412725,153.75741685
6675,279,169.39214255000005,154.26411625000003
6676,279,157.23164400000007,185.16771564999993
6677,279,132.57349415,176.3539664
6678,279,135.39447467500034,183.66930102499995
6679,279,220.82401545000016,209.31127872499997
6680,279,216.27995552500028,241.66281377499985
6681,279,185.4028325750001,232.76138900000007
6682,279,240.725522175,223.83317077499987
6683,279,239.66421680000008,267.399126575
6684,279,265.91148227500037,289.21018447499995
6685,279,219.20722097499998,266.64669367500005
6686,279,270.49522112500006,281.9512995499998
6687,279,275.09699665000005,261.20200637500005
6688,279,331.593139125,305.22572882500003
6689,279,256.55808245000003,310.91975472499996
6690,279,316.65402362500004,293.44013625
6691,279,285.30049075,284.9071817749998
6692,279,299.81551967499996,262.660870675
6693,279,285.93925692500034,303.279993625
6694,279,290.71051637500034,271.09053874999995
6695,279,298.239523725,270.7148148749999
6696,279,188.1050341500001,257.27161665000006
6697,280,212.8622521,187.64856129999987
6698,280,196.3111312000001,172.3866174499999
6699,280,205.57648445000007,164.61549012499992
6700,280,158.0748522250001,157.44702869999998
6701,280,187.7492146250001,161.67439994999995
6702,280,200.42545452500002,167.73298164999994
6703,280,164.27379425000004,209.95172582499998
6704,280,222.56400440000004,216.62131217499984
6705,280,233.6715816500001,213.25450642500013
6706,280,271.07721737500015,271.0913872000001
6707,280,245.67930769999995,293.35513537500003
6708,280,241.18218869999998,312.401596975
6709,280,256.13602900000006,339.9822141249998
6710,280,188.6821793750001,365.65517617499995
6711,280,250.70117662500024,400.82552629999986
6712,280,226.14617260000009,369.7863153499999
6713,280,209.16121647499997,356.2306042500001
6714,280,237.73751220000022,349.4890209250001
6715,280,218.93519110000017,321.22970072499993
6716,280,216.3540075250001,325.61212860000006
6717,280,258.8055471750004,291.4192829000001
6718,280,237.24230624999996,311.93363424999984
6719,280,205.0993962500001,259.7595464749999
6720,280,191.9955106750001,256.6216517499999
6721,281,134.87142285000002,175.54677622500003
6722,281,151.85379215,164.88908329999992
6723,281,150.02385967500004,153.55424230000003
6724,281,165.80057012500004,136.27318887499996
6725,281,191.27248870000028,192.36665880000004
6726,281,128.60267837499987,190.17822444999993
6727,281,182.83979422500005,243.56335585000002
6728,281,233.9338313500001,224.58814559999996
6729,281,226.6391461,269.13565985
6730,281,331.4434471750001,237.0138546749999
6731,281,342.916266025,263.442549225
6732,281,386.5737158500002,307.97832174999985
6733,281,347.8113810749999,316.32913694999996
6734,281,412.2733974500001,364.155966775
6735,281,408.5942024250004,451.91953697499997
6736,281,356.51841652500025,347.5942448999998
6737,281,384.9570326750003,371.0838185499997
6738,281,335.907712275,354.4990375
6739,281,347.7476027000002,360.6748374
6740,281,308.77005995,309.068814575
6741,281,259.78572539999993,258.01818994999985
6742,281,285.0369195500002,272.343932475
6743,281,214.93501074999998,214.58748164999994
6744,281,229.71286387500007,189.67517070000002
6745,282,160.47067067500012,139.49059310000004
6746,282,158.73553154999996,142.31490345000003
6747,282,176.10942817499998,168.5517109249999
6748,282,140.8613709500001,159.23434057499995
6749,282,171.47624772500015,173.21996980000006
6750,282,179.13699147500017,207.40372217500004
6751,282,228.18828102500024,176.56616852499994
6752,282,196.2101930250001,217.01342159999984
6753,282,252.9646551750002,254.07171705000005
6754,282,254.19392552500005,303.3580263749999
6755,282,258.7549024250002,296.64348040000004
6756,282,322.93874537499994,303.83442464999996
6757,282,284.4874999250002,354.27008190000004
6758,282,303.35980657499994,366.72800234999966
6759,282,310.49827872500043,371.7848999750001
6760,282,290.54284635,357.5055215
6761,282,293.785454875,376.0754479499999
6762,282,315.14887552500005,362.05746062500003
6763,282,298.7301206000002,323.97154254999975
6764,282,234.94501555000005,325.93761959999995
6765,282,308.615660025,251.87226502499985
6766,282,240.34731167500016,284.52023172500003
6767,282,248.76183922500013,244.76197934999982
6768,282,232.74374850000015,238.2931368249998
6769,283,175.56319732499998,155.96122062499995
6770,283,195.01443532500014,126.97217885
6771,283,193.9189149500001,168.58217122499997
6772,283,193.1345689500003,183.39023549999993
6773,283,185.05390602500012,178.64591497499998
6774,283,223.33201900000012,208.82144537500002
6775,283,221.77435750000006,254.03706619999974
6776,283,254.72062447500008,275.9541008999997
6777,283,270.5935959000006,224.16066947500002
6778,283,270.07015417500014,234.6410567499999
6779,283,288.3813527750002,228.36926772500004
6780,283,316.21396347500007,192.25503607500008
6781,283,298.025472175,286.7095934250001
6782,283,273.47333590000005,257.74167380000006
6783,283,296.6549939250001,302.90715202499973
6784,283,258.2922458000003,235.3124104749999
6785,283,274.0573434250001,287.73268679999995
6786,283,253.24212147500003,312.83418359999985
6787,283,258.40686347500025,312.63193889999997
6788,283,261.29834932500023,348.0195784499998
6789,283,262.28839694999994,304.53013217499995
6790,283,295.175155475,285.3815098000001
6791,283,238.6177975500001,242.47775044999992
6792,283,240.7520131999999,224.15021132500004
6793,284,179.20616435,134.073524675
6794,284,205.68127687500032,140.74523984999996
6795,284,166.4609598250001,157.241067975
6796,284,216.32045829999998,152.16188225
6797,284,199.87664685000004,170.59336019999995
6798,284,172.7246688999999,211.66932427499995
6799,284,173.2873502250001,202.67644525000003
6800,284,209.60611135000013,253.6410663249997
6801,284,281.0390655250004,274.14306827500013
6802,284,241.6450184750002,236.29100119999993
6803,284,272.96658697500004,290.0840689249998
6804,284,296.02140365000014,325.19057960000015
6805,284,317.0395987500002,376.83023582499993
6806,284,303.30055490000007,269.16907117499966
6807,284,285.75096347500005,315.220843275
6808,284,291.98917387500023,236.34404550000005
6809,284,230.7896400749999,217.39295387499993
6810,284,239.20600680000035,210.85789687499988
6811,284,243.2039161250001,199.518719525
6812,284,247.97633222500002,228.7066551249998
6813,284,341.27425784999997,229.75691762500014
6814,284,289.7300419249999,240.89459327500018
6815,284,258.4921392750002,216.78932302500004
6816,284,275.25971570000013,247.6036746
6817,285,195.22890990000008,222.82737667499993
6818,285,184.41225525000004,210.39293357500003
6819,285,204.17538054999986,204.41056775000004
6820,285,201.66536182500005,207.46348664999994
6821,285,182.57807807500018,177.54849077499992
6822,285,188.23395370000014,212.50665425000005
6823,285,227.34547450000008,230.53363847499998
6824,285,228.59139720000013,255.23989652499995
6825,285,227.3627312249999,277.9899033999998
6826,285,294.46762282500026,239.96095535
6827,285,304.0265684,270.68751237499976
6828,285,281.8334587000003,278.97624335
6829,285,319.00429062500007,329.92727477500006
6830,285,232.5600423250002,267.4421531749998
6831,285,240.09703802500013,240.31536885000008
6832,285,205.9765594750001,328.5112527499999
6833,285,251.40872687500007,225.33615344999993
6834,285,254.40174377500017,238.5985773499999
6835,285,254.18847265000016,283.0632233250001
6836,285,224.56604317500006,310.45788577500014
6837,285,254.61408902500037,291.6426969999999
6838,285,248.45093894999997,319.9997304750001
6839,285,233.74800127499995,325.99190705
6840,285,191.36727624999995,277.38771444999975
6841,286,171.78418835000002,174.27436782499996
6842,286,179.7172768500001,169.50934692499993
6843,286,175.35233850000014,171.60712029999993
6844,286,188.88705777500005,178.03463037499995
6845,286,167.42204512499995,182.73220902499992
6846,286,195.36112605000008,182.06526854999998
6847,286,210.73885982500008,205.15742287499995
6848,286,230.09207402500016,229.3714885999999
6849,286,224.9027913000001,192.103392375
6850,286,242.84720140000016,198.02465587500015
6851,286,237.1040473999999,219.29683884999986
6852,286,249.1104128000003,180.20745102500007
6853,286,276.98599839999997,227.91564080000006
6854,286,290.4175496250001,195.71847229999986
6855,286,248.4333250999999,215.0686960249998
6856,286,283.30507920000014,214.655589825
6857,286,309.3304426000001,253.38296584999983
6858,286,248.241819125,234.09835855000009
6859,286,253.2087698,241.79817827499983
6860,286,246.88596665000006,244.62503779999986
6861,286,252.2339343750001,217.82794502499993
6862,286,210.08818659999997,261.8211465500001
6863,286,209.98212122500013,250.4675284
6864,286,186.84827715000006,196.6470807249999
6865,287,201.67041645000012,201.40780105000005
6866,287,189.92095897500002,170.63901885
6867,287,174.82755410000004,196.98208107499988
6868,287,161.53213260000007,184.470165125
6869,287,182.21510075000003,172.588333375
6870,287,166.49440324999986,149.77792669999997
6871,287,150.41618294999992,202.68746837499995
6872,287,169.77588902500014,208.58095630000003
6873,287,206.88558460000007,216.58860055000008
6874,287,246.04413820000002,233.3183220749998
6875,287,266.66957082500033,248.64314530000007
6876,287,267.5312023250005,270.2165092500002
6877,287,255.37402217500016,266.11656215
6878,287,294.4261597250001,221.36541072499986
6879,287,242.13599785000002,205.63790879999996
6880,287,203.6275335250001,201.5912155749998
6881,287,210.12530299999997,280.65071742500004
6882,287,210.8104417500002,267.29026662499996
6883,287,265.9642709500001,222.9140007749998
6884,287,269.43947322500003,280.31322539999985
6885,287,256.9971375000003,244.83455600000002
6886,287,251.27297805000018,225.77201825
6887,287,249.87110527500013,219.3134996499999
6888,287,226.5066373,223.84534077499995
6889,288,190.19487917500032,195.62198699999996
6890,288,200.47982435000006,155.83204559999984
6891,288,215.72687747499998,168.11904832499982
6892,288,198.918180475,153.26623515000003
6893,288,173.2033123999999,201.1819181749999
6894,288,168.9276427250001,222.5388589999999
6895,288,192.48048765000016,240.95526592500002
6896,288,210.55002344999997,249.7111132000001
6897,288,262.99611155000014,276.73912437499996
6898,288,272.169826425,292.274858525
6899,288,290.8793233750001,319.7991869499999
6900,288,306.1831098250001,342.8022677499998
6901,288,375.35216867500026,314.67955292500005
6902,288,392.68232075000026,302.28008069999987
6903,288,353.08186942500004,360.28638185000005
6904,288,312.4002029000004,329.5965684499997
6905,288,339.64173085000004,377.1770198749998
6906,288,327.10815005000006,375.86952674999986
6907,288,313.438910975,372.6233803499998
6908,288,334.01663157500025,344.1158913250001
6909,288,286.1602149750002,414.73810760000003
6910,288,331.4443504750001,328.2124184999999
6911,288,319.2969117500002,275.60697157499993
6912,288,203.85362555000012,260.4439978249999
6913,289,131.4705178000001,178.45875157499995
6914,289,140.1163840750001,177.63485464999997
6915,289,139.2482278750001,166.75398552499993
6916,289,124.41896362500003,191.39922850000002
6917,289,131.93948742499992,200.96321519999995
6918,289,138.02523575000023,216.60123397500007
6919,289,237.73661580000004,209.34865179999997
6920,289,265.5740602500003,238.98206394999988
6921,289,208.92822442499994,244.39475380000016
6922,289,279.81193962500043,261.09234195000016
6923,289,232.1106980250002,229.35760152500012
6924,289,217.6171356000001,314.02091714999995
6925,289,281.58239622500014,208.86942522499993
6926,289,315.369883125,238.80029429999985
6927,289,363.64623847500036,354.4484367500001
6928,289,406.47894322500036,351.16756160000006
6929,289,341.2080782500002,312.1113002
6930,289,316.23147915000027,319.30318122500006
6931,289,259.7480019500001,336.4747711750001
6932,289,312.9177941500001,350.3885122749999
6933,289,313.266266675,414.693904975
6934,289,293.2186880500001,344.31129874999976
6935,289,291.58172050000024,311.1095913
6936,289,268.38783025000055,282.3709590250001
6937,290,189.33865512500012,173.64485524999995
6938,290,158.99677270000007,152.66239874999997
6939,290,168.8619991000001,173.70292092500006
6940,290,179.45971284999996,181.51569825
6941,290,159.52429452500007,192.31216447499995
6942,290,179.39982129999993,187.20438189999996
6943,290,166.76142162500014,227.7939277999999
6944,290,204.22429009999985,182.74768572499985
6945,290,230.91028702500006,219.91244047500007
6946,290,260.1907362250004,266.66572057499974
6947,290,305.4082755500003,220.26861912499984
6948,290,317.9947116750003,281.84475510000004
6949,290,270.7613559750001,342.8715927999999
6950,290,345.4709315750001,325.1026263499999
6951,290,335.3934097750001,377.6158923999999
6952,290,369.9031574000001,333.86657797500004
6953,290,346.4752912250003,401.4968911999998
6954,290,312.733793075,361.13660909999976
6955,290,368.55716737500006,380.1244976999999
6956,290,312.3570085,352.1528978000002
6957,290,307.7204443000002,330.16448649999984
6958,290,316.06411715000024,315.65150494999995
6959,290,329.09697620000037,284.497274625
6960,290,309.1900922500003,245.48595815000002
6961,291,191.93370047500014,176.992102625
6962,291,170.11880530000013,157.3738166
6963,291,173.56960787500012,151.15394524999994
6964,291,169.24694895000013,180.54978224999988
6965,291,183.61505820000025,195.66941229999998
6966,291,132.40956012499984,175.69421979999981
6967,291,155.85532005000022,203.46683802499987
6968,291,230.64168840000036,239.7831253499998
6969,291,307.8532371500001,255.97650407500004
6970,291,385.9774557250001,337.4202436749998
6971,291,306.2989525750002,371.0910519250001
6972,291,291.0347358500003,410.9703159999998
6973,291,326.41513275,357.2217222499999
6974,291,320.955112925,315.891133325
6975,291,323.9686897750001,362.77685799999983
6976,291,310.3757714249999,362.30608529999995
6977,291,385.65787795000006,269.572110425
6978,291,367.18588015000034,292.8224741749999
6979,291,343.42730277500004,337.3179725749999
6980,291,302.16662342499995,362.46101190000013
6981,291,292.33485917500025,302.6618102000001
6982,291,273.4432155500002,359.98213607499997
6983,291,257.02979937499987,272.5124756
6984,291,294.5652193000002,237.96581714999985
6985,292,178.7307534750002,181.71621412499988
6986,292,186.68170432500023,175.8557883
6987,292,160.54201565000002,173.92510507500003
6988,292,198.65292109999996,212.70234497499996
6989,292,179.71957357500008,177.57958242499993
6990,292,192.95016512500024,192.5145243249999
6991,292,201.0188763000001,254.58027214999987
6992,292,163.05974205000018,203.3181038
6993,292,202.7001864000003,293.75325132500006
6994,292,271.446995225,274.4648675249997
6995,292,237.48885035000006,289.54914367499987
6996,292,300.05589985000006,270.2295503500001
6997,292,311.41248802500013,310.6047674000001
6998,292,272.561623525,345.1024444749999
6999,292,348.11279642500074,371.93270545000007
7000,292,312.74188647500023,321.628077725
7001,292,361.3732812000005,337.59964549999984
7002,292,355.70540537500017,335.14655025000013
7003,292,265.3296915000001,323.7423853749999
7004,292,257.71432419999996,279.3383198
7005,292,309.1949131750001,282.30109775000005
7006,292,265.2071067000003,269.98224304999997
7007,292,278.21462905,262.92667717499984
7008,292,217.25178510000023,267.26168684999993
7009,293,174.4865552,209.59178429999986
7010,293,174.01270737500016,187.6014386
7011,293,168.70799555000002,177.5390564749999
7012,293,164.1867057500001,158.67760327499988
7013,293,166.95683972500007,148.09730222500005
7014,293,145.65512780000017,141.63760307499996
7015,293,181.34496297500021,169.79384145000003
7016,293,192.200172975,202.38538109999996
7017,293,186.288746025,223.70180497499996
7018,293,299.10234415000065,291.7594062249999
7019,293,260.6332993000001,253.44560125000007
7020,293,273.70081732500023,256.137283725
7021,293,307.113621175,270.25545677499986
7022,293,250.91817085,290.1397942999999
7023,293,241.78061597500005,266.9828606999998
7024,293,218.35898420000004,263.2191356000001
7025,293,200.7913492,214.70791862500005
7026,293,248.5401423000001,252.24040214999997
7027,293,251.4330081750001,237.49013949999986
7028,293,246.26736732500012,223.7434351499998
7029,293,220.8829040000001,202.9141125
7030,293,218.13912954999995,197.09369867500016
7031,293,186.77912212500004,211.359330925
7032,293,187.11897222499996,185.4976653749999
7033,294,133.3873034500001,130.73647050000008
7034,294,150.6564125000001,141.41782417499996
7035,294,149.0295723750001,117.03314740000008
7036,294,132.26836662500006,165.41730479999995
7037,294,153.84276827500014,179.92817294999992
7038,294,156.74298840000006,175.55215997499997
7039,294,197.50503527500018,182.69807919999994
7040,294,178.21162424999997,212.64877144999986
7041,294,194.71488575,236.5960160749999
7042,294,225.19531330000035,234.30041939999984
7043,294,227.88616942500008,295.15110074999984
7044,294,221.14445727499998,266.35163149999994
7045,294,223.00689510000024,275.28795942500005
7046,294,192.5327861750002,245.57494320000006
7047,294,227.3002463000002,292.07982272499993
7048,294,273.0588212250003,314.25825929999985
7049,294,267.36687272499995,260.70025777499995
7050,294,256.9252164750002,274.5943578999998
7051,294,289.11332702499993,244.6290431499998
7052,294,247.41034845000013,239.58009812499972
7053,294,209.27078987500005,253.13208144999996
7054,294,244.42633677500004,240.08605092499982
7055,294,231.08809000000002,207.12423682499997
7056,294,182.7076337250001,180.83543614999996
7057,295,159.36669515000006,144.91256554999995
7058,295,145.46773947500003,141.69986057499995
7059,295,124.76481535000002,150.255293625
7060,295,137.98431975000005,142.79751242499995
7061,295,125.44425190000007,174.76807972499992
7062,295,213.09419220000012,148.38976947499995
7063,295,210.92482334999988,147.8172937000001
7064,295,255.40416675000003,183.42959580000002
7065,295,221.9904792,231.61357099999987
7066,295,235.54825075000016,230.35092540000008
7067,295,261.6055827250002,233.63377319999995
7068,295,270.84923765000025,275.988702775
7069,295,318.60296120000004,269.85407602499987
7070,295,291.9294905500002,240.70588014999987
7071,295,265.3015671250001,284.7568767
7072,295,255.58947005000024,219.65879352499982
7073,295,312.36742650000025,231.89015772499988
7074,295,284.3218930500001,269.525191025
7075,295,294.09292314999993,287.19717694999997
7076,295,287.35395595,291.8370542749999
7077,295,292.89493115000033,345.30896419999976
7078,295,256.2274686,256.1504109999999
7079,295,243.5402232250001,205.03718242500003
7080,295,203.72304475000004,143.9961311999999
7081,296,151.90823862500008,174.337805125
7082,296,159.45815387500016,174.5647947
7083,296,124.94195232500003,199.33262634999997
7084,296,161.22304227500018,193.18487295000003
7085,296,157.09485682500014,190.21950117499992
7086,296,181.15416062499986,157.11483727499996
7087,296,222.79647485000018,200.41799284999993
7088,296,169.35105612500004,239.10140659999996
7089,296,191.29363479999995,257.3103768249999
7090,296,235.56843655000011,264.4057514000001
7091,296,249.27846912499984,262.02661200000006
7092,296,239.26871582499996,337.32092835
7093,296,277.08377567500014,336.20319889999996
7094,296,284.21844752500016,339.05928712499997
7095,296,281.991389375,301.0840093749999
7096,296,251.2977207250001,268.55219432499973
7097,296,248.74387107500002,265.6717125250001
7098,296,196.66994737500005,245.8327416250001
7099,296,218.51197877500022,229.37018277500005
7100,296,201.63264907500042,265.4167103249999
7101,296,237.7804924,278.0695258249998
7102,296,257.0322876750001,271.2248909249999
7103,296,212.9480456249999,252.639890025
7104,296,224.79810072500018,224.95133294999997
7105,297,171.72053172500006,133.433096375
7106,297,141.6459613,140.1039932
7107,297,154.28652980000018,110.8860925749999
7108,297,164.9403826000003,131.40638742499993
7109,297,170.04127112500004,128.13293019999992
7110,297,196.52186369999993,143.52183877500002
7111,297,166.69276629999993,213.66756302500005
7112,297,176.11040985000002,203.45971512500006
7113,297,208.0698715000001,190.29432824999998
7114,297,283.9820862499999,346.8162319249999
7115,297,279.650268375,302.17983649999996
7116,297,279.79936802500015,356.6025281249999
7117,297,273.85074170000007,287.39628662500013
7118,297,296.0658176750001,278.4410231749998
7119,297,273.47464005000006,251.9578729249999
7120,297,250.83841517500008,266.88585417499985
7121,297,266.70125552499997,268.91223657500007
7122,297,254.722996675,261.54891032499995
7123,297,298.4466076250003,268.7611792499999
7124,297,273.2086580000002,297.04985387500017
7125,297,261.76788210000007,288.4420190999998
7126,297,249.48408490000025,242.02808272500005
7127,297,215.19825067500005,223.69960384999996
7128,297,173.11744427500003,220.05095909999994
7129,298,161.33585777500002,125.26442727499989
7130,298,179.30289557500006,147.3519030249999
7131,298,146.46885267500005,159.00152080000004
7132,298,138.0672815000001,165.58618262500002
7133,298,154.44530950000004,167.329509525
7134,298,180.42820197500004,188.2470480749999
7135,298,195.15546417499996,221.5618036999998
7136,298,249.4224642000002,245.17124607499994
7137,298,202.1363410750002,212.31441910000004
7138,298,226.2464623250002,271.4973185499998
7139,298,276.9488094000001,287.93239600000004
7140,298,249.36596377500018,271.650965325
7141,298,258.6584616249999,281.9654677249998
7142,298,228.62291859999996,314.41104484999994
7143,298,253.41536349999996,310.7133794749999
7144,298,268.65853467500006,293.73330604999995
7145,298,288.39777942500007,295.55452917499986
7146,298,273.0385395249999,221.3810530749999
7147,298,253.96228440000013,204.45806355000013
7148,298,261.76535130000036,209.84998927500004
7149,298,253.6459159250001,174.11665612499996
7150,298,223.88403827499997,262.745065275
7151,298,234.25157222499996,216.33207727499996
7152,298,246.22559847500008,209.3351828999999
7153,299,158.4527806499999,161.28804584999986
7154,299,135.13891072500007,191.98988474999996
7155,299,169.77001412500005,155.55431032499996
7156,299,139.62564462500006,184.4931828
7157,299,168.13547945,149.20112305000004
7158,299,166.45762440000007,174.26968219999992
7159,299,208.29732872500014,199.90950424999994
7160,299,176.1153168250002,191.34042152499995
7161,299,153.69836999999998,280.81532027499975
7162,299,213.91959579999997,293.44873425000003
7163,299,222.4863580250002,308.9849872000001
7164,299,236.59986572499992,295.97960974999984
7165,299,184.2140962750001,266.866798825
7166,299,247.67535757500008,266.22017174999996
7167,299,207.56744829999994,271.7165782000001
7168,299,285.11589830000025,247.6068533
7169,299,236.88316550000002,252.66808635000004
7170,299,256.8855174250001,255.18912667500013
7171,299,263.6991171750002,256.4664907250001
7172,299,268.88962270000013,239.52896237499994
7173,299,257.258408175,298.82193759999984
7174,299,236.295191375,268.78645907500015
7175,299,249.91944692500005,244.90288295
7176,299,172.67815537500005,204.92577084999994
7177,300,164.6934455,148.65469267499992
7178,300,145.16728472500012,166.29601697499987
7179,300,133.12501759999998,170.76806435
7180,300,175.786696875,181.2531391749999
7181,300,173.1964837500003,174.41814465
7182,300,195.50374657500004,205.32354912499994
7183,300,170.40144275000011,249.53652167500002
7184,300,238.99590735000024,213.07852107499986
7185,300,271.201072575,187.0071244
7186,300,249.74011350000035,235.25843169999982
7187,300,226.19059100000004,242.60290234999985
7188,300,245.17515549999996,259.2834018750001
7189,300,240.33129720000005,251.69067742499993
7190,300,247.349045375,258.00310227500006
7191,300,224.11472032500006,246.95653487499987
7192,300,223.39616980000017,276.57901774999993
7193,300,247.08432004999983,296.81821057499997
7194,300,274.33478767500003,257.6254630999998
7195,300,265.9650875500003,268.1124871499999
7196,300,273.0742788999999,284.3666117999999
7197,300,277.1309638250001,260.60602890000007
7198,300,239.85709170000032,288.30352917499994
7199,300,199.91512482500005,268.87380699999994
7200,300,178.9133966,268.8847188
7201,301,167.34267712500008,168.18826860000001
7202,301,173.24679102500008,146.60134637499988
7203,301,180.15905262500007,167.34721707500003
7204,301,189.63673012500016,161.85955484999997
7205,301,198.99647782500006,145.11488379999997
7206,301,176.18520380000004,157.34609614999988
7207,301,197.2382863499999,189.15078415000005
7208,301,183.34853804999986,237.2557575749999
7209,301,166.19227219999988,182.78293737499996
7210,301,209.0826732,231.45048655
7211,301,228.12070465000036,304.2777403249999
7212,301,267.1815884750002,300.39568469999983
7213,301,269.971363125,304.99164737499984
7214,301,293.9444966000001,263.86564562499984
7215,301,260.2385036750001,242.9606535250001
7216,301,258.4382505999998,238.56496352500005
7217,301,251.98572745000007,242.67203417499996
7218,301,264.3808409500002,275.18474772499974
7219,301,269.8414264500001,272.36804032500015
7220,301,304.99763482500026,296.8231025000002
7221,301,310.2029739000001,289.5190867000001
7222,301,298.1013640500001,264.78554564999996
7223,301,247.01116917500008,285.6814994249998
7224,301,220.84000575000002,230.62395744999992
7225,302,125.23847845000003,167.18487612499993
7226,302,154.93353795000016,136.94928382499995
7227,302,146.26009402500006,166.01828222499995
7228,302,158.16204835000002,203.9498954749999
7229,302,146.55477592499994,176.4506654500001
7230,302,141.80714052499994,174.01667715
7231,302,209.45117752500005,197.20275207499986
7232,302,209.10598055000014,221.83524137499978
7233,302,247.3126953750002,232.82481747500003
7234,302,307.35091182500025,313.15385902499975
7235,302,272.3577770000002,275.58387732499995
7236,302,248.18322150000003,345.31576942500004
7237,302,291.81246565000004,341.7199705499999
7238,302,288.50138000000015,400.93233329999975
7239,302,323.97543485000006,358.13153027499993
7240,302,285.722739775,327.385295725
7241,302,304.07172865000007,367.0365417999999
7242,302,290.4440438250001,276.98947385
7243,302,276.60977500000035,298.2110527499998
7244,302,333.76397970000016,292.02797194999994
7245,302,357.3282739000001,279.0717475000001
7246,302,332.83364545000006,240.01060212499993
7247,302,325.09360745000015,198.65869407499991
7248,302,332.471931325,173.18990405
7249,303,151.6978890250003,149.23171492499992
7250,303,139.332427,115.07201360000005
7251,303,147.6023738250001,143.94245064999996
7252,303,133.71698102500005,123.82978427499998
7253,303,159.282259075,134.66972650000005
7254,303,201.0949647000001,139.17913120000006
7255,303,213.37418960000025,156.84833685000012
7256,303,192.34877814999993,248.92762862499998
7257,303,270.05760160000005,260.6350802
7258,303,299.27425332500013,221.8917076749999
7259,303,327.15640117500016,256.3362115999999
7260,303,306.29897487500017,283.85047655
7261,303,278.2627100000001,252.08403042499992
7262,303,259.32485147500006,268.5968794749999
7263,303,253.99602892500016,246.10348457500004
7264,303,208.88912220000026,256.88842130000006
7265,303,280.641675375,263.98725435000006
7266,303,283.7033520000004,236.6054407250001
7267,303,236.44456282500022,248.7153719999999
7268,303,274.9470985500003,258.0202777249999
7269,303,234.14564919999998,234.48574037500006
7270,303,206.15042617500012,245.69141535
7271,303,163.203655025,221.43915037499994
7272,303,168.94787627500037,162.4847721
7273,304,180.61450205000034,166.20476049999994
7274,304,163.1452175250001,161.91033482499995
7275,304,154.11860432500004,161.46953154999989
7276,304,178.22593957499998,156.86674757499986
7277,304,151.7931394250001,154.15156589999992
7278,304,185.4722297,152.74563867499995
7279,304,188.88187700000003,217.86163797499984
7280,304,170.33142627500013,247.86464194999996
7281,304,235.70963740000005,249.49471617500004
7282,304,237.4140116499999,329.42152839999994
7283,304,244.70466740000015,293.94748112499985
7284,304,288.04988975000015,254.81474834999995
7285,304,273.68729817500014,214.37952112499983
7286,304,313.13579072500045,236.01926935
7287,304,261.152136725,230.14353417499987
7288,304,300.7562971250003,270.7491204999999
7289,304,220.6107968750003,264.20119514999993
7290,304,231.92956392500002,287.2595701749998
7291,304,231.896758475,288.1132971749999
7292,304,203.76220307500006,286.17457964999994
7293,304,251.72442025000015,243.05175734999978
7294,304,211.50979520000004,221.61114157499986
7295,304,197.6940484500001,244.48366754999995
7296,304,177.2583258250001,238.67236882499998
7297,305,154.30753290000007,161.14067824999995
7298,305,174.03389212500008,144.11779187500005
7299,305,144.54272437500006,130.35410770000001
7300,305,128.40859017500009,121.15894192500005
7301,305,146.12459887500012,149.66135587499994
7302,305,208.38570992500019,159.12039095
7303,305,186.16573572500005,222.55699569999987
7304,305,156.84434799999997,235.98094694999998
7305,305,208.99913099999998,252.32695782499985
7306,305,251.87177527500018,265.66404895000005
7307,305,326.78600045000024,286.87831159999985
7308,305,239.14146142500002,258.9076926
7309,305,220.5726475000002,343.81925435
7310,305,294.9017038249999,302.2915485750001
7311,305,239.431308125,274.6461388000001
7312,305,262.5346596500002,275.26714159999983
7313,305,265.8809668500002,269.019467075
7314,305,259.2055105750002,214.954251075
7315,305,217.2973659,273.22671377499995
7316,305,244.62895252500022,285.2393799249999
7317,305,215.027471,311.4335153499999
7318,305,247.62440240000015,333.108346975
7319,305,211.71744932500002,272.5580696999999
7320,305,200.03812070000032,218.33929870000003
7321,306,166.61872470000006,188.09298964999994
7322,306,151.1245856,179.92427329999998
7323,306,160.56869465,211.83351017500001
7324,306,145.26641460000016,181.46108994999992
7325,306,169.079360075,172.13906734999995
7326,306,179.83333527499997,143.39825517499997
7327,306,206.12633050000005,198.971239025
7328,306,210.94273952500006,252.08013677499986
7329,306,219.90200662500013,293.057727225
7330,306,243.81045880000028,262.7047881499999
7331,306,286.1271055000001,295.6760172749998
7332,306,264.29754637499997,271.1999996500001
7333,306,254.68607550000013,287.0628348
7334,306,291.31331220000004,303.796233725
7335,306,253.59678285000012,281.751202125
7336,306,245.72065110000023,241.46650555000008
7337,306,204.77823622500011,231.03413584999998
7338,306,194.67148392500008,262.96373027499993
7339,306,236.521973375,276.44191602499984
7340,306,213.43702942500016,253.14931167499986
7341,306,213.35905887500024,225.98473645000013
7342,306,217.76339535000017,233.93530175000006
7343,306,209.13781019999988,243.32623354999998
7344,306,191.976772675,196.02788625
7345,307,166.23128377500004,145.99373087500007
7346,307,143.63763992500003,151.0766118499999
7347,307,136.47578070000006,139.95038770000002
7348,307,136.70881215000009,173.82548365000005
7349,307,184.07129750000013,149.26050387500004
7350,307,136.66544857499997,165.97767457499998
7351,307,141.08971077500007,161.5700337
7352,307,173.16818857500016,179.34035532500002
7353,307,195.2957473000002,208.11316917499994
7354,307,276.7770990250001,218.38500332499984
7355,307,269.8843311249999,215.698632475
7356,307,215.3556485000002,242.493607925
7357,307,199.31607082500003,244.24427275000005
7358,307,233.24870790000008,222.53972064999977
7359,307,221.58869105000022,233.56630595000001
7360,307,236.61105350000025,289.98245587499997
7361,307,244.47184105000002,210.137960625
7362,307,264.375313975,237.51340659999983
7363,307,263.3715893000001,213.70977702499997
7364,307,276.08476525000003,232.67056019999984
7365,307,296.4473404750006,223.62595262499994
7366,307,265.5826356000002,230.3257904499999
7367,307,250.01150284999997,233.90547317499997
7368,307,188.57915970000008,221.73638352499995
7369,308,161.25831652500005,156.538753425
7370,308,150.406788475,175.46719704999992
7371,308,132.65736900000007,161.78276457499996
7372,308,162.5626819250001,142.92674747499993
7373,308,147.28071129999995,136.08162719999987
7374,308,192.48217970000013,116.1406983749999
7375,308,187.21350135,139.10390199999995
7376,308,217.01139770000015,203.8419626249999
7377,308,202.8518513750002,244.65502940000013
7378,308,243.1041168750001,213.2837752249999
7379,308,264.5072920250002,211.4989335499999
7380,308,278.2781432500003,257.7473344999999
7381,308,209.5476958749999,205.31551234999998
7382,308,209.254631125,266.106273275
7383,308,222.48499727500007,238.8256041749998
7384,308,216.90261257500006,227.22090915000004
7385,308,245.348588075,230.32005917499987
7386,308,265.38335925000035,251.3780497999998
7387,308,284.08791375000027,241.69968457500005
7388,308,265.0086050250001,241.84275409999992
7389,308,271.2222568250002,256.62216379999984
7390,308,299.05680387500024,199.843749625
7391,308,241.9359324250001,197.31448107499995
7392,308,197.11059450000016,181.93608987499988
7393,309,140.35916162500004,158.37634907499995
7394,309,150.79450132499994,149.22711959999992
7395,309,152.26606137500016,132.8301656
7396,309,145.892298975,179.93192492499998
7397,309,137.70816975000008,143.05093315000005
7398,309,153.7212591500002,141.14644572499998
7399,309,154.9614023000001,158.3006212
7400,309,162.24903210000008,169.6620979750001
7401,309,232.68770242500005,233.33600804999995
7402,309,247.1899712500001,255.04013904999982
7403,309,262.3622398000001,251.51966065
7404,309,284.10598942500013,247.73328429999998
7405,309,242.61461735000012,335.9414389499998
7406,309,276.276173,322.01362370000004
7407,309,298.3057223750003,292.74216340000004
7408,309,311.15417047500017,328.38541277499996
7409,309,281.88406717500004,306.7279705249998
7410,309,258.7593813500002,342.3990333749998
7411,309,285.86746034999993,283.70239900000007
7412,309,271.0878357500001,300.7943187750001
7413,309,269.1456693250001,270.3161112499998
7414,309,273.31672057500015,223.5419234499999
7415,309,227.07997694999995,201.06342270000005
7416,309,209.75732967500005,180.29167965000002
7417,310,139.02841062500005,150.56429672500005
7418,310,119.22373300000004,169.09460152499994
7419,310,120.20595540000006,156.39003027500004
7420,310,110.60822210000015,187.06610807499996
7421,310,154.71306864999997,176.04498625
7422,310,118.07363282500006,163.19133117500002
7423,310,173.08127670000005,185.32043082499987
7424,310,188.733576325,219.25329527500003
7425,310,192.71584157500013,255.33785829999994
7426,310,255.59895082499997,260.19913080000003
7427,310,292.9628623250005,273.5009290250001
7428,310,359.71309527500034,359.5884029249999
7429,310,270.499738575,343.78349302499976
7430,310,283.31500552500006,310.0739488500001
7431,310,286.0999845749999,287.85388767499967
7432,310,284.806990025,333.25631105
7433,310,290.37445585000023,335.620422325
7434,310,271.7402223500001,291.43374644999994
7435,310,280.4052445250002,284.113128475
7436,310,265.40743882499993,279.78989652499996
7437,310,228.24236054999994,237.0380776500001
7438,310,262.7062588250002,288.997041875
7439,310,241.3576005000001,265.4330738499999
7440,310,225.31554792500026,194.18130562500005
7441,311,157.80015684999995,151.99747889999998
7442,311,132.469904675,155.11824547499998
7443,311,149.15898237500028,152.60365187500003
7444,311,180.33054730000015,145.97526847500006
7445,311,178.78874447500004,126.21593552499994
7446,311,193.90995660000007,211.36620322500008
7447,311,253.20210652499992,220.78063249999994
7448,311,245.00481992500002,198.97905009999997
7449,311,217.3750526,211.64990312499987
7450,311,299.2254210250002,245.13316674999993
7451,311,311.60724385000003,277.52481265000006
7452,311,366.632894275,264.50894982500006
7453,311,326.9216316750002,254.05436907499995
7454,311,343.8956967750006,268.65452235
7455,311,356.1149999750003,284.68520824999996
7456,311,297.1714372250001,249.79246122499978
7457,311,294.2441024750001,300.1527885249998
7458,311,279.9426394000002,253.23885135000006
7459,311,227.42630820000008,251.45812372500006
7460,311,256.33278947500014,253.9119845249998
7461,311,259.1197164500001,222.45522529999994
7462,311,205.79438844999999,219.14141999999995
7463,311,184.57486792500018,225.765364925
7464,311,173.59770365000008,219.95183017500005
7465,312,131.98164107500006,207.49215559999993
7466,312,138.41954155,168.606866775
7467,312,153.64437715000003,134.66808405
7468,312,153.28527962499996,170.57447750000006
7469,312,158.14373782500013,149.21610934999995
7470,312,194.5422972000001,223.09883072499983
7471,312,233.81119872500014,171.43804447500014
7472,312,219.18887157500046,256.84955242499996
7473,312,230.81228202500017,230.22975617499992
7474,312,250.01647135000002,272.38992002500004
7475,312,256.27453885000017,242.84018964999996
7476,312,288.23226960000034,301.08751844999995
7477,312,258.1969902250001,296.137046625
7478,312,253.66753402500026,277.46354215
7479,312,240.36712845,310.6991438499997
7480,312,293.93467942500035,315.0410688999999
7481,312,307.4297530749999,256.56617117499997
7482,312,259.52346235,291.32515895
7483,312,246.69690382499982,264.75309404999956
7484,312,261.65779605000046,283.2899753500002
7485,312,258.2615414500003,266.8309153249998
7486,312,224.04890517499987,245.79709847499987
7487,312,211.07103687499995,241.0419186749999
7488,312,185.98619142500002,209.0832941999999
7489,313,179.40927940000003,254.75168465000007
7490,313,171.8391300250003,219.831641375
7491,313,206.68064855000003,221.38167694999987
7492,313,191.30492582500034,181.68576705000004
7493,313,206.7950579000002,189.60203719999993
7494,313,206.295685025,179.56442275
7495,313,190.30278382500018,180.5404510499998
7496,313,210.66299350000008,164.80665342499998
7497,313,244.157638725,221.56771554999995
7498,313,305.6852184500001,260.88686697499986
7499,313,325.67089210000023,276.34913722499994
7500,313,291.283556,218.63511660000012
7501,313,253.00320380000016,237.34680782499998
7502,313,235.50487670000004,289.64673719999985
7503,313,232.89600124999993,227.2430152249999
7504,313,244.61845247500017,268.2280705249999
7505,313,206.50051422500013,238.23227682499999
7506,313,187.90192604999996,204.29935317499985
7507,313,197.37617137499998,226.7920962000001
7508,313,228.85277584999983,215.03052359999998
7509,313,250.95563507499995,228.92039357500008
7510,313,210.61038467500012,263.456151575
7511,313,205.68468802500024,244.85755524999996
7512,313,206.8993834750001,213.73980187499996
7513,314,193.8247188500001,156.53270297500006
7514,314,182.49288382500006,135.99489344999998
7515,314,155.72907615000003,158.7384346249999
7516,314,138.96270215000007,128.79980022499998
7517,314,190.89554450000003,168.1830493
7518,314,177.0876404000001,162.796305575
7519,314,211.59050320000023,131.0995923999999
7520,314,213.42097619999993,161.88261782499995
7521,314,211.4785702000001,232.9008941
7522,314,194.66585170000002,252.64612702499983
7523,314,186.1089135000001,286.9897692999999
7524,314,207.61526315000015,281.5377757499998
7525,314,197.13460370000016,224.16720317500008
7526,314,193.96467512499993,219.01213522499998
7527,314,225.60918027500009,270.57939922499986
7528,314,225.9571697000001,231.44589152499998
7529,314,238.3105941000004,262.71814714999977
7530,314,225.5539770250001,277.1091479249999
7531,314,258.0089205250001,247.00987305
7532,314,194.65257127499993,267.4897395999998
7533,314,222.03280697500006,240.00788099999988
7534,314,215.07714600000014,239.60286189999994
7535,314,161.6447317000002,205.55720692500003
7536,314,141.48581352500014,183.918219225
7537,315,188.5022476750002,175.65528747499997
7538,315,187.30899145000006,186.621820425
7539,315,211.10316500000002,152.57632282499992
7540,315,200.58867327500002,156.375133875
7541,315,210.50771142500008,207.31197057500003
7542,315,196.15536357499985,190.25613774999997
7543,315,190.14647427499992,179.34670590000002
7544,315,194.21409280000006,186.525575125
7545,315,223.47858805000024,164.14934547500002
7546,315,208.40328897499995,213.8863267499999
7547,315,254.58411730000023,192.0489753249998
7548,315,331.31570810000017,205.08177914999993
7549,315,294.57324192500005,238.44693902500006
7550,315,242.0803187500001,214.94418962499998
7551,315,269.76878894999993,171.73311437499996
7552,315,219.69074482500005,185.30065440000004
7553,315,264.3363643750001,164.19301007500002
7554,315,201.05705567500004,211.1848546749998
7555,315,245.57466625000023,197.69752022500012
7556,315,259.39957520000024,191.39260052499992
7557,315,264.01469567499987,173.54820912499974
7558,315,221.17285760000004,171.67199264999994
7559,315,228.9939379249999,162.34260452499996
7560,315,196.74156389999996,151.03868244999995
7561,316,161.2278947000001,149.603455825
7562,316,164.0052699000002,147.767498675
7563,316,207.039394625,132.7409114
7564,316,179.01397592500018,160.1170577
7565,316,178.86888380000002,168.82268577499997
7566,316,166.09799370000002,221.28887712499994
7567,316,173.43389062499995,219.12396279999987
7568,316,238.48711565000002,237.27983949999995
7569,316,202.32683082500006,217.71515825000012
7570,316,256.8193057500001,220.33765607499993
7571,316,235.39604657500013,229.01544989999996
7572,316,284.67901190000015,250.50830627499977
7573,316,271.020679125,271.40216677499984
7574,316,258.8082761250001,300.3512441
7575,316,320.13636432499993,324.7185448
7576,316,277.5444522500001,295.16878207499997
7577,316,246.30381889999995,294.9935763249999
7578,316,280.0859597,284.8357043749998
7579,316,288.35455052500004,221.272516875
7580,316,226.34412285000013,248.82177172500013
7581,316,232.38950497500002,297.51829102499994
7582,316,239.02819915000003,277.1138573749999
7583,316,262.8536928000001,226.1212673
7584,316,193.3532096500002,190.09916772499997
7585,317,137.50157152500003,130.3603333499999
7586,317,116.54392607500006,132.5477599
7587,317,147.98986730000004,144.85427027499995
7588,317,140.79919717500002,135.45747555000008
7589,317,200.65905094999997,144.33951685
7590,317,189.51026660000002,157.75898734999993
7591,317,162.7125817750001,191.60455577499994
7592,317,192.49738812500001,211.2516658750001
7593,317,259.98584347500014,214.75466442499987
7594,317,284.6390179000001,257.67866824999976
7595,317,253.95407440000022,256.18101245000014
7596,317,280.1653025000001,280.60183252499996
7597,317,254.20853972500007,295.2282876749998
7598,317,259.34059830000007,272.669512975
7599,317,263.30943975000014,264.83909142499976
7600,317,286.8688833500001,248.06923522500006
7601,317,231.94183880000008,232.09493747499994
7602,317,229.1852293999999,261.47231722499987
7603,317,217.52312989999996,260.84802114999974
7604,317,169.8183383250001,237.76495509999978
7605,317,231.62861610000033,228.12538927500003
7606,317,229.8130915500001,227.30226870000013
7607,317,233.16572552500014,190.11442997499992
7608,317,177.2040350000001,174.22278522500005
7609,318,139.85915057500006,147.74698277499994
7610,318,146.6920498500001,124.07250412499994
7611,318,126.63659695000015,128.45366659999996
7612,318,160.82857190000004,139.05492852499992
7613,318,169.29734037500006,158.26066499999996
7614,318,160.5023672749998,173.86366349999997
7615,318,206.48651270000005,176.40269650000008
7616,318,175.37373012499995,230.9605965249998
7617,318,163.73384410000017,211.6682258750001
7618,318,239.42771207499993,298.86376934999987
7619,318,335.40871442499986,290.18503287500005
7620,318,306.0635230250002,340.5600345249999
7621,318,227.97326162500005,311.43639959999985
7622,318,229.98215347499996,275.791349875
7623,318,219.68022610000034,287.903586775
7624,318,237.90199740000025,300.760624925
7625,318,245.07277862500013,259.10693894999974
7626,318,259.8182948250001,309.5937706
7627,318,259.3583443000002,222.65720417500012
7628,318,247.48584395000023,217.98292897499994
7629,318,311.27490290000003,269.53166494999994
7630,318,236.71451092500013,238.87938279999992
7631,318,222.43449767500016,213.5364839499999
7632,318,188.7104536500001,187.10855625000002
7633,319,127.58986242500004,202.344259125
7634,319,143.75384712500005,177.66011442499985
7635,319,111.06496892500004,171.8405623499999
7636,319,123.04441327500005,134.83063659999996
7637,319,148.17403685000002,152.75996677499995
7638,319,193.28590612500022,184.7054248999999
7639,319,232.49264599999998,180.68275594999994
7640,319,189.64580692500013,236.52352572500018
7641,319,213.5013299000001,227.8910686499999
7642,319,289.3784017250004,376.6898284249999
7643,319,385.49522375000004,334.6462216499999
7644,319,327.69449579999986,338.697534475
7645,319,261.700337575,324.22833222499986
7646,319,252.29802207500006,273.36312324999994
7647,319,260.34688897500064,255.60517867499993
7648,319,253.87094495000014,276.0401068749999
7649,319,229.5978306749999,243.96809594999974
7650,319,244.19755032500018,236.92409162500016
7651,319,252.01196270000017,209.75564952500008
7652,319,210.19894652500008,242.40732479999977
7653,319,228.8946524999999,257.2349004749999
7654,319,259.22171810000026,270.8746365250001
7655,319,212.46722602499983,273.4713975749999
7656,319,204.56161082500006,219.75571179999997
7657,320,167.82109750000018,150.26642537499993
7658,320,149.34046537500012,134.033648025
7659,320,163.78129915000005,108.87065525
7660,320,134.0912526,140.82641320000005
7661,320,168.79344337500007,140.48186522500004
7662,320,174.26173985000003,180.31565079999996
7663,320,187.19590010000005,192.2485434999998
7664,320,229.13589920000015,222.30557970000007
7665,320,252.41039877500037,223.74488092500002
7666,320,276.6096333250001,236.68171012500005
7667,320,323.750443925,229.577044825
7668,320,304.99898137500026,264.1946836499997
7669,320,281.5820538500005,213.08141544999984
7670,320,281.802267775,232.60766404999995
7671,320,297.7000074250001,259.092569175
7672,320,280.1701255750001,256.87425329999985
7673,320,228.15455160000005,201.19898352499993
7674,320,229.71100367499997,247.33623302499987
7675,320,227.8633917500001,243.64195074999986
7676,320,266.8840404000001,287.7252997249998
7677,320,224.86290200000025,221.4794259250001
7678,320,267.38507944999986,205.8397973499999
7679,320,260.70223855000063,209.50669142499999
7680,320,263.77192452500003,202.144623175
7681,321,148.16166080000028,160.5417208
7682,321,164.85471872500005,170.152359075
7683,321,123.6763535500001,188.54515069999997
7684,321,128.6658788500001,165.72766537499996
7685,321,155.050055775,173.63078627499993
7686,321,174.52295387499996,189.47344337499993
7687,321,159.39855232500003,202.0609266
7688,321,174.5009335250001,207.5425476249999
7689,321,165.4665301000001,222.29889375000005
7690,321,189.36262432499984,182.83227027500004
7691,321,272.30073722500026,229.88160667500003
7692,321,255.7698081500001,184.72321305000003
7693,321,238.3127035500002,192.6714546249999
7694,321,237.30442190000014,185.14750902499998
7695,321,178.6305831750002,252.26101897499976
7696,321,204.183401,226.7283397249999
7697,321,224.40192469999994,242.03653742499986
7698,321,210.4155935249999,216.82494154999992
7699,321,215.39098345000008,251.15877812499974
7700,321,210.64838402500013,264.67735414999987
7701,321,220.6848387,244.01808544999994
7702,321,197.50073862499997,250.75159069999998
7703,321,176.93342170000022,217.77226422500001
7704,321,161.47131015000005,188.24517012500007
7705,322,143.19947002500015,158.30897152499995
7706,322,168.48387280000006,147.2557357
7707,322,167.26527707500006,157.63021885
7708,322,157.95998592500007,131.18515635
7709,322,165.56467022499996,140.20345587499997
7710,322,182.27462180000003,147.97507252499997
7711,322,186.4317182500002,151.55461097500006
7712,322,159.94102727500007,141.85983892499985
7713,322,171.00430100000005,163.16203112499997
7714,322,219.7141318000002,187.94393559999997
7715,322,269.1214520000001,196.4343741249998
7716,322,210.78428187500003,212.56390367499992
7717,322,217.58928705000025,255.89474869999992
7718,322,211.6719560250001,226.48915362499997
7719,322,209.3644902000002,217.86816197499988
7720,322,220.08048275000007,180.87013015000002
7721,322,204.08851495,200.67230119999994
7722,322,233.5139456000001,223.91047947499985
7723,322,239.32162939999995,222.4024596999998
7724,322,249.75998822499992,191.15790140000001
7725,322,250.36953432500013,191.6531877249998
7726,322,218.82516267500014,148.97097042499996
7727,322,209.08267697499994,196.018196875
7728,322,182.868384375,163.08101687500007
7729,323,134.31033385000015,163.37518984999997
7730,323,120.77392275,152.813696725
7731,323,117.26047239999991,142.83846984999997
7732,323,126.67053900000005,123.38932489999992
7733,323,153.85809187500016,136.455279125
7734,323,128.20403665000012,167.83983602500007
7735,323,171.72377740000016,178.45129597500005
7736,323,149.70715675000014,207.62723417499996
7737,323,179.16887595000026,242.44817849999998
7738,323,253.1660637750001,271.12688957499995
7739,323,232.87651774999992,249.53915737499975
7740,323,216.96593587499996,303.9876281999999
7741,323,230.52364427499992,324.64045862499995
7742,323,204.42580092500015,312.47022645
7743,323,250.040091325,336.61453287499984
7744,323,289.7205948,336.6142847499999
7745,323,244.27150550000007,348.0195446749998
7746,323,231.99919352500012,330.06952159999986
7747,323,292.27262129999986,330.15147034999984
7748,323,338.1512736750001,297.0602968249999
7749,323,311.57852809999997,255.0912879999999
7750,323,258.31004610000014,257.283409625
7751,323,251.38535867499996,188.19354487500004
7752,323,225.94630310000002,201.05644050000004
7753,324,136.4582140000001,146.0348499
7754,324,134.949821725,173.047763575
7755,324,158.65486505000007,168.4249634999999
7756,324,169.76586312499995,137.29764122499995
7757,324,189.48847130000019,178.031421225
7758,324,184.9935717000001,164.4204504249999
7759,324,172.86909612500023,144.28853787499995
7760,324,191.8705992750001,156.56782317500006
7761,324,204.25969140000018,204.01813727499976
7762,324,217.86207587499996,250.83550084999985
7763,324,221.58769985000004,269.5215479999999
7764,324,256.5658798750002,311.22936684999996
7765,324,229.86225732500014,292.00463227499984
7766,324,285.368453725,290.26832227499983
7767,324,319.8694345250001,286.207174325
7768,324,315.48359072500006,353.7289513249998
7769,324,261.34978864999994,331.4958314250001
7770,324,280.22159352500023,257.40210052500004
7771,324,309.67155519999994,272.74981352500004
7772,324,258.3795843250004,298.422400175
7773,324,283.5709633000003,285.215721575
7774,324,260.03967732500024,291.1589652249998
7775,324,236.3072325999999,280.0981116749998
7776,324,242.37552140000008,236.4655711499999
7777,325,110.80629280000011,143.81566415000003
7778,325,127.31253957500019,154.1181423499999
7779,325,105.83033577500001,159.31055869999994
7780,325,112.6170274750001,150.01800397499997
7781,325,126.81690280000007,186.21938864999993
7782,325,166.34183832499988,178.90296132499992
7783,325,180.96493522499998,218.78072429999997
7784,325,246.50348000000014,269.639740125
7785,325,244.65219577500017,254.9566541749998
7786,325,262.3450852499999,314.0953259749998
7787,325,288.3725174250002,299.9303686249999
7788,325,305.4001365500003,295.60952662499994
7789,325,237.43480474999998,286.26999987499994
7790,325,223.1605363750006,295.2799655499997
7791,325,256.14150112500045,315.151519375
7792,325,258.01397117499994,294.61427119999996
7793,325,232.48412960000024,260.8818779249999
7794,325,267.30449517500074,244.0518915250001
7795,325,258.12531244999997,237.71715067500003
7796,325,218.42282067500008,220.41262122499995
7797,325,256.9517961,259.4595639249998
7798,325,193.01241792499988,227.28251890000013
7799,325,202.85392105000017,209.42249529999998
7800,325,176.41815177500004,195.15188555000003
7801,326,143.47903685000006,129.45146624999998
7802,326,100.41508262499997,131.277383725
7803,326,89.11794517500005,129.53282629999993
7804,326,163.02747682500024,117.18728040000003
7805,326,146.71381955000007,132.41032604999995
7806,326,140.0302253250001,132.39871502499986
7807,326,191.07979109999997,183.95697454999998
7808,326,205.0549216500002,191.63624767499994
7809,326,184.59318062499992,200.9271453
7810,326,231.5460990000002,227.92415307499996
7811,326,241.88820704999992,231.78016469999994
7812,326,212.37539110000012,231.3859047499998
7813,326,257.9633416500002,285.0175460749999
7814,326,234.93359839999994,286.77947452499996
7815,326,210.4130889500001,213.47715237500006
7816,326,218.25935167499992,239.12489297499997
7817,326,245.82113330000007,245.41309750000005
7818,326,239.96418725,212.70618000000002
7819,326,208.5741723250003,247.1208421
7820,326,202.400539075,203.68354682500006
7821,326,183.18991705000002,213.3972912999999
7822,326,176.40709999999996,187.61701864999998
7823,326,195.4649889750002,180.26188079999997
7824,326,205.07897087499998,153.78235972499994
7825,327,159.50007492500004,135.06004847499995
7826,327,130.93253765000003,134.6928424249999
7827,327,128.86587467499996,134.24616974999992
7828,327,150.28062537500008,144.324782625
7829,327,131.38536587500016,171.085719075
7830,327,148.58263004999998,199.01620017499994
7831,327,175.00271565000014,220.46529915000002
7832,327,184.37082815000008,186.82335005
7833,327,194.34343967499998,207.06499422499996
7834,327,232.54758980000008,201.91347407499995
7835,327,212.38536130000006,247.26704772500005
7836,327,253.1636635000001,244.49099807499982
7837,327,221.15960045000014,206.13361265000003
7838,327,197.34730707500006,231.76750439999984
7839,327,214.34215330000006,205.31980227499997
7840,327,274.8226004749999,229.38922537500002
7841,327,276.9142607500001,283.525082075
7842,327,277.95598600000005,200.6248289250001
7843,327,247.67857135000003,232.52440429999996
7844,327,258.41261962500005,219.46359645000004
7845,327,261.1286208750001,194.47412622500002
7846,327,279.791244225,212.37752442500002
7847,327,254.86917337500006,229.49614467499995
7848,327,205.78145395000018,191.38559635000007
7849,328,119.45153837499997,146.00925117499997
7850,328,120.6664640000001,171.78593437499995
7851,328,121.39739147500005,171.43275389999997
7852,328,131.53825565000014,165.1087600749999
7853,328,139.97012237499996,146.964808925
7854,328,137.67532647500005,169.87476572499986
7855,328,189.09270035000003,179.72190055
7856,328,191.815095175,179.54313154999997
7857,328,199.7298353250002,215.72551764999997
7858,328,209.3595630000001,253.61191417500004
7859,328,229.11405982500023,238.39052122500004
7860,328,260.95210852499986,248.17362342499996
7861,328,197.3935384,296.7561688999999
7862,328,211.21889535000003,287.05030049999993
7863,328,174.44486665000005,308.39437747500006
7864,328,218.95111337500015,264.97819404999996
7865,328,170.2299572500001,225.99399177499993
7866,328,196.6913710250003,250.2378682250001
7867,328,206.2843363500002,253.25333192499983
7868,328,239.29112955000005,187.10698664999993
7869,328,261.484319025,191.04031315000003
7870,328,236.61478517500012,220.53910392499998
7871,328,233.13000257500022,200.19192017499995
7872,328,168.1662216750001,172.66453279999988
7873,329,143.36830645000015,134.00516737499987
7874,329,125.85287975000031,123.38472382499998
7875,329,141.94255222500001,139.462826975
7876,329,103.13323045000001,173.83592975
7877,329,128.23756082500006,167.49900494999986
7878,329,144.70972525000008,169.39950625
7879,329,153.39013745000017,172.76784212500002
7880,329,203.03674400000017,212.0857365499999
7881,329,239.27961957500034,196.26649275
7882,329,247.73423150000008,222.45129830000008
7883,329,248.47405057499998,233.58358369999985
7884,329,243.67697120000008,251.32493952499976
7885,329,216.56821740000012,289.25901409999983
7886,329,199.89180207499996,227.07528460000003
7887,329,208.96552372500014,227.9654621499999
7888,329,194.40670432500008,247.19631115
7889,329,204.1444117749998,253.29456522500013
7890,329,216.60661037500003,269.559515625
7891,329,277.20794382500014,242.67530537500002
7892,329,213.72193995000026,216.24951485
7893,329,235.74952782500006,207.41225037499996
7894,329,179.1349364749999,214.74808177499995
7895,329,201.00938485000012,206.12278747499994
7896,329,178.8975021,179.0384637250001
7897,330,131.88144444999998,117.6813556749999
7898,330,111.24334620000008,165.99881979999998
7899,330,129.27284010000017,128.92276712499992
7900,330,120.35189412500014,135.25887847499993
7901,330,128.3743826750001,126.29858769999993
7902,330,178.04079922500026,210.714447775
7903,330,180.13875517499997,210.58023687500014
7904,330,204.24914604999998,222.9319844999998
7905,330,266.22584450000016,216.35984149999996
7906,330,271.10195285000043,234.82392017499984
7907,330,299.03487450000006,284.9615313500001
7908,330,300.5425790250001,272.1477528750001
7909,330,261.10685172500024,286.49042744999974
7910,330,269.50239569999997,293.7975919249999
7911,330,302.37764577500013,325.84180962499994
7912,330,259.82151802500005,241.64853197499986
7913,330,292.6944898500001,260.8525894500001
7914,330,272.50846295000025,206.365508875
7915,330,299.1804605250002,249.01568267500008
7916,330,285.3799348750001,234.27240472499986
7917,330,295.954693675,254.957471425
7918,330,267.789899325,259.50537244999987
7919,330,282.89383267499994,227.97979764999997
7920,330,221.22410810000017,206.77515534999986
7921,331,155.25386820000003,132.45334152499996
7922,331,154.44481447500004,132.1185409249999
7923,331,162.34068129999994,173.32670122499997
7924,331,199.09273452499997,139.2232811
7925,331,133.58460304999994,184.23977007500002
7926,331,183.63571967500008,200.13596230000002
7927,331,194.60883569999993,238.617965525
7928,331,272.392832525,221.93463747500022
7929,331,224.39012982499995,261.1109119249998
7930,331,211.30827402500006,278.2308819750001
7931,331,246.22436247500022,277.23772857500006
7932,331,323.57713175000026,309.66377285
7933,331,277.9636816750002,294.64914902499993
7934,331,311.7417708500001,276.9681664749999
7935,331,281.0593530500001,245.9133280500001
7936,331,279.69944310000005,256.8537200249999
7937,331,263.31266892500014,276.1431740999999
7938,331,289.3019867250001,281.02388994999995
7939,331,270.75163732499993,237.87918260000006
7940,331,306.0591679000004,229.58649554999982
7941,331,283.72318532500014,275.4327722500001
7942,331,255.40023390000033,216.69732080000017
7943,331,293.946809475,233.290414775
7944,331,273.7908241250004,254.54548172500003
7945,332,163.48862540000027,159.15781482500006
7946,332,168.5033530750003,149.3327688249999
7947,332,145.4573527500001,115.59371562499994
7948,332,119.64674740000005,141.764246
7949,332,155.374848025,159.244837725
7950,332,222.40475482500017,177.2320474499999
7951,332,216.5657694250001,185.971652025
7952,332,201.82946665000014,218.58684879999993
7953,332,210.80027167500018,223.4298379999999
7954,332,227.0083180000003,256.98954754999994
7955,332,226.79056645000014,264.48831159999986
7956,332,216.95292132500003,272.3951054749999
7957,332,204.00810167500026,265.04313377500006
7958,332,277.36635739999997,303.4823605249999
7959,332,266.26314902499985,227.1783446500001
7960,332,249.30530960000004,193.07648975000006
7961,332,265.89296909999996,236.10551177499997
7962,332,255.22022572500003,266.38248052499995
7963,332,262.71117600000014,290.75670842499983
7964,332,245.32325745000014,239.77553422499983
7965,332,322.68626632500013,193.9784360750001
7966,332,225.02254725000006,246.92308679999988
7967,332,263.08729600000026,219.0189909249999
7968,332,222.79756625000016,210.25832817499992
7969,333,154.2000661750002,168.6907804999999
7970,333,171.70800240000017,155.47604280000002
7971,333,156.73393255000013,132.76748892499992
7972,333,201.45124985000012,142.03355454999996
7973,333,181.89045635000002,162.50432037499988
7974,333,204.6055135000002,196.37900669999988
7975,333,219.79084807499999,220.26473207499998
7976,333,227.82838427499996,210.28607937499996
7977,333,283.8469418500001,264.9044304249998
7978,333,287.03040955000034,254.47072897499984
7979,333,312.3472251500001,289.1367550000001
7980,333,309.73550144999996,267.76646819999996
7981,333,334.3216037750001,321.1743817749999
7982,333,325.37526685000006,312.54424707499993
7983,333,262.91401157500013,286.96589234999993
7984,333,301.64787175,293.49802545
7985,333,291.16761677500017,246.76639657500004
7986,333,267.8948207750002,287.4800231999999
7987,333,315.8844800000003,263.6873564250001
7988,333,233.34241934999994,266.714748925
7989,333,234.8001282250001,255.5137784000001
7990,333,249.1338116250004,259.0332429749999
7991,333,222.02283189999997,281.761843975
7992,333,218.57331032500008,246.91115714999995
7993,334,175.887256625,187.22657624999994
7994,334,159.4746227750001,201.65858287499998
7995,334,203.91181897499996,170.93936785
7996,334,158.43864162500012,153.90415932499997
7997,334,159.42438150000004,185.872792225
7998,334,128.43515812500002,235.898082375
7999,334,187.9094993000001,223.69750630000019
8000,334,254.18034830000002,226.43510882499976
8001,334,251.34868814999993,311.96750622499985
8002,334,277.975334525,273.205367175
8003,334,335.7142431000001,261.2279345249999
8004,334,319.77233255,271.40204819999985
8005,334,354.79531172500015,250.06541895000015
8006,334,306.5854992750003,243.01666654999985
8007,334,296.8399237250002,253.35425547499983
8008,334,305.77558072500057,246.74088097500015
8009,334,291.00708072500004,271.13661140000005
8010,334,247.0416199,268.8270362999999
8011,334,259.3620636,213.52450252499995
8012,334,237.19628902500008,230.12589719999988
8013,334,231.55972865000004,249.06091367500005
8014,334,252.9220004750004,294.03717900000004
8015,334,191.77247237500012,242.26858029999988
8016,334,210.0375347750001,206.65778142499994
8017,335,120.83494682500007,145.52855625
8018,335,138.70665687500014,142.39430152500003
8019,335,129.1055258750001,135.81707742499992
8020,335,112.84364227500001,173.308362375
8021,335,132.53878727500003,167.22290002499994
8022,335,177.10277322500053,196.35621217499997
8023,335,138.27487949999988,178.53935179999988
8024,335,174.0732260750001,212.25219534999997
8025,335,176.89025642500025,189.12965934999994
8026,335,242.89307442500004,263.60332334999987
8027,335,224.79466392500012,282.71568379999997
8028,335,253.10447959999993,329.0045036749998
8029,335,224.96437699999984,298.9811226500001
8030,335,299.709915725,237.63788109999984
8031,335,242.06571615000024,229.8242289499999
8032,335,207.80966184999988,191.03412557499996
8033,335,223.22518225000005,198.46792634999997
8034,335,224.83878695000016,240.493366025
8035,335,230.5893648500001,253.06374877499994
8036,335,204.90129614999987,223.08677064999998
8037,335,224.47874900000016,195.48212857500005
8038,335,191.68873962499987,217.93823159999988
8039,335,237.95331485000006,218.90711649999992
8040,335,223.85585270000007,192.48003642499998
8041,336,181.79403060000013,172.3577908249998
8042,336,134.90767457500004,145.3282066499999
8043,336,164.76326182500003,152.53763547499995
8044,336,166.20586224999994,155.60233902499994
8045,336,134.53259162500007,170.09278014999987
8046,336,151.70531905000004,144.73227697500005
8047,336,159.32773424999993,144.4928975999999
8048,336,237.76658442500002,190.76377250000002
8049,336,192.73427935000024,198.0638046749999
8050,336,185.41366920000002,235.18310040000006
8051,336,231.25227392499997,241.14250897499977
8052,336,224.2177589500001,240.97810000000004
8053,336,277.8019173250002,214.43928797499996
8054,336,289.84137220000025,256.76474082500005
8055,336,256.9321840250003,236.0351451749999
8056,336,212.09578007500002,253.35371650000008
8057,336,236.02991595000017,250.96276174999986
8058,336,262.16994182500014,242.2705159749998
8059,336,244.90662265000017,243.68000225000003
8060,336,212.63705145,252.91455697499998
8061,336,230.15828717499988,249.69594817500007
8062,336,225.9152938499999,247.1719128749998
8063,336,233.82330544999994,241.40474477499993
8064,336,189.43394374999997,183.28998744999998
8065,337,159.88967522500008,154.78951665000002
8066,337,145.24915157500013,122.98557177500007
8067,337,156.52372872499993,125.30247709999999
8068,337,134.97516730000004,122.38517114999993
8069,337,172.6146869750002,140.63075647499994
8070,337,201.8797345500002,179.13142292499992
8071,337,157.71993587500003,227.13258445000008
8072,337,211.97441970000008,223.14839252499996
8073,337,207.51675602500012,319.6098753499999
8074,337,225.50754675000007,264.04749522500015
8075,337,238.2847757250002,306.77435352500004
8076,337,244.8587046000001,259.71179309999997
8077,337,252.5587258249999,268.2645603
8078,337,295.00471652500005,272.7799120999998
8079,337,288.99144797500014,278.930074525
8080,337,239.89248674999993,260.11623277500007
8081,337,270.962662975,314.35850882499983
8082,337,264.42703725,332.52368705000004
8083,337,308.1625027500002,276.90120902500007
8084,337,277.4510665250001,243.89270309999995
8085,337,311.2723249500003,230.50548592499985
8086,337,253.80869692499994,231.45412647499992
8087,337,200.05091065000013,194.31496342499997
8088,337,196.101095,167.81718184999994
8089,338,143.38079770000002,133.08716267499995
8090,338,139.72648687500003,130.69149799999997
8091,338,170.8086865250003,148.86259694999998
8092,338,159.93253385000014,130.37012400000003
8093,338,145.19092295000002,169.07004642499993
8094,338,167.36547017499998,190.98611052499996
8095,338,191.74727149999995,197.37049302500003
8096,338,196.48508327500025,230.2961634500001
8097,338,232.1382406250005,230.9770680750001
8098,338,295.4356136000001,269.94190159999994
8099,338,254.90866030000018,212.41232297499988
8100,338,238.62582327499996,273.51775925
8101,338,220.54241597499995,253.57832125000002
8102,338,248.78178297500023,270.23486890000004
8103,338,242.7769110000001,291.69916025000003
8104,338,216.5160432750003,246.09591285000005
8105,338,221.02536992499992,260.99075559999994
8106,338,283.2539965250003,258.888565625
8107,338,310.9369915250001,278.24395230000016
8108,338,234.09075937500006,317.588524625
8109,338,277.8288214250001,276.155819525
8110,338,240.83225079999988,276.37247787499984
8111,338,215.38982172499996,276.53662350000013
8112,338,212.90929735000026,295.3883189499999
8113,339,183.37949595000018,166.83055645000002
8114,339,199.50333132500015,197.44937079999994
8115,339,173.96492902500017,178.06376567500004
8116,339,183.56454135000004,155.40824422500003
8117,339,166.8925827000001,157.04207660000003
8118,339,186.44572794999988,164.31863175
8119,339,235.72533214999993,179.395097275
8120,339,254.57475392500015,194.55839562499995
8121,339,367.9952973750002,171.56649969999995
8122,339,299.7245690750002,279.82218859999983
8123,339,297.72563182499994,277.31138617500005
8124,339,303.38581760000034,256.5076510250001
8125,339,254.80391055,270.14881172499986
8126,339,276.0013153500001,236.74265162499998
8127,339,258.45141020000005,194.12867989999998
8128,339,310.8229846000002,216.66624877499996
8129,339,280.51749315000006,265.12356157500017
8130,339,217.02323602500024,240.4271130499998
8131,339,292.54898485000024,270.31868375
8132,339,298.34821209999996,278.0272328750002
8133,339,269.5467367500004,270.3670074749998
8134,339,263.0548648000001,253.19260910000008
8135,339,251.89424972500035,229.22763914999996
8136,339,210.3699438000002,231.11687944999994
8137,340,147.54169492500014,204.30718172499996
8138,340,160.99724192500005,211.6873490499999
8139,340,164.0069185000001,191.11832457499992
8140,340,130.42018052500023,213.27770079999996
8141,340,155.10631482500017,196.388371025
8142,340,187.68834027500006,236.80006819999988
8143,340,184.55486552500014,252.87163647499978
8144,340,196.80103612500005,231.34322859999986
8145,340,225.6790388500002,243.79558739999987
8146,340,253.54016234999992,241.85184487499993
8147,340,360.181837725,223.7461609499999
8148,340,342.15651949999994,216.08617782499994
8149,340,311.8710026,306.57524985
8150,340,309.52708455000015,323.5793594500001
8151,340,269.6509913749999,289.37623837500007
8152,340,247.765836875,273.45915264999996
8153,340,253.96747084999996,250.3693252
8154,340,270.25081092500005,223.07896022500012
8155,340,260.25199407500014,284.2445201999998
8156,340,251.94623840000025,211.20086924999993
8157,340,265.7630438750004,228.67502135
8158,340,304.4800465250001,224.57240267499986
8159,340,260.6721646499999,203.16121227500005
8160,340,273.6547753250002,206.22982532499992
8161,341,170.27282335000007,248.219017625
8162,341,167.6826823,225.88536225000001
8163,341,200.40747907500003,209.93535877499988
8164,341,181.83821157499995,185.76298177500001
8165,341,179.04507125,168.54110077499982
8166,341,220.26257890000022,186.63099355000008
8167,341,253.19042605000007,212.62868860000003
8168,341,239.7656027000001,279.273206425
8169,341,219.12664587500012,245.20395239999988
8170,341,247.2077222000001,201.9170050749999
8171,341,207.59235617499996,243.0202119499998
8172,341,234.9755839000002,231.94495987499997
8173,341,214.8493737999998,250.61319414999986
8174,341,308.96227750000037,283.65186915000015
8175,341,318.5044396750006,297.25423334999994
8176,341,257.6870817500001,293.2648028000001
8177,341,241.3797265250005,298.753684975
8178,341,217.35251852500028,343.47541915000005
8179,341,260.149313675,282.62183242500015
8180,341,233.54818175000005,238.74313485000005
8181,341,258.73589825000005,256.07937595
8182,341,265.2425760750001,246.82516164999993
8183,341,237.63500312500005,246.26902492500005
8184,341,201.98338542500005,227.02162244999994
8185,342,156.28321930000004,141.59856795000005
8186,342,177.48009542500003,119.31404459999992
8187,342,130.77769312500004,154.597913575
8188,342,161.96581250000003,137.4502714499999
8189,342,152.28564387499995,148.55650757499998
8190,342,141.48849830000012,150.39653984999998
8191,342,168.07849390000013,146.44800177499997
8192,342,161.9152995750001,166.8709333999999
8193,342,190.67363024999997,173.61277659999996
8194,342,239.7525968,212.09485309999985
8195,342,218.95592495000008,233.35353442500002
8196,342,261.68770305000015,239.09892979999987
8197,342,234.525981825,298.137309475
8198,342,214.45952132500005,237.29690119999987
8199,342,235.79207585000006,219.76560665
8200,342,180.48620247500014,201.20714942499995
8201,342,233.95959655000024,202.073106075
8202,342,191.86684764999993,263.70432287499995
8203,342,175.7087072250004,221.85346677499996
8204,342,221.7494844250001,218.25822487499994
8205,342,244.2717387500003,238.95469752499994
8206,342,224.37131249999993,207.18890724999977
8207,342,169.45514975000003,216.17607297499995
8208,342,159.84100960000004,236.79243647500004
8209,343,124.13253142500002,138.178921925
8210,343,127.47396525000006,143.33431300000004
8211,343,138.00147069999997,128.52514094999995
8212,343,159.70177155000027,157.43179437499998
8213,343,162.580192,144.07481892499993
8214,343,162.5638120750001,149.71065014999988
8215,343,206.47206165000006,157.67940587500004
8216,343,202.85807450000004,168.11626217500006
8217,343,192.301841975,187.8378247500001
8218,343,229.79719612500014,188.87590682499996
8219,343,291.1685156500001,220.47428692499972
8220,343,290.3339179500001,231.489171975
8221,343,255.7181693000001,261.80385980000017
8222,343,210.45119007499994,240.72930512499994
8223,343,219.92212742499999,217.93920325000002
8224,343,210.0465723000001,215.57786274999992
8225,343,225.2735424999999,199.13356202500006
8226,343,252.56720662500007,215.62789910000006
8227,343,261.18422940000016,196.35994182500005
8228,343,275.1154654750001,282.64110567499984
8229,343,215.01365580000024,288.725402725
8230,343,188.25887247500015,259.695471275
8231,343,174.2521843250002,219.54449294999984
8232,343,200.64517987500014,207.23170605
8233,344,138.04088295000008,119.95542797499998
8234,344,126.12509562499997,118.11166045000002
8235,344,127.429612825,133.36676947499993
8236,344,141.37820985000008,129.74255519999994
8237,344,136.77719377500006,154.14703054999995
8238,344,182.0271042750002,192.208003875
8239,344,210.06797080000018,208.3816333499999
8240,344,263.72147170000034,247.67250154999988
8241,344,214.12014877500008,235.0855154749998
8242,344,271.1012251499999,240.00378744999986
8243,344,241.92234332500007,229.30350592499985
8244,344,228.37273220000003,229.92577089999992
8245,344,251.13235142500008,278.04529617499986
8246,344,291.7731763500001,274.47154909999995
8247,344,277.10719375,267.7733324
8248,344,260.83662475000006,231.68508075
8249,344,230.44513487500018,283.51696017499984
8250,344,237.48987912500007,270.9999933999999
8251,344,211.29193652500007,306.94560847499986
8252,344,276.51980330000004,291.0716372249999
8253,344,271.55643310000005,329.1601022749999
8254,344,251.53055862500005,238.96186417500002
8255,344,226.71412810000015,188.81693327499994
8256,344,211.88821572500018,205.11116694999993
8257,345,204.7348179500002,170.00438652500003
8258,345,206.6131971000001,157.38334759999998
8259,345,170.721420975,194.58791237500003
8260,345,163.52812705000002,165.1622425749999
8261,345,188.69249715000015,175.77408202499998
8262,345,183.80726042499998,175.00933264999992
8263,345,207.0436512000001,232.17577705000005
8264,345,263.4870008750004,239.68969109999995
8265,345,197.73994649999992,231.46385469999996
8266,345,233.5624074749999,205.29147192499988
8267,345,278.25242355,205.8542356249999
8268,345,233.40430567499993,200.91164499999988
8269,345,231.4986513,233.72155377499988
8270,345,305.417592175,270.34476757499976
8271,345,315.37254217500026,224.89497172499983
8272,345,302.1199351500006,213.72093514999992
8273,345,243.72483587500005,246.80180217499992
8274,345,262.543756675,218.86647054999983
8275,345,289.2905193250001,260.1124576499999
8276,345,268.1880826250002,253.36318844999994
8277,345,288.2471726000001,200.49224122500004
8278,345,328.3608902250001,207.85857234999997
8279,345,259.994506425,275.25681549999996
8280,345,244.99848262499995,242.23639782499993
8281,346,225.96116074999992,186.527241
8282,346,233.31055692500036,211.10186265
8283,346,188.6510810250001,194.946026425
8284,346,200.27209750000017,186.7975654
8285,346,212.27097759999998,199.90025205000003
8286,346,158.77212707500018,239.278995325
8287,346,242.32803422500035,242.04855992499972
8288,346,248.39837960000008,236.49565170000005
8289,346,202.11156480000008,213.89263930000007
8290,346,228.02035727500024,236.2749984500001
8291,346,262.2247256750003,265.91841222500005
8292,346,285.0451991250002,245.80319442500002
8293,346,232.33386397500007,268.2174073
8294,346,257.571120075,263.87959472499983
8295,346,300.870240425,231.83387820000007
8296,346,227.43368480000026,287.99568382499984
8297,346,253.53514997500014,228.15909555000007
8298,346,288.7731176500006,284.00986235
8299,346,257.3684883,281.20552039999995
8300,346,306.7006253500002,227.86332352499977
8301,346,359.96340290000035,232.22432147500012
8302,346,266.2550269750001,222.384735625
8303,346,239.950654675,236.2687766749999
8304,346,243.94535205000022,218.0151237999999
8305,347,144.95971475000007,175.11759932499996
8306,347,153.354819325,128.5358936
8307,347,195.34101094999994,138.98691269999995
8308,347,132.82756162499993,149.69500894999993
8309,347,124.08099457500008,163.19593132500006
8310,347,158.89675170000012,192.6832002999999
8311,347,218.05004292500027,228.88749464999998
8312,347,219.0278864250002,253.11627442499986
8313,347,270.49120192499987,280.977286875
8314,347,269.9243269749999,297.90474600000016
8315,347,288.03226595,298.39838825000004
8316,347,298.00596907500005,328.287024175
8317,347,278.8989703750002,260.59600322500006
8318,347,261.30046885,215.82905337499997
8319,347,234.17405345000012,204.9451379000001
8320,347,256.88060515,246.40092657499986
8321,347,303.0674919000003,198.62908992500005
8322,347,316.5573453499999,251.51256724999985
8323,347,301.96798290000015,277.5761228999999
8324,347,226.19219075000012,244.29377290000002
8325,347,242.48925007500029,265.41851467499987
8326,347,231.48076445000004,265.68365594999995
8327,347,252.15271515000018,231.28995555000006
8328,347,226.27234734999996,201.03022082500001
8329,348,194.72549320000013,206.42565682499998
8330,348,161.414591475,172.63524132499987
8331,348,163.75180942499998,177.82216524999993
8332,348,186.57747147500004,158.64130312499998
8333,348,160.6139583250001,139.74216314999993
8334,348,142.5681735,172.0224111249999
8335,348,201.46013590000024,219.83604474999999
8336,348,222.20244567500006,210.90084865
8337,348,199.15024057500017,261.00736304999987
8338,348,255.91843007500017,283.57128404999963
8339,348,293.53216647500005,244.18003547500012
8340,348,300.65997135,323.06747922500006
8341,348,308.1280747500002,252.60805110000007
8342,348,243.43857092500008,231.6784850000001
8343,348,212.54019922500004,269.37098382499994
8344,348,269.1744658,231.11117670000002
8345,348,240.3795979,264.98527512499993
8346,348,259.88546565000024,265.6762830499998
8347,348,293.5986098250001,255.57733107499996
8348,348,278.00700915000004,247.84276462499992
8349,348,297.4304756250002,226.130254175
8350,348,278.5907501250004,239.55027967499984
8351,348,257.5219887250002,243.96935059999996
8352,348,210.30938740000013,235.814142225
8353,349,165.81362100000015,171.55051525
8354,349,193.76244109999993,180.578344325
8355,349,180.74645115000015,202.57842037499984
8356,349,165.1055336,213.11921780000003
8357,349,183.85940827499985,205.71466032499984
8358,349,250.31124872500004,225.80188447499998
8359,349,258.8712459500002,211.55778387499998
8360,349,292.4205207500003,199.41111289999992
8361,349,252.57664955000013,206.68862060000004
8362,349,214.17138189999991,279.3062107000001
8363,349,272.5562633250001,333.8086350749999
8364,349,221.003612475,255.4528702999998
8365,349,229.19729312500004,233.15068609999997
8366,349,270.8617799500002,241.07146840000013
8367,349,229.67978339999996,212.16101122499987
8368,349,246.008977525,237.8589818250002
8369,349,201.0034677750001,211.86536375000014
8370,349,223.49967615000008,198.1677490250001
8371,349,228.40192297500013,197.30286747499983
8372,349,243.9262297000001,196.3603968499998
8373,349,256.33356997500033,259.7171917249998
8374,349,248.95848150000006,261.89414532499984
8375,349,283.45218800000026,214.62349677499992
8376,349,233.73872284999993,204.25450530000006
8377,350,165.4269758750001,168.53548425000002
8378,350,149.1887087500001,144.52373807499993
8379,350,129.133228075,118.16929757500006
8380,350,153.21558337500008,130.7060544999999
8381,350,156.28474690000002,145.72245177499994
8382,350,201.16300232499995,189.320027675
8383,350,187.16591145000012,182.68498092499993
8384,350,247.733929125,181.5629112000001
8385,350,216.8541758000002,260.69180005
8386,350,200.8609049250001,228.26310604999998
8387,350,232.47861515000002,267.2837521249997
8388,350,200.57818150000008,276.26274942500004
8389,350,197.66531615000008,243.82450319999975
8390,350,215.37278042499997,262.75256790000003
8391,350,206.19816407499994,266.2260415999999
8392,350,209.14944565000022,218.7425236499998
8393,350,226.30045697500003,257.78858447499994
8394,350,264.149663,317.53271847499985
8395,350,270.40421447499995,302.2179839749998
8396,350,234.97496675000008,247.38545799999991
8397,350,252.45833372500022,251.1875683999998
8398,350,230.92556482499998,260.70126589999995
8399,350,203.55194607500005,259.72436740000006
8400,350,201.19336342500026,210.55354585000003
8401,351,118.01124380000005,149.8934615499999
8402,351,108.84463555000013,155.96986710000004
8403,351,146.10791087499996,169.26720417500002
8404,351,153.46413532499997,166.97495359999994
8405,351,167.65053695,201.4669751250001
8406,351,177.10628372500014,209.03113217499998
8407,351,214.250274,248.99590027499988
8408,351,224.000885225,272.9338919499999
8409,351,206.64676140000023,243.63541967500015
8410,351,226.80582162500014,240.9681779249999
8411,351,260.13337182500015,332.8961203499999
8412,351,242.7752698000001,290.0477118499999
8413,351,283.7215138999999,264.7515245749999
8414,351,285.86444652500006,257.3015897749997
8415,351,295.6075054749999,234.02486260000006
8416,351,223.30974312500013,226.28027770000006
8417,351,249.53029952499986,250.4933739500001
8418,351,251.7370625499999,245.38866097500008
8419,351,237.72933645000012,304.0587975749998
8420,351,223.6593975250001,274.59640142500007
8421,351,281.3134245250001,307.6024798249998
8422,351,238.82336397500018,264.76842269999986
8423,351,297.8084578500003,246.92132169999996
8424,351,238.60457915000052,197.9508348000001
8425,352,147.0982511000001,188.73833832499994
8426,352,152.38344107500006,170.79541149999994
8427,352,173.37119529999995,145.11973567500002
8428,352,159.653784025,146.21452987500004
8429,352,203.54932717499997,154.77918355000003
8430,352,220.81261415000017,204.03452427499997
8431,352,205.11286870000026,186.262771575
8432,352,237.12193105000037,182.81948047499986
8433,352,245.99500684999992,232.14814737499984
8434,352,310.5651596250002,258.35890992500003
8435,352,269.31294757500007,249.31291169999983
8436,352,306.148417925,283.31159052499993
8437,352,271.1652265500001,294.43073490000006
8438,352,216.78191712500012,287.33727022500005
8439,352,188.30910922500016,274.04993259999986
8440,352,232.109754275,331.1804577749999
8441,352,236.11650142500008,357.52753384999994
8442,352,247.26065619999997,292.4607683249999
8443,352,283.2684813750003,249.47532537500007
8444,352,267.74368820000024,226.80967465000003
8445,352,247.83272005000032,207.52683802499996
8446,352,262.94782155000024,220.96506374999996
8447,352,263.3047869000001,209.69175267499998
8448,352,258.69750040000025,227.30334237499994
8449,353,183.17717522500016,143.57586054999996
8450,353,149.45149137500005,141.1816924999999
8451,353,168.07110585,156.40070272499992
8452,353,159.37277077500005,172.860339625
8453,353,177.25986477499998,179.75612599999994
8454,353,208.97984845000013,199.02406575000003
8455,353,234.172549075,237.89706699999988
8456,353,295.0641856750002,228.71542572499976
8457,353,267.55525787500005,239.45561892499984
8458,353,335.64168157500046,276.4028306749999
8459,353,351.03564330000006,295.1319713499999
8460,353,347.71319295,285.435522575
8461,353,339.90150117500036,361.94055812499994
8462,353,336.6094391750002,306.49846294999986
8463,353,329.3871525000003,284.18574112500005
8464,353,283.7347751500005,274.01451099999997
8465,353,232.70018402499988,252.12732762500008
8466,353,234.72399744999993,311.6452130250001
8467,353,230.83274255000015,357.02236082499985
8468,353,304.64156557500036,350.66184617500005
8469,353,308.689980175,331.54650762499995
8470,353,329.87664475000014,294.09416509999994
8471,353,255.9398573750004,321.34696722500007
8472,353,279.48715265000044,309.5740425
8473,354,208.51697260000017,201.50114620000005
8474,354,183.93830845000008,186.22035207500002
8475,354,155.7442916,199.642230325
8476,354,174.53192559999997,191.67532127500002
8477,354,219.72426840000003,197.0617788999999
8478,354,206.57062142500013,243.95580969999997
8479,354,203.72153965,306.0689635749999
8480,354,193.67629875,275.9940254750001
8481,354,188.33141645000006,327.5533554
8482,354,179.04068189999998,352.12426972499986
8483,354,274.028145925,310.02956682499985
8484,354,218.230155975,289.5828765
8485,354,224.88190465000008,268.0047628500001
8486,354,252.9281547750001,312.44739815
8487,354,225.32119107500012,253.44581157499982
8488,354,224.63064562500006,246.09383547500008
8489,354,257.60565257500025,255.6902806499999
8490,354,299.16393697500007,257.12369479999995
8491,354,287.3011596250002,291.59680715
8492,354,282.1863636500002,306.34563974999986
8493,354,299.24019710000005,266.43333437499984
8494,354,290.3160888750003,248.47753420000012
8495,354,322.936970325,255.14856327499996
8496,354,258.79553377500037,209.83535185
8497,355,199.9538958000003,206.3379162999999
8498,355,169.72753097500012,180.9263757
8499,355,162.089145825,214.32221392500003
8500,355,178.5859723999999,227.7764493249999
8501,355,206.6175339500001,205.449629325
8502,355,255.6877541500001,200.4611053249999
8503,355,288.45676277499985,190.75993492499975
8504,355,262.1297739250003,239.17737265
8505,355,274.7833172000002,307.061541425
8506,355,229.13697759999997,266.290272
8507,355,261.3431644750001,283.992459025
8508,355,231.9289809999999,300.13179592499984
8509,355,242.60919775,275.6379464000001
8510,355,226.5220151250001,316.74899489999984
8511,355,235.41979269999996,280.6469124000001
8512,355,223.2092878499999,246.70845182499988
8513,355,245.52778257499995,239.13881144999982
8514,355,278.60266427500017,248.19199792500007
8515,355,301.7965720250003,244.58335160000004
8516,355,256.6355166750003,225.19236184999994
8517,355,269.8971043250001,198.78497424999995
8518,355,268.22013565000015,239.2657579499999
8519,355,229.55533044999981,169.16716902499996
8520,355,182.01068262499996,207.55194745
8521,356,189.1915580000001,178.15517362500003
8522,356,185.23732287500007,159.73854812500002
8523,356,165.043684975,159.15183732499997
8524,356,176.0982257000001,173.71931589999997
8525,356,175.7663003750002,162.4622397
8526,356,145.42943442500007,129.40590509999993
8527,356,161.8430079999999,155.03004052500006
8528,356,260.80451430000016,150.1414393500001
8529,356,205.58560412500032,199.27139582499984
8530,356,246.11322682500028,221.50531227500002
8531,356,307.75466622500005,241.50711830000012
8532,356,237.33702245000006,201.3691383250001
8533,356,261.72685592499994,218.3107743249999
8534,356,212.79589627500022,196.61079839999994
8535,356,225.06764285000008,207.20339474999997
8536,356,254.4619538500004,216.99209240000002
8537,356,268.81912502499983,248.9395859250002
8538,356,200.24521855000006,227.12336179999988
8539,356,223.85916185000013,243.84481127500004
8540,356,216.22006987500012,214.60173339999994
8541,356,212.6999692500001,237.12243244999974
8542,356,238.07139370000013,203.5571971250001
8543,356,252.88758839999988,210.31294222499992
8544,356,234.48141952500018,234.8861947999999
8545,357,169.60919290000004,185.36887172500008
8546,357,156.870903575,155.59537140000003
8547,357,162.2180140750001,161.70423397500002
8548,357,137.40050957500006,136.65564022500004
8549,357,150.40154075000004,170.82533319999993
8550,357,129.33037575000003,162.86118587500005
8551,357,147.7302545500001,158.212416
8552,357,175.2017413499999,189.76597987500008
8553,357,229.5123207500001,207.20447389999987
8554,357,192.44815917500011,206.0049283500001
8555,357,197.91339140000002,222.67167504999975
8556,357,196.8581374250001,211.25033934999988
8557,357,204.3539546000003,221.75016302499986
8558,357,138.7683217500001,212.72942484999993
8559,357,218.13826832499998,220.88615500000003
8560,357,209.45823465000018,230.18762162499985
8561,357,209.78125407500016,227.25238610000008
8562,357,259.20362960000034,274.3068605249998
8563,357,260.63258042500024,220.95654209999987
8564,357,228.74790700000005,236.3818719749998
8565,357,237.42289260000015,251.80231554999995
8566,357,282.68392370000004,214.83012677499994
8567,357,213.09452722500015,201.3194413999999
8568,357,261.3628567500002,196.491961
8569,358,156.7505939500001,121.95368232500003
8570,358,126.82673452499998,150.97819967500004
8571,358,128.12514207500004,131.654742275
8572,358,122.73502542500003,148.12669012499998
8573,358,165.10297570000023,193.39579474999982
8574,358,146.73947365000004,158.73789750000003
8575,358,152.111109225,197.172151175
8576,358,159.9774898250002,167.17049972499998
8577,358,189.31470030000003,192.23239157499998
8578,358,226.52115317500017,260.03044214999994
8579,358,260.00429772500013,240.7949830999999
8580,358,186.07293670000018,277.3361206999999
8581,358,247.70557350000013,298.7214915500001
8582,358,214.4984407500001,254.90582325000003
8583,358,208.61893805000028,241.10581860000013
8584,358,238.07605457500011,277.3881242499997
8585,358,201.84761300000008,246.60058757500002
8586,358,173.80486525000012,237.159452975
8587,358,193.37824002500014,219.0883007999998
8588,358,236.86633409999996,235.44028199999997
8589,358,252.44017597500016,241.8984994749999
8590,358,242.27829935000005,210.771871675
8591,358,182.35438100000016,225.391330525
8592,358,188.32838267499994,182.833432625
8593,359,180.86348942500013,158.34205377499998
8594,359,149.86666049999997,157.25143994999993
8595,359,147.35646222500006,168.05057922499992
8596,359,129.2267592000001,161.08408582499993
8597,359,150.7045263500001,140.51515512499986
8598,359,170.91816865000007,172.40347207499988
8599,359,187.62779282500003,177.3929045749999
8600,359,169.04380860000015,196.3460852750001
8601,359,231.00107237499992,186.0613337750001
8602,359,223.19532677500007,181.1994258
8603,359,250.2163412,210.76162785000002
8604,359,293.2284880000001,213.28116505000003
8605,359,228.5275889749999,203.052781475
8606,359,247.23113960000035,260.3679325
8607,359,225.13165325000028,246.70079454999996
8608,359,249.03364582500006,262.4293722749998
8609,359,213.82065520000015,233.8965127250001
8610,359,178.3090751750001,245.04931847499995
8611,359,207.2779260250001,238.31945845
8612,359,204.8663544750001,243.576457125
8613,359,205.7750165750004,207.04348732499994
8614,359,207.56853937499992,202.40678317499993
8615,359,215.65671197500015,216.37112569999994
8616,359,206.45340760000016,199.4636824999999
8617,360,144.142911125,150.645088275
8618,360,129.15727647500006,136.92484544999996
8619,360,132.49882892499994,125.55872689999993
8620,360,148.7391329250001,168.95591645000002
8621,360,180.4516917500001,205.22180437500003
8622,360,200.7819041749999,192.73256432499994
8623,360,223.0878488750001,205.05729165000008
8624,360,228.3247061250001,215.6791054499999
8625,360,303.26752640000035,218.064703475
8626,360,307.0572919250002,226.33319835000003
8627,360,311.8641270500001,258.32875430000007
8628,360,272.04701049999994,264.8412248749999
8629,360,289.298211325,244.0046459250001
8630,360,283.4260687250003,236.97453780000012
8631,360,276.1326560250001,202.1901868000001
8632,360,269.3866694500006,215.90881469999988
8633,360,240.45642357500003,188.02053820000003
8634,360,220.94534515000015,181.78945692499985
8635,360,190.62434624999992,211.14443237499995
8636,360,255.0476119,230.54876204999994
8637,360,295.3577699500003,206.27651822500002
8638,360,294.1516942250004,199.52590667500002
8639,360,233.9400018,221.51557474999998
8640,360,253.04168884999993,234.858139725
8641,361,151.40638305000016,144.27270877499998
8642,361,176.00331882500004,194.39807915
8643,361,199.86291125000014,174.95247317500002
8644,361,229.29211840000016,193.67624765
8645,361,156.68556319999996,182.96210372499996
8646,361,194.01302134999992,161.22514347499998
8647,361,201.3052492750002,198.0016164750001
8648,361,160.58931617500014,224.515422475
8649,361,234.54786587500013,279.4805303500001
8650,361,245.19513795000003,306.1416164499999
8651,361,227.9000951500002,267.7472963250001
8652,361,291.0585787750001,258.52823555
8653,361,268.9218594750004,290.93614064999997
8654,361,253.53424025000012,302.1382301749999
8655,361,229.50481832500017,254.5870305749999
8656,361,224.14448360000054,241.58267697499986
8657,361,223.31278892500023,225.14793587500003
8658,361,254.9962199250004,213.48623105000001
8659,361,232.2695451250001,264.62338122499983
8660,361,265.595251525,249.60964072500005
8661,361,225.34989180000002,234.7406073249999
8662,361,278.4087223750003,169.9528688499999
8663,361,268.3368181750001,203.55946127500005
8664,361,252.05268187500013,188.9887822999999
8665,362,182.03308530000004,185.86475767499996
8666,362,182.031859675,178.24642267499988
8667,362,188.44894135000027,174.65440129999993
8668,362,168.60075802500003,176.563797
8669,362,222.66856185000003,233.686931675
8670,362,196.55619787500012,215.83253985000007
8671,362,254.19211225000043,240.4245143500001
8672,362,238.59465897500002,234.52007117499983
8673,362,282.84725535000035,237.3735129249999
8674,362,228.04743717499994,250.40366170000004
8675,362,291.10357807500014,264.3515968749998
8676,362,354.05564355000007,291.67507344999996
8677,362,333.26646960000005,216.0910619499998
8678,362,296.2215093250003,222.62659555000005
8679,362,225.8422092250001,193.569952825
8680,362,223.63414702500012,218.29937215000007
8681,362,216.09089525000007,186.28513367499994
8682,362,212.07898350000028,218.63891944999992
8683,362,265.8822149250004,240.18721849999983
8684,362,237.7698102000001,220.31996135000003
8685,362,220.9842053249999,297.1607457499999
8686,362,258.8171793250001,192.74753542499994
8687,362,213.86118370000008,195.66325762500003
8688,362,184.60593590000002,188.98216570000002
8689,363,159.60245182500014,190.06915997500005
8690,363,181.22545732500015,168.762272
8691,363,155.32431735,154.85359899999997
8692,363,139.2176418250001,166.45623575000002
8693,363,130.81094392499995,178.61606942499984
8694,363,169.89601045000018,212.82151965000003
8695,363,153.22238915000003,217.9471491499999
8696,363,168.4194684500001,224.95206857499983
8697,363,200.246850575,289.72140585
8698,363,221.11943840000012,225.05933374999995
8699,363,206.70473854999986,263.0458519999999
8700,363,200.48946532500025,214.90468604999998
8701,363,233.47997140000007,229.51200814999999
8702,363,207.60334827500003,192.94850279999997
8703,363,219.53111767500022,187.20349480000004
8704,363,191.10283322500007,184.77275984999977
8705,363,161.34520905000005,150.05847532499976
8706,363,187.01764435000013,198.3186743249999
8707,363,272.66481232499996,237.713174625
8708,363,251.31344137500014,236.8069172000001
8709,363,224.82792727500006,255.1281776250001
8710,363,210.13888617500004,245.01805245000003
8711,363,196.46561510000004,212.9628690749999
8712,363,247.2485553750003,224.28606127499998
8713,364,187.39849962500006,222.51560524999985
8714,364,193.46313045000005,190.99169507500005
8715,364,187.10990582500008,194.25600052499996
8716,364,211.1040522750002,193.21149617499995
8717,364,191.28173102500017,165.01957909999996
8718,364,194.36526240000015,155.0916283749999
8719,364,245.50487092500023,218.71675462500002
8720,364,227.5097877500001,184.80778549999994
8721,364,192.65261610000005,221.51461079999996
8722,364,231.8684301250001,204.60719707499987
8723,364,196.42189380000002,265.47369519999995
8724,364,231.6634078250001,255.95464284999983
8725,364,206.59534207500013,205.83508174999997
8726,364,236.91815104999995,180.16896382500005
8727,364,222.17012322500022,173.069777175
8728,364,227.5396424000004,214.870129125
8729,364,270.72573202500035,194.2480548
8730,364,233.0116587000001,241.90699967499995
8731,364,262.74985760000015,220.23366209999995
8732,364,198.2087133000001,223.83386929999995
8733,364,222.44491202499984,234.27034592500002
8734,364,233.09392822499996,234.52856692500012
8735,364,261.31686117499993,252.94733174999993
8736,364,259.38216457499993,214.24907754999984
8737,365,134.74654090000004,159.98444637499995
8738,365,112.18641975000008,147.70302780000003
8739,365,120.93490050000005,167.23227589999996
8740,365,121.13086285000011,160.1450366499999
8741,365,158.06813855000007,198.38932792499995
8742,365,167.95026429999996,163.50221367499995
8743,365,165.48976515000004,193.97393370000015
8744,365,182.81610617500002,219.652882025
8745,365,199.8414650249999,168.3086338249998
8746,365,254.73119755000002,225.41498149999998
8747,365,222.3814007750001,237.1241786250001
8748,365,285.33046090000016,278.72979644999987
8749,365,325.97522337500016,259.64542147500015
8750,365,283.14928055000007,293.79548072499995
8751,365,228.66346119999992,223.81938772499996
8752,365,250.8715430000001,262.31753244999993
8753,365,243.80940367500008,251.71849310000005
8754,365,245.56957850000015,197.04597457499995
8755,365,268.39669037500016,209.52950070000003
8756,365,260.62731957499983,203.65482524999987
8757,365,216.20713805000017,189.4445351000001
8758,365,198.77660970000017,254.80244364999993
8759,365,198.15091365000004,211.203751625
8760,365,203.62532507500012,196.73468862500005
