hour,day,reserve_up_MW,reserve_down_MW
1,1,130.25878497499997,138.77897555000004
2,1,143.23101124999994,118.70918622499991
3,1,174.06369127500005,140.90431852499992
4,1,166.688912925,151.37151482500002
5,1,163.60916715000013,141.93315869999998
6,1,187.68098922500016,164.19333319999993
7,1,174.79184512500018,176.43633327500004
8,1,189.01262162500018,170.70032527499998
9,1,166.06718150000006,202.91310219999997
10,1,193.11240332499986,198.72926449999997
11,1,217.22270810000012,173.26380410000007
12,1,211.21089382499986,190.05676172499977
13,1,195.9372053750001,198.06820564999998
14,1,164.43856709999994,208.31478352499988
15,1,187.45366742500005,193.40755265000004
16,1,228.19925482499985,202.99191807499997
17,1,207.47741879999998,197.90136737499998
18,1,192.46505452500026,182.22509175000002
19,1,184.51247077499994,199.19925799999996
20,1,172.6813594500002,196.22582572499988
21,1,197.05053827500006,233.51448837499987
22,1,243.35074780000002,251.17821640000008
23,1,220.645199625,190.89677572499994
24,1,197.21512902499995,159.69437419999997
25,2,132.00411890000015,134.36166947499996
26,2,127.47134892500002,114.01594797500002
27,2,127.18636787500006,123.86721922499996
28,2,126.15817032500001,158.91125755000002
29,2,145.04924619999997,163.65708204999993
30,2,158.91502687500008,132.84896895
31,2,168.59581435000007,196.3134889999999
32,2,199.38552380000016,223.54116394999988
33,2,222.9170532000001,237.72955087499997
34,2,216.85083712500023,223.09905337499978
35,2,206.44448875,295.779419425
36,2,279.5475887250001,248.92846679999994
37,2,272.51195925000036,234.35799717499992
38,2,297.2604086250002,257.3155537250001
39,2,260.24554680000006,197.25594734999993
40,2,266.1450861500003,267.11952117500005
41,2,257.1756681250004,245.35390402499976
42,2,233.35787942500033,261.26050847500005
43,2,241.1142700750001,199.95803354999998
44,2,288.96788234999997,222.74044950000018
45,2,264.8805546250002,282.59487234999995
46,2,271.9145151000001,284.90449677500004
47,2,233.70882732500007,235.2249651499999
48,2,205.90571585000006,182.206513025
49,3,143.7846654,136.59884312499997
50,3,148.10890987500005,156.26358537499993
51,3,141.6006615250001,160.74992419999995
52,3,146.44361762500006,119.421830675
53,3,159.7890619999999,169.5543740999999
54,3,142.23448155000008,155.3571085499999
55,3,199.996735075,184.59470557500012
56,3,193.0041908500001,248.7089220249999
57,3,227.4600601250002,258.83002777500013
58,3,283.52459487499993,311.3936665249996
59,3,322.9516356249999,235.38838542499983
60,3,348.1723529750004,262.50649532499995
61,3,241.08347045000016,228.7764727999999
62,3,267.8799765750001,251.91917562499992
63,3,283.74796807500036,251.6637596249999
64,3,298.36849377500016,245.81940285000005
65,3,245.55426907499998,260.5553071249999
66,3,229.53327940000014,220.97376012499984
67,3,270.4281586500002,279.8943425249999
68,3,281.0887938750002,257.60545899999977
69,3,218.52886949999998,238.20477662500002
70,3,216.41947427500003,200.79077224999992
71,3,169.47217227500022,203.52613059999993
72,3,153.59726562500003,165.09755485
73,4,136.02487472500002,151.02712562499994
74,4,159.79653384999997,141.28424797500003
75,4,94.44039470000004,135.27703514999996
76,4,128.02117055000014,165.51557902499997
77,4,145.87857665000013,199.54563182499996
78,4,179.98838347500003,193.736038475
79,4,171.00543260000003,207.7866332249999
80,4,221.76426489999994,229.09991607499995
81,4,250.841953925,234.96879942500004
82,4,254.53180775000018,313.6303630749999
83,4,269.84106555000017,280.807269375
84,4,213.68507264999985,270.74552024999997
85,4,324.8094215000002,313.1199056999999
86,4,261.55569230000015,285.49574917499984
87,4,272.76863455000023,334.5170874249998
88,4,269.0377704250001,312.79743847500004
89,4,276.21050942500017,250.0529187749999
90,4,262.20276035000006,254.9159967
91,4,151.1261889750001,269.4073663500001
92,4,240.2815912500001,304.00827069999997
93,4,261.55111617500023,244.98255364999997
94,4,268.3570817749998,291.1684827749999
95,4,241.91308925000004,269.6512242249999
96,4,204.4037378500002,209.96627675000008
97,5,166.26701785000003,155.7612406
98,5,139.29507165,149.73642375000003
99,5,129.34646810000004,154.08005727499994
100,5,128.2428039000001,152.21815625
101,5,137.45115472500007,167.086933025
102,5,151.77227122499988,180.28861469999998
103,5,247.14193772500016,225.39164772499993
104,5,240.35367559999995,238.47123782499997
105,5,243.64194375000017,234.6931521499999
106,5,324.49878357500006,272.37880207499984
107,5,310.34857142500016,273.8147711000001
108,5,234.09674520000004,313.40147827499993
109,5,239.486520225,290.6015236750002
110,5,261.9056074250001,318.47644552500003
111,5,222.38270979999993,233.36137990000012
112,5,231.54330274999995,286.9053231999999
113,5,246.26173910000009,214.7206794999999
114,5,266.108374325,251.83402327500002
115,5,291.6764299250001,246.62247204999986
116,5,239.7346824750004,259.20330630000007
117,5,223.1681758500003,262.4222915250001
118,5,214.67908625000024,230.1523617499999
119,5,226.28738557500014,200.7025242499999
120,5,186.6792692500002,175.59383547499996
121,6,185.91019862499996,190.40927734999997
122,6,174.61572930000014,187.38748655
123,6,172.63666757499993,175.62366334999996
124,6,129.89813337500001,197.1236843000001
125,6,184.42971380000034,155.88706909999996
126,6,177.62773724999988,176.86896919999995
127,6,246.2914871500002,230.49516445
128,6,217.97768042500013,208.91805220000003
129,6,268.1823410500002,218.79477352499993
130,6,267.0432435999999,180.10774162499996
131,6,381.72030989999996,253.51505322499992
132,6,246.57537572500013,241.35614852500004
133,6,222.43547037500014,249.15652514999985
134,6,302.16509562500016,198.69266229999994
135,6,289.34706095000007,210.0667583999999
136,6,235.705830975,214.38052784999996
137,6,244.25256457500018,242.78656007500004
138,6,212.07898647500008,386.944928525
139,6,219.02644075,291.06957115
140,6,230.30033392500016,295.08067265000017
141,6,256.75828427499994,254.92791332499985
142,6,193.76465359999997,261.50678037499995
143,6,204.9910905000002,190.51174214999998
144,6,207.47273322500007,181.53746977499995
145,7,148.47703447500004,148.36105297500004
146,7,129.12468167500003,142.886025625
147,7,159.45617242500003,164.4033677
148,7,162.01655647500024,176.80834664999992
149,7,188.8125434750002,141.45018769999996
150,7,207.96735122500002,133.99166582499993
151,7,218.25549900000004,202.1995707499999
152,7,201.279931425,228.21012919999993
153,7,212.6050480500001,236.97234379999995
154,7,246.65056197499993,212.10518267499995
155,7,268.37804960000005,196.9697473999999
156,7,291.7997769250002,242.04745619999971
157,7,215.48117937500024,236.78830572499987
158,7,169.85296907500006,249.93399887499993
159,7,183.15313302500016,259.81157622499984
160,7,198.28772205000013,189.51866632499994
161,7,158.36816129999988,237.6267919749999
162,7,238.1710242999999,236.57373282499995
163,7,264.2264780750004,262.369234925
164,7,258.0474603,276.81405595000007
165,7,245.81079915000015,219.120191375
166,7,168.10338249999995,209.36415654999996
167,7,200.93577067500019,162.37003457499998
168,7,177.5823213,139.21413032499993
169,8,122.15697082500002,132.9628835999999
170,8,122.23269272499996,136.56320557499998
171,8,157.56882960000002,105.19017289999991
172,8,156.23935340000008,145.74440310000006
173,8,164.23688284999997,162.80988429999994
174,8,161.75172209999988,183.83654597499995
175,8,195.56619715000002,213.79822752499996
176,8,188.52124912500005,182.46207857500002
177,8,181.58126592500014,176.5402856249999
178,8,225.72186157500005,218.76031987499982
179,8,282.19926495000016,193.26602994999985
180,8,264.4219518500001,231.3932918999999
181,8,309.56228295000017,217.29412869999987
182,8,235.9463538999999,244.728188725
183,8,219.647353975,221.50137340000003
184,8,243.84891575000012,214.21526794999997
185,8,214.05654700000042,280.041419325
186,8,167.66938329999996,234.57659872500003
187,8,216.0768502749999,241.12285302499987
188,8,324.711569875,315.18897657499986
189,8,242.53667232499998,282.3667838
190,8,206.57185454999995,186.5907362499999
191,8,173.29068222500015,216.963420675
192,8,141.4572386500001,205.83788655
193,9,154.208125375,153.7251867
194,9,139.6462421000001,128.42888457499998
195,9,155.7278401500002,131.50095495000002
196,9,138.12262985000007,119.72976762500005
197,9,171.24343870000013,138.77150997499993
198,9,191.46059752500008,145.9175132999999
199,9,195.64264552500018,222.1258548499997
200,9,253.78491307500036,255.64601777499996
201,9,288.9951550000004,303.92935415
202,9,273.5470003750002,252.2390130500001
203,9,209.50474377499995,258.4112114249999
204,9,257.3686511000001,310.41178809999997
205,9,219.73821162500008,260.751082475
206,9,265.6986128000002,288.8722092
207,9,229.06977752500012,247.00486290000003
208,9,263.06816644999986,296.52741927499994
209,9,208.79759095000009,290.43382354999983
210,9,291.47277930000007,246.3184481499998
211,9,256.26364277500016,229.92213592500002
212,9,258.6349148499998,310.45851465
213,9,238.1223177750001,268.060756975
214,9,249.67670697500026,213.36675917500014
215,9,204.86630887500016,212.99363124999996
216,9,169.96689150000003,192.1910575249999
217,10,148.19892207500004,160.08432494999994
218,10,132.19009622500008,131.78763292499997
219,10,166.99104755,142.18781119999986
220,10,128.09603587499993,162.98828022499998
221,10,167.70872605000005,172.2073542249999
222,10,236.2349426750003,180.21094917499994
223,10,273.31962660000016,241.18807179999988
224,10,245.73352237500032,241.00790189999998
225,10,232.54401080000002,249.37847282499996
226,10,266.3131208249999,240.71027609999985
227,10,336.9679337000001,215.98836344999992
228,10,329.5909805250001,262.8282614999998
229,10,332.16919215000024,251.40266330000003
230,10,289.186460525,251.97421275000002
231,10,259.845001425,195.6008136250001
232,10,248.19080830000007,222.28998397500004
233,10,244.28421987499993,209.92318417499988
234,10,226.61070017499986,270.31791465000003
235,10,292.71344402500023,277.7473342499998
236,10,265.2273483500001,288.66390479999995
237,10,305.8662198250002,256.00704885000005
238,10,254.3604692250001,267.08003865000006
239,10,250.61985180000025,223.34196795
240,10,210.50136475000002,203.8030347
241,11,133.675212025,148.1149965
242,11,143.4175757250001,148.65121412499997
243,11,154.84067212500028,186.520440025
244,11,155.45446907499996,136.66958032499997
245,11,160.656440475,156.97272842499996
246,11,163.67872169999998,208.39647864999984
247,11,221.846637,200.8948767999999
248,11,239.50490904999995,235.92152052499978
249,11,264.26807195000043,305.15877547499986
250,11,276.81753789999993,286.40900917499994
251,11,245.03499307499985,315.4441140999999
252,11,210.37104040000025,279.7171686249999
253,11,237.76139630000006,296.2435739499998
254,11,258.21393702500006,322.52806224999995
255,11,220.04470255000032,229.45520387500005
256,11,238.6414655500003,286.8326112249998
257,11,226.97941105000018,308.3647003249999
258,11,255.00439605000028,294.4586838749999
259,11,224.24672114999993,218.0684530749998
260,11,216.53583109999988,315.91501860000005
261,11,258.33919975000015,229.40675704999956
262,11,217.004581575,198.66805364999988
263,11,170.21043092500022,218.7524598
264,11,147.3120781750001,184.11505269999998
265,12,172.24669842500003,155.12433827499996
266,12,168.50280675000002,140.8922975499999
267,12,165.33044722500006,156.3607217749999
268,12,163.81915372500006,167.93487045000006
269,12,188.28773907500022,170.31204605
270,12,181.05649232500025,158.39163197499994
271,12,274.5992794250001,218.8960816249998
272,12,235.31371292500035,259.44368102500016
273,12,250.87766890000006,277.71176297500006
274,12,293.3769625499999,299.39695389999997
275,12,298.90137202500006,331.54775692499993
276,12,240.1669626500002,248.87144584999987
277,12,219.43794237500003,251.46065087499989
278,12,262.66897262500004,296.14008910000007
279,12,229.70179110000015,253.83008247499995
280,12,276.0055976000001,282.8478703250001
281,12,243.77355947500035,232.29725992500002
282,12,300.5815636250003,290.9053653750001
283,12,255.69142119999992,256.06565415
284,12,223.48264810000035,276.62886475
285,12,248.89123497500012,249.19216577499986
286,12,218.6901558,191.38185277500014
287,12,203.79170192500004,209.0244275
288,12,191.75526247500005,192.92468032500003
289,13,153.07623762500015,140.56652097500003
290,13,158.3562062750001,135.87961145000008
291,13,172.85689867499997,139.66481177499995
292,13,138.88204247500008,124.56022484999991
293,13,123.73461240000003,145.84715537499997
294,13,151.39643212500016,193.68367939999985
295,13,226.45385807500037,204.85399312499996
296,13,243.72724112500015,259.69260414999985
297,13,271.0566194250001,229.85291835
298,13,251.88251415000013,314.14012605000005
299,13,291.4403761750002,276.1127208749999
300,13,283.19368357500025,276.1836849
301,13,359.7525798500003,325.8745936000001
302,13,299.9402890500003,234.50641682500003
303,13,262.88435845000015,269.63478860000004
304,13,235.55762777499993,265.0428028249999
305,13,221.62143992500006,261.90009042500003
306,13,233.77568297500002,266.96680244999993
307,13,260.5331391000002,275.46263217499995
308,13,168.1554594000001,245.808056525
309,13,208.44323195000018,294.12627039999995
310,13,210.2266753000001,269.071952975
311,13,227.05133415000023,219.14183617500004
312,13,197.22741945000013,193.28951540000008
313,14,129.51541579999997,151.06873935000002
314,14,137.45930047500002,173.60098314999993
315,14,117.96265075000008,155.22173499999997
316,14,99.61753440000018,164.42109412499994
317,14,123.11500450000007,199.40670432499996
318,14,141.96346787500008,167.30158329999983
319,14,156.76930132499996,202.897191625
320,14,199.89044847499989,265.6804535499999
321,14,242.95529395000005,319.8553658499999
322,14,239.97668997500017,252.91568945000017
323,14,250.2139915000002,227.08704239999997
324,14,226.94918957500008,259.18826385
325,14,211.5657862750004,287.1251248499998
326,14,307.9142885000005,294.72610315000003
327,14,239.55872977500022,261.05014944999994
328,14,252.61003875000011,217.995248575
329,14,204.89705497500006,226.8981701499999
330,14,262.61421250000035,213.14037349999978
331,14,271.17986295000026,232.02745519999993
332,14,247.72526545000005,275.66025855
333,14,232.31740880000012,257.0176211
334,14,242.6130696000002,182.8034186
335,14,201.72258472500027,179.881723675
336,14,223.05685977500045,158.17703060000002
337,15,115.46818145000009,143.79594342499996
338,15,117.86989332500006,132.55957112500005
339,15,126.403661925,125.64132799999994
340,15,130.2753606750001,132.3304483
341,15,153.11969090000014,145.50406087499994
342,15,178.17399745000006,154.54115609999997
343,15,171.87111210000035,208.88779639999993
344,15,172.35397952500017,200.90851167499994
345,15,213.5274399,255.15201395000008
346,15,241.99907837500024,214.02099947499994
347,15,219.70768937500029,182.329708975
348,15,195.22476517500024,246.01813302499994
349,15,223.89512882500023,265.4223265
350,15,230.81127095,247.79976319999997
351,15,219.71819534999995,268.20836042499985
352,15,222.7473925000001,231.40493985
353,15,234.75727354999987,233.65367899999984
354,15,198.42178214999984,210.61033364999997
355,15,227.2846215500001,225.96474607499994
356,15,230.94200504999998,238.4103378249998
357,15,204.009670025,182.24682655000015
358,15,187.98155020000002,194.71694749999997
359,15,200.32116382500027,205.18481970000002
360,15,157.76399262500018,208.88013614999997
361,16,168.84146055000008,133.96461020000004
362,16,131.926687925,155.70225639999995
363,16,115.84648105000002,141.77062002499991
364,16,121.6207744000001,170.63008627499994
365,16,131.7716699,138.611412675
366,16,164.94196235000007,177.44562567500003
367,16,160.30792240000017,229.13057859999992
368,16,222.001378,182.697340425
369,16,290.499190375,279.090256675
370,16,233.4126424500001,269.8799349
371,16,328.85047995000025,309.267545025
372,16,289.439495225,287.25820417499983
373,16,318.85607147500014,270.6343008000001
374,16,277.62284315000016,276.168308725
375,16,218.43707225000003,266.7075456000001
376,16,229.09746335000014,270.250800325
377,16,292.81330859999997,217.48290732499976
378,16,286.29888902500016,215.93241615000014
379,16,314.53332865000004,249.19785097499988
380,16,260.91194157500024,272.57451777499995
381,16,248.99173150000001,237.28821267500012
382,16,202.49175879999999,229.883793625
383,16,209.1810811,189.54225424999998
384,16,188.99643472500014,185.31227637499995
385,17,202.52011160000018,196.13354907499996
386,17,178.40327500000006,130.34558855
387,17,155.41177702500013,168.23601462499994
388,17,147.16110419999995,145.22645017499997
389,17,200.08406572499996,170.9785694499999
390,17,174.8628855250001,207.32959437500003
391,17,238.323664425,189.4622442499999
392,17,242.72909162500008,262.9806955249999
393,17,241.81384630000002,266.1912369249998
394,17,241.383586175,331.4011889999999
395,17,260.1602195250001,292.36721232499997
396,17,306.6036540500003,332.34320490000016
397,17,316.76135027500004,284.97276950000014
398,17,232.12503390000018,288.9184373500001
399,17,275.99565550000017,234.7025273249999
400,17,218.5192426000002,237.649280675
401,17,209.4264125750001,261.4219790499999
402,17,248.17759840000002,278.25665342499997
403,17,250.64589510000016,270.39718577499997
404,17,257.6530329250001,352.7395841
405,17,291.9830628500004,261.23190974999983
406,17,231.68391520000023,260.80080167500006
407,17,194.71288637500015,197.13955405000002
408,17,200.63992835000002,214.0110139499999
409,18,143.55656765000003,181.24330429999992
410,18,139.589347475,175.1059411
411,18,162.15988870000018,162.46079879999996
412,18,157.35199832500007,143.0096983
413,18,156.61633655,201.23289087499995
414,18,197.69974190000022,195.45538104999997
415,18,227.75287617499993,272.4146845
416,18,241.41566007499995,243.46309182499994
417,18,277.6994856,264.50994367499993
418,18,263.66060604999996,330.74365932499995
419,18,254.74633587500006,298.13840350000004
420,18,267.24902632500016,281.5815697999999
421,18,241.16930217500004,286.9186371500001
422,18,252.75529479999997,278.34033877499985
423,18,204.37785122500003,264.5626825999998
424,18,222.35548947500013,226.93340972500005
425,18,235.7381220000001,255.04382332499978
426,18,254.03123265000033,245.55834022499977
427,18,276.8147421000003,210.9094226500001
428,18,263.0996948999999,220.59542642500006
429,18,252.2698597000001,200.11202727500006
430,18,213.16154889999996,214.82976644999997
431,18,213.34757027500012,231.96294887499994
432,18,172.19934352499996,228.740051025
433,19,172.80181505000002,188.5472425499999
434,19,155.0483004250001,166.12994524999993
435,19,161.95372247500006,144.18887507500006
436,19,134.73194755000006,157.65942922500005
437,19,167.0599493750001,179.32287617499998
438,19,177.77713874999992,171.70957895000004
439,19,263.5664381,190.30746799999997
440,19,252.25109832500016,281.9105418249999
441,19,296.6092951500002,302.7193023750001
442,19,319.37729662499993,292.32849795000004
443,19,360.50156160000006,362.93897552500005
444,19,422.2232442000003,328.20364205000004
445,19,390.01453417500016,266.3760274249997
446,19,298.85225112500007,252.01072245
447,19,259.10640195,213.97395934999977
448,19,314.3510890000001,256.61830714999996
449,19,255.51318310000013,288.17632567500004
450,19,289.61357042500015,275.61480895000005
451,19,235.32985064999997,271.18697662500006
452,19,304.41132507500015,285.27167977500005
453,19,240.81343567500028,270.2302916749999
454,19,229.89721472500003,247.5597418499999
455,19,211.09186509999995,236.06628965000004
456,19,188.02323642500002,231.47050249999992
457,20,155.80204750000001,181.98930710000002
458,20,164.05705832500024,111.97315674999992
459,20,161.0943051750001,94.35213972499994
460,20,121.63979427500001,114.80460179999996
461,20,210.34198195000005,168.92714955000005
462,20,209.82697137500023,211.71134554999992
463,20,204.41317164999987,200.62117604999997
464,20,226.28249190000014,272.617613425
465,20,209.324499275,298.4775157999998
466,20,302.71652210000025,242.6698347250001
467,20,306.645876175,226.34672689999985
468,20,302.98382847499994,212.03853444999982
469,20,250.26858702500004,231.75415387499993
470,20,279.51298152500004,269.037269575
471,20,259.47272457500014,215.04657972499993
472,20,292.8723434750001,195.12178165000012
473,20,226.52763729999992,243.61596707499996
474,20,247.09617199999997,218.22687554999982
475,20,243.44772097499992,253.6107284000001
476,20,220.24731997500012,198.64876694999987
477,20,237.11922555000007,270.89704555
478,20,257.95603007500017,245.85752852500002
479,20,207.8896778250001,205.52497382500007
480,20,238.92295315000015,208.89072607499995
481,21,198.240340725,199.351380025
482,21,166.3356138,194.74129932500006
483,21,180.81100845000014,144.81312907499995
484,21,191.56115217500002,163.65685175000007
485,21,159.32916727500012,194.0174158999999
486,21,224.98654250000004,167.99079139999995
487,21,180.06873150000007,199.3999017749998
488,21,189.78283525000023,219.9449574500002
489,21,188.25187522499994,178.3987967
490,21,233.8646162500003,265.2737635999999
491,21,232.223442875,294.02815397500007
492,21,250.78555732500007,240.96888635000002
493,21,226.13053497499985,218.57050222499998
494,21,202.09845722500026,179.80179230000005
495,21,222.65746030000008,197.49279552500002
496,21,189.12058582500023,228.29670642500002
497,21,224.4338022,228.1307230249999
498,21,217.9463138750002,197.5737809749998
499,21,243.77343849999983,235.41210695000007
500,21,282.4502383,263.9978364750001
501,21,258.9620726750002,292.77091985000004
502,21,221.41068677500016,186.14111747500007
503,21,229.1051913500001,180.8114770249999
504,21,184.31049902499996,183.54104157500004
505,22,132.17852724999997,193.66674999999987
506,22,177.73935720000003,199.49054042499995
507,22,154.34769062500015,186.87916585000005
508,22,160.63851330000008,200.96962072499994
509,22,179.83985522500018,188.20051942499998
510,22,205.7624143750006,199.93587609999992
511,22,207.9347929000001,227.56786592500004
512,22,140.21894420000007,249.58081769999993
513,22,211.57868372500002,230.03391807499995
514,22,222.4508258,246.7751293
515,22,214.43192442500037,204.38314307499996
516,22,224.68743717500013,245.53716195000015
517,22,206.28684262500002,304.7984746249999
518,22,206.72100920000003,227.39028952500001
519,22,216.72936137500025,228.52368202499986
520,22,260.92146627500006,323.96722794999994
521,22,298.33661830000005,258.35232492499995
522,22,248.92824527500022,269.0827334500001
523,22,287.4250943250004,266.1266531249999
524,22,271.636297075,291.63418367499986
525,22,196.52632227499998,227.65083994999998
526,22,204.86805685000007,259.28736902500015
527,22,201.50312227499984,247.11359164999996
528,22,226.15684362500008,173.942765475
529,23,140.14286325000006,161.5284248
530,23,147.311073125,178.5891365500001
531,23,150.55676757500012,174.91612807500005
532,23,138.73072052500007,165.54852807499995
533,23,131.02544287499995,156.51846262499996
534,23,161.49951467499997,200.87011892499996
535,23,170.47688835000017,211.0586303499999
536,23,225.91610947499993,258.17273009999997
537,23,243.61125122500027,259.2174314
538,23,234.7187345,320.43506584999966
539,23,279.52166642500015,252.10193182500012
540,23,317.0503681750002,275.6899285499999
541,23,267.42079215000035,335.0923172749999
542,23,251.32143585000014,286.8260150499999
543,23,247.24421675000048,310.82359655000005
544,23,282.3250931500002,279.224332475
545,23,257.1391992500003,250.6511637000001
546,23,265.65670005000015,268.59965792499986
547,23,290.70364970000014,288.4893548250001
548,23,276.60812745000004,242.52263727500014
549,23,256.20785835000004,196.34446547499994
550,23,244.15090279999998,226.8527639499998
551,23,233.27523902500013,200.3300568499999
552,23,216.92805557500003,205.355867525
553,24,143.35241055,155.50730987499992
554,24,146.007646125,131.13981052499997
555,24,144.54180792500006,117.08111384999992
556,24,126.22507072500004,131.36912907499993
557,24,139.51474157500002,134.24009222499996
558,24,193.15523980000017,184.27901817499998
559,24,229.83551624999996,225.50482504999974
560,24,281.92992487500055,190.38424622499994
561,24,264.6340287000001,227.68158267500007
562,24,292.120188675,249.57404462499989
563,24,267.80796602500027,307.87763427499976
564,24,286.9674484000001,297.16815852499997
565,24,288.18931769999995,202.02790544999982
566,24,228.07342085000022,245.90560777499982
567,24,231.77573397500004,217.915309475
568,24,262.40806032500006,258.51654802499996
569,24,236.038716775,268.36681972499986
570,24,231.7179779750001,234.70047759999997
571,24,258.3800176500001,184.6753552999998
572,24,261.98159000000015,236.525642275
573,24,261.90857154999986,276.78281789999994
574,24,217.34810792500002,240.4830462749999
575,24,205.6544063,183.38439114999994
576,24,158.56458632499994,174.055209525
577,25,178.28007132500005,132.61554417499997
578,25,133.69823304999994,165.18184930000004
579,25,137.93514765,164.2965972499999
580,25,141.96703637500013,147.81487742499985
581,25,154.99794217500005,127.59063287499987
582,25,161.86128350000004,197.86294659999996
583,25,205.89070912499994,210.0298671
584,25,231.101673475,193.78959149999997
585,25,247.50105089999988,226.27287894999992
586,25,248.90171274999992,232.4761634
587,25,266.48611737499994,261.85148652500004
588,25,320.3111267750001,261.9786509249999
589,25,263.2539603250001,304.64692512499994
590,25,234.2838539250003,323.6445595249998
591,25,297.50711909999995,274.94451569999995
592,25,230.79460942499995,281.07517934999987
593,25,241.27197962500009,216.79447972500014
594,25,261.79744277500015,257.7394192999999
595,25,255.97623882500005,199.61554434999988
596,25,310.2613529750003,192.62662652500012
597,25,270.9738191500002,203.89892509999999
598,25,270.7875518750002,203.0263541000001
599,25,230.8776802750001,186.73691697499999
600,25,215.54145577500003,171.5924750249999
601,26,154.57262500000002,155.7155655
602,26,165.68676005000003,122.73523042499997
603,26,134.69122785,138.76664925
604,26,134.01489022500004,168.84770049999992
605,26,143.00596310000017,160.44223132499997
606,26,201.22642727499996,209.0156958249999
607,26,195.9230235999999,206.6841769749999
608,26,220.6586720250001,245.03962850000005
609,26,236.04497910000015,212.18676452500006
610,26,290.9228927500002,268.6467171750001
611,26,278.2688142250002,273.0028010750001
612,26,273.21464785000006,266.61575797499995
613,26,257.01499947500025,278.607561025
614,26,223.39033532499985,293.03983195
615,26,210.04118499999996,272.7274888249998
616,26,222.13976250000013,249.169007675
617,26,241.66532747500003,233.6898971249999
618,26,276.1895517500001,211.80764672499998
619,26,257.00424677500007,259.9919389499999
620,26,221.37728592500008,254.01392087499977
621,26,224.56393637500008,241.51631749999993
622,26,207.63457750000003,273.0381920999999
623,26,210.03758475000018,212.53062414999994
624,26,207.3857691250002,192.07265265000007
625,27,131.30125072500005,130.9049655999999
626,27,165.22411087500004,127.01902707500004
627,27,151.58259947500005,123.25299852499998
628,27,129.14040992500017,127.67158774999992
629,27,167.61823939999994,150.09170214999997
630,27,177.4787086750001,196.73416164999992
631,27,169.7092535000001,234.388843125
632,27,196.08344819999996,200.0598218499997
633,27,195.78361672500012,211.98587900000018
634,27,206.3071499500001,313.16126682499987
635,27,264.27565162500014,361.4671418999999
636,27,193.73973652499996,321.37037080000005
637,27,219.617692925,253.45754047500003
638,27,247.77486225,246.99776489999977
639,27,230.0369438250002,222.23559729999994
640,27,246.90402499999993,176.4837341500001
641,27,206.1938833750001,198.63820079999994
642,27,219.43363287500028,227.82255445000015
643,27,262.0680591500002,235.5412715749999
644,27,207.35182912500017,248.03636654999985
645,27,190.32091265000003,252.77456944999997
646,27,191.06064559999993,178.90585857499997
647,27,195.2203436000001,162.55037559999997
648,27,175.9023319250002,141.78192827500007
649,28,134.93080224999994,169.44753599999996
650,28,183.0642865750002,136.70993877499993
651,28,167.12151327500007,120.3352617749999
652,28,171.71729940000023,138.59524932499988
653,28,177.5893739250002,159.50121542500005
654,28,163.16783540000003,158.3848501749999
655,28,209.10338362500045,162.7722121249999
656,28,194.8283671750001,183.81231437499991
657,28,214.44423812500008,232.45979634999986
658,28,218.55909097500012,209.0461779250001
659,28,232.44349907499992,225.43186020000002
660,28,247.42156380000003,234.38206009999988
661,28,227.76850047500005,262.23635609999997
662,28,193.36124652499996,237.7543103000001
663,28,204.31055567499982,212.57768505
664,28,168.93898534999988,195.83806985
665,28,189.12406522500024,190.52446519999987
666,28,218.4739463000001,204.594356575
667,28,249.78847257500024,224.1406241499999
668,28,217.86883047499992,234.7555003999999
669,28,245.4970789250002,218.21621304999982
670,28,184.35150245000023,231.65477872499997
671,28,183.78744949999998,168.83398624999998
672,28,174.94278237499998,194.29930839999992
673,29,123.75106562500002,120.67231652499999
674,29,115.4735309250001,146.77178574999994
675,29,152.6734899500001,158.31754722499994
676,29,142.42443582499993,156.834761325
677,29,149.3380765500001,181.48585925000003
678,29,171.90781330000002,147.52138597500007
679,29,207.25414692500013,139.7609094749999
680,29,180.75485635,181.07170284999998
681,29,212.35301900000002,164.5119820750001
682,29,199.2802401250001,212.8797335250001
683,29,205.15345690000018,260.513593025
684,29,196.26516594999987,232.0781265249999
685,29,193.5613587750001,240.63301372499996
686,29,221.63736332500014,278.565954725
687,29,235.10354915000013,195.28826652500015
688,29,212.98908527499998,228.8161578499999
689,29,228.1514024500001,225.34956072499995
690,29,227.30765837500007,229.58858327499985
691,29,265.93654477500013,253.0868750249998
692,29,297.9253306000003,241.84163102499974
693,29,245.29550217500014,256.251103925
694,29,222.79343215000006,179.7067303
695,29,220.13943245,187.81090924999984
696,29,150.73577827500003,155.68628105
697,30,104.09672942499999,118.54574789999998
698,30,108.19843867499998,107.67123259999998
699,30,136.42634182500007,97.91687444999994
700,30,144.96315085000012,93.00850870000004
701,30,149.62614925000008,146.1982100499999
702,30,173.1200074250001,222.48819247499998
703,30,201.77408015000015,230.05174822499998
704,30,300.55470590000016,217.29500189999993
705,30,293.91352655000003,232.60569147499996
706,30,305.1229531500003,241.81568774999988
707,30,290.2995566,246.2005812750001
708,30,267.0385935750004,297.01523717500004
709,30,243.7835192999999,322.85419080000014
710,30,249.36082437500022,236.78806317499988
711,30,197.04535190000007,232.27967799999982
712,30,199.50378932500007,227.34483577499998
713,30,222.12091282500003,278.19995042499994
714,30,186.37937070000004,264.70148479999995
715,30,265.42122202500013,266.77915272499996
716,30,300.83504302500023,250.80467422499999
717,30,212.40099682500016,204.21679870000014
718,30,257.3708637750004,186.19900782499997
719,30,179.4602658249999,211.8643232249999
720,30,149.74444559999995,188.91647447499997
721,31,168.83027807500008,139.77285425000008
722,31,136.00896160000013,159.99439072500002
723,31,118.85177487499999,149.78350574999988
724,31,140.97609320000015,146.93060632499996
725,31,151.9582011500001,176.80679172499993
726,31,178.23032970000003,163.8775048249999
727,31,197.740722925,241.9269056749999
728,31,230.4989237500002,227.467993675
729,31,217.81252444999996,251.40409524999973
730,31,235.79918625000016,249.47681505000003
731,31,215.66682885000012,264.11947827499984
732,31,268.5059061999999,274.7474030750001
733,31,259.44699527500006,278.3225607249998
734,31,285.92999705000034,250.0379908999999
735,31,286.84380800000065,208.81635652500012
736,31,247.29282667499996,236.00998677499987
737,31,273.22029805000034,214.3613003000001
738,31,260.68535560000055,203.38170757500012
739,31,268.9201148750002,252.3585624999999
740,31,294.41939067500005,228.884277075
741,31,303.0463945999999,299.6013053999999
742,31,286.93215357500014,258.08904882499996
743,31,211.92291582500016,229.012253575
744,31,177.56709067500003,176.063962075
745,32,162.82590267500012,168.48261485
746,32,133.20394112499994,157.358869175
747,32,137.35895367500007,110.72704887500004
748,32,129.31606387500014,156.69473457499993
749,32,153.28044460000007,140.943092025
750,32,204.56760540000016,185.93577144999992
751,32,210.99031785000022,219.58111992500005
752,32,218.59651849999995,276.2857147499999
753,32,216.08571652500015,204.45428897499994
754,32,311.34185482500004,287.2640604
755,32,257.2540678250001,287.34849429999974
756,32,284.48590997500014,245.42036030000006
757,32,221.38826620000015,243.0888075499999
758,32,215.5984068750002,244.13887362499986
759,32,267.47742110000024,191.57781120000004
760,32,195.16375914999986,226.5245510749999
761,32,146.29026112500023,216.85424002499985
762,32,242.21735367500014,245.5158128749999
763,32,205.48911357499995,241.21246489999976
764,32,226.7943598000001,252.83085622499988
765,32,220.45742672500018,260.1599042999999
766,32,265.6903040750002,227.16435525000003
767,32,189.05553242499997,199.48798040000003
768,32,185.59979865000008,171.212597775
769,33,171.42242039999996,132.95023942500003
770,33,150.54620325000002,171.065811475
771,33,148.053807075,144.72201872499994
772,33,134.8721563000002,126.45325367500004
773,33,157.18204355000003,124.14357710000004
774,33,201.88378642500027,167.45061852499992
775,33,237.89392082499995,177.16030604999986
776,33,226.50434197500005,225.9032920249998
777,33,227.3829674750002,236.47745360000002
778,33,266.12869240000015,320.9805809500001
779,33,367.4911492250005,266.04198762499993
780,33,322.3384280000001,260.82534114999964
781,33,285.5134227250003,225.75235984999995
782,33,290.81762797499994,235.165492975
783,33,258.1478853000002,286.0070908249999
784,33,239.62807830000008,216.8466982249999
785,33,214.53730887499995,224.72886647500007
786,33,266.51835957500003,241.2616827249998
787,33,282.0802092000002,230.4095285
788,33,268.5053290500003,219.56900740000012
789,33,241.22294460000023,214.10306184999985
790,33,246.87639112500017,219.135851125
791,33,222.67750330000024,210.10863502500004
792,33,205.53824422500003,208.53590602500003
793,34,161.60013230000015,179.90769622499988
794,34,130.6080132500001,183.20557239999997
795,34,155.5125887000001,186.78120499999994
796,34,156.50032555000007,131.7852072499999
797,34,155.315050225,182.809841775
798,34,157.6971477250001,179.05944235
799,34,155.91459247500018,229.17111897500013
800,34,245.22241877499988,231.544071925
801,34,279.92301857500007,272.5843315249999
802,34,231.197752825,278.29411727499985
803,34,275.76932772500027,274.87721857500003
804,34,264.1965498500002,308.7591720250001
805,34,246.68432817500013,246.48440749999986
806,34,213.8502424249999,228.4839143500001
807,34,170.73942254999994,199.84691039999984
808,34,215.07537215000013,225.818305275
809,34,242.70626492500014,199.02947899999998
810,34,210.8789114500001,211.004901825
811,34,178.6555130250003,217.028236
812,34,191.29156175000014,260.93161969999994
813,34,183.95029680000005,233.4122336749999
814,34,245.2809180499999,230.74175632499998
815,34,199.0842770500001,190.58667064999992
816,34,213.28731067500013,203.76429985000001
817,35,105.4185522250001,220.68803814999995
818,35,121.44393685,184.93652130000007
819,35,102.93405662500003,162.7532395
820,35,137.3142649,166.55199199999996
821,35,121.46434942500007,157.98000007500002
822,35,154.6444725,193.56885802500005
823,35,199.5736822250003,213.14102872499993
824,35,234.54927745,233.23068310000002
825,35,249.18083327499983,198.45071489999987
826,35,244.65062860000023,209.4466063000001
827,35,228.00614465000012,269.1374720250001
828,35,263.6901174750001,279.6268663749999
829,35,226.07089805000004,206.24289404999996
830,35,235.05021657500026,219.2101060249999
831,35,222.26836927500014,208.18990714999995
832,35,208.47653162500006,199.2457362499999
833,35,186.55249252500013,243.85758112499997
834,35,243.31182382500054,219.54047914999973
835,35,233.91545387500008,199.13445282500004
836,35,232.64970104999992,194.3836465249999
837,35,249.74459547499998,201.44670427499986
838,35,213.1733842500002,166.116192275
839,35,217.61637305000005,187.29590265
840,35,167.5650261250002,140.183076075
841,36,135.54237635000004,163.08074172499994
842,36,154.17612665000001,136.57650512499993
843,36,139.78550772500006,127.98291697500002
844,36,150.79320037500008,136.99406224999998
845,36,201.7480406500001,186.91416867499996
846,36,209.18972710000003,197.8438441250001
847,36,195.38822665000006,167.01678835000007
848,36,191.195313575,189.3895883
849,36,257.6227612500002,194.19353005
850,36,243.05140717499995,194.95843307499982
851,36,263.2882755000001,195.71651737499982
852,36,245.12074557500023,208.7421609249998
853,36,230.58003539999993,212.24427435000007
854,36,255.8726781500001,251.06207807500004
855,36,222.52338247500023,279.88186974999985
856,36,239.24088702500018,243.44208444999998
857,36,206.58413130000002,213.49075744999993
858,36,180.03996415000006,237.46167714999999
859,36,239.99768935000014,185.463603425
860,36,269.2506711500001,245.1714849999999
861,36,220.78151742500017,258.47696452499997
862,36,205.7565199499999,253.33203319999984
863,36,201.56034752500022,192.41277810000003
864,36,189.95992887500017,201.59879827499998
865,37,199.7075259,121.05247849999999
866,37,160.92393345000005,107.12398084999998
867,37,149.87489232500013,145.9455843249999
868,37,174.19862839999996,167.71784837499996
869,37,197.04361210000008,169.57254954999985
870,37,195.6851620000001,166.46612857500003
871,37,242.39361657500012,204.82884669999996
872,37,264.47687340000016,195.544654425
873,37,246.58909892500017,235.91615004999994
874,37,279.6894763,257.5641980749999
875,37,292.11231082500007,264.161060025
876,37,295.19143149999996,281.84675567500005
877,37,246.22671805000004,294.67720669999983
878,37,282.6448265500001,305.41017934999996
879,37,195.42166982500015,248.80433022499986
880,37,195.89532077500004,263.49741679999994
881,37,221.2425044999999,277.93450274999987
882,37,213.00239675000023,240.92364612499983
883,37,226.5370955250002,246.284718825
884,37,210.28406877500026,263.4196578749999
885,37,226.35425870000026,257.10695947499994
886,37,233.9381256000002,201.2634124250001
887,37,213.0674207000004,223.3952141249998
888,37,188.77474625000013,182.8744542999999
889,38,225.33510805000003,146.56807972500005
890,38,183.1295920000001,147.49352382499995
891,38,156.676950775,160.3479984249999
892,38,163.6813143000001,163.44730784999993
893,38,173.25854715000006,165.012570625
894,38,211.17158540000005,182.39917774999998
895,38,225.69241935000008,214.54075332499997
896,38,202.76950725000015,225.1336564749999
897,38,199.92153717499997,281.74578544999997
898,38,220.07645280000003,294.5904937999999
899,38,336.4536683000008,276.964537425
900,38,331.75537940000004,301.8625109000001
901,38,322.934128825,291.09952087500005
902,38,272.2526417000003,269.8559106250001
903,38,337.4612879000002,217.33707887499997
904,38,319.378517825,249.23272572499985
905,38,236.61293035000034,218.61584987500004
906,38,270.943987925,208.99774715
907,38,209.80606307500005,212.0467375749999
908,38,213.54481697500006,233.29020489999988
909,38,253.27100910000013,217.34753695000006
910,38,258.7637101000003,197.99958404999987
911,38,252.24841144999994,250.10272767499993
912,38,169.46117180000024,172.97090505
913,39,176.91255187500013,156.48186764999997
914,39,133.77694842499994,133.26395422499985
915,39,157.75576535000005,129.808062075
916,39,134.09489200000007,109.08501492499994
917,39,129.33472385000005,151.0489344249999
918,39,129.87740915000006,166.50382674999997
919,39,207.08456370000005,272.03288539999994
920,39,222.21743827500018,158.51297024999997
921,39,246.80140334999993,222.70644105000008
922,39,288.0334761249999,293.09042325000013
923,39,307.02035702500024,291.45879062499984
924,39,283.67992327499996,277.8289625499999
925,39,282.3313898750001,262.6438798500001
926,39,252.790151725,281.8958235499998
927,39,172.96114935000003,305.1725118249999
928,39,213.6108296750001,215.8005837999999
929,39,237.91668860000001,232.62229989999992
930,39,259.35447575,213.8935502249999
931,39,274.1106357000002,235.39837470000015
932,39,291.5927279500004,202.55013704999996
933,39,283.33962097500006,217.51060244999996
934,39,297.90208672500023,239.5355607249998
935,39,229.2279696500002,191.15273617499992
936,39,201.16982694999996,177.32976454999994
937,40,178.16461212500002,159.75211235000003
938,40,191.6516089750001,184.25133625000007
939,40,174.8823527500001,191.28739069999995
940,40,140.74588210000016,133.23651377500008
941,40,160.8712982749999,187.130342775
942,40,170.10203719999987,164.13922390000005
943,40,210.79132455000013,227.08886894999978
944,40,250.43031227500018,260.8302573499997
945,40,280.30135502500036,242.8406828499999
946,40,287.7356061750002,235.27449589999983
947,40,269.32759567500034,251.89793000000006
948,40,238.02915165000007,257.1072034
949,40,276.97131677500005,272.2460945
950,40,254.12359780000025,273.72550912500003
951,40,196.0392096249998,273.4873291249998
952,40,223.97300835000033,285.6296983750002
953,40,165.6956018000003,235.40433775000002
954,40,252.7422470000002,247.94028737500003
955,40,207.204551675,295.55220495
956,40,257.17686455,280.18577085
957,40,298.47905185,241.6481860249999
958,40,234.88560482500014,264.26574727499985
959,40,186.79167205,241.07038009999997
960,40,161.67530505000008,222.67267220000008
961,41,144.694601125,137.01955357499995
962,41,136.85507217499992,145.16725449999996
963,41,121.12394847500005,151.24301332499994
964,41,150.16944717500007,120.93087664999996
965,41,135.69264605000006,146.41064037499996
966,41,198.3580759000002,184.30942644999993
967,41,215.18814527500018,220.75967795000008
968,41,240.0869706750002,225.92814965000008
969,41,262.2506211500002,216.46387995000003
970,41,214.5486287750001,224.3253595500001
971,41,229.22160695000014,238.35773582499993
972,41,250.12372007499994,236.59635124999988
973,41,247.03000682500004,235.23626627499996
974,41,234.22191025000012,249.57820675
975,41,292.58385112499997,252.15181792499993
976,41,243.41017567500012,286.98210827499975
977,41,251.64929492500022,281.24013945000013
978,41,225.13550502500019,284.36362705
979,41,268.04531915,268.931252475
980,41,269.3888208999999,237.19948517500006
981,41,242.5805018250001,245.07132737499992
982,41,224.63365572499993,205.6576374249999
983,41,252.71264480000025,180.32549934999992
984,41,212.62231744999994,166.34026664999993
985,42,155.79833177499995,156.25532282499998
986,42,140.43682720000007,136.44145435000001
987,42,126.97961395000016,168.97195707499992
988,42,129.68849117500008,142.70594967499997
989,42,129.0098260000001,175.24986387499996
990,42,187.342619775,182.9046736249999
991,42,185.20587172500018,196.80181219999992
992,42,173.452310975,224.9109374999999
993,42,231.10815142499985,237.37234364999995
994,42,246.0834595500001,224.41275939999997
995,42,308.3228626000002,324.89153314999993
996,42,247.5315939250001,313.1067456249999
997,42,247.75097577500006,287.01561307500003
998,42,257.1550525500001,278.22069632499995
999,42,252.30061107500012,252.933146625
1000,42,247.5989707500001,196.45646354999997
1001,42,223.39679397499987,186.165093975
1002,42,227.52914875000016,215.7781421749999
1003,42,227.91937670000013,198.11116057499993
1004,42,192.2076219500001,215.88538417499984
1005,42,249.64500825000027,216.56597615000004
1006,42,235.6231879999999,211.06490222500003
1007,42,226.6965309750002,191.002299325
1008,42,204.411158225,176.26161709999985
1009,43,145.61008932500005,134.39405177499998
1010,43,142.19436597499998,148.67236135000002
1011,43,96.66945192499993,142.597295175
1012,43,157.58275290000006,125.8137009999999
1013,43,141.48791057499994,133.57011344999998
1014,43,151.137527375,128.20501514999998
1015,43,162.1141502750002,196.31436297499994
1016,43,201.43493260000017,187.91702905
1017,43,177.5690990500001,206.4267023749998
1018,43,243.82503930000007,175.46256904999987
1019,43,216.87351302499985,236.35445739999994
1020,43,231.29762152500007,260.4356465749999
1021,43,212.02354594999994,282.1839338249998
1022,43,269.2381585000003,237.05664072499988
1023,43,287.7450756500003,176.1200993
1024,43,283.3467473000002,174.412210975
1025,43,218.62154532500023,201.93819017499993
1026,43,280.49716590000025,243.32412940000003
1027,43,252.47227350000014,303.86536235
1028,43,253.65473827500017,273.84464540000016
1029,43,219.01839317499997,242.3111596750001
1030,43,200.1961531,196.71270597499998
1031,43,185.35100495000017,168.2240452499999
1032,43,166.839935325,156.45101935000002
1033,44,93.76850350000001,128.87082124999998
1034,44,118.19646030000003,128.39300767500004
1035,44,148.60904502500014,148.42372192499994
1036,44,153.3004545,167.61978665000004
1037,44,189.77010112499988,177.11066767500006
1038,44,186.8972953500001,188.3134381
1039,44,170.08657864999998,203.58833157500013
1040,44,214.88127097500018,252.09708912499985
1041,44,248.35032154999988,267.54155527500006
1042,44,260.06532932499994,242.71191414999984
1043,44,253.4854788500001,248.38675162500002
1044,44,252.48901604999995,327.1887395249999
1045,44,258.4083457250001,256.2172734499998
1046,44,245.35058777500006,242.13920147500002
1047,44,234.69587482499986,234.680285825
1048,44,243.17781675000043,235.28379812499998
1049,44,241.33058267500002,227.017637175
1050,44,224.90488094999995,216.6964486000001
1051,44,265.6815052500001,215.5680828750001
1052,44,279.7367077000002,250.80682092499995
1053,44,259.79880365,278.27459542499986
1054,44,247.77568834999994,320.5698455499999
1055,44,231.07833572500013,224.06856297499994
1056,44,178.9716873000001,193.03294032499997
1057,45,170.95915715000018,166.91614102499992
1058,45,135.47425745000004,197.9891727499999
1059,45,142.83324272500008,181.41328200000004
1060,45,154.73962285,150.13542884999995
1061,45,174.0740307750001,180.72898502499987
1062,45,183.01259575000003,189.64658845000002
1063,45,218.58174459999992,167.6296094250001
1064,45,211.75642137500012,228.83346132499997
1065,45,228.75713122500014,296.16463057499993
1066,45,196.00337822500012,355.05475140000004
1067,45,231.78577902500015,309.42504040000006
1068,45,224.5607668,321.8376313250001
1069,45,167.77275535000018,326.4312548999999
1070,45,146.46559512499996,283.89048685000006
1071,45,201.38832807500006,324.9446512499999
1072,45,239.07119552500006,321.2740474749998
1073,45,182.28873717499997,242.74672389999995
1074,45,212.49586800000006,244.46899952499973
1075,45,234.00376574999996,291.0846031749999
1076,45,235.87979277500034,320.0785377
1077,45,226.35902592499997,340.8199203999999
1078,45,217.79675377500004,234.4995010500001
1079,45,218.96915710000002,206.82691057499989
1080,45,197.38898130000007,154.90854080000003
1081,46,140.96180367500008,151.31505107499999
1082,46,118.512805375,175.17320817499993
1083,46,114.20821447500006,168.24956147499992
1084,46,141.74479830000013,164.27710000000005
1085,46,171.2180979000001,149.851093425
1086,46,220.89930960000004,159.9000591749999
1087,46,227.07522480000023,206.63257084999995
1088,46,249.05642515000005,280.15874022499975
1089,46,256.6800794000001,241.06414289999995
1090,46,289.8238058999999,280.2976085499999
1091,46,376.8368835250003,263.57888857500006
1092,46,316.7313519000003,271.7933544000001
1093,46,267.5221087500001,289.71301592500015
1094,46,306.5253344500001,313.99077357499993
1095,46,239.28179252499996,264.3716920249999
1096,46,214.21244570000005,221.88344657499994
1097,46,236.2203732500002,230.1889522249998
1098,46,205.52547527500002,217.44177960000002
1099,46,255.14392255000007,211.74419625000007
1100,46,237.95661055000016,238.20231467499988
1101,46,190.84158495000014,262.48313549999983
1102,46,206.71340627500024,258.043463
1103,46,175.14151535000002,225.41063717499995
1104,46,178.02042890000013,232.61741287499993
1105,47,204.50736160000002,223.81138209999995
1106,47,235.16737080000013,198.09486257499992
1107,47,222.38855657500017,204.34263185000003
1108,47,192.31771817499992,180.90085942500002
1109,47,203.110789725,177.36868222500004
1110,47,243.50923909999995,148.87976364999994
1111,47,231.38336067500006,222.34057950000016
1112,47,240.17551170000007,224.01379339999988
1113,47,238.09602805000003,237.69886552499992
1114,47,268.763776025,270.287549125
1115,47,278.62282482500007,281.07761552499977
1116,47,267.6119824000002,290.3542855
1117,47,358.7622930000007,301.9765149499999
1118,47,316.6514292000003,241.09032022499997
1119,47,239.97017905000038,244.40242602500007
1120,47,191.304031075,271.73294577499996
1121,47,209.5107101999999,314.99047562500004
1122,47,230.29718627500012,229.35618577500003
1123,47,314.6376307750007,197.8549280000001
1124,47,262.8697752500001,247.64444724999976
1125,47,217.5854448000004,199.35644172499994
1126,47,236.96570637500008,244.68882322499996
1127,47,209.4749706250003,239.17565832500006
1128,47,215.70629792500011,208.137668975
1129,48,181.85651087500014,150.22461937499997
1130,48,185.93748602500017,166.05966145
1131,48,168.88225082500009,172.618766375
1132,48,169.9005835750001,135.98509237500002
1133,48,157.4159868750002,171.72059887499995
1134,48,199.96349505,139.18882602500003
1135,48,248.1339489,206.1533271250001
1136,48,214.18102142500015,262.3387810999996
1137,48,240.46802347500034,171.69480009999978
1138,48,177.64476102499998,227.66795579999987
1139,48,164.87529442500008,239.09489130000009
1140,48,264.03742602500006,282.06535497499993
1141,48,267.55628787500024,295.5658501999998
1142,48,254.10950844999994,273.55468914999983
1143,48,267.60961810000003,262.36798422500016
1144,48,255.01230135000012,257.1799987749999
1145,48,209.33395059999992,215.2424791499999
1146,48,258.96432240000007,221.675190275
1147,48,303.26485322500014,181.85865202500005
1148,48,247.89949762500004,244.05426124999977
1149,48,270.67810695000014,283.79368232499996
1150,48,250.971326125,212.46086639999987
1151,48,222.97592842500018,222.23849637499995
1152,48,183.18749285,189.17248537499995
1153,49,145.62792935000004,128.919840275
1154,49,144.37441290000004,143.11021507499999
1155,49,152.05238755000016,122.17288709999995
1156,49,136.76186260000028,136.65557382499998
1157,49,122.24781547500014,118.57219287500007
1158,49,145.30300244999995,135.85770812500004
1159,49,162.10766015000019,201.46523007499988
1160,49,183.33222375000014,161.62686472499993
1161,49,172.46169712500017,191.76465997499997
1162,49,194.94955667499988,244.28802102499998
1163,49,300.04029064999986,280.1769696
1164,49,267.6108305749999,264.4016734749999
1165,49,230.00176010000007,218.42462059999986
1166,49,218.92835322500014,196.98656179999995
1167,49,236.6117576000002,216.21558837499987
1168,49,234.99405797499998,172.34664649999996
1169,49,183.39732654999983,179.57471629999992
1170,49,248.94131392500003,203.21278147499982
1171,49,238.46495425,217.87248959999988
1172,49,269.42219287499995,291.08051015
1173,49,260.55196175000003,222.21246192499996
1174,49,215.92207347499993,160.54125874999994
1175,49,196.94400867500016,194.96995357499992
1176,49,140.18603199999995,165.18322697499997
1177,50,155.56056492499997,123.22644319999992
1178,50,124.32294892500002,125.31782977500004
1179,50,126.06053147499996,128.43867330000006
1180,50,159.8326990750001,128.8625943250001
1181,50,159.98132130000008,175.0557239999999
1182,50,184.9660927500001,168.84907835000007
1183,50,145.2254702,177.05637422500004
1184,50,190.6315674750001,250.42793827499997
1185,50,188.93136312500002,228.06749719999988
1186,50,223.83983322500015,246.48663215
1187,50,232.05420862500011,192.516100925
1188,50,227.6300123000001,190.7651052
1189,50,236.12091057499993,246.5673009999999
1190,50,239.31959447500003,209.76576784999995
1191,50,222.8023805000002,237.144795475
1192,50,180.36859175000015,206.2526615499999
1193,50,221.22734797500004,207.58744872500003
1194,50,234.25478005000002,200.13355072500005
1195,50,241.62136490000017,252.587713125
1196,50,231.939315325,222.6006197250001
1197,50,194.88642685000016,208.07035567499983
1198,50,181.14116262500016,217.51336585000004
1199,50,177.68994567500016,225.28764382499998
1200,50,192.27394030000005,159.0031324
1201,51,137.0613656500001,135.25995662499992
1202,51,106.88447622499991,125.84811322500003
1203,51,108.12428377500004,157.88648319999993
1204,51,140.19932434999998,164.06701392499994
1205,51,146.43404972499997,165.51608004999997
1206,51,163.27863444999994,198.69585404999987
1207,51,183.60502040000017,194.5751130999999
1208,51,182.24618875000021,176.00739255000008
1209,51,226.22968875000004,202.3090676000001
1210,51,216.49751340000023,250.4986681749999
1211,51,249.2691848249999,237.16463662499996
1212,51,227.5141219,218.17362055000007
1213,51,263.93012485,228.00324385000002
1214,51,283.21685807500006,230.3165994500001
1215,51,267.6841552000002,220.12520155
1216,51,267.5771579000003,211.8353473749999
1217,51,271.6670432000002,203.6269037
1218,51,227.27256610000006,167.95971962500013
1219,51,269.08152142500006,202.21998809999997
1220,51,241.2451366499999,206.74004422499996
1221,51,219.3571896000002,222.84771309999994
1222,51,230.0726715250001,261.45842197499996
1223,51,179.46824637500026,223.112806975
1224,51,161.24138505000013,234.396891275
1225,52,125.53908925000017,201.52172249999984
1226,52,130.2422031000001,208.54445287499996
1227,52,117.68522547500001,193.20882815000004
1228,52,127.92966135000007,180.43160772499994
1229,52,158.126277975,168.40357889999996
1230,52,177.32810327500022,211.5605552
1231,52,229.37260172500018,208.53605175000007
1232,52,254.42541980000001,218.22763222500004
1233,52,250.55117760000036,244.03762385000002
1234,52,278.0021998750002,282.88101214999983
1235,52,276.50948615000004,285.7221444749998
1236,52,292.2173297000005,306.714421325
1237,52,289.8343769500004,282.4370636249998
1238,52,247.53325797499997,259.6686160500001
1239,52,265.15975532500016,245.75984677499994
1240,52,238.59971485000005,198.4866106
1241,52,264.02554797500034,228.83887342500012
1242,52,238.85934407500005,241.90210807499986
1243,52,247.79684327500019,253.04021005000004
1244,52,242.49064542499994,229.5167666250001
1245,52,286.76082825000026,244.4329229749999
1246,52,295.5341542000001,206.1039342499999
1247,52,229.5051671750001,203.3510590749999
1248,52,155.38378067499997,213.1487716249999
1249,53,216.13707832500018,170.18322742499998
1250,53,185.46296145000014,181.66639659999998
1251,53,132.34359959999995,163.95412125000001
1252,53,180.2523854250001,193.75807874999995
1253,53,226.1097849750001,173.555279675
1254,53,212.88752550000015,173.17452800000007
1255,53,251.67172904999995,220.84276972499987
1256,53,257.6718649500002,238.27002032499965
1257,53,289.77728680000007,237.393467475
1258,53,241.86042909999998,228.6676953000001
1259,53,273.60663085,295.7269451999999
1260,53,235.38353567500016,284.9271387
1261,53,221.17624932500001,290.03284537499997
1262,53,219.1783018,272.5521703999999
1263,53,279.49755525000006,266.0755035499999
1264,53,259.8624512,209.53013782499994
1265,53,273.00017977499994,230.7954188750001
1266,53,221.72636340000022,237.63257059999984
1267,53,236.6678164500001,244.32230994999975
1268,53,309.6642169750002,279.368282575
1269,53,246.13357792500003,232.24511779999995
1270,53,203.4627070750004,255.68692099999984
1271,53,209.45912935000018,223.8884934749999
1272,53,138.48374682499997,194.13384037499995
1273,54,134.79239305000004,178.53144925000004
1274,54,137.69893172500002,148.70642075
1275,54,167.60085747500005,138.03590572500002
1276,54,147.76653205000017,147.10153664999996
1277,54,132.02915140000002,167.0246179
1278,54,170.7009146000001,183.96861479999998
1279,54,193.10578247500035,200.12413284999968
1280,54,204.76522590000008,237.18431827499995
1281,54,205.47642912500007,304.22873939999965
1282,54,278.4471163999999,270.4120310249998
1283,54,226.83923657499997,269.88395379999986
1284,54,242.82098005000006,298.58940722499983
1285,54,246.977685975,301.13994125
1286,54,243.21961065000028,293.19733827500005
1287,54,246.88232284999998,296.31064985
1288,54,205.58291209999982,329.79241257499984
1289,54,209.71244880000012,317.30156364999993
1290,54,297.3709565000001,260.322894625
1291,54,263.4996242500001,250.57586209999982
1292,54,280.96079432499994,268.83553365
1293,54,267.96875795000005,223.05753315000004
1294,54,209.5033621000004,233.20697212500014
1295,54,205.52058927500025,236.38870457499985
1296,54,171.003535775,168.63921374999998
1297,55,138.1723658500001,146.305448275
1298,55,134.10079085,138.24296602500002
1299,55,144.31931549999993,132.8522255499999
1300,55,115.72861937500002,126.13721390000003
1301,55,133.7496696749999,186.280802875
1302,55,204.24710744999993,171.59124329999997
1303,55,182.4272579750001,171.6447544500001
1304,55,173.20970362499995,213.85848270000002
1305,55,209.862149225,200.91443392500014
1306,55,226.91468247500015,190.2813606750001
1307,55,203.67551344999995,256.9084573
1308,55,231.49788212500016,291.9353410499998
1309,55,270.9029173750001,310.096380675
1310,55,215.4166426000001,274.0053829999999
1311,55,209.22289785000012,250.27084190000002
1312,55,216.33067302500046,276.63691975000006
1313,55,192.29076555000006,308.46808450000003
1314,55,189.10422352500018,259.0124141749997
1315,55,228.50562770000022,308.51416107499995
1316,55,219.05970110000015,272.91291499999977
1317,55,226.35048602499995,288.81962099999987
1318,55,211.14667630000014,242.63753517499998
1319,55,228.5738192750002,173.15985042499997
1320,55,174.48434550000002,181.55430092500004
1321,56,128.72088320000017,137.7583037
1322,56,116.39739390000007,140.0665350749999
1323,56,113.54865537500004,154.42247064999998
1324,56,117.76480780000001,116.92617452499996
1325,56,130.23836370000006,121.32614412499993
1326,56,153.64090330000005,151.52439660000007
1327,56,160.22653949999997,169.94444177500006
1328,56,155.21529177499997,179.16946852499996
1329,56,247.61016335000022,203.938607525
1330,56,258.8595906000001,246.69787055
1331,56,231.66852665,281.5129686
1332,56,240.3114417249999,246.39626454999984
1333,56,256.7550996500004,213.63402482499976
1334,56,271.8354453500003,199.20565994999984
1335,56,254.0840617250002,209.15740219999992
1336,56,236.7131164000004,233.2013324499999
1337,56,240.00667717500022,230.19835334999982
1338,56,195.34714490000005,266.3492039749999
1339,56,203.1039328500001,196.52094104999998
1340,56,195.96153532500003,251.6129784749999
1341,56,225.382175175,193.67396782499995
1342,56,203.13738612499992,229.5549991000001
1343,56,199.70381540000022,199.077452525
1344,56,187.09049790000006,225.010785625
1345,57,168.98295422500001,126.00210992499998
1346,57,143.25536902500016,162.28479099999998
1347,57,121.95816454999996,135.09233797499985
1348,57,115.81963097500001,146.04118489999996
1349,57,133.0575999,141.27585375
1350,57,164.35551495000004,161.59125605000003
1351,57,203.7676065000001,187.65539090000001
1352,57,181.41107290000022,207.31461784999993
1353,57,214.48207037499986,152.4128559250001
1354,57,149.55467195000006,225.32722982499996
1355,57,204.83357612500023,176.2823118249999
1356,57,214.48477324999993,195.98040272499992
1357,57,206.71387072500045,210.01567764999996
1358,57,216.0631180750002,191.23261937500007
1359,57,233.18443725000014,192.55386134999986
1360,57,245.92950825000025,217.28814837499993
1361,57,214.32739919999995,242.05408642499995
1362,57,209.23246835000015,214.9474801
1363,57,223.1009876750002,214.45461035000005
1364,57,237.901656575,206.51985934999993
1365,57,249.0975530250002,187.92733440000006
1366,57,212.89564477500002,184.92835309999998
1367,57,213.81023255000008,223.1617231
1368,57,170.63460160000017,185.94356269999992
1369,58,163.91007837500027,160.94203694999993
1370,58,180.36944565000013,154.24210814999998
1371,58,172.59348557500005,138.49703485
1372,58,129.27019667500008,168.0839155249999
1373,58,173.815941925,224.199557675
1374,58,212.96922022500019,136.802709375
1375,58,278.7846987250002,173.96297400000003
1376,58,303.8529680499999,201.2650835
1377,58,283.3822892000001,248.36296504999987
1378,58,278.73702067500017,273.65203227499995
1379,58,276.77533022500006,264.74583127499994
1380,58,282.79773550000004,283.37556274999974
1381,58,262.073415075,314.14720872500016
1382,58,302.07728765000024,298.8658572999998
1383,58,412.61919609999984,259.9997813499998
1384,58,313.94372597499995,277.5082227249998
1385,58,268.1960926500002,242.77163532499992
1386,58,243.001309,222.71785907499992
1387,58,286.4259333750001,247.1435267
1388,58,280.6092815500001,268.55669852499983
1389,58,242.3409217249999,254.660021175
1390,58,209.7315492000001,237.83874165000006
1391,58,185.9220989500002,198.15575959999995
1392,58,206.0982893250001,188.608367525
1393,59,213.73821892500013,144.3555164749999
1394,59,158.89068702500015,134.05106154999996
1395,59,168.70278172500022,133.70213727500004
1396,59,155.5663409000001,152.96702512500002
1397,59,189.24452465000013,155.00010492500002
1398,59,224.45041927500029,179.42211150000006
1399,59,223.9709048750002,251.982663175
1400,59,189.14492795,264.6272018999998
1401,59,226.87518775000007,281.6716596749999
1402,59,229.96483170000022,240.54716079999992
1403,59,286.92631882500035,276.57909344999996
1404,59,272.3368180250002,308.758270025
1405,59,321.2924182500004,245.45255542500007
1406,59,331.9353436500004,209.27647014999985
1407,59,256.25475720000014,259.12996597500006
1408,59,246.86151147500004,194.53848282499996
1409,59,224.7034639750001,220.14254494999997
1410,59,226.1986511000003,235.09730524999992
1411,59,235.5238602000002,305.7017284249998
1412,59,199.21219280000005,268.47102284999994
1413,59,215.6729582000001,270.74759009999997
1414,59,191.01494465000025,240.21117649999974
1415,59,190.73100090000005,239.37303847500002
1416,59,170.91050197500027,232.1623095
1417,60,166.97286087500004,174.72935077500006
1418,60,171.78231155000003,184.05975387499996
1419,60,138.806169925,190.72546469999997
1420,60,153.08087382500003,180.2143314
1421,60,178.5999382750001,193.1485830749999
1422,60,175.44964085000004,191.63085127499994
1423,60,223.72886645000003,154.520919
1424,60,246.06390797500023,211.877158125
1425,60,225.92336715000027,200.00708799999992
1426,60,275.69881337500016,202.1567053
1427,60,300.0192790500001,302.00158727499985
1428,60,284.6789087,248.90679152499982
1429,60,281.0986185999999,251.3093250249998
1430,60,267.8700803250001,213.75939054999986
1431,60,284.3848177749999,268.07107537499996
1432,60,254.03750315000016,288.6126092999999
1433,60,233.57444380000004,270.97954112499997
1434,60,235.95706777500016,275.0724112
1435,60,218.44890427499993,314.5442702499999
1436,60,203.3767444250002,233.99175089999994
1437,60,201.70998257500028,216.33283189999975
1438,60,176.67564170000009,227.941221075
1439,60,177.52521215000013,184.94628724999995
1440,60,191.11940929999997,213.29217972499995
1441,61,184.4369706500001,158.86775
1442,61,193.3478241500001,161.81209152499991
1443,61,214.88014285000008,157.63001654999988
1444,61,194.28541710000016,182.29634332500007
1445,61,190.9133805750001,194.17699982500005
1446,61,196.66357044999995,184.1857185000001
1447,61,171.2736413250003,183.15183897499992
1448,61,214.44298967499995,291.2371606000001
1449,61,223.9749330250002,316.3338457
1450,61,270.152678925,304.39628904999995
1451,61,298.65446222500026,353.0367777499999
1452,61,256.29580465000026,368.6594669500001
1453,61,229.81866487500025,281.8427485999998
1454,61,214.81865827500008,318.8285386749999
1455,61,221.86837995000025,225.99114234999996
1456,61,178.2205597499999,228.82153859999985
1457,61,211.41049560000027,204.78244569999993
1458,61,196.64972075000009,244.43487007500005
1459,61,250.5050813000002,248.3160108000001
1460,61,269.85970197499995,274.3865381249999
1461,61,246.4756772250003,244.57242664999978
1462,61,225.32726917500008,282.1951957499999
1463,61,213.14635385000034,220.03334297499993
1464,61,181.4362113250001,215.17557087499995
1465,62,144.05401390000003,149.42530372500002
1466,62,127.43541627499992,162.54021852499991
1467,62,146.94283817500002,159.366171425
1468,62,175.78401350000001,191.68287332499995
1469,62,189.7125807750001,195.23645394999994
1470,62,234.53714720000022,212.23730855000008
1471,62,218.23533977499991,230.38215307499985
1472,62,246.0843591250001,240.4292689
1473,62,286.63789795000025,234.75633865000015
1474,62,270.353119075,239.92026029999988
1475,62,276.185547275,278.9439006499999
1476,62,305.06306100000006,253.74278977500015
1477,62,263.2417866500001,267.0422802000001
1478,62,200.70192102500033,246.781753325
1479,62,194.57163010000005,243.70240477500005
1480,62,190.0108176750001,218.23759094999986
1481,62,218.3126887250001,229.71288927499995
1482,62,236.15997587500016,222.26685632499994
1483,62,298.0207917250002,188.9317635750002
1484,62,254.5729571750002,242.92809710000003
1485,62,272.6391948749998,206.26212915000013
1486,62,256.49634712500006,178.47847022500002
1487,62,223.48962387500006,176.46349567499993
1488,62,174.69483927500016,152.68498824999995
1489,63,150.88194582500012,160.1347150749999
1490,63,152.19071857500006,155.925076725
1491,63,126.288558325,143.26256132499998
1492,63,109.44251997500015,149.77033202499996
1493,63,152.01878267500004,165.3914771249999
1494,63,139.45516855000005,173.61517357500003
1495,63,131.8173714500002,200.06870455000006
1496,63,217.07154195,200.44501297499988
1497,63,200.518813175,210.27670197499992
1498,63,266.85408657500005,204.99484729999998
1499,63,257.6533173250004,219.97126875000015
1500,63,251.10671552500017,239.84700625000005
1501,63,251.58354584999995,219.34158807500006
1502,63,206.75341797499993,267.260554325
1503,63,199.7872702250001,229.28635520000006
1504,63,192.89854330000009,218.29221304999993
1505,63,159.51805612500013,159.34236895000004
1506,63,200.2540500249999,206.93829237499995
1507,63,198.60199447500008,230.76137822500004
1508,63,253.9099312000002,264.1775016499999
1509,63,207.5376028000001,208.86632504999994
1510,63,241.92613070000007,203.52026702500004
1511,63,212.21762395000022,194.66425940000002
1512,63,192.0650780750002,191.53567305000007
1513,64,140.76355824999996,164.89394275000006
1514,64,123.52781335000007,141.13461239999995
1515,64,113.78350772500002,152.73464675000008
1516,64,122.92206530000003,140.279245025
1517,64,174.12934242500006,168.78788785
1518,64,170.17557740000018,180.566997975
1519,64,204.226712175,232.58087282499986
1520,64,225.36087497500017,238.70703712499983
1521,64,273.2274612750005,303.9811780749998
1522,64,260.59990502500006,258.2458031
1523,64,246.92168679999997,230.26608069999997
1524,64,272.9593411000001,245.61285632499983
1525,64,302.40072262500007,263.61275092499966
1526,64,329.44971635000013,283.16592142499996
1527,64,334.8589289,286.6287006749999
1528,64,264.03414222500027,247.2258839499998
1529,64,242.04859815000017,236.4510087000001
1530,64,249.49632257500014,202.510468425
1531,64,302.0460837500001,231.05692794999987
1532,64,293.3253614750003,320.336323275
1533,64,245.27928667499998,261.57638257499997
1534,64,256.1801591500003,233.98247639999994
1535,64,238.33349039999987,242.24895424999994
1536,64,197.26907340000008,191.22208877499986
1537,65,136.96138692500006,132.67362384999993
1538,65,168.88171552499995,142.49458122499993
1539,65,143.1068962750001,141.67759432499994
1540,65,134.77718017500004,160.24464610000004
1541,65,128.61956095000005,158.82729967500003
1542,65,195.04944832500013,164.77465827499998
1543,65,194.08754009999984,160.61597460000013
1544,65,246.85503177500016,206.02327089999997
1545,65,249.10998607500002,207.96111634999997
1546,65,259.1507013500001,185.3350353249998
1547,65,225.78552340000022,207.08384582499983
1548,65,350.69896142500033,279.0608674
1549,65,298.1031294000003,274.56138035000015
1550,65,326.2202656250005,306.0301072249997
1551,65,326.4471189000002,260.65588235000007
1552,65,314.6003996000002,259.8086559
1553,65,260.36910650000027,178.44975514999996
1554,65,314.7072402750001,187.16736097499978
1555,65,308.0640484750004,241.10712064999996
1556,65,258.8009297750001,172.89901117499994
1557,65,253.00031930000023,197.15876659999992
1558,65,281.40256002500007,154.43855422500008
1559,65,229.4483195,181.08169635000002
1560,65,192.88749337500005,167.20979659999998
1561,66,172.77568392500007,189.679085075
1562,66,154.6618096999999,160.0648161749999
1563,66,156.38900647500003,157.80904524999994
1564,66,161.06376065000006,148.92067612499997
1565,66,131.2652364500001,162.65794755000002
1566,66,199.2518952750001,224.76623177499994
1567,66,213.45386845000013,230.09762074999998
1568,66,308.91874525000037,263.46509902500003
1569,66,288.8536954249999,230.9478927
1570,66,272.4318125000002,287.68829650000004
1571,66,289.096642425,313.5730607500001
1572,66,202.26592084999987,260.552770725
1573,66,277.5132831750007,306.9566157999999
1574,66,197.50791120000014,265.6844024000001
1575,66,253.6735030500001,264.9932586749999
1576,66,252.46366990000013,247.89827719999982
1577,66,252.70849852500007,251.44898502499998
1578,66,271.7703233750002,220.58016870000014
1579,66,234.34720630000004,214.33830922500007
1580,66,229.7807634000002,241.6308345
1581,66,273.72903785000017,291.290981625
1582,66,219.77511935000012,267.4167210249999
1583,66,246.56214875000046,207.37910577499986
1584,66,206.5020893500001,181.848058025
1585,67,140.17771042500004,126.14338582500008
1586,67,142.77746375000004,105.36174102500004
1587,67,157.130988525,127.12152307500006
1588,67,153.87358685000018,123.638572975
1589,67,136.94416975000007,146.53506112500003
1590,67,220.79011937500013,155.340161975
1591,67,261.490587775,180.08361637500005
1592,67,262.1930342000001,283.3490140249998
1593,67,235.0956283750001,279.430167925
1594,67,237.13536190000008,293.5994194
1595,67,260.09791727499993,303.28482357499996
1596,67,284.06810092499995,195.61367479999996
1597,67,263.4898236750003,253.60735954999996
1598,67,235.27480724999992,260.1631250999997
1599,67,242.58656052499998,224.27465142499992
1600,67,254.17230050000003,220.52963209999996
1601,67,258.15451435,217.27114292500002
1602,67,217.47912004999998,247.69385850000003
1603,67,186.84933557500005,223.44063457499988
1604,67,291.25402487500037,284.92024165
1605,67,239.70635007500016,312.88490257499996
1606,67,248.245041725,211.48972752500003
1607,67,268.45467490000016,203.02671872499997
1608,67,230.21870907500005,173.3589882999999
1609,68,138.24899842500014,139.87036572499994
1610,68,157.7747792250002,126.46797032500004
1611,68,141.03554242499996,137.22590802499994
1612,68,160.8116588,159.04939702499996
1613,68,145.1358400750001,139.87037079999993
1614,68,174.3025415000001,169.94444367499997
1615,68,196.43664747500003,172.56588329999988
1616,68,213.1405115,237.70134574999992
1617,68,251.72503597499997,224.14376572499995
1618,68,259.9466841500002,244.40187239999983
1619,68,291.7756079500001,249.39964129999993
1620,68,286.3161409250002,247.52403349999994
1621,68,304.16244302500024,285.4626205249999
1622,68,231.13847389999995,246.8197444999999
1623,68,298.19823930000007,221.62812270000006
1624,68,307.41738902500026,246.93139429999988
1625,68,260.1892884249999,250.32633622500015
1626,68,276.40641304999997,296.5314041499998
1627,68,216.80283357500008,253.9354039499998
1628,68,249.31524625000029,194.97424900000004
1629,68,249.37010872500014,196.39673315000005
1630,68,232.96704905,204.12410952500005
1631,68,219.6763473500003,207.9619372
1632,68,168.11939160000006,175.95465972500003
1633,69,154.05390817500012,191.70392892499999
1634,69,114.02861372500001,154.8442920500001
1635,69,149.54548155000018,140.42230585000004
1636,69,140.96005427500003,156.7458294249999
1637,69,122.01297142500006,155.48258337499993
1638,69,116.34360595000003,167.0096008249999
1639,69,180.0768154499999,182.24675524999992
1640,69,205.76319597500037,185.63945695
1641,69,228.8392074500004,233.08693377499995
1642,69,273.08196670000035,287.5268581999999
1643,69,271.73813217500015,252.63572002499993
1644,69,243.29157032500004,238.17182924999986
1645,69,198.9869574,213.92756564999996
1646,69,222.6376572500002,235.40344342499995
1647,69,223.1484309250003,195.80508935000006
1648,69,238.87044820000003,218.37263052500003
1649,69,190.49846335000015,216.0218506
1650,69,171.31405462499998,199.67405472500002
1651,69,244.892667325,241.44581339999974
1652,69,214.8383023750003,192.31007199999988
1653,69,227.78511590000056,223.782268775
1654,69,178.93035852500014,208.47075717499996
1655,69,162.3332527,154.052664225
1656,69,166.96230927499994,164.39311795
1657,70,129.25255442500003,136.87539495
1658,70,169.6388390750004,151.34054064999998
1659,70,138.25426542499997,120.92805135
1660,70,122.99141649999997,172.65996642500005
1661,70,148.82147824999998,151.35724679999998
1662,70,153.46238545,142.24535782499996
1663,70,190.0508433250002,159.97515825
1664,70,174.03997627500013,180.01500857499985
1665,70,189.63695865000017,207.83561657500002
1666,70,213.8116061500003,259.08859907499993
1667,70,258.9946259500002,263.3365788499998
1668,70,222.91248947500037,213.1863306749999
1669,70,220.88263440000003,169.91365379999993
1670,70,224.6026461,195.94518715000004
1671,70,231.01554842499996,203.56630487499996
1672,70,247.60361532500002,200.68029227499994
1673,70,189.74607315000029,194.25783267499992
1674,70,201.0243983000002,204.72638922499993
1675,70,189.57724732500003,229.89823437499996
1676,70,209.49240412500023,242.7096206999999
1677,70,199.56790055000025,292.55477027499984
1678,70,198.98746810000006,234.3528763499999
1679,70,172.84868302499996,224.498957475
1680,70,164.292184275,214.72568512499998
1681,71,147.017312075,121.77415267500004
1682,71,151.81984185,137.21881337499997
1683,71,139.57122220000002,155.69076969999992
1684,71,129.05048310000004,166.22399359999997
1685,71,162.1955805,161.68466435
1686,71,159.83467587499996,158.36608890000005
1687,71,204.67941892500016,238.72166325000003
1688,71,230.10779910000005,191.92247680000003
1689,71,230.3549540250001,223.09028939999982
1690,71,262.00875187500014,265.69736875
1691,71,233.27463627500003,217.89243364999987
1692,71,275.54435832500025,264.43271664999986
1693,71,380.756755475,257.329049125
1694,71,331.36325112500015,258.0070010249999
1695,71,357.81725350000005,304.0449935
1696,71,290.7394404500002,279.3096808
1697,71,281.83118609999997,275.089085825
1698,71,228.96567837499998,244.27905459999988
1699,71,234.50171817500018,243.29687777500015
1700,71,279.6122930500003,214.71685774999983
1701,71,263.422197375,222.53591917500017
1702,71,257.73327279999995,225.95163104999995
1703,71,230.88622617499988,190.53938607499998
1704,71,205.66820432500003,153.722441125
1705,72,141.91190447499997,136.56713514999998
1706,72,151.06111575000014,135.03347307499988
1707,72,160.91889702500015,157.14589707499994
1708,72,132.35105734999996,157.87972617499997
1709,72,132.91876367500004,177.22439524999993
1710,72,212.92132432500017,189.94144942499997
1711,72,209.00355362500005,290.86450327499995
1712,72,249.5511187000002,323.47465235000004
1713,72,335.82821695000024,297.75226985000006
1714,72,257.91958912500024,257.61723192500006
1715,72,229.77521654999998,242.11283859999998
1716,72,249.80816607500017,265.36594289999994
1717,72,287.68512735000047,285.6858917750001
1718,72,289.735816375,251.20461514999985
1719,72,274.10329245000014,325.33674470000005
1720,72,274.56090342499994,285.053254625
1721,72,279.4252415000001,267.38048465000014
1722,72,272.1253376500001,236.68686395
1723,72,356.149217275,269.68285544999986
1724,72,296.8462292749998,288.55804342499994
1725,72,197.50463977500021,265.8738257749998
1726,72,226.71057745000053,266.43064037500005
1727,72,196.73812909999998,191.73552667500002
1728,72,223.69308805000014,157.82930637499993
1729,73,164.58413597500007,200.32771382499988
1730,73,146.87914727500015,165.5328229499999
1731,73,156.2948449000001,145.10387719999997
1732,73,169.875733675,144.17350695000002
1733,73,171.01081917500017,154.80844692499997
1734,73,158.03973707500006,166.99412817499996
1735,73,226.9493311500003,193.63445397500013
1736,73,225.64469355000008,232.38436392499995
1737,73,230.71309397500008,277.1908024999999
1738,73,260.23417350000017,259.79258267499984
1739,73,314.47784905,223.82531802499983
1740,73,373.9914749750001,268.80747962499987
1741,73,287.0085101000002,288.46507537499974
1742,73,282.3708500500003,261.1783713249998
1743,73,307.03583492500036,222.55512542499997
1744,73,249.88117075000002,235.0786977500001
1745,73,210.00714249999993,274.6085352249999
1746,73,237.72525440000013,249.81731399999998
1747,73,258.49081519999993,214.17386457499998
1748,73,272.9382644750001,216.9149311000001
1749,73,282.89584915,263.28698799999995
1750,73,249.650768975,228.42576215000017
1751,73,224.36244777500013,231.98340382499998
1752,73,235.21531185000012,199.854200075
1753,74,169.65790350000023,145.7120431499999
1754,74,145.66906697500002,139.19327237500002
1755,74,144.39943060000002,126.58282679999992
1756,74,127.63437884999996,139.01447819999999
1757,74,150.5383747500001,159.54265537499992
1758,74,129.98651832500002,158.02735547499998
1759,74,177.8116965250001,152.024086325
1760,74,292.6525948000001,237.898708225
1761,74,284.37547277500016,271.1192483499998
1762,74,265.20553922500017,266.8158322499999
1763,74,327.6118117250003,337.4340107999999
1764,74,373.64387827500013,367.72555747499985
1765,74,254.1251151000002,280.3102790749998
1766,74,254.84746127499994,330.4811776
1767,74,245.60555874999994,308.7687576499999
1768,74,221.21928622500013,294.53296494999984
1769,74,201.4852522999999,281.8155863
1770,74,255.38289605,263.963901725
1771,74,240.69524655000015,200.29330212500008
1772,74,248.6135627250004,217.99766774999992
1773,74,288.2503009000004,194.71792432500007
1774,74,238.56911820000008,197.418478025
1775,74,256.13005814999985,193.98701987499987
1776,74,210.73599477499994,164.35998500000005
1777,75,181.72712522500012,140.06596894999996
1778,75,186.04574600000012,126.37832537500003
1779,75,175.37287785000007,131.48824569999996
1780,75,148.35005577500002,145.62429774999998
1781,75,157.79732675000008,171.28947669999994
1782,75,226.46504140000053,180.90002285000003
1783,75,213.6220331000003,212.682679075
1784,75,206.21837397500016,232.81041292499987
1785,75,183.22298610000013,275.31248635
1786,75,221.97546875000023,313.00758937500007
1787,75,256.85351507500025,341.47143667499995
1788,75,225.5887562250003,280.6455467999997
1789,75,254.83897452500003,241.30258662499978
1790,75,274.69011367500013,236.835311775
1791,75,311.4024029,191.77997495000017
1792,75,243.94327047499996,261.09749237500023
1793,75,257.17099630000035,196.99493199999992
1794,75,245.103193325,219.83066640000018
1795,75,271.5166666999999,203.70117494999982
1796,75,224.8027677999999,265.4304097249999
1797,75,218.52126885000007,189.835636825
1798,75,219.75922830000016,173.34265119999998
1799,75,209.30065247500005,180.33827639999993
1800,75,202.387915075,173.5038633249999
1801,76,174.2416740250002,155.45482839999994
1802,76,164.1861040250003,151.5115217
1803,76,130.57386654999996,181.49804904999996
1804,76,126.5179160000001,148.48459437499997
1805,76,160.28747132500007,143.00326989999996
1806,76,179.4834942750004,158.53324084999997
1807,76,184.17264034999994,210.991853925
1808,76,204.33036470000008,180.67359527499983
1809,76,219.39297890000014,189.11243697500015
1810,76,230.91119737500026,234.5466904000001
1811,76,259.5124687250002,282.52110649999986
1812,76,250.57049875000024,245.8525413
1813,76,211.52399834999994,253.62273495000005
1814,76,237.7623473250003,271.89762874999985
1815,76,250.2688042000001,211.7399643500001
1816,76,240.80712705000013,195.43400685
1817,76,224.50038135000023,196.49314667499988
1818,76,212.1656006749999,189.586819075
1819,76,221.59439095000022,205.4397241499999
1820,76,198.23219700000016,226.1826127499999
1821,76,187.14107907499994,230.59883012499978
1822,76,239.0604496250001,187.13372222500007
1823,76,200.06642637500008,223.7557154749999
1824,76,179.9407721750003,209.22585994999994
1825,77,148.6397288750001,149.6301527
1826,77,145.62127790000005,140.39546019999995
1827,77,148.24476222500004,124.434743475
1828,77,152.22987955000008,133.48476227499995
1829,77,171.72455050000008,143.79221410000008
1830,77,145.26138715,156.62384567499993
1831,77,195.91841697500033,158.9585023999999
1832,77,171.86544062500008,202.8158601
1833,77,215.23195077500017,276.65335067499973
1834,77,209.34704847500012,286.67856982500007
1835,77,239.51145297500003,327.2240601499999
1836,77,247.79732692499994,322.3945324749998
1837,77,285.4398573499999,264.0969354750001
1838,77,237.96908762500004,281.1878848749999
1839,77,277.8422365750003,229.10472892499993
1840,77,268.8437497000002,183.14008710000002
1841,77,287.25137395,195.90801274999984
1842,77,280.6649573750001,204.76788892499997
1843,77,173.2228308750001,259.65296654999986
1844,77,186.69098137500015,267.4288890999999
1845,77,219.26972497499995,252.30048539999996
1846,77,247.83802297500029,226.76056077499993
1847,77,204.29098607500003,224.72198635
1848,77,213.6442881500002,199.44991874999994
1849,78,154.82003095000005,131.6628835999999
1850,78,176.21148915000003,142.61550427499998
1851,78,137.82570512500007,156.54154864999998
1852,78,159.96720257499996,195.753120325
1853,78,141.41682092500017,136.79472764999986
1854,78,160.72048035000012,215.43091444999993
1855,78,270.221885175,207.328827425
1856,78,251.4829216,222.34418802499985
1857,78,312.5878293499999,275.5972821250001
1858,78,271.79317930000013,295.243074225
1859,78,280.3800887250002,309.2194616999998
1860,78,303.86689117499986,302.930863025
1861,78,255.0821042750003,283.34994895000005
1862,78,275.97058189999996,264.50805537499974
1863,78,214.00342250000026,275.72499312499997
1864,78,170.59503022499982,244.0201465999999
1865,78,177.02500052500017,245.89371569999992
1866,78,181.38863555000003,267.68410317499985
1867,78,222.17740010000006,235.32819612499978
1868,78,234.42687840000005,231.28549862500003
1869,78,287.5635452000001,300.96753414999984
1870,78,230.1925870000002,257.47856565
1871,78,203.5778658250003,201.70762359999992
1872,78,241.7442296750001,204.34642162499992
1873,79,112.38698572500005,145.43548299999992
1874,79,120.10243482500007,136.4050801499999
1875,79,130.90919540000004,145.1389243
1876,79,129.11983772500002,117.1242154749999
1877,79,148.8873882750002,121.35011082499996
1878,79,194.7477386,175.08918307499994
1879,79,271.40005815000006,207.8603655749999
1880,79,260.9504163250002,294.3727428499997
1881,79,270.6521620749999,243.9476123249999
1882,79,271.8355596500004,280.09978459999996
1883,79,255.24316890000017,198.19328682499992
1884,79,274.7206615000003,248.80928090000012
1885,79,314.93630882500025,277.13424592499996
1886,79,285.10870197500014,254.00916262499985
1887,79,304.25313519999986,306.89893204999976
1888,79,302.4413085750001,279.6799245750001
1889,79,248.03702382499995,283.70475332500007
1890,79,241.3191975250001,262.19281485
1891,79,192.39189257500018,209.52589677500012
1892,79,264.54590680000035,212.11981892500006
1893,79,247.22948062500063,213.45979234999993
1894,79,203.7385563,245.69412782499995
1895,79,193.62945320000023,224.0698285
1896,79,203.8811293000001,191.332039175
1897,80,161.9784672000003,168.12696675
1898,80,129.73535745,136.6903244
1899,80,150.30223262500002,149.598485525
1900,80,137.74613737500007,150.12566097499987
1901,80,149.17365770000004,152.92680019999997
1902,80,170.12430152500002,165.633065025
1903,80,181.83240940000007,198.75971464999992
1904,80,277.72426122499985,227.08987075
1905,80,241.41638649999987,287.1678035249997
1906,80,328.03685022499985,255.20217405
1907,80,305.030287175,252.35807192499993
1908,80,348.366838875,258.33126034999987
1909,80,346.82719900000035,232.91309582499994
1910,80,352.55337574999993,261.38622649999985
1911,80,257.33442967500014,218.91207097499998
1912,80,254.87152770000017,232.87657917499985
1913,80,226.44577254999996,197.97183144999985
1914,80,217.87848254999994,267.31922380000003
1915,80,199.83358127500003,229.09412672499985
1916,80,248.7354971750003,232.33611444999983
1917,80,236.38646442500024,242.11079844999995
1918,80,181.14058750000004,188.10202892500007
1919,80,205.85822859999985,177.30638797499995
1920,80,161.76150137499997,212.01419159999995
1921,81,174.0861702,124.13774362500001
1922,81,151.03370247500007,158.38502922499998
1923,81,143.63238822500006,125.69292714999989
1924,81,128.35614919999998,119.01040317500001
1925,81,158.32983762500004,157.45747544999995
1926,81,181.377595275,172.07452362499984
1927,81,191.2941445,182.36270817499985
1928,81,225.97485852499992,191.6409350250002
1929,81,250.3988116750001,245.30631425
1930,81,263.81547467500025,187.93885580000006
1931,81,250.767603,261.77575565000006
1932,81,254.26827947500013,244.39209367500004
1933,81,278.2066131250001,253.4375333250001
1934,81,298.60349865,282.51095822499997
1935,81,285.36441927500016,259.2259521749999
1936,81,286.75136110000017,243.575785525
1937,81,225.14398592499987,213.45259277500003
1938,81,224.02332447499995,237.62712252499966
1939,81,220.93626740000008,229.83373624999982
1940,81,268.5709237,213.70934187499998
1941,81,292.5325901250002,265.8096710749999
1942,81,214.05383702500012,216.891357375
1943,81,221.0922082250002,252.64981667499978
1944,81,162.6371713500002,235.95618167499995
1945,82,142.88985377500006,151.84358307500003
1946,82,153.54379385000004,122.0222021249999
1947,82,177.7873680750001,135.30991474999996
1948,82,139.41984777500005,137.23874659999996
1949,82,158.75343577499996,127.81517889999992
1950,82,191.7670485000001,159.38883429999998
1951,82,219.69947985000005,187.23301704999975
1952,82,240.86713115000032,199.18306120000008
1953,82,311.50092315000006,201.21811974999986
1954,82,351.86663242500015,242.1891944749999
1955,82,339.45031705000014,285.8969963249998
1956,82,343.5109518750004,224.14849125000006
1957,82,223.39465027500023,229.7167348999999
1958,82,223.69906082500006,260.0192043499999
1959,82,274.5822675750002,241.12850337499998
1960,82,280.6156138000001,259.5129289249998
1961,82,259.45857362500027,242.56218139999987
1962,82,259.8083853750002,254.93923679999992
1963,82,209.31803652500008,230.47843577500004
1964,82,214.89405082500008,221.30698525000014
1965,82,222.7524357499999,227.21487057499994
1966,82,213.13678749999997,193.03593992500004
1967,82,186.11839655000003,172.70039539999988
1968,82,160.4003028000001,156.84236149999992
1969,83,122.83136280000002,147.75503232500003
1970,83,127.03973007500012,124.10051960000007
1971,83,118.00499809999991,119.81313002499994
1972,83,125.81845185000012,109.96375947499999
1973,83,141.0390477750001,134.06749355000005
1974,83,170.5513761250001,145.70312984999993
1975,83,167.52938315000003,164.0259216249999
1976,83,177.01373575,150.01100700000003
1977,83,167.07504480000011,184.30928032499986
1978,83,204.76715159999992,275.1259784250001
1979,83,231.74260125,278.0713714
1980,83,225.78216739999993,254.81479885
1981,83,246.64240575000005,244.45224257499999
1982,83,244.93873800000023,278.6175684999998
1983,83,221.6128083750001,232.43263964999983
1984,83,172.12736125000018,181.90688849999998
1985,83,221.71521627499993,236.81957984999985
1986,83,207.23207465000016,180.52717054999994
1987,83,209.48528432499995,207.32496859999992
1988,83,201.01193582500014,224.12552119999998
1989,83,230.06324854999994,241.31635699999993
1990,83,218.9688226,241.85527715000006
1991,83,177.4381805250001,187.22771534999998
1992,83,183.25366330000003,160.71608877499992
1993,84,137.2271905000001,103.42213592500003
1994,84,140.14130587499994,133.573606575
1995,84,128.14810122500003,175.90981964999997
1996,84,148.04726922499998,165.73147614999996
1997,84,149.84291172500005,128.45862064999997
1998,84,188.108256825,130.490529475
1999,84,172.96391042499994,155.89218609999986
2000,84,178.95527287499988,143.09812647499996
2001,84,217.13665392500008,202.193429725
2002,84,211.34679937499996,248.57071752499974
2003,84,216.79358275000004,227.49571614999996
2004,84,243.00469767500005,219.82601322500003
2005,84,227.53805749999998,170.25728264999987
2006,84,225.29406872500022,194.53124102500016
2007,84,238.76826292500016,198.2808314250001
2008,84,203.2893731250002,232.43203275000002
2009,84,174.15245167500012,188.52184909999997
2010,84,197.8570893750002,184.71186257500005
2011,84,220.27730790000015,235.86579277499993
2012,84,247.69956385000006,209.49475147499976
2013,84,224.79729824999998,200.47828212500002
2014,84,250.17362117500028,235.94202629999984
2015,84,219.97875325000007,190.08441144999992
2016,84,191.25307197499995,210.93135502499993
2017,85,123.85757899999996,136.71624342499996
2018,85,102.65332515000003,115.09959862499996
2019,85,109.949852125,124.68292924999992
2020,85,157.4219016,134.0888736999999
2021,85,140.52400917499997,137.23586227499996
2022,85,138.24333287499985,174.53970694999998
2023,85,216.61368812500004,232.14215472499993
2024,85,197.75105185,246.65919867499997
2025,85,254.3954991500002,273.25136642499956
2026,85,257.01088509999994,240.10744777500003
2027,85,270.7276129500002,252.70110877499985
2028,85,273.395894675,255.95595114999992
2029,85,214.4078172250002,225.66405882499976
2030,85,228.07862560000007,319.99738159999987
2031,85,291.63049735000027,319.0696954749998
2032,85,323.2194642750004,255.32144040000009
2033,85,306.19437255000014,244.08722447499997
2034,85,253.23533850000018,182.51410317500006
2035,85,234.23109307499996,218.00471627499996
2036,85,268.72497365000015,206.1536772
2037,85,240.1770739750001,263.53723489999993
2038,85,206.68262272500016,216.5951095
2039,85,212.37184792499988,142.34555892500003
2040,85,180.84093080000014,138.59603092499995
2041,86,162.7713503250002,103.6716088499999
2042,86,186.24346855000002,140.5026327249999
2043,86,125.85141710000002,120.79224922499998
2044,86,162.3137676,144.20864105000004
2045,86,138.6646317250002,138.60732807499994
2046,86,171.50371722499983,224.75875475000007
2047,86,226.26522742500003,181.91288757499996
2048,86,226.85861525000007,192.5220099000001
2049,86,273.55341052500023,216.5736690999999
2050,86,280.2917835750002,270.03193155000014
2051,86,275.44902470000034,231.5929888
2052,86,278.3490604500001,272.19866980000006
2053,86,221.257755625,302.74669395
2054,86,273.07984505000036,224.71478797499998
2055,86,240.35549569999998,239.28083799999996
2056,86,206.0260462000001,260.77854130000003
2057,86,235.9902808250001,221.68388687499987
2058,86,252.77209190000002,230.66061567499992
2059,86,247.93385395,246.63667054999974
2060,86,226.79353495000012,231.92186435000002
2061,86,191.44392927499993,253.66707437499997
2062,86,213.68055184999992,263.02538050000004
2063,86,220.8440599749999,223.07764034999985
2064,86,175.4521250000001,184.50552247499996
2065,87,167.6208049250002,158.66472885
2066,87,159.13156765000008,129.85398342499988
2067,87,120.91289379999998,114.93105217500002
2068,87,142.15268687500003,129.2597998
2069,87,152.14865277500016,171.19981435
2070,87,139.12987797499989,180.07632074999998
2071,87,202.88154382500014,191.10307992499983
2072,87,228.78842869999994,235.8835907000001
2073,87,280.1849331250006,253.28697887499993
2074,87,210.02955494999992,324.22188097499986
2075,87,269.2844548250003,336.37948070000004
2076,87,290.8536971750002,348.04212280000013
2077,87,246.46168072500004,315.50201
2078,87,252.35424620000015,286.1452040999999
2079,87,216.1640700750001,308.3413970249999
2080,87,218.32783099999995,242.5480332499999
2081,87,254.51239685000016,262.1024767250001
2082,87,215.62275420000003,238.25249445000003
2083,87,206.89684432500002,237.71083200000015
2084,87,232.855494325,278.1347096999999
2085,87,242.885363825,261.86867362499993
2086,87,219.65544165000017,222.29999829999983
2087,87,161.98203917500007,212.148367775
2088,87,176.2350603000001,223.6034717
2089,88,167.43209714999995,133.48305822499998
2090,88,146.2103889,163.64477742499997
2091,88,177.7684748000001,161.94229404999987
2092,88,178.37158600000004,153.890758925
2093,88,170.06554227499993,156.35051245
2094,88,227.6268496,180.18844147499996
2095,88,235.63516225,213.88528394999994
2096,88,282.9719651250001,257.00144887500016
2097,88,340.59686552500057,235.97561047500002
2098,88,357.89016512499995,266.4298169999999
2099,88,290.0727770000001,277.8829429499998
2100,88,321.98774785000023,318.2327466249998
2101,88,246.8700937500002,268.20893860000007
2102,88,212.0168397500002,253.190236975
2103,88,239.10639207500003,253.58674684999997
2104,88,204.8306661250001,272.1454515249999
2105,88,275.83372260000016,268.37702934999993
2106,88,220.62770724999996,234.22246114999987
2107,88,226.7064675750001,278.0412391000001
2108,88,190.90172967499998,291.61227424999987
2109,88,221.8609360750002,279.81009040000004
2110,88,236.52565150000044,254.52195575
2111,88,200.2201062000001,234.53021834999998
2112,88,139.81300230000005,183.86287577499996
2113,89,132.58142827500006,159.10039185000005
2114,89,164.79399129999996,173.56960057499995
2115,89,124.10056757500007,163.13522147499998
2116,89,132.79611800000032,143.58090804999998
2117,89,114.73250182500004,130.59771649999993
2118,89,168.21723490000022,139.24951724999994
2119,89,120.04283617500006,206.9948781499999
2120,89,228.2260392750001,278.9962648999998
2121,89,233.36690440000058,306.8264801749998
2122,89,261.62429335000013,275.9474677249998
2123,89,255.90620485000008,306.616716
2124,89,251.17391399999988,279.1528713249999
2125,89,198.0454279250002,277.6006903750001
2126,89,242.63830237500005,255.6867006
2127,89,276.70163107499997,234.82004597500014
2128,89,237.85276175000007,229.40552062499984
2129,89,197.92016442499994,238.242828
2130,89,245.9165081250002,271.46126799999985
2131,89,261.6011835000003,271.1510612750001
2132,89,251.6631328250001,211.65364912499982
2133,89,240.26230935000004,225.75852684999978
2134,89,219.4694993,183.1716908
2135,89,201.74549114999994,185.55447099999998
2136,89,190.8560353750001,203.61985457499998
2137,90,173.73419575000014,152.11866489999994
2138,90,157.50395682499996,164.02514870000005
2139,90,166.16015260000006,149.19074320000001
2140,90,175.66977707500013,151.139493775
2141,90,151.91470252500008,147.87892692499994
2142,90,232.34520300000008,158.55039139999988
2143,90,223.65245617500005,174.33965264999992
2144,90,215.89285447500015,175.02722660000003
2145,90,223.67632845000014,232.5744217250001
2146,90,253.57763804999996,287.28847334999995
2147,90,262.0045489000004,311.5218518249999
2148,90,268.18326875000025,255.26703372500006
2149,90,243.35089252500018,238.71885489999985
2150,90,260.1210220750003,231.86193727500006
2151,90,220.91102920000037,237.74241114999984
2152,90,257.2014616750002,183.1101875500001
2153,90,242.44158292500003,218.75335777499993
2154,90,242.28623677499994,181.47121742500008
2155,90,253.7947976000002,250.0008912
2156,90,217.01346212500022,238.693934325
2157,90,248.62171792500007,203.10811267499992
2158,90,249.73022905000022,210.79440197500003
2159,90,203.94017527500012,227.5617389499999
2160,90,169.57521564999996,198.41379405
2161,91,162.88631635000007,112.73585125000002
2162,91,146.96174620000008,171.6258363
2163,91,123.2236096,139.9716726249999
2164,91,121.82616447499993,122.53603199999998
2165,91,113.38604012500005,121.38463565
2166,91,149.1455474750002,162.57136359999993
2167,91,174.81305320000024,177.49685084999987
2168,91,167.4083292499999,223.075152125
2169,91,189.0420735999998,241.89296877499982
2170,91,225.8730752000004,289.8686871249997
2171,91,205.64788115000005,273.20383745000004
2172,91,190.4034366250001,266.90745167499995
2173,91,203.05831737499994,270.3250407249999
2174,91,144.22289590000008,254.19260895
2175,91,140.88219664999997,232.87665702499993
2176,91,143.08626407499986,259.2955600999999
2177,91,178.2964214500002,215.3106970749999
2178,91,198.82893785000005,172.42583937499992
2179,91,204.19710317500002,179.51754449999993
2180,91,244.96805307500017,183.09792079999988
2181,91,196.90468940000022,224.43699270000002
2182,91,191.75145094999988,208.61658372499988
2183,91,201.2603510250002,209.59419922499995
2184,91,168.0722196750001,195.9982485
2185,92,136.44754530000023,177.30927575000004
2186,92,131.46266942500006,180.54101525
2187,92,135.20832297500016,175.99155924999985
2188,92,129.35201659999996,182.5828642
2189,92,149.6737518750001,199.935744175
2190,92,186.26967180000014,192.98730685000004
2191,92,183.86878512500004,203.5256107
2192,92,248.08376377500034,254.512518675
2193,92,267.54338437499996,269.86228609999995
2194,92,252.9278903750001,277.55134559999993
2195,92,206.97302369999994,225.01024677500004
2196,92,234.11540259999998,234.34630745000007
2197,92,229.30523215000005,297.2311369250001
2198,92,260.6370287,210.94887072499995
2199,92,226.60173677500006,222.3187513499999
2200,92,264.021520575,202.02336122499992
2201,92,203.2257093500001,208.26884217499983
2202,92,194.93588462500003,278.0934085
2203,92,201.71244255000005,233.07388717499998
2204,92,249.38544630000052,189.51645399999992
2205,92,259.59338750000006,233.6555247500001
2206,92,232.18792232500016,250.60974972499992
2207,92,197.903129625,199.25430735
2208,92,211.81558064999996,173.09584792500004
2209,93,150.602361075,115.86203754999995
2210,93,117.73615310000008,115.51781455000008
2211,93,139.19328415000004,152.62894139999986
2212,93,135.36234312500008,131.89302115000004
2213,93,145.38955085000018,141.9496126
2214,93,205.8281800499999,174.71168389999988
2215,93,200.8080650000001,197.31753382499994
2216,93,222.92058467500007,217.0120586249999
2217,93,257.3729082499999,276.663536575
2218,93,312.25353527500033,219.50673905
2219,93,319.28603017500006,270.3871174
2220,93,321.73814419999985,249.26012109999994
2221,93,329.30333485000017,289.42556644999996
2222,93,357.89956752500007,255.1689400249998
2223,93,278.21079507500053,283.0953248999999
2224,93,245.04142475000023,290.1309051249999
2225,93,216.8702276250002,309.43246695
2226,93,237.736461675,235.60798104999992
2227,93,204.02209830000015,234.7590746249997
2228,93,214.8282055250001,223.57724744999996
2229,93,244.11384620000024,249.36342570000008
2230,93,241.4193221750001,178.77939365000003
2231,93,216.31813692500003,180.83481497499994
2232,93,192.78752420000018,184.00085392499997
2233,94,179.92378272500002,171.23320707499994
2234,94,153.82273315000003,136.65615952499994
2235,94,168.41268830000004,144.23625807500008
2236,94,160.71499442500004,156.27677552499995
2237,94,176.99002197500002,167.531445375
2238,94,225.14424452500003,183.99609644999998
2239,94,203.6041169250002,179.44931502499998
2240,94,194.88868725000006,236.7944842500001
2241,94,269.71161615000005,262.70803907499993
2242,94,291.93480695000005,259.6159198499999
2243,94,328.7026222750002,329.8358719250001
2244,94,323.70961969999996,274.69943584999993
2245,94,285.8406827750001,277.05694930000016
2246,94,246.0601153,246.81024624999992
2247,94,212.85132797500012,226.169290725
2248,94,232.98595425000002,252.21833025
2249,94,207.93854765000015,256.88439819999996
2250,94,252.36246292500024,218.62622252499983
2251,94,237.07832567499997,241.0819425749999
2252,94,275.5662088750002,297.25855047499977
2253,94,274.90985317500025,279.97323164999995
2254,94,252.48285664999992,244.54324179999995
2255,94,229.6298967250001,184.8875385500001
2256,94,203.70195420000016,186.48388134999993
2257,95,153.65494877500004,169.85107964999995
2258,95,140.22123877500007,157.56609702499992
2259,95,126.76660109999997,165.3928688000001
2260,95,141.04707445000008,142.05896929999994
2261,95,164.68267207500026,158.64917104999995
2262,95,167.17692182500005,201.09343247499993
2263,95,162.32614682499985,174.4713119749999
2264,95,171.03626812500002,218.74752317499997
2265,95,248.69473157500016,224.2381808749999
2266,95,229.81298914999996,226.74312597500008
2267,95,298.95550477499995,314.4189536749999
2268,95,302.72962580000006,324.647895825
2269,95,329.6795840000002,260.94865252500006
2270,95,273.2497379500001,215.31962972499994
2271,95,305.1560071750001,228.25228915
2272,95,297.83417877500034,227.0973260000001
2273,95,211.373039725,200.7540016999999
2274,95,250.46322600000013,208.06418887500007
2275,95,243.68581497500003,197.88866425000006
2276,95,244.54410347499993,216.79162947499995
2277,95,264.7134228750001,190.08975554999986
2278,95,254.59898982500022,215.717475525
2279,95,250.14549945000033,231.126207125
2280,95,166.47752069999996,198.20406519999995
2281,96,141.54353327500013,175.10958759999994
2282,96,134.92565267500004,127.64739742500007
2283,96,177.9496212000002,129.10499875
2284,96,142.13137792500004,150.93655092499992
2285,96,172.23554102500026,179.49589384999996
2286,96,187.14405407499996,237.8450109999999
2287,96,193.37683990000025,220.44878714999993
2288,96,184.22038165000004,227.20917302499987
2289,96,249.31741469999994,299.5916029499998
2290,96,254.01650177500017,224.3871488249998
2291,96,341.8091411000003,304.7777246249999
2292,96,328.6849082750002,278.07814529999996
2293,96,218.11531742500011,282.76906165
2294,96,217.47121865000014,259.93931302499993
2295,96,244.80900167500013,251.77952929999998
2296,96,235.78346742500017,225.74338580000006
2297,96,212.50352730000006,207.10077467499997
2298,96,152.65779505000003,221.32249147499994
2299,96,218.56403562500012,219.13737459999993
2300,96,211.13034935000002,257.7369190249997
2301,96,254.33344747500018,217.08481339999994
2302,96,240.54458100000062,280.7368131999999
2303,96,245.02096632499996,257.8733751999999
2304,96,143.4961576500001,219.8882670499999
2305,97,130.930433525,137.70228467499996
2306,97,147.54229962500003,144.48093344999995
2307,97,121.12674377500014,124.96756997499998
2308,97,142.59518522500008,170.74835675000003
2309,97,191.45863165000003,137.23870164999994
2310,97,177.4119270250001,140.76852112499995
2311,97,169.87241872500005,191.1940015249999
2312,97,206.4214438500003,192.02328385000004
2313,97,228.84650412499997,252.104454975
2314,97,261.6682494500002,310.01549992500014
2315,97,199.2505296999999,252.41694325000014
2316,97,216.56859480000003,278.49673497500015
2317,97,223.43395360000017,267.9491538
2318,97,209.47984937500001,251.92820132500012
2319,97,206.78400642499994,241.8044200249999
2320,97,205.4887677750002,231.37012547499995
2321,97,259.3154762250001,244.09467934999998
2322,97,202.0012853,234.18902859999992
2323,97,196.91022532500023,221.88256309999997
2324,97,195.3162431250003,190.92458402499994
2325,97,213.582494775,245.98470664999974
2326,97,180.20241277500008,211.4348448
2327,97,195.98372622499994,214.15653049999992
2328,97,187.39160447499998,206.85311667500002
2329,98,193.55158397500023,167.24671327500002
2330,98,199.7655111750002,126.87906944999997
2331,98,148.20299082500003,147.8526468
2332,98,134.00891242500012,148.94283335
2333,98,183.8944190750001,133.80854499999992
2334,98,191.70098512500013,194.48752104999994
2335,98,189.32270694999988,167.6077894
2336,98,180.57952227500004,157.03046022499996
2337,98,193.57057905000005,166.69277957499997
2338,98,211.37250055000027,207.88544714999995
2339,98,244.86300440000005,205.94787752499997
2340,98,267.5238532000001,195.7678927249998
2341,98,251.97420455000008,215.46237025
2342,98,311.75439772500033,225.989456325
2343,98,270.7811266750002,202.23907922499995
2344,98,225.71305075000024,230.998509475
2345,98,228.10945217500006,213.95662907500008
2346,98,216.27587382499996,217.27700294999994
2347,98,232.20671110000012,211.71996614999978
2348,98,182.67104595000023,183.775368425
2349,98,182.07735327499995,206.54264972499993
2350,98,188.67110912499993,201.43291804999984
2351,98,201.0456223000001,190.49046317500006
2352,98,143.32242875000006,148.4465202
2353,99,116.94311272500012,153.74536522499994
2354,99,121.02283885000006,141.08690412499993
2355,99,146.95986355000005,167.68883867499983
2356,99,149.79504815000018,123.983100675
2357,99,122.76105992500003,155.11632744999997
2358,99,135.9246819750001,125.30873209999996
2359,99,140.47154284999996,168.3620684249999
2360,99,222.31350300000017,180.47891044999997
2361,99,217.8727380000002,305.26453534999996
2362,99,273.29198240000005,279.0939270749999
2363,99,283.5783433750005,250.18156107500002
2364,99,434.6304154000002,293.18671462500004
2365,99,325.62891015000014,275.71119222500016
2366,99,285.8890022750001,290.8202306750002
2367,99,300.8196792000002,293.7486778499999
2368,99,291.29553292500015,285.06508907500006
2369,99,287.9271144500001,249.92037122500003
2370,99,274.99796920000006,214.00411347499983
2371,99,222.7841222,223.29265924999987
2372,99,232.75177390000016,246.02621529999988
2373,99,222.94753897500024,277.39241099999987
2374,99,235.91386330000006,288.1894904249999
2375,99,209.36808612500022,231.93941192499986
2376,99,203.61130077500025,169.830112525
2377,100,180.4514464000001,158.29997819999994
2378,100,163.132461475,178.07775950000007
2379,100,144.6011691750001,187.4746878
2380,100,122.25536440000008,166.5919100249999
2381,100,173.22954077500003,217.53411329999994
2382,100,186.51929055000016,220.20034754999995
2383,100,175.664866975,217.10647935000003
2384,100,200.73208219999995,247.39395799999988
2385,100,309.25850367500027,283.933105425
2386,100,247.68438254999995,246.49508379999986
2387,100,248.77751732499996,289.7496381000001
2388,100,243.88517519999996,240.74622699999995
2389,100,313.02430125000024,260.12589244999987
2390,100,330.2894692750001,286.18601715
2391,100,212.74982792500003,249.29428447499987
2392,100,272.0776591000001,251.20718380000008
2393,100,247.9360617500001,209.96190979999994
2394,100,236.20624100000012,200.16968457500008
2395,100,218.032393975,225.324038075
2396,100,258.64344977500014,231.24113764999987
2397,100,238.89037782500014,227.41610872499984
2398,100,282.275016875,211.09379169999997
2399,100,249.03577080000014,210.6813733499999
2400,100,203.32414942500003,146.45995154999997
2401,101,172.89272297500008,141.30210615
2402,101,174.46579480000025,127.22549834999992
2403,101,177.209525425,171.56349259999996
2404,101,158.39513524999998,151.058613525
2405,101,122.83218725000003,163.181658125
2406,101,188.42634795000004,182.2757093499999
2407,101,176.40561570000017,163.02458802500013
2408,101,213.0292124250003,218.46224392499983
2409,101,295.44063542500015,234.82025412500008
2410,101,289.98816830000015,284.16335297500007
2411,101,258.0009384000001,288.7759919499999
2412,101,257.451247575,295.9297120500001
2413,101,325.3022474750004,278.77436415
2414,101,255.95524857499998,299.6730293499999
2415,101,247.4602765250001,325.99794057500003
2416,101,197.94354059999995,264.52246220000006
2417,101,201.00109762500006,242.41213454999993
2418,101,254.13750394999997,245.55775170000007
2419,101,197.51866275000015,225.46318904999987
2420,101,249.4940767999999,206.7747323999999
2421,101,213.996013425,217.52346209999996
2422,101,178.55543292500016,230.06221609999992
2423,101,181.16510430000005,193.73922707499997
2424,101,225.7010769500004,171.03938034999993
2425,102,161.12570762500008,198.00698252499996
2426,102,153.3006198500001,175.33521387500002
2427,102,161.48978690000007,140.29674195
2428,102,144.1867908750001,155.84902619999997
2429,102,133.41607792499997,163.79062950000005
2430,102,183.46332879999989,155.118192125
2431,102,218.84005480000013,173.10959664999993
2432,102,223.21759877500006,198.19593472499977
2433,102,240.71864464999996,273.02146412499985
2434,102,312.1003681750003,328.289960075
2435,102,251.4929048750002,377.1537986249997
2436,102,339.77373457500005,356.2786598250001
2437,102,259.477004375,269.83121514999993
2438,102,252.1370852000003,284.34740302499995
2439,102,210.47914507500025,275.0540524749998
2440,102,242.2725507250001,260.880828725
2441,102,256.64119247499997,223.97221202499998
2442,102,178.44557362499998,221.06601542499982
2443,102,200.05382107500006,211.7464587
2444,102,215.16710840000007,187.77527412500018
2445,102,261.0899936750001,252.74022855000007
2446,102,272.0019833250002,248.20843349999984
2447,102,251.47237952500018,187.81220395
2448,102,241.34042555000005,156.261420225
2449,103,135.06882432500015,178.17627389999996
2450,103,163.91634625,177.83119852500008
2451,103,185.66443562500015,168.94335259999997
2452,103,140.5535386750001,183.54620842499997
2453,103,198.51412157500008,168.92131235
2454,103,170.59681222499998,197.20103914999996
2455,103,199.46881192500018,218.03300472499984
2456,103,212.31246585000005,196.3256905
2457,103,213.69668392500012,232.71421000000004
2458,103,214.26001435000023,252.5861932749999
2459,103,319.3901437249999,253.05826005000011
2460,103,292.5863449500001,299.36899187499984
2461,103,255.656197625,295.082133775
2462,103,238.5871840000001,301.9876660249999
2463,103,243.9932870000004,245.07192382499994
2464,103,230.3446885499999,249.2413491249998
2465,103,278.9543504499999,215.5332654
2466,103,270.2620338500002,212.08285545000018
2467,103,187.40315152500017,228.5035807
2468,103,229.62165875000028,240.91701607499994
2469,103,280.23939527500016,219.7115274749999
2470,103,249.3908130000002,186.24103097500006
2471,103,240.82637210000004,170.543463475
2472,103,229.1701142249999,187.35688944999993
2473,104,174.61606290000003,189.103054075
2474,104,157.42359202499998,161.69284129999994
2475,104,149.847229625,153.59705757499998
2476,104,138.2335084250001,162.19858257500002
2477,104,109.86567327500009,172.69070302499992
2478,104,134.03638900000024,178.07337729999995
2479,104,172.3599382750001,227.31716834999997
2480,104,181.31071825,222.948837525
2481,104,174.39851082500016,217.66358422499985
2482,104,216.58150557500008,250.06953727499985
2483,104,233.8734732500004,201.501708725
2484,104,250.38897690000016,205.35446112500006
2485,104,281.2854570000004,159.39252409999995
2486,104,229.61908115000023,173.58326672499987
2487,104,219.6373383,206.19513355000004
2488,104,228.9926369750001,241.0698754249999
2489,104,241.5999288750002,205.08713969999997
2490,104,215.15131772500007,187.31490985000002
2491,104,169.10958297500008,209.4559560749999
2492,104,143.63713214999996,198.46446489999983
2493,104,198.38396792500023,193.88194694999987
2494,104,193.09687462500017,202.17636315000004
2495,104,184.158822275,181.950267725
2496,104,193.97216147500023,187.22501339999997
2497,105,157.65521960000015,125.00563492499995
2498,105,158.51548602499997,129.08684799999997
2499,105,134.20637684999994,134.0865552499999
2500,105,130.48029817500006,112.94575107500002
2501,105,145.43332605000006,164.85049447499995
2502,105,169.13922595000003,150.2113864499999
2503,105,187.44337090000008,158.14026332499998
2504,105,155.33207230000005,205.8704625749998
2505,105,190.9616565500001,186.1254195
2506,105,254.66481780000015,229.4180066500001
2507,105,254.1868247749999,218.91766047499993
2508,105,223.4285692000001,190.83985112499994
2509,105,214.48579220000022,151.88219719999984
2510,105,201.3241867250001,199.21689335000008
2511,105,176.39034732500022,238.66004117499992
2512,105,178.47207280000018,220.81413372499992
2513,105,162.96554485000019,190.408974
2514,105,170.9243508500001,193.67929069999994
2515,105,195.6221701250001,166.92057665000004
2516,105,200.79579902500004,193.62682832500002
2517,105,236.42025372500007,179.92367312499994
2518,105,192.9947707249999,212.83296557499995
2519,105,194.41470847500005,154.39537440000004
2520,105,177.7143101000001,157.86383267499997
2521,106,111.47424455000004,150.21254005000003
2522,106,127.83852105000011,111.01806110000004
2523,106,134.19553427500009,108.32008585000003
2524,106,177.59131690000032,127.44568590000006
2525,106,172.02466334999994,125.42413187499989
2526,106,175.9245723500002,159.06895575
2527,106,240.7086993000002,195.21293337500003
2528,106,225.86261607500012,216.66999862499995
2529,106,226.71276952499983,224.60095155000005
2530,106,269.90563210000056,258.5639020999999
2531,106,229.66270012500013,262.58667464999996
2532,106,211.77618065000033,253.7284226750001
2533,106,267.8626213750001,321.04460942500003
2534,106,230.77171459999994,332.0892288499999
2535,106,262.8590329750003,304.50731117500015
2536,106,284.7548568750001,314.07715884999993
2537,106,246.09014792500005,332.6195771
2538,106,255.61202312499992,288.61476112499986
2539,106,209.7055783250002,292.68952692500017
2540,106,262.0044555,304.33714180000004
2541,106,229.56873382499998,259.8497539499999
2542,106,312.180454925,194.05954282499988
2543,106,234.14477719999985,193.89362549999993
2544,106,182.76205820000007,168.5656554249999
2545,107,138.59728565,123.09477830000003
2546,107,123.62803530000014,142.2851348499999
2547,107,107.34236780000003,128.24178734999995
2548,107,117.60312135000007,147.45924109999987
2549,107,135.11361560000003,147.47399757500006
2550,107,151.0287862500001,172.77187482500003
2551,107,208.74351330000033,171.97799682500005
2552,107,223.8506107500001,256.091477875
2553,107,200.00590662500014,203.06431817500004
2554,107,266.5631172749999,251.22766075000004
2555,107,262.81971500000014,282.523952325
2556,107,232.30121177500035,286.67600677499985
2557,107,278.8936556000002,302.8734971000001
2558,107,274.14698957499996,261.8185306250001
2559,107,314.74256225000073,285.9984152999998
2560,107,341.5668665750002,241.00301504999996
2561,107,306.4254930000001,261.51186529999984
2562,107,239.2087123749999,263.6929831000001
2563,107,208.19818992500012,229.7164388749998
2564,107,249.8048706500001,267.3690829500001
2565,107,219.881875025,283.9726479999999
2566,107,230.54231280000002,225.09282954999983
2567,107,206.69899100000012,174.62631562500002
2568,107,205.1699478750002,193.36826502499986
2569,108,131.16246062500014,141.06786745
2570,108,145.42729012499998,132.066925975
2571,108,130.60945002500017,144.68167222499991
2572,108,150.04398335000016,138.23726859999996
2573,108,135.956641,148.44392477500003
2574,108,163.31380782500008,138.38201302500008
2575,108,166.59932987500008,177.26491862499978
2576,108,246.79310827500046,202.88674947499993
2577,108,251.34795427499995,226.21308980000012
2578,108,282.2007949000002,307.7651264500001
2579,108,300.32451930000036,259.2970893
2580,108,360.39937757500013,255.54015717499982
2581,108,272.7196944500001,346.93200449999995
2582,108,268.652286225,275.11172897499995
2583,108,279.52440555000015,306.7122623999999
2584,108,264.0384976000001,329.08189739999995
2585,108,232.95659195000025,251.33851854999983
2586,108,234.83571662500015,257.7961983749999
2587,108,260.73067622500014,309.30153559999997
2588,108,227.49867837500017,244.2822638749999
2589,108,272.6085539000002,206.13474785
2590,108,212.0201506750002,202.5297082749998
2591,108,184.4052874,206.16801474999988
2592,108,200.1215167000001,175.54045689999998
2593,109,133.4319577,168.43180494999987
2594,109,134.610113125,152.10669429999984
2595,109,126.05924992500005,138.11105017499995
2596,109,139.8488924500001,122.27915035000004
2597,109,172.001860125,149.3390233
2598,109,215.60070402500008,148.88152165000002
2599,109,226.4630775250002,126.81015447499993
2600,109,199.58107430000013,196.70008122499985
2601,109,224.7360286500001,185.93809544999988
2602,109,278.42812425000056,220.29312125000004
2603,109,348.36871075000033,229.53538712500006
2604,109,354.1068708750002,241.87427785000006
2605,109,317.29157137500005,287.4541813750001
2606,109,344.6238135250001,277.0774951250001
2607,109,340.24460080000017,316.69307245000005
2608,109,292.84931510000007,292.9897849749998
2609,109,217.6474238000001,274.1294409500002
2610,109,253.3360401250003,265.48629282499974
2611,109,256.7648687,291.3231173749999
2612,109,237.3387689500002,343.53688802499994
2613,109,291.05369812500015,373.17907657499995
2614,109,256.1650016000003,233.13705227499997
2615,109,269.51701722499996,163.68957114999995
2616,109,224.19233817500015,163.41487795000003
2617,110,145.85395112500007,146.18151952499994
2618,110,175.2122601000002,133.08558524999992
2619,110,160.58850447499998,141.91079189999994
2620,110,150.59586000000002,187.58337297499997
2621,110,170.23655280000006,165.06882169999994
2622,110,176.29793445000016,173.92850555000007
2623,110,204.2944247999999,176.63741242499992
2624,110,227.12496009999995,255.89062340000015
2625,110,338.15940522500017,256.0608880499998
2626,110,351.3436095250001,327.5180977000001
2627,110,307.1161245000002,270.47920074999985
2628,110,308.10160717500025,254.72512849999998
2629,110,287.9725793000001,294.19620744999986
2630,110,303.4438943750001,262.1053222000001
2631,110,288.8628723750001,308.61733512500007
2632,110,285.84504885000007,363.9688942750001
2633,110,303.5145144500001,252.9784182250001
2634,110,281.45185905000005,297.9456263000001
2635,110,281.6273384749999,294.50502147500004
2636,110,345.0856954000001,251.61868619999993
2637,110,265.32180962499984,256.16404122500006
2638,110,246.62898340000004,230.6662740750001
2639,110,226.7131257500003,217.53830709999994
2640,110,213.52986655000015,216.2491271
2641,111,171.553371125,163.39169407500003
2642,111,198.50587875000008,132.69263302499994
2643,111,181.20933607500004,161.50845564999992
2644,111,176.37690622500014,159.9678193999999
2645,111,153.200635225,156.10680025000002
2646,111,140.64710029999998,201.25791822499997
2647,111,131.83941629999995,185.22698322499997
2648,111,164.08562812500014,229.01175339999975
2649,111,201.08383090000007,275.30086159999996
2650,111,252.2744634750003,215.71294604999994
2651,111,296.303501,224.39776769999986
2652,111,360.64472467500013,282.33185164999975
2653,111,337.1698663000001,303.2110635249999
2654,111,266.09394047499995,347.57253890000004
2655,111,263.45087345000013,298.6629301250001
2656,111,290.30608925000007,269.19603760000007
2657,111,266.25008812499993,297.79187479999985
2658,111,261.4528080250002,291.99206589999994
2659,111,237.85072575000015,278.95709722500004
2660,111,279.5285654000002,279.4695909499999
2661,111,310.64725295,260.0324906249999
2662,111,291.59680005000007,229.23404069999992
2663,111,259.24248157500006,194.3989371
2664,111,180.59667767500014,198.96643592499998
2665,112,164.57117052499996,176.0365392499999
2666,112,193.2872247250001,132.81279749999987
2667,112,216.675068075,99.97192055000005
2668,112,174.4685534250001,120.31850189999986
2669,112,156.58685320000006,119.43620477499991
2670,112,170.35890437500007,150.90945752500005
2671,112,199.81013750000028,169.7610783
2672,112,161.38979977500009,172.18569265000008
2673,112,232.86506715000007,214.09874132499988
2674,112,228.17751844999998,253.7558485750002
2675,112,261.32105607500006,324.086594625
2676,112,339.8361215,331.9636630499999
2677,112,303.48079922500006,250.15345580000007
2678,112,284.0987170750006,261.300261275
2679,112,329.5509624750002,253.3262820249999
2680,112,293.9499569500005,264.13746189999995
2681,112,287.1796753500003,312.42410277499994
2682,112,307.197915725,313.8452152499999
2683,112,324.5039616500002,277.8570705499999
2684,112,287.83493194999994,284.0825203499999
2685,112,257.9092262,278.21629940000014
2686,112,248.35833055000018,287.73826832500015
2687,112,285.8584502500001,217.70646027499984
2688,112,255.77073604999998,205.59609730000005
2689,113,170.1165680750001,161.41042702500005
2690,113,156.93952035,133.12058820000001
2691,113,139.1502414750001,144.15306744999992
2692,113,145.11994835000002,140.84832889999998
2693,113,169.6965739000001,155.086432075
2694,113,224.94471877500035,176.61727719999993
2695,113,170.794840625,258.75787072499975
2696,113,227.3590055250001,275.67256355000006
2697,113,275.69983267500004,314.19340449999976
2698,113,265.0343473249998,271.3862050000001
2699,113,263.58187077500014,305.3659379249999
2700,113,255.0641190250003,250.05511542499977
2701,113,264.50962042500043,231.98641114999987
2702,113,261.95987975000025,223.30322677499976
2703,113,284.8585348250001,230.2742205250001
2704,113,313.0557382000003,173.7931908249999
2705,113,265.9165150500001,260.0841074
2706,113,283.4207474000002,273.7877682249999
2707,113,257.74525682500024,254.6179594750001
2708,113,302.55577689999996,248.79875954999983
2709,113,231.8372953,278.04241079999997
2710,113,270.7393356250004,223.05075587499977
2711,113,214.34597510000026,236.25458872499996
2712,113,195.38978887500014,237.04288204999995
2713,114,133.65174995,92.73554809999999
2714,114,153.47463937500004,124.20978372499982
2715,114,129.8235283,112.75514762500003
2716,114,127.172436125,140.98999997499988
2717,114,154.879256475,156.23621899999998
2718,114,166.20511425000018,158.09606162499995
2719,114,206.74318717499995,172.35308689999988
2720,114,255.0239952750002,201.22727227499996
2721,114,266.06032400000004,287.1232322249998
2722,114,251.93400705000022,242.53005977499993
2723,114,273.03671957500023,202.22431984999992
2724,114,275.57714125000007,278.9330750499999
2725,114,288.0739553000001,229.45522077500004
2726,114,329.0307283500001,274.31117994999977
2727,114,297.14897632500015,238.6932446749999
2728,114,314.0536841250001,224.70412759999988
2729,114,279.32511507500004,211.84116600000013
2730,114,275.29807597500024,276.1471601249999
2731,114,230.81705287500023,251.79016399999986
2732,114,273.7158107000001,278.1849537500001
2733,114,282.07207915000055,236.44370295
2734,114,256.2637278500002,235.07860187499995
2735,114,236.96928375000005,160.42561442500005
2736,114,242.62119370000013,152.6447632
2737,115,172.9450508250001,162.3576419999999
2738,115,157.19695850000016,159.79538879999998
2739,115,159.072958975,152.3341409499999
2740,115,134.45401985,143.94103537499998
2741,115,143.95831139999999,204.74326217499987
2742,115,163.44567265000006,193.93861429999993
2743,115,190.92946530000003,182.89091434999995
2744,115,192.83060157499986,225.98335259999988
2745,115,274.4468564000001,281.248128625
2746,115,311.9574997500002,317.99302647499985
2747,115,296.8588699000003,332.367274825
2748,115,276.43171947500014,246.73759987500006
2749,115,313.3667539250002,297.5641581749999
2750,115,275.1916735250001,287.71027394999976
2751,115,276.8660258749998,246.03357290000005
2752,115,284.48162747500027,299.7286364250001
2753,115,313.3969183999999,310.19929497499993
2754,115,373.3410695750001,261.3822104249998
2755,115,261.19176017499996,271.02466649999997
2756,115,231.25237595000007,232.71651854999993
2757,115,259.64762677500056,254.41614244999994
2758,115,277.2098380750003,226.0496951
2759,115,260.16134500000027,225.3414915249999
2760,115,243.93033287500026,172.81334964999994
2761,116,147.38996612500006,200.2560074999999
2762,116,135.05484342499997,163.38244024999995
2763,116,133.58372909999997,172.75794109999987
2764,116,167.92817097500006,143.03355219999997
2765,116,184.08104032500012,158.59866737500002
2766,116,201.16780987499993,228.2367277749999
2767,116,204.30949310000028,207.22210024999993
2768,116,248.14763557499992,251.638612475
2769,116,319.38609150000013,271.22103882500016
2770,116,266.9090353750001,237.53985987500002
2771,116,279.03122815000006,382.8656756999998
2772,116,295.01571312500016,309.22717680000005
2773,116,314.6580857500001,329.9164165750001
2774,116,313.8354689250001,245.47791932499985
2775,116,232.05149322500012,258.53803955
2776,116,247.25657867500013,230.5767811249999
2777,116,249.57788542500003,222.3474466999998
2778,116,252.0353820750002,217.80301260000016
2779,116,220.92714775000024,198.98320424999974
2780,116,265.6653189499999,187.35259344999997
2781,116,354.35759475,212.24433897500003
2782,116,286.8177569750001,174.09373172499983
2783,116,225.7790484500001,167.46033809999992
2784,116,214.18072645000024,147.1365952
2785,117,154.47428972499998,142.96521734999996
2786,117,160.20492380000005,184.34031769999996
2787,117,183.54788112500006,193.39440517499992
2788,117,215.4165179000001,175.4086158
2789,117,214.9384013250001,221.82689424999995
2790,117,256.2301247250006,239.57738239999998
2791,117,237.6327826500002,209.10073387500006
2792,117,247.76791215000014,229.77833484999988
2793,117,264.71760215,271.5173058
2794,117,342.18530327500014,271.09959735
2795,117,320.1725594,274.95927485000016
2796,117,280.23811444999996,311.2798022749999
2797,117,324.0209990000001,275.1268896249999
2798,117,291.11457922500006,261.497878
2799,117,308.4983184250001,218.60678894999987
2800,117,253.2876483999999,263.885437875
2801,117,290.65456125000014,269.76345680000003
2802,117,227.89136837499993,235.14137997499998
2803,117,311.7539710000003,185.239481625
2804,117,257.58210712500033,218.90445079999986
2805,117,275.0417956,219.29897747499993
2806,117,229.56257357500027,204.03509997499998
2807,117,216.20937830000008,193.8654228750001
2808,117,189.55981615000005,197.4452789
2809,118,155.63546222500003,164.76255944999997
2810,118,169.0381529000001,115.54365632500009
2811,118,170.69672575000016,127.18763455000001
2812,118,143.82501062499998,124.3033439
2813,118,147.20234572500016,153.0198721
2814,118,161.36063399999998,164.38162412500003
2815,118,178.95872632500016,172.09998055000003
2816,118,171.39882649999998,151.05680997499996
2817,118,237.59062092500005,209.885673725
2818,118,259.44773580000003,223.2242716750001
2819,118,305.77990282500014,246.70596390000003
2820,118,305.32508207500007,273.75603322499995
2821,118,247.55613852500014,288.3587751749998
2822,118,252.58641085000025,275.23463769999995
2823,118,263.05499722500025,233.97373747499995
2824,118,270.4477969000002,297.19237532499994
2825,118,306.02692720000016,235.21905329999996
2826,118,301.6360571750001,234.452087275
2827,118,331.81506112499994,233.0352300250001
2828,118,265.06713917500014,259.3288644750001
2829,118,273.4172338000004,209.7831344249999
2830,118,228.0597856500001,234.34873862499998
2831,118,224.28208945000011,208.16257542499986
2832,118,168.5549492,178.04157457499997
2833,119,157.48353167500022,137.54155149999997
2834,119,187.38974704999998,148.20565989999994
2835,119,145.48654657499998,137.86450464999996
2836,119,150.0593464750001,142.53415574999994
2837,119,150.780238475,107.52219914999996
2838,119,156.28248347500008,158.585349775
2839,119,167.4990115500001,226.848608175
2840,119,166.36613212499998,230.0873405999999
2841,119,217.17548410000015,205.12898974999985
2842,119,244.30705227500022,206.71616505000003
2843,119,299.72224792500015,218.32379174999988
2844,119,322.1135240250003,199.65076344999997
2845,119,253.626179825,224.88277765000004
2846,119,259.1566999999999,240.19928909999993
2847,119,284.41153340000034,277.57743600000015
2848,119,223.94053157500002,265.6031527
2849,119,211.0626409000002,295.1981311749999
2850,119,238.30988775000026,284.247600425
2851,119,263.84263532500023,311.18942484999997
2852,119,255.21132145000016,253.22194077500006
2853,119,286.648085975,286.7220559499999
2854,119,217.0171582999999,227.95879892499974
2855,119,198.18897757500042,199.759665875
2856,119,157.5932657500001,200.22582672499996
2857,120,146.56030427500014,159.06486950000004
2858,120,147.87828877500004,106.32465872499998
2859,120,119.76383235000016,152.85612384999993
2860,120,106.32141267499998,159.64267525000002
2861,120,150.5407855250001,154.28300627500005
2862,120,135.51426932500024,173.24440742500002
2863,120,159.68452697500015,208.02566040000016
2864,120,197.40733612499997,222.2782406499999
2865,120,295.24849094999985,278.3733519499999
2866,120,283.5634983000001,265.95321662500004
2867,120,282.90968867500015,356.61644435000005
2868,120,268.25080397500017,224.430261225
2869,120,282.3573088500001,208.3964652749999
2870,120,364.41178890000015,252.60616005000003
2871,120,355.0918365000002,317.4341508000001
2872,120,296.91470907500025,303.8812130749999
2873,120,252.70432500000018,270.4009103249999
2874,120,306.34850455000014,293.639442075
2875,120,270.28472930000044,227.40295424999982
2876,120,235.53939125000022,212.1172703499999
2877,120,270.5764195000002,268.7795866500001
2878,120,254.12217855000017,229.44695289999993
2879,120,221.58928130000004,266.8777925
2880,120,176.88099260000024,228.98738382499997
2881,121,196.17607907500013,216.05580175000006
2882,121,213.20970564999996,150.40662902499994
2883,121,248.9028513250002,186.90853450000003
2884,121,207.67841632500011,186.80180474999997
2885,121,193.67691125000016,192.308675375
2886,121,166.86757197499998,204.49239137499995
2887,121,235.39191629999993,172.73928395000002
2888,121,264.0477927250001,213.76209690000007
2889,121,236.4312405500002,277.82116397499993
2890,121,298.71242915000016,321.3588979500001
2891,121,292.94381447499995,300.5560675249998
2892,121,282.4221419,317.67175649999996
2893,121,301.26696025000024,338.87742295
2894,121,301.51613000000026,289.1187467749998
2895,121,356.44897222500003,355.74609554999995
2896,121,371.3576516500007,300.44550710000004
2897,121,363.0208776750004,332.1192745999998
2898,121,270.49641514999996,261.590920675
2899,121,214.23209150000002,265.7335190999998
2900,121,214.28112140000007,250.93386700000008
2901,121,204.53344205000013,320.08509512500007
2902,121,214.34437647500005,262.81370537499976
2903,121,226.13981437500019,252.16787689999995
2904,121,201.51554037500017,238.25592212499993
2905,122,167.64757549999996,189.46041820000002
2906,122,163.36391515000014,191.15780364999995
2907,122,185.77315967500027,165.84562042499994
2908,122,174.46316205000002,128.95350164999994
2909,122,161.03240582499993,197.33117089999996
2910,122,211.92401577500019,159.5405790499999
2911,122,162.77440705000004,223.29720907499993
2912,122,219.6307052750002,246.6450922749999
2913,122,254.35891867500015,313.7297135
2914,122,239.63470827500012,324.3516688749999
2915,122,250.62025030000007,339.79280580000017
2916,122,344.43738172500014,333.2715221000001
2917,122,281.3620715750001,397.7069412000001
2918,122,290.73934295000015,278.94136172500004
2919,122,290.6166988750004,247.91319002499984
2920,122,309.3930502000007,341.623132725
2921,122,307.2579588999999,341.2423516250001
2922,122,216.5148564249999,268.180821375
2923,122,234.04052060000006,254.22944827499992
2924,122,229.16073007499995,277.1725215249998
2925,122,200.914976175,217.1814718000001
2926,122,186.14001795000001,258.1126944
2927,122,189.51523827500014,199.99240847499993
2928,122,185.02787092499997,204.32273107499998
2929,123,200.81622634999997,154.10796065000005
2930,123,152.071200375,140.17344749999995
2931,123,155.50616565000013,153.775926025
2932,123,172.62485880000003,234.29937702499998
2933,123,146.34237382500004,205.25000244999995
2934,123,178.08488207500005,191.40781299999998
2935,123,217.91088967499996,241.68003212499997
2936,123,179.77562792499998,326.13590577499974
2937,123,268.50045082500003,317.4003159749999
2938,123,261.0342090500001,265.65616372499994
2939,123,317.29794547500006,302.7134403499999
2940,123,293.2085959500003,322.2290600749998
2941,123,334.00459427500016,328.08620959999956
2942,123,316.21930902500037,235.64043942499978
2943,123,245.35709210000016,197.08703887500002
2944,123,279.3551008750002,239.6237051
2945,123,282.97843875,197.7069091999998
2946,123,285.263002725,269.5156608750001
2947,123,268.7532606000006,254.69730242499992
2948,123,257.3460853000001,282.69110407499994
2949,123,225.00769419999995,267.27487935
2950,123,241.7343062500001,225.26048544999992
2951,123,196.09790110000012,231.40846874999994
2952,123,218.80791980000026,245.23101274999993
2953,124,174.9700088250001,203.57197957500006
2954,124,176.62648799999997,214.13739922499997
2955,124,150.56202125,204.28498269999992
2956,124,142.7623299500001,173.83433237499997
2957,124,180.65178665000005,183.708599275
2958,124,144.20745712500005,170.80372499999996
2959,124,145.7728434500002,226.2570604499998
2960,124,208.55304562500004,281.688219675
2961,124,234.45268939999997,316.4602203249999
2962,124,255.62678677499997,291.957186375
2963,124,314.515949,396.66127494999984
2964,124,344.10408044999997,352.4051061000001
2965,124,314.5209727,317.739665575
2966,124,316.8005115250004,285.6315551000001
2967,124,245.80206552499988,217.63856129999994
2968,124,327.3345696750003,235.07355310000008
2969,124,291.76904727500033,277.04124639999986
2970,124,297.22671285,229.588323225
2971,124,259.7533306500003,281.2507965499999
2972,124,245.84968934999995,282.6586508249999
2973,124,238.29788822500007,235.46513522499987
2974,124,213.4264507500001,252.44241782500004
2975,124,230.22271355000015,227.9691188999999
2976,124,214.97677627500002,203.38626892499997
2977,125,145.09378299999995,149.05647850000005
2978,125,141.28249837500005,149.04544720000004
2979,125,108.46607702499996,151.55918382500002
2980,125,138.198243225,151.09368035000008
2981,125,194.32189910000028,166.38766090000001
2982,125,185.01801250000017,195.16930557500004
2983,125,157.35560205000007,186.6746652249999
2984,125,186.60557717500012,240.09207987500005
2985,125,244.17476080000017,253.32277789999995
2986,125,264.57900210000014,253.90510127500016
2987,125,283.78441047499996,320.95485877499993
2988,125,249.19665200000037,255.38624819999995
2989,125,291.41436647499995,321.33169545
2990,125,221.75648090000004,295.306914475
2991,125,217.54538547499988,278.1348953999997
2992,125,196.96327820000005,224.96661652500012
2993,125,301.47608687500014,247.70496262499992
2994,125,249.06927272500008,246.1928281499999
2995,125,249.75554742500003,219.71365009999994
2996,125,257.4988102750001,234.02311134999988
2997,125,259.58083170000003,210.53022385000003
2998,125,245.08157605000042,244.65257084999996
2999,125,235.8102580000002,226.70811837499994
3000,125,223.08056477500014,209.20050897500005
3001,126,163.96581840000016,179.64640184999993
3002,126,170.62960192499997,136.401505525
3003,126,214.75425777500004,159.26033425000003
3004,126,145.36142195000008,175.71929397500006
3005,126,174.95873065000018,159.968123075
3006,126,173.65349845000026,142.97156832500008
3007,126,175.01287932500003,175.92291959999994
3008,126,179.49886977500006,174.3951210749999
3009,126,262.8006162250002,174.186723025
3010,126,268.73331892499994,239.8222252499999
3011,126,259.5010881500001,251.10158307499984
3012,126,247.67051705000029,242.64062737499992
3013,126,332.8731367750005,246.62913060000005
3014,126,289.9324766000002,247.80413824999977
3015,126,267.4437882500003,254.0311171499999
3016,126,274.29901522500006,250.4516172
3017,126,204.5387956750002,218.21043110000002
3018,126,228.8270110750003,271.5078012749999
3019,126,224.36543087500002,276.62458462499995
3020,126,232.05942082500016,285.5998930499999
3021,126,305.847149825,240.03172047499987
3022,126,241.29065120000007,230.56725264999994
3023,126,224.53539117499997,211.97045789999999
3024,126,190.8942787250001,215.8331809999999
3025,127,143.27727247500013,168.9178569000001
3026,127,133.88043417500003,162.05587927500005
3027,127,154.291998375,178.06343587499998
3028,127,161.07054397500008,156.70750397500007
3029,127,182.66980895000006,174.71399859999997
3030,127,200.52778212500016,160.75082184999997
3031,127,190.45928177500008,202.28570812500004
3032,127,227.48422380000022,251.61978822499992
3033,127,279.84263220000014,238.3075482499998
3034,127,283.73113405000015,299.34301707499986
3035,127,276.8633248000001,327.2941089000001
3036,127,210.08305162500005,267.121271375
3037,127,324.9620248750003,284.55457070000017
3038,127,270.565951,372.88327319999985
3039,127,301.27180012499997,365.47214147499994
3040,127,282.22045530000037,289.82060315000007
3041,127,239.8803265750002,370.51576999999975
3042,127,222.0063656500002,357.11594357499985
3043,127,239.82985417500004,308.81164132499975
3044,127,229.38314485000012,298.96872219999995
3045,127,219.79301985000012,255.89280665000007
3046,127,264.3004416000002,289.705373375
3047,127,197.33938650000005,279.046144675
3048,127,189.11409894999997,170.89203407499997
3049,128,129.00541760000002,169.993813225
3050,128,124.98291009999998,160.15668982499997
3051,128,125.81178527499998,130.25827434999994
3052,128,171.73153542500017,145.04329222499985
3053,128,179.1539174750001,178.30704394999998
3054,128,232.58783585000015,239.1573847749999
3055,128,246.14432602500005,210.82405010000005
3056,128,260.0925194500003,241.2834567250001
3057,128,233.62275702500006,300.81796249999985
3058,128,281.2401552500001,332.5065266250001
3059,128,283.8303220500001,290.4315391
3060,128,295.57508762500015,250.06777520000014
3061,128,269.0317494,278.98737609999984
3062,128,274.0747980750001,356.1601839249997
3063,128,340.54577652500006,354.44339909999997
3064,128,330.4016891250003,330.83883152499993
3065,128,353.4531660500003,315.0904849
3066,128,352.0204167500001,295.98662250000007
3067,128,304.1146145750002,358.98357640000006
3068,128,313.27926222500014,329.0352676000001
3069,128,280.65630110000006,274.22045119999984
3070,128,272.04980662500026,253.46743607499997
3071,128,222.29874359999994,258.6502097
3072,128,190.99319930000004,246.72383587500008
3073,129,179.79977937500007,219.772826625
3074,129,151.14019609999997,186.16736607499985
3075,129,153.40930835000006,132.35091252499998
3076,129,166.63268775000012,164.6037955249999
3077,129,148.37299895000012,187.6135534249999
3078,129,176.41755815000002,201.73456424999995
3079,129,210.451519475,224.0946100000001
3080,129,245.83158277500002,254.9102537
3081,129,293.31908182500035,341.81973140000014
3082,129,294.7024854,272.5999483000001
3083,129,343.510871575,260.70701715
3084,129,317.43653582500025,251.29369392499996
3085,129,275.17281195000004,316.50963475000003
3086,129,341.51999557500005,324.44275444999994
3087,129,351.8475123500001,367.4550536749998
3088,129,282.6031222000005,345.7098226500001
3089,129,335.26921985,383.41219315000006
3090,129,312.2394319000001,335.709060575
3091,129,291.97588990000037,343.53502349999997
3092,129,240.07930500000018,276.2217934
3093,129,251.8846412250002,250.298265425
3094,129,288.0682042000001,232.76337517500002
3095,129,263.3141839000002,245.7860189499999
3096,129,261.88541315,240.72193727500002
3097,130,182.29856570000013,192.48809517499996
3098,130,169.37251242500014,173.4674606749999
3099,130,178.67349417500017,177.87057769999996
3100,130,139.92648027500013,147.34292977499993
3101,130,162.6598248250001,202.70304627499996
3102,130,197.76745212500012,193.1316875999999
3103,130,204.18090602500013,159.11297672500004
3104,130,257.66480905000003,207.09860399999985
3105,130,264.87084295000005,285.0964956749999
3106,130,372.0912262500009,290.98716832499986
3107,130,358.6458135500001,260.69342299999994
3108,130,288.2196126499999,304.98324432499993
3109,130,370.2044668000002,309.63859427499995
3110,130,332.9720617500002,332.88327082500007
3111,130,306.0512751249999,331.91480265
3112,130,266.6552633000002,307.41545262499983
3113,130,243.2616592500002,276.1928156
3114,130,258.6994125,283.90888407500006
3115,130,259.03305147500015,267.33366329999996
3116,130,247.5843381250001,272.73609787499987
3117,130,291.18547534999993,318.0352240500001
3118,130,247.51207345000012,273.59786144999987
3119,130,216.15615795000016,275.02789002500003
3120,130,191.87440272500015,253.8653030249999
3121,131,185.36433787500005,147.14415462499994
3122,131,155.37332182499998,175.39856179999995
3123,131,179.4318019750001,201.50655200000003
3124,131,150.49019147499996,167.38447272500008
3125,131,162.67142197500004,159.67352114999994
3126,131,175.9158741000003,207.2531743499999
3127,131,216.52655157499998,221.75601937499988
3128,131,245.8062079000002,280.3792139499998
3129,131,265.11141735000024,198.46165582500004
3130,131,330.5575665749999,293.96301400000004
3131,131,356.20722642500016,312.045561075
3132,131,346.03815400000065,307.5396646499998
3133,131,379.4198895000002,347.06609052499977
3134,131,309.11446975,361.77328142500016
3135,131,285.20772662499996,329.8689597499999
3136,131,319.435565475,373.9872604499999
3137,131,385.395191575,330.60469990000007
3138,131,316.18212785000026,324.24143610000004
3139,131,266.5024218750002,349.7090196250001
3140,131,339.88518727500025,305.1230586500001
3141,131,289.9738320250001,256.74099020000006
3142,131,256.80938240000006,247.03224099999997
3143,131,213.00643265000014,211.92043724999996
3144,131,235.8812515000002,213.13856342499994
3145,132,185.85413985000022,149.29964982499996
3146,132,132.0039635,135.43661027500008
3147,132,169.19226860000015,146.94805710000009
3148,132,170.54049340000012,160.99202497499994
3149,132,167.94343777499998,179.60574745000002
3150,132,191.1289565250002,161.56471962499992
3151,132,205.02409887500033,177.43092737499992
3152,132,221.14896047500002,230.87989347499996
3153,132,251.58812745000012,257.36729575
3154,132,282.24240892500006,265.7276236499999
3155,132,299.1816368000001,242.02589532499994
3156,132,348.85509467500015,287.8365528249999
3157,132,264.4992832500004,260.38119622499994
3158,132,262.7872730500002,301.0726837499999
3159,132,260.0401275250002,281.12340549999993
3160,132,238.68570770000002,287.3153197249999
3161,132,221.8628438500001,279.21239619999983
3162,132,204.39505967499997,276.31246049999993
3163,132,249.18496464999993,265.3830971249999
3164,132,200.31936482500004,194.19773217499994
3165,132,226.0054989500004,240.94141977499999
3166,132,305.2111682500002,228.19134184999965
3167,132,245.43581912499994,231.6690775749999
3168,132,229.2513908000002,195.385084125
3169,133,203.99589520000018,150.68397920000007
3170,133,198.38658134999997,177.78518147499986
3171,133,218.0952845000002,178.51568892499995
3172,133,206.02045250000015,159.0517669749999
3173,133,180.3478917500002,170.96824957499993
3174,133,165.96972275,137.232004
3175,133,149.03929360000012,169.107205175
3176,133,192.70677620000004,218.12110524999983
3177,133,216.69172559999993,222.67525967499986
3178,133,232.97681965000032,246.79572402499997
3179,133,296.9747594500001,217.16267517500017
3180,133,268.41122950000005,240.68814347500006
3181,133,271.3510506750002,277.7491149250001
3182,133,225.8682926000003,272.3109299999999
3183,133,238.15539147499996,283.192785575
3184,133,228.74502525000014,268.095632225
3185,133,243.55681762500004,293.3072282999999
3186,133,212.47392155000023,239.71115590000005
3187,133,233.70986690000015,243.60209392499996
3188,133,277.54625065000005,215.50088837499993
3189,133,254.66083307500023,230.3324294749999
3190,133,239.78811557499984,202.54781624999998
3191,133,234.16329252499992,203.29068399999994
3192,133,196.17409915000007,196.74015040000006
3193,134,133.29258025000004,148.5104763249999
3194,134,145.616623675,140.88784320000002
3195,134,136.51689325000007,148.3048169999999
3196,134,164.95412905000015,151.245374675
3197,134,180.47731774999994,173.81407432499998
3198,134,202.21547127500023,170.8616478500001
3199,134,181.3073980000001,241.69414674999996
3200,134,193.62761275000008,255.87893530000008
3201,134,281.4968882000003,260.2395144250001
3202,134,274.4323543750002,298.56138562499984
3203,134,318.7047582750002,300.4936683749998
3204,134,313.07389017500014,317.03346209999984
3205,134,318.46555450000005,291.26271025
3206,134,354.54880317500033,285.00802075000007
3207,134,343.73450437500037,321.44765425
3208,134,312.8053306750001,291.8413401249998
3209,134,335.46001160000014,322.4212764
3210,134,284.7682860250002,231.31825987499997
3211,134,262.4943043500001,299.09263064999993
3212,134,300.13786460000006,287.25533937499995
3213,134,230.2044381250003,249.20408112500007
3214,134,287.48109152500007,241.71756707499992
3215,134,218.49174584999992,271.1218893999999
3216,134,199.13668740000003,227.490241525
3217,135,141.36477697499998,151.82531949999998
3218,135,172.16105412500008,152.66362049999998
3219,135,189.74698990000022,165.6478961999999
3220,135,166.26335357500005,180.0563809749999
3221,135,147.6144549500002,163.78299215000004
3222,135,185.66377262499992,213.00400947499998
3223,135,209.90823877500011,201.294962575
3224,135,230.11764897499998,243.34672107499972
3225,135,240.11881077499993,225.0344187999999
3226,135,265.57371817500024,317.5062226
3227,135,275.88817952500006,252.84260554999992
3228,135,309.593936975,251.72727389999994
3229,135,401.4761949,290.46348117499997
3230,135,304.374965225,313.17814877499995
3231,135,312.3384732750006,332.94814984999994
3232,135,336.29979292499996,299.055455325
3233,135,345.01600475,299.434351375
3234,135,316.70227855000036,238.97050810000007
3235,135,239.203227525,232.94483454999988
3236,135,278.253801725,206.73327637499986
3237,135,311.44040585000005,278.08303472499995
3238,135,277.9942302000004,253.2673959999999
3239,135,290.7159164000001,239.676560925
3240,135,242.49850974999998,208.0629368249998
3241,136,202.6245628499999,165.34259807499996
3242,136,183.62115305000003,182.08258232499992
3243,136,211.41373855,138.66352549999993
3244,136,167.4260431250001,147.29800097499995
3245,136,202.62145192500006,157.46215902500003
3246,136,196.51488455000012,176.90539124999998
3247,136,201.39338870000012,161.81348040000006
3248,136,208.19676305000024,211.64700164999994
3249,136,291.3789705499999,284.9332947749998
3250,136,299.21588857500006,301.1363779
3251,136,340.2792737750001,336.7706338999999
3252,136,313.22562185000027,370.9927036249999
3253,136,351.96016100000037,294.37343087500005
3254,136,301.19803635000005,253.21877904999985
3255,136,369.34435332500027,277.53689797499993
3256,136,337.56659005000006,291.93690449999997
3257,136,272.03013887500003,330.0799415249999
3258,136,397.4252122500002,289.3295683999999
3259,136,334.36239035000057,361.7844328000001
3260,136,282.9863853,355.23393884999984
3261,136,300.96301667500006,373.96402654999986
3262,136,327.67482572500046,277.85791472500006
3263,136,265.25790147500015,239.27887854999997
3264,136,203.61556965000005,175.65216039999996
3265,137,219.44716067499996,193.212969075
3266,137,207.57902485000002,159.36833957500005
3267,137,188.57228987500002,163.85356535000003
3268,137,198.07106305000013,184.658248225
3269,137,227.20995092499987,190.798896
3270,137,195.46788952500006,217.724881875
3271,137,235.70406390000005,194.53297740000016
3272,137,242.7704171750001,200.52915005000008
3273,137,310.8991582750001,236.85884932500005
3274,137,291.22938277500043,285.12695837499984
3275,137,315.3131978250003,321.4740487
3276,137,326.2017942,304.810782475
3277,137,315.88130532499997,297.432326625
3278,137,255.81813757500004,306.544257075
3279,137,322.1598519250002,354.86568339999985
3280,137,307.6903405500002,305.49612195000014
3281,137,337.04892157500035,309.1950212749998
3282,137,294.0026841000001,312.1370942499999
3283,137,313.97521400000016,223.95080862499987
3284,137,318.98529220000023,305.07238564999983
3285,137,370.86238140000023,314.1935018249999
3286,137,288.8050753750001,310.3898925999998
3287,137,248.14048960000017,230.66947982499994
3288,137,227.4795421250002,177.90288890000005
3289,138,174.17508545000004,165.911488125
3290,138,162.05867200000012,177.892627625
3291,138,162.19743727500003,182.58420209999997
3292,138,155.03167385,186.18780099999987
3293,138,191.65187235000053,177.88520124999997
3294,138,199.3416124250001,192.05640499999987
3295,138,201.93600557500005,213.79433342499982
3296,138,234.90191980000017,246.64636237500008
3297,138,235.72111395000024,264.8779126749999
3298,138,281.3559748250003,278.8963410250001
3299,138,319.3212683000001,280.89498127499985
3300,138,303.8417874250002,314.73762042500005
3301,138,328.9993186250005,333.8398943750002
3302,138,290.7736002000001,335.8202983749999
3303,138,269.3001919500003,331.88516747499983
3304,138,266.22931600000015,282.30207994999984
3305,138,242.9264900500002,254.4389301
3306,138,249.52229347500008,254.1041216250002
3307,138,230.88329474999995,234.05765939999975
3308,138,238.70466870000007,295.8948215500001
3309,138,219.2964173500003,272.5573164
3310,138,219.92365797500008,243.79132787499978
3311,138,216.46421727500012,223.70803459999996
3312,138,176.47227319999988,230.6383333249999
3313,139,187.23899107499994,176.60260090000006
3314,139,221.55130805000005,183.64148047499998
3315,139,143.16475557500002,182.54188677499994
3316,139,153.0944171750001,133.81924367499994
3317,139,142.49686827500005,167.92538655000004
3318,139,164.89442072500003,209.31886489999997
3319,139,145.8817278500001,208.35079920000007
3320,139,179.95346879999988,189.80457142499995
3321,139,193.2962415249999,284.14714315
3322,139,250.08601172500005,241.63733024999988
3323,139,228.37242802500003,288.5653544749998
3324,139,251.10305075000022,290.7277874
3325,139,223.0990528499999,315.64177829999977
3326,139,243.11009949999993,307.12996932499993
3327,139,222.07197202500004,360.6762999749999
3328,139,203.6255168250001,283.85346119999986
3329,139,238.02439710000004,263.45070782499977
3330,139,222.433152075,266.16181240000003
3331,139,185.83768130000024,246.01201660000007
3332,139,223.7457411750001,286.9438925499999
3333,139,240.48736877500028,263.5026888249999
3334,139,229.0721599250001,336.92546960000004
3335,139,161.98598747500003,280.21351590000006
3336,139,174.6105216000002,245.38565135
3337,140,217.2987786250001,182.2289765999999
3338,140,176.7202791250001,173.40302975000006
3339,140,179.88572825000006,158.29317724999993
3340,140,183.23601685000006,138.5060157249999
3341,140,188.8422376250001,143.59984392499996
3342,140,214.39449410000014,151.68754052500003
3343,140,183.73178652500005,212.77083504999993
3344,140,209.58485960000024,182.75648794999995
3345,140,210.02991739999993,231.55832977499983
3346,140,203.37843125,238.9921575999999
3347,140,244.5636206750002,302.00961160000014
3348,140,245.18805132500006,312.0930245999999
3349,140,273.47008637500016,280.4566958999999
3350,140,269.84087727500014,350.7054521750001
3351,140,249.241794525,299.2133601999999
3352,140,276.708480575,261.8349207499999
3353,140,267.658635225,291.138652125
3354,140,334.88966495000034,256.11109742499997
3355,140,230.58906779999987,342.45111319999995
3356,140,348.55805167500023,314.67615555
3357,140,333.0436841750001,248.51803002499997
3358,140,237.6461871250001,264.39771792499994
3359,140,249.82302552499988,274.2364235749999
3360,140,205.96892327500012,259.22091909999983
3361,141,188.34150677500014,185.30282722500004
3362,141,191.90398492499997,172.91051059999998
3363,141,169.49103795000005,185.9944578749999
3364,141,141.80345442499993,195.86113317499996
3365,141,145.23386102500007,203.25813637499994
3366,141,143.63824285000015,203.59313389999994
3367,141,202.6903204999999,268.2602236499999
3368,141,217.25329170000023,253.42492627499985
3369,141,212.9080801750001,252.13593097499998
3370,141,216.02576957499988,335.68202675
3371,141,281.9285255500001,289.3996866499998
3372,141,348.1901157000001,319.68828359999986
3373,141,312.7643122999998,302.2526569000001
3374,141,350.1810489250002,327.38969747500005
3375,141,368.36204967500015,321.6692460999999
3376,141,375.4546690250002,356.7872138250001
3377,141,337.3510808750001,335.43078579999985
3378,141,350.89735492500006,300.00696862500007
3379,141,332.26295575,312.95816082499994
3380,141,303.805526975,342.9870226749998
3381,141,285.90660145000027,285.22541160000003
3382,141,286.39938830000006,283.55803482499994
3383,141,326.0222862500001,272.2004805249998
3384,141,308.88862270000027,246.91981445000005
3385,142,186.82193572499995,183.96260042499995
3386,142,183.7447429250002,133.788226425
3387,142,164.86936047500006,175.90300027499998
3388,142,143.1120929750001,173.74891894999993
3389,142,138.843140425,214.11336657500004
3390,142,194.50838275000015,205.183652925
3391,142,203.82586887500017,224.03770845000008
3392,142,277.0261113,292.1837972750001
3393,142,313.9742032750001,314.03956157499994
3394,142,297.9472230500003,265.14544502499973
3395,142,281.71664087500005,272.79061227499983
3396,142,366.01026767500014,298.2960688999999
3397,142,306.5605662500002,341.7569123250001
3398,142,305.62701850000025,382.59564052500014
3399,142,376.266017775,289.58482907499985
3400,142,412.8043038250001,322.6053208499998
3401,142,332.22983237500034,262.43396665
3402,142,317.2533662000003,380.3288899249999
3403,142,386.75041767500045,294.30762794999987
3404,142,305.4186172750001,269.92813619999987
3405,142,297.3027274250003,342.9426503249998
3406,142,245.91370755000008,360.09508657499987
3407,142,275.73930807499994,261.83923157500016
3408,142,223.09829350000007,290.449185025
3409,143,162.57549632499996,175.4869256
3410,143,159.04532922500005,168.58931312499988
3411,143,125.81462945000007,200.96953205
3412,143,138.82000692500014,203.23329747499992
3413,143,100.96948015000001,199.9610505249999
3414,143,150.38126549999987,189.315674275
3415,143,174.58998870000022,206.4853323749999
3416,143,230.40476155000005,205.9859405749998
3417,143,213.06337347500016,262.43047942500016
3418,143,243.89260194999991,284.48256195
3419,143,259.3883980749999,320.1621609749999
3420,143,336.3355977499999,274.80422537499976
3421,143,329.556816325,239.2883566
3422,143,374.7461183250004,257.1310333749998
3423,143,267.18507267500013,292.3968759999999
3424,143,330.84776897499995,339.60987917499995
3425,143,269.7562068250001,314.0187612999998
3426,143,285.0579353,360.86161269999997
3427,143,272.9999023750001,319.05096324999977
3428,143,286.9660600750001,279.451917375
3429,143,340.42187522500035,288.68508162499995
3430,143,287.9195696250001,221.47063864999996
3431,143,229.19685805000017,229.373107275
3432,143,217.73381332499997,217.86907140000008
3433,144,185.83177360000005,163.75881562499995
3434,144,167.71254560000006,162.86109580000002
3435,144,155.05088310000005,145.7408600749999
3436,144,162.24264775000006,177.53693564999992
3437,144,159.37128205000005,189.68158712499996
3438,144,193.5549971750001,183.10806462499994
3439,144,232.75315647500003,218.74120239999996
3440,144,194.31800080000005,283.4759084499999
3441,144,256.1610834500002,245.73733599999986
3442,144,349.25875490000067,267.8224978249999
3443,144,300.28067264999993,289.544849925
3444,144,334.9226290999999,289.9030144999999
3445,144,301.9993847500002,295.70091779999984
3446,144,327.7178695250007,357.32871460000007
3447,144,365.0609179000005,319.830269175
3448,144,332.2909952749999,334.30345802500017
3449,144,350.12390632500006,343.0958782749999
3450,144,278.9019249999999,275.9690676500001
3451,144,284.02017010000014,237.0217819
3452,144,271.9723932250001,234.70782255000006
3453,144,270.19496725,226.30824852500012
3454,144,225.91423222500006,233.4242047249998
3455,144,237.05005182500003,203.51409992499987
3456,144,205.14168277500022,196.612698625
3457,145,130.44880262499998,204.19412587499994
3458,145,168.6562407250001,189.85826602499992
3459,145,155.67940312499996,167.56508405000005
3460,145,152.18646452500008,206.51793559999996
3461,145,202.3911223500003,215.14279034999998
3462,145,189.11590362500016,222.30580452499993
3463,145,265.5610827,258.4799100500001
3464,145,257.3428004750001,235.37608392500005
3465,145,293.18999802500014,245.46114692499992
3466,145,290.01898822499993,278.89188957499994
3467,145,284.60699165000005,350.575227275
3468,145,281.5793872500002,321.8966686749999
3469,145,282.51315705000025,236.88183437499984
3470,145,285.2490891250001,280.74429277499985
3471,145,284.67691357500007,294.55954847499976
3472,145,210.9906444000002,320.22294799999975
3473,145,251.42064112500032,256.53711235
3474,145,265.70340155,279.9244007499998
3475,145,240.3646694000002,223.89645705000004
3476,145,222.93103050000002,212.87388404999987
3477,145,193.89055005000026,252.38683894999997
3478,145,198.536091775,192.48620812500002
3479,145,169.09202997500012,222.40681542499993
3480,145,155.07467649999995,176.552962025
3481,146,147.71622837499996,199.88693147499993
3482,146,164.02037770000004,163.19526742499994
3483,146,161.26377252499998,157.81906467499994
3484,146,178.37907535000022,174.556308725
3485,146,199.6155136000001,182.07922805000004
3486,146,165.10410262500017,170.2314679999999
3487,146,195.64275214999995,223.4362041
3488,146,235.04408212499993,244.68534769999985
3489,146,299.7297277250001,251.1619084749999
3490,146,285.94068495,264.94669905
3491,146,300.2331662750003,307.356239425
3492,146,264.2589971500003,258.6086365749999
3493,146,313.3852030000001,257.6919933749999
3494,146,195.10892995,216.47060835000013
3495,146,255.68717597500034,254.3239794249999
3496,146,259.92525487500023,282.8667502750001
3497,146,273.0826980000003,241.93265597499982
3498,146,260.94498675,239.97985319999998
3499,146,246.45627095000003,244.74715590000008
3500,146,195.89921200000012,259.26745479999994
3501,146,211.5641912750001,217.61095454999992
3502,146,199.2209295749999,212.76134229999997
3503,146,218.04372510000022,189.27373820000003
3504,146,184.1555399,211.8972672
3505,147,191.3522459,150.96806502500004
3506,147,164.1728053500001,156.80071997499994
3507,147,140.53603890000005,124.22178035000003
3508,147,146.95242650000012,155.48539754999996
3509,147,192.39907185000004,165.41318062499997
3510,147,158.21856452500015,189.91943289999995
3511,147,145.53678440000016,164.04415735000003
3512,147,156.92086120000022,175.61225004999994
3513,147,219.71761214999998,204.85242132499997
3514,147,245.35853702500015,209.64815832500017
3515,147,260.5088890500003,248.52727662499996
3516,147,301.77402977500014,245.54332257499993
3517,147,250.45915002500013,324.38034619999985
3518,147,230.478042775,298.86709817499985
3519,147,248.58606027500025,289.4349439250001
3520,147,217.54931835000005,321.82381744999986
3521,147,194.25784912500006,299.84970515
3522,147,252.84486700000005,233.7737551499999
3523,147,200.86670722500008,193.11512407499978
3524,147,173.70304880000006,199.55477067499987
3525,147,208.54402364999999,276.260594825
3526,147,203.40749890000012,235.26445529999992
3527,147,179.9717153499999,228.87354007500002
3528,147,168.53046892500015,189.41216499999993
3529,148,134.4494663,173.42489325000003
3530,148,139.47545825000003,153.80694447499997
3531,148,196.32072682500007,189.34114272499988
3532,148,160.09180817499998,182.2476382499999
3533,148,171.882772175,178.69769305
3534,148,185.3457421,148.3394826249999
3535,148,203.31609980000002,171.83500654999992
3536,148,232.26719395000012,201.96907545
3537,148,222.75160714999993,226.1933311499999
3538,148,223.57988067500014,243.47360144999988
3539,148,257.9719635750005,265.49449817499976
3540,148,260.841237675,266.5488801499999
3541,148,223.85861682500007,343.17344367499993
3542,148,320.84032525,305.9684387249998
3543,148,333.93042752500014,280.28990724999994
3544,148,250.057140925,304.89902687499983
3545,148,268.56914485000004,348.29883497499986
3546,148,243.9507885749999,250.2101827500001
3547,148,255.11989642500023,243.0967928500001
3548,148,231.11116320000008,246.163867975
3549,148,284.7717802250005,252.7859650000001
3550,148,236.4455692750002,245.70090254999994
3551,148,250.50169652500006,267.0958582749999
3552,148,177.6753184250001,221.58031097499997
3553,149,167.26456754999998,180.68276892499995
3554,149,170.06658112499997,148.10734939999998
3555,149,152.96950480000024,179.0553885249999
3556,149,138.475587975,168.341409875
3557,149,178.47162570000012,164.48660295000002
3558,149,199.03175197499985,213.61939580000006
3559,149,189.84032497500016,209.42046935000008
3560,149,246.62921264999991,270.33114847499985
3561,149,236.38360142500005,251.43358669999986
3562,149,286.75438780000025,328.27823299999983
3563,149,250.95408712500011,274.8520108999999
3564,149,232.60016542500006,354.89056152499995
3565,149,277.1465240250001,376.3444392999999
3566,149,254.83466785000013,321.21340087499993
3567,149,284.5532404500001,334.15866667499984
3568,149,291.78221555000005,339.01590947499994
3569,149,259.67732177500017,435.26091734999994
3570,149,305.7693946500001,341.95087112500005
3571,149,267.04310125000006,335.90886427500004
3572,149,264.81440119999985,289.70036594999976
3573,149,228.67141262500002,269.68232744999983
3574,149,216.62993735000003,212.9908670750001
3575,149,206.5724602250001,202.81768657499993
3576,149,196.17527637500024,242.8668572499999
3577,150,182.25675355,182.33804787500003
3578,150,147.31631339999996,216.79137025000003
3579,150,159.0273341250003,190.13694927499995
3580,150,152.75012725000008,170.527359
3581,150,195.76265012499994,166.075278775
3582,150,204.63243517500015,209.49322189999987
3583,150,253.50183700000028,211.0113844749999
3584,150,243.154120475,243.72029512499998
3585,150,212.55029240000022,248.48031164999998
3586,150,292.1930883750003,299.3492827499999
3587,150,256.0172821500001,309.4808404500001
3588,150,296.05740852500037,371.50263077499994
3589,150,331.38091687500014,331.7138495749999
3590,150,305.09378602499993,342.7657637499999
3591,150,347.85651380000013,349.0447658499998
3592,150,329.2260075000004,312.162309075
3593,150,296.8025507,286.6042910500002
3594,150,274.1969333750002,364.28373700000003
3595,150,311.4770327750002,305.32130989999996
3596,150,276.56499980000024,255.80260225
3597,150,278.5281101500003,304.29517602500005
3598,150,299.74946024999986,270.707333125
3599,150,298.7657752500003,260.3464814999999
3600,150,249.05731065000018,281.4006836
3601,151,215.99227207500036,226.06457019999996
3602,151,153.86908594999997,180.15766804999993
3603,151,227.06979837500012,156.03164785
3604,151,191.28081967500003,181.65136679999995
3605,151,217.73737050000017,179.44864470000002
3606,151,190.1776220750001,200.65834465
3607,151,223.9754259000002,275.6296055499998
3608,151,298.7899061999999,223.50701514999986
3609,151,294.6794690750001,297.7996996000001
3610,151,216.3189592000001,290.465185875
3611,151,303.8837503250002,406.68400002499965
3612,151,342.32937215000027,332.3267997250001
3613,151,320.4026730500001,378.087697875
3614,151,361.4086728999999,368.8551123999999
3615,151,337.27231007500006,385.03016767500014
3616,151,314.121728925,396.4075750499999
3617,151,334.42013280000003,407.8185611749998
3618,151,286.05781890000003,341.39216209999995
3619,151,316.53452047499997,236.43253297500007
3620,151,401.1873948750001,291.61997854999987
3621,151,332.11108820000004,318.20510462499993
3622,151,325.77208352500014,275.1573368750001
3623,151,293.628173025,281.3657715999999
3624,151,261.4727480750005,241.98509815000014
3625,152,289.1679017249999,171.7359737000001
3626,152,261.16575172499995,185.01869914999986
3627,152,215.49578330000003,206.57801245000002
3628,152,194.36591447500018,210.35511784999994
3629,152,213.33952942499985,169.63665754999994
3630,152,255.8023117,168.9123052999998
3631,152,249.44360915000001,211.40331325000005
3632,152,319.1962080250001,254.01207482499996
3633,152,281.7508905,269.7265061249998
3634,152,288.15707252500005,318.81910654999984
3635,152,341.53324627500007,279.5386083749999
3636,152,404.550349975,347.1671982999999
3637,152,301.4044211250002,305.14587222499995
3638,152,353.6948487250007,306.1778166000001
3639,152,350.99333977499987,340.30381514999993
3640,152,345.38485172499986,318.4654924
3641,152,414.35112485000013,298.0400722500001
3642,152,386.29524530000026,396.0400301249998
3643,152,290.2106818750001,296.53128279999993
3644,152,320.5885687000001,324.45909642499987
3645,152,271.8009100749998,293.6823268499999
3646,152,296.03525809999996,326.76356699999997
3647,152,217.31748205000005,292.851748125
3648,152,249.94102310000005,271.0591777749999
3649,153,206.7936894000003,201.3142813999999
3650,153,207.50502180000007,236.7639747249999
3651,153,211.97072969999977,171.26838585000002
3652,153,203.35227774999996,178.73167077499994
3653,153,234.20019082500013,170.96100287499996
3654,153,224.42479687500025,184.47468492499996
3655,153,196.81025692500015,200.72461559999982
3656,153,223.45539955000032,210.46137717499985
3657,153,303.9024637499999,221.33277035
3658,153,270.76320262499996,319.59015145
3659,153,376.7008025000004,294.1894395250001
3660,153,374.16546557500055,356.90881217499987
3661,153,345.0033465250003,379.9455042499999
3662,153,326.12719730000015,271.30917047500014
3663,153,267.45602744999997,300.10160452499997
3664,153,296.13159487500036,325.55303602499987
3665,153,294.2838451750001,354.47878269999995
3666,153,290.6021647750001,291.2227345
3667,153,281.6430086499999,276.4945327999999
3668,153,282.81216342500005,304.2923664499999
3669,153,249.1856061000001,223.67941772499995
3670,153,238.34930537500003,220.34222684999997
3671,153,231.7007721500001,190.16745009999994
3672,153,196.989114375,158.44673897499996
3673,154,209.06082240000012,189.11003992500002
3674,154,226.3509500500003,230.19151734999986
3675,154,224.01211909999995,243.0779146
3676,154,167.55212227499982,204.961132275
3677,154,172.40967977500014,193.65622524999998
3678,154,196.077365875,192.38064737499997
3679,154,205.87122647500001,186.022342875
3680,154,211.60485807500027,221.91635900000009
3681,154,243.60646077500002,249.7645351999999
3682,154,299.50810992500055,293.60637917500003
3683,154,280.80337255000006,260.7703455499998
3684,154,311.6274075749999,269.75962425
3685,154,308.1365076,252.73792689999982
3686,154,285.6409920250003,276.5764026999998
3687,154,290.99581807500033,249.17879522500002
3688,154,296.9157444000001,267.14736652499977
3689,154,288.69206727500017,274.4005753
3690,154,295.7830576250003,257.1743538500001
3691,154,276.7804266500002,241.95132817500007
3692,154,236.8619908500001,235.8884657249999
3693,154,239.0467397500002,267.3760684749999
3694,154,257.52383955000005,237.2947916749999
3695,154,196.57561587499998,162.95424725
3696,154,208.56128582500003,204.44429114999997
3697,155,159.9000771500001,166.22778029999995
3698,155,175.18548922500025,153.27428422499992
3699,155,188.07479252500005,183.14642979999996
3700,155,192.2321733500002,196.35445197499996
3701,155,186.35854130000007,182.68312005
3702,155,182.28973244999983,177.61293899999998
3703,155,220.13663250000002,245.66685594999984
3704,155,255.71208630000004,265.3344281249999
3705,155,250.74690852500007,236.25501569999997
3706,155,239.75163927500014,298.70946455
3707,155,279.2692077750001,343.3177080250001
3708,155,334.62779650000016,313.9238909
3709,155,343.8945394250003,275.97901260000003
3710,155,331.213199375,336.28094354999985
3711,155,340.6034544250002,317.08693609999995
3712,155,315.3216240750001,359.4558387999999
3713,155,475.5741201750002,329.3664090999998
3714,155,357.83573107500007,241.00923842499992
3715,155,281.31056905000025,238.52128294999994
3716,155,342.9438775000003,201.1830548500001
3717,155,306.3419886500001,244.71129985
3718,155,296.62267205000023,314.2161616499999
3719,155,299.80591827500007,216.08188820000004
3720,155,276.68759242500016,172.84418019999995
3721,156,146.7709329,205.1531248249999
3722,156,181.59089400000002,182.487356475
3723,156,143.246470425,173.15372969999999
3724,156,164.697961925,186.797948125
3725,156,177.92674937500004,158.99186712499997
3726,156,180.86544187500004,145.86006885000006
3727,156,208.51916907499992,178.37002677500004
3728,156,232.45172312500006,158.291559125
3729,156,256.1462619749999,287.1661869249999
3730,156,332.49010317500006,309.3488913499997
3731,156,263.2126217750001,239.0773045749999
3732,156,284.0065482750002,191.27587430000005
3733,156,312.4642734500002,260.90484562500006
3734,156,265.8023036499999,270.71301245000006
3735,156,209.7376079249999,282.4835781
3736,156,259.51497560000007,311.47277992500005
3737,156,270.31702180000025,291.25964477499986
3738,156,246.4409635750001,280.869394475
3739,156,313.0867866750005,282.97100287499984
3740,156,235.92990319999987,241.58533377500004
3741,156,240.21483717500024,255.06795267500002
3742,156,259.9575104750002,225.20273510000004
3743,156,225.78240027500024,221.50812352499997
3744,156,200.06050287499988,205.71693592500003
3745,157,209.90149807500012,130.36176302500002
3746,157,246.05291922500015,138.08734439999992
3747,157,219.57859592500023,133.8884466749999
3748,157,175.21987652500002,178.76887835000008
3749,157,220.70461130000007,212.48456544999982
3750,157,218.14702897500013,190.83301469999998
3751,157,204.87679797500016,200.96707279999995
3752,157,251.12455665000022,239.1493907749999
3753,157,303.4969886250003,287.77569415
3754,157,286.0111897000002,268.7066322500001
3755,157,347.47459785000007,251.1343419499999
3756,157,233.30103892499992,252.17069885
3757,157,235.47853795000006,320.39531759999977
3758,157,214.9875375750001,198.59903994999996
3759,157,301.20567630000016,239.05784442499987
3760,157,238.40444197500014,339.97110485
3761,157,244.37842525000008,279.1644665
3762,157,231.12150997500018,284.19162092500005
3763,157,309.61153662500044,326.14248784999984
3764,157,301.91267202500023,275.031640475
3765,157,292.0997446750001,252.20798154999972
3766,157,286.25687099999993,221.6028394
3767,157,286.895736275,249.93544037499987
3768,157,244.19391205000005,175.9884890749999
3769,158,205.30358665000023,166.33041272499992
3770,158,204.69015352500008,193.24606875
3771,158,167.00329597499996,175.7956238499999
3772,158,167.14139942500015,160.98699517500003
3773,158,183.58969759999997,166.54641835
3774,158,183.90401385000004,220.43220720000005
3775,158,152.91043624999998,222.96113007499986
3776,158,219.58327669999989,173.76829939999993
3777,158,222.34284527500006,283.67474897500006
3778,158,256.20218897499996,329.6725813999998
3779,158,309.1669738250001,340.514132075
3780,158,331.228649,271.79743097499994
3781,158,325.6668681500008,239.43689287499996
3782,158,271.60834892500003,298.21670767500007
3783,158,332.40246390000027,307.8567422249999
3784,158,339.3477463749999,297.27901447499994
3785,158,333.1566674000001,317.884417225
3786,158,273.5977450749999,345.31190769999995
3787,158,230.84174775000002,328.7840639999999
3788,158,283.1443233000003,315.4783437749999
3789,158,263.75938562500016,327.67532017500014
3790,158,321.10939570000005,257.48364245000005
3791,158,286.08743672500066,257.853903175
3792,158,205.14614022500018,252.85718409999993
3793,159,194.76391750000028,194.67516247500004
3794,159,192.560880925,230.92130252500004
3795,159,196.84261072500018,156.038268525
3796,159,214.9051835500003,153.05718424999995
3797,159,217.01198359999998,158.83806434999997
3798,159,175.67980517499996,209.92076227500002
3799,159,273.7765677250005,227.57432362500003
3800,159,286.49316450000015,239.96016700000004
3801,159,270.672623475,280.45372202500005
3802,159,254.28863112500005,275.39367487500004
3803,159,365.010635125,302.38416482499986
3804,159,385.45018889999983,285.49006239999994
3805,159,338.65438274999997,298.51626464999987
3806,159,323.69472675,334.85166827499995
3807,159,299.00447205000006,283.9040695749999
3808,159,265.433464575,365.4338314249999
3809,159,312.8897861500001,325.6333209750002
3810,159,292.25725410000035,318.8170674999999
3811,159,255.69254015000004,257.82633699999985
3812,159,275.3166749750001,252.67971474999985
3813,159,250.89526450000002,258.4194607500001
3814,159,324.09190457500017,248.76301617499996
3815,159,226.4345689,215.60284242499978
3816,159,206.31671319999995,170.0726948
3817,160,185.83839657500008,186.5348002249999
3818,160,212.18226580000027,169.87205202499996
3819,160,226.71967715000028,171.60337080000002
3820,160,206.26901497499983,165.7032061250001
3821,160,185.8952718250001,162.54126884999994
3822,160,161.48655109999993,162.90296652499995
3823,160,176.51942495000003,220.19519417499993
3824,160,176.56321554999997,242.40590072500012
3825,160,275.020856825,296.54094380000004
3826,160,322.76410085,257.5952717499999
3827,160,275.16001657500016,321.815718025
3828,160,272.2952296250002,274.693303325
3829,160,216.90327342500012,260.91403219999984
3830,160,237.2290067,278.3987647749998
3831,160,222.20882362500004,284.804186875
3832,160,321.4660033999999,297.2262527749998
3833,160,271.2605843750002,274.34107597500014
3834,160,248.4848754750001,270.4581878249998
3835,160,215.88756285000005,260.67431800000014
3836,160,237.16486212500018,187.92503769999996
3837,160,227.7557704750003,250.42253749999986
3838,160,201.10300367499997,219.5828701499999
3839,160,178.45297115,300.3329166
3840,160,146.86483855,259.755946525
3841,161,205.18307550000014,166.61737105
3842,161,181.21007780000008,195.049910725
3843,161,199.0910511500001,207.42523509999987
3844,161,187.4308031000001,195.1120221999999
3845,161,202.2216088000002,175.77008789999988
3846,161,169.9520639999999,223.97577989999988
3847,161,181.06671422500008,207.59097405
3848,161,181.81729119999994,198.97779252500004
3849,161,238.77740482500036,251.9795082749999
3850,161,217.37037877500012,243.91297272499995
3851,161,253.85348282500036,302.9691600749999
3852,161,297.164308175,254.80911159999982
3853,161,305.4519922249999,291.5371867000001
3854,161,221.7422938499999,228.4944520000001
3855,161,199.240019275,272.07667274999994
3856,161,329.63594922500045,242.5649960000001
3857,161,284.7266754750001,274.97440287499995
3858,161,300.86881465000033,232.791233725
3859,161,229.653354525,185.24180225
3860,161,310.85931237500006,257.29711464999974
3861,161,280.85238520000007,241.23888802499994
3862,161,204.24235314999993,249.89253342500012
3863,161,237.5810690250002,203.1482514000001
3864,161,202.93595900000014,225.60370832499999
3865,162,139.9939463500001,154.99601322499984
3866,162,150.53295177499996,166.27177734999992
3867,162,188.92034750000005,168.6276624749998
3868,162,165.98371822500013,193.25985977499988
3869,162,195.62178660000032,221.10198704999996
3870,162,192.65047380000016,229.16741152500006
3871,162,181.35639052499994,207.6585448750002
3872,162,268.12161592499996,247.08033955000008
3873,162,239.35231302500011,258.3703678
3874,162,273.1809453250004,321.8263047999999
3875,162,313.410545625,240.07732407499998
3876,162,264.431991125,261.1553107
3877,162,283.4978032000001,354.22386955
3878,162,342.081308975,371.8841113499999
3879,162,296.11946917500006,358.6896256250001
3880,162,317.42821054999996,336.55086974999983
3881,162,307.7384397750002,377.457545075
3882,162,324.02850352499985,408.9300889250001
3883,162,325.43845712499984,357.5436339749999
3884,162,331.83732012500013,355.95377499999984
3885,162,361.2039244,371.275701875
3886,162,260.47712147500005,289.09125774999995
3887,162,227.94772147500072,300.1431875249998
3888,162,204.29550142500017,300.4879605750001
3889,163,219.15241275000034,229.02498900000003
3890,163,219.4561739000001,173.96041292500004
3891,163,209.2335043250001,208.86149469999998
3892,163,123.32779832500009,200.53508375000004
3893,163,156.4635294749999,211.94981844999995
3894,163,208.12891060000004,189.510565575
3895,163,181.41880707500007,212.68960017499984
3896,163,222.70462490000014,296.2959115750001
3897,163,326.9675143000004,266.6821790250001
3898,163,290.6462701250002,278.64998664999985
3899,163,312.81470685000045,297.98729425
3900,163,312.12315549999994,349.758992875
3901,163,372.31505285000003,400.82613545
3902,163,284.0817395250001,391.9803368749999
3903,163,321.8801136000004,363.00578195
3904,163,330.14187207500004,368.35504402499987
3905,163,362.789819,373.3812023499999
3906,163,322.09672107500023,372.5055578250001
3907,163,298.650051075,330.3882041249999
3908,163,333.4685641750003,349.28884945000016
3909,163,364.97180777500023,326.8684807249998
3910,163,319.47286082500017,335.42927417500005
3911,163,330.0271356500001,271.32119517499984
3912,163,266.84024997500006,248.80360327499955
3913,164,191.3132871749999,213.3774061249999
3914,164,211.6052207250002,155.45859837499984
3915,164,202.8147583250002,195.532826225
3916,164,203.26981135000005,236.74430304999993
3917,164,225.6762897250003,200.12847177500004
3918,164,215.12335937500006,235.31985757499984
3919,164,253.3168809250003,209.97779209999993
3920,164,241.26900727500015,244.86233952499998
3921,164,273.523022675,311.7716290499999
3922,164,342.3025331500005,328.92355897499993
3923,164,374.2385707750001,260.3777875999999
3924,164,271.7956379250002,316.88837465000006
3925,164,362.5804348999999,306.6254915749997
3926,164,359.3773782500002,359.24072395
3927,164,362.9266610000001,415.90455054999995
3928,164,333.8721229,354.47382855
3929,164,314.3497287,311.24187265000006
3930,164,342.70845492499996,381.71618784999976
3931,164,350.1817998000001,294.35088920000015
3932,164,287.6442883,287.0059342749999
3933,164,312.38882575,312.54381977499986
3934,164,286.4434039250003,287.92675665000013
3935,164,346.87641695000013,245.20976147499997
3936,164,261.53756675000017,279.58349155
3937,165,209.19795192500004,203.77646319999997
3938,165,192.5107551000002,190.783844825
3939,165,196.35470080000013,186.59370404999999
3940,165,198.86568835000003,176.477718425
3941,165,193.9179843,179.9572773999999
3942,165,191.37062830000013,232.08998942499994
3943,165,211.84942527500021,175.3952437250001
3944,165,242.97817492500027,212.442361975
3945,165,274.0291564500001,206.43316847499997
3946,165,325.347825025,288.43120290000013
3947,165,346.89938652500007,258.82073927499994
3948,165,337.2458417500005,300.95578717500007
3949,165,279.86222110000006,273.370518875
3950,165,314.17493792500045,305.6868934999998
3951,165,269.52385565000014,293.7577113
3952,165,305.21779460000016,296.95854264999997
3953,165,367.94152987500024,380.8355667249999
3954,165,430.7523153,339.1885049749999
3955,165,397.64128502500034,347.91920139999996
3956,165,326.76393700000006,266.61485744999993
3957,165,364.0896962000002,339.83105517499996
3958,165,313.0325884000002,289.6450494499999
3959,165,275.2516622750003,296.4466393749999
3960,165,229.89879305000017,213.52258984999997
3961,166,213.29260382500001,241.81170682499993
3962,166,173.0089587250001,209.44563370000006
3963,166,168.814452175,178.53709329999992
3964,166,167.01646117500022,179.6332875
3965,166,142.90916082499996,204.81205979999993
3966,166,186.05260342500003,224.81413167500014
3967,166,231.37506227500003,224.60786022500005
3968,166,216.51401560000002,249.23757977500003
3969,166,263.71455270000035,246.50810657500006
3970,166,371.1066966750001,217.93569935
3971,166,282.86178685000016,267.77833494999993
3972,166,396.2553227000001,354.6185998999999
3973,166,320.5550079000002,303.45635152499983
3974,166,338.1195751000001,262.6013749499999
3975,166,385.1791566000003,281.29621905
3976,166,359.1252063500003,251.22099722499985
3977,166,356.5298194500001,296.1086648999998
3978,166,340.1325401250001,229.7533014249999
3979,166,330.33139042500017,237.17620557499993
3980,166,330.44219502499993,257.416851025
3981,166,287.394106375,309.34516779999996
3982,166,322.19523292500014,282.4920003999998
3983,166,340.20694867500004,282.24840565
3984,166,231.09931724999998,234.15013485000003
3985,167,235.45343067500045,179.61137609999997
3986,167,230.89695595000012,152.99972909999997
3987,167,206.51061220000034,190.43736410000002
3988,167,203.83248257499991,181.423536625
3989,167,185.3282343749999,198.19728592499993
3990,167,174.79911494999988,180.9508196
3991,167,200.4834913499999,216.33199270000011
3992,167,206.81129162500008,230.74972219999992
3993,167,240.8106461000001,321.9518671249999
3994,167,246.2763515750002,318.57320235
3995,167,229.37547185000014,328.60295692499983
3996,167,266.84807815000005,384.13245927499975
3997,167,220.19509269999986,355.01441947499995
3998,167,219.36015765000013,349.667756425
3999,167,320.4641859000001,405.81265329999985
4000,167,229.95561852500035,341.898405175
4001,167,209.86292722500013,349.12733702499963
4002,167,330.4637736000002,328.5178358750001
4003,167,206.3659948000003,360.08910262500007
4004,167,205.55314974999996,318.524513075
4005,167,264.61079050000006,322.44589452499997
4006,167,275.09299440000007,312.95731145000013
4007,167,267.03288520000035,232.76404234999995
4008,167,221.38245132500015,245.17309732499984
4009,168,196.70038997500006,192.7800661249999
4010,168,200.8389474750001,194.30034842499998
4011,168,201.31211072500008,193.63655412499986
4012,168,183.18483047499998,190.06072504999992
4013,168,186.50609840000007,241.29970237499992
4014,168,210.05535237500015,180.6925288249999
4015,168,215.12691432500014,239.03511307499997
4016,168,297.5972399250005,215.57385362499986
4017,168,222.9006968999999,269.3306101249998
4018,168,325.1938779500001,214.7134574249999
4019,168,334.89114910000063,317.0684390749999
4020,168,357.5722433500001,410.7302178249997
4021,168,356.92081517500003,363.2489027
4022,168,341.71917920000016,351.1711595749999
4023,168,378.78556385000013,316.15765729999987
4024,168,426.24896817500036,308.03304545000003
4025,168,331.32346377500005,240.2915183000001
4026,168,311.46579382500056,367.20219025000006
4027,168,301.47226305000015,273.86086965000004
4028,168,331.22417247500016,241.43642432499988
4029,168,276.8194769000003,240.53521079999996
4030,168,265.8410164750002,301.6393291499997
4031,168,252.79145525000013,293.61631470000003
4032,168,256.25648260000014,242.2269889749999
4033,169,172.60101255,200.18341099999998
4034,169,224.54929847499994,166.12267565000002
4035,169,180.86607855000017,212.3622646249999
4036,169,145.7107978,171.341343575
4037,169,169.62275910000014,202.7149033499999
4038,169,166.45803995000023,206.19643232500005
4039,169,222.10106942500008,231.92634389999995
4040,169,200.14673622499987,231.981557225
4041,169,301.5451095000001,281.82194897500005
4042,169,253.20264197500018,326.46004689999984
4043,169,278.89781882500006,323.6238844499999
4044,169,293.1124567249999,367.15290232499996
4045,169,312.40435924999986,406.07311127500003
4046,169,290.5589078250003,423.7578987249998
4047,169,369.59888002500054,371.0627133249999
4048,169,302.6821365,318.964125875
4049,169,386.75578732500026,343.458995875
4050,169,387.07774322500006,414.522811325
4051,169,388.72274489999995,305.737207175
4052,169,356.357593075,289.8582597750002
4053,169,339.50857865000023,356.9956899
4054,169,271.88484500000004,257.28457357499997
4055,169,249.38208965000018,247.08945634999986
4056,169,225.02699360000003,261.15247667499995
4057,170,223.6360801,190.71894174999994
4058,170,193.95988012499993,218.24449654999995
4059,170,172.61377390000013,209.1680894499999
4060,170,174.54937610000022,156.36857292499997
4061,170,222.17924664999998,172.93661277500001
4062,170,232.60231917500005,208.71290824999977
4063,170,259.82070695000004,227.91187060000001
4064,170,301.3368726000002,259.6528036500001
4065,170,250.19505647499994,206.33475279999988
4066,170,286.5244703000002,224.6492353
4067,170,329.61671162500005,311.91341007499994
4068,170,290.50957870000025,313.86530849999986
4069,170,305.3017814250001,389.8903002999998
4070,170,331.5395376250003,328.46848327500004
4071,170,395.71334982500036,386.83606759999986
4072,170,387.1247244000002,401.287959225
4073,170,337.5494111500001,390.68521117499995
4074,170,414.42240577500024,328.41131200000007
4075,170,346.7992777000002,345.53025909999997
4076,170,307.0781789750001,303.84235067499986
4077,170,326.4685346250002,331.5540380999997
4078,170,270.0650471250001,305.62240647500005
4079,170,268.8570276250001,250.41273900000004
4080,170,267.3291087500002,197.44605390000004
4081,171,199.8408083249999,213.52700069999997
4082,171,207.87176089999997,189.42838084999997
4083,171,147.00971240000013,188.46728962499998
4084,171,128.1322706250001,200.0669388249999
4085,171,165.22956615000007,189.3040837249999
4086,171,183.41898512500018,205.4082541499999
4087,171,201.8672199500002,209.27795577499995
4088,171,162.8252816000001,285.90814524999996
4089,171,246.5941098500002,256.005857925
4090,171,292.14945145,284.748141075
4091,171,349.7974962000005,253.42360525000007
4092,171,357.2775265750002,375.9776387249997
4093,171,416.69224867500026,350.00880804999997
4094,171,318.18709215,313.21016654999994
4095,171,312.7621371500002,358.7539182999999
4096,171,362.39481575,385.8850963
4097,171,313.7842322249999,423.80934987499984
4098,171,334.23069927500006,422.49090025
4099,171,378.927355675,338.9566033999997
4100,171,393.5863625500003,330.046076925
4101,171,348.80233852499987,363.3874140999999
4102,171,327.29315897500004,318.4091631
4103,171,271.15175802500016,341.28908619999993
4104,171,357.62227850000016,284.0976425
4105,172,210.6431866750001,211.3812650999999
4106,172,228.0009557250001,197.34005880000004
4107,172,218.6190581500001,200.301994675
4108,172,233.41635655000024,184.187461925
4109,172,210.0729673750002,254.51281259999996
4110,172,186.34837672499998,234.13098249999996
4111,172,208.46096469999998,148.3165031499999
4112,172,293.71001475000014,239.9509253249999
4113,172,263.97951297500026,251.09277204999995
4114,172,319.0484995250001,343.20490974999984
4115,172,316.43691375000003,367.22648139999995
4116,172,308.143152375,358.8678425499999
4117,172,351.3213109750002,331.18198207499995
4118,172,261.86591617500017,324.9727864749998
4119,172,259.39472230000007,283.87441687500007
4120,172,383.81258765000007,341.66070917499985
4121,172,343.60144685,323.70014127499996
4122,172,352.18838592500003,335.47384565000004
4123,172,377.3923424750001,296.60516929999994
4124,172,308.75451050000015,337.925748625
4125,172,286.0284494750002,314.7787660749998
4126,172,289.56046942500006,303.0295260250001
4127,172,251.74718272500036,246.78932845000008
4128,172,256.70262097499995,267.0741420249999
4129,173,195.22816410000013,168.47791214999992
4130,173,151.92019395000005,181.32062077499992
4131,173,169.7552018,191.1532057999999
4132,173,202.47270092500023,168.62450704999992
4133,173,171.43266617500007,210.24483674999993
4134,173,148.32116605000016,161.82191929999993
4135,173,182.88013522499995,202.6591223749998
4136,173,230.67018832500045,188.477223175
4137,173,323.1621254500001,202.71267869999988
4138,173,269.77987787499995,275.08832282500003
4139,173,289.3735424000004,247.6647683249998
4140,173,337.0307023500002,307.97683812499986
4141,173,355.395681225,331.93761840000013
4142,173,288.6444373500003,277.8109967749998
4143,173,340.36242785,294.48834719999974
4144,173,309.9409208000001,303.30553777499983
4145,173,266.5603085750003,311.7729728999998
4146,173,267.87113872500026,294.6209468999999
4147,173,260.6843555500002,263.80414802499985
4148,173,273.68020522500024,272.10646844999997
4149,173,238.11601085000035,261.49035377499985
4150,173,252.40150350000013,242.42718412499997
4151,173,209.17596959999997,234.87080347499983
4152,173,211.56570902500016,269.3408227499999
4153,174,204.48464742500022,212.31960702499998
4154,174,206.62220632499995,201.779343175
4155,174,204.25840867500006,168.37787207499997
4156,174,160.24465222499992,135.441972025
4157,174,212.62344192500007,170.82287895000007
4158,174,193.5334668500001,144.36778289999992
4159,174,219.5477145750002,184.32733334999998
4160,174,191.60791817500012,201.7635263000002
4161,174,252.61172572500024,248.95968607499987
4162,174,178.48610722499984,261.3803738749998
4163,174,286.81543900000025,238.36060747500008
4164,174,299.50170230000026,332.278475425
4165,174,274.71874545000014,392.0510067
4166,174,264.76140057500027,305.478866275
4167,174,314.63948292500004,292.69416619999987
4168,174,316.06698040000015,294.9849677000001
4169,174,212.8074223250001,307.3267751999997
4170,174,243.8541207000002,292.6113414999999
4171,174,256.2673410000001,275.65621545
4172,174,252.41612377500002,270.9309193250001
4173,174,275.71485732500014,256.55131264999994
4174,174,250.48769687500004,217.1893341
4175,174,266.2709851,217.26769372499987
4176,174,267.9470897000001,162.13481232499998
4177,175,193.21871985000024,142.36766005000004
4178,175,147.72696757500006,148.4424474749999
4179,175,175.98632097500018,172.45490869999998
4180,175,168.19752957500003,158.82048587499995
4181,175,156.8336281749999,220.21645017499992
4182,175,210.13492740000007,188.76235927500005
4183,175,247.01668490000003,184.98132065
4184,175,243.9049804250001,187.96864465000004
4185,175,261.0622143500001,224.67120547500008
4186,175,301.4553063750003,192.77936767499995
4187,175,340.23845577500026,252.11986159999992
4188,175,338.43795860000023,254.3643236499999
4189,175,309.34129785000005,235.69571622499996
4190,175,290.99732855000013,242.73979299999985
4191,175,302.8956217000001,220.74544412500006
4192,175,296.54498004999994,256.52634407500017
4193,175,329.9710413750001,297.6125786749997
4194,175,293.12553760000003,247.68900617499997
4195,175,299.6673798500002,243.20090804999984
4196,175,217.3223172750001,212.1558047750001
4197,175,243.52334889999997,261.726063225
4198,175,227.5483357,247.17506207499994
4199,175,215.28328940000011,217.206515375
4200,175,225.91850309999987,230.75000427499992
4201,176,150.01002282499996,181.78371697499995
4202,176,174.62403360000002,173.89635775
4203,176,185.9592771,156.16277609999997
4204,176,163.34471902499996,154.87732737499996
4205,176,222.27314382500018,176.65507897500004
4206,176,178.28013425000017,225.29381590000003
4207,176,226.99904607500014,177.16267039999997
4208,176,219.88495409999985,202.7095991499998
4209,176,316.007694525,221.79452370000004
4210,176,265.0311874499999,234.09338862499987
4211,176,277.43712037500006,252.83238850000004
4212,176,288.46746095000015,275.85664727499994
4213,176,318.7857828000002,313.04447134999987
4214,176,350.5576438500001,363.20891264999983
4215,176,339.2695248000002,354.60215139999997
4216,176,247.1116501000002,312.796000375
4217,176,284.1041907749999,309.6502713749999
4218,176,286.94498655000007,347.87080000000003
4219,176,335.1033541250002,310.89272190000014
4220,176,299.5997026250003,276.07967454999994
4221,176,263.75088537500045,325.26681725000014
4222,176,271.63675447500026,258.3667495750001
4223,176,236.6907081750001,217.0683107749999
4224,176,247.03008157500005,180.42494755
4225,177,174.53941794999997,166.59814962499996
4226,177,187.23384312500002,161.64706385
4227,177,161.51748905000005,150.26636564999995
4228,177,144.62976295,148.56890152499992
4229,177,210.68595432499995,210.493838175
4230,177,148.5020091000001,155.15721172500002
4231,177,175.9314331500002,252.28935287500008
4232,177,178.32646585000015,281.59926487499996
4233,177,262.2388459750002,325.2916425
4234,177,232.04142585000005,318.87797442499993
4235,177,280.365196525,274.2961985499999
4236,177,330.55883462500015,328.83630032500014
4237,177,329.02726355000004,399.54217172499995
4238,177,329.20278910000036,395.0879742499998
4239,177,283.3943719750001,395.8277463999999
4240,177,296.19387255000015,381.7561737249996
4241,177,353.5156775750002,266.3774387750001
4242,177,320.6525987750004,363.1979078749998
4243,177,279.0882713,256.57040982500007
4244,177,313.12289227500025,344.14382579999983
4245,177,266.7996908249999,323.1554948999999
4246,177,291.394698275,213.14989640000005
4247,177,273.59670652500006,220.03218802499998
4248,177,294.3819864999999,191.9986016749999
4249,178,201.0157594500003,216.207171275
4250,178,189.20285592500022,201.6454381000001
4251,178,197.77442605,190.93131687499994
4252,178,154.7071670250001,169.59103119999992
4253,178,137.6569032249999,144.228254625
4254,178,188.33165127499996,182.30311157499995
4255,178,239.75395075000006,212.07709007499994
4256,178,281.703561825,255.64886412499982
4257,178,292.86473542500016,253.94761354999997
4258,178,280.044204625,338.348638875
4259,178,336.3427859500001,321.28510409999996
4260,178,362.90967837500017,385.3258015999996
4261,178,337.89179445,286.3619453749999
4262,178,279.86980810000017,270.11632842500006
4263,178,330.6687399000001,318.12702172499974
4264,178,330.1645694750004,329.24303177499985
4265,178,365.20895320000056,330.2244261750001
4266,178,303.4345679500002,411.2706534749998
4267,178,286.9891120750001,313.63440534999984
4268,178,287.93583812500026,334.7734387749998
4269,178,276.20919100000003,275.1839221499999
4270,178,317.2265171500002,292.72139689999995
4271,178,281.021029875,285.8889528
4272,178,278.13247355000027,291.35814109999995
4273,179,233.40242762499994,195.88041769999995
4274,179,193.70765762499994,244.73392477499996
4275,179,214.36702895000002,224.72110140000004
4276,179,196.14588287500027,157.4255887499999
4277,179,226.86486097500003,166.25081505000003
4278,179,204.24976952500015,175.38779854999996
4279,179,217.5323012,209.45487517500013
4280,179,245.29286820000016,248.5305350999998
4281,179,301.9802503750003,275.0605000999998
4282,179,288.79296094999995,322.18517732500004
4283,179,326.01067282500014,358.156341475
4284,179,352.73614510000004,313.94901467500006
4285,179,312.83247105,300.7986573249999
4286,179,337.1534803250004,322.4775279500001
4287,179,325.04469057500023,332.3764097750002
4288,179,403.45108987500026,357.906233875
4289,179,356.0604132000005,397.1131655499999
4290,179,278.0985769500002,381.76053594999996
4291,179,333.88091495000026,364.69732450000004
4292,179,266.52458210000015,304.16884034999975
4293,179,399.63777305000036,307.09844689999994
4294,179,357.05312617500005,314.3896082250001
4295,179,319.3847827500002,301.41342247500006
4296,179,249.54062277500066,225.95960665000015
4297,180,211.6145211000002,259.5787621499999
4298,180,179.71488339999996,251.98613095000002
4299,180,135.69483850000017,227.24412912499992
4300,180,217.6114902250002,167.744307875
4301,180,186.24335162499995,226.05949909999998
4302,180,159.24420842500007,205.44769929999984
4303,180,214.6919372000002,206.96022790000012
4304,180,188.14856667500015,209.05430485000005
4305,180,230.7766752000001,249.75726079999993
4306,180,277.5717671500001,276.79702364999997
4307,180,359.8442287000002,262.09957725
4308,180,364.3838027749998,264.9587752
4309,180,397.6519151750003,315.5250184999999
4310,180,294.74083747500026,343.39485212499983
4311,180,342.94122642499997,394.0581588749998
4312,180,423.4180772,344.71922419999976
4313,180,387.60266967500024,255.6948840249999
4314,180,388.5970060750002,253.97495807499993
4315,180,333.2461381500002,292.0889632999998
4316,180,316.96977307500003,263.2379085750001
4317,180,341.4347812750001,243.07198195000004
4318,180,310.24748345000023,286.01005917500004
4319,180,327.43463355000006,269.80149934999986
4320,180,206.1380030000002,233.83317789999992
4321,181,177.533904625,235.128716725
4322,181,211.08523202500015,207.454446275
4323,181,182.58075590000016,215.9603987499999
4324,181,160.72904162500004,192.10809089999992
4325,181,192.3411721750001,203.2063142
4326,181,145.7527763000001,219.557623325
4327,181,226.0732588250001,214.152898225
4328,181,217.90958650000005,236.21009877499984
4329,181,223.27215382500037,209.05409294999993
4330,181,275.16456637500005,229.76278357499984
4331,181,299.2305162000001,303.25540259999985
4332,181,303.3955901500003,335.61638794999976
4333,181,372.9375674000002,313.18572310000013
4334,181,347.64925922500015,286.07489807499996
4335,181,281.6462886500002,310.81129577499985
4336,181,302.698611475,354.71411787500006
4337,181,332.52707762500006,319.67918544999986
4338,181,298.90241355000035,296.96219032500005
4339,181,252.45388982499986,291.63338405
4340,181,245.74340492500025,343.6541387999998
4341,181,225.89068210000016,323.18009689999974
4342,181,269.0989797750002,329.76245409999996
4343,181,190.11156355000003,357.789471775
4344,181,245.7678414999998,260.2652243499999
4345,182,199.156357825,209.9194064249999
4346,182,199.5319165250001,271.9653898499999
4347,182,216.21251300000034,221.4682848
4348,182,214.85998352500025,227.67171332499996
4349,182,177.81357002500016,186.97735195
4350,182,169.16704814999997,216.03820817500002
4351,182,194.14963632500007,185.07997954999996
4352,182,211.02135420000022,215.64731547500006
4353,182,211.9049406000001,270.9581420999999
4354,182,243.37952517500003,231.65064957499996
4355,182,277.5239295,271.0056953499998
4356,182,235.7829967500001,264.4743707250001
4357,182,307.29201462500015,229.52221449999993
4358,182,305.93423485000034,237.41426259999997
4359,182,349.1445174750001,276.55228920000013
4360,182,337.80663387500056,314.883846125
4361,182,357.8717479000003,333.38597665
4362,182,307.8693705750003,300.32615512499996
4363,182,324.35937320000005,317.66085307499986
4364,182,277.817967975,297.29194142499995
4365,182,213.18974715000002,231.0999891999998
4366,182,275.43434185,292.6392165499999
4367,182,262.69158525000023,297.51792769999986
4368,182,292.0112399499999,216.918555275
4369,183,218.95066657500024,189.89911695
4370,183,171.02787037499996,174.12150557499993
4371,183,159.04881922500027,178.93375375000002
4372,183,158.720077275,186.338937575
4373,183,247.04877962499995,188.01751995
4374,183,223.3679520249999,251.37885554999986
4375,183,242.62613185000004,253.55179182499998
4376,183,252.01637660000011,241.33351644999993
4377,183,255.92447697500006,248.09071727500012
4378,183,262.53644909999997,323.6899466249996
4379,183,252.28644155000006,357.599247675
4380,183,360.26447895,340.1681783250001
4381,183,390.0507433750001,404.18543962499984
4382,183,405.47237432500026,334.1979727499999
4383,183,361.6083359499999,384.7650946749999
4384,183,332.3650673500002,328.2655753499999
4385,183,352.28023897500015,345.4705857249999
4386,183,454.61168915000087,342.6334185749998
4387,183,441.85051107500004,277.4932496
4388,183,337.28473902500025,364.60808839999993
4389,183,314.782468875,359.9490465749999
4390,183,266.9945149250001,293.25902535
4391,183,250.91118827500003,244.34198952499992
4392,183,197.69368890000013,240.12908657499992
4393,184,146.27112970000002,199.8183823249999
4394,184,184.10014312500013,242.71112099999993
4395,184,198.6173872000003,225.76277342499992
4396,184,231.2770108750001,191.20713047499993
4397,184,181.56434485000023,166.8254638499999
4398,184,217.507790625,180.6932964500001
4399,184,271.96077972499995,232.58555269999994
4400,184,240.81232415000005,231.84891684999988
4401,184,353.3776337500001,293.2592539750001
4402,184,315.555943725,340.8099058250002
4403,184,316.8198855750003,287.89101067499985
4404,184,360.23611482500036,295.68889694999984
4405,184,393.35274849999996,370.5740331249998
4406,184,274.475249725,339.5483250499999
4407,184,259.21851590000017,296.6329355749997
4408,184,293.18648174999987,343.73825162500015
4409,184,357.9113904000003,377.35050115
4410,184,333.9850710000001,326.596271875
4411,184,340.56304027499993,272.382528575
4412,184,287.00840062500043,326.5213946
4413,184,276.6189694500001,352.90847284999984
4414,184,273.71814545000024,307.31054459999984
4415,184,289.2862669,336.92993562499987
4416,184,254.18592189999993,271.983713525
4417,185,216.73148152499982,199.68616277499987
4418,185,172.07226067500017,181.1483226499999
4419,185,209.56252130000004,200.39983087500008
4420,185,227.91761262500003,183.7509559
4421,185,249.17303220000016,184.52393364999983
4422,185,226.4867254,196.98381317500008
4423,185,240.58853930000012,254.39113852499992
4424,185,244.19938760000008,246.2156154000001
4425,185,251.8864665000001,237.43931522499986
4426,185,256.2897892249998,217.19722149999996
4427,185,305.90460477500005,283.873756175
4428,185,299.0466653250003,234.2540562499995
4429,185,254.17070362500033,224.04865202499974
4430,185,253.21419550000007,218.63574097499986
4431,185,248.24574547500015,258.17690994999987
4432,185,315.8212532250001,265.16330495
4433,185,287.74205274999997,309.1329407999999
4434,185,259.93921975000023,331.04735447499974
4435,185,309.49067300000013,304.00334475000005
4436,185,260.3879473250005,297.04509840000003
4437,185,286.11876275000014,250.08015480000003
4438,185,231.68594935000024,224.84820769999993
4439,185,223.01030814999996,228.84676217499992
4440,185,175.35651000000007,201.45376809999988
4441,186,163.63515545000016,227.53855164999987
4442,186,162.14482177499997,205.53378145000002
4443,186,172.24823587499998,153.09997902499998
4444,186,150.63475817500006,159.506619425
4445,186,188.36712217500002,178.73962232499997
4446,186,218.3391253250002,191.810812575
4447,186,191.15243965000022,215.8119540999999
4448,186,184.43111100000013,193.26030390000005
4449,186,229.46378272500004,254.54934912499988
4450,186,285.59299032500036,294.33283219999976
4451,186,301.0258993000002,297.0808673749999
4452,186,327.1725319000001,280.8232100749998
4453,186,284.5280846500001,265.86300325
4454,186,297.42759082500027,336.6728184000001
4455,186,347.73121109999994,253.2050223249999
4456,186,339.57736980000027,308.4061812250001
4457,186,297.6202178000001,357.09765224999984
4458,186,292.31768557500004,406.97227807499996
4459,186,361.21171225000046,377.05607015
4460,186,287.83264397500017,406.6582079499998
4461,186,243.02931222500027,332.8821607000001
4462,186,249.12782540000012,313.43648375
4463,186,204.2004824000001,274.25882779999995
4464,186,190.42931787500012,243.057312325
4465,187,171.74749995000002,242.0715953
4466,187,191.33834742499988,195.99667757500004
4467,187,206.581428675,178.2989197749999
4468,187,169.0726914000003,197.69373949999994
4469,187,179.2242252750001,182.24980594999988
4470,187,156.93319350000002,145.86210350000016
4471,187,228.6588668500001,153.5638769749999
4472,187,280.7743561999999,216.43341779999986
4473,187,262.82124085000015,291.4676383499999
4474,187,300.97532079999996,295.6011986499999
4475,187,353.64293852500003,297.2854914749999
4476,187,290.95336217500005,233.29948385000012
4477,187,276.52180867500005,270.5022059250001
4478,187,257.3221452249999,300.5178260500001
4479,187,362.90819509999994,287.682780625
4480,187,272.93586985000013,361.69050097499996
4481,187,348.77276992500003,304.7392365500001
4482,187,293.68897652500016,290.2178991500001
4483,187,299.8060162000001,324.97331875
4484,187,393.7562594750001,264.8741691749999
4485,187,343.41075527500004,343.7036501999999
4486,187,278.8920171249999,295.6150611749997
4487,187,299.0091426500004,224.39271064999997
4488,187,302.91250585,220.93246032499985
4489,188,243.75478212500025,223.02161744999998
4490,188,215.55787005000025,176.969282
4491,188,207.8394763500001,183.95164070000004
4492,188,172.9448032250001,195.4722167249999
4493,188,173.2301505,166.60076690000005
4494,188,147.91715384999992,202.99588477499995
4495,188,239.0923203750002,163.254952425
4496,188,211.6758540750001,188.34586727499988
4497,188,248.645599325,228.05755649999992
4498,188,250.20450187500012,261.925229825
4499,188,298.19118569999995,328.4857258249997
4500,188,302.8589726250001,305.39438387499996
4501,188,282.0665583750005,291.541038375
4502,188,352.17511482500026,339.22761809999986
4503,188,342.0604417750001,318.6860313999998
4504,188,360.91717225000014,272.76607019999983
4505,188,332.4948278500001,258.96287302499996
4506,188,410.87418137499986,299.6914637000001
4507,188,361.56142297500026,305.1197524749999
4508,188,311.09618287500007,338.2505868999998
4509,188,336.39858890000016,375.1081988
4510,188,323.5784866250001,375.57105987499995
4511,188,225.16026560000023,290.607036625
4512,188,207.74685172499994,283.3884721249999
4513,189,173.9833092250002,176.48800397499997
4514,189,223.9286437749999,162.89040674999995
4515,189,177.61735664999992,181.86361197499997
4516,189,166.55337374999982,188.151528
4517,189,210.1489621749999,177.09432385000002
4518,189,187.70764907500012,244.55957164999984
4519,189,186.90759404999994,248.06083224999998
4520,189,208.60158057500018,221.03311905
4521,189,229.6043499,332.66572797499987
4522,189,287.8586655250001,246.65803007500003
4523,189,278.84721275000004,276.8592967249999
4524,189,284.79128315,256.51032940000005
4525,189,284.2939694250001,315.09989715000006
4526,189,264.01122250000003,344.44544325000015
4527,189,301.3362541250002,356.2953731749998
4528,189,301.06090325000025,364.91472229999977
4529,189,413.3217273500003,461.648591025
4530,189,340.0712260250002,429.7243934249999
4531,189,301.07398825000007,308.99949914999985
4532,189,347.5164805750003,266.83564617499997
4533,189,286.86616560000004,274.8735427250001
4534,189,345.2801685500004,274.5781117000001
4535,189,258.42105990000016,244.6827861250001
4536,189,210.49401277500024,208.38766624999994
4537,190,198.92260437500022,164.46197697500003
4538,190,190.8025450250002,177.48800882499995
4539,190,160.26769769999987,168.83036534999988
4540,190,127.10756974999981,189.772138075
4541,190,168.5623208750003,160.78300232499993
4542,190,207.0505224750003,222.57309817500018
4543,190,202.9167054750002,229.9222614749999
4544,190,257.6428687000001,259.77438032500015
4545,190,270.42941079999997,285.1306804499998
4546,190,446.23200265000094,269.99835952500007
4547,190,379.89927377500004,267.931103225
4548,190,329.2395660499999,308.832007625
4549,190,361.98141005000036,331.63626899999997
4550,190,390.87524822499984,341.0043618749999
4551,190,399.4376540750002,349.5697272499999
4552,190,352.4939201250005,392.4859084750001
4553,190,414.41810162499985,380.736447375
4554,190,357.1049544499998,438.65982744999974
4555,190,330.2863278500002,338.2080789749999
4556,190,357.52706492500016,308.39089909999996
4557,190,403.8617416250001,296.030763125
4558,190,352.93614875000014,330.68859199999986
4559,190,335.1124015500002,272.81395839999993
4560,190,289.8263785250001,247.97697209999998
4561,191,250.860857575,252.52490637500009
4562,191,193.78971990000008,256.0883340249999
4563,191,208.22609365000005,226.167240375
4564,191,253.65709547499998,205.3139432749999
4565,191,235.7221904999999,243.41655964999995
4566,191,225.22019007500012,232.06285022499995
4567,191,207.7984959499999,213.41421889999995
4568,191,299.7169200750002,248.64244812500002
4569,191,343.5335016250002,278.6288275249999
4570,191,339.40548104999993,334.6369212999999
4571,191,399.88986079999995,461.38121529999984
4572,191,338.2008167250001,375.51278717499997
4573,191,294.5769573250001,332.947273525
4574,191,346.49646385000005,426.2811733499998
4575,191,362.38773362500007,387.8830421749998
4576,191,345.1279351500002,457.74343940000006
4577,191,354.56969900000007,504.14999287499984
4578,191,315.8147334500005,461.8666234249997
4579,191,316.9217252000003,418.62403237500007
4580,191,359.6387818000002,366.325090175
4581,191,402.8765756250002,327.55547149999984
4582,191,278.520879625,346.9281427249997
4583,191,400.5311452000002,273.2859941499999
4584,191,334.17211240000006,285.91807809999983
4585,192,220.83505047500003,196.00592002500002
4586,192,224.41803782500006,192.0412078500001
4587,192,206.89212140000026,166.53897039999998
4588,192,211.63527455000002,207.62774817499985
4589,192,191.47064195000007,199.23085857499993
4590,192,219.68543512499988,272.08584730000007
4591,192,219.56153395000024,239.70277179999985
4592,192,233.67405947500018,275.6805091999999
4593,192,280.0974449250003,360.1504361499999
4594,192,332.70318002500005,303.35935949999987
4595,192,397.6858072250002,298.2822660500001
4596,192,366.5342490000003,331.68669819999997
4597,192,379.3909443250004,430.59973757499995
4598,192,416.40153022500044,387.81467232499983
4599,192,441.2177337750006,384.2762245250001
4600,192,414.0350623,517.1946454000001
4601,192,471.36595085000084,427.0113676499998
4602,192,420.4761857000002,434.64858115000004
4603,192,308.47131650000017,378.6027429249999
4604,192,354.118515475,377.94473395
4605,192,511.677354100001,396.5713626749999
4606,192,419.8857290250003,347.010790275
4607,192,433.2981434750003,318.8653404749999
4608,192,378.131813975,292.5032158749999
4609,193,215.14501222500016,209.52224982500002
4610,193,232.990956375,262.5248689749998
4611,193,222.82223392499998,223.09614277499998
4612,193,236.79393782499997,240.7410998999999
4613,193,228.48806757500023,233.5872538249999
4614,193,230.483255,196.86277347499993
4615,193,240.78049865000014,157.2551246999999
4616,193,302.0053928749999,208.90353465000015
4617,193,297.4849462250005,246.58932050000004
4618,193,305.22504930000014,365.64316122499986
4619,193,300.5963931500001,334.08644934999984
4620,193,307.52282185000007,403.39658742500006
4621,193,388.8323551250003,396.5133388749998
4622,193,306.0370545750003,344.766825575
4623,193,312.4922182,384.0669340999997
4624,193,350.12461522499996,331.24604750000015
4625,193,379.96049982500034,423.11670925
4626,193,347.084434075,334.1284822500001
4627,193,407.7716635000005,390.79748015000007
4628,193,380.3164772250002,388.32239970000006
4629,193,342.4852979000001,428.1652961249998
4630,193,324.2711474750002,338.2130057999999
4631,193,286.96604387500037,295.48767114999976
4632,193,329.7581509750001,311.3056557999997
4633,194,263.7472861000001,284.0626411
4634,194,199.72850007500003,212.60026142499987
4635,194,206.5090822750002,229.95575205
4636,194,208.223388775,199.34741459999992
4637,194,189.00483335,209.64056319999992
4638,194,214.14317102500007,240.4143811
4639,194,252.83315087500006,215.97395152500007
4640,194,253.64338282500023,245.9269717250001
4641,194,300.905804125,319.10348367499995
4642,194,353.70008399999995,388.31940759999975
4643,194,367.0285630750004,375.0812780749999
4644,194,378.8484295750002,303.68450332500004
4645,194,437.19757504999995,326.9904599249998
4646,194,392.0093839500005,379.0910334749999
4647,194,348.37749120000007,381.12170839999976
4648,194,272.40170727500004,418.2023719499998
4649,194,354.3597266000005,401.73877949999985
4650,194,340.7802429000002,414.66179792500003
4651,194,362.85851877500045,459.76571592499977
4652,194,318.24670847500005,396.1187591249999
4653,194,310.1613362250001,281.92912162499994
4654,194,351.86680860000024,337.3357836249998
4655,194,260.0817312500001,289.4590186749999
4656,194,283.94102220000013,280.63491484999986
4657,195,220.48557557500007,211.88991159999966
4658,195,189.3268871749999,248.956142525
4659,195,193.38572357500004,254.21483327499982
4660,195,189.45237312500024,188.59239069999995
4661,195,219.15713775,208.17975652500002
4662,195,184.2057384750001,232.48445869999995
4663,195,251.59186160000004,230.63123199999984
4664,195,277.3689429750001,260.9040616999998
4665,195,274.6348016250001,294.078086375
4666,195,260.04379482499996,296.8097327500001
4667,195,313.17607237500033,288.1350899749999
4668,195,352.82922912500004,319.0776632749998
4669,195,414.73876354999993,359.0602747999998
4670,195,342.2450401249999,351.3397572
4671,195,369.223703525,340.9773408500001
4672,195,313.8520897250005,321.2085183999999
4673,195,333.993485375,257.0678337000001
4674,195,272.38122375,312.12315677499976
4675,195,327.34369405000024,312.0440415
4676,195,280.27208320000045,334.0454068999999
4677,195,256.6234443500001,248.83950364999993
4678,195,239.93068970000007,235.54067980000008
4679,195,201.47849862499993,260.11273812499974
4680,195,205.84491462499992,236.24424497499987
4681,196,218.435405675,194.15213870000005
4682,196,183.61490585,186.06011335000002
4683,196,220.76903014999994,191.0088481999999
4684,196,171.60740807500002,224.05586182499997
4685,196,200.17014050000031,177.76076099999997
4686,196,194.3350031249999,228.28617082499994
4687,196,207.33758497500014,267.28648617499994
4688,196,238.6428602250001,235.8771924250001
4689,196,283.64686522500006,330.44615352499966
4690,196,273.119983,270.5249329500001
4691,196,291.854694075,276.49117757499994
4692,196,391.1434285500004,239.29647032500014
4693,196,298.42468429999997,233.56867607500007
4694,196,271.89048942500017,322.39842174999995
4695,196,329.26163620000045,291.82288749999975
4696,196,273.9425902250001,287.50852457500014
4697,196,253.3586474249999,382.0773585999998
4698,196,316.7281748500003,368.7691520999998
4699,196,257.2076779500002,300.0977880999999
4700,196,258.34559632500014,282.88899067500006
4701,196,303.50933877499995,286.26314220000006
4702,196,304.67829704999986,269.4769768
4703,196,270.5904245000002,289.23384850000014
4704,196,195.93160087500013,230.71320947499984
4705,197,193.31394097500015,177.38505545000007
4706,197,188.0271368500001,186.45041492499996
4707,197,168.73199482500007,215.2424743249999
4708,197,175.77853454999996,213.53629507500006
4709,197,201.7225382000006,174.99733645000003
4710,197,192.7237922000002,182.2111342999999
4711,197,217.78013237499994,179.719246375
4712,197,262.4859613750002,163.2194480499998
4713,197,234.91032305000004,205.56189742500004
4714,197,277.12587084999984,219.67073827499988
4715,197,299.7879280000004,227.12199005000005
4716,197,284.8972571500002,250.0080718499998
4717,197,319.8044453750002,313.83364079999996
4718,197,285.30368572500015,396.824446375
4719,197,238.16109719999992,408.2136143749998
4720,197,355.23403092500007,337.0584866249999
4721,197,338.59358629999997,341.67375519999996
4722,197,327.72523727500027,340.53920189999997
4723,197,265.845096,257.3914341749998
4724,197,233.27753844999984,332.3125892749998
4725,197,267.167388825,302.0001386250001
4726,197,274.1967410000005,306.3059173250001
4727,197,222.48309652500015,254.81271804999983
4728,197,202.25986685000015,228.89541464999996
4729,198,174.40623392500004,181.9587601999999
4730,198,185.43475367500014,174.804025825
4731,198,144.45318607499996,238.35640610000002
4732,198,160.93139665000012,189.95324797499995
4733,198,175.178568525,181.9212692
4734,198,162.02266982500024,215.68228629999987
4735,198,205.63360250000017,213.23388985000014
4736,198,235.67397190000025,292.89956822499994
4737,198,228.49466020000017,236.75179699999984
4738,198,304.1080248000002,326.83626530000004
4739,198,322.2588079000002,332.34135380000004
4740,198,372.15990750000014,259.1805272749999
4741,198,399.8254894250001,262.847599625
4742,198,337.16515222500004,324.2031583999998
4743,198,312.6158429249999,309.8449327
4744,198,291.5989500500001,345.36972925
4745,198,339.77076367500024,318.7739111500001
4746,198,358.44834882500004,311.50850597500005
4747,198,417.1674824250001,332.35918085000003
4748,198,352.73816125000013,270.124329675
4749,198,351.31792917499996,339.12154032499984
4750,198,308.2872015000002,252.49542659999997
4751,198,300.94322260000007,239.02086304999995
4752,198,275.62681995000014,178.53059707499995
4753,199,201.9122288750001,211.78355684999997
4754,199,193.45109192500001,185.60318320000002
4755,199,198.75201787500012,190.6676143999999
4756,199,168.4483765500001,191.83795262499993
4757,199,212.51786879999992,191.35212967500001
4758,199,240.5280614750003,178.477870275
4759,199,216.99947495000004,212.13523204999996
4760,199,284.5544212750001,222.06556362499987
4761,199,285.2645409250001,217.51116055000006
4762,199,290.35408367499997,278.1302745749998
4763,199,246.24783927499988,286.0611212499998
4764,199,284.31050489999996,305.4853657
4765,199,349.7493574250002,353.0547081749999
4766,199,314.6961757500002,307.09490267499996
4767,199,291.4783266750002,295.4316291250001
4768,199,404.240622925,263.6258795
4769,199,337.30071495000027,303.82505785
4770,199,363.198040825,398.2539274249999
4771,199,280.01951317500016,364.6477475249998
4772,199,290.39892515000025,288.00352212500013
4773,199,254.3844130749999,303.39764242499996
4774,199,276.4315738750001,281.6133032250001
4775,199,273.6753691000003,256.7631685499997
4776,199,248.4172540250001,208.2271790000001
4777,200,181.94634687499996,213.17614967499998
4778,200,182.93699812500012,180.38325202499988
4779,200,168.7885756999999,206.56132527499994
4780,200,181.26194015,153.76289017500005
4781,200,207.73063812500013,175.82271189999992
4782,200,202.94420359999998,183.62800329999988
4783,200,217.9475994750001,193.00125404999983
4784,200,236.67759657500042,201.754920625
4785,200,266.86658970000013,235.17369332499993
4786,200,276.1949893000002,290.43917862500007
4787,200,417.9357243500001,356.2373305749999
4788,200,440.58003302500043,348.54344337500004
4789,200,358.1237533500002,373.1748327249999
4790,200,413.2517586749997,293.7586860749999
4791,200,404.6010621249999,262.0364546249999
4792,200,366.4035959000003,314.62361215
4793,200,384.8292219750001,385.1907717999999
4794,200,305.89096895000023,383.89013562499986
4795,200,375.6478123000003,467.37370055000014
4796,200,301.5942180000003,395.87076312499994
4797,200,306.8358644750002,334.14245709999983
4798,200,277.04883117500003,290.8280905
4799,200,253.92913644999985,309.59433647499986
4800,200,228.49050645000023,274.84368047500016
4801,201,222.81691137499996,172.45361430000003
4802,201,181.95968410000006,227.15913045000002
4803,201,208.06639340000012,229.44795147500002
4804,201,245.67221637500018,207.61555100000007
4805,201,214.24642342499993,240.63893159999998
4806,201,222.17770072500028,262.2004075499999
4807,201,231.94394982500017,195.799869
4808,201,250.68278727500018,234.96508707499981
4809,201,320.8294258750002,256.11738357499996
4810,201,309.2645866250002,304.5522942500001
4811,201,361.31355735000005,302.61140112500004
4812,201,344.0893805500009,415.67574215
4813,201,347.6225057500003,405.30480922499976
4814,201,405.38043662500013,414.972235975
4815,201,407.52035539999997,456.41217529999994
4816,201,414.7272471000002,351.5768111999999
4817,201,486.7375466750002,364.0723472749999
4818,201,415.735880075,342.1015995249999
4819,201,380.3587672250003,275.02146247499996
4820,201,403.78617495000026,285.7670685249999
4821,201,375.1285997249999,272.26243947499984
4822,201,357.58349625000074,286.93332495000004
4823,201,316.44000770000036,270.4031318750001
4824,201,295.21037290000015,283.1169327000001
4825,202,214.1102056499999,198.92726240000005
4826,202,222.02375305,206.07968282499994
4827,202,210.84073717500007,225.97713742500005
4828,202,202.22293215,188.1173647999999
4829,202,229.3046476250002,191.764869025
4830,202,166.4116254,209.02500682500005
4831,202,238.55572402500044,204.7640908750001
4832,202,255.13988277500027,186.07426347500004
4833,202,266.6997355000003,259.4667785
4834,202,296.0457318000002,323.83814399999983
4835,202,354.65276490000053,357.669196125
4836,202,323.6453822000002,401.1747777749999
4837,202,371.0108955750003,360.4842118999999
4838,202,357.61391167500005,324.7281401250001
4839,202,417.3608207750003,328.2661900999999
4840,202,378.34311812500005,348.0030405249999
4841,202,317.30229290000005,379.60888494999983
4842,202,487.50011810000046,352.39786804999994
4843,202,369.1415527750002,381.73671962500015
4844,202,346.7780868000001,392.2582819749997
4845,202,353.86802392500016,324.58663505
4846,202,401.03626040000006,270.61796834999984
4847,202,339.40388499999995,294.3183477749999
4848,202,252.40025620000023,226.3848578749999
4849,203,250.27025677500006,259.895534625
4850,203,214.28664759999992,219.13277867499997
4851,203,192.35452530000015,199.51063432499996
4852,203,205.90112455000008,200.1092287749999
4853,203,201.7896972250001,195.2317296249999
4854,203,170.371516525,219.3779623499999
4855,203,193.55976770000007,179.26516517499994
4856,203,238.2201308750001,222.16887222500006
4857,203,240.0220723249999,262.68631302499995
4858,203,239.39151037500017,280.225911075
4859,203,255.39091107500016,305.8923702500001
4860,203,289.6498908000003,301.59667272499996
4861,203,361.55615297500026,335.253613825
4862,203,317.33264667500003,410.948443925
4863,203,424.0228381999999,380.1679346750001
4864,203,351.98676642500004,355.2857708499999
4865,203,367.68839527499983,422.8581014499997
4866,203,426.14293157499986,351.56491815000004
4867,203,356.5217216750005,340.796393125
4868,203,366.20025987500026,298.13202620000004
4869,203,382.77479974999994,281.3962254500001
4870,203,345.82306310000007,260.14301439999986
4871,203,348.7951761000003,299.4892922250001
4872,203,294.47283440000024,264.7209952499998
4873,204,213.04212782500008,201.25861349999985
4874,204,230.29866745000027,185.6893491749999
4875,204,213.5932451000001,233.8513253249999
4876,204,174.7505741250003,223.575108375
4877,204,212.5218746,149.80138382500002
4878,204,202.11596324999994,148.48741350000012
4879,204,223.8628746250002,186.06137112500016
4880,204,278.245261875,253.76927495000007
4881,204,227.54048137499993,304.11072242499984
4882,204,218.77205130000021,264.615019575
4883,204,268.3226038249999,358.8301525999999
4884,204,302.63853727500003,377.5861319749997
4885,204,341.0220994750006,358.6405184
4886,204,355.53159237500034,480.4627321749999
4887,204,347.9242974500002,386.042997575
4888,204,334.18872187500034,358.772078125
4889,204,389.58719462500017,316.40366767500007
4890,204,334.8305404,404.15806167499994
4891,204,409.04823475,362.3741932999999
4892,204,368.78910252500015,284.7054310999998
4893,204,348.68501395,309.3171877499998
4894,204,331.0521198250004,352.43453347499997
4895,204,270.2632793250002,256.68379995000004
4896,204,273.37251895000014,260.687363775
4897,205,206.18986562500032,203.21546914999988
4898,205,213.44772277499993,178.2838544749998
4899,205,156.14344510000018,227.20048955000001
4900,205,177.43725362499993,255.66885104999994
4901,205,243.3568021500002,244.0850010500001
4902,205,229.84963000000005,259.01903757499997
4903,205,244.8555098500002,256.96084207499996
4904,205,329.473980475,275.77752345000005
4905,205,248.38873410000016,339.7431221999998
4906,205,321.8186565250003,282.31008202499993
4907,205,318.0071027250002,323.6998626000001
4908,205,411.503771625,372.23960702499994
4909,205,384.49845957500077,399.5670978749996
4910,205,408.1653748250004,366.33710607499984
4911,205,492.4873552749999,427.1385151749997
4912,205,446.53632127499986,415.904941025
4913,205,460.7049119500003,345.5585646999998
4914,205,408.01252772500004,334.0923975499998
4915,205,391.53395007499995,359.79243749999966
4916,205,317.39104077499996,395.9076900750001
4917,205,329.47054359999987,326.0349486
4918,205,280.08094867500023,318.67935162499987
4919,205,298.7837424500001,334.25946995
4920,205,272.75192847499994,238.22158397500007
4921,206,208.82127362500012,230.53703690000003
4922,206,203.72312745,229.62858717499995
4923,206,189.88107222500003,257.637049975
4924,206,223.6583248999999,193.89184185000005
4925,206,173.16231747500004,202.45620989999998
4926,206,195.1243396000001,187.52735707499988
4927,206,283.2801264250002,206.35104735000007
4928,206,266.17101272500025,241.83322799999996
4929,206,281.67399792500015,252.79042114999987
4930,206,337.6714393250001,287.68986365000006
4931,206,308.3530875250001,289.98239842500016
4932,206,359.16756832499993,300.361542325
4933,206,348.6572078000002,316.6498166749998
4934,206,376.8878801000002,348.97111812500003
4935,206,347.1864596250001,342.39613150000014
4936,206,273.49332245000016,330.37852655000006
4937,206,298.57495042500005,325.11944565
4938,206,314.2659829500001,337.4877044000001
4939,206,277.03244252500025,385.0013433999999
4940,206,416.7396296250006,400.6227577999998
4941,206,294.7390705750001,345.5408077500001
4942,206,321.0747350250001,257.84338795
4943,206,265.98520310000026,255.8115005999999
4944,206,258.76844775000035,199.58089477500016
4945,207,182.15269137499993,219.24598567499993
4946,207,189.06893657500007,214.32524350000006
4947,207,217.1911730000002,206.0477995
4948,207,175.13251350000004,225.37745677499993
4949,207,207.48267280000033,193.21963814999995
4950,207,137.81230042499988,184.32256529999995
4951,207,202.7951432750001,234.12869025000012
4952,207,207.61089837499992,263.2158644249999
4953,207,227.54907187500027,308.03472707500003
4954,207,267.2983551,293.44220144999997
4955,207,267.7331505500003,326.0421308
4956,207,358.00291350000026,266.18779247499987
4957,207,318.20285325,322.55980332499996
4958,207,336.14804367500005,401.42410737500006
4959,207,327.9896281500002,269.07412339999985
4960,207,323.0097290499999,291.6982957750001
4961,207,397.3760340750003,274.490912625
4962,207,372.55505685000117,283.39101307499993
4963,207,416.22483800000066,239.43547422499998
4964,207,379.9204319750005,267.8227718249999
4965,207,298.366992025,261.7835528249998
4966,207,330.33466650000037,233.39918785
4967,207,329.55795450000005,245.52434239999994
4968,207,233.66428395000014,192.04266769999995
4969,208,211.06366035000016,181.79493632499998
4970,208,181.06811407500015,184.17788004999994
4971,208,174.67281190000014,198.17260972499997
4972,208,197.70220010000023,199.28999394999994
4973,208,219.19272925000013,206.71442660000002
4974,208,204.45459960000017,203.63796194999986
4975,208,279.0390380000002,236.08236335000007
4976,208,233.70431375000027,257.7880477499998
4977,208,274.22073060000014,246.71753072500002
4978,208,298.15887447500006,320.58021655000005
4979,208,379.13574767500023,373.3520957999998
4980,208,326.1759013750003,383.8925684500002
4981,208,318.9241131250002,314.0468491999998
4982,208,344.6588647000004,315.3074916999999
4983,208,369.9983896999999,295.81597597499973
4984,208,340.13847105000025,295.57042142500006
4985,208,403.3076631000001,349.48048719999986
4986,208,298.0142408249999,296.64954375000013
4987,208,267.41573470000014,361.13063912499985
4988,208,271.77413612500004,349.85387204999984
4989,208,325.7139288750001,416.7005059749997
4990,208,283.98206302500057,286.9848080999999
4991,208,267.59510924999995,271.70493309999995
4992,208,257.46811567500043,227.02911857499993
4993,209,221.56756382500015,253.40295647499994
4994,209,174.54420400000004,246.179819775
4995,209,238.72998597500003,162.69297757499993
4996,209,168.9630795000002,182.865431375
4997,209,190.90514777500005,187.74079659999998
4998,209,257.934036975,170.61997389999993
4999,209,241.69254562500026,197.56240022499998
5000,209,164.05235392499992,224.98354934999998
5001,209,239.91907272500043,314.632457875
5002,209,260.57475825,353.8950761999997
5003,209,325.2002342750001,373.872197
5004,209,314.79974982500016,352.33955362499984
5005,209,340.3417904500001,349.17382062499996
5006,209,435.2600996750006,326.355523275
5007,209,355.46050912500004,293.55932952499984
5008,209,339.30373025000046,271.4686138249999
5009,209,286.77454972500016,319.8089341499999
5010,209,354.88678819999996,253.48375809999993
5011,209,295.83449412500033,270.2007520250001
5012,209,353.7331548750002,295.1701603499999
5013,209,328.83824565000003,287.01188055
5014,209,283.63290192500017,339.61629874999994
5015,209,231.3291906,263.111061675
5016,209,239.22580669999988,262.2683863499999
5017,210,213.29359272500028,215.67408932499998
5018,210,237.99184639999987,186.87095340000005
5019,210,178.20589707500005,171.46666635000005
5020,210,175.03783950000022,183.8035302
5021,210,192.63148857499988,180.817669925
5022,210,232.52694462500028,181.41817697500002
5023,210,216.98054570000022,181.67191909999985
5024,210,208.1439471,206.5552249750001
5025,210,207.21117094999997,246.62148397500005
5026,210,240.9024311499999,250.587672575
5027,210,284.13626067500036,303.05181760000005
5028,210,379.934332525,271.8853869750001
5029,210,325.9520062250001,267.18472585000006
5030,210,272.08741535000013,312.30109112499974
5031,210,322.9275222250001,294.7714323
5032,210,298.51561967500015,340.4622576000001
5033,210,330.235995525,296.7827970999999
5034,210,362.3661952000001,305.36379772500004
5035,210,308.35932470000034,328.06397112499985
5036,210,338.75217205000024,270.7532121
5037,210,318.8320782750003,274.49915547499995
5038,210,259.89200149999994,294.8741075250001
5039,210,245.3850213000001,228.99235074999984
5040,210,263.05604880000027,249.59433485
5041,211,243.25903275000013,212.6994587
5042,211,253.42247680000023,247.6898342499999
5043,211,212.00091434999982,239.31057794999995
5044,211,268.68501830000014,210.48037134999998
5045,211,212.9399441500002,213.20247425000002
5046,211,201.07229327500005,210.0717054249999
5047,211,249.44226712500028,226.41705924999994
5048,211,206.13853900000004,251.83150475000008
5049,211,251.3013160249999,256.404415375
5050,211,307.4050391500001,280.575002625
5051,211,297.89907682500024,326.423143575
5052,211,286.09088535000024,345.96203637499997
5053,211,243.83503709999985,341.139403775
5054,211,340.7182634500003,392.6929218999998
5055,211,288.82580092499995,422.29779637499996
5056,211,320.792580525,363.05505789999995
5057,211,344.84354445000025,342.9171797249999
5058,211,368.6247215750001,422.07348547499987
5059,211,436.02506220000015,418.55406664999987
5060,211,411.7953818000001,403.3818835249999
5061,211,321.19464812500024,377.467174325
5062,211,290.82291277500013,305.624403175
5063,211,278.32876002500007,290.36351702499996
5064,211,280.10477417500016,224.36018500000006
5065,212,163.19342240000014,180.85721644999998
5066,212,217.2675650500001,163.72502457499996
5067,212,255.16231727500028,156.52184002499985
5068,212,207.20960537500002,230.222222225
5069,212,210.19418512500005,181.989263
5070,212,198.15413837499983,207.92190035000016
5071,212,204.7807019500002,220.24338185
5072,212,242.9049318000001,228.1057460249999
5073,212,308.0627543500001,268.6359197499999
5074,212,332.41267687499993,255.39667634999972
5075,212,325.7922429500002,334.79230149999995
5076,212,326.15691830000037,250.92096895
5077,212,411.40864354999985,313.63384262499994
5078,212,367.03747220000037,360.91602882499996
5079,212,343.4546042750002,411.16435964999994
5080,212,357.2533877999999,458.135205625
5081,212,375.84423920000035,365.5255197500001
5082,212,354.5396219750001,350.822434425
5083,212,303.4007338,281.21597169999995
5084,212,334.2514457750002,257.25425217499986
5085,212,348.7220221,292.71013055000003
5086,212,308.10035690000007,315.65860144999994
5087,212,306.58092972500026,231.4809328749999
5088,212,272.29909110000017,235.54357619999996
5089,213,208.39896754999995,237.4989741
5090,213,198.39739434999996,209.51595867499995
5091,213,178.51604255000007,181.80488100000008
5092,213,183.84876980000024,211.31787665000002
5093,213,143.26633927500012,211.31945484999997
5094,213,186.38019570000012,197.58936397499997
5095,213,199.12638042500004,234.8746279249998
5096,213,266.10031290000035,285.84635979999996
5097,213,306.3642848000003,290.54209364999997
5098,213,344.46614195000006,291.3584123249999
5099,213,314.80143507500014,373.57385905000007
5100,213,347.8666610750006,387.62745064999973
5101,213,307.2081243500001,352.26239502499993
5102,213,323.17545017500004,339.9341764999999
5103,213,384.1006081500009,342.9931289999999
5104,213,397.2640564500005,370.7671052749999
5105,213,341.2092615250001,436.31523382499984
5106,213,362.3979395000002,356.28873182499996
5107,213,413.56889805000014,313.46208642499977
5108,213,358.67840322500024,341.5416310749997
5109,213,283.4845321999999,363.92902919999983
5110,213,274.61260327499997,278.2605762750002
5111,213,318.80855942499994,296.2117451749998
5112,213,252.13505957499993,317.9977880999999
5113,214,265.8910356,184.45288422499988
5114,214,203.51306570000003,221.77290059999996
5115,214,240.7804068500003,189.78396977499997
5116,214,192.10771515000005,207.96725829999997
5117,214,171.00392252500006,196.61452012499993
5118,214,214.6289779000001,195.871996475
5119,214,240.11936264999997,221.5985064
5120,214,199.16137427500013,210.43945209999995
5121,214,287.1338557500001,236.7629720999999
5122,214,411.9601933750006,379.05267534999984
5123,214,346.38286612500025,383.54733929999975
5124,214,357.80907994999984,330.87262052500006
5125,214,357.35012330000006,315.822656275
5126,214,408.4653742249998,356.1811049500001
5127,214,391.53447262500015,407.9590662999998
5128,214,404.91576777500006,437.2694607999998
5129,214,374.62507942499985,419.60515725
5130,214,395.18202757500023,317.9112759999998
5131,214,410.52130890000024,300.636750475
5132,214,339.2641065500002,297.33984005
5133,214,463.07365469999996,293.68891505
5134,214,319.34228770000016,277.2486036499999
5135,214,335.63451157500026,293.1530238749998
5136,214,354.0599143750002,310.56611312499996
5137,215,254.50316075000023,176.05703722499987
5138,215,229.22141870000019,178.14251694999993
5139,215,209.2940614500001,197.46066075000005
5140,215,219.92357900000042,200.71010392499994
5141,215,204.01160982499994,204.36126029999997
5142,215,204.22380112499994,264.5337227
5143,215,221.52395172499996,300.38484085000005
5144,215,272.51171702500017,251.15580354999997
5145,215,315.50565760000006,302.919605275
5146,215,320.8667423250002,309.91783969999994
5147,215,348.75000560000024,328.03167609999986
5148,215,290.9417636250002,419.0383707999997
5149,215,363.92757195000047,335.2744815749999
5150,215,294.97602415000006,352.99580042499974
5151,215,369.2326867000005,338.24098144999994
5152,215,381.73926992500003,389.50007779999976
5153,215,451.1633151250004,384.4558138
5154,215,433.0293719750001,363.388788225
5155,215,378.1151284500005,447.17695169999956
5156,215,432.1816161000002,440.0498867999996
5157,215,325.0924716000005,370.9450344749997
5158,215,303.3025811,413.38214392500004
5159,215,232.91264160000003,344.1701994999998
5160,215,275.7066636500001,306.24855404999994
5161,216,237.2763016000001,246.01297282500002
5162,216,256.8524878750003,264.35748054999993
5163,216,267.1926169750001,218.4568283
5164,216,188.7092878499999,292.388042425
5165,216,253.04554600000014,239.657714325
5166,216,235.35030429999995,283.8768903
5167,216,250.24209667500014,279.7192566750001
5168,216,243.93804930000005,233.02699809999996
5169,216,231.38622457499997,290.21841499999977
5170,216,336.8480840749999,317.1845812
5171,216,328.8826307250002,243.92375600000003
5172,216,318.58918410000024,269.292169075
5173,216,316.6690494500001,255.43867324999997
5174,216,220.33677527499992,315.73939895
5175,216,327.0634038000003,347.4954140499999
5176,216,258.7625028249999,316.733884225
5177,216,272.7267232500002,324.59972160000007
5178,216,244.37079400000022,317.79652687499953
5179,216,318.8921401250002,361.2572684249998
5180,216,236.53380725000014,358.90647092500006
5181,216,231.36087937500002,311.88039212499996
5182,216,205.31752074999986,308.9909647999999
5183,216,232.27465695000004,279.3505898999998
5184,216,210.4245415750001,222.6473633249999
5185,217,229.91667900000016,245.584752675
5186,217,212.96263134999987,228.00373952499996
5187,217,179.7094049250002,232.16879442500004
5188,217,193.24718850000033,192.00809372499992
5189,217,160.790687225,216.83086567499998
5190,217,208.01915580000014,239.8103110749999
5191,217,200.01659437500004,269.33704232499997
5192,217,205.5682531750002,243.27888237500008
5193,217,246.14232354999984,297.6556330499999
5194,217,315.8535463750003,260.77807822500006
5195,217,251.25396309999988,288.48555724999983
5196,217,268.6589418250002,363.0736021
5197,217,320.20916150000016,312.5807353749999
5198,217,347.6827196750001,341.44073664999996
5199,217,391.3379635500002,337.13170620000005
5200,217,325.06585370000016,325.41586982499996
5201,217,300.85995497500005,306.367606225
5202,217,309.2291453,320.7564723999999
5203,217,307.1828806000001,352.048110975
5204,217,331.7155742000002,338.7488589249999
5205,217,307.3722895000002,353.01929425000003
5206,217,373.7371232000006,331.6775605500001
5207,217,264.8155305500002,297.5358394750002
5208,217,309.46345280000054,260.37562765
5209,218,186.80541920000007,168.36799170000003
5210,218,183.21262700000005,192.53562362500003
5211,218,247.9729838250003,204.87831737499985
5212,218,200.95979687500005,185.7514704250001
5213,218,214.66248372500016,197.32050157500004
5214,218,254.77051320000032,207.7407262999998
5215,218,214.25694592500025,279.6588497749999
5216,218,218.47929592499997,251.2756415249998
5217,218,215.50488890000008,215.74273642500006
5218,218,366.4435785500003,223.7355262749998
5219,218,369.02458932500014,309.38640212499996
5220,218,322.7796002500002,407.13073412499983
5221,218,406.5257317750001,477.6761738499997
5222,218,323.4817828749999,383.81410552500006
5223,218,359.61971095000024,375.54346862500006
5224,218,339.28593167500026,367.84033149999993
5225,218,376.52425329999994,392.40006297499986
5226,218,416.1351595750001,476.2166294499998
5227,218,346.68779282499963,433.14224934999976
5228,218,311.91424882499985,315.0570514000001
5229,218,337.62125549999996,361.14972835
5230,218,355.13778555000033,378.1144475249999
5231,218,242.07483090000005,340.67494895000004
5232,218,220.84355739999995,313.20352522499996
5233,219,223.04578815000008,214.82662009999996
5234,219,195.9551653000001,192.29070604999998
5235,219,190.1518763750003,179.28885857499995
5236,219,176.32382692500005,178.29547432500004
5237,219,222.10228917500004,199.209166375
5238,219,223.20020345000017,223.50271087499993
5239,219,276.5809581,274.85590322499996
5240,219,331.25718485000004,301.2941461499998
5241,219,299.1319703,290.6004421
5242,219,277.3373302500004,262.4276202999998
5243,219,336.46193692500015,310.8350510250001
5244,219,396.2018501000001,347.120408075
5245,219,385.30318432500025,364.5281702999997
5246,219,407.1025428750001,442.32332244999986
5247,219,497.13125587499985,421.4357132249999
5248,219,469.2399503749999,407.0867127749998
5249,219,443.96681127500045,424.8153570500001
5250,219,466.2049558250002,427.73854882500007
5251,219,397.9820163250005,515.8434342500002
5252,219,422.81030552499965,467.20852142499996
5253,219,421.03953417499986,398.628246
5254,219,365.17641692500035,314.78097405000005
5255,219,381.8544169500005,347.1861438249999
5256,219,307.19402700000023,269.88328009999987
5257,220,214.38095280000016,233.74368869999995
5258,220,205.57374377500003,228.86991747500002
5259,220,215.95622742500015,203.7012387749999
5260,220,197.2975412,208.63889887499994
5261,220,198.41927849999996,208.3489244999999
5262,220,263.94512427500035,195.37758552499997
5263,220,254.15673807500033,245.24701505000002
5264,220,239.9526042000001,281.402852825
5265,220,273.41716342500007,349.673905675
5266,220,290.27917950000074,387.1129118000001
5267,220,344.50336355000013,369.68179684999984
5268,220,314.74447992499995,431.0341133999999
5269,220,476.6691998500005,384.68165775
5270,220,455.8599102000002,408.46766379999997
5271,220,421.3953046250002,429.7650782500001
5272,220,410.4742423750001,340.96342049999976
5273,220,433.51451047500007,470.0947866249997
5274,220,411.11771914999997,407.46710035
5275,220,396.73436630000026,401.4527948749999
5276,220,335.16942377500027,346.47500084999984
5277,220,315.3881948500002,312.949800775
5278,220,346.88244450000025,300.0047437249998
5279,220,314.23913667499994,303.91249104999986
5280,220,257.2511174750001,335.4943101
5281,221,289.11371820000016,272.11470905
5282,221,311.46536434999996,255.47361872499977
5283,221,245.45087237500005,206.1357770999998
5284,221,202.05229627500023,186.09853944999986
5285,221,215.67181907500012,166.5313836250001
5286,221,232.1696877,184.5894961249998
5287,221,268.1095280499999,210.5774102
5288,221,242.22643550000006,307.09887464999986
5289,221,336.0431791999999,330.6468872499999
5290,221,341.22667845000046,441.89883947500005
5291,221,384.0898414750003,498.84790850000013
5292,221,309.62962175000047,484.29062224999984
5293,221,395.2144285000004,461.32095294999976
5294,221,397.2348929000003,445.0894427499999
5295,221,369.999856525,395.04319517499994
5296,221,407.2676364500003,481.52637734999985
5297,221,395.2538805750003,404.4067287500002
5298,221,383.5813708500008,428.05564322499987
5299,221,386.7764491750001,472.1804697000001
5300,221,418.71124312500035,427.4879471999999
5301,221,327.5283406750004,433.700141325
5302,221,343.74978875000033,335.4970270749998
5303,221,294.63452502500024,315.20628857500014
5304,221,297.5358005499999,237.7973379000001
5305,222,195.26330159999995,246.62079577499998
5306,222,258.63679050000025,258.06323195000004
5307,222,248.46307817500002,235.74664867500002
5308,222,239.44232224999993,230.67828702499997
5309,222,250.24254625000017,248.7188957249999
5310,222,282.51056515000016,228.23868832500008
5311,222,263.3458516500002,209.7442205249999
5312,222,295.4491328000002,213.85497897499994
5313,222,337.8238780499999,309.8456442250001
5314,222,461.3664459500005,307.38399474999983
5315,222,429.21396835000024,369.8457406749998
5316,222,426.4463917500001,394.12903604999997
5317,222,422.74125637500015,360.97019579999994
5318,222,463.3135016250001,389.53487867500013
5319,222,439.9727244000003,453.43702237499986
5320,222,418.54606877500015,432.7441501999999
5321,222,491.4853025999998,429.36979669999994
5322,222,417.3439649999997,428.913083825
5323,222,516.9281169000003,393.6991836999999
5324,222,441.0785436250005,307.46129477499994
5325,222,398.5357073749999,286.05143877499984
5326,222,442.02920352499996,368.0074431500002
5327,222,339.437875675,315.38465740000004
5328,222,301.0248581750002,317.521898825
5329,223,225.313788075,237.20201572499985
5330,223,263.15226120000017,206.20302504999992
5331,223,224.2416321000001,225.2204809999999
5332,223,198.14770752500004,240.05338249999994
5333,223,198.86077140000015,262.8817106499999
5334,223,236.21002629999998,257.55244269999974
5335,223,220.34532504999993,274.8939851499999
5336,223,264.8978523750001,296.47699017499986
5337,223,298.99972242499996,301.870203425
5338,223,308.1787433000004,275.07817837499994
5339,223,364.0184243250006,271.77303854999974
5340,223,389.6253038250003,275.09902204999986
5341,223,365.1983059500003,342.1851716500001
5342,223,459.8277574000002,343.55680807500016
5343,223,403.36618792499996,341.36432352500003
5344,223,377.3668571499999,357.068896925
5345,223,376.90619047500036,417.87025687499994
5346,223,490.78291079999997,389.22678842499994
5347,223,382.1224767750002,351.5152816750001
5348,223,394.30231082500006,286.64657185
5349,223,418.6279841250001,320.54267819999995
5350,223,407.41542405000007,276.77560864999987
5351,223,386.2660714000003,230.72547232500014
5352,223,296.307930275,291.348187675
5353,224,236.9290066750002,215.91215952499994
5354,224,204.55738942500008,255.97389007499999
5355,224,216.90188569999998,219.3260109499999
5356,224,220.29399002500014,226.17362735
5357,224,228.15183637500002,253.19335115
5358,224,267.83859605000004,246.66107687499988
5359,224,203.72745777500006,224.36796167499975
5360,224,267.83159632500013,275.7976131749999
5361,224,267.54241030000014,204.5047822750001
5362,224,262.3482548000003,280.09898807499997
5363,224,322.5135856250004,304.1054543
5364,224,308.8192165250002,301.0916798249999
5365,224,373.4893208000003,383.2989134249999
5366,224,339.0304683500004,351.46477799999985
5367,224,419.3447024500002,383.27684274999996
5368,224,386.0609542749997,366.95252359999995
5369,224,398.31367282500037,351.0365540249999
5370,224,342.88028817500015,466.9933496749999
5371,224,300.2661443000005,493.940974525
5372,224,256.04953207500006,409.62163269999974
5373,224,278.765637975,423.92906549999987
5374,224,294.80963272500026,433.2379616999999
5375,224,289.55203777500026,409.75078287499997
5376,224,215.1615724000002,340.54213855
5377,225,214.72888187499996,182.38734719999985
5378,225,227.05344840000015,149.623393825
5379,225,161.12874859999997,206.49915242500003
5380,225,164.67919385,195.59856220000006
5381,225,165.57981507499994,210.59193832499986
5382,225,216.73952490000013,177.22729779999992
5383,225,266.07265175000015,226.32481977499984
5384,225,419.12673530000075,241.670479675
5385,225,406.0262687750002,345.13443900000004
5386,225,450.7527876250002,407.9053075749997
5387,225,443.1470287250004,302.642642625
5388,225,492.03575902500063,332.58048579999974
5389,225,448.71511617500073,276.352337725
5390,225,519.7306160750003,448.78387022499965
5391,225,474.1623339,401.86064989999954
5392,225,513.8591695250003,527.1248314249992
5393,225,500.1615117250001,392.9409348500002
5394,225,462.70002615000027,377.1948731249998
5395,225,441.3163441500002,409.702327575
5396,225,421.4784673500003,443.76941985
5397,225,296.85620137500007,418.4142403249997
5398,225,265.35282410000013,376.80567017499993
5399,225,327.1960768750001,413.1435409999999
5400,225,275.800069075,353.6038692999998
5401,226,243.83382362500015,299.588539475
5402,226,206.8716640250001,215.98903060000006
5403,226,212.86387034999998,203.504663825
5404,226,216.08672360000008,195.68331054999993
5405,226,214.40368970000037,185.09804342500013
5406,226,215.05484279999996,234.98493227499972
5407,226,190.87355109999996,232.78090602500015
5408,226,269.05405245000014,266.07123002499986
5409,226,333.517773775,301.5752423249999
5410,226,367.2667516750006,400.8915630750001
5411,226,378.5719517000001,344.61925589999987
5412,226,485.028545175,381.64574765000003
5413,226,421.24518855000036,422.84426045
5414,226,455.01430412500025,396.94821532500004
5415,226,463.3162929250003,460.42670084999975
5416,226,416.6658177749999,438.3918106250003
5417,226,420.7319484500001,517.1334833999999
5418,226,328.84931574999996,471.78981147499985
5419,226,408.3532590000001,452.56586625
5420,226,297.51596014999996,415.8537713499998
5421,226,296.3981528500001,365.5149067499999
5422,226,243.14341512500008,414.6006499499997
5423,226,248.3803814250001,400.60567364999986
5424,226,202.9747430249999,292.2119232749999
5425,227,239.34732055000012,278.2634607749999
5426,227,225.9620231750003,294.29921149999996
5427,227,227.0715347000001,229.87725469999998
5428,227,257.8866231249999,251.22436084999993
5429,227,221.00657042500006,250.86405007499988
5430,227,228.00926882500005,246.44887474999985
5431,227,282.79391132500007,295.29126462499994
5432,227,328.4517494500002,255.24144434999982
5433,227,325.0835144500005,276.95647235
5434,227,322.36919102499996,321.46261082500007
5435,227,337.3506798750001,338.94577482499994
5436,227,391.8043189000001,364.65721287500014
5437,227,377.3371048,359.3731891
5438,227,388.3898723750005,414.02730259999987
5439,227,446.2773084500006,390.88728567499993
5440,227,441.60515195000005,475.6450395749999
5441,227,366.95581964999997,444.00065692500004
5442,227,353.0268229500002,471.68843804999983
5443,227,369.69097747499995,403.30045839999997
5444,227,262.54069767500016,335.9868139
5445,227,295.4290067750004,386.06111725
5446,227,305.10344160000034,333.35496184999977
5447,227,261.3833579500003,297.6801443499999
5448,227,276.2395868750006,340.601136
5449,228,204.97701005,299.5224747999998
5450,228,273.9943203000001,301.16151104999994
5451,228,219.8711920750001,225.69465222499997
5452,228,238.51890405000006,190.48316824999998
5453,228,184.11789802500016,190.4351557249999
5454,228,180.9328113,214.89251327500006
5455,228,218.02540669999996,233.23759172499996
5456,228,223.80089222499993,351.08794502499995
5457,228,318.7715242500002,367.1626045249999
5458,228,396.2357434500002,356.288844625
5459,228,356.4506455000003,394.0672424249999
5460,228,461.4612226500002,420.20346764999994
5461,228,375.47138574999997,412.52466902499987
5462,228,404.9926291250004,380.55782799999986
5463,228,304.05335177500035,423.2228302249998
5464,228,428.11427247500023,424.19743225
5465,228,340.4228794000005,520.3059472499998
5466,228,396.73250912500015,446.688926025
5467,228,413.63147377500025,313.039835475
5468,228,399.9910600250005,325.4588660749999
5469,228,371.121306775,230.03431992499992
5470,228,335.0022846000003,295.7448003
5471,228,335.63689235000027,247.44957880000015
5472,228,221.90384547500014,272.8847864499999
5473,229,211.56178432500005,252.35168235000003
5474,229,238.63018269999998,273.1857193249999
5475,229,242.59925020000014,269.627991325
5476,229,235.47138415000018,205.58821537499986
5477,229,196.41410822500012,193.2622110749998
5478,229,241.31511112500039,199.29534297499998
5479,229,239.4413047,234.37023482499993
5480,229,281.3682072000003,275.807573475
5481,229,315.5870677250002,291.08168655
5482,229,327.8391465000001,265.9126956250001
5483,229,353.0357215750003,410.2129647249999
5484,229,430.61588325000025,408.91604057499984
5485,229,376.24534562500094,489.83009217499995
5486,229,401.59377772499965,430.8962226249997
5487,229,461.30757232499997,388.7221926499998
5488,229,423.79330547499984,340.84641360000006
5489,229,457.4940858500001,372.6567110249998
5490,229,376.61384137499965,357.526412575
5491,229,404.3333270750004,440.5584352249998
5492,229,406.5991818000007,359.3967790749998
5493,229,395.2733896000001,268.6963949499998
5494,229,347.7989990250004,327.3235669999998
5495,229,278.44696112500026,295.730008475
5496,229,266.7533127750003,295.95777284999997
5497,230,304.6658752500001,217.2752986499999
5498,230,247.3634322000001,168.56901482499995
5499,230,205.4336575750001,182.67886635
5500,230,204.84538887499988,189.38804697499995
5501,230,207.65574670000035,199.39281054999998
5502,230,254.08824787499998,229.63641634999996
5503,230,218.47465957499998,255.24886437499993
5504,230,245.89103835000003,284.9590201
5505,230,281.04383995000006,236.88586529999998
5506,230,331.0195233249999,295.25188412499983
5507,230,325.0004217750006,388.826639525
5508,230,334.13472982499997,400.2891866249998
5509,230,412.7553201499999,353.2540060249997
5510,230,334.8992055000008,309.993133625
5511,230,417.49268785000004,342.43293122499995
5512,230,416.19502965000004,380.8371315499998
5513,230,441.49869247499987,365.25627755000005
5514,230,478.63357202500015,303.5598878999998
5515,230,390.8783920249998,355.7029543
5516,230,409.03733095,287.72542334999974
5517,230,364.7210308250003,320.88676162500013
5518,230,285.05990370000006,333.0378624749998
5519,230,288.4054816999999,279.3778585749999
5520,230,243.8645165499999,280.85634244999994
5521,231,253.68537890000022,219.63312564999973
5522,231,196.84247105000003,215.50581184999993
5523,231,174.9457365250001,214.3543975999999
5524,231,193.192073375,193.825272525
5525,231,201.89179359999991,229.2026366250001
5526,231,192.71288519999996,192.8952340250001
5527,231,213.08946777500003,248.9694871750001
5528,231,268.9924935500002,245.51482742500005
5529,231,293.1831413500002,239.7281888
5530,231,295.198734975,279.4922723750001
5531,231,287.12054560000007,295.53978047500004
5532,231,378.30567675,388.32757405
5533,231,365.0778624500001,381.2189962749999
5534,231,453.08427892500015,313.7232313249999
5535,231,348.7719862500003,306.63804422499993
5536,231,347.76939134999986,351.18418112499967
5537,231,316.76060430000024,330.265091275
5538,231,342.71840587500026,237.99810634999997
5539,231,386.4667532750002,362.2008194499998
5540,231,463.2217549500007,424.57875042500007
5541,231,396.02204257500085,376.24766080000006
5542,231,398.1453877250004,359.3225884750001
5543,231,353.16189477500006,373.4370399249999
5544,231,332.83340232499984,272.40742087500007
5545,232,244.07984662500007,224.4441144999999
5546,232,216.2843259,206.06126362500004
5547,232,189.20590930000017,221.07484937499999
5548,232,209.05334397500005,224.768449875
5549,232,242.14669927500017,228.45227022500003
5550,232,265.779811525,235.13320162499997
5551,232,255.3775487750001,243.40359137499993
5552,232,242.84145805000026,257.5267755500001
5553,232,295.91412615000013,297.72617389999994
5554,232,338.38814585,330.407511125
5555,232,333.93854492500003,376.2123350999999
5556,232,336.7397701750001,394.16291464999995
5557,232,389.2934097000003,407.0780165499999
5558,232,340.3943771000003,412.50313339999997
5559,232,337.15384182500026,411.01370127499985
5560,232,342.12253425,406.81252367499985
5561,232,372.3838541750001,406.254660725
5562,232,443.1776331750001,378.6502254999999
5563,232,473.8202937750006,371.14461337500006
5564,232,443.95928420000007,392.09987337499985
5565,232,394.37961200000007,327.6315039499999
5566,232,381.87894295000007,340.21265597499996
5567,232,318.1726191500002,324.7353907
5568,232,307.02916285,238.084724525
5569,233,222.85535717500017,202.75346457500007
5570,233,257.9733654500001,221.01493647500007
5571,233,262.89965677500004,257.00777410000006
5572,233,224.5031021499999,239.8181007
5573,233,275.83787762500043,247.3450469999999
5574,233,267.60242897500024,267.78707944999985
5575,233,278.33662050000015,306.9673507499999
5576,233,292.9777829499999,271.55871412499977
5577,233,343.2379826250001,300.12207075000003
5578,233,335.91086530000007,342.725125475
5579,233,372.298492425,275.49792279999997
5580,233,369.4312662999997,357.25636395
5581,233,388.31595939999994,424.3407493500001
5582,233,390.2393107249999,534.7019753
5583,233,415.7643060750006,404.10024330000005
5584,233,407.062496225,430.85015339999995
5585,233,397.76181599999995,408.0195152
5586,233,356.87349852500006,303.25624667499983
5587,233,372.9021455999998,348.85363812499975
5588,233,350.15064240000027,356.72404884999986
5589,233,462.3944489000005,396.0904572249999
5590,233,322.63270930000033,348.09118617499996
5591,233,321.7491608000001,357.7696001999998
5592,233,295.22677505000013,350.1218850499998
5593,234,206.0743025749999,225.33240572499994
5594,234,236.50754392500005,226.6612132499999
5595,234,217.90283705000041,254.06461695000007
5596,234,212.61673672500027,246.199243175
5597,234,203.10733435000003,205.82945220000005
5598,234,176.89452610000006,222.370469475
5599,234,230.42221922500028,292.15525389999993
5600,234,217.1342711750001,247.82825559999986
5601,234,259.0448116250002,352.74134960000004
5602,234,417.3465895750006,359.57989210000005
5603,234,444.78333252500033,457.4668804
5604,234,348.5142570000004,396.65817837500003
5605,234,336.7753732500002,417.367116175
5606,234,396.1644812750005,419.611266
5607,234,372.1555083000001,373.4878466749998
5608,234,321.50711795000007,401.9456287499998
5609,234,300.8509205500001,325.9214973749999
5610,234,310.248659825,322.51833454999974
5611,234,363.0094278250001,356.78696157499985
5612,234,382.09344312500025,327.17338214999995
5613,234,412.2469567500002,319.39271117500004
5614,234,263.5430740750002,358.107359975
5615,234,242.03380940000014,348.84091417499997
5616,234,237.90091757500002,300.6477203500001
5617,235,220.05715500000002,189.2427401
5618,235,239.58159305000055,214.43545507499994
5619,235,198.52246745000005,199.45093182499988
5620,235,190.82715017500033,202.0756933
5621,235,225.89786664999997,240.887795125
5622,235,207.1728277250001,238.09324439999997
5623,235,229.3536668250003,291.513376025
5624,235,261.33450975,304.7861063499999
5625,235,253.43230862500008,303.7556047749999
5626,235,262.98223922500006,288.6241691749999
5627,235,384.317913825,384.75497079999997
5628,235,396.62766542500043,358.59475845
5629,235,391.2740804750006,368.44686717499985
5630,235,354.09015252500035,344.89319432499974
5631,235,382.3148467499998,387.7195604750001
5632,235,334.111850625,417.4006838749999
5633,235,407.8516583500002,404.23694362499987
5634,235,310.23433484999987,353.3045292999998
5635,235,346.88792162500033,315.0878710249999
5636,235,250.0675710000001,311.183209625
5637,235,396.008933125,264.1280414749998
5638,235,279.80055305000025,264.3799524749999
5639,235,260.4644242250002,279.08815465000004
5640,235,316.316160175,210.57918877499986
5641,236,215.9451990250002,200.368179725
5642,236,250.92006205000018,202.33316890000003
5643,236,207.5042183,230.72033225
5644,236,240.40971627500005,227.61553405
5645,236,237.38738225000006,224.13196114999994
5646,236,261.37703605,192.1272909500001
5647,236,232.83959224999995,239.92599914999994
5648,236,249.7775821000003,287.98190287499995
5649,236,283.14816192500035,305.4354256249999
5650,236,362.48842112499995,403.9044932999999
5651,236,403.5530376749998,340.1772878499998
5652,236,483.37158945000067,371.8739426249999
5653,236,438.90054827499984,462.96665582499963
5654,236,361.93097912500014,407.3210323999999
5655,236,331.6577186000003,384.3420898500001
5656,236,384.99977330000047,414.8912060250001
5657,236,445.223163075,370.7043307
5658,236,400.50938372500013,305.3088901499998
5659,236,331.58088435,330.6513293999998
5660,236,344.9627417,309.18228215
5661,236,230.11104600000016,323.3055795999999
5662,236,270.41634032500053,321.6927335750001
5663,236,315.7516235749999,255.0107934499998
5664,236,272.98080855000023,244.1276325749999
5665,237,161.91558090000004,246.9140772
5666,237,201.79767212500002,213.70753075000005
5667,237,186.76468609999995,193.56287492500007
5668,237,218.4473655500003,228.59187094999993
5669,237,246.04622682500022,179.26814325000004
5670,237,243.00695882500014,228.72468007499998
5671,237,198.70296695000036,218.69797250000002
5672,237,194.3387540500003,251.24983014999992
5673,237,242.99013730000016,311.56333125
5674,237,251.93369072500013,359.89246072499986
5675,237,331.13275882500034,388.44825715000013
5676,237,388.0460631250005,362.25976495
5677,237,372.4459005250002,293.9839374249999
5678,237,293.1656362000001,300.96663735
5679,237,266.5176731500002,315.05450514999984
5680,237,304.6314749250001,336.9479621249999
5681,237,349.1760478750002,330.04423517500015
5682,237,338.7130130750002,304.2014991999999
5683,237,375.48481259999994,285.0037848999999
5684,237,311.1809332500002,340.9682464499997
5685,237,259.4637010250002,355.41986015
5686,237,283.96157755000013,304.7469634999999
5687,237,328.1481498000001,246.26780555000005
5688,237,242.7252104000002,199.93182499999998
5689,238,236.99512955,149.96839502499995
5690,238,193.07330312500017,149.7094422
5691,238,141.60206460000003,164.65998080000003
5692,238,160.2759011250001,182.02335152499998
5693,238,160.29778372499996,173.509512625
5694,238,193.71962682499986,175.417164375
5695,238,161.8485979750001,171.51001617499992
5696,238,225.53771437500018,205.59469992500004
5697,238,263.47754292500025,224.7462473
5698,238,263.99922197499984,232.1391173749999
5699,238,295.18211014999997,279.072005525
5700,238,285.5695768999999,275.1983339999998
5701,238,305.2998168500002,296.0242646749999
5702,238,335.099507325,241.87435172499988
5703,238,245.4104328249999,305.2165431000001
5704,238,328.3764468750001,284.979980425
5705,238,298.08784217500045,330.97964599999995
5706,238,345.4836618500003,350.9630197749999
5707,238,243.28382175000004,320.63009854999984
5708,238,244.5817073250002,344.7666627250002
5709,238,237.16733250000027,314.9728171250002
5710,238,180.28965100000013,360.1624978499999
5711,238,194.7640886999999,282.2651331250001
5712,238,195.67905127500012,324.2711896999999
5713,239,146.3192471750002,185.62492735
5714,239,182.73796662500004,226.59690069999994
5715,239,171.5235531500002,199.60257712499993
5716,239,201.8063958000002,190.19418752500002
5717,239,194.26902242499997,214.912048025
5718,239,171.65341925,271.2173513249999
5719,239,174.7808961749999,293.2614859000002
5720,239,268.90394910000003,252.81070260000013
5721,239,314.47153837500036,346.5029968499998
5722,239,296.9035840000001,327.63348992500005
5723,239,307.2793083749999,299.67087772499997
5724,239,360.29466437500025,351.31439
5725,239,396.35734870000056,339.0150197750001
5726,239,450.40064037500076,282.885150425
5727,239,387.7868911250003,371.5536729999999
5728,239,410.92586742500066,383.5904954249999
5729,239,371.18560502500026,414.75336107499993
5730,239,380.0119976000002,412.3009657749999
5731,239,298.8491123500004,335.62284855000007
5732,239,328.6355706500001,331.67826720000016
5733,239,310.92033790000016,351.5133016499998
5734,239,369.48127402500074,358.292826
5735,239,300.2589849500001,304.21650989999995
5736,239,232.09959557500014,234.57407275000003
5737,240,169.68443552500008,182.27276769999995
5738,240,170.523904625,198.40180429999998
5739,240,169.5457027000001,230.26175249999994
5740,240,185.4773475000001,225.17736235
5741,240,222.64142437500016,196.20690555000004
5742,240,206.45353647500005,221.2664190750001
5743,240,278.50740787500007,279.883801375
5744,240,279.6135599250004,270.3373537499998
5745,240,239.28541645000013,303.229876675
5746,240,303.0988423000002,282.255902825
5747,240,311.81779872500005,276.667886375
5748,240,400.04136477500015,373.91860599999984
5749,240,417.9880611750003,460.4814714999999
5750,240,486.20432114999977,394.0076073999999
5751,240,381.7401270499999,405.54947624999994
5752,240,393.8756741750001,423.71814
5753,240,450.21300237500003,434.4375280249999
5754,240,378.0647003500002,430.8389482499998
5755,240,392.043122,397.2579467999998
5756,240,401.70610784999974,405.0833521500001
5757,240,332.7373302750001,384.7571950499999
5758,240,379.93764332500007,380.98106585000005
5759,240,357.8448688000001,275.2527093750001
5760,240,269.59712667500014,285.0442732749998
5761,241,236.4538128750001,204.82612732499996
5762,241,198.17773654999985,197.22420965000003
5763,241,231.5484357000002,200.15973022500003
5764,241,190.116865275,198.62632089999994
5765,241,222.17590070000008,251.63468012499993
5766,241,201.43771822500008,203.49725477499982
5767,241,263.34707085000014,243.31624117500007
5768,241,284.6524231250004,331.83915267499987
5769,241,294.2537357750001,289.46839465000005
5770,241,385.51077897500033,345.1110922249999
5771,241,309.0959890500003,398.039775725
5772,241,310.49249537499975,364.43967875
5773,241,367.7819099500002,436.2596031249999
5774,241,376.6645617500003,391.438434075
5775,241,422.62476152500045,379.7636687999998
5776,241,484.70355110000025,415.88598479999985
5777,241,387.9599872250004,405.82312572499995
5778,241,411.3349073500002,397.17374742499993
5779,241,385.00624957499986,471.0715406749998
5780,241,296.61863050000017,462.268374875
5781,241,343.74076274999993,356.625746325
5782,241,331.51917412500006,311.67170725000005
5783,241,377.48839970000006,285.6276268249998
5784,241,320.25045272500006,282.41627077500004
5785,242,219.14027137499988,239.81148355
5786,242,220.0030366750002,203.0394587999998
5787,242,211.75111985000018,253.89592074999996
5788,242,211.6900859750001,276.82504765
5789,242,224.70257855000017,269.8115567999997
5790,242,201.6753323249999,226.0537106499999
5791,242,215.6617351,250.1381140750001
5792,242,234.96882707500032,263.1592956250001
5793,242,272.2186957999999,293.377111075
5794,242,391.8588743250008,357.1382919
5795,242,374.59039357500023,398.755140925
5796,242,378.3719064750003,415.6166150499999
5797,242,367.51034000000004,433.6651556500001
5798,242,366.4292804499999,414.80945927500005
5799,242,333.4481459499999,399.56588427500014
5800,242,368.15709700000014,350.9984658000001
5801,242,361.43438405,317.2664712999999
5802,242,315.62967340000023,389.56547772499977
5803,242,362.49611285000003,324.68125585
5804,242,420.0588074000002,320.08856327499984
5805,242,345.39278929999995,345.77516330000003
5806,242,330.60877594999994,337.0128917999999
5807,242,282.3518558000005,339.26779245000006
5808,242,250.95763969999993,297.529476175
5809,243,185.06323945000005,270.71095799999995
5810,243,198.99411704999997,207.76789767499992
5811,243,189.84920005,214.965786375
5812,243,188.5933457499999,199.68687277499998
5813,243,231.38035562500002,180.94156539999994
5814,243,209.39620717500011,248.400304825
5815,243,212.5195654750001,249.25110312499996
5816,243,226.10974015000033,263.58743085
5817,243,208.8145831250003,296.97761834999994
5818,243,229.0837890500003,354.1945156499999
5819,243,288.3081855249999,381.03489694999996
5820,243,346.69484582499985,463.2879211249999
5821,243,351.04590430000025,421.8742901749999
5822,243,329.5900217250001,370.3293997000001
5823,243,333.50314960000037,316.46186287500007
5824,243,284.6561530750005,371.90847562499965
5825,243,376.165166625,338.70500297499996
5826,243,330.7056443000001,284.1114886500002
5827,243,370.61904860000016,316.37186907499984
5828,243,333.85223537499996,202.24738764999984
5829,243,354.67351535000006,346.00972457499995
5830,243,338.78017047499986,306.72067249999986
5831,243,343.4120381000001,248.4246970499998
5832,243,294.27542960000017,256.1505930999998
5833,244,267.20257727500024,229.4143948499999
5834,244,255.3571956,192.30598704999994
5835,244,208.9072624499999,232.36165524999998
5836,244,153.16213494999997,219.43173480000004
5837,244,193.5619172000002,216.78646550000002
5838,244,202.14561870000017,182.30928930000005
5839,244,243.2901049750002,183.05492262500007
5840,244,250.8284797250004,205.80816012499983
5841,244,282.33256212500004,258.8812974749999
5842,244,328.35381502500024,321.124301175
5843,244,352.9439401500003,332.6447701249998
5844,244,343.738099625,347.6721178499997
5845,244,346.44066047500024,373.51833257499965
5846,244,291.273788675,390.69152150000014
5847,244,342.14603157500017,324.0106566249999
5848,244,339.3935278750001,219.9055713749999
5849,244,331.5729546999999,284.107780125
5850,244,324.3757663000001,322.23814857499985
5851,244,259.36897200000016,365.59080119999965
5852,244,286.01532275000017,368.362953
5853,244,298.0296553000003,432.9473906
5854,244,341.4436568500002,316.72319137499994
5855,244,303.5553731750001,282.95383004999997
5856,244,229.150216275,214.62585579999995
5857,245,212.8303247749999,214.92361744999994
5858,245,218.94592310000024,166.70810319999998
5859,245,218.2116001749999,172.94939085
5860,245,232.56411665000047,194.9954120499999
5861,245,238.26613067499994,160.58433490000007
5862,245,188.041566025,203.53251724999996
5863,245,225.97802565000006,204.54908017500003
5864,245,210.98871275000016,217.6647597
5865,245,237.36256667500007,250.05866462499992
5866,245,229.82756180000007,253.3885678500001
5867,245,292.57017642499994,282.12872525000006
5868,245,314.68941645,262.96778
5869,245,274.6802184750002,282.8115113
5870,245,312.6098454500005,324.78418135000004
5871,245,309.4250811750002,329.0703767249998
5872,245,232.59709670000012,327.0241949
5873,245,293.16816635000015,287.82035432500015
5874,245,304.75294832500026,294.025169825
5875,245,364.4919075250005,314.61274915
5876,245,386.5307049249999,276.4489131749999
5877,245,306.0969594000002,349.09947402499995
5878,245,307.10847197500004,323.3006021750001
5879,245,258.7584149250001,315.79291502499984
5880,245,233.18231207500008,223.03209837499998
5881,246,224.620581325,227.08691332499995
5882,246,201.62764712500012,215.54561894999995
5883,246,180.89049325000025,179.88924045000005
5884,246,158.42300277500033,190.58263212499998
5885,246,146.22040440000023,165.7854664749999
5886,246,226.61465757500005,216.50653184999993
5887,246,169.94295197499997,214.06373012499998
5888,246,215.03936757500014,271.76353292499994
5889,246,223.99939650000005,232.3204469250001
5890,246,250.32664550000004,272.8392952500001
5891,246,284.05338894999994,236.265773175
5892,246,301.6194865750002,278.83696817500004
5893,246,322.1185850500002,329.76766825000016
5894,246,363.23591437499994,362.8820673749999
5895,246,381.58664582500006,275.4991307500002
5896,246,359.1189941750002,337.13214267499995
5897,246,317.0761747,356.4580155499998
5898,246,322.902373725,357.89339962500003
5899,246,408.5681062000006,298.5571077499999
5900,246,427.2326436000003,212.29614039999987
5901,246,344.1072400249999,331.46766319999995
5902,246,377.3220728250002,334.18897432500006
5903,246,344.55986867500053,292.06679947500004
5904,246,270.96211512500014,252.13837024999998
5905,247,194.59134349999994,187.376683275
5906,247,187.34253759999996,199.66184055000002
5907,247,216.195867875,162.53903512499994
5908,247,209.44199462499998,235.18406082500005
5909,247,242.17294520000002,178.50378397499995
5910,247,222.65589467499996,165.631511225
5911,247,234.96246175000022,202.41269342499987
5912,247,275.4501127000003,268.2319483249999
5913,247,288.92282742500015,262.9281352749998
5914,247,299.5249235750002,278.57953325
5915,247,293.5043878750004,322.0219804499999
5916,247,315.2478350249999,325.26741935000007
5917,247,299.9861547500002,402.9099180500001
5918,247,414.66740027500015,381.57735242499996
5919,247,336.77666140000014,428.3762658249999
5920,247,401.4519921750001,409.4089697749999
5921,247,374.44907680000006,356.3841376249999
5922,247,335.0525331000009,321.9029083250001
5923,247,299.9598536500001,427.1152001749998
5924,247,330.21189065,374.1745811999998
5925,247,316.0386004250001,388.0749020999998
5926,247,299.2955269250001,345.70604442499996
5927,247,280.7770618000001,332.29499259999983
5928,247,281.2971522250001,267.75651445
5929,248,188.3788773500002,182.27869192499995
5930,248,178.708608875,201.46278645
5931,248,176.23249597500018,172.36628177500003
5932,248,201.035342125,172.76260274999993
5933,248,201.83093050000008,235.5172021749999
5934,248,199.2839064249999,177.959827175
5935,248,265.1504196,219.7469212999999
5936,248,315.7406655750004,244.88248514999984
5937,248,354.1284504000001,274.48678500000005
5938,248,376.503434225,326.3564240750002
5939,248,359.5895509999999,295.5460459000001
5940,248,345.8415767500003,347.675369625
5941,248,319.1967013250002,311.402809425
5942,248,361.96391417500047,241.06438865000007
5943,248,393.86404207499993,288.4755429749998
5944,248,417.2804448500001,337.5768326750001
5945,248,426.5428273499999,338.4360421499998
5946,248,363.469919675,260.6299091749999
5947,248,430.26747955000013,318.28199660000007
5948,248,321.7455347000001,269.9245540499999
5949,248,377.6383931500003,220.89490027500005
5950,248,336.4951502250005,289.30840694999983
5951,248,325.19063315,198.89892477499995
5952,248,391.79547105000046,190.75699605
5953,249,248.66575945000005,228.82683682499987
5954,249,179.22397442500002,219.197262175
5955,249,200.6450157750001,190.438265925
5956,249,187.21818347500005,190.72559932499996
5957,249,177.9019438499999,261.6146162499999
5958,249,222.1819228750001,258.3709023999999
5959,249,255.26782050000014,233.68468762499992
5960,249,239.53272720000007,263.8979035749999
5961,249,336.9868861000001,242.6442005999999
5962,249,344.2020117000003,282.864598475
5963,249,379.1985624500004,333.22895475
5964,249,352.3453224499998,364.03149225000004
5965,249,360.90400015000046,393.56185295
5966,249,350.8404093999999,371.1307555250001
5967,249,300.12257262500003,361.95867165
5968,249,424.62791827500007,399.24264785
5969,249,376.1661175250001,346.75495119999994
5970,249,296.8304933750003,356.85982617499985
5971,249,359.40735092499983,303.23368347500013
5972,249,279.8442430750003,250.27727674999994
5973,249,299.90632817500034,271.7139555
5974,249,288.84009837500025,276.38698295000006
5975,249,310.2663913500006,281.1614239749997
5976,249,281.5603845500003,235.17118882500006
5977,250,193.5456665500002,164.63197167500016
5978,250,208.90673165000004,162.58888687499996
5979,250,183.13472094999986,174.54052869999998
5980,250,165.92930654999992,181.58812274999997
5981,250,238.7170481000001,210.39492195000003
5982,250,297.24557210000046,187.9712012000001
5983,250,212.1158879750001,238.597302275
5984,250,251.023633275,206.57390132499984
5985,250,231.803471375,241.06431824999981
5986,250,380.9594549000002,368.281218675
5987,250,388.9320726750002,347.4142365249999
5988,250,327.0918186250005,330.77952070000015
5989,250,329.43810122499997,346.52386312499993
5990,250,333.24779995000006,383.4676911
5991,250,418.32843145000027,341.99817744999996
5992,250,350.8766587000003,370.7854676500001
5993,250,434.76529255,397.40868112499993
5994,250,506.11002010000004,400.1952041999999
5995,250,423.20434152500013,312.0084873249999
5996,250,416.90500750000035,300.3744833499999
5997,250,400.042004875,334.7402137249999
5998,250,311.1741027249999,360.1816821499998
5999,250,281.82173002499997,331.42173184999996
6000,250,240.92805855000006,283.1135040249999
6001,251,226.17056882499998,199.46695130000006
6002,251,203.5550056250002,183.66807000000006
6003,251,179.89485167499996,189.10875614999992
6004,251,190.4959185250003,215.50811514999987
6005,251,178.02919607500002,201.30188972500005
6006,251,179.37573640000005,221.005532025
6007,251,231.9512229750001,262.90803222500006
6008,251,230.306533075,274.3271276249999
6009,251,286.77437412500035,333.9051902
6010,251,322.1723586000002,296.27037175
6011,251,375.92494287500017,330.8380638
6012,251,313.45404947500015,335.8517765999999
6013,251,287.8352964500001,305.72584005000004
6014,251,294.1606888749999,299.22360404999984
6015,251,349.53590480000014,317.39767122499995
6016,251,335.1428713500002,315.958150425
6017,251,334.7747714750002,335.5621399749999
6018,251,275.2305955500001,386.6702161
6019,251,356.88810672500017,398.4273041
6020,251,358.8134893750001,361.54044652500005
6021,251,303.12705857500004,363.9154687499996
6022,251,302.1301963250002,275.08141279999984
6023,251,246.5254240250002,280.553515825
6024,251,259.18527715000016,267.59326895000004
6025,252,157.18128485000017,280.32595017499995
6026,252,215.36314280000033,294.62786354999974
6027,252,206.47697035000027,222.40220747499995
6028,252,229.98287977500016,215.329605175
6029,252,283.13549349999994,186.67502897499992
6030,252,258.02150867500006,191.66983679999993
6031,252,278.96242047500016,203.42511804999998
6032,252,224.5078319,239.02348215000006
6033,252,274.7012749249999,253.2631371999998
6034,252,362.429327875,240.78886447499988
6035,252,277.7828352250001,249.1312676249999
6036,252,259.51265625000025,360.15654319999993
6037,252,265.5448222,348.227338725
6038,252,237.80699707499997,324.0349169499998
6039,252,302.1828750750002,422.51485057499985
6040,252,287.700993525,357.0021070499999
6041,252,290.31950505000026,367.37209369999994
6042,252,247.41917572500017,378.923151525
6043,252,290.9552077000002,375.5915053250001
6044,252,371.5778861750001,337.25079144999984
6045,252,416.42527005,393.89542099999994
6046,252,309.77051047500026,259.06840239999985
6047,252,299.0451770000003,246.00852525
6048,252,268.8962191000001,251.9114798249999
6049,253,143.18141467499993,211.81040702499996
6050,253,201.241327125,188.64646972499992
6051,253,204.853139975,186.3319293749999
6052,253,190.11092447499988,232.8832675999999
6053,253,216.0459874500001,219.31569682499983
6054,253,197.12789590000003,183.48405439999993
6055,253,218.1404030999999,248.27918677500003
6056,253,295.92626027500035,216.77164837499987
6057,253,334.79017705,306.39279949999985
6058,253,335.8740796250004,311.6798534249999
6059,253,350.68994547500006,361.08596569999986
6060,253,319.20170197500033,371.6069077249998
6061,253,285.6074887749999,405.56554415000005
6062,253,344.66521697500025,406.8416704999998
6063,253,331.33003547500005,415.97998985
6064,253,385.9014404249998,344.8847824249998
6065,253,356.0111097000005,328.04600730000004
6066,253,335.2963712500003,349.97467367499996
6067,253,375.87639105000034,304.1869014999998
6068,253,342.88764320000007,300.826721775
6069,253,307.4320304000001,368.36850649999997
6070,253,392.5023364750006,313.9483520500001
6071,253,285.43640535,234.47502812499997
6072,253,243.54542802500026,239.02976549999988
6073,254,249.5369358249999,203.95915389999996
6074,254,294.1345236000004,207.34866112499992
6075,254,249.33412419999996,179.33819750000004
6076,254,260.96994920000003,220.3511681500001
6077,254,185.79920367500006,236.33857502499976
6078,254,228.50691737500006,208.0355832250001
6079,254,225.2602157500002,233.76788732499983
6080,254,278.42434652500015,312.5250617999999
6081,254,351.9036848750004,281.67728352499995
6082,254,347.73156127500033,320.29503520000003
6083,254,359.19305165000014,280.4892219999999
6084,254,361.4255854500003,340.05009135
6085,254,284.92307917500005,378.363962175
6086,254,350.7740545750003,439.2670322499997
6087,254,329.77367732499994,411.32661252499986
6088,254,328.5577629000001,365.9414911000001
6089,254,283.885535625,373.5376140000001
6090,254,305.11838805000014,445.74132384999984
6091,254,240.3469125750001,313.69158074999984
6092,254,292.4042830000002,372.48407804999994
6093,254,294.58656384999983,332.12879984999995
6094,254,284.09830927500013,395.213482
6095,254,270.2670161000001,336.1755023249998
6096,254,260.0025631500001,379.0196480249999
6097,255,213.43686702500003,232.98089725000008
6098,255,184.18812820000016,263.25785089999994
6099,255,185.97248022500025,177.62176584999992
6100,255,158.020213625,151.28501594999997
6101,255,172.01407710000018,164.17542875
6102,255,160.11192947500007,161.92211190000006
6103,255,204.436461525,234.36318467499993
6104,255,251.46077887500041,267.71167382500005
6105,255,253.53352155000005,248.48833252499986
6106,255,243.4710505000002,271.73549945
6107,255,284.79237265000035,310.5397222749999
6108,255,308.05365195000024,362.19886437499997
6109,255,291.7240557750001,350.42659649999996
6110,255,317.37883379999994,368.75980329999976
6111,255,289.58502995000003,442.95913007499973
6112,255,283.2697271000002,354.72988792499984
6113,255,331.28220952499987,354.33446109999994
6114,255,308.432296875,315.4356873999999
6115,255,290.9187874000001,252.810062175
6116,255,258.21939420000035,341.33488992499997
6117,255,304.64250970000035,372.1990107749999
6118,255,290.817913525,311.7907837999999
6119,255,275.83876010000006,282.87653622499994
6120,255,266.52197175000003,258.5705985249998
6121,256,201.939784075,202.73746852500005
6122,256,169.74871417500003,221.41875725000003
6123,256,208.294054475,236.0397544
6124,256,181.7612490749999,217.76955819999998
6125,256,216.78684992499996,193.48525527499993
6126,256,263.3581641250001,233.09500637499977
6127,256,252.52379100000024,262.10589325
6128,256,251.46965957500018,305.0343898749999
6129,256,307.99259547500014,265.7124220499999
6130,256,379.09052755000084,280.13258199999996
6131,256,346.2998364250001,352.84886482499985
6132,256,389.30376622500046,315.38509815
6133,256,293.684056775,353.92099582499986
6134,256,377.526759425,397.0389008249999
6135,256,410.128968875,453.8987203249998
6136,256,503.0531742250006,409.11123762500006
6137,256,401.9570406750004,375.33241002499994
6138,256,411.7198334500004,372.5628826499999
6139,256,409.88107930000075,303.5822972499999
6140,256,321.6602192250001,324.92554477499993
6141,256,391.7304765750001,324.54834092499993
6142,256,348.18711945000007,396.3558251249999
6143,256,348.4747801000002,364.82649282499983
6144,256,313.52169904999994,283.15690319999993
6145,257,228.7890534,202.19241632500004
6146,257,194.93456112500022,187.09555147499987
6147,257,175.9664919500001,166.4222082249999
6148,257,154.1214879750001,195.57275092500007
6149,257,168.342661675,206.84685912500004
6150,257,171.58123595000006,232.96369864999997
6151,257,250.7487503500003,275.4969348000001
6152,257,304.49349162500005,247.10997714999996
6153,257,302.3325908500001,271.63839674999974
6154,257,318.4739198000002,262.2709463000001
6155,257,332.13857067499987,295.8647216250001
6156,257,351.48077297500026,335.68132325
6157,257,419.4124148249997,301.30044380000004
6158,257,361.2972390000001,324.85609377499986
6159,257,356.7759792500002,262.25440757499996
6160,257,410.5948254249997,370.2904038749999
6161,257,422.9146738500001,305.1543515999999
6162,257,452.05520500000034,367.844646775
6163,257,447.94973865000014,411.19722120000006
6164,257,356.9474731500003,347.22784279999996
6165,257,332.8623033250001,361.60351134999996
6166,257,376.840951,332.04879709999983
6167,257,286.9149345750001,347.1424571749999
6168,257,304.61999930000025,277.323586875
6169,258,175.3397564500001,255.0621031999999
6170,258,185.91358625000015,212.899270875
6171,258,179.47672867500015,205.43913287499993
6172,258,143.63893815000003,200.03089027499993
6173,258,171.01739897499988,194.01963864999993
6174,258,190.38972437500013,237.19313167499996
6175,258,204.58020120000015,232.1669859499998
6176,258,228.68918340000002,244.92950305000014
6177,258,192.7780027249999,252.4049227749998
6178,258,249.44753537500026,261.60972074999995
6179,258,275.38569562500004,286.86989607499993
6180,258,273.3180390250001,346.5478390249999
6181,258,301.2882017250002,321.52215032499964
6182,258,349.180039425,384.65425469999997
6183,258,338.9048108250003,395.9603132249998
6184,258,325.7524635250001,327.4978687749999
6185,258,394.2117962750001,324.6613252500001
6186,258,354.7605322500003,393.50420814999984
6187,258,349.72792322500027,392.2134647999996
6188,258,279.7719402250006,362.89444640000005
6189,258,250.06157154999997,325.03153144999993
6190,258,261.79607430000004,358.01233542499983
6191,258,275.3023723000001,305.99974737499986
6192,258,226.6725897999999,238.7477778249998
6193,259,213.6466806749999,190.34934622499995
6194,259,251.454801525,214.46603202499995
6195,259,225.54152802499996,209.18574612499992
6196,259,205.69304312500014,218.2125834
6197,259,183.52510952500006,229.16788119999995
6198,259,156.62613332499984,184.49338190000003
6199,259,211.23082852500016,212.48368544999988
6200,259,260.6827372750003,179.22574909999986
6201,259,307.97447157500056,245.5229619999999
6202,259,288.2470722000004,193.22478462499996
6203,259,363.9678074750002,266.160807325
6204,259,359.3294898250002,232.98727357500002
6205,259,344.29916407500053,307.07156222499964
6206,259,279.48700475000004,277.2014500250001
6207,259,369.00936740000003,272.00693739999997
6208,259,375.5635346250003,280.661028975
6209,259,344.7518621250003,326.13734454999985
6210,259,344.95929627500016,246.1200332499998
6211,259,347.76867760000016,291.19266895000004
6212,259,307.7642495750001,278.9842880249999
6213,259,265.5812983249999,354.02147295000003
6214,259,238.05841387500016,350.225294825
6215,259,265.67964835000015,330.6787677999999
6216,259,250.08913752500007,278.6373448249997
6217,260,201.08297490000012,214.7306225249999
6218,260,216.03326312500025,169.10040697499988
6219,260,206.5957160000001,147.7033862
6220,260,173.27767327500004,164.45610407499993
6221,260,141.8366713500002,140.05676807499992
6222,260,232.752471875,223.90884799999992
6223,260,249.80818752500005,202.72110725
6224,260,291.94137780000005,230.94535722500012
6225,260,304.1741377250001,280.4563377249999
6226,260,242.95977685,301.9142607999998
6227,260,255.10415670000015,305.3046675249999
6228,260,256.5382911500002,305.2316969250001
6229,260,299.21463215000017,376.00477225
6230,260,321.2422676500004,358.06945814999995
6231,260,292.3653591000001,345.09386244999985
6232,260,339.8639879,350.473750775
6233,260,373.4674716500003,372.44339532499987
6234,260,277.025730975,337.64668892500003
6235,260,313.4466380500004,310.2114798750001
6236,260,345.12040755000055,291.6652015249998
6237,260,304.9102288250001,313.4810921999998
6238,260,316.5755729000002,338.23635755000004
6239,260,289.6558196749998,306.3599624
6240,260,222.31420670000028,245.49936729999985
6241,261,171.98682130000014,223.80599955
6242,261,194.5359219749999,187.87693917499996
6243,261,175.82210252500005,183.77143822499994
6244,261,169.5531693500001,196.38157485000005
6245,261,206.10244037500007,181.82058349999988
6246,261,219.15618955000014,219.16126015
6247,261,219.32938700000022,222.339718775
6248,261,243.34735485,218.82502417499995
6249,261,215.62719777500013,259.27167132499983
6250,261,260.02012185000035,322.5483459249999
6251,261,294.3045740500001,273.23511239999993
6252,261,382.70543907499996,278.14655289999996
6253,261,389.4948325500002,288.27703015
6254,261,398.5689882750004,323.89556647500007
6255,261,362.9013537750002,331.9361351499999
6256,261,337.5573374750002,333.00443049999996
6257,261,387.5569033000001,398.92799844999985
6258,261,374.5354439749998,396.6770349499999
6259,261,348.05319755000005,316.9889991249999
6260,261,308.9095251250002,310.7018940999998
6261,261,272.3845927250003,309.70272157500006
6262,261,238.99067000000002,324.38822730000004
6263,261,179.15533255000003,316.97198812500005
6264,261,184.68782647500043,296.13423077499993
6265,262,221.51052935000013,226.3486537
6266,262,230.97673047500007,185.91623482499998
6267,262,208.09890922500023,183.2424658
6268,262,195.71543902500017,225.02878627499996
6269,262,152.6833316500001,164.333344475
6270,262,161.18588647500013,217.18555042499992
6271,262,194.98688797500046,253.06005372500005
6272,262,260.90673695,223.5720831749999
6273,262,371.99488662499994,237.9989837000001
6274,262,271.5322255250001,215.2951099
6275,262,316.7682789750001,291.98919057499995
6276,262,290.7501996500002,282.23593789999984
6277,262,323.38860372500045,320.34026497499985
6278,262,331.76511617500034,321.3837747
6279,262,388.7566510500001,302.9128449499998
6280,262,398.59447790000024,293.22310525
6281,262,391.9781896750003,343.5645967749999
6282,262,371.75945972500017,272.3292685000002
6283,262,353.44730115000016,274.4840430749999
6284,262,313.7910480500001,258.76361155000006
6285,262,283.3672397000001,312.148635925
6286,262,293.68275432500013,260.3772989000001
6287,262,221.28464590000013,228.29430637500002
6288,262,210.7113043500002,238.33180177499997
6289,263,205.62400455000005,191.71571149999994
6290,263,174.90227007500005,206.73530872500004
6291,263,184.40655125,194.13816850000003
6292,263,178.64799287500006,183.45485774999992
6293,263,221.95553349999997,161.518299475
6294,263,212.79047767500023,225.27499909999995
6295,263,239.01500552500022,247.5446886499999
6296,263,278.56540592500016,245.26107182499982
6297,263,281.816274025,192.89508482499997
6298,263,245.3493665500003,311.45685315000003
6299,263,320.9533653250002,393.88726849999983
6300,263,288.5219297,291.91450310000005
6301,263,315.11753510000005,291.5650577749998
6302,263,307.30761737499995,360.9430672000001
6303,263,336.2013841500003,344.32565962499996
6304,263,371.73190914999986,343.36915402499983
6305,263,354.7091444250003,378.83171742499985
6306,263,453.9828437249998,346.185822275
6307,263,403.5998918999999,312.7354594750001
6308,263,313.21557530000007,293.45240225
6309,263,296.5027855250002,265.03587337500005
6310,263,222.72702595000004,299.64297434999986
6311,263,255.68445745,268.40771737499983
6312,263,204.67295657500011,212.474193075
6313,264,190.91326440000017,203.21888710000002
6314,264,218.34792932499985,169.43090179999996
6315,264,205.54389722500025,174.94554379999988
6316,264,151.1855685500001,159.5483871999999
6317,264,196.26794360000014,180.01244607499996
6318,264,172.82687535000002,238.1974917749999
6319,264,196.42298485000006,265.05239714999993
6320,264,181.81897352500002,257.68274699999984
6321,264,285.5109901500002,300.55581982500007
6322,264,318.07271427500007,284.8114281999999
6323,264,317.1490053750001,350.5537136999998
6324,264,328.0014428500001,451.4155299499999
6325,264,344.90773647500043,455.084425675
6326,264,362.7417652500003,379.25736827499986
6327,264,285.2718059,314.29411469999985
6328,264,290.1844065499997,368.9536662249999
6329,264,367.718792475,371.0457516749999
6330,264,348.96181080000014,371.310427875
6331,264,346.26035362500016,351.93842607499994
6332,264,414.0594085500002,324.8794264999999
6333,264,401.93513202500014,328.6014062749998
6334,264,300.3294860250001,361.6340242
6335,264,241.79285440000032,263.8646690249999
6336,264,212.77854560000023,270.00707034999994
6337,265,191.8471909,179.23958912499995
6338,265,201.20419319999985,176.72820875000002
6339,265,220.9914400499999,168.95050212499993
6340,265,177.54314442500004,154.3366633999999
6341,265,180.22966949999994,179.43924217500003
6342,265,224.02373685000015,225.21722494999995
6343,265,257.1048330249999,205.84313267499977
6344,265,280.68873157500013,206.2912710999999
6345,265,239.80390359999998,224.59673569999984
6346,265,248.96852792499985,258.0817608
6347,265,317.89479700000015,279.94314642499984
6348,265,341.375844925,357.1313563249998
6349,265,330.44296900000006,249.98787382499984
6350,265,322.2794181750003,331.84077867500014
6351,265,340.53467165000006,315.1290504749999
6352,265,350.94831105000026,368.06966122499983
6353,265,334.29481787500015,371.363619925
6354,265,292.42122845000006,402.26807789999987
6355,265,284.46490300000045,356.0913747999999
6356,265,342.4017245000001,326.75068077499986
6357,265,308.05202870000016,369.77783487499954
6358,265,271.6828686500001,309.81376520000003
6359,265,255.81439250000005,304.46277974999975
6360,265,224.16457952500008,254.3998903999999
6361,266,203.37592907500016,200.4250126999999
6362,266,156.16315774999993,171.70368577499997
6363,266,191.28554037500024,235.551823975
6364,266,165.01269765000006,171.85048577499987
6365,266,168.79689450000018,153.725420725
6366,266,189.63219032500024,143.49901217500002
6367,266,207.2295464500002,194.44800372499992
6368,266,184.67753940000003,198.00400642499983
6369,266,204.03337002500015,232.88217812500005
6370,266,280.6185539000003,272.1624349249998
6371,266,297.2936793,259.4396617499999
6372,266,293.56981200000007,382.48017182500007
6373,266,293.0870766250001,319.6147795500001
6374,266,336.85207645,391.92032967499983
6375,266,343.5948348500003,351.9054682499998
6376,266,392.10084600000016,310.16440317499996
6377,266,290.45949757500017,313.65801020000004
6378,266,377.9582528250002,451.742828925
6379,266,249.12283037499992,405.85565717500015
6380,266,303.0715678249999,342.8805804750001
6381,266,334.88855167500014,356.5742220999998
6382,266,315.568122025,311.0749060999998
6383,266,339.1069114750004,225.94337915000003
6384,266,287.77981397500025,183.59632380000005
6385,267,160.10495892499992,222.7328778999999
6386,267,196.76601887500004,198.96201304999994
6387,267,208.74004747500015,174.4506763749999
6388,267,164.65059522500007,205.92044725000005
6389,267,178.90100890000016,215.3926508999999
6390,267,205.0052484250002,198.5682704999999
6391,267,267.8608558500002,208.68758950000006
6392,267,205.69515577500016,213.47798364999989
6393,267,278.6137126500002,297.0109365249999
6394,267,264.07230975000016,281.0037203250001
6395,267,254.500701675,356.7964425499998
6396,267,318.98798732500006,324.4882903
6397,267,329.2518964500003,293.69371157499984
6398,267,354.89356720000046,342.52047419999997
6399,267,244.28592175,386.40873079999983
6400,267,367.9497481000002,413.18236099999996
6401,267,357.6184246250001,390.4614704249999
6402,267,331.64684472500005,320.3051621249999
6403,267,360.5173418999999,305.9563810499999
6404,267,331.10943572500025,331.67381752499995
6405,267,243.29599749999994,359.4421765999999
6406,267,259.0278528250002,343.44656329999975
6407,267,219.99065437500016,280.02524825
6408,267,207.27494075000004,260.5632256749998
6409,268,235.57815072500034,204.07434282499995
6410,268,178.76106730000004,181.87071479999992
6411,268,185.36435225000008,179.37241584999998
6412,268,156.08893862500008,128.41116157500005
6413,268,216.18011434999994,159.83593782499997
6414,268,216.03126042500014,194.59482164999991
6415,268,246.7362903749999,191.8948087749999
6416,268,277.98014557500017,210.1004729999999
6417,268,267.5712614500005,311.78128237499993
6418,268,279.2003917750003,281.53588397500005
6419,268,362.0884274500005,307.14961914999975
6420,268,331.9300084,307.45290314999977
6421,268,326.6115616500001,385.2003708999998
6422,268,352.91899667500036,375.90237722499995
6423,268,346.343129075,359.06274460000014
6424,268,342.29335037500044,400.44429230000003
6425,268,303.313637675,391.99066477499986
6426,268,358.46317312500014,402.28527812499993
6427,268,309.08247760000006,321.9951755
6428,268,305.25882870000015,286.7755058750001
6429,268,274.5077093000001,287.0965536499998
6430,268,279.9765455250002,281.13758592499994
6431,268,193.28054155000007,236.67914627499982
6432,268,242.70978262500017,228.79988447500008
6433,269,153.14337222500006,207.22403149999997
6434,269,208.20961462500009,194.65720617500006
6435,269,203.03238697500012,168.22347055000003
6436,269,193.6596189750002,171.62438722499996
6437,269,154.01956489999998,188.4437003
6438,269,148.87718067500012,219.48618887499995
6439,269,210.39365675000016,242.53895757499996
6440,269,193.22866827500008,332.6723925
6441,269,247.45157955000008,350.00272522499995
6442,269,231.1526459250001,278.470023325
6443,269,241.54651430000024,273.85848899999985
6444,269,303.677543125,269.78068774999986
6445,269,370.63807040000046,318.67640975000006
6446,269,250.46189215000027,336.058468125
6447,269,278.14904194999997,320.84114055
6448,269,262.93429347500006,364.16132050000004
6449,269,244.52492235000005,354.15332697499997
6450,269,231.4418820250001,273.295810675
6451,269,188.8129800999999,274.64926537500014
6452,269,273.2830352750002,253.89364300000005
6453,269,299.3851771500001,223.3015855250001
6454,269,282.5867033750002,264.6519120999999
6455,269,287.79293062500034,200.07435822500003
6456,269,216.4752288750002,231.00746584999996
6457,270,193.81152132500003,147.41970249999991
6458,270,189.7819719250001,148.998965575
6459,270,181.6989435500003,154.41456787500005
6460,270,201.69819525000008,174.19448667500006
6461,270,172.705124975,205.55184447499988
6462,270,171.75738015000005,174.18905307499995
6463,270,204.17209637500008,278.6969293749998
6464,270,252.239958075,323.1436888
6465,270,269.095710125,270.6764012
6466,270,274.31189455,379.180916875
6467,270,275.7392547,308.260752775
6468,270,273.68914909999995,281.46657305
6469,270,287.23506677500023,308.9687503499998
6470,270,252.48997495000015,338.3242809999999
6471,270,354.1977608750001,309.59725149999986
6472,270,258.4503416250001,304.03760865000004
6473,270,335.5177396000002,264.0856484000001
6474,270,351.3248899250001,301.4888472
6475,270,303.68684507500006,313.0138160250001
6476,270,302.5631303250005,316.7099632749997
6477,270,298.52441812500024,315.19257955
6478,270,231.9857272250001,280.7488929499999
6479,270,238.51326202500013,250.77983005000016
6480,270,213.68683712500012,292.391917725
6481,271,211.72976032499992,141.92660627500004
6482,271,166.677212875,155.26402565000006
6483,271,162.35990410000014,185.48696444999996
6484,271,181.34549447500012,170.00822432499996
6485,271,198.2593173000003,176.94796002499993
6486,271,207.31416782500008,173.92042679999992
6487,271,205.23882855,196.56697450000001
6488,271,253.09067810000033,216.17402797499986
6489,271,208.06294809999997,286.342061125
6490,271,239.24299927500022,252.49487497500002
6491,271,319.3836365750003,285.64716567499994
6492,271,268.67733487500004,297.7791024500001
6493,271,308.037392375,378.8223907499997
6494,271,321.73548440000025,395.7674232000001
6495,271,309.580329225,389.8914273250001
6496,271,252.19194087500017,362.3550686
6497,271,260.43110565000006,353.967983
6498,271,271.4497698250001,340.08770780000003
6499,271,337.9204375500002,358.2258839250002
6500,271,314.4396951750002,345.63810632500014
6501,271,307.63501862500027,336.55029427500017
6502,271,284.7308984749999,265.0160457249999
6503,271,202.06481677500003,280.1795367999999
6504,271,221.55853020000018,202.48467207499996
6505,272,169.595321275,240.91679647499996
6506,272,162.83965037500008,202.24362062500003
6507,272,165.96921115000004,169.33220802500006
6508,272,155.59345902500002,178.92413522500004
6509,272,142.98953320000018,217.17180799999994
6510,272,152.1850347749999,212.08874382499994
6511,272,214.67737044999996,228.60475780000004
6512,272,167.62184447500005,290.6503669250002
6513,272,211.40302797500001,280.252923675
6514,272,258.2986278,328.109182875
6515,272,222.83541352500004,316.26031267499997
6516,272,285.087783425,389.5498427
6517,272,350.1242929250003,348.78164025000007
6518,272,273.0583871500001,309.27602465000007
6519,272,364.5690492750001,315.012237625
6520,272,375.52410832500016,294.8072526999998
6521,272,366.6291168000006,315.91127505
6522,272,381.6362392250003,322.3819050999999
6523,272,354.75454557499995,387.4589543999998
6524,272,399.4066766750001,305.7054897999999
6525,272,347.0883316500001,323.4235448499999
6526,272,314.82674935,302.13476967500014
6527,272,267.1768478250001,270.9355596999999
6528,272,212.78731390000016,186.6726888749999
6529,273,158.11917767500023,179.73838350000003
6530,273,159.05224985000012,179.57355744999998
6531,273,179.4971638000001,158.4262313
6532,273,160.49959770000004,149.52449964999994
6533,273,162.07118462500011,172.86874344999993
6534,273,195.75756712499998,185.197199775
6535,273,209.8031504,162.710554225
6536,273,262.8975042500001,190.54214405
6537,273,236.83608579999998,273.7819274750001
6538,273,305.96438685000044,297.7490793499999
6539,273,283.1892122749999,261.97454259999995
6540,273,318.7064945750001,332.05309419999986
6541,273,265.7948577750001,319.80097817499984
6542,273,286.1231371250003,287.6087254499998
6543,273,320.9996128250001,310.4087882250001
6544,273,341.959354425,397.9129717999997
6545,273,419.68505612500013,283.7258253499999
6546,273,351.267677725,390.4838293249999
6547,273,321.25836832500073,337.20939330000004
6548,273,268.3329246000002,282.18662934999986
6549,273,318.0143207499999,290.13059872499997
6550,273,263.99607065000004,260.95902167499975
6551,273,239.71042282500014,194.17632947500005
6552,273,202.11673287499997,190.16534289999998
6553,274,137.2296279000001,165.82725234999998
6554,274,169.19215630000002,143.54298712500002
6555,274,163.8969390500003,151.97051099999996
6556,274,213.83080707500028,163.29347289999995
6557,274,167.9816265250002,186.38151287499997
6558,274,149.00568052499995,202.562573575
6559,274,248.20805085000018,216.50886504999988
6560,274,281.35563572500007,248.6644500999999
6561,274,254.67878922500012,211.658243125
6562,274,271.3648239250002,351.224278025
6563,274,315.03035305000043,312.46592862500006
6564,274,314.58942197500005,399.35977812499993
6565,274,403.9875968749998,500.08341944999995
6566,274,407.98290710000026,522.9749699
6567,274,340.71734945000026,434.5732834999999
6568,274,372.91671102500044,439.18607385000007
6569,274,359.6590398750002,361.732524775
6570,274,406.8203906500004,377.54418047499973
6571,274,386.9996721499999,309.012475925
6572,274,458.5062931000001,363.06144594999995
6573,274,337.2973440500001,400.46134269999993
6574,274,349.2467937250002,303.457040325
6575,274,274.95948469999996,327.079565825
6576,274,254.978807725,281.64176857499996
6577,275,202.67609447500035,175.60443639999994
6578,275,193.94790157500012,224.8431941999999
6579,275,188.01096635000027,148.79701257499994
6580,275,156.7286649750001,179.2856092
6581,275,150.73766005,223.604773725
6582,275,186.44203765000032,192.76675319999998
6583,275,228.70719260000035,228.79664897500004
6584,275,201.13279987499993,215.66378122499998
6585,275,313.39488300000016,284.6388522000002
6586,275,319.1707141250006,329.897816325
6587,275,333.8158413000001,345.91883372499984
6588,275,277.05193099999997,372.95040392499993
6589,275,347.0796091249998,300.25118540000005
6590,275,333.7009474500005,456.62637800000005
6591,275,467.75436242500035,372.62911662499994
6592,275,427.41991184999966,505.8065617499999
6593,275,451.82452927500026,442.076467925
6594,275,349.53674885,477.82079109999995
6595,275,355.29363595000075,455.55490167499994
6596,275,385.8473400999998,383.2792124249999
6597,275,318.191781075,339.77746432500004
6598,275,320.71725137500005,366.1336764749999
6599,275,301.0518037250001,291.4881685749999
6600,275,284.61114370000007,299.83413707499994
6601,276,198.42939162500005,222.7911282
6602,276,189.27627174999992,189.50643464999996
6603,276,231.04756755000005,224.86897497499996
6604,276,218.05805547500017,215.81638724999993
6605,276,235.75458070000008,169.040438125
6606,276,214.9053189500001,178.47084004999994
6607,276,246.32470882499996,307.2723339249999
6608,276,276.6992666250001,271.2650285249998
6609,276,236.43985775000004,269.3678247249998
6610,276,297.7328646000001,336.86916335000006
6611,276,361.74789312500025,358.2995556000002
6612,276,287.64314015000014,371.75090914999976
6613,276,337.81738822500006,495.60502632500004
6614,276,294.67194099999995,352.6714277
6615,276,313.6442197500004,435.28389197499996
6616,276,413.9909800499996,438.9842749249998
6617,276,313.5078460750004,384.39070182499995
6618,276,273.0544368999999,290.7946487999998
6619,276,286.0504338500001,328.6795694750001
6620,276,302.9860168250002,289.67029042499973
6621,276,300.70417952500003,300.15619657499997
6622,276,213.9457546499999,348.43697914999996
6623,276,232.02189367500011,314.54245752500015
6624,276,212.96933277499994,308.7258764499999
6625,277,217.15165397500002,200.8330564
6626,277,196.92861992500002,170.2671631
6627,277,200.36621960000014,159.11019149999993
6628,277,197.9095246250002,163.82826357500008
6629,277,188.8475627749998,185.12512205000004
6630,277,180.6210925000001,191.41078522499998
6631,277,179.35340509999992,202.83096587499995
6632,277,258.80567390000016,224.36067619999994
6633,277,301.4882597750002,293.5602411499998
6634,277,309.2398486999999,323.4666713249999
6635,277,302.5972221000001,323.07601717500006
6636,277,317.29456870000024,313.8636162999999
6637,277,387.1199602249999,283.5668104
6638,277,315.5904240000002,296.5377515999998
6639,277,310.0675413500003,306.89148877499986
6640,277,319.7959649500001,323.93224744999986
6641,277,319.10354540000026,334.14486295000006
6642,277,224.6930649000003,299.42689162499994
6643,277,289.64873577500015,270.453495025
6644,277,360.4257162250001,365.3925383499999
6645,277,345.9103645000003,323.97769689999996
6646,277,276.74823720000023,337.203650975
6647,277,258.303388375,264.46340419999996
6648,277,208.24387205000016,200.28453342500003
6649,278,195.23269699999992,188.20035067499992
6650,278,173.77131332500002,194.00947877499996
6651,278,165.55455515000006,183.16121094999994
6652,278,196.30425472500002,171.67040690000005
6653,278,168.1818264000001,183.6183424
6654,278,197.02791802500008,285.3363356749999
6655,278,209.27220067500042,246.89482332499992
6656,278,200.71557295000008,250.61309847499996
6657,278,217.84240982500012,321.1473874749999
6658,278,275.9113628250001,296.30166354999994
6659,278,360.9465828250001,261.9845795500001
6660,278,354.27465770000003,325.86835244999986
6661,278,262.5784401000003,302.6807646500001
6662,278,326.42776402500016,319.784580675
6663,278,310.22511132500017,305.89074292500004
6664,278,256.17807082499996,335.9047153999999
6665,278,258.0464199750004,244.02110987499987
6666,278,207.55205787499983,282.89356354999995
6667,278,292.0951203500001,231.13751555000016
6668,278,246.6639704249999,274.4492927250002
6669,278,194.01426259999982,284.00842375
6670,278,218.9697360500001,277.7581225749999
6671,278,233.26734409999995,284.66064622499994
6672,278,296.906542575,272.47959979999996
6673,279,176.21001687500018,186.74888422500004
6674,279,195.2996834750002,172.99427164999997
6675,279,180.06738769999998,177.54662089999994
6676,279,148.66882984999992,159.97026197500006
6677,279,137.25295949999997,154.34083559999988
6678,279,185.819096075,186.75757407499987
6679,279,201.69537475000016,177.6570871
6680,279,210.5348076500001,218.28567927500006
6681,279,202.13702775,230.98416727499986
6682,279,181.63757794999987,312.36711397499994
6683,279,259.461323125,252.736399925
6684,279,305.4869688750001,299.4691654750002
6685,279,275.4475254999999,291.22570632499975
6686,279,316.60107452499994,324.67264157499994
6687,279,241.23512890000006,231.70657202500007
6688,279,287.4731462250001,247.30631132499988
6689,279,279.5421857500003,227.7519640999999
6690,279,194.1202052,242.06024537499997
6691,279,190.9740204,249.77905274999972
6692,279,275.97028987500084,234.5689987499999
6693,279,258.2951601250001,252.28932465000003
6694,279,223.8998423750003,221.94302557499998
6695,279,216.87667250000013,213.13557305000006
6696,279,240.24023767500006,247.237715875
6697,280,180.22597152500003,188.11019524999992
6698,280,185.850277175,159.80200405
6699,280,143.4084400250001,150.23352005000007
6700,280,185.326189225,156.03846769999996
6701,280,134.52939107500006,160.38718842499998
6702,280,166.63482095000018,192.00713572499996
6703,280,199.79150967500007,203.113668775
6704,280,227.52723990000027,240.97289999999998
6705,280,239.91877580000022,236.41371419999973
6706,280,270.25602567500016,264.85906932499995
6707,280,248.30996679999987,301.909708
6708,280,242.81612480000007,322.19478424999977
6709,280,223.04002157500014,217.4162834749999
6710,280,192.00232390000008,278.49158830000016
6711,280,289.93397722500015,252.5460747000001
6712,280,287.64216930000043,259.1055712249999
6713,280,295.1670862000002,291.5218155249998
6714,280,218.457937425,358.70400359999974
6715,280,258.7961790750001,266.1726945999999
6716,280,299.5031451500001,264.5427012750001
6717,280,322.0660614000002,273.0091932499998
6718,280,295.48787985000047,221.48055580000005
6719,280,233.732278825,208.87915784999996
6720,280,244.48954070000016,191.04323845000005
6721,281,146.63234747500013,182.3354857249999
6722,281,157.08156347500005,162.20566194999998
6723,281,158.261078325,153.6056074
6724,281,139.76295035000007,145.88223950000003
6725,281,175.70076945,181.1597544749999
6726,281,169.3720504750002,217.48252589999998
6727,281,155.09921244999998,223.58876850000004
6728,281,194.39466552500014,260.6834039250001
6729,281,230.52382562499997,225.7430111500001
6730,281,282.5193026250005,205.98265799999996
6731,281,257.96528195000036,313.92393914999997
6732,281,305.2297791,309.49140205000003
6733,281,265.2124844250002,341.8417940500001
6734,281,328.02979992500025,299.573132225
6735,281,313.332534625,340.5374156499999
6736,281,306.1478141,302.21446417500016
6737,281,353.7531079749999,350.50199332499983
6738,281,293.9336057999999,330.61017925
6739,281,262.30497985000045,268.12431660000004
6740,281,304.062036775,336.7819726499998
6741,281,251.51750307500004,285.20113660000004
6742,281,270.84435097500005,251.79118410000004
6743,281,233.2426333500002,252.7996145249998
6744,281,202.21772300000043,180.22959802500003
6745,282,167.76580077500012,235.53285299999988
6746,282,190.11357115000004,198.1413391249999
6747,282,163.14482064999999,161.87505099999996
6748,282,179.58871399999998,132.85902850000005
6749,282,164.73649172500012,174.42374509999996
6750,282,166.53714535000006,173.52825110000003
6751,282,226.02127137500003,207.49968075000004
6752,282,284.35373752500004,259.4055134249998
6753,282,301.08053322499995,272.2175504249998
6754,282,316.70621615000033,297.7968447250001
6755,282,309.9229197000001,255.66875064999996
6756,282,296.58226327500006,246.8341490249999
6757,282,326.4634395499999,291.27235707500006
6758,282,283.8229952749999,310.87913382500005
6759,282,277.59560235,307.5238818249998
6760,282,359.1868922500002,323.4224010249998
6761,282,313.22119857500024,322.7051567499998
6762,282,324.3256301750001,347.2677978499999
6763,282,253.66957435000018,360.66262007499995
6764,282,300.19321180000014,300.14624752500004
6765,282,254.5478527750002,329.88184015000013
6766,282,237.24147227500006,304.185617525
6767,282,224.8853902250001,274.8210941999999
6768,282,222.73426697500003,231.1802709
6769,283,202.46609590000008,149.63758537499996
6770,283,172.87768950000003,144.60321582499995
6771,283,176.49528585000002,124.45862900000004
6772,283,192.27122800000004,143.86791617499995
6773,283,202.49225422500032,119.5986845249999
6774,283,209.66025490000004,166.82623055
6775,283,267.978072275,175.7660057250001
6776,283,246.1063605249999,202.729441925
6777,283,289.20453685,242.88475047499992
6778,283,253.24797552500007,256.5110166249999
6779,283,315.39437810000015,318.03624164999985
6780,283,358.81325815000025,329.06959702500006
6781,283,279.73495565000024,320.571181975
6782,283,317.9618275500004,229.97808712500006
6783,283,350.0971870000002,318.5247992499999
6784,283,284.8752221500001,354.33836879999984
6785,283,256.9996204750005,311.77098302499985
6786,283,240.71128057500033,269.72857965
6787,283,284.7369447000002,303.5929999
6788,283,209.96677380000008,284.308804625
6789,283,254.3883313000001,256.1716925999999
6790,283,251.0766308500001,250.66450439999977
6791,283,238.35090532500016,209.199170325
6792,283,218.43041619999988,205.08083760000005
6793,284,217.67039397500022,207.80584745
6794,284,181.67341650000006,217.0921435249999
6795,284,213.22344842500007,181.38961977499991
6796,284,170.83646967500005,180.03335559999994
6797,284,194.16140212500022,174.08594274999996
6798,284,220.42287625000012,184.32817335
6799,284,220.43245450000012,226.88510095000015
6800,284,217.2722940500002,210.4215899250001
6801,284,303.2349509249999,264.3351096499998
6802,284,309.08642310000005,244.24923392499977
6803,284,292.4870619000002,274.80663095
6804,284,204.111426725,213.450298375
6805,284,239.49434112500006,246.10061565
6806,284,264.86145980000003,266.07586624999993
6807,284,226.86522852500005,264.31041977499984
6808,284,217.6029141249999,286.70861755
6809,284,229.51425472500017,225.42359097500002
6810,284,203.09349130000012,253.69968525000013
6811,284,236.57954437499995,255.45163877499988
6812,284,247.6190185000001,223.20291507500002
6813,284,317.32798362500057,248.7580669500001
6814,284,252.05717729999998,238.95026052499998
6815,284,226.1222990500001,201.84604495
6816,284,231.7849512750001,225.86285545000004
6817,285,151.4692947750001,199.7337983
6818,285,198.25672692499984,182.2071933499999
6819,285,207.20638267500007,225.25980530000004
6820,285,214.15566327499982,184.59334957499993
6821,285,225.82105527500013,213.11475984999998
6822,285,209.83356022499993,224.57219197500007
6823,285,199.23623902500015,219.844614175
6824,285,302.14204595000035,213.06552544999994
6825,285,262.744526975,224.073112375
6826,285,285.80027347500044,164.49977247500001
6827,285,288.155056425,210.41593032500003
6828,285,318.07910895000015,243.34964805000007
6829,285,334.2256806500001,246.84810987499992
6830,285,313.1067844750001,302.173213575
6831,285,284.24756115000014,217.64457874999994
6832,285,269.01577567500004,258.78946744999973
6833,285,222.93795625000024,207.87402262499995
6834,285,208.04703185,189.1124278500002
6835,285,253.36607882500027,195.05095160000013
6836,285,253.502630725,227.0093526750001
6837,285,303.73857755000023,254.02864432499996
6838,285,268.38846940000036,242.67475509999997
6839,285,237.84934212500002,197.21871539999995
6840,285,176.9588831750002,204.90687832499998
6841,286,188.5973027,166.9508131
6842,286,170.93026534999993,145.74891135000001
6843,286,174.57666825,166.98851417499998
6844,286,187.48990787500017,168.51479387499992
6845,286,152.77276075000012,193.95126034999993
6846,286,180.4986114750001,160.65138642499986
6847,286,188.52915302500017,184.15956182499997
6848,286,200.37825920000017,205.65207799999996
6849,286,213.2756856750001,241.85275555000018
6850,286,247.02207462500047,232.38203069999992
6851,286,251.6682428000001,264.57207062500004
6852,286,294.23212020000005,335.95591529999984
6853,286,218.43979547500012,337.4890864
6854,286,235.74524422500008,300.37303732500004
6855,286,195.64864025000003,263.840728075
6856,286,278.8017195999999,234.92564952499993
6857,286,256.32208137500004,279.09848202499984
6858,286,232.15553657500013,337.19986209999985
6859,286,236.28873437500005,287.127622175
6860,286,228.20927782500002,268.4129032750001
6861,286,263.6471610750002,264.9011889249999
6862,286,241.93130105000012,362.28034225
6863,286,269.3490348500001,272.0534855249999
6864,286,197.96762409999997,263.051294125
6865,287,209.92942697500007,125.45989889999998
6866,287,164.90144407500014,191.97783665000009
6867,287,165.64478397500005,162.447325925
6868,287,150.89083247500002,161.73137444999992
6869,287,178.69882622500015,210.51506272499998
6870,287,153.161483325,213.40484670000004
6871,287,217.23561775000013,194.88664752500006
6872,287,183.57396772500022,222.85490147499985
6873,287,252.30475750000053,187.05523155000003
6874,287,259.8508230250003,212.00084464999992
6875,287,226.17508547500012,276.3029197249996
6876,287,229.5133474999999,263.45879339999993
6877,287,296.671661275,303.776695925
6878,287,312.10479892500007,261.32618875
6879,287,282.9601284250002,209.71007979999985
6880,287,270.69769890000026,287.56657615000006
6881,287,230.26968189999988,270.32362777500015
6882,287,241.7115151250002,277.55903127500005
6883,287,265.60860757500024,229.81349569999986
6884,287,275.57047542500004,301.15827597500004
6885,287,211.67936720000006,235.6425911500001
6886,287,253.2576414500001,222.10802907499982
6887,287,236.0894863500001,262.6407209999999
6888,287,230.24408450000007,219.89804327500008
6889,288,186.96138452500003,182.09869292500008
6890,288,149.32912850000025,151.657629675
6891,288,137.58891405000008,138.705409525
6892,288,123.03224809999998,159.23812255
6893,288,176.68523100000016,188.9278311
6894,288,191.76921140000007,217.3452312499998
6895,288,208.46468022500005,172.69455535000006
6896,288,248.93018529999995,214.61541149999985
6897,288,285.7702832000003,280.9438108499999
6898,288,251.84582930000005,316.9958411749999
6899,288,288.8717134500002,340.2712596750001
6900,288,290.78222947500024,355.3509266499999
6901,288,372.2819555500001,335.4656664999999
6902,288,323.80062600000025,333.24008757499996
6903,288,325.11788077500006,336.34935797499975
6904,288,326.6278984000001,325.9233945499999
6905,288,309.5372260000002,310.5197211750001
6906,288,378.1024349250001,280.64130384999976
6907,288,284.13087565000023,334.91119837499957
6908,288,251.29582730000007,283.4980515500001
6909,288,294.59403989999987,253.5917857999999
6910,288,224.8815958250002,275.3036205750001
6911,288,209.68250797500014,237.42721282500008
6912,288,194.07408010000012,194.13434080000002
6913,289,130.50812635000005,173.05245472500008
6914,289,116.60565557500009,183.97970437499998
6915,289,138.92783095000001,170.00027159999976
6916,289,178.27925927500002,182.11334957499994
6917,289,156.52809222500025,180.02495672499995
6918,289,196.95728657499996,210.47261290000003
6919,289,241.37772102500008,240.16309407499998
6920,289,254.00814007499991,225.798792025
6921,289,270.1496305750002,241.7054944749999
6922,289,269.4040914750002,224.4352601249998
6923,289,270.1177596000001,258.3464792
6924,289,337.9340326500002,306.98056637499997
6925,289,310.01795362500013,290.89710112499995
6926,289,367.64887835000013,299.08568519999983
6927,289,377.18275640000047,291.3773148249998
6928,289,242.49143834999998,385.5064493499999
6929,289,379.43521400000003,322.148768225
6930,289,369.61118862499995,226.61191025000005
6931,289,340.69713540000043,252.9554743999999
6932,289,393.6866454500003,260.4864472999999
6933,289,303.2453530000003,261.714236775
6934,289,340.18294660000026,230.85268374999998
6935,289,261.545969775,244.59328539999996
6936,289,255.23724900000028,240.3185999499998
6937,290,234.65170415000028,166.66036094999993
6938,290,239.96359722500017,171.750252375
6939,290,193.66227514999997,159.73413752499994
6940,290,162.81471510000011,150.01921447499993
6941,290,181.88965882499997,208.8813220999999
6942,290,185.33814135000006,179.53306750000002
6943,290,238.45012082500023,194.83192252499975
6944,290,240.83871140000022,187.53798227499993
6945,290,254.58613825000066,234.039536675
6946,290,260.34766542500006,284.70994269999994
6947,290,322.0994177999999,294.1062440999998
6948,290,277.51958837500007,336.74301127499996
6949,290,286.8081114500003,281.64723462499995
6950,290,233.73061569999996,332.7631461499999
6951,290,346.1797746000001,341.1431191500001
6952,290,316.0263234250002,291.2774918999999
6953,290,282.45620340000005,278.52275757499984
6954,290,361.4665288000002,347.60875494999993
6955,290,291.37834702500015,347.70669447499995
6956,290,370.8825984000001,338.66719880000005
6957,290,360.27823194999996,268.5053613749999
6958,290,310.0395592000001,292.50973354999996
6959,290,294.4460343000002,258.195496125
6960,290,218.27629240000005,227.17609329999993
6961,291,193.5647736000002,178.4854059749999
6962,291,165.27902407499994,212.58965965
6963,291,156.06408810000005,163.70222145000002
6964,291,162.95750337499993,147.271685675
6965,291,203.36369054999994,222.0818961749999
6966,291,222.80099520000005,186.86310722499988
6967,291,197.26819024999992,206.5623242249999
6968,291,230.73555395000025,272.03138812500003
6969,291,234.13874245000022,257.72398287499993
6970,291,262.77016590000017,270.6813761249998
6971,291,250.79804019999983,329.88243694999994
6972,291,317.53331867500026,290.6463552
6973,291,270.11852687500016,257.8853936499999
6974,291,304.30059795,324.06768070000004
6975,291,259.6081320000002,374.3687904499999
6976,291,296.342686775,359.7157049999996
6977,291,328.9486003750001,358.6624640000001
6978,291,262.784246925,319.883154775
6979,291,307.9662678250001,282.14773307499996
6980,291,301.77811262500006,304.9798208249999
6981,291,315.93164140000044,251.208164425
6982,291,243.86132717500024,255.38161942500005
6983,291,198.5350781250002,214.99433632500018
6984,291,203.48710945000022,184.57557885
6985,292,185.52964062499998,202.22818587500007
6986,292,165.4622678,196.18473380000006
6987,292,177.6000129250001,189.41184962500006
6988,292,205.82755200000008,247.9312233
6989,292,195.16982910000007,207.50763224999986
6990,292,191.44437179999997,233.24293967499995
6991,292,205.5356502000003,208.56218414999984
6992,292,182.45817255000017,284.6301264000001
6993,292,261.89950487500005,248.08588602500004
6994,292,259.0568538250001,255.0982863499999
6995,292,295.9274396750002,279.96082052500003
6996,292,278.95428197500024,310.65332879999994
6997,292,268.2687782749999,282.88095965
6998,292,311.3470822750003,260.43792562499993
6999,292,297.6551601250001,312.1349853749999
7000,292,317.68736807500034,396.3130595499997
7001,292,354.5801768749999,373.2549598
7002,292,349.3162159500003,349.3307344
7003,292,297.4501306750002,280.1444162250001
7004,292,299.54763745,257.6153946499999
7005,292,283.9289491499999,230.09649957499983
7006,292,268.76273797499994,278.4331512
7007,292,217.52847285000058,216.93019377499996
7008,292,229.31149999999985,223.0148850749998
7009,293,202.213724775,194.08816760000002
7010,293,231.58762292500012,166.25839447499996
7011,293,147.94712927499998,157.62236674999997
7012,293,167.71973877500014,175.99177299999985
7013,293,165.2127296000001,162.8284482
7014,293,237.86536377499982,205.67817637499996
7015,293,175.45217927499996,238.01026265000002
7016,293,227.51515332499997,269.0209573
7017,293,230.91026917500005,302.348747925
7018,293,202.6841179500001,244.59057157500007
7019,293,240.0777447750002,257.5084942000001
7020,293,292.9001135750001,292.50064139999995
7021,293,265.2653452750002,276.06016620000014
7022,293,326.8107613000002,323.5485933499999
7023,293,278.9808068250002,280.05021667499994
7024,293,333.3609919250002,225.48749690000005
7025,293,268.80830404999995,213.31036929999982
7026,293,327.7910876750004,196.52277302500005
7027,293,273.49240322500003,190.037553575
7028,293,316.89591735000016,182.37240780000013
7029,293,257.3233877750004,203.48384947500006
7030,293,235.7472880000002,210.209146625
7031,293,206.85303867500016,209.46249620000003
7032,293,178.95921545000007,175.25192842500002
7033,294,185.41667352500014,131.62514152499995
7034,294,208.24179672500014,126.87615677499991
7035,294,152.06844027500006,134.95053335
7036,294,163.23482122499996,124.42829422500003
7037,294,165.82363067499995,149.4932657249999
7038,294,195.6459055250001,161.32989982499998
7039,294,228.40485032499993,178.44836384999996
7040,294,212.516212375,195.22917522499995
7041,294,232.72765755000012,250.590073475
7042,294,223.07890362500018,222.44450687499995
7043,294,241.29577537500018,214.09977427499993
7044,294,308.04264827500026,219.09119649999985
7045,294,296.13024732500025,234.49924614999998
7046,294,228.11345740000047,266.0477737749998
7047,294,236.4555754250002,218.569887675
7048,294,222.73363960000015,235.00071092499994
7049,294,211.96645385000005,235.29625697500018
7050,294,251.37008517500004,214.13140947499994
7051,294,275.9160863000004,286.82281897499985
7052,294,242.93770402500036,254.7698274249999
7053,294,260.6488036750001,256.4702650250001
7054,294,177.72713075000001,218.54824815
7055,294,198.2646988,208.94294002500004
7056,294,168.2947108250001,162.9671815499999
7057,295,129.23659009999994,154.756912125
7058,295,121.49899655000006,144.08259799999996
7059,295,132.37066387500016,140.77529647499998
7060,295,156.75845967500004,155.4599575
7061,295,152.85776900000008,166.06393445000003
7062,295,178.8029771250001,202.99292565000002
7063,295,174.19073220000018,216.1492174
7064,295,214.22975070000012,253.04055754999993
7065,295,239.6340495749999,204.48860455000008
7066,295,216.08783367499993,247.13358302499995
7067,295,305.6489639750001,289.5817551749999
7068,295,274.58801877500025,337.9230614749998
7069,295,269.5050506499999,284.8713542999997
7070,295,300.50968565000016,355.159636075
7071,295,321.3350260750001,368.30305154999985
7072,295,352.875403325,318.40294285000016
7073,295,317.8249553000001,298.0811791249997
7074,295,279.1706149250003,231.96994777499992
7075,295,275.9530104500001,234.54424930000005
7076,295,243.11427667500033,217.21634749999993
7077,295,222.73518337500016,229.0641007500001
7078,295,191.70716602500016,261.81770582499985
7079,295,208.8800066500001,221.9220941249999
7080,295,218.29437670000024,207.6194857499999
7081,296,157.13696670000002,157.9954728749999
7082,296,159.19012850000001,124.51653927499997
7083,296,161.2177079,153.38573847499993
7084,296,151.33812037500013,158.76389644999998
7085,296,150.09813700000007,140.1989961499999
7086,296,200.03399872500023,174.143614925
7087,296,212.58196465000003,230.62219612500016
7088,296,209.52243260000006,225.50479087499994
7089,296,232.14679127500023,291.33323307499984
7090,296,247.90271355000016,246.61657812500007
7091,296,292.4881301749999,293.429633225
7092,296,348.02522420000025,285.72979564999997
7093,296,293.2664012250001,306.8682356249998
7094,296,233.55203410000018,332.7063081499999
7095,296,220.44612027500028,290.57944862499994
7096,296,232.78214305000017,285.15875602500006
7097,296,201.24390822500015,292.93282435000003
7098,296,157.55147932500006,242.14116052499992
7099,296,218.31537355000015,207.57077644999995
7100,296,284.38938729999984,283.1980876999999
7101,296,247.25018015000006,248.7087932749999
7102,296,194.44951865000024,264.66244225
7103,296,205.08510750000022,255.10279627499995
7104,296,214.981947875,206.54415814999982
7105,297,174.94895092500005,208.20039075
7106,297,169.810017825,176.052376225
7107,297,129.05688275,173.95303055
7108,297,159.00339987500007,153.38241279999988
7109,297,170.66146512500018,201.66639797499988
7110,297,166.1623170499999,187.90092310000003
7111,297,191.05723082500006,262.8058688749999
7112,297,254.70832915000014,209.02221435000004
7113,297,291.94620840000005,224.27592342499977
7114,297,285.1600144000002,277.59285962499996
7115,297,324.8584493000002,321.00839537499985
7116,297,379.8612471250002,302.40573355000015
7117,297,321.3961654750002,290.2885179999998
7118,297,276.34973055000023,243.45940795
7119,297,228.66900322500004,245.3699049999999
7120,297,276.00858390000025,267.68552282499996
7121,297,276.72502962500005,239.44639945
7122,297,330.6122954250003,227.4248997499999
7123,297,307.79575635000026,245.84291267499998
7124,297,244.76467217500013,305.98810007500003
7125,297,285.642235725,263.10492927499996
7126,297,247.26513417499996,291.49727967500013
7127,297,219.58672392500017,261.36961240000005
7128,297,190.40238097500014,244.69900102500006
7129,298,123.69738207499998,173.20797085000004
7130,298,133.26412597500007,186.99571374999994
7131,298,176.34016895000008,162.53407302500003
7132,298,145.0176323500001,158.9171171
7133,298,201.142972225,161.55898387500002
7134,298,198.39950315000016,209.22547212500007
7135,298,236.7262084999999,260.589778075
7136,298,196.38154907500012,251.84712897499986
7137,298,251.57533345000007,249.88080339999988
7138,298,256.0947371750002,254.9357220749998
7139,298,231.11475180000008,284.33481489999986
7140,298,302.464246,253.73974009999998
7141,298,315.84923385000036,283.57392540000006
7142,298,312.2205646500002,295.3481035
7143,298,324.4440820500002,320.93782737499987
7144,298,258.5529577000001,295.99787420000007
7145,298,202.9179104249999,349.50121737499984
7146,298,211.5280345250001,289.48868122499994
7147,298,199.58295984999987,274.2757791499998
7148,298,196.89665495000003,294.67385332499987
7149,298,231.51679660000022,287.2281706750001
7150,298,179.82323527500054,271.1603028499998
7151,298,137.68600187500016,249.39866612499998
7152,298,164.62706950000006,185.13731994999998
7153,299,202.5940800750002,161.1829448750001
7154,299,142.67963764999996,157.32671879999998
7155,299,156.64118042499996,183.1306759249999
7156,299,142.12412275000008,153.7442476999999
7157,299,139.60288987500002,185.284400625
7158,299,177.7071610750002,214.89012507499996
7159,299,227.4882261250002,213.4345188
7160,299,237.2286209500004,216.60563669999988
7161,299,254.595600225,342.4894134750001
7162,299,265.3102512000001,271.77666920000013
7163,299,306.56539917500044,290.0051024500001
7164,299,302.4019794500004,282.49219739999995
7165,299,255.07658510000022,259.88026310000015
7166,299,303.3221496000001,299.908548475
7167,299,237.39593727500025,303.90549829999986
7168,299,237.3418756250002,313.85198367500016
7169,299,278.7783690000001,256.65760595
7170,299,207.3858183000001,257.46738252500006
7171,299,285.91546667500006,294.70832674999986
7172,299,236.28097532499993,248.17260174999996
7173,299,317.2104944250002,255.25661770000005
7174,299,250.40658035000007,260.4495692249999
7175,299,255.72884607500015,273.22249312499986
7176,299,244.16211162500048,189.4925059499999
7177,300,194.8513575500001,162.644696225
7178,300,145.93210442499998,134.761352725
7179,300,158.76257705000012,165.68280922500003
7180,300,148.06436495000014,133.70168535
7181,300,193.94319059999992,161.31090104999984
7182,300,180.59349072500004,178.55967742499985
7183,300,208.86194747500014,224.19031282500003
7184,300,209.90769385000004,224.26578554999992
7185,300,239.78546600000027,204.62424904999992
7186,300,306.93289827500007,272.3440728999999
7187,300,316.0255846250001,306.64036787500004
7188,300,243.27908025000028,303.1555955749999
7189,300,267.86874747500013,358.2910615249998
7190,300,287.4977431750001,316.805953325
7191,300,302.3866825500004,293.754193525
7192,300,263.24634035000025,249.8839418
7193,300,278.47677115000016,290.6506123749999
7194,300,210.54384242500015,284.2768624750001
7195,300,215.0855287000004,259.0534192750001
7196,300,212.9948981750001,213.7185437249998
7197,300,190.01754125000002,212.51949774999997
7198,300,239.52631980000015,207.42622767499995
7199,300,211.97440280000018,190.04189497499996
7200,300,203.9641518000002,206.68813252500001
7201,301,154.75937827500002,147.93175617499992
7202,301,138.22816037500004,132.59156299999998
7203,301,132.3295155500001,122.11038092500007
7204,301,161.59749155000003,174.57920117500004
7205,301,174.9775823,150.790562025
7206,301,178.73327065000007,152.07547977499996
7207,301,167.29740595000004,177.49723337499995
7208,301,225.64462237500032,173.77757165000003
7209,301,208.43738732499992,251.8498487499999
7210,301,265.0589113750001,275.4578991999999
7211,301,238.86609892499996,299.70748552500015
7212,301,330.21130995000027,276.2990609
7213,301,269.42478035,229.72525692500005
7214,301,221.94361392500014,242.0456530250001
7215,301,225.63945287499996,189.65274432499984
7216,301,184.22234304999995,210.46034285
7217,301,255.76291767499987,236.22035227499987
7218,301,247.734578425,294.0017910499999
7219,301,228.9793110250002,248.043792825
7220,301,224.35147915,210.9186601999998
7221,301,209.02849514999997,298.5625495500001
7222,301,206.77755082500005,243.79807807499992
7223,301,240.19902752500002,193.45122479999998
7224,301,220.31547300000005,211.88489017499984
7225,302,133.29663319999997,122.0127579499999
7226,302,125.60248592499994,143.99996729999995
7227,302,107.68200004999998,160.14700207499993
7228,302,156.9303750250001,150.49275745
7229,302,136.21386302500002,164.82343267499996
7230,302,169.02759107500003,159.81609940000004
7231,302,195.41492005000015,206.54459887499982
7232,302,249.57890197500018,328.16865017500004
7233,302,258.53997137500016,216.0799388499999
7234,302,302.0385435500004,224.7954549499999
7235,302,242.70247117500008,226.3995200749999
7236,302,320.92594167500005,219.71059277500012
7237,302,321.6928417000004,253.2553367749998
7238,302,366.019337025,312.376256925
7239,302,277.12214215000023,309.361506125
7240,302,230.87459660000044,315.86121397500006
7241,302,223.2474099750002,334.29115707499994
7242,302,226.75207707500005,278.4871588750001
7243,302,251.6751713250001,282.3823666500001
7244,302,292.2961491,191.95433487499986
7245,302,329.46571250000034,213.56060247500008
7246,302,315.41442234999994,238.81415955000006
7247,302,229.66697490000013,213.51674544999992
7248,302,182.87352232500007,163.5143575499999
7249,303,145.472283925,186.93151807500004
7250,303,138.54772242500002,177.51502077499984
7251,303,106.24600104999995,150.60655759999997
7252,303,123.60069862500005,167.678845325
7253,303,142.13655275000002,171.08736042499996
7254,303,179.75087367500004,157.02532817500008
7255,303,170.27542265000005,211.6722420000001
7256,303,238.3406617750001,219.79679412500002
7257,303,226.89007452500022,263.9976403
7258,303,230.38137812500025,282.65669855
7259,303,239.0914837499999,279.74870669999996
7260,303,262.721214625,331.6961344749999
7261,303,274.4242581000001,258.77333925
7262,303,311.29347144999997,262.30628225
7263,303,249.967786375,265.2921228750001
7264,303,289.70116425000003,264.983627
7265,303,361.26792167500014,325.7438939000001
7266,303,304.7333893250004,356.6677648
7267,303,254.32704880000028,334.6021782999998
7268,303,276.8910508250001,281.66797702499997
7269,303,291.3276488250003,285.4565462999999
7270,303,225.52927172500029,286.2581731749998
7271,303,250.44292617499997,266.8693772999998
7272,303,209.58051747500036,203.67589607500003
7273,304,127.59182592500017,128.08696205000004
7274,304,152.90695372500016,134.93954082500005
7275,304,181.13474002500013,154.86798877500001
7276,304,167.13583269999998,144.75428862500002
7277,304,165.2295681,180.27729599999995
7278,304,202.20885610000025,208.53159650000003
7279,304,169.16665407499997,237.00697070000007
7280,304,196.51105417500008,286.470382675
7281,304,228.74020627500005,329.34525177500007
7282,304,235.83010860000007,304.2655474249999
7283,304,247.97861445,268.4680742500001
7284,304,311.7836344,265.18727572500006
7285,304,290.7283761000001,284.5753139500001
7286,304,271.32067929999994,272.6102013749999
7287,304,300.15369597499995,239.90786217499993
7288,304,267.6632109500003,248.05383299999988
7289,304,241.62797295000001,283.255148
7290,304,242.75561712500013,283.5759798
7291,304,266.57655675,259.26925144999973
7292,304,263.7319565250002,269.10042182499996
7293,304,240.16093710000013,282.13189017499985
7294,304,230.02706517500022,258.5829993749999
7295,304,220.1116728249999,271.3022283249998
7296,304,179.60000117500002,213.927558975
7297,305,146.05081350000017,158.88049919999995
7298,305,173.28256297500016,154.723760225
7299,305,191.39988572500025,110.01506159999994
7300,305,171.5255733250001,145.39612899999997
7301,305,154.306295375,191.40368227499988
7302,305,208.60257852500015,189.65593700000005
7303,305,208.62376682499996,191.18725822499994
7304,305,192.70887994999993,244.0808521250001
7305,305,273.70748947500016,225.86271664999987
7306,305,307.4365709750002,287.12860164999995
7307,305,277.4720921249999,318.55392882499984
7308,305,276.2306449500002,282.72647622499983
7309,305,275.3235676000003,275.17015672499986
7310,305,252.84527342500002,281.9934489999999
7311,305,295.18623192500036,238.57964177499983
7312,305,244.5631122500002,256.8720400749999
7313,305,290.69968252499984,245.1003017749998
7314,305,292.4545786250001,247.33255340000002
7315,305,276.28149725000003,296.7884324749998
7316,305,238.48624342500014,256.45436214999984
7317,305,227.79038975000043,283.2905560999999
7318,305,220.4392021,217.0722782500001
7319,305,200.26491544999985,188.66136980000002
7320,305,216.563056825,202.65713097500003
7321,306,183.05990850000018,167.17520317499998
7322,306,146.160968175,174.57250640000004
7323,306,136.324264625,138.83169045
7324,306,154.54461847500005,159.9498138749999
7325,306,177.09420185000005,167.0928863
7326,306,177.80432507500007,164.10214244999995
7327,306,194.19066964999985,188.61570207499994
7328,306,208.62600412500024,280.46953625
7329,306,299.1669885000001,279.1752482749999
7330,306,306.78958080000035,266.9799407500001
7331,306,286.6042861750001,347.5966332999999
7332,306,322.3912830500002,313.97137225
7333,306,278.30651105000015,354.77161194999974
7334,306,300.234626475,354.7337882249998
7335,306,361.1848824250002,272.2853043
7336,306,297.5067161500001,248.15910437500008
7337,306,273.44361530000015,233.66124925000005
7338,306,250.97480460000014,213.26560629999983
7339,306,294.7602085000004,258.6890979749998
7340,306,240.24817872500012,202.98251507500004
7341,306,264.75162152499996,243.20417584999984
7342,306,241.32711467500013,226.96105547500008
7343,306,222.13261045000002,211.27498129999998
7344,306,181.92580365000015,202.28802237499997
7345,307,163.46949330000012,146.26536132500001
7346,307,144.57763167500008,117.44448772499996
7347,307,144.44967602499995,113.11827159999996
7348,307,185.213162475,135.52843957499996
7349,307,193.42037545000002,125.02390677500006
7350,307,212.5272155749999,166.40964645000008
7351,307,200.09769045000002,158.28221634999994
7352,307,234.799164125,215.43644689999982
7353,307,239.2689799749999,198.81189050000006
7354,307,284.20492980000006,304.6130992499998
7355,307,306.97008280000017,291.3223225999999
7356,307,293.83682927500007,276.6337745749999
7357,307,274.62058462500045,249.55187670000004
7358,307,261.01899012500013,240.64410805000006
7359,307,238.48841965,240.12137912499992
7360,307,277.3988566999999,196.05782067500007
7361,307,235.8501997250001,252.6480502749998
7362,307,267.0560350749999,264.0224400499997
7363,307,225.98704105000002,234.31217397499984
7364,307,255.0458844250001,241.89832514999995
7365,307,265.1010882750003,220.27610587499993
7366,307,209.40282602499985,240.81866904999987
7367,307,208.0916541250001,202.67151489999998
7368,307,168.04764637499994,192.79406197499998
7369,308,157.20280017500005,177.50403784999995
7370,308,172.03150020000012,156.297569375
7371,308,196.70402767500013,134.825604375
7372,308,147.32387695,144.735951725
7373,308,133.78955075,138.61262275
7374,308,188.5567607,169.60909802500004
7375,308,173.0363968500002,160.61254212499998
7376,308,185.94205950000003,232.420740175
7377,308,245.13405875,189.76782692499987
7378,308,291.64384122499996,287.5363324749999
7379,308,243.75326082499998,245.46253185000018
7380,308,276.3175815750002,310.3385947999999
7381,308,296.6903017750004,212.71493817499976
7382,308,310.87255317500046,208.12086405000014
7383,308,241.96996165000036,241.81353775000002
7384,308,284.8652194,254.74299055
7385,308,191.04467935000017,270.2569070749999
7386,308,220.72166132500035,242.97468925
7387,308,224.6350931749999,283.74026742499996
7388,308,249.3791469750003,230.7594351999998
7389,308,207.83354320000018,209.03719812500003
7390,308,207.2757046000001,168.4801419999999
7391,308,193.69445442500012,168.80676107499983
7392,308,176.9802425750001,158.88128237499996
7393,309,121.48428967500006,134.49745072499994
7394,309,146.91876912500004,141.32660784999996
7395,309,137.7008069,146.15761097499995
7396,309,124.11014455000004,163.7181154499999
7397,309,168.07214802499996,173.92059217499997
7398,309,202.38291142500003,192.4513678749999
7399,309,192.18888437500027,231.41369544999998
7400,309,202.950620775,209.31280884999984
7401,309,235.33555722500012,212.46509617499999
7402,309,293.57303770000027,232.86466284999995
7403,309,335.6023722750006,254.8435580499999
7404,309,290.6509616000002,274.6687902750001
7405,309,314.025341625,326.8947753249999
7406,309,281.73863829999993,319.53573859999995
7407,309,241.5549058750005,327.24233579999986
7408,309,285.14764697500016,300.09914274999994
7409,309,298.61668505000017,299.7679828249998
7410,309,268.10161137499995,346.5517676999999
7411,309,222.6203860500001,282.8414656
7412,309,244.07209850000035,293.2424331750001
7413,309,273.9875121250003,258.1708797249999
7414,309,304.061297975,253.6149415499999
7415,309,221.61741885000004,243.62841740000002
7416,309,228.8493443000001,220.58972609999995
7417,310,147.24515514999996,151.49632507499996
7418,310,122.8451993750001,156.9333837749999
7419,310,105.57516287500007,154.36841397500007
7420,310,142.44406307500003,125.87189004999993
7421,310,147.89498495000004,158.18118322499998
7422,310,196.72056042500003,169.33149397499994
7423,310,234.95308520000003,204.0964036000001
7424,310,221.20111062499996,249.84191674999988
7425,310,321.18477637499996,261.9220157499999
7426,310,280.4472460750002,256.0013124499999
7427,310,305.2674113750004,295.4482663
7428,310,288.6333413,328.54935942499986
7429,310,281.9076539250004,322.9351770249998
7430,310,362.5385203000002,354.83813852499986
7431,310,368.996991675,270.50886575
7432,310,271.43862792500033,297.6622806749998
7433,310,263.47049560000033,304.1252033499999
7434,310,344.35187855000055,328.78115182500005
7435,310,251.76591814999986,286.80840372500006
7436,310,279.49577267500007,309.470727725
7437,310,306.41316495000007,291.8296024
7438,310,257.20226582500027,223.3985878750001
7439,310,219.36009772500017,187.95245262499995
7440,310,185.4873844500001,212.82859874999997
7441,311,170.9167152750002,160.5534547999999
7442,311,138.7707516000001,178.05178250000006
7443,311,149.9623793500001,145.07099622499993
7444,311,156.96048437500002,194.09035604999997
7445,311,176.42467822500015,135.84191427499997
7446,311,180.55542725000015,159.00560117499998
7447,311,217.356329125,199.092241025
7448,311,214.486402725,189.0084674499999
7449,311,228.7933813250001,258.4878950750002
7450,311,291.81710955000005,271.82118174999994
7451,311,288.1443696250004,277.63661252500015
7452,311,231.22989495000013,326.056568025
7453,311,222.38933127500022,291.69036270000004
7454,311,220.1908232500001,340.27691144999994
7455,311,190.77047535000003,287.41009122499986
7456,311,197.64976057500002,257.93106822499993
7457,311,221.22967820000014,288.350697575
7458,311,210.93369420000005,249.14609132500016
7459,311,248.97327132499993,242.4233544000001
7460,311,274.4334376750002,224.76749727499993
7461,311,255.3551238000004,288.047622225
7462,311,206.1648144749999,237.485606575
7463,311,212.6707612750003,209.8291328250001
7464,311,186.80152337500004,194.9291764
7465,312,130.6713863,149.535401825
7466,312,147.47084115000007,163.64569632500002
7467,312,119.8417197,138.51970507499993
7468,312,153.24522305000005,157.2536925999999
7469,312,136.1510341750002,144.5746939
7470,312,179.93083637500007,185.86286337499996
7471,312,189.82133065000005,203.49059845
7472,312,216.1991594500001,271.6032170249999
7473,312,262.85984645,299.7660785249997
7474,312,272.14809174999994,322.23080399999986
7475,312,300.613187425,297.3733723999999
7476,312,218.26286517500023,299.16626089999994
7477,312,255.47758209999998,311.58413457499995
7478,312,219.5172187,281.48106625
7479,312,258.67999740000016,269.4376069249998
7480,312,278.5071546500003,210.69761239999997
7481,312,242.81207190000003,268.3469600999998
7482,312,252.6868843250001,265.8798333749998
7483,312,266.44138119999997,320.4446498249999
7484,312,297.62117092500023,293.16568215
7485,312,241.87332432500006,265.486931525
7486,312,198.88942485,204.47121584999996
7487,312,229.07423685000043,245.5856155499999
7488,312,176.19154389999989,213.34891707499997
7489,313,200.1510124000001,215.90226294999988
7490,313,167.26472895,181.03757332500004
7491,313,189.1188238000001,176.97876539999996
7492,313,194.1159885749998,197.37693735
7493,313,214.6144065000001,211.75799964999987
7494,313,209.28323287500007,170.03353299999998
7495,313,220.7664290250003,203.28561090000002
7496,313,225.84074067500018,202.3275760500002
7497,313,227.27919964999984,262.81538549999993
7498,313,228.540366775,287.52541227499995
7499,313,264.49495187500014,259.6399794750001
7500,313,308.24640415000005,289.1105424000001
7501,313,289.2063790250002,287.5849287249997
7502,313,338.58506677500014,245.54270560000003
7503,313,280.0219496750001,212.24296512499996
7504,313,260.78474432500013,234.18822892499998
7505,313,227.5958968500001,237.32606240000018
7506,313,211.1229449500001,215.01188879999995
7507,313,226.15802165000014,224.7281433
7508,313,231.7822044250002,196.18724709999992
7509,313,221.4932014250001,213.57379644999992
7510,313,230.31328357499984,227.99622392499992
7511,313,183.64058975000012,194.56816329999998
7512,313,181.2363022500001,160.24669919999994
7513,314,126.17629432500009,165.893302675
7514,314,152.67149142500006,150.63785732499994
7515,314,201.40863702500002,144.40452694999993
7516,314,173.75979495000007,132.47303147500003
7517,314,182.47955275000007,168.3316355249999
7518,314,156.58521547499998,145.49116692499996
7519,314,229.38638787500014,187.63625082500005
7520,314,242.4253406250001,201.090430325
7521,314,217.09191235000003,224.25278260000005
7522,314,259.286847525,227.33274069999987
7523,314,256.91806852500014,274.6895918999999
7524,314,235.07515835000012,218.9414309999999
7525,314,269.5006435,236.684496825
7526,314,273.7111639250003,231.1703081
7527,314,239.73149987499988,204.28088409999992
7528,314,212.31796132500006,195.10977927499997
7529,314,227.32196222499994,209.8717103749999
7530,314,230.5641796000001,195.88975542499998
7531,314,268.9436871500003,197.90545667499987
7532,314,262.42715104999985,211.20362880000002
7533,314,241.17266849999982,170.70157264999995
7534,314,206.40213972499998,134.85700270000007
7535,314,178.71766542500006,183.11036479999996
7536,314,186.24741362500032,157.71348332499994
7537,315,183.974518875,188.43431537499998
7538,315,178.18759732500018,168.92768879999994
7539,315,171.8079604750003,147.32736067499997
7540,315,160.26928880000008,147.15008190000003
7541,315,179.81412644999995,162.7347992
7542,315,167.56919347499988,183.19358542499995
7543,315,174.41680564999996,223.21363877499994
7544,315,212.45606620000012,223.78792499999992
7545,315,257.10745932500015,209.09806049999992
7546,315,238.67147742500006,242.60995675000015
7547,315,257.9185261249999,250.54588557500006
7548,315,251.32934774999998,298.3476416500001
7549,315,228.3110562249999,214.76361742499998
7550,315,246.9251449250001,243.49333754999998
7551,315,250.48305167500024,293.6650503
7552,315,211.81174825000005,223.46066297499993
7553,315,253.78040790000028,229.63714949999985
7554,315,196.76380702500032,257.94579457500015
7555,315,255.78919447500016,214.49755297499996
7556,315,196.7297551500002,268.1303473749999
7557,315,185.0236792500002,246.41599822499987
7558,315,186.73166432500034,251.14246789999993
7559,315,196.08700557500003,205.97478094999997
7560,315,141.504729825,182.12950954999997
7561,316,153.69235670000018,158.23392085000006
7562,316,160.21948135000008,154.77748062499992
7563,316,173.46051824999995,163.68230899999998
7564,316,168.67470127500013,142.69881622499997
7565,316,170.59301705000007,198.017807225
7566,316,164.70679187499988,196.84311832499992
7567,316,194.19197467500004,168.22768517499992
7568,316,258.839786925,204.28231629999988
7569,316,227.56276535000023,265.38849429999993
7570,316,277.81070397500014,322.55972922499996
7571,316,255.16702587500032,227.94839339999965
7572,316,272.48925045000004,284.74306479999996
7573,316,321.37837745000013,277.7697257499998
7574,316,238.75469485000008,246.27972914999992
7575,316,246.64270217500015,258.69936374999986
7576,316,232.271980975,282.000667775
7577,316,274.07313375000007,229.3036267999999
7578,316,261.9585158250001,244.03213542500004
7579,316,296.8393989250002,236.39656700000006
7580,316,294.86252022500025,241.01613174999994
7581,316,300.29759205000005,227.1164682999999
7582,316,269.09589387500006,226.98935255000012
7583,316,178.38356780000004,206.26276260000003
7584,316,186.96180619999996,195.9626029749999
7585,317,134.00422365000009,142.8989863
7586,317,163.06318162500008,120.05841099999995
7587,317,190.63162632500018,143.20329912500003
7588,317,158.0804108750001,133.19225494999998
7589,317,144.12606287500003,146.267430525
7590,317,194.12824680000023,168.7684737499999
7591,317,230.29829900000001,228.7561302
7592,317,227.12381967500022,236.3000463250001
7593,317,224.48524217499994,215.0252741
7594,317,266.5335182250002,282.3877963
7595,317,212.84449165000012,358.3648500749997
7596,317,266.11691082500005,249.12563697499996
7597,317,324.6804221249999,269.84105924999983
7598,317,307.04304649999995,282.6445860749999
7599,317,266.61542132500017,239.76136482499993
7600,317,279.30079602499995,237.97614942499993
7601,317,294.6718777250002,237.75482589999993
7602,317,304.197918875,206.288881125
7603,317,275.01545700000014,239.21304282499995
7604,317,238.71900545,228.60466774999998
7605,317,227.4172323500004,269.59249784999975
7606,317,203.12003982500016,249.61073322499993
7607,317,196.6162825250001,220.20287899999997
7608,317,219.37161865000002,187.93425892499994
7609,318,139.58512685000002,110.31623845000001
7610,318,144.54463434999997,140.2084391749999
7611,318,161.61094430000014,143.2912872749999
7612,318,136.43998952500002,124.23920302499994
7613,318,190.2488617500002,151.893265175
7614,318,216.64893357500063,168.46667839999998
7615,318,172.81474597500005,215.10738250000003
7616,318,239.0624866000001,204.7285141750001
7617,318,274.6940071749999,221.67687319999987
7618,318,269.3856145750001,237.45600777499993
7619,318,260.93970557500035,269.6026613749999
7620,318,290.36635737500023,280.52465414999995
7621,318,259.70408172500015,278.7425600249999
7622,318,287.1925283500001,255.20144057500016
7623,318,260.86543705000025,250.05890324999993
7624,318,246.83835235,216.64939479999998
7625,318,208.74572552500018,245.97302214999996
7626,318,261.23833640000043,227.93140777500017
7627,318,220.2487774249999,274.5304968249999
7628,318,307.544011775,198.22772770000006
7629,318,290.4284538000002,246.47691619999998
7630,318,329.51369935000014,238.3969764
7631,318,240.34389777500002,178.971178475
7632,318,231.72639134999994,148.64486022499995
7633,319,144.13952074999997,184.8608193749999
7634,319,140.54454229999996,169.064573075
7635,319,137.08932475000006,166.20168827499992
7636,319,138.56199065000013,130.87674969999995
7637,319,174.32561320000013,137.47033702499996
7638,319,146.7577984750001,151.77557869999998
7639,319,224.1830325500004,224.0228217999999
7640,319,229.51244310000016,194.45899509999995
7641,319,247.196813325,239.07039602499978
7642,319,248.7564015999999,300.7637264499998
7643,319,271.13113310000045,308.9156226750001
7644,319,233.52061777500023,291.33376477499996
7645,319,281.00683092500026,303.92921110000003
7646,319,256.3477609500001,231.33066474999993
7647,319,240.28286875000003,244.51342552499972
7648,319,252.16647112500013,247.64498414999986
7649,319,241.80213582500005,252.61239932499984
7650,319,241.8890171,220.549115175
7651,319,179.15691207500015,276.1569369999998
7652,319,219.85647227499993,233.47519762500008
7653,319,239.32203455000035,274.2397397500002
7654,319,274.35326505,242.30574802499993
7655,319,257.66219119999994,179.07567677499995
7656,319,244.71868889999996,176.79648417499996
7657,320,189.923979875,157.86956512499995
7658,320,144.2373118000002,175.62306302499996
7659,320,138.97466529999997,132.58167215
7660,320,116.07821810000007,146.25878219999993
7661,320,152.60503150000002,194.44238214999996
7662,320,138.4401083999999,200.40692987499997
7663,320,211.92417435000004,235.62872092499978
7664,320,188.2785869249999,232.40752702500004
7665,320,227.79117404999988,221.0004535
7666,320,276.8221538750002,282.6003785749998
7667,320,339.56599270000015,248.3995632749998
7668,320,348.635498,212.3982135999998
7669,320,278.62324170000034,222.28050355000005
7670,320,291.19142107500005,210.65980629999996
7671,320,252.57597370000008,231.0538705500001
7672,320,229.33375562499992,269.73301619999984
7673,320,260.96505495000014,285.04066409999996
7674,320,238.60037302499987,256.04490164999993
7675,320,266.65711227500003,237.19013669999993
7676,320,263.3828514000004,240.8966238500001
7677,320,233.13928010000006,291.23830457500003
7678,320,196.95699215000002,262.79047894999997
7679,320,184.01191320000004,222.92309862499994
7680,320,195.24735252499994,184.83880422499993
7681,321,124.92308940000007,132.89869942500002
7682,321,156.36294000000015,161.31346047499994
7683,321,148.2212552000002,129.24537170000005
7684,321,213.91173239999998,146.91333179999998
7685,321,201.85652127499998,126.22625167499999
7686,321,204.64655517500003,154.57661602499994
7687,321,229.56513070000005,177.662521325
7688,321,273.3121077749999,189.13860487500014
7689,321,225.70424677500012,201.85393697500012
7690,321,217.9039991000002,221.54630415000003
7691,321,231.3858589000001,279.08806004999997
7692,321,300.2459064750001,206.5400774999997
7693,321,292.1537312000003,231.51354582500005
7694,321,241.62286837500034,231.69932397499986
7695,321,231.09240605000002,200.35501924999997
7696,321,205.89511125000007,194.52457057499996
7697,321,280.54137220000024,220.8274509750001
7698,321,276.22420640000007,273.62744055000013
7699,321,223.27329002500016,275.2478633000002
7700,321,185.28195822499998,246.09620232500012
7701,321,180.86158672500005,216.0377226000001
7702,321,206.33991607500008,186.58497587499994
7703,321,203.15952855000012,184.0828620499999
7704,321,164.93639870000004,197.52469680000007
7705,322,135.9099049500001,164.68455027499988
7706,322,158.02172750000017,163.60613729999994
7707,322,182.37407497499998,119.86388174999996
7708,322,152.2629164000001,144.988918825
7709,322,202.93185730000033,128.83825767500005
7710,322,132.41440542499998,143.3018772999999
7711,322,169.51921662500004,162.33554104999996
7712,322,191.56459005000005,196.22134159999996
7713,322,184.02126265000015,225.63378767499992
7714,322,247.59484862499997,236.81896872499996
7715,322,311.645420275,233.006459
7716,322,268.6289043,204.13085572499986
7717,322,230.96738822500015,248.10132747499986
7718,322,217.34191590000006,239.75142632499993
7719,322,228.70916985000045,243.61368884999996
7720,322,209.34558725000005,202.07855465
7721,322,172.1985220250001,198.72440262499987
7722,322,173.6006837749999,221.9453606499997
7723,322,180.2635459,236.3085636
7724,322,214.84100974999996,202.10989992499998
7725,322,262.50105032500045,253.32098609999989
7726,322,269.16307790000025,271.2417943
7727,322,233.43600935000012,217.08478439999988
7728,322,173.59736510000008,159.97785554999996
7729,323,128.86605147499998,123.31944547499998
7730,323,177.96441045000006,137.08225675
7731,323,147.94796465000007,149.90103415000004
7732,323,146.8195985,131.97989362499993
7733,323,129.6844874500001,202.92390797499988
7734,323,168.5909437750002,174.78698612499997
7735,323,236.76215082500005,206.91245767499993
7736,323,225.6901755250002,255.369513525
7737,323,284.5539046499998,280.38519162500006
7738,323,343.4971923750004,250.14895942500002
7739,323,326.8189643500002,226.825407075
7740,323,319.66194470000016,231.8386339999999
7741,323,227.37533209999995,206.62448040000015
7742,323,314.2149148250004,235.15082609999985
7743,323,274.0459021250002,350.23793502499984
7744,323,273.4091827000001,272.4153949249998
7745,323,262.9939956250003,208.24031234999998
7746,323,254.25757257500015,278.591758875
7747,323,227.56447575000004,242.71752972499996
7748,323,219.24936842500017,256.98279220000006
7749,323,236.58688915000022,243.018941175
7750,323,204.5489541249999,284.7880141999998
7751,323,225.4148699000002,225.19202669999996
7752,323,162.76087542500008,193.42156122499998
7753,324,173.082921575,123.92456057499997
7754,324,149.71357870000003,109.01478647500004
7755,324,136.78392407499996,115.95104057500001
7756,324,139.74239017500008,120.65595112500003
7757,324,138.57406932500004,175.97907817499998
7758,324,164.98531635000026,180.07006209999997
7759,324,231.87414594999993,201.8074578999999
7760,324,232.33921460000022,194.83437229999987
7761,324,250.45453864999996,212.31792952499993
7762,324,249.62835675000017,251.24243742500002
7763,324,301.9176419000001,234.47726459999987
7764,324,314.10448237500054,285.65568559999997
7765,324,305.5945515250004,309.32398157499983
7766,324,315.9402632750003,293.65026687499983
7767,324,268.18199757500025,240.77062025000004
7768,324,275.23727974999997,256.234414175
7769,324,226.80573520000013,308.60829155
7770,324,233.52915290000027,270.4643887
7771,324,283.7656316000001,247.87396189999998
7772,324,265.58927710000046,284.5081666499999
7773,324,261.1400935249999,174.25187877500014
7774,324,213.2276633500001,206.30304069999997
7775,324,209.37325560000005,194.63685522499992
7776,324,191.5026055250002,189.051347125
7777,325,158.406834075,174.48503535000003
7778,325,170.65355652500006,150.29361899999986
7779,325,153.0994672500001,149.53524667499994
7780,325,154.5152761500001,141.06805229999998
7781,325,175.2241790000001,129.22049710000002
7782,325,170.8982133000001,164.31461275000007
7783,325,191.513471525,189.0104348999999
7784,325,199.20262992500045,203.99524162500006
7785,325,252.570672,246.79181035000005
7786,325,217.68174575,262.8111522250001
7787,325,255.08215207500012,300.34958347500003
7788,325,286.51528495000014,249.46424690000018
7789,325,269.02988985,255.51111244999998
7790,325,262.0101566250002,199.1199683999999
7791,325,277.61825402500017,164.24591422499995
7792,325,292.0788369249999,183.23074385000007
7793,325,236.20370262500018,190.002199325
7794,325,307.1320658250001,252.2962014500001
7795,325,296.9356935750001,284.5188964250001
7796,325,256.31429575000016,250.1607262749998
7797,325,259.7806228750002,254.49388337499988
7798,325,209.1204276000001,256.7563227249998
7799,325,243.11529814999994,210.21471817499992
7800,325,238.58243775000025,186.91285039999997
7801,326,162.48676147500018,196.91978070000002
7802,326,155.6491847000001,159.06159374999993
7803,326,157.63973685000016,147.73071807500003
7804,326,140.596780775,159.0417299750001
7805,326,150.86808430000025,163.03604719999998
7806,326,186.9827428250002,152.29204857500002
7807,326,206.47051097499988,176.19580202499992
7808,326,220.78031710000027,195.3478100499999
7809,326,278.6946043750003,251.90700154999985
7810,326,233.62881757500014,237.2882881499998
7811,326,276.9924804,288.26379645
7812,326,278.23352610000023,268.09230887499996
7813,326,301.92270367500004,258.67510229999993
7814,326,270.81695055,271.93098857499973
7815,326,295.3298616750001,213.7018998
7816,326,253.53947092499993,239.50346752499993
7817,326,247.12592327500005,212.71077917499997
7818,326,289.55909675000044,236.89799512500014
7819,326,262.9057678,215.4449706499999
7820,326,239.9344293000001,261.770927625
7821,326,236.77107452500007,221.73142332499998
7822,326,248.0595324499999,183.79529455000005
7823,326,184.79070617500003,195.35370619999992
7824,326,173.70511002499998,153.09014997500003
7825,327,138.4480997250002,123.60508797499993
7826,327,143.73614622500008,149.11541295000006
7827,327,200.15022447499996,124.36019927499996
7828,327,198.80221837500002,138.576296825
7829,327,147.56514415000015,114.72373754999987
7830,327,188.26832910000005,150.51080804999992
7831,327,174.262881375,174.80694277499992
7832,327,195.83438722500009,175.85655422499985
7833,327,234.82996400000007,202.48097694999987
7834,327,258.44189377500004,234.23494140000003
7835,327,239.52118042500018,287.81403809999983
7836,327,254.2339069500001,292.37955802499994
7837,327,252.7751054500001,317.99481319999995
7838,327,242.0863057250001,328.11271272500005
7839,327,237.68067880000018,300.38026432499987
7840,327,231.94542437499993,242.13644367499995
7841,327,210.2509166999999,254.56235910000004
7842,327,190.91762834999997,237.96943149999998
7843,327,265.45630217499996,230.36779302500003
7844,327,234.58070830000005,238.88158037499988
7845,327,277.22033009999996,220.53359337499992
7846,327,230.39133847499983,240.6158319
7847,327,194.75975060000013,215.92164687499994
7848,327,166.07302967500027,213.02105072499984
7849,328,148.93516620000003,155.24612355
7850,328,172.20715537500013,206.63083062500002
7851,328,133.82754515000002,161.25180852499994
7852,328,139.72034410000003,163.73105202499994
7853,328,127.33147505000002,158.468586375
7854,328,160.56071835000006,178.31709495
7855,328,219.971013575,197.9432067749999
7856,328,238.606784425,216.1690808749999
7857,328,213.83840137499993,225.395667775
7858,328,232.47523142500017,277.37246352499983
7859,328,235.45184154999993,285.121379875
7860,328,227.50360580000012,259.2712211999999
7861,328,241.50114487500008,284.0359677750001
7862,328,242.1749312750003,214.4801057
7863,328,230.2197455500003,236.71430815000002
7864,328,232.6672444749999,193.2838761499998
7865,328,233.29063032500036,163.98482072500016
7866,328,226.2249228250002,235.03235542500002
7867,328,248.5190345750002,206.50366007500003
7868,328,249.20737900000015,281.7749749249999
7869,328,268.17157380000015,251.84019922499994
7870,328,266.20101667500046,211.97797702499992
7871,328,228.45370752500008,190.19194549999995
7872,328,159.78832740000001,174.44048322499992
7873,329,152.64612095000007,150.86024082499995
7874,329,119.59148562500008,134.86439235
7875,329,124.72770134999993,172.78788557499996
7876,329,138.30075782500012,179.0065714999999
7877,329,147.52181984999999,157.99623382499996
7878,329,177.69791682500005,169.08068439999997
7879,329,177.7813706500001,184.9165375749999
7880,329,193.98821835000018,217.323383025
7881,329,163.45575257500013,254.50881889999988
7882,329,149.20590220000008,214.19878749999975
7883,329,176.1311272000001,240.0368582999999
7884,329,166.262072675,301.6231765
7885,329,184.46113839999992,289.40484637500003
7886,329,213.4227066500001,320.51687230000005
7887,329,223.51188235000006,273.89309180000004
7888,329,228.66373895000038,277.359630175
7889,329,198.33958037500005,220.45336419999987
7890,329,220.10867620000025,224.38376735000014
7891,329,227.32370360000016,199.83589067499983
7892,329,271.64394064999993,229.05533074999988
7893,329,242.54722605000018,252.00686572499995
7894,329,208.46766539999993,206.91680490000005
7895,329,220.54586202500008,175.239428525
7896,329,185.37174807500014,149.9336257249999
7897,330,133.31621697500012,122.50210187499997
7898,330,133.54036492499992,112.17332095000003
7899,330,176.66280000000006,105.96974097500004
7900,330,162.91705982500008,148.90932804999994
7901,330,157.29290797500005,135.703623
7902,330,177.28675597500012,149.52433669999996
7903,330,214.743369675,117.93570500000001
7904,330,251.7738234250002,208.45023282499994
7905,330,236.73583434999998,202.21538872500003
7906,330,272.5629633250003,288.7971786249999
7907,330,209.06980545000008,212.12520612499986
7908,330,246.95122852500026,233.43945587499985
7909,330,259.6411733000002,230.36315312499988
7910,330,340.2170080000004,248.47325879999988
7911,330,296.80397925,195.18551187500003
7912,330,255.64658690000022,203.09594687499984
7913,330,220.9239686500002,224.7380186750001
7914,330,284.922025475,228.789746575
7915,330,237.84565442500008,294.50922617500004
7916,330,280.6471124500001,261.48318869999997
7917,330,284.08215377500017,277.72004515
7918,330,305.06343807500025,335.28506932499977
7919,330,214.5835610250001,252.99553605
7920,330,205.716251,216.498679875
7921,331,150.92220612500014,193.04383139999993
7922,331,147.93451685000014,151.57987864999998
7923,331,147.22036470000018,206.32141137500003
7924,331,133.92046165000022,209.05268335
7925,331,158.06208025000007,205.11039922499987
7926,331,169.93616652500017,205.09559234999995
7927,331,183.80530130000005,239.99571502499995
7928,331,265.6203245250001,221.4815988
7929,331,233.21159352500013,227.26309947499985
7930,331,269.96152962500025,248.35084007499987
7931,331,244.97886792500006,200.0592111250001
7932,331,281.44924822500025,203.63325855000002
7933,331,257.1276078500003,206.0724408499999
7934,331,284.3111678000005,245.3387626
7935,331,244.54368600000015,223.40663919999966
7936,331,261.66442452500013,219.570521575
7937,331,331.03233975000023,207.13480512499987
7938,331,346.80629810000005,230.52155982500005
7939,331,298.18538020000005,256.39262935
7940,331,255.88998152500022,260.06927629999984
7941,331,285.2117072500002,196.37958069999985
7942,331,281.69864347500004,187.68906550000014
7943,331,200.1063494500002,287.94272420000004
7944,331,183.5937987999999,230.229386825
7945,332,178.20803474999997,136.97638662499992
7946,332,138.8980667250001,169.40578752499994
7947,332,140.39591130000005,164.820493775
7948,332,156.30175685000003,166.21489904999999
7949,332,210.22884787499999,152.89200952499988
7950,332,184.819611325,171.97282089999993
7951,332,232.44427612500004,195.78571787500005
7952,332,239.83400330000006,251.03318372499996
7953,332,270.2307067500002,300.55837127499973
7954,332,267.59128062500014,274.79458502499983
7955,332,264.088098225,276.06904202500016
7956,332,315.98049000000015,248.70704880000008
7957,332,337.463941275,271.2681653500001
7958,332,288.70359395,247.02968609999994
7959,332,292.56612795000046,204.05878817499985
7960,332,197.36459847500015,209.15193939999995
7961,332,235.94309675000017,204.43442492499992
7962,332,247.43025859999995,273.4531149500001
7963,332,269.36268955000014,247.71240502499995
7964,332,231.86970377499995,242.14522937499981
7965,332,281.7971937750001,228.19646949999992
7966,332,231.61427944999997,210.68159267500008
7967,332,225.99321497500006,195.80707744999992
7968,332,192.54566864999998,159.88003489999988
7969,333,154.146859925,144.21073654999998
7970,333,119.48066350000016,158.30250794999995
7971,333,126.03924115000012,151.99129692499992
7972,333,145.55457357500006,120.78749147500005
7973,333,157.65861897500005,161.14653037499988
7974,333,190.86363444999998,215.40077789999984
7975,333,170.9845661750002,225.7066951999999
7976,333,199.2542485500001,281.450874475
7977,333,266.18698645000006,226.44058737500004
7978,333,296.74945990000015,267.512666375
7979,333,288.40031850000014,276.63784539999995
7980,333,265.04433632499996,296.8058305500001
7981,333,305.44514375000006,283.5806864250002
7982,333,257.75358495000023,338.188164925
7983,333,260.44148562500015,272.8180282250001
7984,333,273.042934875,240.79675452499987
7985,333,251.6058089,234.3434630249999
7986,333,218.82177117499992,216.05471337499984
7987,333,243.63945447500015,244.26084439999994
7988,333,241.018442725,318.3894687999999
7989,333,246.33515422499997,239.21575264999996
7990,333,238.28796957500003,195.95808617499995
7991,333,171.46350454999998,215.043722275
7992,333,174.62371135000006,221.78548634999999
7993,334,195.0956318250001,144.847796625
7994,334,155.3171789000001,167.810659775
7995,334,168.04191705000005,151.8908635499999
7996,334,161.7498868,133.52358889999988
7997,334,198.72899407500012,176.2031844
7998,334,188.06310175000002,195.616099
7999,334,225.64368000000005,210.683208075
8000,334,290.46816394999996,241.84530780000003
8001,334,270.4157038500002,255.2961231249999
8002,334,274.3656277500002,352.90221429999986
8003,334,363.76941542500003,313.2875656749999
8004,334,362.2314775750003,326.1083508500001
8005,334,293.0391888500001,277.3471643249999
8006,334,332.6881710250001,262.3985400750001
8007,334,290.12361527500013,275.449863425
8008,334,284.1724263750001,289.4205860500001
8009,334,244.13389792500004,252.64896687499999
8010,334,265.92694662499997,323.8532421
8011,334,232.44063647500025,289.141612425
8012,334,262.84575807500016,276.65929549999987
8013,334,181.9190680750001,266.955648825
8014,334,207.64866615,233.74630429999996
8015,334,189.7510564250001,238.8597653500001
8016,334,212.58061700000013,190.91678784999993
8017,335,181.8256158000001,188.71389232500002
8018,335,149.18264700000003,185.86021934999994
8019,335,159.43771260000005,173.877031725
8020,335,139.23830267500006,141.45335254999992
8021,335,164.12219315000004,126.95554759999996
8022,335,195.66133795000013,147.90805382499997
8023,335,199.51106439999984,185.44973627500002
8024,335,251.301883125,212.37613122499994
8025,335,208.16391965000034,227.86901272499992
8026,335,238.16219455000038,287.2682766500001
8027,335,294.95457310000023,337.5504689249999
8028,335,326.3802373000003,270.3328672749997
8029,335,261.1984789500003,254.70929897499988
8030,335,247.61360775000003,202.56122789999978
8031,335,225.5590954249999,158.8898446999999
8032,335,256.859637425,217.6984576750001
8033,335,279.0940701999999,247.29719509999987
8034,335,223.64389185000027,280.2298495
8035,335,237.55308639999996,265.5235355249999
8036,335,201.10622737500012,228.7017804499999
8037,335,172.45116212500022,292.4629553499997
8038,335,248.92246697500025,285.395786225
8039,335,174.52973907500012,192.59719389999998
8040,335,150.1603703500001,199.35299114999987
8041,336,139.9116074000001,212.15584704999986
8042,336,177.13724592500017,202.3835153749999
8043,336,154.1214399000001,181.43696872499999
8044,336,159.91890277499994,159.18363282500002
8045,336,159.57579512500007,183.593593875
8046,336,144.59335742500002,175.16705170000003
8047,336,183.85106407500024,207.58902410000002
8048,336,192.04066127500008,254.03834727499986
8049,336,246.8280284750003,257.1667001749998
8050,336,258.85358362500006,227.1226392749998
8051,336,253.6120147500002,233.32180419999992
8052,336,252.37564775000004,253.16958934999985
8053,336,233.69465230000014,226.76423507499993
8054,336,269.71105315,199.5558049249999
8055,336,236.08449135000015,270.3063311750001
8056,336,264.8014968250001,240.14168104999987
8057,336,271.2875182250001,200.25269509999993
8058,336,235.02665405,212.63081507499987
8059,336,293.01410137500034,265.92334117499985
8060,336,321.96133125000006,252.67853285000007
8061,336,280.2233749,210.70091455
8062,336,270.4685987750001,225.25058184999978
8063,336,253.83312632500008,229.69839472499999
8064,336,179.010386675,180.14058912499996
8065,337,128.37892440000005,184.17173635
8066,337,139.43138832500003,165.97887807499995
8067,337,134.21894877500017,131.35819387499993
8068,337,141.65668577500006,139.54027742499986
8069,337,186.91511695000014,189.77221977499994
8070,337,185.45926280000015,192.2030418749999
8071,337,169.36867590000003,210.4006413749999
8072,337,189.17942475,270.383290075
8073,337,300.61276817500016,241.91661350000004
8074,337,270.1836960750004,295.31977977500014
8075,337,302.42408750000016,286.85923855
8076,337,301.6004397250001,253.48705185000014
8077,337,255.97232947499998,332.9983239999999
8078,337,286.8354251500001,311.35654302499995
8079,337,284.86908802500005,264.5334859249999
8080,337,280.5900158000002,238.82602810000003
8081,337,277.0744630500001,289.6959320000001
8082,337,338.52138552500037,265.16583049999986
8083,337,331.03006365000033,224.39985544999988
8084,337,304.29414242500025,284.28169675000004
8085,337,313.29041350000034,257.40236012499986
8086,337,252.79891697500022,238.50296324999994
8087,337,233.15125669999983,194.27109700000005
8088,337,159.47910577500002,205.23931364999993
8089,338,183.75329905000004,156.66578297499996
8090,338,206.72096592500003,156.33425607499996
8091,338,170.48650445000027,124.63511255
8092,338,149.43110792500002,103.27171360000008
8093,338,150.63398292500005,126.39625147499996
8094,338,179.68301455000008,171.55313772499994
8095,338,240.11614544999998,195.9556003750002
8096,338,247.2793595,248.09226707499994
8097,338,260.2595382000003,250.82240727500002
8098,338,243.44999875000016,260.328943575
8099,338,269.1711057500006,242.09519440000003
8100,338,237.97431515000005,229.65871592499988
8101,338,280.4216665250001,250.31435077499992
8102,338,318.15528240000026,269.0101540999999
8103,338,284.3108874750002,257.1767290999998
8104,338,277.610302875,251.97986424999988
8105,338,248.48850042499987,289.88044742500006
8106,338,201.18532722500007,272.97942627500004
8107,338,233.43670015000032,277.55876774999984
8108,338,300.34209455,312.428129025
8109,338,323.39488587499994,232.4933267750001
8110,338,309.2090118500003,218.13496057499984
8111,338,205.2552961000003,220.06628004999988
8112,338,182.2053380500002,248.581908675
8113,339,173.67791095000013,167.97320069999995
8114,339,159.6274573750001,163.20675642499995
8115,339,156.05663997500005,173.73203657500005
8116,339,202.3620393750001,171.57763927499997
8117,339,174.6767202750001,201.921962625
8118,339,183.9385996750001,212.9110943499999
8119,339,198.31836617499985,283.1670253249996
8120,339,202.70567977499996,248.80733494999993
8121,339,231.50370135000009,275.1278996749999
8122,339,275.2425134000001,258.84938265
8123,339,261.12691070000005,283.70234029999995
8124,339,242.0984288500001,278.6613063999999
8125,339,275.95464037500005,334.44113525
8126,339,267.1716517500003,325.22435284999995
8127,339,300.2998572250001,278.9241065499999
8128,339,282.17001755,299.76024745000007
8129,339,279.4512313250002,338.7843970749998
8130,339,266.8782000000001,316.66445912499984
8131,339,261.5468304000004,305.20522017499985
8132,339,305.1977140500003,332.95857242499983
8133,339,300.51206732500003,341.5431133999998
8134,339,252.63777072500014,204.238013425
8135,339,214.25086152499995,228.67594449999993
8136,339,224.71009387500035,167.9945201
8137,340,189.59124482500005,193.79532289999995
8138,340,153.55574915000003,205.18821144999993
8139,340,168.564400325,168.56616754999988
8140,340,201.5843701750001,134.04888954999998
8141,340,201.97698757500012,148.968682925
8142,340,217.23844419999992,175.91046999999998
8143,340,239.47700605000028,233.40174849999983
8144,340,222.15886817500007,265.48905234999995
8145,340,264.5795172999999,224.23908449999996
8146,340,277.40873400000004,282.8193760250001
8147,340,344.2432052500001,342.30394567500014
8148,340,284.7900115000002,319.4875913250002
8149,340,261.67319327500013,245.741927525
8150,340,289.7246938750003,235.25465919999982
8151,340,232.03578965000008,238.87277112500004
8152,340,303.68553685,275.086796725
8153,340,287.78022907500036,292.9552586500001
8154,340,256.0406057000003,305.87730254999985
8155,340,386.1383333749999,342.5632602749999
8156,340,270.61483165000004,297.7590044750001
8157,340,341.5039776500002,329.73033484999985
8158,340,251.75389610000016,267.8720858999998
8159,340,244.29305967500005,247.01207765000004
8160,340,246.17000060000024,237.81764005000002
8161,341,239.8492147,176.74591407499997
8162,341,220.6005497750001,168.82937230000002
8163,341,208.1810257250001,174.20030202499993
8164,341,220.4345944250001,148.67082240000002
8165,341,171.40497162500014,180.34150997499995
8166,341,232.9288376,170.39781807499992
8167,341,252.7982303250002,210.93610917499984
8168,341,273.3610884750001,231.29432557500002
8169,341,252.68582307500014,246.2861027500001
8170,341,282.72534835,204.0991437999998
8171,341,204.88770597499996,227.50782722500009
8172,341,189.2368924,279.25037519999995
8173,341,271.70245375000025,283.2019023249999
8174,341,235.86494197500002,273.49501017500006
8175,341,229.57894957500005,300.44095367499983
8176,341,237.1057951749999,329.5336036499998
8177,341,274.86299485,270.0937044249997
8178,341,265.51288627499986,246.13731312499993
8179,341,250.0314450750001,257.148674525
8180,341,291.8679807000001,218.71185502499983
8181,341,251.9802740000003,247.9103655250001
8182,341,242.58477812500018,247.99669957499987
8183,341,196.59115975000014,227.76006512499993
8184,341,220.3530180000002,213.04430397499988
8185,342,191.92252780000013,170.05179624999994
8186,342,140.01002555000008,151.75921337499997
8187,342,143.78465494999998,177.99798279999993
8188,342,155.22200207499998,155.55345169999998
8189,342,168.43879720000004,170.25516489999995
8190,342,149.45181372500008,149.8117022250001
8191,342,164.7531261250001,195.95408980000002
8192,342,224.30880755000015,208.316468175
8193,342,254.1435727000001,228.20612369999992
8194,342,203.37748750000014,227.37543617500012
8195,342,224.34547414999997,349.9643223249998
8196,342,251.53402557500007,253.34381904999998
8197,342,235.388265125,268.57373094999986
8198,342,242.24734197499987,270.0882756749998
8199,342,234.72914787500008,218.7247765499999
8200,342,215.52696652500003,220.76467017499982
8201,342,221.6573275249999,234.28454249999987
8202,342,271.3790002500001,213.97142142500002
8203,342,203.87439992499998,228.86718324999995
8204,342,216.4325327500003,236.72134954999967
8205,342,248.87761555000003,221.5803756749998
8206,342,268.10585652500015,191.08936017500005
8207,342,211.73138270000024,186.39639080000006
8208,342,157.49452999999994,186.66619314999994
8209,343,155.01680315000016,155.59823425
8210,343,146.6241476000002,155.81788877499997
8211,343,155.3487873750001,151.96275537500003
8212,343,128.94040984999995,162.65210499999992
8213,343,158.55154937500015,143.02677247499997
8214,343,154.03421022500004,201.936528625
8215,343,157.27745419999997,176.453157325
8216,343,172.85227887499997,175.60291257499983
8217,343,238.61814054999994,202.5611091000001
8218,343,179.0223775250002,244.9794757499999
8219,343,240.65160032500012,263.3869099499999
8220,343,289.91931807500004,243.59244460000014
8221,343,256.7673400500001,233.3006967749999
8222,343,175.00416182500004,231.37256117499993
8223,343,180.748398,213.15876339999983
8224,343,217.5490626250002,198.650935725
8225,343,250.19692670000023,216.0639832249999
8226,343,220.8563398000002,206.95383989999988
8227,343,315.3366055000005,295.6517273
8228,343,295.6157736,285.41432835
8229,343,316.4179623750001,310.19499067500004
8230,343,309.5001319500001,233.50680515000005
8231,343,248.20392332500012,189.08537082499993
8232,343,198.11549347500005,186.76450134999993
8233,344,126.07326667500011,150.62253564999992
8234,344,116.73255090000006,148.00306232499997
8235,344,94.16727882500007,177.0282485
8236,344,134.78282232500024,146.42196259999992
8237,344,147.8555077000001,172.14125249999998
8238,344,189.28158357500007,187.7760561
8239,344,222.27796255000004,209.9579005
8240,344,254.05759275000025,263.80756949999994
8241,344,306.28149850000045,212.3437887249999
8242,344,319.42464029999996,275.5366508249998
8243,344,283.6187861500001,248.1415976499998
8244,344,305.63906125000017,249.6872647749999
8245,344,291.9030545750002,312.22165202499997
8246,344,237.42041795,276.45717462499994
8247,344,236.82833242500027,245.8019297499998
8248,344,277.3509312749999,243.037473925
8249,344,215.14239742500018,229.37067727500002
8250,344,260.24081292500034,233.11542927500008
8251,344,291.710550175,304.43756625000003
8252,344,251.37881200000044,288.6634806999999
8253,344,228.22887169999984,232.936142575
8254,344,227.0589510250001,281.44098322499985
8255,344,195.57862620000031,247.7531656999999
8256,344,191.8832503999999,190.71041972499992
8257,345,177.0411547500001,171.25243944999994
8258,345,178.89929239999998,164.99737367499992
8259,345,170.14329355000007,176.19855734999993
8260,345,229.08813972500008,178.856642625
8261,345,209.59785717499994,148.52840792499995
8262,345,257.9566811750001,179.86311927499986
8263,345,183.01826660000026,173.55914952499984
8264,345,237.9240708500003,178.36797857499988
8265,345,174.04882277500013,242.00554910000005
8266,345,274.2918478000001,220.4073736499998
8267,345,265.949261825,281.70451805000005
8268,345,244.178834225,285.2827289999999
8269,345,288.2995332499999,240.4996691499998
8270,345,277.962659375,275.68074224999987
8271,345,301.1882494250002,204.88230352499994
8272,345,243.77237042500025,272.9411337000001
8273,345,268.2430510500004,284.26343335
8274,345,284.23141,228.58400327499993
8275,345,244.7547692000001,279.7404844000001
8276,345,269.72152652500006,296.9040172749999
8277,345,270.02296685,294.9252220999999
8278,345,250.2327526250003,279.3234340999997
8279,345,221.953397025,263.20940222499985
8280,345,219.37693202499986,234.95168640000003
8281,346,190.80886762500003,167.36754602499997
8282,346,212.56628444999984,185.24467204999996
8283,346,233.42551547499994,175.68498062500004
8284,346,194.11212504999997,193.44759872499998
8285,346,186.13531925000007,186.63479949999999
8286,346,213.63332802500017,197.745115675
8287,346,235.84617120000013,216.86070185
8288,346,247.11162340000016,212.31893925000003
8289,346,319.2582989750005,274.89782769999994
8290,346,243.25045835000014,337.582954425
8291,346,278.3598775500002,291.3620900999999
8292,346,259.49504782500003,331.4788414250001
8293,346,278.178963075,311.952436325
8294,346,307.7957983750001,290.81583165000006
8295,346,254.2185141249999,248.0390019249998
8296,346,250.49461667500003,219.285462375
8297,346,246.12777517499995,209.0300191
8298,346,268.5806563250002,275.55836429999994
8299,346,293.3840666750002,293.11466737500007
8300,346,257.43273622500016,267.67591392499975
8301,346,278.12802680000016,231.6652370499999
8302,346,284.8218415,260.0581856
8303,346,268.1538511500001,227.44479159999992
8304,346,234.21400280000006,207.75663609999998
8305,347,139.40550690000006,156.583389675
8306,347,147.43828782500003,202.41758424999995
8307,347,150.53731472500021,138.92012299999993
8308,347,151.51129457500016,145.985390525
8309,347,118.6263075,189.00009632499996
8310,347,152.32829689999994,211.5573919749999
8311,347,157.0031892250001,241.85913270000015
8312,347,232.09959177500008,286.1522361249999
8313,347,250.1733459250001,302.35913825
8314,347,299.56023112500026,317.7769003000001
8315,347,305.81557835,330.22530929999994
8316,347,265.63291200000026,335.6563326249998
8317,347,280.010796875,314.9336103499998
8318,347,253.2835015000001,272.983231625
8319,347,232.07682842499997,283.869306025
8320,347,337.1628349750002,272.744619125
8321,347,251.50074237500024,253.27779937500014
8322,347,275.70128597499996,302.16298077499994
8323,347,303.58992902500006,320.27827277500006
8324,347,364.1084328750002,315.2188359749998
8325,347,289.97746220000045,275.2324349
8326,347,264.59927612499996,292.71479220000003
8327,347,235.342828375,255.3385194999999
8328,347,181.73308920000008,208.15883520000006
8329,348,197.47807000000017,146.68862770000007
8330,348,151.12038442500005,128.42957832499997
8331,348,161.5199818499999,141.25738100000007
8332,348,205.16022392500008,132.03833709999998
8333,348,185.78436810000008,145.97321262500003
8334,348,193.51182220000007,201.17005147499998
8335,348,255.50878250000036,235.15233490000008
8336,348,251.54044550000003,223.47654642499975
8337,348,259.03750735000006,217.2354718999999
8338,348,251.30872570000028,232.14463349999994
8339,348,331.47814425,240.12117394999996
8340,348,328.08159207500023,232.80398344999986
8341,348,227.06497372500007,282.4439253749998
8342,348,251.79467610000012,328.5848738249999
8343,348,215.19697312500006,223.51878977500007
8344,348,241.25853457500017,281.70048967499974
8345,348,277.937741125,269.56873177499995
8346,348,266.3719546750002,275.649462375
8347,348,286.7732934000001,318.587949725
8348,348,306.3222127500004,286.4410991
8349,348,247.71696350000042,275.3473116999998
8350,348,293.8470026000002,278.36113254999987
8351,348,241.7767652749999,249.2952405749999
8352,348,232.32326704999994,193.209533625
8353,349,175.01566287499992,170.84753169999996
8354,349,210.42689917500007,216.64539400000004
8355,349,193.30506657500007,196.4327299
8356,349,202.6686529750002,148.335174175
8357,349,156.2330721500001,184.00698577499998
8358,349,170.59501397499992,222.9655178
8359,349,194.0962166,214.05114194999982
8360,349,236.31618090000018,231.9281570999999
8361,349,247.79598407500012,200.66263757500008
8362,349,245.17172080000012,228.24384142500008
8363,349,247.14934097499992,280.8548804499999
8364,349,294.6100555500001,281.1846971249998
8365,349,279.09688352500007,259.2341018750002
8366,349,313.1083820500001,218.42466317499995
8367,349,321.7205425250009,244.53642820000002
8368,349,250.31439517500024,259.0262965249999
8369,349,260.078183,256.5149610250001
8370,349,288.83076745000005,229.75763090000004
8371,349,254.15203110000004,203.63565455000008
8372,349,264.3836783,232.33325344999997
8373,349,274.427865025,245.88585215000012
8374,349,237.10547097500017,242.2873313249999
8375,349,269.96628970000023,226.45802939999982
8376,349,244.75125092499988,235.03614567500003
8377,350,177.9737028,181.4973680749999
8378,350,216.63914065000003,137.19412572500005
8379,350,210.06323885000018,146.53244152499997
8380,350,201.31862175000012,167.67214095
8381,350,171.00578055000005,161.87730874999994
8382,350,190.9472239999999,151.18116027499985
8383,350,178.02341599999997,213.11203557500005
8384,350,200.1016404000001,154.21406230000008
8385,350,223.9699147250001,217.27597307499988
8386,350,227.83651287500007,238.617723575
8387,350,233.0311849499999,238.27281704999984
8388,350,271.05930605000015,217.62397269999985
8389,350,258.3288679500002,205.12607394999975
8390,350,217.91865420000005,258.43830085
8391,350,238.77078712500006,211.27906217499992
8392,350,297.4137945,162.2169619249999
8393,350,253.294811125,190.836502
8394,350,264.40358304999995,253.57566622499996
8395,350,235.9843775249999,240.75324437499995
8396,350,269.08427565,261.3966872
8397,350,265.46372660000003,223.16287477499995
8398,350,225.26759842500016,245.75819922499988
8399,350,195.1933173000001,247.10371349999997
8400,350,184.54562592499997,213.04923007500003
8401,351,146.20684050000017,175.2560038499999
8402,351,129.4943116500001,166.86789132500002
8403,351,197.60355060000006,144.9286985
8404,351,172.48663140000008,134.01731247499995
8405,351,167.1697361750002,160.67079672499995
8406,351,197.32478054999996,178.43383477499992
8407,351,206.401485325,204.76732272500004
8408,351,298.7241118500002,151.20090327499992
8409,351,248.79984887499998,188.28528417500002
8410,351,299.32610410000007,255.59451752499982
8411,351,226.79286797500004,365.56602544999987
8412,351,206.98549667499992,275.44112557500006
8413,351,318.9499260000001,296.949506175
8414,351,273.1529534750001,264.7791113999999
8415,351,321.78194820000044,217.97354834999993
8416,351,286.49716770000003,248.74687767500006
8417,351,293.1875254250004,308.15166697500007
8418,351,294.09294890000024,308.3122635500001
8419,351,274.4331460000001,309.18253045000006
8420,351,270.1775760500001,251.91160019999995
8421,351,290.5489024500001,238.17293327500008
8422,351,220.67368009999996,220.36618744999998
8423,351,213.80009385000002,201.07113922499997
8424,351,183.03486332499998,198.47664967499995
8425,352,172.6152313250001,174.85169702499996
8426,352,139.47752367500016,148.50988710000001
8427,352,147.1790771000002,120.70057172500003
8428,352,155.457894575,129.6344540999999
8429,352,169.85340712500016,166.83126959999996
8430,352,221.15819547499996,207.1443608749999
8431,352,246.46581855000005,184.78195987500004
8432,352,295.196064125,232.92534024999986
8433,352,291.6400231250001,279.25315117500014
8434,352,331.12224652500026,308.5381217999999
8435,352,331.17484897500003,339.95484962499995
8436,352,343.4428475750001,291.8505126499998
8437,352,290.7449597,299.4518351749998
8438,352,292.0588305000001,298.3481219250001
8439,352,300.5465697,225.5846650750001
8440,352,281.32411075000016,227.86487457499996
8441,352,262.61270245000014,227.01294717499982
8442,352,290.3507052000001,328.49284217499974
8443,352,326.0882310999999,304.33096739999996
8444,352,307.37513140000044,311.3128590749997
8445,352,433.2944501500002,290.57067354999987
8446,352,273.6556058000002,241.91094530000007
8447,352,245.2632786750001,215.19881815000002
8448,352,212.347157225,181.90676787499996
8449,353,180.6880823000001,177.33237680000002
8450,353,177.32669335000008,188.61009640000003
8451,353,150.81579037500012,191.00287752499997
8452,353,188.31930142500002,159.90012159999992
8453,353,169.42506907500018,179.20914882500003
8454,353,190.94407387500007,225.22139050000004
8455,353,219.03033457500018,262.224087125
8456,353,238.83407162500015,282.39347062499985
8457,353,264.6296991250003,289.05715369999996
8458,353,272.86533625000004,301.28026072499995
8459,353,270.28841010000014,322.0444560499999
8460,353,242.31662745000023,295.7273512500001
8461,353,265.003311125,307.74220717499986
8462,353,301.38632830000006,250.1431474750001
8463,353,182.53402145000027,244.92564405000005
8464,353,261.2044799499999,294.8489448749998
8465,353,276.75946897500023,287.0343805499999
8466,353,269.8349585500001,257.7960520999999
8467,353,264.4949789,266.83697809999995
8468,353,346.50812569999994,271.180370825
8469,353,285.3889003000001,213.40234912500006
8470,353,298.157421775,272.82535522499984
8471,353,296.33011795000004,259.464625725
8472,353,261.28661992499997,203.32780855000001
8473,354,163.95407325000025,174.94824214999988
8474,354,197.01497655000003,174.66594262500007
8475,354,211.92695020000022,211.958592825
8476,354,207.3469086499999,183.8217205
8477,354,209.6483309,252.8299856249999
8478,354,204.07410709999994,198.93979835
8479,354,235.53217042500017,294.1134986999998
8480,354,276.67966460000014,242.75464957500003
8481,354,289.1846696000001,282.23144812499993
8482,354,281.07362285000016,252.7538331250002
8483,354,300.10238975000016,284.78272572499986
8484,354,305.62055580000026,249.90290975000005
8485,354,261.37172500000014,281.1380828749999
8486,354,241.63530062500013,281.07889147499986
8487,354,254.06387825000007,270.70592369999997
8488,354,266.07759919999995,239.7903626999999
8489,354,227.21785265000028,233.06409004999995
8490,354,279.5429634750001,279.47704272499993
8491,354,234.07075939999993,271.820523525
8492,354,251.9210715000001,290.9687328499999
8493,354,297.948161475,273.3653845250001
8494,354,289.1100778000001,242.70679292500006
8495,354,246.33703397500005,234.91275217499998
8496,354,249.6366935500002,245.57720179999984
8497,355,211.81554779999982,220.61580767499999
8498,355,194.52093210000032,208.27035262500004
8499,355,222.63962790000005,215.66344107499998
8500,355,262.6333700750002,197.39027827500001
8501,355,201.3718399500001,193.6564292999999
8502,355,220.0026844499999,248.12014519999997
8503,355,266.83200765000043,266.32839082500016
8504,355,249.72167760000008,250.2443783
8505,355,189.75887784999998,225.13703179999982
8506,355,276.7182916500002,268.349814075
8507,355,266.2939311500003,283.75029537499995
8508,355,238.19037512500017,342.6833332750001
8509,355,225.03453597500015,278.8192882999998
8510,355,269.759997,278.01093325
8511,355,312.38234887500033,295.961284125
8512,355,221.174538375,261.22775657500006
8513,355,304.6630419500003,233.70768717499988
8514,355,288.80187749999993,215.19800290000006
8515,355,263.54777402500014,286.08712622500013
8516,355,258.3870772749999,251.3747338999999
8517,355,214.27944344999992,311.46084865
8518,355,276.91512072500024,232.853859675
8519,355,193.9434475750001,270.7917773499999
8520,355,204.37252667499985,208.9247684499999
8521,356,147.55940057500004,175.0066090999999
8522,356,146.7834838000001,138.7343454249999
8523,356,120.66319697500013,148.95939324999995
8524,356,127.87445942500003,153.07608057499993
8525,356,162.6130877,140.08194972500002
8526,356,189.94355000000007,152.94778810000003
8527,356,187.64619907500006,210.9280506
8528,356,183.23326660000012,203.95875074999992
8529,356,222.08814012500017,219.19819057500004
8530,356,296.5481430250001,262.72438402499967
8531,356,309.6325427250002,249.535692525
8532,356,271.736721425,277.76250372500016
8533,356,264.2151030000001,248.59317512499985
8534,356,259.2526940249999,226.3968071
8535,356,246.3516443499999,206.32996742500004
8536,356,220.9151103750001,232.52134167499992
8537,356,186.73851652500008,229.53150014999989
8538,356,235.43455622500014,236.80494950000016
8539,356,236.19554060000033,257.467633025
8540,356,215.8568106000002,253.4920917999999
8541,356,230.17060297500007,240.73179512500013
8542,356,273.42958845000004,231.1339904749999
8543,356,241.57288422500017,206.62982389999996
8544,356,224.47079085000024,175.34828620000002
8545,357,156.31024930000004,152.25644259999993
8546,357,156.43151170000016,163.52463334999985
8547,357,187.40197832500002,149.87874989999995
8548,357,132.03500434999995,169.6416556499999
8549,357,139.03258692500015,158.49873782500006
8550,357,174.85383842500016,194.9927275
8551,357,186.8459363250002,205.579221775
8552,357,217.73516360000022,195.89433855
8553,357,228.91416707500008,242.87457172499978
8554,357,205.29680972500017,277.9147795000001
8555,357,242.0142413750001,293.71093014999985
8556,357,273.82601674999995,263.3675658250001
8557,357,258.5115107000004,246.78860619999978
8558,357,247.37295935000037,257.91813010000004
8559,357,226.72924227500005,258.49372859999994
8560,357,240.80020202500015,205.74974612499994
8561,357,187.35420434999997,200.92320464999995
8562,357,236.03319175000007,252.92812602499976
8563,357,207.80619159999998,234.4197855500001
8564,357,268.2305090750001,241.8424412249998
8565,357,316.521083825,206.326791125
8566,357,269.85858825000025,206.3685878999998
8567,357,211.86077455000012,182.23997207499986
8568,357,177.65424407500024,149.8256899
8569,358,129.06890870000007,158.18795067500002
8570,358,121.57663334999994,119.23760057499999
8571,358,122.46942130000005,109.36887455000004
8572,358,142.87085942500008,129.56157225
8573,358,144.99042270000018,146.94166497499992
8574,358,174.38619875000012,176.50664117499994
8575,358,185.64735877500027,178.69913667500003
8576,358,207.40657047500025,213.9035623749998
8577,358,227.53462845000004,188.449952275
8578,358,198.82414090000017,208.22341840000004
8579,358,290.54383785000005,241.27902970000002
8580,358,237.9286513,279.98022459999993
8581,358,280.97346840000023,299.85638869999997
8582,358,233.22599725000018,276.86858629999995
8583,358,233.74064932500005,263.583756175
8584,358,232.0984958250001,176.1025394999999
8585,358,214.74495280000008,206.45872912499988
8586,358,190.502724225,250.23991889999996
8587,358,227.42231579999998,232.73644320000008
8588,358,218.90422010000003,206.55144792499993
8589,358,198.74121710000006,185.9859326500001
8590,358,191.37523270000005,196.35572682499998
8591,358,220.3133218250001,167.23847335000008
8592,358,200.15411227500005,183.04647835000003
8593,359,162.36857605000006,152.11119655000005
8594,359,145.51180247500002,162.76559329999995
8595,359,183.85728550000033,159.44808659999995
8596,359,155.11113965000035,159.14734584999985
8597,359,172.13004790000014,158.06165287500005
8598,359,127.64873140000002,150.16889390000003
8599,359,177.6374878250002,176.00608090000003
8600,359,176.8377050750001,209.54785987499986
8601,359,162.90628705,208.46349860000007
8602,359,177.28100354999998,264.2312203499998
8603,359,223.01963435,235.4745663999999
8604,359,213.80635432500014,220.44915752499992
8605,359,225.5867436,237.96830299999988
8606,359,249.44698954999998,269.23584919999985
8607,359,235.64293497500032,257.17647287500006
8608,359,234.21121890000006,274.47803784999996
8609,359,244.5644433000001,230.9983412499999
8610,359,234.48097700000008,247.11879487499994
8611,359,218.1647421749999,229.20246752499997
8612,359,259.3930677250003,208.09249112499987
8613,359,191.8770885749999,222.59231554999985
8614,359,215.91154637500003,273.4279371250001
8615,359,166.9876236000002,209.0106274
8616,359,177.7584717500003,215.35402542499986
8617,360,150.07290005000007,154.35640945
8618,360,148.5374397750001,176.0527684499999
8619,360,172.25462070000015,168.61110954999984
8620,360,143.03342237500007,187.74143262499996
8621,360,175.09838305000005,190.76361982499986
8622,360,191.73082855,170.497211225
8623,360,217.77122222499986,196.4921779749999
8624,360,206.22483765000032,249.84823577499998
8625,360,236.62095750000015,287.6150294
8626,360,225.78649162500022,250.81438874999992
8627,360,253.79532187500024,287.4085694000001
8628,360,285.63811092500015,248.34772914999988
8629,360,348.3352889,258.9223577999999
8630,360,251.36707392499994,289.16168239999996
8631,360,266.8541964750003,251.11729512500003
8632,360,273.07196617500017,312.99389692499994
8633,360,261.22084822500017,258.3943506749998
8634,360,279.5332504250003,255.57313280000017
8635,360,297.24267125000006,301.17891529999997
8636,360,250.72110727500007,294.0334812750001
8637,360,230.83874967500014,289.646908575
8638,360,262.62494392500025,225.89576987499984
8639,360,262.63959190000014,181.68066282500007
8640,360,289.2216111000001,182.74315224999992
8641,361,169.69654922500004,176.06837464999995
8642,361,145.98239979999994,129.55216352499997
8643,361,158.24307597500015,141.32584752499994
8644,361,142.91469520000012,176.62460827499996
8645,361,183.03038992499995,237.93229364999996
8646,361,200.4344093500003,213.16011467499996
8647,361,209.87872989999994,299.00368934999983
8648,361,248.27161747500008,238.24547892499982
8649,361,237.33165027500013,287.73376552499985
8650,361,248.98044580000035,303.39834662500004
8651,361,212.984952575,271.907053875
8652,361,192.6229728250001,253.94808519999995
8653,361,239.18265932500023,256.87424662499996
8654,361,224.48434985000014,244.84674432500003
8655,361,169.98935485000027,247.85956234999998
8656,361,212.59538910000006,262.6457696249999
8657,361,271.27227542500015,257.1283354249998
8658,361,263.40079597499994,224.77661142499983
8659,361,221.4438350250001,268.89145507499995
8660,361,331.3953370250001,322.00641669999993
8661,361,256.8276372,290.66240727499996
8662,361,232.35103567500022,234.98689172499982
8663,361,205.2475632750001,189.10932042500002
8664,361,252.90861732500008,212.096656075
8665,362,198.9632280000001,150.316877525
8666,362,166.944570775,172.71030284999983
8667,362,187.33139692500018,170.32214129999997
8668,362,178.48350125000016,191.9603039499999
8669,362,179.91408692499994,200.15376652499995
8670,362,184.18257350000022,213.29763839999993
8671,362,215.28997110000006,196.68635492500007
8672,362,253.1832726250002,240.44087999999988
8673,362,246.3310992000002,222.71959547499998
8674,362,284.34276227500027,233.21032219999995
8675,362,324.4535432250002,339.2198403000001
8676,362,250.88594942500026,274.29838964999993
8677,362,207.78223077499982,240.87410319999987
8678,362,273.8176382250002,223.18310227500007
8679,362,236.18315470000002,259.6217245999998
8680,362,262.28678137500003,241.84198827499998
8681,362,206.5456950250001,225.3735168999999
8682,362,235.51589285,285.85469765000005
8683,362,236.0571097250004,260.59319975
8684,362,216.79385444999986,210.09023455
8685,362,286.36878415000007,207.96695177499987
8686,362,237.07929117499992,214.55937205000012
8687,362,222.4326840250002,187.05583849999994
8688,362,188.5204387,201.802624025
8689,363,155.09664112500002,132.9426462749999
8690,363,186.29459925000015,148.31791547499995
8691,363,189.40053362500015,126.44963705000002
8692,363,173.68581520000006,117.203353325
8693,363,206.44699509999998,141.00295490000002
8694,363,190.1939837250001,172.67947079999993
8695,363,229.08391999999992,217.0050076749998
8696,363,252.6737626500002,246.14006564999988
8697,363,243.020195,265.65382559999995
8698,363,294.7678471000003,270.93123392499996
8699,363,235.59962195000008,287.06957322499994
8700,363,249.5871964000001,213.06019312499996
8701,363,235.17561220000005,251.55413347500001
8702,363,242.4097626000002,208.95342709999989
8703,363,278.0144370250003,233.828545675
8704,363,240.32901515000026,241.74299429999994
8705,363,273.25197235000053,204.26803017499986
8706,363,254.82996345000032,202.75376347499997
8707,363,237.62449720000018,223.31414542500005
8708,363,259.9782438000002,222.9184810749999
8709,363,256.3829819500001,298.7704538250001
8710,363,220.1358118999999,278.5659979999998
8711,363,192.44684002499991,189.637216625
8712,363,166.76018259999995,235.16646984999997
8713,364,150.45888879999998,239.63078602499996
8714,364,162.6534628000001,187.5664955249999
8715,364,141.79630827499997,165.49988167499998
8716,364,176.57069967500001,241.97294069999998
8717,364,204.06251259999996,217.74764164999993
8718,364,193.00928372500016,189.41465565
8719,364,174.97978065000012,212.04195532499998
8720,364,201.21951880000015,218.8745112
8721,364,212.77862584999997,204.3605767749999
8722,364,181.3855278000001,215.17203887499988
8723,364,271.26073235,259.09162464999997
8724,364,276.1456490000003,239.8675653499999
8725,364,269.1663576250004,234.3666495999999
8726,364,259.61059772500045,241.2043870249999
8727,364,237.5398454000001,199.37178975000003
8728,364,219.17371462500012,189.64126752499993
8729,364,222.88429250000002,187.657995525
8730,364,198.20422552500014,229.03551350000006
8731,364,251.8590681750003,241.7439288250001
8732,364,187.21681470000004,264.9353319749998
8733,364,270.5112733750001,229.73466387500002
8734,364,197.03289027499991,263.1686091999999
8735,364,224.2633586999999,254.70361914999992
8736,364,167.81905842500004,235.3126281999999
8737,365,192.58839802500017,141.45963322499992
8738,365,156.51442870000008,121.19015579999987
8739,365,143.72336330000013,163.72441499999996
8740,365,130.54232917500008,155.40161265
8741,365,150.0913354750001,196.33105292500002
8742,365,178.76708350000004,207.04405997499987
8743,365,198.35863187500013,244.351977175
8744,365,208.70790707500004,261.2687981
8745,365,256.40762155000004,220.16502745000003
8746,365,298.08778740000025,222.33705844999986
8747,365,244.38853175000014,314.35778975000005
8748,365,250.9733990750001,307.98323074999996
8749,365,216.86778655000006,276.9975633999999
8750,365,263.7086666249998,244.75808924999995
8751,365,196.74632164999994,216.8067744999999
8752,365,208.83029160000012,237.94699109999996
8753,365,181.89442455000028,286.4300394999999
8754,365,251.97847472500047,244.97782579999983
8755,365,266.74831334999993,231.8652776999998
8756,365,266.23399885000015,238.25497860000002
8757,365,206.64436179999998,207.9474007249999
8758,365,246.20153005000006,255.5739171499999
8759,365,210.58037185000012,175.57205515000004
8760,365,177.01118717500003,153.82214729999998
