variable,value
MIPGap,1.0e-8
FeasibilityTol,1.0e-6
p_DEMAND[1],1999.2199937483945
p_DEMAND[2],1835.3089693684224
p_DEMAND[3],1914.4009717774334
p_DEMAND[4],1974.92200347512
p_DEMAND[5],2069.8828851155495
p_DEMAND[6],2193.078792169788
p_DEMAND[7],2231.227722507155
p_DEMAND[8],1453.1952366484795
p_DEMAND[9],1211.4806273022377
p_DEMAND[10],871.0591415853627
p_DEMAND[11],722.7532281096161
p_DEMAND[12],729.0663156543205
p_DEMAND[13],799.0080587243309
p_DEMAND[14],1081.7209908089185
p_DEMAND[15],1322.6312550569787
p_DEMAND[16],1584.910679900357
p_DEMAND[17],1927.075470585946
p_DEMAND[18],2923.030109439415
p_DEMAND[19],2890.9949648327674
p_DEMAND[20],2793.3320577405466
p_DEMAND[21],2710.8727306150236
p_DEMAND[22],2325.2824080800674
p_DEMAND[23],1824.420777135046
p_DEMAND[24],1647.3994999351032
"p_MAX_GEN[74,1]",2.7999999870411303
"p_MAX_GEN[75,1]",2.7999999870411303
"p_MAX_GEN[76,1]",2.7999999870411303
"p_MAX_GEN[77,1]",2.7999999870411303
"p_MAX_GEN[78,1]",2.7999999870411303
"p_MAX_GEN[79,1]",2.7999999870411303
"p_MAX_GEN[80,1]",9.29999997945702
"p_MAX_GEN[81,1]",9.29999997945702
"p_MAX_GEN[82,1]",9.29999997945702
"p_MAX_GEN[83,1]",9.29999997945702
"p_MAX_GEN[84,1]",9.29999997945702
"p_MAX_GEN[85,1]",9.29999997945702
"p_MAX_GEN[86,1]",9.29999997945702
"p_MAX_GEN[87,1]",9.29999997945702
"p_MAX_GEN[88,1]",9.29999997945702
"p_MAX_GEN[89,1]",9.29999997945702
"p_MAX_GEN[90,1]",9.400000016492502
"p_MAX_GEN[91,1]",9.400000016492502
"p_MAX_GEN[92,1]",9.400000016492502
"p_MAX_GEN[93,1]",9.400000016492502
"p_MAX_GEN[94,1]",0.0
"p_MAX_GEN[95,1]",0.0
"p_MAX_GEN[74,2]",2.7999999870411303
"p_MAX_GEN[75,2]",2.7999999870411303
"p_MAX_GEN[76,2]",2.7999999870411303
"p_MAX_GEN[77,2]",2.7999999870411303
"p_MAX_GEN[78,2]",2.7999999870411303
"p_MAX_GEN[79,2]",2.7999999870411303
"p_MAX_GEN[80,2]",9.29999997945702
"p_MAX_GEN[81,2]",9.29999997945702
"p_MAX_GEN[82,2]",9.29999997945702
"p_MAX_GEN[83,2]",9.29999997945702
"p_MAX_GEN[84,2]",9.29999997945702
"p_MAX_GEN[85,2]",9.29999997945702
"p_MAX_GEN[86,2]",9.29999997945702
"p_MAX_GEN[87,2]",9.29999997945702
"p_MAX_GEN[88,2]",9.29999997945702
"p_MAX_GEN[89,2]",9.29999997945702
"p_MAX_GEN[90,2]",30.299999987260737
"p_MAX_GEN[91,2]",30.299999987260737
"p_MAX_GEN[92,2]",30.299999987260737
"p_MAX_GEN[93,2]",30.299999987260737
"p_MAX_GEN[94,2]",0.0
"p_MAX_GEN[95,2]",0.0
"p_MAX_GEN[74,3]",2.7999999870411303
"p_MAX_GEN[75,3]",2.7999999870411303
"p_MAX_GEN[76,3]",2.7999999870411303
"p_MAX_GEN[77,3]",2.7999999870411303
"p_MAX_GEN[78,3]",2.7999999870411303
"p_MAX_GEN[79,3]",2.7999999870411303
"p_MAX_GEN[80,3]",9.29999997945702
"p_MAX_GEN[81,3]",9.29999997945702
"p_MAX_GEN[82,3]",9.29999997945702
"p_MAX_GEN[83,3]",9.29999997945702
"p_MAX_GEN[84,3]",9.29999997945702
"p_MAX_GEN[85,3]",9.29999997945702
"p_MAX_GEN[86,3]",9.29999997945702
"p_MAX_GEN[87,3]",9.29999997945702
"p_MAX_GEN[88,3]",9.29999997945702
"p_MAX_GEN[89,3]",9.29999997945702
"p_MAX_GEN[90,3]",25.000000019289683
"p_MAX_GEN[91,3]",25.000000019289683
"p_MAX_GEN[92,3]",25.000000019289683
"p_MAX_GEN[93,3]",25.000000019289683
"p_MAX_GEN[94,3]",0.0
"p_MAX_GEN[95,3]",0.0
"p_MAX_GEN[74,4]",2.7999999870411303
"p_MAX_GEN[75,4]",2.7999999870411303
"p_MAX_GEN[76,4]",2.7999999870411303
"p_MAX_GEN[77,4]",2.7999999870411303
"p_MAX_GEN[78,4]",2.7999999870411303
"p_MAX_GEN[79,4]",2.7999999870411303
"p_MAX_GEN[80,4]",9.29999997945702
"p_MAX_GEN[81,4]",9.29999997945702
"p_MAX_GEN[82,4]",9.29999997945702
"p_MAX_GEN[83,4]",9.29999997945702
"p_MAX_GEN[84,4]",9.29999997945702
"p_MAX_GEN[85,4]",9.29999997945702
"p_MAX_GEN[86,4]",9.29999997945702
"p_MAX_GEN[87,4]",9.29999997945702
"p_MAX_GEN[88,4]",9.29999997945702
"p_MAX_GEN[89,4]",9.29999997945702
"p_MAX_GEN[90,4]",23.099999998084563
"p_MAX_GEN[91,4]",23.099999998084563
"p_MAX_GEN[92,4]",23.099999998084563
"p_MAX_GEN[93,4]",23.099999998084563
"p_MAX_GEN[94,4]",0.0
"p_MAX_GEN[95,4]",0.0
"p_MAX_GEN[74,5]",2.7999999870411303
"p_MAX_GEN[75,5]",2.7999999870411303
"p_MAX_GEN[76,5]",2.7999999870411303
"p_MAX_GEN[77,5]",2.7999999870411303
"p_MAX_GEN[78,5]",2.7999999870411303
"p_MAX_GEN[79,5]",2.7999999870411303
"p_MAX_GEN[80,5]",9.29999997945702
"p_MAX_GEN[81,5]",9.29999997945702
"p_MAX_GEN[82,5]",9.29999997945702
"p_MAX_GEN[83,5]",9.29999997945702
"p_MAX_GEN[84,5]",9.29999997945702
"p_MAX_GEN[85,5]",9.29999997945702
"p_MAX_GEN[86,5]",9.29999997945702
"p_MAX_GEN[87,5]",9.29999997945702
"p_MAX_GEN[88,5]",9.29999997945702
"p_MAX_GEN[89,5]",9.29999997945702
"p_MAX_GEN[90,5]",22.60000002289763
"p_MAX_GEN[91,5]",22.60000002289763
"p_MAX_GEN[92,5]",22.60000002289763
"p_MAX_GEN[93,5]",22.60000002289763
"p_MAX_GEN[94,5]",0.0
"p_MAX_GEN[95,5]",0.0
"p_MAX_GEN[74,6]",2.7999999870411303
"p_MAX_GEN[75,6]",2.7999999870411303
"p_MAX_GEN[76,6]",2.7999999870411303
"p_MAX_GEN[77,6]",2.7999999870411303
"p_MAX_GEN[78,6]",2.7999999870411303
"p_MAX_GEN[79,6]",2.7999999870411303
"p_MAX_GEN[80,6]",9.500000001030367
"p_MAX_GEN[81,6]",9.500000001030367
"p_MAX_GEN[82,6]",9.500000001030367
"p_MAX_GEN[83,6]",9.500000001030367
"p_MAX_GEN[84,6]",9.500000001030367
"p_MAX_GEN[85,6]",9.500000001030367
"p_MAX_GEN[86,6]",9.500000001030367
"p_MAX_GEN[87,6]",9.500000001030367
"p_MAX_GEN[88,6]",9.500000001030367
"p_MAX_GEN[89,6]",9.500000001030367
"p_MAX_GEN[90,6]",17.500000024002304
"p_MAX_GEN[91,6]",17.500000024002304
"p_MAX_GEN[92,6]",17.500000024002304
"p_MAX_GEN[93,6]",17.500000024002304
"p_MAX_GEN[94,6]",0.0
"p_MAX_GEN[95,6]",0.0
"p_MAX_GEN[74,7]",3.3000000147256863
"p_MAX_GEN[75,7]",3.3000000147256863
"p_MAX_GEN[76,7]",3.3000000147256863
"p_MAX_GEN[77,7]",3.3000000147256863
"p_MAX_GEN[78,7]",3.3000000147256863
"p_MAX_GEN[79,7]",3.3000000147256863
"p_MAX_GEN[80,7]",17.900000014651376
"p_MAX_GEN[81,7]",17.900000014651376
"p_MAX_GEN[82,7]",17.900000014651376
"p_MAX_GEN[83,7]",17.900000014651376
"p_MAX_GEN[84,7]",17.900000014651376
"p_MAX_GEN[85,7]",17.900000014651376
"p_MAX_GEN[86,7]",17.900000014651376
"p_MAX_GEN[87,7]",17.900000014651376
"p_MAX_GEN[88,7]",17.900000014651376
"p_MAX_GEN[89,7]",17.900000014651376
"p_MAX_GEN[90,7]",11.100000016124278
"p_MAX_GEN[91,7]",11.100000016124278
"p_MAX_GEN[92,7]",11.100000016124278
"p_MAX_GEN[93,7]",11.100000016124278
"p_MAX_GEN[94,7]",0.0
"p_MAX_GEN[95,7]",0.0
"p_MAX_GEN[74,8]",2.399999996392057
"p_MAX_GEN[75,8]",2.399999996392057
"p_MAX_GEN[76,8]",2.399999996392057
"p_MAX_GEN[77,8]",2.399999996392057
"p_MAX_GEN[78,8]",2.399999996392057
"p_MAX_GEN[79,8]",2.399999996392057
"p_MAX_GEN[80,8]",18.499999974376177
"p_MAX_GEN[81,8]",18.499999974376177
"p_MAX_GEN[82,8]",18.499999974376177
"p_MAX_GEN[83,8]",18.499999974376177
"p_MAX_GEN[84,8]",18.499999974376177
"p_MAX_GEN[85,8]",18.499999974376177
"p_MAX_GEN[86,8]",18.499999974376177
"p_MAX_GEN[87,8]",18.499999974376177
"p_MAX_GEN[88,8]",18.499999974376177
"p_MAX_GEN[89,8]",18.499999974376177
"p_MAX_GEN[90,8]",22.70000000743549
"p_MAX_GEN[91,8]",22.70000000743549
"p_MAX_GEN[92,8]",22.70000000743549
"p_MAX_GEN[93,8]",22.70000000743549
"p_MAX_GEN[94,8]",0.0
"p_MAX_GEN[95,8]",0.0
"p_MAX_GEN[74,9]",3.3000000147256863
"p_MAX_GEN[75,9]",3.3000000147256863
"p_MAX_GEN[76,9]",3.3000000147256863
"p_MAX_GEN[77,9]",3.3000000147256863
"p_MAX_GEN[78,9]",3.3000000147256863
"p_MAX_GEN[79,9]",3.3000000147256863
"p_MAX_GEN[80,9]",18.699999995949522
"p_MAX_GEN[81,9]",18.699999995949522
"p_MAX_GEN[82,9]",18.699999995949522
"p_MAX_GEN[83,9]",18.699999995949522
"p_MAX_GEN[84,9]",18.699999995949522
"p_MAX_GEN[85,9]",18.699999995949522
"p_MAX_GEN[86,9]",18.699999995949522
"p_MAX_GEN[87,9]",18.699999995949522
"p_MAX_GEN[88,9]",18.699999995949522
"p_MAX_GEN[89,9]",18.699999995949522
"p_MAX_GEN[90,9]",26.10000000669904
"p_MAX_GEN[91,9]",26.10000000669904
"p_MAX_GEN[92,9]",26.10000000669904
"p_MAX_GEN[93,9]",26.10000000669904
"p_MAX_GEN[94,9]",0.0
"p_MAX_GEN[95,9]",0.0
"p_MAX_GEN[74,10]",2.399999996392057
"p_MAX_GEN[75,10]",2.399999996392057
"p_MAX_GEN[76,10]",2.399999996392057
"p_MAX_GEN[77,10]",2.399999996392057
"p_MAX_GEN[78,10]",2.399999996392057
"p_MAX_GEN[79,10]",2.399999996392057
"p_MAX_GEN[80,10]",18.699999995949522
"p_MAX_GEN[81,10]",18.699999995949522
"p_MAX_GEN[82,10]",18.699999995949522
"p_MAX_GEN[83,10]",18.699999995949522
"p_MAX_GEN[84,10]",18.699999995949522
"p_MAX_GEN[85,10]",18.699999995949522
"p_MAX_GEN[86,10]",18.699999995949522
"p_MAX_GEN[87,10]",18.699999995949522
"p_MAX_GEN[88,10]",18.699999995949522
"p_MAX_GEN[89,10]",18.699999995949522
"p_MAX_GEN[90,10]",26.40000001281025
"p_MAX_GEN[91,10]",26.40000001281025
"p_MAX_GEN[92,10]",26.40000001281025
"p_MAX_GEN[93,10]",26.40000001281025
"p_MAX_GEN[94,10]",69.3000000474
"p_MAX_GEN[95,10]",0.0
"p_MAX_GEN[74,11]",2.7999999870411303
"p_MAX_GEN[75,11]",2.7999999870411303
"p_MAX_GEN[76,11]",2.7999999870411303
"p_MAX_GEN[77,11]",2.7999999870411303
"p_MAX_GEN[78,11]",2.7999999870411303
"p_MAX_GEN[79,11]",2.7999999870411303
"p_MAX_GEN[80,11]",18.699999995949522
"p_MAX_GEN[81,11]",18.699999995949522
"p_MAX_GEN[82,11]",18.699999995949522
"p_MAX_GEN[83,11]",18.699999995949522
"p_MAX_GEN[84,11]",18.699999995949522
"p_MAX_GEN[85,11]",18.699999995949522
"p_MAX_GEN[86,11]",18.699999995949522
"p_MAX_GEN[87,11]",18.699999995949522
"p_MAX_GEN[88,11]",18.699999995949522
"p_MAX_GEN[89,11]",18.699999995949522
"p_MAX_GEN[90,11]",31.99999998689251
"p_MAX_GEN[91,11]",31.99999998689251
"p_MAX_GEN[92,11]",31.99999998689251
"p_MAX_GEN[93,11]",31.99999998689251
"p_MAX_GEN[94,11]",131.8999998989
"p_MAX_GEN[95,11]",0.0
"p_MAX_GEN[74,12]",2.7999999870411303
"p_MAX_GEN[75,12]",2.7999999870411303
"p_MAX_GEN[76,12]",2.7999999870411303
"p_MAX_GEN[77,12]",2.7999999870411303
"p_MAX_GEN[78,12]",2.7999999870411303
"p_MAX_GEN[79,12]",2.7999999870411303
"p_MAX_GEN[80,12]",18.900000017522867
"p_MAX_GEN[81,12]",18.900000017522867
"p_MAX_GEN[82,12]",18.900000017522867
"p_MAX_GEN[83,12]",18.900000017522867
"p_MAX_GEN[84,12]",18.900000017522867
"p_MAX_GEN[85,12]",18.900000017522867
"p_MAX_GEN[86,12]",18.900000017522867
"p_MAX_GEN[87,12]",18.900000017522867
"p_MAX_GEN[88,12]",18.900000017522867
"p_MAX_GEN[89,12]",18.900000017522867
"p_MAX_GEN[90,12]",39.09999999153082
"p_MAX_GEN[91,12]",39.09999999153082
"p_MAX_GEN[92,12]",39.09999999153082
"p_MAX_GEN[93,12]",39.09999999153082
"p_MAX_GEN[94,12]",0.0
"p_MAX_GEN[95,12]",0.0
"p_MAX_GEN[74,13]",2.7999999870411303
"p_MAX_GEN[75,13]",2.7999999870411303
"p_MAX_GEN[76,13]",2.7999999870411303
"p_MAX_GEN[77,13]",2.7999999870411303
"p_MAX_GEN[78,13]",2.7999999870411303
"p_MAX_GEN[79,13]",2.7999999870411303
"p_MAX_GEN[80,13]",18.499999974376177
"p_MAX_GEN[81,13]",18.499999974376177
"p_MAX_GEN[82,13]",18.499999974376177
"p_MAX_GEN[83,13]",18.499999974376177
"p_MAX_GEN[84,13]",18.499999974376177
"p_MAX_GEN[85,13]",18.499999974376177
"p_MAX_GEN[86,13]",18.499999974376177
"p_MAX_GEN[87,13]",18.499999974376177
"p_MAX_GEN[88,13]",18.499999974376177
"p_MAX_GEN[89,13]",18.499999974376177
"p_MAX_GEN[90,13]",33.60000000198642
"p_MAX_GEN[91,13]",33.60000000198642
"p_MAX_GEN[92,13]",33.60000000198642
"p_MAX_GEN[93,13]",33.60000000198642
"p_MAX_GEN[94,13]",0.0
"p_MAX_GEN[95,13]",0.0
"p_MAX_GEN[74,14]",2.7999999870411303
"p_MAX_GEN[75,14]",2.7999999870411303
"p_MAX_GEN[76,14]",2.7999999870411303
"p_MAX_GEN[77,14]",2.7999999870411303
"p_MAX_GEN[78,14]",2.7999999870411303
"p_MAX_GEN[79,14]",2.7999999870411303
"p_MAX_GEN[80,14]",18.900000017522867
"p_MAX_GEN[81,14]",18.900000017522867
"p_MAX_GEN[82,14]",18.900000017522867
"p_MAX_GEN[83,14]",18.900000017522867
"p_MAX_GEN[84,14]",18.900000017522867
"p_MAX_GEN[85,14]",18.900000017522867
"p_MAX_GEN[86,14]",18.900000017522867
"p_MAX_GEN[87,14]",18.900000017522867
"p_MAX_GEN[88,14]",18.900000017522867
"p_MAX_GEN[89,14]",18.900000017522867
"p_MAX_GEN[90,14]",30.599999993371945
"p_MAX_GEN[91,14]",30.599999993371945
"p_MAX_GEN[92,14]",30.599999993371945
"p_MAX_GEN[93,14]",30.599999993371945
"p_MAX_GEN[94,14]",0.0
"p_MAX_GEN[95,14]",0.0
"p_MAX_GEN[74,15]",2.7999999870411303
"p_MAX_GEN[75,15]",2.7999999870411303
"p_MAX_GEN[76,15]",2.7999999870411303
"p_MAX_GEN[77,15]",2.7999999870411303
"p_MAX_GEN[78,15]",2.7999999870411303
"p_MAX_GEN[79,15]",2.7999999870411303
"p_MAX_GEN[80,15]",9.700000022603712
"p_MAX_GEN[81,15]",9.700000022603712
"p_MAX_GEN[82,15]",9.700000022603712
"p_MAX_GEN[83,15]",9.700000022603712
"p_MAX_GEN[84,15]",9.700000022603712
"p_MAX_GEN[85,15]",9.700000022603712
"p_MAX_GEN[86,15]",9.700000022603712
"p_MAX_GEN[87,15]",9.700000022603712
"p_MAX_GEN[88,15]",9.700000022603712
"p_MAX_GEN[89,15]",9.700000022603712
"p_MAX_GEN[90,15]",29.699999975038317
"p_MAX_GEN[91,15]",29.699999975038317
"p_MAX_GEN[92,15]",29.699999975038317
"p_MAX_GEN[93,15]",29.699999975038317
"p_MAX_GEN[94,15]",0.0
"p_MAX_GEN[95,15]",0.0
"p_MAX_GEN[74,16]",3.3000000147256863
"p_MAX_GEN[75,16]",3.3000000147256863
"p_MAX_GEN[76,16]",3.3000000147256863
"p_MAX_GEN[77,16]",3.3000000147256863
"p_MAX_GEN[78,16]",3.3000000147256863
"p_MAX_GEN[79,16]",3.3000000147256863
"p_MAX_GEN[80,16]",9.29999997945702
"p_MAX_GEN[81,16]",9.29999997945702
"p_MAX_GEN[82,16]",9.29999997945702
"p_MAX_GEN[83,16]",9.29999997945702
"p_MAX_GEN[84,16]",9.29999997945702
"p_MAX_GEN[85,16]",9.29999997945702
"p_MAX_GEN[86,16]",9.29999997945702
"p_MAX_GEN[87,16]",9.29999997945702
"p_MAX_GEN[88,16]",9.29999997945702
"p_MAX_GEN[89,16]",9.29999997945702
"p_MAX_GEN[90,16]",29.699999975038317
"p_MAX_GEN[91,16]",29.699999975038317
"p_MAX_GEN[92,16]",29.699999975038317
"p_MAX_GEN[93,16]",29.699999975038317
"p_MAX_GEN[94,16]",0.0
"p_MAX_GEN[95,16]",0.0
"p_MAX_GEN[74,17]",3.3000000147256863
"p_MAX_GEN[75,17]",3.3000000147256863
"p_MAX_GEN[76,17]",3.3000000147256863
"p_MAX_GEN[77,17]",3.3000000147256863
"p_MAX_GEN[78,17]",3.3000000147256863
"p_MAX_GEN[79,17]",3.3000000147256863
"p_MAX_GEN[80,17]",9.500000001030367
"p_MAX_GEN[81,17]",9.500000001030367
"p_MAX_GEN[82,17]",9.500000001030367
"p_MAX_GEN[83,17]",9.500000001030367
"p_MAX_GEN[84,17]",9.500000001030367
"p_MAX_GEN[85,17]",9.500000001030367
"p_MAX_GEN[86,17]",9.500000001030367
"p_MAX_GEN[87,17]",9.500000001030367
"p_MAX_GEN[88,17]",9.500000001030367
"p_MAX_GEN[89,17]",9.500000001030367
"p_MAX_GEN[90,17]",31.100000021056502
"p_MAX_GEN[91,17]",31.100000021056502
"p_MAX_GEN[92,17]",31.100000021056502
"p_MAX_GEN[93,17]",31.100000021056502
"p_MAX_GEN[94,17]",0.0
"p_MAX_GEN[95,17]",0.0
"p_MAX_GEN[74,18]",3.3000000147256863
"p_MAX_GEN[75,18]",3.3000000147256863
"p_MAX_GEN[76,18]",3.3000000147256863
"p_MAX_GEN[77,18]",3.3000000147256863
"p_MAX_GEN[78,18]",3.3000000147256863
"p_MAX_GEN[79,18]",3.3000000147256863
"p_MAX_GEN[80,18]",9.29999997945702
"p_MAX_GEN[81,18]",9.29999997945702
"p_MAX_GEN[82,18]",9.29999997945702
"p_MAX_GEN[83,18]",9.29999997945702
"p_MAX_GEN[84,18]",9.29999997945702
"p_MAX_GEN[85,18]",9.29999997945702
"p_MAX_GEN[86,18]",9.29999997945702
"p_MAX_GEN[87,18]",9.29999997945702
"p_MAX_GEN[88,18]",9.29999997945702
"p_MAX_GEN[89,18]",9.29999997945702
"p_MAX_GEN[90,18]",32.39999997754158
"p_MAX_GEN[91,18]",32.39999997754158
"p_MAX_GEN[92,18]",32.39999997754158
"p_MAX_GEN[93,18]",32.39999997754158
"p_MAX_GEN[94,18]",0.0
"p_MAX_GEN[95,18]",0.0
"p_MAX_GEN[74,19]",3.7999999899126227
"p_MAX_GEN[75,19]",3.7999999899126227
"p_MAX_GEN[76,19]",3.7999999899126227
"p_MAX_GEN[77,19]",3.7999999899126227
"p_MAX_GEN[78,19]",3.7999999899126227
"p_MAX_GEN[79,19]",3.7999999899126227
"p_MAX_GEN[80,19]",9.29999997945702
"p_MAX_GEN[81,19]",9.29999997945702
"p_MAX_GEN[82,19]",9.29999997945702
"p_MAX_GEN[83,19]",9.29999997945702
"p_MAX_GEN[84,19]",9.29999997945702
"p_MAX_GEN[85,19]",9.29999997945702
"p_MAX_GEN[86,19]",9.29999997945702
"p_MAX_GEN[87,19]",9.29999997945702
"p_MAX_GEN[88,19]",9.29999997945702
"p_MAX_GEN[89,19]",9.29999997945702
"p_MAX_GEN[90,19]",31.900000002354645
"p_MAX_GEN[91,19]",31.900000002354645
"p_MAX_GEN[92,19]",31.900000002354645
"p_MAX_GEN[93,19]",31.900000002354645
"p_MAX_GEN[94,19]",0.0
"p_MAX_GEN[95,19]",0.0
"p_MAX_GEN[74,20]",3.7999999899126227
"p_MAX_GEN[75,20]",3.7999999899126227
"p_MAX_GEN[76,20]",3.7999999899126227
"p_MAX_GEN[77,20]",3.7999999899126227
"p_MAX_GEN[78,20]",3.7999999899126227
"p_MAX_GEN[79,20]",3.7999999899126227
"p_MAX_GEN[80,20]",9.29999997945702
"p_MAX_GEN[81,20]",9.29999997945702
"p_MAX_GEN[82,20]",9.29999997945702
"p_MAX_GEN[83,20]",9.29999997945702
"p_MAX_GEN[84,20]",9.29999997945702
"p_MAX_GEN[85,20]",9.29999997945702
"p_MAX_GEN[86,20]",9.29999997945702
"p_MAX_GEN[87,20]",9.29999997945702
"p_MAX_GEN[88,20]",9.29999997945702
"p_MAX_GEN[89,20]",9.29999997945702
"p_MAX_GEN[90,20]",34.69999998939578
"p_MAX_GEN[91,20]",34.69999998939578
"p_MAX_GEN[92,20]",34.69999998939578
"p_MAX_GEN[93,20]",34.69999998939578
"p_MAX_GEN[94,20]",0.0
"p_MAX_GEN[95,20]",0.0
"p_MAX_GEN[74,21]",4.199999980561695
"p_MAX_GEN[75,21]",4.199999980561695
"p_MAX_GEN[76,21]",4.199999980561695
"p_MAX_GEN[77,21]",4.199999980561695
"p_MAX_GEN[78,21]",4.199999980561695
"p_MAX_GEN[79,21]",4.199999980561695
"p_MAX_GEN[80,21]",9.29999997945702
"p_MAX_GEN[81,21]",9.29999997945702
"p_MAX_GEN[82,21]",9.29999997945702
"p_MAX_GEN[83,21]",9.29999997945702
"p_MAX_GEN[84,21]",9.29999997945702
"p_MAX_GEN[85,21]",9.29999997945702
"p_MAX_GEN[86,21]",9.29999997945702
"p_MAX_GEN[87,21]",9.29999997945702
"p_MAX_GEN[88,21]",9.29999997945702
"p_MAX_GEN[89,21]",9.29999997945702
"p_MAX_GEN[90,21]",32.80000002068828
"p_MAX_GEN[91,21]",32.80000002068828
"p_MAX_GEN[92,21]",32.80000002068828
"p_MAX_GEN[93,21]",32.80000002068828
"p_MAX_GEN[94,21]",0.0
"p_MAX_GEN[95,21]",0.0
"p_MAX_GEN[74,22]",4.700000008246251
"p_MAX_GEN[75,22]",4.700000008246251
"p_MAX_GEN[76,22]",4.700000008246251
"p_MAX_GEN[77,22]",4.700000008246251
"p_MAX_GEN[78,22]",4.700000008246251
"p_MAX_GEN[79,22]",4.700000008246251
"p_MAX_GEN[80,22]",9.29999997945702
"p_MAX_GEN[81,22]",9.29999997945702
"p_MAX_GEN[82,22]",9.29999997945702
"p_MAX_GEN[83,22]",9.29999997945702
"p_MAX_GEN[84,22]",9.29999997945702
"p_MAX_GEN[85,22]",9.29999997945702
"p_MAX_GEN[86,22]",9.29999997945702
"p_MAX_GEN[87,22]",9.29999997945702
"p_MAX_GEN[88,22]",9.29999997945702
"p_MAX_GEN[89,22]",9.29999997945702
"p_MAX_GEN[90,22]",29.10000001531352
"p_MAX_GEN[91,22]",29.10000001531352
"p_MAX_GEN[92,22]",29.10000001531352
"p_MAX_GEN[93,22]",29.10000001531352
"p_MAX_GEN[94,22]",0.0
"p_MAX_GEN[95,22]",0.0
"p_MAX_GEN[74,23]",4.700000008246251
"p_MAX_GEN[75,23]",4.700000008246251
"p_MAX_GEN[76,23]",4.700000008246251
"p_MAX_GEN[77,23]",4.700000008246251
"p_MAX_GEN[78,23]",4.700000008246251
"p_MAX_GEN[79,23]",4.700000008246251
"p_MAX_GEN[80,23]",9.29999997945702
"p_MAX_GEN[81,23]",9.29999997945702
"p_MAX_GEN[82,23]",9.29999997945702
"p_MAX_GEN[83,23]",9.29999997945702
"p_MAX_GEN[84,23]",9.29999997945702
"p_MAX_GEN[85,23]",9.29999997945702
"p_MAX_GEN[86,23]",9.29999997945702
"p_MAX_GEN[87,23]",9.29999997945702
"p_MAX_GEN[88,23]",9.29999997945702
"p_MAX_GEN[89,23]",9.29999997945702
"p_MAX_GEN[90,23]",40.30000001597566
"p_MAX_GEN[91,23]",40.30000001597566
"p_MAX_GEN[92,23]",40.30000001597566
"p_MAX_GEN[93,23]",40.30000001597566
"p_MAX_GEN[94,23]",0.0
"p_MAX_GEN[95,23]",0.0
"p_MAX_GEN[74,24]",4.700000008246251
"p_MAX_GEN[75,24]",4.700000008246251
"p_MAX_GEN[76,24]",4.700000008246251
"p_MAX_GEN[77,24]",4.700000008246251
"p_MAX_GEN[78,24]",4.700000008246251
"p_MAX_GEN[79,24]",4.700000008246251
"p_MAX_GEN[80,24]",9.100000010381294
"p_MAX_GEN[81,24]",9.100000010381294
"p_MAX_GEN[82,24]",9.100000010381294
"p_MAX_GEN[83,24]",9.100000010381294
"p_MAX_GEN[84,24]",9.100000010381294
"p_MAX_GEN[85,24]",9.100000010381294
"p_MAX_GEN[86,24]",9.100000010381294
"p_MAX_GEN[87,24]",9.100000010381294
"p_MAX_GEN[88,24]",9.100000010381294
"p_MAX_GEN[89,24]",9.100000010381294
"p_MAX_GEN[90,24]",19.900000020394362
"p_MAX_GEN[91,24]",19.900000020394362
"p_MAX_GEN[92,24]",19.900000020394362
"p_MAX_GEN[93,24]",19.900000020394362
"p_MAX_GEN[94,24]",0.0
"p_MAX_GEN[95,24]",0.0
p_VLOL[5],10000.0
p_VLOL[16],10000.0
p_VLOL[20],10000.0
p_VLOL[12],10000.0
p_VLOL[24],10000.0
p_VLOL[8],10000.0
p_VLOL[17],10000.0
p_VLOL[1],10000.0
p_VLOL[19],10000.0
p_VLOL[22],10000.0
p_VLOL[23],10000.0
p_VLOL[6],10000.0
p_VLOL[11],10000.0
p_VLOL[9],10000.0
p_VLOL[14],10000.0
p_VLOL[3],10000.0
p_VLOL[7],10000.0
p_VLOL[4],10000.0
p_VLOL[13],10000.0
p_VLOL[15],10000.0
p_VLOL[2],10000.0
p_VLOL[10],10000.0
p_VLOL[18],10000.0
p_VLOL[21],10000.0
p_VLGEN[5],30.0
p_VLGEN[16],30.0
p_VLGEN[20],30.0
p_VLGEN[12],30.0
p_VLGEN[24],30.0
p_VLGEN[8],30.0
p_VLGEN[17],30.0
p_VLGEN[1],30.0
p_VLGEN[19],30.0
p_VLGEN[22],30.0
p_VLGEN[23],30.0
p_VLGEN[6],30.0
p_VLGEN[11],30.0
p_VLGEN[9],30.0
p_VLGEN[14],30.0
p_VLGEN[3],30.0
p_VLGEN[7],30.0
p_VLGEN[4],30.0
p_VLGEN[13],30.0
p_VLGEN[15],30.0
p_VLGEN[2],30.0
p_VLGEN[10],30.0
p_VLGEN[18],30.0
p_VLGEN[21],30.0
"GEN[1,1]",0.0
"GEN[2,1]",0.0
"GEN[3,1]",76.0
"GEN[4,1]",76.0
"GEN[5,1]",0.0
"GEN[6,1]",0.0
"GEN[7,1]",76.0
"GEN[8,1]",76.0
"GEN[9,1]",0.0
"GEN[10,1]",0.0
"GEN[11,1]",0.0
"GEN[12,1]",0.0
"GEN[13,1]",0.0
"GEN[14,1]",0.0
"GEN[15,1]",0.0
"GEN[16,1]",0.0
"GEN[17,1]",0.0
"GEN[18,1]",0.0
"GEN[19,1]",0.0
"GEN[20,1]",332.81999396560855
"GEN[21,1]",0.0
"GEN[22,1]",0.0
"GEN[23,1]",0.0
"GEN[24,1]",0.0
"GEN[25,1]",0.0
"GEN[26,1]",0.0
"GEN[27,1]",0.0
"GEN[28,1]",0.0
"GEN[29,1]",0.0
"GEN[30,1]",0.0
"GEN[31,1]",0.0
"GEN[32,1]",0.0
"GEN[33,1]",0.0
"GEN[34,1]",0.0
"GEN[35,1]",0.0
"GEN[36,1]",0.0
"GEN[37,1]",0.0
"GEN[38,1]",155.0
"GEN[39,1]",0.0
"GEN[40,1]",0.0
"GEN[41,1]",155.0
"GEN[42,1]",155.0
"GEN[43,1]",350.0
"GEN[44,1]",0.0
"GEN[45,1]",0.0
"GEN[46,1]",0.0
"GEN[47,1]",0.0
"GEN[48,1]",0.0
"GEN[49,1]",0.0
"GEN[50,1]",0.0
"GEN[51,1]",0.0
"GEN[52,1]",0.0
"GEN[53,1]",0.0
"GEN[54,1]",0.0
"GEN[55,1]",0.0
"GEN[56,1]",0.0
"GEN[57,1]",0.0
"GEN[58,1]",0.0
"GEN[59,1]",0.0
"GEN[60,1]",0.0
"GEN[61,1]",0.0
"GEN[62,1]",0.0
"GEN[63,1]",0.0
"GEN[64,1]",0.0
"GEN[65,1]",0.0
"GEN[66,1]",0.0
"GEN[67,1]",0.0
"GEN[68,1]",0.0
"GEN[69,1]",0.0
"GEN[70,1]",0.0
"GEN[71,1]",0.0
"GEN[72,1]",0.0
"GEN[73,1]",400.0
"GEN[74,1]",2.7999999870411303
"GEN[75,1]",2.7999999870411303
"GEN[76,1]",2.7999999870411303
"GEN[77,1]",2.7999999870411303
"GEN[78,1]",2.7999999870411303
"GEN[79,1]",2.7999999870411303
"GEN[80,1]",9.29999997945702
"GEN[81,1]",9.29999997945702
"GEN[82,1]",9.29999997945702
"GEN[83,1]",9.29999997945702
"GEN[84,1]",9.29999997945702
"GEN[85,1]",9.29999997945702
"GEN[86,1]",9.29999997945702
"GEN[87,1]",9.29999997945702
"GEN[88,1]",9.29999997945702
"GEN[89,1]",9.29999997945702
"GEN[90,1]",9.400000016492502
"GEN[91,1]",9.400000016492502
"GEN[92,1]",9.400000016492502
"GEN[93,1]",9.400000016492502
"GEN[94,1]",0.0
"GEN[95,1]",0.0
"GEN[1,2]",0.0
"GEN[2,2]",0.0
"GEN[3,2]",76.0
"GEN[4,2]",76.0
"GEN[5,2]",0.0
"GEN[6,2]",0.0
"GEN[7,2]",76.0
"GEN[8,2]",76.0
"GEN[9,2]",0.0
"GEN[10,2]",0.0
"GEN[11,2]",0.0
"GEN[12,2]",0.0
"GEN[13,2]",0.0
"GEN[14,2]",0.0
"GEN[15,2]",0.0
"GEN[16,2]",0.0
"GEN[17,2]",0.0
"GEN[18,2]",0.0
"GEN[19,2]",0.0
"GEN[20,2]",140.0
"GEN[21,2]",0.0
"GEN[22,2]",0.0
"GEN[23,2]",0.0
"GEN[24,2]",0.0
"GEN[25,2]",0.0
"GEN[26,2]",0.0
"GEN[27,2]",0.0
"GEN[28,2]",0.0
"GEN[29,2]",0.0
"GEN[30,2]",0.0
"GEN[31,2]",0.0
"GEN[32,2]",0.0
"GEN[33,2]",0.0
"GEN[34,2]",0.0
"GEN[35,2]",0.0
"GEN[36,2]",0.0
"GEN[37,2]",0.0
"GEN[38,2]",155.0
"GEN[39,2]",0.0
"GEN[40,2]",0.0
"GEN[41,2]",155.0
"GEN[42,2]",155.0
"GEN[43,2]",295.30896970256345
"GEN[44,2]",0.0
"GEN[45,2]",0.0
"GEN[46,2]",0.0
"GEN[47,2]",0.0
"GEN[48,2]",0.0
"GEN[49,2]",0.0
"GEN[50,2]",0.0
"GEN[51,2]",0.0
"GEN[52,2]",0.0
"GEN[53,2]",0.0
"GEN[54,2]",0.0
"GEN[55,2]",0.0
"GEN[56,2]",0.0
"GEN[57,2]",0.0
"GEN[58,2]",0.0
"GEN[59,2]",0.0
"GEN[60,2]",0.0
"GEN[61,2]",0.0
"GEN[62,2]",0.0
"GEN[63,2]",0.0
"GEN[64,2]",0.0
"GEN[65,2]",0.0
"GEN[66,2]",0.0
"GEN[67,2]",0.0
"GEN[68,2]",0.0
"GEN[69,2]",0.0
"GEN[70,2]",0.0
"GEN[71,2]",0.0
"GEN[72,2]",0.0
"GEN[73,2]",400.0
"GEN[74,2]",2.7999999870411303
"GEN[75,2]",2.7999999870411303
"GEN[76,2]",2.7999999870411303
"GEN[77,2]",2.7999999870411303
"GEN[78,2]",2.7999999870411303
"GEN[79,2]",2.7999999870411303
"GEN[80,2]",9.29999997945702
"GEN[81,2]",9.29999997945702
"GEN[82,2]",9.29999997945702
"GEN[83,2]",9.29999997945702
"GEN[84,2]",9.29999997945702
"GEN[85,2]",9.29999997945702
"GEN[86,2]",9.29999997945702
"GEN[87,2]",9.29999997945702
"GEN[88,2]",9.29999997945702
"GEN[89,2]",9.29999997945702
"GEN[90,2]",30.299999987260737
"GEN[91,2]",30.299999987260737
"GEN[92,2]",30.299999987260737
"GEN[93,2]",30.299999987260737
"GEN[94,2]",0.0
"GEN[95,2]",0.0
"GEN[1,3]",0.0
"GEN[2,3]",0.0
"GEN[3,3]",76.0
"GEN[4,3]",76.0
"GEN[5,3]",0.0
"GEN[6,3]",0.0
"GEN[7,3]",76.0
"GEN[8,3]",76.0
"GEN[9,3]",0.0
"GEN[10,3]",0.0
"GEN[11,3]",0.0
"GEN[12,3]",0.0
"GEN[13,3]",0.0
"GEN[14,3]",0.0
"GEN[15,3]",0.0
"GEN[16,3]",0.0
"GEN[17,3]",0.0
"GEN[18,3]",0.0
"GEN[19,3]",0.0
"GEN[20,3]",185.6009719834583
"GEN[21,3]",0.0
"GEN[22,3]",0.0
"GEN[23,3]",0.0
"GEN[24,3]",0.0
"GEN[25,3]",0.0
"GEN[26,3]",0.0
"GEN[27,3]",0.0
"GEN[28,3]",0.0
"GEN[29,3]",0.0
"GEN[30,3]",0.0
"GEN[31,3]",0.0
"GEN[32,3]",0.0
"GEN[33,3]",0.0
"GEN[34,3]",0.0
"GEN[35,3]",0.0
"GEN[36,3]",0.0
"GEN[37,3]",0.0
"GEN[38,3]",155.0
"GEN[39,3]",0.0
"GEN[40,3]",0.0
"GEN[41,3]",155.0
"GEN[42,3]",155.0
"GEN[43,3]",350.0
"GEN[44,3]",0.0
"GEN[45,3]",0.0
"GEN[46,3]",0.0
"GEN[47,3]",0.0
"GEN[48,3]",0.0
"GEN[49,3]",0.0
"GEN[50,3]",0.0
"GEN[51,3]",0.0
"GEN[52,3]",0.0
"GEN[53,3]",0.0
"GEN[54,3]",0.0
"GEN[55,3]",0.0
"GEN[56,3]",0.0
"GEN[57,3]",0.0
"GEN[58,3]",0.0
"GEN[59,3]",0.0
"GEN[60,3]",0.0
"GEN[61,3]",0.0
"GEN[62,3]",0.0
"GEN[63,3]",0.0
"GEN[64,3]",0.0
"GEN[65,3]",0.0
"GEN[66,3]",0.0
"GEN[67,3]",0.0
"GEN[68,3]",0.0
"GEN[69,3]",0.0
"GEN[70,3]",0.0
"GEN[71,3]",0.0
"GEN[72,3]",0.0
"GEN[73,3]",400.0
"GEN[74,3]",2.7999999870411303
"GEN[75,3]",2.7999999870411303
"GEN[76,3]",2.7999999870411303
"GEN[77,3]",2.7999999870411303
"GEN[78,3]",2.7999999870411303
"GEN[79,3]",2.7999999870411303
"GEN[80,3]",9.29999997945702
"GEN[81,3]",9.29999997945702
"GEN[82,3]",9.29999997945702
"GEN[83,3]",9.29999997945702
"GEN[84,3]",9.29999997945702
"GEN[85,3]",9.29999997945702
"GEN[86,3]",9.29999997945702
"GEN[87,3]",9.29999997945702
"GEN[88,3]",9.29999997945702
"GEN[89,3]",9.29999997945702
"GEN[90,3]",25.000000019289683
"GEN[91,3]",25.000000019289683
"GEN[92,3]",25.000000019289683
"GEN[93,3]",25.000000019289683
"GEN[94,3]",0.0
"GEN[95,3]",0.0
"GEN[1,4]",0.0
"GEN[2,4]",0.0
"GEN[3,4]",76.0
"GEN[4,4]",76.0
"GEN[5,4]",0.0
"GEN[6,4]",0.0
"GEN[7,4]",76.0
"GEN[8,4]",76.0
"GEN[9,4]",0.0
"GEN[10,4]",0.0
"GEN[11,4]",0.0
"GEN[12,4]",0.0
"GEN[13,4]",0.0
"GEN[14,4]",0.0
"GEN[15,4]",0.0
"GEN[16,4]",0.0
"GEN[17,4]",0.0
"GEN[18,4]",0.0
"GEN[19,4]",0.0
"GEN[20,4]",253.7220037659656
"GEN[21,4]",0.0
"GEN[22,4]",0.0
"GEN[23,4]",0.0
"GEN[24,4]",0.0
"GEN[25,4]",0.0
"GEN[26,4]",0.0
"GEN[27,4]",0.0
"GEN[28,4]",0.0
"GEN[29,4]",0.0
"GEN[30,4]",0.0
"GEN[31,4]",0.0
"GEN[32,4]",0.0
"GEN[33,4]",0.0
"GEN[34,4]",0.0
"GEN[35,4]",0.0
"GEN[36,4]",0.0
"GEN[37,4]",0.0
"GEN[38,4]",155.0
"GEN[39,4]",0.0
"GEN[40,4]",0.0
"GEN[41,4]",155.0
"GEN[42,4]",155.0
"GEN[43,4]",350.0
"GEN[44,4]",0.0
"GEN[45,4]",0.0
"GEN[46,4]",0.0
"GEN[47,4]",0.0
"GEN[48,4]",0.0
"GEN[49,4]",0.0
"GEN[50,4]",0.0
"GEN[51,4]",0.0
"GEN[52,4]",0.0
"GEN[53,4]",0.0
"GEN[54,4]",0.0
"GEN[55,4]",0.0
"GEN[56,4]",0.0
"GEN[57,4]",0.0
"GEN[58,4]",0.0
"GEN[59,4]",0.0
"GEN[60,4]",0.0
"GEN[61,4]",0.0
"GEN[62,4]",0.0
"GEN[63,4]",0.0
"GEN[64,4]",0.0
"GEN[65,4]",0.0
"GEN[66,4]",0.0
"GEN[67,4]",0.0
"GEN[68,4]",0.0
"GEN[69,4]",0.0
"GEN[70,4]",0.0
"GEN[71,4]",0.0
"GEN[72,4]",0.0
"GEN[73,4]",400.0
"GEN[74,4]",2.7999999870411303
"GEN[75,4]",2.7999999870411303
"GEN[76,4]",2.7999999870411303
"GEN[77,4]",2.7999999870411303
"GEN[78,4]",2.7999999870411303
"GEN[79,4]",2.7999999870411303
"GEN[80,4]",9.29999997945702
"GEN[81,4]",9.29999997945702
"GEN[82,4]",9.29999997945702
"GEN[83,4]",9.29999997945702
"GEN[84,4]",9.29999997945702
"GEN[85,4]",9.29999997945702
"GEN[86,4]",9.29999997945702
"GEN[87,4]",9.29999997945702
"GEN[88,4]",9.29999997945702
"GEN[89,4]",9.29999997945702
"GEN[90,4]",23.099999998084563
"GEN[91,4]",23.099999998084563
"GEN[92,4]",23.099999998084563
"GEN[93,4]",23.099999998084563
"GEN[94,4]",0.0
"GEN[95,4]",0.0
"GEN[1,5]",0.0
"GEN[2,5]",0.0
"GEN[3,5]",76.0
"GEN[4,5]",76.0
"GEN[5,5]",0.0
"GEN[6,5]",0.0
"GEN[7,5]",76.0
"GEN[8,5]",76.0
"GEN[9,5]",0.0
"GEN[10,5]",0.0
"GEN[11,5]",0.0
"GEN[12,5]",0.0
"GEN[13,5]",0.0
"GEN[14,5]",0.0
"GEN[15,5]",0.0
"GEN[16,5]",0.0
"GEN[17,5]",0.0
"GEN[18,5]",0.0
"GEN[19,5]",0.0
"GEN[20,5]",350.0
"GEN[21,5]",0.0
"GEN[22,5]",0.0
"GEN[23,5]",0.0
"GEN[24,5]",0.0
"GEN[25,5]",0.0
"GEN[26,5]",0.0
"GEN[27,5]",0.0
"GEN[28,5]",0.0
"GEN[29,5]",0.0
"GEN[30,5]",0.0
"GEN[31,5]",0.0
"GEN[32,5]",0.0
"GEN[33,5]",0.0
"GEN[34,5]",0.0
"GEN[35,5]",0.0
"GEN[36,5]",0.0
"GEN[37,5]",0.0
"GEN[38,5]",155.0
"GEN[39,5]",0.0
"GEN[40,5]",0.0
"GEN[41,5]",155.0
"GEN[42,5]",155.0
"GEN[43,5]",350.0
"GEN[44,5]",0.0
"GEN[45,5]",0.0
"GEN[46,5]",0.0
"GEN[47,5]",0.0
"GEN[48,5]",0.0
"GEN[49,5]",0.0
"GEN[50,5]",0.0
"GEN[51,5]",0.0
"GEN[52,5]",0.0
"GEN[53,5]",0.0
"GEN[54,5]",0.0
"GEN[55,5]",0.0
"GEN[56,5]",0.0
"GEN[57,5]",0.0
"GEN[58,5]",0.0
"GEN[59,5]",0.0
"GEN[60,5]",0.0
"GEN[61,5]",0.0
"GEN[62,5]",0.0
"GEN[63,5]",0.0
"GEN[64,5]",0.0
"GEN[65,5]",0.0
"GEN[66,5]",0.0
"GEN[67,5]",0.0
"GEN[68,5]",0.0
"GEN[69,5]",0.0
"GEN[70,5]",0.0
"GEN[71,5]",0.0
"GEN[72,5]",0.0
"GEN[73,5]",400.0
"GEN[74,5]",2.7999999870411303
"GEN[75,5]",2.7999999870411303
"GEN[76,5]",2.7999999870411303
"GEN[77,5]",2.7999999870411303
"GEN[78,5]",2.7999999870411303
"GEN[79,5]",2.7999999870411303
"GEN[80,5]",9.29999997945702
"GEN[81,5]",9.29999997945702
"GEN[82,5]",9.29999997945702
"GEN[83,5]",9.29999997945702
"GEN[84,5]",9.29999997945702
"GEN[85,5]",9.29999997945702
"GEN[86,5]",9.29999997945702
"GEN[87,5]",9.29999997945702
"GEN[88,5]",9.29999997945702
"GEN[89,5]",9.29999997945702
"GEN[90,5]",22.60000002289763
"GEN[91,5]",22.60000002289763
"GEN[92,5]",22.60000002289763
"GEN[93,5]",22.60000002289763
"GEN[94,5]",0.0
"GEN[95,5]",0.0
"GEN[1,6]",0.0
"GEN[2,6]",0.0
"GEN[3,6]",76.0
"GEN[4,6]",76.0
"GEN[5,6]",0.0
"GEN[6,6]",0.0
"GEN[7,6]",76.0
"GEN[8,6]",76.0
"GEN[9,6]",0.0
"GEN[10,6]",0.0
"GEN[11,6]",0.0
"GEN[12,6]",0.0
"GEN[13,6]",0.0
"GEN[14,6]",0.0
"GEN[15,6]",0.0
"GEN[16,6]",0.0
"GEN[17,6]",0.0
"GEN[18,6]",0.0
"GEN[19,6]",0.0
"GEN[20,6]",350.0
"GEN[21,6]",0.0
"GEN[22,6]",0.0
"GEN[23,6]",0.0
"GEN[24,6]",0.0
"GEN[25,6]",0.0
"GEN[26,6]",0.0
"GEN[27,6]",0.0
"GEN[28,6]",0.0
"GEN[29,6]",0.0
"GEN[30,6]",0.0
"GEN[31,6]",0.0
"GEN[32,6]",0.0
"GEN[33,6]",0.0
"GEN[34,6]",0.0
"GEN[35,6]",0.0
"GEN[36,6]",0.0
"GEN[37,6]",0.0
"GEN[38,6]",155.0
"GEN[39,6]",0.0
"GEN[40,6]",0.0
"GEN[41,6]",155.0
"GEN[42,6]",155.0
"GEN[43,6]",350.0
"GEN[44,6]",0.0
"GEN[45,6]",0.0
"GEN[46,6]",0.0
"GEN[47,6]",0.0
"GEN[48,6]",0.0
"GEN[49,6]",0.0
"GEN[50,6]",0.0
"GEN[51,6]",0.0
"GEN[52,6]",0.0
"GEN[53,6]",0.0
"GEN[54,6]",0.0
"GEN[55,6]",0.0
"GEN[56,6]",0.0
"GEN[57,6]",0.0
"GEN[58,6]",0.0
"GEN[59,6]",0.0
"GEN[60,6]",0.0
"GEN[61,6]",0.0
"GEN[62,6]",0.0
"GEN[63,6]",0.0
"GEN[64,6]",0.0
"GEN[65,6]",0.0
"GEN[66,6]",0.0
"GEN[67,6]",0.0
"GEN[68,6]",0.0
"GEN[69,6]",0.0
"GEN[70,6]",0.0
"GEN[71,6]",0.0
"GEN[72,6]",0.0
"GEN[73,6]",400.0
"GEN[74,6]",2.7999999870411303
"GEN[75,6]",2.7999999870411303
"GEN[76,6]",2.7999999870411303
"GEN[77,6]",2.7999999870411303
"GEN[78,6]",2.7999999870411303
"GEN[79,6]",2.7999999870411303
"GEN[80,6]",9.500000001030367
"GEN[81,6]",9.500000001030367
"GEN[82,6]",9.500000001030367
"GEN[83,6]",9.500000001030367
"GEN[84,6]",9.500000001030367
"GEN[85,6]",9.500000001030367
"GEN[86,6]",9.500000001030367
"GEN[87,6]",9.500000001030367
"GEN[88,6]",9.500000001030367
"GEN[89,6]",9.500000001030367
"GEN[90,6]",17.500000024002304
"GEN[91,6]",17.500000024002304
"GEN[92,6]",17.500000024002304
"GEN[93,6]",17.500000024002304
"GEN[94,6]",0.0
"GEN[95,6]",0.0
"GEN[1,7]",0.0
"GEN[2,7]",0.0
"GEN[3,7]",76.0
"GEN[4,7]",76.0
"GEN[5,7]",0.0
"GEN[6,7]",0.0
"GEN[7,7]",76.0
"GEN[8,7]",76.0
"GEN[9,7]",0.0
"GEN[10,7]",0.0
"GEN[11,7]",0.0
"GEN[12,7]",0.0
"GEN[13,7]",0.0
"GEN[14,7]",0.0
"GEN[15,7]",0.0
"GEN[16,7]",0.0
"GEN[17,7]",0.0
"GEN[18,7]",0.0
"GEN[19,7]",0.0
"GEN[20,7]",350.0
"GEN[21,7]",0.0
"GEN[22,7]",0.0
"GEN[23,7]",0.0
"GEN[24,7]",0.0
"GEN[25,7]",0.0
"GEN[26,7]",0.0
"GEN[27,7]",0.0
"GEN[28,7]",0.0
"GEN[29,7]",0.0
"GEN[30,7]",0.0
"GEN[31,7]",0.0
"GEN[32,7]",0.0
"GEN[33,7]",0.0
"GEN[34,7]",0.0
"GEN[35,7]",0.0
"GEN[36,7]",0.0
"GEN[37,7]",0.0
"GEN[38,7]",155.0
"GEN[39,7]",0.0
"GEN[40,7]",0.0
"GEN[41,7]",155.0
"GEN[42,7]",155.0
"GEN[43,7]",350.0
"GEN[44,7]",0.0
"GEN[45,7]",0.0
"GEN[46,7]",0.0
"GEN[47,7]",0.0
"GEN[48,7]",0.0
"GEN[49,7]",0.0
"GEN[50,7]",0.0
"GEN[51,7]",0.0
"GEN[52,7]",0.0
"GEN[53,7]",0.0
"GEN[54,7]",0.0
"GEN[55,7]",0.0
"GEN[56,7]",0.0
"GEN[57,7]",0.0
"GEN[58,7]",0.0
"GEN[59,7]",0.0
"GEN[60,7]",0.0
"GEN[61,7]",0.0
"GEN[62,7]",0.0
"GEN[63,7]",0.0
"GEN[64,7]",0.0
"GEN[65,7]",0.0
"GEN[66,7]",0.0
"GEN[67,7]",0.0
"GEN[68,7]",0.0
"GEN[69,7]",0.0
"GEN[70,7]",0.0
"GEN[71,7]",0.0
"GEN[72,7]",0.0
"GEN[73,7]",400.0
"GEN[74,7]",3.3000000147256863
"GEN[75,7]",3.3000000147256863
"GEN[76,7]",3.3000000147256863
"GEN[77,7]",3.3000000147256863
"GEN[78,7]",3.3000000147256863
"GEN[79,7]",3.3000000147256863
"GEN[80,7]",17.900000014651376
"GEN[81,7]",17.900000014651376
"GEN[82,7]",17.900000014651376
"GEN[83,7]",17.900000014651376
"GEN[84,7]",17.900000014651376
"GEN[85,7]",17.900000014651376
"GEN[86,7]",17.900000014651376
"GEN[87,7]",17.900000014651376
"GEN[88,7]",17.900000014651376
"GEN[89,7]",17.900000014651376
"GEN[90,7]",11.100000016124278
"GEN[91,7]",11.100000016124278
"GEN[92,7]",11.100000016124278
"GEN[93,7]",11.100000016124278
"GEN[94,7]",0.0
"GEN[95,7]",0.0
"GEN[1,8]",0.0
"GEN[2,8]",0.0
"GEN[3,8]",76.0
"GEN[4,8]",76.0
"GEN[5,8]",0.0
"GEN[6,8]",0.0
"GEN[7,8]",29.999999992
"GEN[8,8]",29.999999992
"GEN[9,8]",0.0
"GEN[10,8]",0.0
"GEN[11,8]",0.0
"GEN[12,8]",0.0
"GEN[13,8]",0.0
"GEN[14,8]",0.0
"GEN[15,8]",0.0
"GEN[16,8]",0.0
"GEN[17,8]",0.0
"GEN[18,8]",0.0
"GEN[19,8]",0.0
"GEN[20,8]",140.0
"GEN[21,8]",0.0
"GEN[22,8]",0.0
"GEN[23,8]",0.0
"GEN[24,8]",0.0
"GEN[25,8]",0.0
"GEN[26,8]",0.0
"GEN[27,8]",0.0
"GEN[28,8]",0.0
"GEN[29,8]",0.0
"GEN[30,8]",0.0
"GEN[31,8]",0.0
"GEN[32,8]",0.0
"GEN[33,8]",0.0
"GEN[34,8]",0.0
"GEN[35,8]",0.0
"GEN[36,8]",0.0
"GEN[37,8]",0.0
"GEN[38,8]",62.0
"GEN[39,8]",0.0
"GEN[40,8]",0.0
"GEN[41,8]",83.6308538406173
"GEN[42,8]",155.0
"GEN[43,8]",140.0
"GEN[44,8]",0.0
"GEN[45,8]",0.0
"GEN[46,8]",0.0
"GEN[47,8]",0.0
"GEN[48,8]",0.0
"GEN[49,8]",0.0
"GEN[50,8]",0.0
"GEN[51,8]",0.0
"GEN[52,8]",0.0
"GEN[53,8]",0.0
"GEN[54,8]",0.0
"GEN[55,8]",0.0
"GEN[56,8]",0.0
"GEN[57,8]",0.0
"GEN[58,8]",0.0
"GEN[59,8]",0.0
"GEN[60,8]",0.0
"GEN[61,8]",0.0
"GEN[62,8]",0.0
"GEN[63,8]",0.0
"GEN[64,8]",0.0
"GEN[65,8]",0.0
"GEN[66,8]",0.0
"GEN[67,8]",0.0
"GEN[68,8]",0.0
"GEN[69,8]",0.0
"GEN[70,8]",0.0
"GEN[71,8]",0.0
"GEN[72,8]",0.0
"GEN[73,8]",400.0
"GEN[74,8]",2.399999996392057
"GEN[75,8]",2.399999996392057
"GEN[76,8]",2.399999996392057
"GEN[77,8]",2.399999996392057
"GEN[78,8]",2.399999996392057
"GEN[79,8]",2.399999996392057
"GEN[80,8]",18.499999974376177
"GEN[81,8]",18.499999974376177
"GEN[82,8]",18.499999974376177
"GEN[83,8]",18.499999974376177
"GEN[84,8]",18.499999974376177
"GEN[85,8]",18.499999974376177
"GEN[86,8]",18.499999974376177
"GEN[87,8]",18.499999974376177
"GEN[88,8]",18.499999974376177
"GEN[89,8]",18.499999974376177
"GEN[90,8]",22.70000000743549
"GEN[91,8]",22.70000000743549
"GEN[92,8]",22.70000000743549
"GEN[93,8]",22.70000000743549
"GEN[94,8]",0.0
"GEN[95,8]",0.0
"GEN[1,9]",0.0
"GEN[2,9]",0.0
"GEN[3,9]",76.0
"GEN[4,9]",76.0
"GEN[5,9]",0.0
"GEN[6,9]",0.0
"GEN[7,9]",29.999999992
"GEN[8,9]",29.999999992
"GEN[9,9]",0.0
"GEN[10,9]",0.0
"GEN[11,9]",0.0
"GEN[12,9]",0.0
"GEN[13,9]",0.0
"GEN[14,9]",0.0
"GEN[15,9]",0.0
"GEN[16,9]",0.0
"GEN[17,9]",0.0
"GEN[18,9]",0.0
"GEN[19,9]",0.0
"GEN[20,9]",140.0
"GEN[21,9]",0.0
"GEN[22,9]",0.0
"GEN[23,9]",0.0
"GEN[24,9]",0.0
"GEN[25,9]",0.0
"GEN[26,9]",0.0
"GEN[27,9]",0.0
"GEN[28,9]",0.0
"GEN[29,9]",0.0
"GEN[30,9]",0.0
"GEN[31,9]",0.0
"GEN[32,9]",0.0
"GEN[33,9]",0.0
"GEN[34,9]",0.0
"GEN[35,9]",0.0
"GEN[36,9]",0.0
"GEN[37,9]",0.0
"GEN[38,9]",62.0
"GEN[39,9]",0.0
"GEN[40,9]",0.0
"GEN[41,9]",110.79909279177559
"GEN[42,9]",155.0
"GEN[43,9]",140.0
"GEN[44,9]",0.0
"GEN[45,9]",0.0
"GEN[46,9]",0.0
"GEN[47,9]",0.0
"GEN[48,9]",0.0
"GEN[49,9]",0.0
"GEN[50,9]",0.0
"GEN[51,9]",0.0
"GEN[52,9]",0.0
"GEN[53,9]",0.0
"GEN[54,9]",0.0
"GEN[55,9]",0.0
"GEN[56,9]",0.0
"GEN[57,9]",0.0
"GEN[58,9]",0.0
"GEN[59,9]",0.0
"GEN[60,9]",0.0
"GEN[61,9]",0.0
"GEN[62,9]",0.0
"GEN[63,9]",0.0
"GEN[64,9]",0.0
"GEN[65,9]",0.0
"GEN[66,9]",0.0
"GEN[67,9]",0.0
"GEN[68,9]",0.0
"GEN[69,9]",0.0
"GEN[70,9]",0.0
"GEN[71,9]",0.0
"GEN[72,9]",0.0
"GEN[73,9]",400.0
"GEN[74,9]",3.3000000147256863
"GEN[75,9]",3.3000000147256863
"GEN[76,9]",3.3000000147256863
"GEN[77,9]",3.3000000147256863
"GEN[78,9]",3.3000000147256863
"GEN[79,9]",3.3000000147256863
"GEN[80,9]",18.699999995949522
"GEN[81,9]",18.699999995949522
"GEN[82,9]",18.699999995949522
"GEN[83,9]",18.699999995949522
"GEN[84,9]",18.699999995949522
"GEN[85,9]",18.699999995949522
"GEN[86,9]",18.699999995949522
"GEN[87,9]",18.699999995949522
"GEN[88,9]",18.699999995949522
"GEN[89,9]",18.699999995949522
"GEN[90,9]",26.10000000669904
"GEN[91,9]",26.10000000669904
"GEN[92,9]",26.10000000669904
"GEN[93,9]",26.10000000669904
"GEN[94,9]",0.0
"GEN[95,9]",0.0
"GEN[1,10]",0.0
"GEN[2,10]",0.0
"GEN[3,10]",76.0
"GEN[4,10]",76.0
"GEN[5,10]",0.0
"GEN[6,10]",0.0
"GEN[7,10]",29.999999992
"GEN[8,10]",29.999999992
"GEN[9,10]",0.0
"GEN[10,10]",0.0
"GEN[11,10]",0.0
"GEN[12,10]",0.0
"GEN[13,10]",0.0
"GEN[14,10]",0.0
"GEN[15,10]",0.0
"GEN[16,10]",0.0
"GEN[17,10]",0.0
"GEN[18,10]",0.0
"GEN[19,10]",0.0
"GEN[20,10]",140.0
"GEN[21,10]",0.0
"GEN[22,10]",0.0
"GEN[23,10]",0.0
"GEN[24,10]",0.0
"GEN[25,10]",0.0
"GEN[26,10]",0.0
"GEN[27,10]",0.0
"GEN[28,10]",0.0
"GEN[29,10]",0.0
"GEN[30,10]",0.0
"GEN[31,10]",0.0
"GEN[32,10]",0.0
"GEN[33,10]",0.0
"GEN[34,10]",0.0
"GEN[35,10]",0.0
"GEN[36,10]",0.0
"GEN[37,10]",0.0
"GEN[38,10]",62.0
"GEN[39,10]",0.0
"GEN[40,10]",0.0
"GEN[41,10]",62.0
"GEN[42,10]",62.0
"GEN[43,10]",140.0
"GEN[44,10]",0.0
"GEN[45,10]",0.0
"GEN[46,10]",0.0
"GEN[47,10]",0.0
"GEN[48,10]",0.0
"GEN[49,10]",0.0
"GEN[50,10]",0.0
"GEN[51,10]",0.0
"GEN[52,10]",0.0
"GEN[53,10]",0.0
"GEN[54,10]",0.0
"GEN[55,10]",0.0
"GEN[56,10]",0.0
"GEN[57,10]",0.0
"GEN[58,10]",0.0
"GEN[59,10]",0.0
"GEN[60,10]",0.0
"GEN[61,10]",0.0
"GEN[62,10]",0.0
"GEN[63,10]",0.0
"GEN[64,10]",0.0
"GEN[65,10]",0.0
"GEN[66,10]",0.0
"GEN[67,10]",0.0
"GEN[68,10]",0.0
"GEN[69,10]",0.0
"GEN[70,10]",0.0
"GEN[71,10]",0.0
"GEN[72,10]",0.0
"GEN[73,10]",400.0
"GEN[74,10]",2.399999996392057
"GEN[75,10]",2.399999996392057
"GEN[76,10]",2.399999996392057
"GEN[77,10]",2.399999996392057
"GEN[78,10]",2.399999996392057
"GEN[79,10]",2.399999996392057
"GEN[80,10]",18.699999995949522
"GEN[81,10]",18.699999995949522
"GEN[82,10]",18.699999995949522
"GEN[83,10]",18.699999995949522
"GEN[84,10]",18.699999995949522
"GEN[85,10]",18.699999995949522
"GEN[86,10]",18.699999995949522
"GEN[87,10]",18.699999995949522
"GEN[88,10]",18.699999995949522
"GEN[89,10]",18.699999995949522
"GEN[90,10]",26.40000001281025
"GEN[91,10]",26.40000001281025
"GEN[92,10]",26.40000001281025
"GEN[93,10]",26.40000001281025
"GEN[94,10]",69.3000000474
"GEN[95,10]",0.0
"GEN[1,11]",0.0
"GEN[2,11]",0.0
"GEN[3,11]",76.0
"GEN[4,11]",76.0
"GEN[5,11]",0.0
"GEN[6,11]",0.0
"GEN[7,11]",29.999999992
"GEN[8,11]",29.999999992
"GEN[9,11]",0.0
"GEN[10,11]",0.0
"GEN[11,11]",0.0
"GEN[12,11]",0.0
"GEN[13,11]",0.0
"GEN[14,11]",0.0
"GEN[15,11]",0.0
"GEN[16,11]",0.0
"GEN[17,11]",0.0
"GEN[18,11]",0.0
"GEN[19,11]",0.0
"GEN[20,11]",140.0
"GEN[21,11]",0.0
"GEN[22,11]",0.0
"GEN[23,11]",0.0
"GEN[24,11]",0.0
"GEN[25,11]",0.0
"GEN[26,11]",0.0
"GEN[27,11]",0.0
"GEN[28,11]",0.0
"GEN[29,11]",0.0
"GEN[30,11]",0.0
"GEN[31,11]",0.0
"GEN[32,11]",0.0
"GEN[33,11]",0.0
"GEN[34,11]",0.0
"GEN[35,11]",0.0
"GEN[36,11]",0.0
"GEN[37,11]",0.0
"GEN[38,11]",62.0
"GEN[39,11]",0.0
"GEN[40,11]",0.0
"GEN[41,11]",62.0
"GEN[42,11]",90.10322839740422
"GEN[43,11]",140.0
"GEN[44,11]",0.0
"GEN[45,11]",0.0
"GEN[46,11]",0.0
"GEN[47,11]",0.0
"GEN[48,11]",0.0
"GEN[49,11]",0.0
"GEN[50,11]",0.0
"GEN[51,11]",0.0
"GEN[52,11]",0.0
"GEN[53,11]",0.0
"GEN[54,11]",0.0
"GEN[55,11]",0.0
"GEN[56,11]",0.0
"GEN[57,11]",0.0
"GEN[58,11]",0.0
"GEN[59,11]",0.0
"GEN[60,11]",0.0
"GEN[61,11]",0.0
"GEN[62,11]",0.0
"GEN[63,11]",0.0
"GEN[64,11]",0.0
"GEN[65,11]",0.0
"GEN[66,11]",0.0
"GEN[67,11]",0.0
"GEN[68,11]",0.0
"GEN[69,11]",0.0
"GEN[70,11]",0.0
"GEN[71,11]",0.0
"GEN[72,11]",0.0
"GEN[73,11]",400.0
"GEN[74,11]",2.7999999870411303
"GEN[75,11]",2.7999999870411303
"GEN[76,11]",2.7999999870411303
"GEN[77,11]",2.7999999870411303
"GEN[78,11]",2.7999999870411303
"GEN[79,11]",2.7999999870411303
"GEN[80,11]",18.699999995949522
"GEN[81,11]",18.699999995949522
"GEN[82,11]",18.699999995949522
"GEN[83,11]",18.699999995949522
"GEN[84,11]",18.699999995949522
"GEN[85,11]",18.699999995949522
"GEN[86,11]",18.699999995949522
"GEN[87,11]",18.699999995949522
"GEN[88,11]",18.699999995949522
"GEN[89,11]",18.699999995949522
"GEN[90,11]",31.99999998689251
"GEN[91,11]",31.99999998689251
"GEN[92,11]",31.99999998689251
"GEN[93,11]",31.99999998689251
"GEN[94,11]",131.8999998989
"GEN[95,11]",0.0
"GEN[1,12]",0.0
"GEN[2,12]",0.0
"GEN[3,12]",76.0
"GEN[4,12]",76.0
"GEN[5,12]",0.0
"GEN[6,12]",0.0
"GEN[7,12]",29.999999992
"GEN[8,12]",29.999999992
"GEN[9,12]",0.0
"GEN[10,12]",0.0
"GEN[11,12]",0.0
"GEN[12,12]",0.0
"GEN[13,12]",0.0
"GEN[14,12]",0.0
"GEN[15,12]",0.0
"GEN[16,12]",0.0
"GEN[17,12]",0.0
"GEN[18,12]",0.0
"GEN[19,12]",0.0
"GEN[20,12]",140.0
"GEN[21,12]",0.0
"GEN[22,12]",0.0
"GEN[23,12]",0.0
"GEN[24,12]",0.0
"GEN[25,12]",0.0
"GEN[26,12]",0.0
"GEN[27,12]",0.0
"GEN[28,12]",0.0
"GEN[29,12]",0.0
"GEN[30,12]",0.0
"GEN[31,12]",0.0
"GEN[32,12]",0.0
"GEN[33,12]",0.0
"GEN[34,12]",0.0
"GEN[35,12]",0.0
"GEN[36,12]",0.0
"GEN[37,12]",0.0
"GEN[38,12]",62.0
"GEN[39,12]",0.0
"GEN[40,12]",0.0
"GEN[41,12]",155.0
"GEN[42,12]",62.0
"GEN[43,12]",140.0
"GEN[44,12]",0.0
"GEN[45,12]",0.0
"GEN[46,12]",0.0
"GEN[47,12]",0.0
"GEN[48,12]",0.0
"GEN[49,12]",0.0
"GEN[50,12]",0.0
"GEN[51,12]",0.0
"GEN[52,12]",0.0
"GEN[53,12]",0.0
"GEN[54,12]",0.0
"GEN[55,12]",0.0
"GEN[56,12]",0.0
"GEN[57,12]",0.0
"GEN[58,12]",0.0
"GEN[59,12]",0.0
"GEN[60,12]",0.0
"GEN[61,12]",0.0
"GEN[62,12]",0.0
"GEN[63,12]",0.0
"GEN[64,12]",0.0
"GEN[65,12]",0.0
"GEN[66,12]",0.0
"GEN[67,12]",0.0
"GEN[68,12]",0.0
"GEN[69,12]",0.0
"GEN[70,12]",0.0
"GEN[71,12]",0.0
"GEN[72,12]",0.0
"GEN[73,12]",400.0
"GEN[74,12]",2.7999999870411303
"GEN[75,12]",2.7999999870411303
"GEN[76,12]",2.7999999870411303
"GEN[77,12]",2.7999999870411303
"GEN[78,12]",2.7999999870411303
"GEN[79,12]",2.7999999870411303
"GEN[80,12]",18.900000017522867
"GEN[81,12]",18.900000017522867
"GEN[82,12]",18.900000017522867
"GEN[83,12]",18.900000017522867
"GEN[84,12]",18.900000017522867
"GEN[85,12]",18.900000017522867
"GEN[86,12]",18.900000017522867
"GEN[87,12]",18.900000017522867
"GEN[88,12]",18.900000017522867
"GEN[89,12]",18.900000017522867
"GEN[90,12]",39.09999999153082
"GEN[91,12]",39.09999999153082
"GEN[92,12]",39.09999999153082
"GEN[93,12]",39.09999999153082
"GEN[94,12]",0.0
"GEN[95,12]",0.0
"GEN[1,13]",0.0
"GEN[2,13]",0.0
"GEN[3,13]",76.0
"GEN[4,13]",76.0
"GEN[5,13]",0.0
"GEN[6,13]",0.0
"GEN[7,13]",29.999999992
"GEN[8,13]",29.999999992
"GEN[9,13]",0.0
"GEN[10,13]",0.0
"GEN[11,13]",0.0
"GEN[12,13]",0.0
"GEN[13,13]",0.0
"GEN[14,13]",0.0
"GEN[15,13]",0.0
"GEN[16,13]",0.0
"GEN[17,13]",0.0
"GEN[18,13]",0.0
"GEN[19,13]",0.0
"GEN[20,13]",140.0
"GEN[21,13]",0.0
"GEN[22,13]",0.0
"GEN[23,13]",0.0
"GEN[24,13]",0.0
"GEN[25,13]",0.0
"GEN[26,13]",0.0
"GEN[27,13]",0.0
"GEN[28,13]",0.0
"GEN[29,13]",0.0
"GEN[30,13]",0.0
"GEN[31,13]",0.0
"GEN[32,13]",0.0
"GEN[33,13]",0.0
"GEN[34,13]",0.0
"GEN[35,13]",0.0
"GEN[36,13]",0.0
"GEN[37,13]",0.0
"GEN[38,13]",62.0
"GEN[39,13]",0.0
"GEN[40,13]",0.0
"GEN[41,13]",62.0
"GEN[42,13]",151.7116492032423
"GEN[43,13]",140.0
"GEN[44,13]",0.0
"GEN[45,13]",0.0
"GEN[46,13]",0.0
"GEN[47,13]",0.0
"GEN[48,13]",0.0
"GEN[49,13]",0.0
"GEN[50,13]",0.0
"GEN[51,13]",0.0
"GEN[52,13]",0.0
"GEN[53,13]",0.0
"GEN[54,13]",0.0
"GEN[55,13]",0.0
"GEN[56,13]",0.0
"GEN[57,13]",0.0
"GEN[58,13]",0.0
"GEN[59,13]",0.0
"GEN[60,13]",0.0
"GEN[61,13]",0.0
"GEN[62,13]",0.0
"GEN[63,13]",0.0
"GEN[64,13]",0.0
"GEN[65,13]",0.0
"GEN[66,13]",0.0
"GEN[67,13]",0.0
"GEN[68,13]",0.0
"GEN[69,13]",0.0
"GEN[70,13]",0.0
"GEN[71,13]",0.0
"GEN[72,13]",0.0
"GEN[73,13]",400.0
"GEN[74,13]",2.7999999870411303
"GEN[75,13]",2.7999999870411303
"GEN[76,13]",2.7999999870411303
"GEN[77,13]",2.7999999870411303
"GEN[78,13]",2.7999999870411303
"GEN[79,13]",2.7999999870411303
"GEN[80,13]",18.499999974376177
"GEN[81,13]",18.499999974376177
"GEN[82,13]",18.499999974376177
"GEN[83,13]",18.499999974376177
"GEN[84,13]",18.499999974376177
"GEN[85,13]",18.499999974376177
"GEN[86,13]",18.499999974376177
"GEN[87,13]",18.499999974376177
"GEN[88,13]",18.499999974376177
"GEN[89,13]",18.499999974376177
"GEN[90,13]",33.60000000198642
"GEN[91,13]",33.60000000198642
"GEN[92,13]",33.60000000198642
"GEN[93,13]",33.60000000198642
"GEN[94,13]",0.0
"GEN[95,13]",0.0
"GEN[1,14]",0.0
"GEN[2,14]",0.0
"GEN[3,14]",76.0
"GEN[4,14]",76.0
"GEN[5,14]",0.0
"GEN[6,14]",0.0
"GEN[7,14]",29.999999992
"GEN[8,14]",29.999999992
"GEN[9,14]",0.0
"GEN[10,14]",0.0
"GEN[11,14]",0.0
"GEN[12,14]",0.0
"GEN[13,14]",0.0
"GEN[14,14]",0.0
"GEN[15,14]",0.0
"GEN[16,14]",0.0
"GEN[17,14]",0.0
"GEN[18,14]",0.0
"GEN[19,14]",0.0
"GEN[20,14]",140.0
"GEN[21,14]",0.0
"GEN[22,14]",0.0
"GEN[23,14]",0.0
"GEN[24,14]",0.0
"GEN[25,14]",0.0
"GEN[26,14]",0.0
"GEN[27,14]",0.0
"GEN[28,14]",0.0
"GEN[29,14]",0.0
"GEN[30,14]",0.0
"GEN[31,14]",0.0
"GEN[32,14]",0.0
"GEN[33,14]",0.0
"GEN[34,14]",0.0
"GEN[35,14]",0.0
"GEN[36,14]",0.0
"GEN[37,14]",0.0
"GEN[38,14]",62.0
"GEN[39,14]",0.0
"GEN[40,14]",0.0
"GEN[41,14]",155.0
"GEN[42,14]",62.0
"GEN[43,14]",140.0
"GEN[44,14]",0.0
"GEN[45,14]",0.0
"GEN[46,14]",0.0
"GEN[47,14]",0.0
"GEN[48,14]",0.0
"GEN[49,14]",0.0
"GEN[50,14]",0.0
"GEN[51,14]",0.0
"GEN[52,14]",0.0
"GEN[53,14]",0.0
"GEN[54,14]",0.0
"GEN[55,14]",0.0
"GEN[56,14]",0.0
"GEN[57,14]",0.0
"GEN[58,14]",0.0
"GEN[59,14]",0.0
"GEN[60,14]",0.0
"GEN[61,14]",0.0
"GEN[62,14]",0.0
"GEN[63,14]",0.0
"GEN[64,14]",0.0
"GEN[65,14]",0.0
"GEN[66,14]",0.0
"GEN[67,14]",0.0
"GEN[68,14]",0.0
"GEN[69,14]",0.0
"GEN[70,14]",0.0
"GEN[71,14]",0.0
"GEN[72,14]",0.0
"GEN[73,14]",400.0
"GEN[74,14]",2.7999999870411303
"GEN[75,14]",2.7999999870411303
"GEN[76,14]",2.7999999870411303
"GEN[77,14]",2.7999999870411303
"GEN[78,14]",2.7999999870411303
"GEN[79,14]",2.7999999870411303
"GEN[80,14]",18.900000017522867
"GEN[81,14]",18.900000017522867
"GEN[82,14]",18.900000017522867
"GEN[83,14]",18.900000017522867
"GEN[84,14]",18.900000017522867
"GEN[85,14]",18.900000017522867
"GEN[86,14]",18.900000017522867
"GEN[87,14]",18.900000017522867
"GEN[88,14]",18.900000017522867
"GEN[89,14]",18.900000017522867
"GEN[90,14]",30.599999993371945
"GEN[91,14]",30.599999993371945
"GEN[92,14]",30.599999993371945
"GEN[93,14]",30.599999993371945
"GEN[94,14]",0.0
"GEN[95,14]",0.0
"GEN[1,15]",0.0
"GEN[2,15]",0.0
"GEN[3,15]",76.0
"GEN[4,15]",76.0
"GEN[5,15]",0.0
"GEN[6,15]",0.0
"GEN[7,15]",29.999999992
"GEN[8,15]",29.999999992
"GEN[9,15]",0.0
"GEN[10,15]",0.0
"GEN[11,15]",0.0
"GEN[12,15]",0.0
"GEN[13,15]",0.0
"GEN[14,15]",0.0
"GEN[15,15]",0.0
"GEN[16,15]",0.0
"GEN[17,15]",0.0
"GEN[18,15]",0.0
"GEN[19,15]",0.0
"GEN[20,15]",140.0
"GEN[21,15]",0.0
"GEN[22,15]",0.0
"GEN[23,15]",0.0
"GEN[24,15]",0.0
"GEN[25,15]",0.0
"GEN[26,15]",0.0
"GEN[27,15]",0.0
"GEN[28,15]",0.0
"GEN[29,15]",0.0
"GEN[30,15]",0.0
"GEN[31,15]",0.0
"GEN[32,15]",0.0
"GEN[33,15]",0.0
"GEN[34,15]",0.0
"GEN[35,15]",0.0
"GEN[36,15]",0.0
"GEN[37,15]",0.0
"GEN[38,15]",62.0
"GEN[39,15]",0.0
"GEN[40,15]",0.0
"GEN[41,15]",62.0
"GEN[42,15]",155.0
"GEN[43,15]",140.0
"GEN[44,15]",0.0
"GEN[45,15]",0.0
"GEN[46,15]",0.0
"GEN[47,15]",0.0
"GEN[48,15]",0.0
"GEN[49,15]",0.0
"GEN[50,15]",0.0
"GEN[51,15]",0.0
"GEN[52,15]",0.0
"GEN[53,15]",0.0
"GEN[54,15]",0.0
"GEN[55,15]",0.0
"GEN[56,15]",0.0
"GEN[57,15]",0.0
"GEN[58,15]",0.0
"GEN[59,15]",0.0
"GEN[60,15]",0.0
"GEN[61,15]",0.0
"GEN[62,15]",0.0
"GEN[63,15]",0.0
"GEN[64,15]",0.0
"GEN[65,15]",0.0
"GEN[66,15]",0.0
"GEN[67,15]",0.0
"GEN[68,15]",0.0
"GEN[69,15]",0.0
"GEN[70,15]",0.0
"GEN[71,15]",0.0
"GEN[72,15]",0.0
"GEN[73,15]",400.0
"GEN[74,15]",2.7999999870411303
"GEN[75,15]",2.7999999870411303
"GEN[76,15]",2.7999999870411303
"GEN[77,15]",2.7999999870411303
"GEN[78,15]",2.7999999870411303
"GEN[79,15]",2.7999999870411303
"GEN[80,15]",9.700000022603712
"GEN[81,15]",9.700000022603712
"GEN[82,15]",9.700000022603712
"GEN[83,15]",9.700000022603712
"GEN[84,15]",9.700000022603712
"GEN[85,15]",9.700000022603712
"GEN[86,15]",9.700000022603712
"GEN[87,15]",9.700000022603712
"GEN[88,15]",9.700000022603712
"GEN[89,15]",9.700000022603712
"GEN[90,15]",29.699999975038317
"GEN[91,15]",29.699999975038317
"GEN[92,15]",29.699999975038317
"GEN[93,15]",29.699999975038317
"GEN[94,15]",0.0
"GEN[95,15]",0.0
"GEN[1,16]",0.0
"GEN[2,16]",0.0
"GEN[3,16]",76.0
"GEN[4,16]",76.0
"GEN[5,16]",0.0
"GEN[6,16]",0.0
"GEN[7,16]",29.999999992
"GEN[8,16]",29.999999992
"GEN[9,16]",0.0
"GEN[10,16]",0.0
"GEN[11,16]",0.0
"GEN[12,16]",0.0
"GEN[13,16]",0.0
"GEN[14,16]",0.0
"GEN[15,16]",0.0
"GEN[16,16]",0.0
"GEN[17,16]",0.0
"GEN[18,16]",0.0
"GEN[19,16]",0.0
"GEN[20,16]",140.0
"GEN[21,16]",0.0
"GEN[22,16]",0.0
"GEN[23,16]",0.0
"GEN[24,16]",0.0
"GEN[25,16]",0.0
"GEN[26,16]",0.0
"GEN[27,16]",0.0
"GEN[28,16]",0.0
"GEN[29,16]",0.0
"GEN[30,16]",0.0
"GEN[31,16]",0.0
"GEN[32,16]",0.0
"GEN[33,16]",0.0
"GEN[34,16]",0.0
"GEN[35,16]",0.0
"GEN[36,16]",0.0
"GEN[37,16]",0.0
"GEN[38,16]",151.3106801332808
"GEN[39,16]",0.0
"GEN[40,16]",0.0
"GEN[41,16]",155.0
"GEN[42,16]",155.0
"GEN[43,16]",140.0
"GEN[44,16]",0.0
"GEN[45,16]",0.0
"GEN[46,16]",0.0
"GEN[47,16]",0.0
"GEN[48,16]",0.0
"GEN[49,16]",0.0
"GEN[50,16]",0.0
"GEN[51,16]",0.0
"GEN[52,16]",0.0
"GEN[53,16]",0.0
"GEN[54,16]",0.0
"GEN[55,16]",0.0
"GEN[56,16]",0.0
"GEN[57,16]",0.0
"GEN[58,16]",0.0
"GEN[59,16]",0.0
"GEN[60,16]",0.0
"GEN[61,16]",0.0
"GEN[62,16]",0.0
"GEN[63,16]",0.0
"GEN[64,16]",0.0
"GEN[65,16]",0.0
"GEN[66,16]",0.0
"GEN[67,16]",0.0
"GEN[68,16]",0.0
"GEN[69,16]",0.0
"GEN[70,16]",0.0
"GEN[71,16]",0.0
"GEN[72,16]",0.0
"GEN[73,16]",400.0
"GEN[74,16]",3.3000000147256863
"GEN[75,16]",3.3000000147256863
"GEN[76,16]",3.3000000147256863
"GEN[77,16]",3.3000000147256863
"GEN[78,16]",3.3000000147256863
"GEN[79,16]",3.3000000147256863
"GEN[80,16]",9.29999997945702
"GEN[81,16]",9.29999997945702
"GEN[82,16]",9.29999997945702
"GEN[83,16]",9.29999997945702
"GEN[84,16]",9.29999997945702
"GEN[85,16]",9.29999997945702
"GEN[86,16]",9.29999997945702
"GEN[87,16]",9.29999997945702
"GEN[88,16]",9.29999997945702
"GEN[89,16]",9.29999997945702
"GEN[90,16]",29.699999975038317
"GEN[91,16]",29.699999975038317
"GEN[92,16]",29.699999975038317
"GEN[93,16]",29.699999975038317
"GEN[94,16]",0.0
"GEN[95,16]",0.0
"GEN[1,17]",0.0
"GEN[2,17]",0.0
"GEN[3,17]",76.0
"GEN[4,17]",76.0
"GEN[5,17]",0.0
"GEN[6,17]",0.0
"GEN[7,17]",76.0
"GEN[8,17]",76.0
"GEN[9,17]",0.0
"GEN[10,17]",0.0
"GEN[11,17]",0.0
"GEN[12,17]",0.0
"GEN[13,17]",0.0
"GEN[14,17]",0.0
"GEN[15,17]",0.0
"GEN[16,17]",0.0
"GEN[17,17]",0.0
"GEN[18,17]",0.0
"GEN[19,17]",0.0
"GEN[20,17]",168.8754704030614
"GEN[21,17]",0.0
"GEN[22,17]",0.0
"GEN[23,17]",0.0
"GEN[24,17]",0.0
"GEN[25,17]",0.0
"GEN[26,17]",0.0
"GEN[27,17]",0.0
"GEN[28,17]",0.0
"GEN[29,17]",0.0
"GEN[30,17]",0.0
"GEN[31,17]",0.0
"GEN[32,17]",0.0
"GEN[33,17]",0.0
"GEN[34,17]",0.0
"GEN[35,17]",0.0
"GEN[36,17]",0.0
"GEN[37,17]",0.0
"GEN[38,17]",155.0
"GEN[39,17]",0.0
"GEN[40,17]",0.0
"GEN[41,17]",155.0
"GEN[42,17]",155.0
"GEN[43,17]",350.0
"GEN[44,17]",0.0
"GEN[45,17]",0.0
"GEN[46,17]",0.0
"GEN[47,17]",0.0
"GEN[48,17]",0.0
"GEN[49,17]",0.0
"GEN[50,17]",0.0
"GEN[51,17]",0.0
"GEN[52,17]",0.0
"GEN[53,17]",0.0
"GEN[54,17]",0.0
"GEN[55,17]",0.0
"GEN[56,17]",0.0
"GEN[57,17]",0.0
"GEN[58,17]",0.0
"GEN[59,17]",0.0
"GEN[60,17]",0.0
"GEN[61,17]",0.0
"GEN[62,17]",0.0
"GEN[63,17]",0.0
"GEN[64,17]",0.0
"GEN[65,17]",0.0
"GEN[66,17]",0.0
"GEN[67,17]",0.0
"GEN[68,17]",0.0
"GEN[69,17]",0.0
"GEN[70,17]",0.0
"GEN[71,17]",0.0
"GEN[72,17]",0.0
"GEN[73,17]",400.0
"GEN[74,17]",3.3000000147256863
"GEN[75,17]",3.3000000147256863
"GEN[76,17]",3.3000000147256863
"GEN[77,17]",3.3000000147256863
"GEN[78,17]",3.3000000147256863
"GEN[79,17]",3.3000000147256863
"GEN[80,17]",9.500000001030367
"GEN[81,17]",9.500000001030367
"GEN[82,17]",9.500000001030367
"GEN[83,17]",9.500000001030367
"GEN[84,17]",9.500000001030367
"GEN[85,17]",9.500000001030367
"GEN[86,17]",9.500000001030367
"GEN[87,17]",9.500000001030367
"GEN[88,17]",9.500000001030367
"GEN[89,17]",9.500000001030367
"GEN[90,17]",31.100000021056502
"GEN[91,17]",31.100000021056502
"GEN[92,17]",31.100000021056502
"GEN[93,17]",31.100000021056502
"GEN[94,17]",0.0
"GEN[95,17]",0.0
"GEN[1,18]",0.0
"GEN[2,18]",0.0
"GEN[3,18]",76.0
"GEN[4,18]",76.0
"GEN[5,18]",0.0
"GEN[6,18]",0.0
"GEN[7,18]",76.0
"GEN[8,18]",76.0
"GEN[9,18]",0.0
"GEN[10,18]",0.0
"GEN[11,18]",0.0
"GEN[12,18]",0.0
"GEN[13,18]",0.0
"GEN[14,18]",0.0
"GEN[15,18]",0.0
"GEN[16,18]",0.0
"GEN[17,18]",0.0
"GEN[18,18]",0.0
"GEN[19,18]",0.0
"GEN[20,18]",350.0
"GEN[21,18]",0.0
"GEN[22,18]",0.0
"GEN[23,18]",0.0
"GEN[24,18]",0.0
"GEN[25,18]",0.0
"GEN[26,18]",0.0
"GEN[27,18]",0.0
"GEN[28,18]",0.0
"GEN[29,18]",0.0
"GEN[30,18]",0.0
"GEN[31,18]",0.0
"GEN[32,18]",0.0
"GEN[33,18]",0.0
"GEN[34,18]",0.0
"GEN[35,18]",0.0
"GEN[36,18]",0.0
"GEN[37,18]",0.0
"GEN[38,18]",155.0
"GEN[39,18]",0.0
"GEN[40,18]",0.0
"GEN[41,18]",155.0
"GEN[42,18]",155.0
"GEN[43,18]",350.0
"GEN[44,18]",0.0
"GEN[45,18]",0.0
"GEN[46,18]",0.0
"GEN[47,18]",0.0
"GEN[48,18]",0.0
"GEN[49,18]",0.0
"GEN[50,18]",0.0
"GEN[51,18]",0.0
"GEN[52,18]",0.0
"GEN[53,18]",0.0
"GEN[54,18]",0.0
"GEN[55,18]",0.0
"GEN[56,18]",0.0
"GEN[57,18]",0.0
"GEN[58,18]",0.0
"GEN[59,18]",0.0
"GEN[60,18]",0.0
"GEN[61,18]",0.0
"GEN[62,18]",0.0
"GEN[63,18]",0.0
"GEN[64,18]",0.0
"GEN[65,18]",0.0
"GEN[66,18]",0.0
"GEN[67,18]",0.0
"GEN[68,18]",0.0
"GEN[69,18]",0.0
"GEN[70,18]",0.0
"GEN[71,18]",0.0
"GEN[72,18]",0.0
"GEN[73,18]",400.0
"GEN[74,18]",3.3000000147256863
"GEN[75,18]",3.3000000147256863
"GEN[76,18]",3.3000000147256863
"GEN[77,18]",3.3000000147256863
"GEN[78,18]",3.3000000147256863
"GEN[79,18]",3.3000000147256863
"GEN[80,18]",9.29999997945702
"GEN[81,18]",9.29999997945702
"GEN[82,18]",9.29999997945702
"GEN[83,18]",9.29999997945702
"GEN[84,18]",9.29999997945702
"GEN[85,18]",9.29999997945702
"GEN[86,18]",9.29999997945702
"GEN[87,18]",9.29999997945702
"GEN[88,18]",9.29999997945702
"GEN[89,18]",9.29999997945702
"GEN[90,18]",32.39999997754158
"GEN[91,18]",32.39999997754158
"GEN[92,18]",32.39999997754158
"GEN[93,18]",32.39999997754158
"GEN[94,18]",0.0
"GEN[95,18]",0.0
"GEN[1,19]",0.0
"GEN[2,19]",0.0
"GEN[3,19]",76.0
"GEN[4,19]",76.0
"GEN[5,19]",0.0
"GEN[6,19]",0.0
"GEN[7,19]",76.0
"GEN[8,19]",76.0
"GEN[9,19]",0.0
"GEN[10,19]",0.0
"GEN[11,19]",0.0
"GEN[12,19]",0.0
"GEN[13,19]",0.0
"GEN[14,19]",0.0
"GEN[15,19]",0.0
"GEN[16,19]",0.0
"GEN[17,19]",0.0
"GEN[18,19]",0.0
"GEN[19,19]",0.0
"GEN[20,19]",350.0
"GEN[21,19]",0.0
"GEN[22,19]",0.0
"GEN[23,19]",0.0
"GEN[24,19]",0.0
"GEN[25,19]",0.0
"GEN[26,19]",0.0
"GEN[27,19]",0.0
"GEN[28,19]",0.0
"GEN[29,19]",0.0
"GEN[30,19]",0.0
"GEN[31,19]",0.0
"GEN[32,19]",0.0
"GEN[33,19]",0.0
"GEN[34,19]",0.0
"GEN[35,19]",0.0
"GEN[36,19]",0.0
"GEN[37,19]",0.0
"GEN[38,19]",155.0
"GEN[39,19]",0.0
"GEN[40,19]",0.0
"GEN[41,19]",155.0
"GEN[42,19]",155.0
"GEN[43,19]",350.0
"GEN[44,19]",0.0
"GEN[45,19]",0.0
"GEN[46,19]",0.0
"GEN[47,19]",0.0
"GEN[48,19]",0.0
"GEN[49,19]",0.0
"GEN[50,19]",0.0
"GEN[51,19]",0.0
"GEN[52,19]",0.0
"GEN[53,19]",0.0
"GEN[54,19]",0.0
"GEN[55,19]",0.0
"GEN[56,19]",0.0
"GEN[57,19]",0.0
"GEN[58,19]",0.0
"GEN[59,19]",0.0
"GEN[60,19]",0.0
"GEN[61,19]",0.0
"GEN[62,19]",0.0
"GEN[63,19]",0.0
"GEN[64,19]",0.0
"GEN[65,19]",0.0
"GEN[66,19]",0.0
"GEN[67,19]",0.0
"GEN[68,19]",0.0
"GEN[69,19]",0.0
"GEN[70,19]",0.0
"GEN[71,19]",0.0
"GEN[72,19]",0.0
"GEN[73,19]",400.0
"GEN[74,19]",3.7999999899126227
"GEN[75,19]",3.7999999899126227
"GEN[76,19]",3.7999999899126227
"GEN[77,19]",3.7999999899126227
"GEN[78,19]",3.7999999899126227
"GEN[79,19]",3.7999999899126227
"GEN[80,19]",9.29999997945702
"GEN[81,19]",9.29999997945702
"GEN[82,19]",9.29999997945702
"GEN[83,19]",9.29999997945702
"GEN[84,19]",9.29999997945702
"GEN[85,19]",9.29999997945702
"GEN[86,19]",9.29999997945702
"GEN[87,19]",9.29999997945702
"GEN[88,19]",9.29999997945702
"GEN[89,19]",9.29999997945702
"GEN[90,19]",31.900000002354645
"GEN[91,19]",31.900000002354645
"GEN[92,19]",31.900000002354645
"GEN[93,19]",31.900000002354645
"GEN[94,19]",0.0
"GEN[95,19]",0.0
"GEN[1,20]",0.0
"GEN[2,20]",0.0
"GEN[3,20]",76.0
"GEN[4,20]",76.0
"GEN[5,20]",0.0
"GEN[6,20]",0.0
"GEN[7,20]",76.0
"GEN[8,20]",76.0
"GEN[9,20]",0.0
"GEN[10,20]",0.0
"GEN[11,20]",0.0
"GEN[12,20]",0.0
"GEN[13,20]",0.0
"GEN[14,20]",0.0
"GEN[15,20]",0.0
"GEN[16,20]",0.0
"GEN[17,20]",0.0
"GEN[18,20]",0.0
"GEN[19,20]",0.0
"GEN[20,20]",350.0
"GEN[21,20]",0.0
"GEN[22,20]",0.0
"GEN[23,20]",0.0
"GEN[24,20]",0.0
"GEN[25,20]",0.0
"GEN[26,20]",0.0
"GEN[27,20]",0.0
"GEN[28,20]",0.0
"GEN[29,20]",0.0
"GEN[30,20]",0.0
"GEN[31,20]",0.0
"GEN[32,20]",0.0
"GEN[33,20]",0.0
"GEN[34,20]",0.0
"GEN[35,20]",0.0
"GEN[36,20]",0.0
"GEN[37,20]",0.0
"GEN[38,20]",155.0
"GEN[39,20]",0.0
"GEN[40,20]",0.0
"GEN[41,20]",155.0
"GEN[42,20]",155.0
"GEN[43,20]",350.0
"GEN[44,20]",0.0
"GEN[45,20]",0.0
"GEN[46,20]",0.0
"GEN[47,20]",0.0
"GEN[48,20]",0.0
"GEN[49,20]",0.0
"GEN[50,20]",0.0
"GEN[51,20]",0.0
"GEN[52,20]",0.0
"GEN[53,20]",0.0
"GEN[54,20]",0.0
"GEN[55,20]",0.0
"GEN[56,20]",0.0
"GEN[57,20]",0.0
"GEN[58,20]",0.0
"GEN[59,20]",0.0
"GEN[60,20]",0.0
"GEN[61,20]",0.0
"GEN[62,20]",0.0
"GEN[63,20]",0.0
"GEN[64,20]",0.0
"GEN[65,20]",0.0
"GEN[66,20]",0.0
"GEN[67,20]",0.0
"GEN[68,20]",0.0
"GEN[69,20]",0.0
"GEN[70,20]",0.0
"GEN[71,20]",0.0
"GEN[72,20]",0.0
"GEN[73,20]",400.0
"GEN[74,20]",3.7999999899126227
"GEN[75,20]",3.7999999899126227
"GEN[76,20]",3.7999999899126227
"GEN[77,20]",3.7999999899126227
"GEN[78,20]",3.7999999899126227
"GEN[79,20]",3.7999999899126227
"GEN[80,20]",9.29999997945702
"GEN[81,20]",9.29999997945702
"GEN[82,20]",9.29999997945702
"GEN[83,20]",9.29999997945702
"GEN[84,20]",9.29999997945702
"GEN[85,20]",9.29999997945702
"GEN[86,20]",9.29999997945702
"GEN[87,20]",9.29999997945702
"GEN[88,20]",9.29999997945702
"GEN[89,20]",9.29999997945702
"GEN[90,20]",34.69999998939578
"GEN[91,20]",34.69999998939578
"GEN[92,20]",34.69999998939578
"GEN[93,20]",34.69999998939578
"GEN[94,20]",0.0
"GEN[95,20]",0.0
"GEN[1,21]",0.0
"GEN[2,21]",0.0
"GEN[3,21]",76.0
"GEN[4,21]",76.0
"GEN[5,21]",0.0
"GEN[6,21]",0.0
"GEN[7,21]",76.0
"GEN[8,21]",76.0
"GEN[9,21]",0.0
"GEN[10,21]",0.0
"GEN[11,21]",0.0
"GEN[12,21]",0.0
"GEN[13,21]",0.0
"GEN[14,21]",0.0
"GEN[15,21]",0.0
"GEN[16,21]",0.0
"GEN[17,21]",0.0
"GEN[18,21]",0.0
"GEN[19,21]",0.0
"GEN[20,21]",350.0
"GEN[21,21]",0.0
"GEN[22,21]",0.0
"GEN[23,21]",0.0
"GEN[24,21]",0.0
"GEN[25,21]",0.0
"GEN[26,21]",0.0
"GEN[27,21]",0.0
"GEN[28,21]",0.0
"GEN[29,21]",0.0
"GEN[30,21]",0.0
"GEN[31,21]",0.0
"GEN[32,21]",0.0
"GEN[33,21]",0.0
"GEN[34,21]",0.0
"GEN[35,21]",0.0
"GEN[36,21]",0.0
"GEN[37,21]",0.0
"GEN[38,21]",155.0
"GEN[39,21]",0.0
"GEN[40,21]",0.0
"GEN[41,21]",155.0
"GEN[42,21]",155.0
"GEN[43,21]",350.0
"GEN[44,21]",0.0
"GEN[45,21]",0.0
"GEN[46,21]",0.0
"GEN[47,21]",0.0
"GEN[48,21]",0.0
"GEN[49,21]",0.0
"GEN[50,21]",0.0
"GEN[51,21]",0.0
"GEN[52,21]",0.0
"GEN[53,21]",0.0
"GEN[54,21]",0.0
"GEN[55,21]",0.0
"GEN[56,21]",0.0
"GEN[57,21]",0.0
"GEN[58,21]",0.0
"GEN[59,21]",0.0
"GEN[60,21]",0.0
"GEN[61,21]",0.0
"GEN[62,21]",0.0
"GEN[63,21]",0.0
"GEN[64,21]",0.0
"GEN[65,21]",0.0
"GEN[66,21]",0.0
"GEN[67,21]",0.0
"GEN[68,21]",0.0
"GEN[69,21]",0.0
"GEN[70,21]",0.0
"GEN[71,21]",0.0
"GEN[72,21]",0.0
"GEN[73,21]",400.0
"GEN[74,21]",4.199999980561695
"GEN[75,21]",4.199999980561695
"GEN[76,21]",4.199999980561695
"GEN[77,21]",4.199999980561695
"GEN[78,21]",4.199999980561695
"GEN[79,21]",4.199999980561695
"GEN[80,21]",9.29999997945702
"GEN[81,21]",9.29999997945702
"GEN[82,21]",9.29999997945702
"GEN[83,21]",9.29999997945702
"GEN[84,21]",9.29999997945702
"GEN[85,21]",9.29999997945702
"GEN[86,21]",9.29999997945702
"GEN[87,21]",9.29999997945702
"GEN[88,21]",9.29999997945702
"GEN[89,21]",9.29999997945702
"GEN[90,21]",32.80000002068828
"GEN[91,21]",32.80000002068828
"GEN[92,21]",32.80000002068828
"GEN[93,21]",32.80000002068828
"GEN[94,21]",0.0
"GEN[95,21]",0.0
"GEN[1,22]",0.0
"GEN[2,22]",0.0
"GEN[3,22]",76.0
"GEN[4,22]",76.0
"GEN[5,22]",0.0
"GEN[6,22]",0.0
"GEN[7,22]",76.0
"GEN[8,22]",76.0
"GEN[9,22]",0.0
"GEN[10,22]",0.0
"GEN[11,22]",0.0
"GEN[12,22]",0.0
"GEN[13,22]",0.0
"GEN[14,22]",0.0
"GEN[15,22]",0.0
"GEN[16,22]",0.0
"GEN[17,22]",0.0
"GEN[18,22]",0.0
"GEN[19,22]",0.0
"GEN[20,22]",350.0
"GEN[21,22]",0.0
"GEN[22,22]",0.0
"GEN[23,22]",0.0
"GEN[24,22]",0.0
"GEN[25,22]",0.0
"GEN[26,22]",0.0
"GEN[27,22]",0.0
"GEN[28,22]",0.0
"GEN[29,22]",0.0
"GEN[30,22]",0.0
"GEN[31,22]",0.0
"GEN[32,22]",0.0
"GEN[33,22]",0.0
"GEN[34,22]",0.0
"GEN[35,22]",0.0
"GEN[36,22]",0.0
"GEN[37,22]",0.0
"GEN[38,22]",155.0
"GEN[39,22]",0.0
"GEN[40,22]",0.0
"GEN[41,22]",155.0
"GEN[42,22]",155.0
"GEN[43,22]",350.0
"GEN[44,22]",0.0
"GEN[45,22]",0.0
"GEN[46,22]",0.0
"GEN[47,22]",0.0
"GEN[48,22]",0.0
"GEN[49,22]",0.0
"GEN[50,22]",0.0
"GEN[51,22]",0.0
"GEN[52,22]",0.0
"GEN[53,22]",0.0
"GEN[54,22]",0.0
"GEN[55,22]",0.0
"GEN[56,22]",0.0
"GEN[57,22]",0.0
"GEN[58,22]",0.0
"GEN[59,22]",0.0
"GEN[60,22]",0.0
"GEN[61,22]",0.0
"GEN[62,22]",0.0
"GEN[63,22]",0.0
"GEN[64,22]",0.0
"GEN[65,22]",0.0
"GEN[66,22]",0.0
"GEN[67,22]",0.0
"GEN[68,22]",0.0
"GEN[69,22]",0.0
"GEN[70,22]",0.0
"GEN[71,22]",0.0
"GEN[72,22]",0.0
"GEN[73,22]",400.0
"GEN[74,22]",4.700000008246251
"GEN[75,22]",4.700000008246251
"GEN[76,22]",4.700000008246251
"GEN[77,22]",4.700000008246251
"GEN[78,22]",4.700000008246251
"GEN[79,22]",4.700000008246251
"GEN[80,22]",9.29999997945702
"GEN[81,22]",9.29999997945702
"GEN[82,22]",9.29999997945702
"GEN[83,22]",9.29999997945702
"GEN[84,22]",9.29999997945702
"GEN[85,22]",9.29999997945702
"GEN[86,22]",9.29999997945702
"GEN[87,22]",9.29999997945702
"GEN[88,22]",9.29999997945702
"GEN[89,22]",9.29999997945702
"GEN[90,22]",29.10000001531352
"GEN[91,22]",29.10000001531352
"GEN[92,22]",29.10000001531352
"GEN[93,22]",29.10000001531352
"GEN[94,22]",0.0
"GEN[95,22]",0.0
"GEN[1,23]",0.0
"GEN[2,23]",0.0
"GEN[3,23]",76.0
"GEN[4,23]",76.0
"GEN[5,23]",0.0
"GEN[6,23]",0.0
"GEN[7,23]",76.0
"GEN[8,23]",76.0
"GEN[9,23]",0.0
"GEN[10,23]",0.0
"GEN[11,23]",0.0
"GEN[12,23]",0.0
"GEN[13,23]",0.0
"GEN[14,23]",0.0
"GEN[15,23]",0.0
"GEN[16,23]",0.0
"GEN[17,23]",0.0
"GEN[18,23]",0.0
"GEN[19,23]",0.0
"GEN[20,23]",0.0
"GEN[21,23]",0.0
"GEN[22,23]",0.0
"GEN[23,23]",0.0
"GEN[24,23]",0.0
"GEN[25,23]",0.0
"GEN[26,23]",0.0
"GEN[27,23]",0.0
"GEN[28,23]",0.0
"GEN[29,23]",0.0
"GEN[30,23]",0.0
"GEN[31,23]",0.0
"GEN[32,23]",0.0
"GEN[33,23]",0.0
"GEN[34,23]",0.0
"GEN[35,23]",0.0
"GEN[36,23]",0.0
"GEN[37,23]",0.0
"GEN[38,23]",155.0
"GEN[39,23]",0.0
"GEN[40,23]",0.0
"GEN[41,23]",155.0
"GEN[42,23]",155.0
"GEN[43,23]",350.0
"GEN[44,23]",0.0
"GEN[45,23]",0.0
"GEN[46,23]",0.0
"GEN[47,23]",0.0
"GEN[48,23]",0.0
"GEN[49,23]",0.0
"GEN[50,23]",0.0
"GEN[51,23]",0.0
"GEN[52,23]",0.0
"GEN[53,23]",0.0
"GEN[54,23]",0.0
"GEN[55,23]",0.0
"GEN[56,23]",0.0
"GEN[57,23]",0.0
"GEN[58,23]",0.0
"GEN[59,23]",0.0
"GEN[60,23]",0.0
"GEN[61,23]",0.0
"GEN[62,23]",0.0
"GEN[63,23]",0.0
"GEN[64,23]",0.0
"GEN[65,23]",0.0
"GEN[66,23]",0.0
"GEN[67,23]",0.0
"GEN[68,23]",0.0
"GEN[69,23]",0.0
"GEN[70,23]",0.0
"GEN[71,23]",0.0
"GEN[72,23]",0.0
"GEN[73,23]",400.0
"GEN[74,23]",4.700000008246251
"GEN[75,23]",4.700000008246251
"GEN[76,23]",4.700000008246251
"GEN[77,23]",4.700000008246251
"GEN[78,23]",4.700000008246251
"GEN[79,23]",4.700000008246251
"GEN[80,23]",9.29999997945702
"GEN[81,23]",9.29999997945702
"GEN[82,23]",9.29999997945702
"GEN[83,23]",9.29999997945702
"GEN[84,23]",9.29999997945702
"GEN[85,23]",9.29999997945702
"GEN[86,23]",9.29999997945702
"GEN[87,23]",9.29999997945702
"GEN[88,23]",9.29999997945702
"GEN[89,23]",9.29999997945702
"GEN[90,23]",40.30000001597566
"GEN[91,23]",40.30000001597566
"GEN[92,23]",40.30000001597566
"GEN[93,23]",40.30000001597566
"GEN[94,23]",0.0
"GEN[95,23]",0.0
"GEN[1,24]",0.0
"GEN[2,24]",0.0
"GEN[3,24]",76.0
"GEN[4,24]",76.0
"GEN[5,24]",0.0
"GEN[6,24]",0.0
"GEN[7,24]",76.0
"GEN[8,24]",76.0
"GEN[9,24]",0.0
"GEN[10,24]",0.0
"GEN[11,24]",0.0
"GEN[12,24]",0.0
"GEN[13,24]",0.0
"GEN[14,24]",0.0
"GEN[15,24]",0.0
"GEN[16,24]",0.0
"GEN[17,24]",0.0
"GEN[18,24]",0.0
"GEN[19,24]",0.0
"GEN[20,24]",0.0
"GEN[21,24]",0.0
"GEN[22,24]",0.0
"GEN[23,24]",0.0
"GEN[24,24]",0.0
"GEN[25,24]",0.0
"GEN[26,24]",0.0
"GEN[27,24]",0.0
"GEN[28,24]",0.0
"GEN[29,24]",0.0
"GEN[30,24]",0.0
"GEN[31,24]",0.0
"GEN[32,24]",0.0
"GEN[33,24]",0.0
"GEN[34,24]",0.0
"GEN[35,24]",0.0
"GEN[36,24]",0.0
"GEN[37,24]",0.0
"GEN[38,24]",155.0
"GEN[39,24]",0.0
"GEN[40,24]",0.0
"GEN[41,24]",155.0
"GEN[42,24]",155.0
"GEN[43,24]",279.5994997002351
"GEN[44,24]",0.0
"GEN[45,24]",0.0
"GEN[46,24]",0.0
"GEN[47,24]",0.0
"GEN[48,24]",0.0
"GEN[49,24]",0.0
"GEN[50,24]",0.0
"GEN[51,24]",0.0
"GEN[52,24]",0.0
"GEN[53,24]",0.0
"GEN[54,24]",0.0
"GEN[55,24]",0.0
"GEN[56,24]",0.0
"GEN[57,24]",0.0
"GEN[58,24]",0.0
"GEN[59,24]",0.0
"GEN[60,24]",0.0
"GEN[61,24]",0.0
"GEN[62,24]",0.0
"GEN[63,24]",0.0
"GEN[64,24]",0.0
"GEN[65,24]",0.0
"GEN[66,24]",0.0
"GEN[67,24]",0.0
"GEN[68,24]",0.0
"GEN[69,24]",0.0
"GEN[70,24]",0.0
"GEN[71,24]",0.0
"GEN[72,24]",0.0
"GEN[73,24]",400.0
"GEN[74,24]",4.700000008246251
"GEN[75,24]",4.700000008246251
"GEN[76,24]",4.700000008246251
"GEN[77,24]",4.700000008246251
"GEN[78,24]",4.700000008246251
"GEN[79,24]",4.700000008246251
"GEN[80,24]",9.100000010381294
"GEN[81,24]",9.100000010381294
"GEN[82,24]",9.100000010381294
"GEN[83,24]",9.100000010381294
"GEN[84,24]",9.100000010381294
"GEN[85,24]",9.100000010381294
"GEN[86,24]",9.100000010381294
"GEN[87,24]",9.100000010381294
"GEN[88,24]",9.100000010381294
"GEN[89,24]",9.100000010381294
"GEN[90,24]",19.900000020394362
"GEN[91,24]",19.900000020394362
"GEN[92,24]",19.900000020394362
"GEN[93,24]",19.900000020394362
"GEN[94,24]",0.0
"GEN[95,24]",0.0
LOL[1],0.0
LOL[2],0.0
LOL[3],0.0
LOL[4],0.0
LOL[5],0.0
LOL[6],0.0
LOL[7],0.0
LOL[8],0.0
LOL[9],0.0
LOL[10],0.0
LOL[11],0.0
LOL[12],0.0
LOL[13],0.0
LOL[14],0.0
LOL[15],0.0
LOL[16],0.0
LOL[17],0.0
LOL[18],0.0
LOL[19],0.0
LOL[20],0.0
LOL[21],0.0
LOL[22],0.0
LOL[23],0.0
LOL[24],0.0
LGEN[1],0.0
LGEN[2],0.0
LGEN[3],0.0
LGEN[4],0.0
LGEN[5],0.0
LGEN[6],0.0
LGEN[7],0.0
LGEN[8],0.0
LGEN[9],0.0
LGEN[10],0.0
LGEN[11],0.0
LGEN[12],0.0
LGEN[13],0.0
LGEN[14],0.0
LGEN[15],0.0
LGEN[16],0.0
LGEN[17],0.0
LGEN[18],0.0
LGEN[19],0.0
LGEN[20],0.0
LGEN[21],0.0
LGEN[22],0.0
LGEN[23],0.0
LGEN[24],0.0
"COMMIT[1,1]",-0.0
"COMMIT[2,1]",-0.0
"COMMIT[3,1]",1.0
"COMMIT[4,1]",1.0
"COMMIT[5,1]",-0.0
"COMMIT[6,1]",-0.0
"COMMIT[7,1]",1.0
"COMMIT[8,1]",1.0
"COMMIT[9,1]",-0.0
"COMMIT[10,1]",-0.0
"COMMIT[11,1]",-0.0
"COMMIT[12,1]",-0.0
"COMMIT[13,1]",-0.0
"COMMIT[14,1]",-0.0
"COMMIT[15,1]",-0.0
"COMMIT[16,1]",-0.0
"COMMIT[17,1]",-0.0
"COMMIT[18,1]",-0.0
"COMMIT[19,1]",-0.0
"COMMIT[20,1]",1.0
"COMMIT[21,1]",-0.0
"COMMIT[22,1]",-0.0
"COMMIT[23,1]",-0.0
"COMMIT[24,1]",-0.0
"COMMIT[25,1]",-0.0
"COMMIT[26,1]",-0.0
"COMMIT[27,1]",-0.0
"COMMIT[28,1]",-0.0
"COMMIT[29,1]",-0.0
"COMMIT[30,1]",-0.0
"COMMIT[31,1]",-0.0
"COMMIT[32,1]",-0.0
"COMMIT[33,1]",-0.0
"COMMIT[34,1]",-0.0
"COMMIT[35,1]",-0.0
"COMMIT[36,1]",-0.0
"COMMIT[37,1]",-0.0
"COMMIT[38,1]",1.0
"COMMIT[39,1]",-0.0
"COMMIT[40,1]",-0.0
"COMMIT[41,1]",1.0
"COMMIT[42,1]",1.0
"COMMIT[43,1]",1.0
"COMMIT[44,1]",-0.0
"COMMIT[45,1]",-0.0
"COMMIT[46,1]",-0.0
"COMMIT[47,1]",-0.0
"COMMIT[48,1]",-0.0
"COMMIT[49,1]",-0.0
"COMMIT[50,1]",-0.0
"COMMIT[51,1]",-0.0
"COMMIT[52,1]",-0.0
"COMMIT[53,1]",-0.0
"COMMIT[54,1]",-0.0
"COMMIT[55,1]",-0.0
"COMMIT[56,1]",-0.0
"COMMIT[57,1]",-0.0
"COMMIT[58,1]",-0.0
"COMMIT[59,1]",-0.0
"COMMIT[60,1]",-0.0
"COMMIT[61,1]",-0.0
"COMMIT[62,1]",-0.0
"COMMIT[63,1]",-0.0
"COMMIT[64,1]",-0.0
"COMMIT[65,1]",-0.0
"COMMIT[66,1]",-0.0
"COMMIT[67,1]",-0.0
"COMMIT[68,1]",-0.0
"COMMIT[69,1]",-0.0
"COMMIT[70,1]",-0.0
"COMMIT[71,1]",-0.0
"COMMIT[72,1]",-0.0
"COMMIT[73,1]",1.0
"COMMIT[1,2]",-0.0
"COMMIT[2,2]",-0.0
"COMMIT[3,2]",1.0
"COMMIT[4,2]",1.0
"COMMIT[5,2]",-0.0
"COMMIT[6,2]",-0.0
"COMMIT[7,2]",1.0
"COMMIT[8,2]",1.0
"COMMIT[9,2]",-0.0
"COMMIT[10,2]",-0.0
"COMMIT[11,2]",-0.0
"COMMIT[12,2]",-0.0
"COMMIT[13,2]",-0.0
"COMMIT[14,2]",-0.0
"COMMIT[15,2]",-0.0
"COMMIT[16,2]",-0.0
"COMMIT[17,2]",-0.0
"COMMIT[18,2]",-0.0
"COMMIT[19,2]",-0.0
"COMMIT[20,2]",1.0
"COMMIT[21,2]",-0.0
"COMMIT[22,2]",-0.0
"COMMIT[23,2]",-0.0
"COMMIT[24,2]",-0.0
"COMMIT[25,2]",-0.0
"COMMIT[26,2]",-0.0
"COMMIT[27,2]",-0.0
"COMMIT[28,2]",-0.0
"COMMIT[29,2]",-0.0
"COMMIT[30,2]",-0.0
"COMMIT[31,2]",-0.0
"COMMIT[32,2]",-0.0
"COMMIT[33,2]",-0.0
"COMMIT[34,2]",-0.0
"COMMIT[35,2]",-0.0
"COMMIT[36,2]",-0.0
"COMMIT[37,2]",-0.0
"COMMIT[38,2]",1.0
"COMMIT[39,2]",-0.0
"COMMIT[40,2]",-0.0
"COMMIT[41,2]",1.0
"COMMIT[42,2]",1.0
"COMMIT[43,2]",1.0
"COMMIT[44,2]",-0.0
"COMMIT[45,2]",-0.0
"COMMIT[46,2]",-0.0
"COMMIT[47,2]",-0.0
"COMMIT[48,2]",-0.0
"COMMIT[49,2]",-0.0
"COMMIT[50,2]",-0.0
"COMMIT[51,2]",-0.0
"COMMIT[52,2]",-0.0
"COMMIT[53,2]",-0.0
"COMMIT[54,2]",-0.0
"COMMIT[55,2]",-0.0
"COMMIT[56,2]",-0.0
"COMMIT[57,2]",-0.0
"COMMIT[58,2]",-0.0
"COMMIT[59,2]",-0.0
"COMMIT[60,2]",-0.0
"COMMIT[61,2]",-0.0
"COMMIT[62,2]",-0.0
"COMMIT[63,2]",-0.0
"COMMIT[64,2]",-0.0
"COMMIT[65,2]",-0.0
"COMMIT[66,2]",-0.0
"COMMIT[67,2]",-0.0
"COMMIT[68,2]",-0.0
"COMMIT[69,2]",-0.0
"COMMIT[70,2]",-0.0
"COMMIT[71,2]",-0.0
"COMMIT[72,2]",-0.0
"COMMIT[73,2]",1.0
"COMMIT[1,3]",-0.0
"COMMIT[2,3]",-0.0
"COMMIT[3,3]",1.0
"COMMIT[4,3]",1.0
"COMMIT[5,3]",-0.0
"COMMIT[6,3]",-0.0
"COMMIT[7,3]",1.0
"COMMIT[8,3]",1.0
"COMMIT[9,3]",-0.0
"COMMIT[10,3]",-0.0
"COMMIT[11,3]",-0.0
"COMMIT[12,3]",-0.0
"COMMIT[13,3]",-0.0
"COMMIT[14,3]",-0.0
"COMMIT[15,3]",-0.0
"COMMIT[16,3]",-0.0
"COMMIT[17,3]",-0.0
"COMMIT[18,3]",-0.0
"COMMIT[19,3]",-0.0
"COMMIT[20,3]",1.0
"COMMIT[21,3]",-0.0
"COMMIT[22,3]",-0.0
"COMMIT[23,3]",-0.0
"COMMIT[24,3]",-0.0
"COMMIT[25,3]",-0.0
"COMMIT[26,3]",-0.0
"COMMIT[27,3]",-0.0
"COMMIT[28,3]",-0.0
"COMMIT[29,3]",-0.0
"COMMIT[30,3]",-0.0
"COMMIT[31,3]",-0.0
"COMMIT[32,3]",-0.0
"COMMIT[33,3]",-0.0
"COMMIT[34,3]",-0.0
"COMMIT[35,3]",-0.0
"COMMIT[36,3]",-0.0
"COMMIT[37,3]",-0.0
"COMMIT[38,3]",1.0
"COMMIT[39,3]",-0.0
"COMMIT[40,3]",-0.0
"COMMIT[41,3]",1.0
"COMMIT[42,3]",1.0
"COMMIT[43,3]",1.0
"COMMIT[44,3]",-0.0
"COMMIT[45,3]",-0.0
"COMMIT[46,3]",-0.0
"COMMIT[47,3]",-0.0
"COMMIT[48,3]",-0.0
"COMMIT[49,3]",-0.0
"COMMIT[50,3]",-0.0
"COMMIT[51,3]",-0.0
"COMMIT[52,3]",-0.0
"COMMIT[53,3]",-0.0
"COMMIT[54,3]",-0.0
"COMMIT[55,3]",-0.0
"COMMIT[56,3]",-0.0
"COMMIT[57,3]",-0.0
"COMMIT[58,3]",-0.0
"COMMIT[59,3]",-0.0
"COMMIT[60,3]",-0.0
"COMMIT[61,3]",-0.0
"COMMIT[62,3]",-0.0
"COMMIT[63,3]",-0.0
"COMMIT[64,3]",-0.0
"COMMIT[65,3]",-0.0
"COMMIT[66,3]",-0.0
"COMMIT[67,3]",-0.0
"COMMIT[68,3]",-0.0
"COMMIT[69,3]",-0.0
"COMMIT[70,3]",-0.0
"COMMIT[71,3]",-0.0
"COMMIT[72,3]",-0.0
"COMMIT[73,3]",1.0
"COMMIT[1,4]",-0.0
"COMMIT[2,4]",-0.0
"COMMIT[3,4]",1.0
"COMMIT[4,4]",1.0
"COMMIT[5,4]",-0.0
"COMMIT[6,4]",-0.0
"COMMIT[7,4]",1.0
"COMMIT[8,4]",1.0
"COMMIT[9,4]",-0.0
"COMMIT[10,4]",-0.0
"COMMIT[11,4]",-0.0
"COMMIT[12,4]",-0.0
"COMMIT[13,4]",-0.0
"COMMIT[14,4]",-0.0
"COMMIT[15,4]",-0.0
"COMMIT[16,4]",-0.0
"COMMIT[17,4]",-0.0
"COMMIT[18,4]",-0.0
"COMMIT[19,4]",-0.0
"COMMIT[20,4]",1.0
"COMMIT[21,4]",-0.0
"COMMIT[22,4]",-0.0
"COMMIT[23,4]",-0.0
"COMMIT[24,4]",-0.0
"COMMIT[25,4]",-0.0
"COMMIT[26,4]",-0.0
"COMMIT[27,4]",-0.0
"COMMIT[28,4]",-0.0
"COMMIT[29,4]",-0.0
"COMMIT[30,4]",-0.0
"COMMIT[31,4]",-0.0
"COMMIT[32,4]",-0.0
"COMMIT[33,4]",-0.0
"COMMIT[34,4]",-0.0
"COMMIT[35,4]",-0.0
"COMMIT[36,4]",-0.0
"COMMIT[37,4]",-0.0
"COMMIT[38,4]",1.0
"COMMIT[39,4]",-0.0
"COMMIT[40,4]",-0.0
"COMMIT[41,4]",1.0
"COMMIT[42,4]",1.0
"COMMIT[43,4]",1.0
"COMMIT[44,4]",-0.0
"COMMIT[45,4]",-0.0
"COMMIT[46,4]",-0.0
"COMMIT[47,4]",-0.0
"COMMIT[48,4]",-0.0
"COMMIT[49,4]",-0.0
"COMMIT[50,4]",-0.0
"COMMIT[51,4]",-0.0
"COMMIT[52,4]",-0.0
"COMMIT[53,4]",-0.0
"COMMIT[54,4]",-0.0
"COMMIT[55,4]",-0.0
"COMMIT[56,4]",-0.0
"COMMIT[57,4]",-0.0
"COMMIT[58,4]",-0.0
"COMMIT[59,4]",-0.0
"COMMIT[60,4]",-0.0
"COMMIT[61,4]",-0.0
"COMMIT[62,4]",-0.0
"COMMIT[63,4]",-0.0
"COMMIT[64,4]",-0.0
"COMMIT[65,4]",-0.0
"COMMIT[66,4]",-0.0
"COMMIT[67,4]",-0.0
"COMMIT[68,4]",-0.0
"COMMIT[69,4]",-0.0
"COMMIT[70,4]",-0.0
"COMMIT[71,4]",-0.0
"COMMIT[72,4]",-0.0
"COMMIT[73,4]",1.0
"COMMIT[1,5]",-0.0
"COMMIT[2,5]",-0.0
"COMMIT[3,5]",1.0
"COMMIT[4,5]",1.0
"COMMIT[5,5]",-0.0
"COMMIT[6,5]",-0.0
"COMMIT[7,5]",1.0
"COMMIT[8,5]",1.0
"COMMIT[9,5]",-0.0
"COMMIT[10,5]",-0.0
"COMMIT[11,5]",-0.0
"COMMIT[12,5]",-0.0
"COMMIT[13,5]",-0.0
"COMMIT[14,5]",-0.0
"COMMIT[15,5]",-0.0
"COMMIT[16,5]",-0.0
"COMMIT[17,5]",-0.0
"COMMIT[18,5]",-0.0
"COMMIT[19,5]",-0.0
"COMMIT[20,5]",1.0
"COMMIT[21,5]",-0.0
"COMMIT[22,5]",-0.0
"COMMIT[23,5]",-0.0
"COMMIT[24,5]",-0.0
"COMMIT[25,5]",-0.0
"COMMIT[26,5]",-0.0
"COMMIT[27,5]",-0.0
"COMMIT[28,5]",-0.0
"COMMIT[29,5]",-0.0
"COMMIT[30,5]",-0.0
"COMMIT[31,5]",-0.0
"COMMIT[32,5]",-0.0
"COMMIT[33,5]",-0.0
"COMMIT[34,5]",-0.0
"COMMIT[35,5]",-0.0
"COMMIT[36,5]",-0.0
"COMMIT[37,5]",-0.0
"COMMIT[38,5]",1.0
"COMMIT[39,5]",-0.0
"COMMIT[40,5]",-0.0
"COMMIT[41,5]",1.0
"COMMIT[42,5]",1.0
"COMMIT[43,5]",1.0
"COMMIT[44,5]",-0.0
"COMMIT[45,5]",-0.0
"COMMIT[46,5]",-0.0
"COMMIT[47,5]",-0.0
"COMMIT[48,5]",-0.0
"COMMIT[49,5]",-0.0
"COMMIT[50,5]",-0.0
"COMMIT[51,5]",-0.0
"COMMIT[52,5]",-0.0
"COMMIT[53,5]",-0.0
"COMMIT[54,5]",-0.0
"COMMIT[55,5]",-0.0
"COMMIT[56,5]",-0.0
"COMMIT[57,5]",-0.0
"COMMIT[58,5]",-0.0
"COMMIT[59,5]",-0.0
"COMMIT[60,5]",-0.0
"COMMIT[61,5]",-0.0
"COMMIT[62,5]",-0.0
"COMMIT[63,5]",-0.0
"COMMIT[64,5]",-0.0
"COMMIT[65,5]",-0.0
"COMMIT[66,5]",-0.0
"COMMIT[67,5]",-0.0
"COMMIT[68,5]",-0.0
"COMMIT[69,5]",-0.0
"COMMIT[70,5]",-0.0
"COMMIT[71,5]",-0.0
"COMMIT[72,5]",-0.0
"COMMIT[73,5]",1.0
"COMMIT[1,6]",-0.0
"COMMIT[2,6]",-0.0
"COMMIT[3,6]",1.0
"COMMIT[4,6]",1.0
"COMMIT[5,6]",-0.0
"COMMIT[6,6]",-0.0
"COMMIT[7,6]",1.0
"COMMIT[8,6]",1.0
"COMMIT[9,6]",-0.0
"COMMIT[10,6]",-0.0
"COMMIT[11,6]",-0.0
"COMMIT[12,6]",-0.0
"COMMIT[13,6]",-0.0
"COMMIT[14,6]",-0.0
"COMMIT[15,6]",-0.0
"COMMIT[16,6]",-0.0
"COMMIT[17,6]",-0.0
"COMMIT[18,6]",-0.0
"COMMIT[19,6]",-0.0
"COMMIT[20,6]",1.0
"COMMIT[21,6]",-0.0
"COMMIT[22,6]",-0.0
"COMMIT[23,6]",-0.0
"COMMIT[24,6]",-0.0
"COMMIT[25,6]",-0.0
"COMMIT[26,6]",-0.0
"COMMIT[27,6]",-0.0
"COMMIT[28,6]",-0.0
"COMMIT[29,6]",-0.0
"COMMIT[30,6]",-0.0
"COMMIT[31,6]",-0.0
"COMMIT[32,6]",-0.0
"COMMIT[33,6]",-0.0
"COMMIT[34,6]",-0.0
"COMMIT[35,6]",-0.0
"COMMIT[36,6]",-0.0
"COMMIT[37,6]",-0.0
"COMMIT[38,6]",1.0
"COMMIT[39,6]",-0.0
"COMMIT[40,6]",-0.0
"COMMIT[41,6]",1.0
"COMMIT[42,6]",1.0
"COMMIT[43,6]",1.0
"COMMIT[44,6]",-0.0
"COMMIT[45,6]",-0.0
"COMMIT[46,6]",-0.0
"COMMIT[47,6]",-0.0
"COMMIT[48,6]",-0.0
"COMMIT[49,6]",-0.0
"COMMIT[50,6]",-0.0
"COMMIT[51,6]",-0.0
"COMMIT[52,6]",-0.0
"COMMIT[53,6]",-0.0
"COMMIT[54,6]",-0.0
"COMMIT[55,6]",-0.0
"COMMIT[56,6]",-0.0
"COMMIT[57,6]",-0.0
"COMMIT[58,6]",-0.0
"COMMIT[59,6]",-0.0
"COMMIT[60,6]",-0.0
"COMMIT[61,6]",-0.0
"COMMIT[62,6]",-0.0
"COMMIT[63,6]",-0.0
"COMMIT[64,6]",-0.0
"COMMIT[65,6]",-0.0
"COMMIT[66,6]",-0.0
"COMMIT[67,6]",-0.0
"COMMIT[68,6]",-0.0
"COMMIT[69,6]",-0.0
"COMMIT[70,6]",-0.0
"COMMIT[71,6]",-0.0
"COMMIT[72,6]",-0.0
"COMMIT[73,6]",1.0
"COMMIT[1,7]",-0.0
"COMMIT[2,7]",-0.0
"COMMIT[3,7]",1.0
"COMMIT[4,7]",1.0
"COMMIT[5,7]",-0.0
"COMMIT[6,7]",-0.0
"COMMIT[7,7]",1.0
"COMMIT[8,7]",1.0
"COMMIT[9,7]",-0.0
"COMMIT[10,7]",-0.0
"COMMIT[11,7]",-0.0
"COMMIT[12,7]",-0.0
"COMMIT[13,7]",-0.0
"COMMIT[14,7]",-0.0
"COMMIT[15,7]",-0.0
"COMMIT[16,7]",-0.0
"COMMIT[17,7]",-0.0
"COMMIT[18,7]",-0.0
"COMMIT[19,7]",-0.0
"COMMIT[20,7]",1.0
"COMMIT[21,7]",-0.0
"COMMIT[22,7]",-0.0
"COMMIT[23,7]",-0.0
"COMMIT[24,7]",-0.0
"COMMIT[25,7]",-0.0
"COMMIT[26,7]",-0.0
"COMMIT[27,7]",-0.0
"COMMIT[28,7]",-0.0
"COMMIT[29,7]",-0.0
"COMMIT[30,7]",-0.0
"COMMIT[31,7]",-0.0
"COMMIT[32,7]",-0.0
"COMMIT[33,7]",-0.0
"COMMIT[34,7]",-0.0
"COMMIT[35,7]",-0.0
"COMMIT[36,7]",-0.0
"COMMIT[37,7]",-0.0
"COMMIT[38,7]",1.0
"COMMIT[39,7]",-0.0
"COMMIT[40,7]",-0.0
"COMMIT[41,7]",1.0
"COMMIT[42,7]",1.0
"COMMIT[43,7]",1.0
"COMMIT[44,7]",-0.0
"COMMIT[45,7]",-0.0
"COMMIT[46,7]",-0.0
"COMMIT[47,7]",-0.0
"COMMIT[48,7]",-0.0
"COMMIT[49,7]",-0.0
"COMMIT[50,7]",-0.0
"COMMIT[51,7]",-0.0
"COMMIT[52,7]",-0.0
"COMMIT[53,7]",-0.0
"COMMIT[54,7]",-0.0
"COMMIT[55,7]",-0.0
"COMMIT[56,7]",-0.0
"COMMIT[57,7]",-0.0
"COMMIT[58,7]",-0.0
"COMMIT[59,7]",-0.0
"COMMIT[60,7]",-0.0
"COMMIT[61,7]",-0.0
"COMMIT[62,7]",-0.0
"COMMIT[63,7]",-0.0
"COMMIT[64,7]",-0.0
"COMMIT[65,7]",-0.0
"COMMIT[66,7]",-0.0
"COMMIT[67,7]",-0.0
"COMMIT[68,7]",-0.0
"COMMIT[69,7]",-0.0
"COMMIT[70,7]",-0.0
"COMMIT[71,7]",-0.0
"COMMIT[72,7]",-0.0
"COMMIT[73,7]",1.0
"COMMIT[1,8]",-0.0
"COMMIT[2,8]",-0.0
"COMMIT[3,8]",1.0
"COMMIT[4,8]",1.0
"COMMIT[5,8]",-0.0
"COMMIT[6,8]",-0.0
"COMMIT[7,8]",1.0
"COMMIT[8,8]",1.0
"COMMIT[9,8]",-0.0
"COMMIT[10,8]",-0.0
"COMMIT[11,8]",-0.0
"COMMIT[12,8]",-0.0
"COMMIT[13,8]",-0.0
"COMMIT[14,8]",-0.0
"COMMIT[15,8]",-0.0
"COMMIT[16,8]",-0.0
"COMMIT[17,8]",-0.0
"COMMIT[18,8]",-0.0
"COMMIT[19,8]",-0.0
"COMMIT[20,8]",1.0
"COMMIT[21,8]",-0.0
"COMMIT[22,8]",-0.0
"COMMIT[23,8]",-0.0
"COMMIT[24,8]",-0.0
"COMMIT[25,8]",-0.0
"COMMIT[26,8]",-0.0
"COMMIT[27,8]",-0.0
"COMMIT[28,8]",-0.0
"COMMIT[29,8]",-0.0
"COMMIT[30,8]",-0.0
"COMMIT[31,8]",-0.0
"COMMIT[32,8]",-0.0
"COMMIT[33,8]",-0.0
"COMMIT[34,8]",-0.0
"COMMIT[35,8]",-0.0
"COMMIT[36,8]",-0.0
"COMMIT[37,8]",-0.0
"COMMIT[38,8]",1.0
"COMMIT[39,8]",-0.0
"COMMIT[40,8]",-0.0
"COMMIT[41,8]",1.0
"COMMIT[42,8]",1.0
"COMMIT[43,8]",1.0
"COMMIT[44,8]",-0.0
"COMMIT[45,8]",-0.0
"COMMIT[46,8]",-0.0
"COMMIT[47,8]",-0.0
"COMMIT[48,8]",-0.0
"COMMIT[49,8]",-0.0
"COMMIT[50,8]",-0.0
"COMMIT[51,8]",-0.0
"COMMIT[52,8]",-0.0
"COMMIT[53,8]",-0.0
"COMMIT[54,8]",-0.0
"COMMIT[55,8]",-0.0
"COMMIT[56,8]",-0.0
"COMMIT[57,8]",-0.0
"COMMIT[58,8]",-0.0
"COMMIT[59,8]",-0.0
"COMMIT[60,8]",-0.0
"COMMIT[61,8]",-0.0
"COMMIT[62,8]",-0.0
"COMMIT[63,8]",-0.0
"COMMIT[64,8]",-0.0
"COMMIT[65,8]",-0.0
"COMMIT[66,8]",-0.0
"COMMIT[67,8]",-0.0
"COMMIT[68,8]",-0.0
"COMMIT[69,8]",-0.0
"COMMIT[70,8]",-0.0
"COMMIT[71,8]",-0.0
"COMMIT[72,8]",-0.0
"COMMIT[73,8]",1.0
"COMMIT[1,9]",-0.0
"COMMIT[2,9]",-0.0
"COMMIT[3,9]",1.0
"COMMIT[4,9]",1.0
"COMMIT[5,9]",-0.0
"COMMIT[6,9]",-0.0
"COMMIT[7,9]",1.0
"COMMIT[8,9]",1.0
"COMMIT[9,9]",-0.0
"COMMIT[10,9]",-0.0
"COMMIT[11,9]",-0.0
"COMMIT[12,9]",-0.0
"COMMIT[13,9]",-0.0
"COMMIT[14,9]",-0.0
"COMMIT[15,9]",-0.0
"COMMIT[16,9]",-0.0
"COMMIT[17,9]",-0.0
"COMMIT[18,9]",-0.0
"COMMIT[19,9]",-0.0
"COMMIT[20,9]",1.0
"COMMIT[21,9]",-0.0
"COMMIT[22,9]",-0.0
"COMMIT[23,9]",-0.0
"COMMIT[24,9]",-0.0
"COMMIT[25,9]",-0.0
"COMMIT[26,9]",-0.0
"COMMIT[27,9]",-0.0
"COMMIT[28,9]",-0.0
"COMMIT[29,9]",-0.0
"COMMIT[30,9]",-0.0
"COMMIT[31,9]",-0.0
"COMMIT[32,9]",-0.0
"COMMIT[33,9]",-0.0
"COMMIT[34,9]",-0.0
"COMMIT[35,9]",-0.0
"COMMIT[36,9]",-0.0
"COMMIT[37,9]",-0.0
"COMMIT[38,9]",1.0
"COMMIT[39,9]",-0.0
"COMMIT[40,9]",-0.0
"COMMIT[41,9]",1.0
"COMMIT[42,9]",1.0
"COMMIT[43,9]",1.0
"COMMIT[44,9]",-0.0
"COMMIT[45,9]",-0.0
"COMMIT[46,9]",-0.0
"COMMIT[47,9]",-0.0
"COMMIT[48,9]",-0.0
"COMMIT[49,9]",-0.0
"COMMIT[50,9]",-0.0
"COMMIT[51,9]",-0.0
"COMMIT[52,9]",-0.0
"COMMIT[53,9]",-0.0
"COMMIT[54,9]",-0.0
"COMMIT[55,9]",-0.0
"COMMIT[56,9]",-0.0
"COMMIT[57,9]",-0.0
"COMMIT[58,9]",-0.0
"COMMIT[59,9]",-0.0
"COMMIT[60,9]",-0.0
"COMMIT[61,9]",-0.0
"COMMIT[62,9]",-0.0
"COMMIT[63,9]",-0.0
"COMMIT[64,9]",-0.0
"COMMIT[65,9]",-0.0
"COMMIT[66,9]",-0.0
"COMMIT[67,9]",-0.0
"COMMIT[68,9]",-0.0
"COMMIT[69,9]",-0.0
"COMMIT[70,9]",-0.0
"COMMIT[71,9]",-0.0
"COMMIT[72,9]",-0.0
"COMMIT[73,9]",1.0
"COMMIT[1,10]",-0.0
"COMMIT[2,10]",-0.0
"COMMIT[3,10]",1.0
"COMMIT[4,10]",1.0
"COMMIT[5,10]",-0.0
"COMMIT[6,10]",-0.0
"COMMIT[7,10]",1.0
"COMMIT[8,10]",1.0
"COMMIT[9,10]",-0.0
"COMMIT[10,10]",-0.0
"COMMIT[11,10]",-0.0
"COMMIT[12,10]",-0.0
"COMMIT[13,10]",-0.0
"COMMIT[14,10]",-0.0
"COMMIT[15,10]",-0.0
"COMMIT[16,10]",-0.0
"COMMIT[17,10]",-0.0
"COMMIT[18,10]",-0.0
"COMMIT[19,10]",-0.0
"COMMIT[20,10]",1.0
"COMMIT[21,10]",-0.0
"COMMIT[22,10]",-0.0
"COMMIT[23,10]",-0.0
"COMMIT[24,10]",-0.0
"COMMIT[25,10]",-0.0
"COMMIT[26,10]",-0.0
"COMMIT[27,10]",-0.0
"COMMIT[28,10]",-0.0
"COMMIT[29,10]",-0.0
"COMMIT[30,10]",-0.0
"COMMIT[31,10]",-0.0
"COMMIT[32,10]",-0.0
"COMMIT[33,10]",-0.0
"COMMIT[34,10]",-0.0
"COMMIT[35,10]",-0.0
"COMMIT[36,10]",-0.0
"COMMIT[37,10]",-0.0
"COMMIT[38,10]",1.0
"COMMIT[39,10]",-0.0
"COMMIT[40,10]",-0.0
"COMMIT[41,10]",1.0
"COMMIT[42,10]",1.0
"COMMIT[43,10]",1.0
"COMMIT[44,10]",-0.0
"COMMIT[45,10]",-0.0
"COMMIT[46,10]",-0.0
"COMMIT[47,10]",-0.0
"COMMIT[48,10]",-0.0
"COMMIT[49,10]",-0.0
"COMMIT[50,10]",-0.0
"COMMIT[51,10]",-0.0
"COMMIT[52,10]",-0.0
"COMMIT[53,10]",-0.0
"COMMIT[54,10]",-0.0
"COMMIT[55,10]",-0.0
"COMMIT[56,10]",-0.0
"COMMIT[57,10]",-0.0
"COMMIT[58,10]",-0.0
"COMMIT[59,10]",-0.0
"COMMIT[60,10]",-0.0
"COMMIT[61,10]",-0.0
"COMMIT[62,10]",-0.0
"COMMIT[63,10]",-0.0
"COMMIT[64,10]",-0.0
"COMMIT[65,10]",-0.0
"COMMIT[66,10]",-0.0
"COMMIT[67,10]",-0.0
"COMMIT[68,10]",-0.0
"COMMIT[69,10]",-0.0
"COMMIT[70,10]",-0.0
"COMMIT[71,10]",-0.0
"COMMIT[72,10]",-0.0
"COMMIT[73,10]",1.0
"COMMIT[1,11]",-0.0
"COMMIT[2,11]",-0.0
"COMMIT[3,11]",1.0
"COMMIT[4,11]",1.0
"COMMIT[5,11]",-0.0
"COMMIT[6,11]",-0.0
"COMMIT[7,11]",1.0
"COMMIT[8,11]",1.0
"COMMIT[9,11]",-0.0
"COMMIT[10,11]",-0.0
"COMMIT[11,11]",-0.0
"COMMIT[12,11]",-0.0
"COMMIT[13,11]",-0.0
"COMMIT[14,11]",-0.0
"COMMIT[15,11]",-0.0
"COMMIT[16,11]",-0.0
"COMMIT[17,11]",-0.0
"COMMIT[18,11]",-0.0
"COMMIT[19,11]",-0.0
"COMMIT[20,11]",1.0
"COMMIT[21,11]",-0.0
"COMMIT[22,11]",-0.0
"COMMIT[23,11]",-0.0
"COMMIT[24,11]",-0.0
"COMMIT[25,11]",-0.0
"COMMIT[26,11]",-0.0
"COMMIT[27,11]",-0.0
"COMMIT[28,11]",-0.0
"COMMIT[29,11]",-0.0
"COMMIT[30,11]",-0.0
"COMMIT[31,11]",-0.0
"COMMIT[32,11]",-0.0
"COMMIT[33,11]",-0.0
"COMMIT[34,11]",-0.0
"COMMIT[35,11]",-0.0
"COMMIT[36,11]",-0.0
"COMMIT[37,11]",-0.0
"COMMIT[38,11]",1.0
"COMMIT[39,11]",-0.0
"COMMIT[40,11]",-0.0
"COMMIT[41,11]",1.0
"COMMIT[42,11]",1.0
"COMMIT[43,11]",1.0
"COMMIT[44,11]",-0.0
"COMMIT[45,11]",-0.0
"COMMIT[46,11]",-0.0
"COMMIT[47,11]",-0.0
"COMMIT[48,11]",-0.0
"COMMIT[49,11]",-0.0
"COMMIT[50,11]",-0.0
"COMMIT[51,11]",-0.0
"COMMIT[52,11]",-0.0
"COMMIT[53,11]",-0.0
"COMMIT[54,11]",-0.0
"COMMIT[55,11]",-0.0
"COMMIT[56,11]",-0.0
"COMMIT[57,11]",-0.0
"COMMIT[58,11]",-0.0
"COMMIT[59,11]",-0.0
"COMMIT[60,11]",-0.0
"COMMIT[61,11]",-0.0
"COMMIT[62,11]",-0.0
"COMMIT[63,11]",-0.0
"COMMIT[64,11]",-0.0
"COMMIT[65,11]",-0.0
"COMMIT[66,11]",-0.0
"COMMIT[67,11]",-0.0
"COMMIT[68,11]",-0.0
"COMMIT[69,11]",-0.0
"COMMIT[70,11]",-0.0
"COMMIT[71,11]",-0.0
"COMMIT[72,11]",-0.0
"COMMIT[73,11]",1.0
"COMMIT[1,12]",-0.0
"COMMIT[2,12]",-0.0
"COMMIT[3,12]",1.0
"COMMIT[4,12]",1.0
"COMMIT[5,12]",-0.0
"COMMIT[6,12]",-0.0
"COMMIT[7,12]",1.0
"COMMIT[8,12]",1.0
"COMMIT[9,12]",-0.0
"COMMIT[10,12]",-0.0
"COMMIT[11,12]",-0.0
"COMMIT[12,12]",-0.0
"COMMIT[13,12]",-0.0
"COMMIT[14,12]",-0.0
"COMMIT[15,12]",-0.0
"COMMIT[16,12]",-0.0
"COMMIT[17,12]",-0.0
"COMMIT[18,12]",-0.0
"COMMIT[19,12]",-0.0
"COMMIT[20,12]",1.0
"COMMIT[21,12]",-0.0
"COMMIT[22,12]",-0.0
"COMMIT[23,12]",-0.0
"COMMIT[24,12]",-0.0
"COMMIT[25,12]",-0.0
"COMMIT[26,12]",-0.0
"COMMIT[27,12]",-0.0
"COMMIT[28,12]",-0.0
"COMMIT[29,12]",-0.0
"COMMIT[30,12]",-0.0
"COMMIT[31,12]",-0.0
"COMMIT[32,12]",-0.0
"COMMIT[33,12]",-0.0
"COMMIT[34,12]",-0.0
"COMMIT[35,12]",-0.0
"COMMIT[36,12]",-0.0
"COMMIT[37,12]",-0.0
"COMMIT[38,12]",1.0
"COMMIT[39,12]",-0.0
"COMMIT[40,12]",-0.0
"COMMIT[41,12]",1.0
"COMMIT[42,12]",1.0
"COMMIT[43,12]",1.0
"COMMIT[44,12]",-0.0
"COMMIT[45,12]",-0.0
"COMMIT[46,12]",-0.0
"COMMIT[47,12]",-0.0
"COMMIT[48,12]",-0.0
"COMMIT[49,12]",-0.0
"COMMIT[50,12]",-0.0
"COMMIT[51,12]",-0.0
"COMMIT[52,12]",-0.0
"COMMIT[53,12]",-0.0
"COMMIT[54,12]",-0.0
"COMMIT[55,12]",-0.0
"COMMIT[56,12]",-0.0
"COMMIT[57,12]",-0.0
"COMMIT[58,12]",-0.0
"COMMIT[59,12]",-0.0
"COMMIT[60,12]",-0.0
"COMMIT[61,12]",-0.0
"COMMIT[62,12]",-0.0
"COMMIT[63,12]",-0.0
"COMMIT[64,12]",-0.0
"COMMIT[65,12]",-0.0
"COMMIT[66,12]",-0.0
"COMMIT[67,12]",-0.0
"COMMIT[68,12]",-0.0
"COMMIT[69,12]",-0.0
"COMMIT[70,12]",-0.0
"COMMIT[71,12]",-0.0
"COMMIT[72,12]",-0.0
"COMMIT[73,12]",1.0
"COMMIT[1,13]",-0.0
"COMMIT[2,13]",-0.0
"COMMIT[3,13]",1.0
"COMMIT[4,13]",1.0
"COMMIT[5,13]",-0.0
"COMMIT[6,13]",-0.0
"COMMIT[7,13]",1.0
"COMMIT[8,13]",1.0
"COMMIT[9,13]",-0.0
"COMMIT[10,13]",-0.0
"COMMIT[11,13]",-0.0
"COMMIT[12,13]",-0.0
"COMMIT[13,13]",-0.0
"COMMIT[14,13]",-0.0
"COMMIT[15,13]",-0.0
"COMMIT[16,13]",-0.0
"COMMIT[17,13]",-0.0
"COMMIT[18,13]",-0.0
"COMMIT[19,13]",-0.0
"COMMIT[20,13]",1.0
"COMMIT[21,13]",-0.0
"COMMIT[22,13]",-0.0
"COMMIT[23,13]",-0.0
"COMMIT[24,13]",-0.0
"COMMIT[25,13]",-0.0
"COMMIT[26,13]",-0.0
"COMMIT[27,13]",-0.0
"COMMIT[28,13]",-0.0
"COMMIT[29,13]",-0.0
"COMMIT[30,13]",-0.0
"COMMIT[31,13]",-0.0
"COMMIT[32,13]",-0.0
"COMMIT[33,13]",-0.0
"COMMIT[34,13]",-0.0
"COMMIT[35,13]",-0.0
"COMMIT[36,13]",-0.0
"COMMIT[37,13]",-0.0
"COMMIT[38,13]",1.0
"COMMIT[39,13]",-0.0
"COMMIT[40,13]",-0.0
"COMMIT[41,13]",1.0
"COMMIT[42,13]",1.0
"COMMIT[43,13]",1.0
"COMMIT[44,13]",-0.0
"COMMIT[45,13]",-0.0
"COMMIT[46,13]",-0.0
"COMMIT[47,13]",-0.0
"COMMIT[48,13]",-0.0
"COMMIT[49,13]",-0.0
"COMMIT[50,13]",-0.0
"COMMIT[51,13]",-0.0
"COMMIT[52,13]",-0.0
"COMMIT[53,13]",-0.0
"COMMIT[54,13]",-0.0
"COMMIT[55,13]",-0.0
"COMMIT[56,13]",-0.0
"COMMIT[57,13]",-0.0
"COMMIT[58,13]",-0.0
"COMMIT[59,13]",-0.0
"COMMIT[60,13]",-0.0
"COMMIT[61,13]",-0.0
"COMMIT[62,13]",-0.0
"COMMIT[63,13]",-0.0
"COMMIT[64,13]",-0.0
"COMMIT[65,13]",-0.0
"COMMIT[66,13]",-0.0
"COMMIT[67,13]",-0.0
"COMMIT[68,13]",-0.0
"COMMIT[69,13]",-0.0
"COMMIT[70,13]",-0.0
"COMMIT[71,13]",-0.0
"COMMIT[72,13]",-0.0
"COMMIT[73,13]",1.0
"COMMIT[1,14]",-0.0
"COMMIT[2,14]",-0.0
"COMMIT[3,14]",1.0
"COMMIT[4,14]",1.0
"COMMIT[5,14]",-0.0
"COMMIT[6,14]",-0.0
"COMMIT[7,14]",1.0
"COMMIT[8,14]",1.0
"COMMIT[9,14]",-0.0
"COMMIT[10,14]",-0.0
"COMMIT[11,14]",-0.0
"COMMIT[12,14]",-0.0
"COMMIT[13,14]",-0.0
"COMMIT[14,14]",-0.0
"COMMIT[15,14]",-0.0
"COMMIT[16,14]",-0.0
"COMMIT[17,14]",-0.0
"COMMIT[18,14]",-0.0
"COMMIT[19,14]",-0.0
"COMMIT[20,14]",1.0
"COMMIT[21,14]",-0.0
"COMMIT[22,14]",-0.0
"COMMIT[23,14]",-0.0
"COMMIT[24,14]",-0.0
"COMMIT[25,14]",-0.0
"COMMIT[26,14]",-0.0
"COMMIT[27,14]",-0.0
"COMMIT[28,14]",-0.0
"COMMIT[29,14]",-0.0
"COMMIT[30,14]",-0.0
"COMMIT[31,14]",-0.0
"COMMIT[32,14]",-0.0
"COMMIT[33,14]",-0.0
"COMMIT[34,14]",-0.0
"COMMIT[35,14]",-0.0
"COMMIT[36,14]",-0.0
"COMMIT[37,14]",-0.0
"COMMIT[38,14]",1.0
"COMMIT[39,14]",-0.0
"COMMIT[40,14]",-0.0
"COMMIT[41,14]",1.0
"COMMIT[42,14]",1.0
"COMMIT[43,14]",1.0
"COMMIT[44,14]",-0.0
"COMMIT[45,14]",-0.0
"COMMIT[46,14]",-0.0
"COMMIT[47,14]",-0.0
"COMMIT[48,14]",-0.0
"COMMIT[49,14]",-0.0
"COMMIT[50,14]",-0.0
"COMMIT[51,14]",-0.0
"COMMIT[52,14]",-0.0
"COMMIT[53,14]",-0.0
"COMMIT[54,14]",-0.0
"COMMIT[55,14]",-0.0
"COMMIT[56,14]",-0.0
"COMMIT[57,14]",-0.0
"COMMIT[58,14]",-0.0
"COMMIT[59,14]",-0.0
"COMMIT[60,14]",-0.0
"COMMIT[61,14]",-0.0
"COMMIT[62,14]",-0.0
"COMMIT[63,14]",-0.0
"COMMIT[64,14]",-0.0
"COMMIT[65,14]",-0.0
"COMMIT[66,14]",-0.0
"COMMIT[67,14]",-0.0
"COMMIT[68,14]",-0.0
"COMMIT[69,14]",-0.0
"COMMIT[70,14]",-0.0
"COMMIT[71,14]",-0.0
"COMMIT[72,14]",-0.0
"COMMIT[73,14]",1.0
"COMMIT[1,15]",-0.0
"COMMIT[2,15]",-0.0
"COMMIT[3,15]",1.0
"COMMIT[4,15]",1.0
"COMMIT[5,15]",-0.0
"COMMIT[6,15]",-0.0
"COMMIT[7,15]",1.0
"COMMIT[8,15]",1.0
"COMMIT[9,15]",-0.0
"COMMIT[10,15]",-0.0
"COMMIT[11,15]",-0.0
"COMMIT[12,15]",-0.0
"COMMIT[13,15]",-0.0
"COMMIT[14,15]",-0.0
"COMMIT[15,15]",-0.0
"COMMIT[16,15]",-0.0
"COMMIT[17,15]",-0.0
"COMMIT[18,15]",-0.0
"COMMIT[19,15]",-0.0
"COMMIT[20,15]",1.0
"COMMIT[21,15]",-0.0
"COMMIT[22,15]",-0.0
"COMMIT[23,15]",-0.0
"COMMIT[24,15]",-0.0
"COMMIT[25,15]",-0.0
"COMMIT[26,15]",-0.0
"COMMIT[27,15]",-0.0
"COMMIT[28,15]",-0.0
"COMMIT[29,15]",-0.0
"COMMIT[30,15]",-0.0
"COMMIT[31,15]",-0.0
"COMMIT[32,15]",-0.0
"COMMIT[33,15]",-0.0
"COMMIT[34,15]",-0.0
"COMMIT[35,15]",-0.0
"COMMIT[36,15]",-0.0
"COMMIT[37,15]",-0.0
"COMMIT[38,15]",1.0
"COMMIT[39,15]",-0.0
"COMMIT[40,15]",-0.0
"COMMIT[41,15]",1.0
"COMMIT[42,15]",1.0
"COMMIT[43,15]",1.0
"COMMIT[44,15]",-0.0
"COMMIT[45,15]",-0.0
"COMMIT[46,15]",-0.0
"COMMIT[47,15]",-0.0
"COMMIT[48,15]",-0.0
"COMMIT[49,15]",-0.0
"COMMIT[50,15]",-0.0
"COMMIT[51,15]",-0.0
"COMMIT[52,15]",-0.0
"COMMIT[53,15]",-0.0
"COMMIT[54,15]",-0.0
"COMMIT[55,15]",-0.0
"COMMIT[56,15]",-0.0
"COMMIT[57,15]",-0.0
"COMMIT[58,15]",-0.0
"COMMIT[59,15]",-0.0
"COMMIT[60,15]",-0.0
"COMMIT[61,15]",-0.0
"COMMIT[62,15]",-0.0
"COMMIT[63,15]",-0.0
"COMMIT[64,15]",-0.0
"COMMIT[65,15]",-0.0
"COMMIT[66,15]",-0.0
"COMMIT[67,15]",-0.0
"COMMIT[68,15]",-0.0
"COMMIT[69,15]",-0.0
"COMMIT[70,15]",-0.0
"COMMIT[71,15]",-0.0
"COMMIT[72,15]",-0.0
"COMMIT[73,15]",1.0
"COMMIT[1,16]",-0.0
"COMMIT[2,16]",-0.0
"COMMIT[3,16]",1.0
"COMMIT[4,16]",1.0
"COMMIT[5,16]",-0.0
"COMMIT[6,16]",-0.0
"COMMIT[7,16]",1.0
"COMMIT[8,16]",1.0
"COMMIT[9,16]",-0.0
"COMMIT[10,16]",-0.0
"COMMIT[11,16]",-0.0
"COMMIT[12,16]",-0.0
"COMMIT[13,16]",-0.0
"COMMIT[14,16]",-0.0
"COMMIT[15,16]",-0.0
"COMMIT[16,16]",-0.0
"COMMIT[17,16]",-0.0
"COMMIT[18,16]",-0.0
"COMMIT[19,16]",-0.0
"COMMIT[20,16]",1.0
"COMMIT[21,16]",-0.0
"COMMIT[22,16]",-0.0
"COMMIT[23,16]",-0.0
"COMMIT[24,16]",-0.0
"COMMIT[25,16]",-0.0
"COMMIT[26,16]",-0.0
"COMMIT[27,16]",-0.0
"COMMIT[28,16]",-0.0
"COMMIT[29,16]",-0.0
"COMMIT[30,16]",-0.0
"COMMIT[31,16]",-0.0
"COMMIT[32,16]",-0.0
"COMMIT[33,16]",-0.0
"COMMIT[34,16]",-0.0
"COMMIT[35,16]",-0.0
"COMMIT[36,16]",-0.0
"COMMIT[37,16]",-0.0
"COMMIT[38,16]",1.0
"COMMIT[39,16]",-0.0
"COMMIT[40,16]",-0.0
"COMMIT[41,16]",1.0
"COMMIT[42,16]",1.0
"COMMIT[43,16]",1.0
"COMMIT[44,16]",-0.0
"COMMIT[45,16]",-0.0
"COMMIT[46,16]",-0.0
"COMMIT[47,16]",-0.0
"COMMIT[48,16]",-0.0
"COMMIT[49,16]",-0.0
"COMMIT[50,16]",-0.0
"COMMIT[51,16]",-0.0
"COMMIT[52,16]",-0.0
"COMMIT[53,16]",-0.0
"COMMIT[54,16]",-0.0
"COMMIT[55,16]",-0.0
"COMMIT[56,16]",-0.0
"COMMIT[57,16]",-0.0
"COMMIT[58,16]",-0.0
"COMMIT[59,16]",-0.0
"COMMIT[60,16]",-0.0
"COMMIT[61,16]",-0.0
"COMMIT[62,16]",-0.0
"COMMIT[63,16]",-0.0
"COMMIT[64,16]",-0.0
"COMMIT[65,16]",-0.0
"COMMIT[66,16]",-0.0
"COMMIT[67,16]",-0.0
"COMMIT[68,16]",-0.0
"COMMIT[69,16]",-0.0
"COMMIT[70,16]",-0.0
"COMMIT[71,16]",-0.0
"COMMIT[72,16]",-0.0
"COMMIT[73,16]",1.0
"COMMIT[1,17]",-0.0
"COMMIT[2,17]",-0.0
"COMMIT[3,17]",1.0
"COMMIT[4,17]",1.0
"COMMIT[5,17]",-0.0
"COMMIT[6,17]",-0.0
"COMMIT[7,17]",1.0
"COMMIT[8,17]",1.0
"COMMIT[9,17]",-0.0
"COMMIT[10,17]",-0.0
"COMMIT[11,17]",-0.0
"COMMIT[12,17]",-0.0
"COMMIT[13,17]",-0.0
"COMMIT[14,17]",-0.0
"COMMIT[15,17]",-0.0
"COMMIT[16,17]",-0.0
"COMMIT[17,17]",-0.0
"COMMIT[18,17]",-0.0
"COMMIT[19,17]",-0.0
"COMMIT[20,17]",1.0
"COMMIT[21,17]",-0.0
"COMMIT[22,17]",-0.0
"COMMIT[23,17]",-0.0
"COMMIT[24,17]",-0.0
"COMMIT[25,17]",-0.0
"COMMIT[26,17]",-0.0
"COMMIT[27,17]",-0.0
"COMMIT[28,17]",-0.0
"COMMIT[29,17]",-0.0
"COMMIT[30,17]",-0.0
"COMMIT[31,17]",-0.0
"COMMIT[32,17]",-0.0
"COMMIT[33,17]",-0.0
"COMMIT[34,17]",-0.0
"COMMIT[35,17]",-0.0
"COMMIT[36,17]",-0.0
"COMMIT[37,17]",-0.0
"COMMIT[38,17]",1.0
"COMMIT[39,17]",-0.0
"COMMIT[40,17]",-0.0
"COMMIT[41,17]",1.0
"COMMIT[42,17]",1.0
"COMMIT[43,17]",1.0
"COMMIT[44,17]",-0.0
"COMMIT[45,17]",-0.0
"COMMIT[46,17]",-0.0
"COMMIT[47,17]",-0.0
"COMMIT[48,17]",-0.0
"COMMIT[49,17]",-0.0
"COMMIT[50,17]",-0.0
"COMMIT[51,17]",-0.0
"COMMIT[52,17]",-0.0
"COMMIT[53,17]",-0.0
"COMMIT[54,17]",-0.0
"COMMIT[55,17]",-0.0
"COMMIT[56,17]",-0.0
"COMMIT[57,17]",-0.0
"COMMIT[58,17]",-0.0
"COMMIT[59,17]",-0.0
"COMMIT[60,17]",-0.0
"COMMIT[61,17]",-0.0
"COMMIT[62,17]",-0.0
"COMMIT[63,17]",-0.0
"COMMIT[64,17]",-0.0
"COMMIT[65,17]",-0.0
"COMMIT[66,17]",-0.0
"COMMIT[67,17]",-0.0
"COMMIT[68,17]",-0.0
"COMMIT[69,17]",-0.0
"COMMIT[70,17]",-0.0
"COMMIT[71,17]",-0.0
"COMMIT[72,17]",-0.0
"COMMIT[73,17]",1.0
"COMMIT[1,18]",-0.0
"COMMIT[2,18]",-0.0
"COMMIT[3,18]",1.0
"COMMIT[4,18]",1.0
"COMMIT[5,18]",-0.0
"COMMIT[6,18]",-0.0
"COMMIT[7,18]",1.0
"COMMIT[8,18]",1.0
"COMMIT[9,18]",-0.0
"COMMIT[10,18]",-0.0
"COMMIT[11,18]",-0.0
"COMMIT[12,18]",-0.0
"COMMIT[13,18]",-0.0
"COMMIT[14,18]",-0.0
"COMMIT[15,18]",-0.0
"COMMIT[16,18]",-0.0
"COMMIT[17,18]",-0.0
"COMMIT[18,18]",-0.0
"COMMIT[19,18]",-0.0
"COMMIT[20,18]",1.0
"COMMIT[21,18]",-0.0
"COMMIT[22,18]",-0.0
"COMMIT[23,18]",-0.0
"COMMIT[24,18]",-0.0
"COMMIT[25,18]",-0.0
"COMMIT[26,18]",-0.0
"COMMIT[27,18]",-0.0
"COMMIT[28,18]",-0.0
"COMMIT[29,18]",-0.0
"COMMIT[30,18]",-0.0
"COMMIT[31,18]",-0.0
"COMMIT[32,18]",-0.0
"COMMIT[33,18]",-0.0
"COMMIT[34,18]",-0.0
"COMMIT[35,18]",-0.0
"COMMIT[36,18]",-0.0
"COMMIT[37,18]",-0.0
"COMMIT[38,18]",1.0
"COMMIT[39,18]",-0.0
"COMMIT[40,18]",-0.0
"COMMIT[41,18]",1.0
"COMMIT[42,18]",1.0
"COMMIT[43,18]",1.0
"COMMIT[44,18]",-0.0
"COMMIT[45,18]",-0.0
"COMMIT[46,18]",-0.0
"COMMIT[47,18]",-0.0
"COMMIT[48,18]",-0.0
"COMMIT[49,18]",-0.0
"COMMIT[50,18]",-0.0
"COMMIT[51,18]",-0.0
"COMMIT[52,18]",-0.0
"COMMIT[53,18]",-0.0
"COMMIT[54,18]",-0.0
"COMMIT[55,18]",-0.0
"COMMIT[56,18]",-0.0
"COMMIT[57,18]",-0.0
"COMMIT[58,18]",-0.0
"COMMIT[59,18]",-0.0
"COMMIT[60,18]",-0.0
"COMMIT[61,18]",-0.0
"COMMIT[62,18]",-0.0
"COMMIT[63,18]",-0.0
"COMMIT[64,18]",-0.0
"COMMIT[65,18]",-0.0
"COMMIT[66,18]",-0.0
"COMMIT[67,18]",-0.0
"COMMIT[68,18]",-0.0
"COMMIT[69,18]",-0.0
"COMMIT[70,18]",-0.0
"COMMIT[71,18]",-0.0
"COMMIT[72,18]",-0.0
"COMMIT[73,18]",1.0
"COMMIT[1,19]",-0.0
"COMMIT[2,19]",-0.0
"COMMIT[3,19]",1.0
"COMMIT[4,19]",1.0
"COMMIT[5,19]",-0.0
"COMMIT[6,19]",-0.0
"COMMIT[7,19]",1.0
"COMMIT[8,19]",1.0
"COMMIT[9,19]",-0.0
"COMMIT[10,19]",-0.0
"COMMIT[11,19]",-0.0
"COMMIT[12,19]",-0.0
"COMMIT[13,19]",-0.0
"COMMIT[14,19]",-0.0
"COMMIT[15,19]",-0.0
"COMMIT[16,19]",-0.0
"COMMIT[17,19]",-0.0
"COMMIT[18,19]",-0.0
"COMMIT[19,19]",-0.0
"COMMIT[20,19]",1.0
"COMMIT[21,19]",-0.0
"COMMIT[22,19]",-0.0
"COMMIT[23,19]",-0.0
"COMMIT[24,19]",-0.0
"COMMIT[25,19]",-0.0
"COMMIT[26,19]",-0.0
"COMMIT[27,19]",-0.0
"COMMIT[28,19]",-0.0
"COMMIT[29,19]",-0.0
"COMMIT[30,19]",-0.0
"COMMIT[31,19]",-0.0
"COMMIT[32,19]",-0.0
"COMMIT[33,19]",-0.0
"COMMIT[34,19]",-0.0
"COMMIT[35,19]",-0.0
"COMMIT[36,19]",-0.0
"COMMIT[37,19]",-0.0
"COMMIT[38,19]",1.0
"COMMIT[39,19]",-0.0
"COMMIT[40,19]",-0.0
"COMMIT[41,19]",1.0
"COMMIT[42,19]",1.0
"COMMIT[43,19]",1.0
"COMMIT[44,19]",-0.0
"COMMIT[45,19]",-0.0
"COMMIT[46,19]",-0.0
"COMMIT[47,19]",-0.0
"COMMIT[48,19]",-0.0
"COMMIT[49,19]",-0.0
"COMMIT[50,19]",-0.0
"COMMIT[51,19]",-0.0
"COMMIT[52,19]",-0.0
"COMMIT[53,19]",-0.0
"COMMIT[54,19]",-0.0
"COMMIT[55,19]",-0.0
"COMMIT[56,19]",-0.0
"COMMIT[57,19]",-0.0
"COMMIT[58,19]",-0.0
"COMMIT[59,19]",-0.0
"COMMIT[60,19]",-0.0
"COMMIT[61,19]",-0.0
"COMMIT[62,19]",-0.0
"COMMIT[63,19]",-0.0
"COMMIT[64,19]",-0.0
"COMMIT[65,19]",-0.0
"COMMIT[66,19]",-0.0
"COMMIT[67,19]",-0.0
"COMMIT[68,19]",-0.0
"COMMIT[69,19]",-0.0
"COMMIT[70,19]",-0.0
"COMMIT[71,19]",-0.0
"COMMIT[72,19]",-0.0
"COMMIT[73,19]",1.0
"COMMIT[1,20]",-0.0
"COMMIT[2,20]",-0.0
"COMMIT[3,20]",1.0
"COMMIT[4,20]",1.0
"COMMIT[5,20]",-0.0
"COMMIT[6,20]",-0.0
"COMMIT[7,20]",1.0
"COMMIT[8,20]",1.0
"COMMIT[9,20]",-0.0
"COMMIT[10,20]",-0.0
"COMMIT[11,20]",-0.0
"COMMIT[12,20]",-0.0
"COMMIT[13,20]",-0.0
"COMMIT[14,20]",-0.0
"COMMIT[15,20]",-0.0
"COMMIT[16,20]",-0.0
"COMMIT[17,20]",-0.0
"COMMIT[18,20]",-0.0
"COMMIT[19,20]",-0.0
"COMMIT[20,20]",1.0
"COMMIT[21,20]",-0.0
"COMMIT[22,20]",-0.0
"COMMIT[23,20]",-0.0
"COMMIT[24,20]",-0.0
"COMMIT[25,20]",-0.0
"COMMIT[26,20]",-0.0
"COMMIT[27,20]",-0.0
"COMMIT[28,20]",-0.0
"COMMIT[29,20]",-0.0
"COMMIT[30,20]",-0.0
"COMMIT[31,20]",-0.0
"COMMIT[32,20]",-0.0
"COMMIT[33,20]",-0.0
"COMMIT[34,20]",-0.0
"COMMIT[35,20]",-0.0
"COMMIT[36,20]",-0.0
"COMMIT[37,20]",-0.0
"COMMIT[38,20]",1.0
"COMMIT[39,20]",-0.0
"COMMIT[40,20]",-0.0
"COMMIT[41,20]",1.0
"COMMIT[42,20]",1.0
"COMMIT[43,20]",1.0
"COMMIT[44,20]",-0.0
"COMMIT[45,20]",-0.0
"COMMIT[46,20]",-0.0
"COMMIT[47,20]",-0.0
"COMMIT[48,20]",-0.0
"COMMIT[49,20]",-0.0
"COMMIT[50,20]",-0.0
"COMMIT[51,20]",-0.0
"COMMIT[52,20]",-0.0
"COMMIT[53,20]",-0.0
"COMMIT[54,20]",-0.0
"COMMIT[55,20]",-0.0
"COMMIT[56,20]",-0.0
"COMMIT[57,20]",-0.0
"COMMIT[58,20]",-0.0
"COMMIT[59,20]",-0.0
"COMMIT[60,20]",-0.0
"COMMIT[61,20]",-0.0
"COMMIT[62,20]",-0.0
"COMMIT[63,20]",-0.0
"COMMIT[64,20]",-0.0
"COMMIT[65,20]",-0.0
"COMMIT[66,20]",-0.0
"COMMIT[67,20]",-0.0
"COMMIT[68,20]",-0.0
"COMMIT[69,20]",-0.0
"COMMIT[70,20]",-0.0
"COMMIT[71,20]",-0.0
"COMMIT[72,20]",-0.0
"COMMIT[73,20]",1.0
"COMMIT[1,21]",-0.0
"COMMIT[2,21]",-0.0
"COMMIT[3,21]",1.0
"COMMIT[4,21]",1.0
"COMMIT[5,21]",-0.0
"COMMIT[6,21]",-0.0
"COMMIT[7,21]",1.0
"COMMIT[8,21]",1.0
"COMMIT[9,21]",-0.0
"COMMIT[10,21]",-0.0
"COMMIT[11,21]",-0.0
"COMMIT[12,21]",-0.0
"COMMIT[13,21]",-0.0
"COMMIT[14,21]",-0.0
"COMMIT[15,21]",-0.0
"COMMIT[16,21]",-0.0
"COMMIT[17,21]",-0.0
"COMMIT[18,21]",-0.0
"COMMIT[19,21]",-0.0
"COMMIT[20,21]",1.0
"COMMIT[21,21]",-0.0
"COMMIT[22,21]",-0.0
"COMMIT[23,21]",-0.0
"COMMIT[24,21]",-0.0
"COMMIT[25,21]",-0.0
"COMMIT[26,21]",-0.0
"COMMIT[27,21]",-0.0
"COMMIT[28,21]",-0.0
"COMMIT[29,21]",-0.0
"COMMIT[30,21]",-0.0
"COMMIT[31,21]",-0.0
"COMMIT[32,21]",-0.0
"COMMIT[33,21]",-0.0
"COMMIT[34,21]",-0.0
"COMMIT[35,21]",-0.0
"COMMIT[36,21]",-0.0
"COMMIT[37,21]",-0.0
"COMMIT[38,21]",1.0
"COMMIT[39,21]",-0.0
"COMMIT[40,21]",-0.0
"COMMIT[41,21]",1.0
"COMMIT[42,21]",1.0
"COMMIT[43,21]",1.0
"COMMIT[44,21]",-0.0
"COMMIT[45,21]",-0.0
"COMMIT[46,21]",-0.0
"COMMIT[47,21]",-0.0
"COMMIT[48,21]",-0.0
"COMMIT[49,21]",-0.0
"COMMIT[50,21]",-0.0
"COMMIT[51,21]",-0.0
"COMMIT[52,21]",-0.0
"COMMIT[53,21]",-0.0
"COMMIT[54,21]",-0.0
"COMMIT[55,21]",-0.0
"COMMIT[56,21]",-0.0
"COMMIT[57,21]",-0.0
"COMMIT[58,21]",-0.0
"COMMIT[59,21]",-0.0
"COMMIT[60,21]",-0.0
"COMMIT[61,21]",-0.0
"COMMIT[62,21]",-0.0
"COMMIT[63,21]",-0.0
"COMMIT[64,21]",-0.0
"COMMIT[65,21]",-0.0
"COMMIT[66,21]",-0.0
"COMMIT[67,21]",-0.0
"COMMIT[68,21]",-0.0
"COMMIT[69,21]",-0.0
"COMMIT[70,21]",-0.0
"COMMIT[71,21]",-0.0
"COMMIT[72,21]",-0.0
"COMMIT[73,21]",1.0
"COMMIT[1,22]",-0.0
"COMMIT[2,22]",-0.0
"COMMIT[3,22]",1.0
"COMMIT[4,22]",1.0
"COMMIT[5,22]",-0.0
"COMMIT[6,22]",-0.0
"COMMIT[7,22]",1.0
"COMMIT[8,22]",1.0
"COMMIT[9,22]",-0.0
"COMMIT[10,22]",-0.0
"COMMIT[11,22]",-0.0
"COMMIT[12,22]",-0.0
"COMMIT[13,22]",-0.0
"COMMIT[14,22]",-0.0
"COMMIT[15,22]",-0.0
"COMMIT[16,22]",-0.0
"COMMIT[17,22]",-0.0
"COMMIT[18,22]",-0.0
"COMMIT[19,22]",-0.0
"COMMIT[20,22]",1.0
"COMMIT[21,22]",-0.0
"COMMIT[22,22]",-0.0
"COMMIT[23,22]",-0.0
"COMMIT[24,22]",-0.0
"COMMIT[25,22]",-0.0
"COMMIT[26,22]",-0.0
"COMMIT[27,22]",-0.0
"COMMIT[28,22]",-0.0
"COMMIT[29,22]",-0.0
"COMMIT[30,22]",-0.0
"COMMIT[31,22]",-0.0
"COMMIT[32,22]",-0.0
"COMMIT[33,22]",-0.0
"COMMIT[34,22]",-0.0
"COMMIT[35,22]",-0.0
"COMMIT[36,22]",-0.0
"COMMIT[37,22]",-0.0
"COMMIT[38,22]",1.0
"COMMIT[39,22]",-0.0
"COMMIT[40,22]",-0.0
"COMMIT[41,22]",1.0
"COMMIT[42,22]",1.0
"COMMIT[43,22]",1.0
"COMMIT[44,22]",-0.0
"COMMIT[45,22]",-0.0
"COMMIT[46,22]",-0.0
"COMMIT[47,22]",-0.0
"COMMIT[48,22]",-0.0
"COMMIT[49,22]",-0.0
"COMMIT[50,22]",-0.0
"COMMIT[51,22]",-0.0
"COMMIT[52,22]",-0.0
"COMMIT[53,22]",-0.0
"COMMIT[54,22]",-0.0
"COMMIT[55,22]",-0.0
"COMMIT[56,22]",-0.0
"COMMIT[57,22]",-0.0
"COMMIT[58,22]",-0.0
"COMMIT[59,22]",-0.0
"COMMIT[60,22]",-0.0
"COMMIT[61,22]",-0.0
"COMMIT[62,22]",-0.0
"COMMIT[63,22]",-0.0
"COMMIT[64,22]",-0.0
"COMMIT[65,22]",-0.0
"COMMIT[66,22]",-0.0
"COMMIT[67,22]",-0.0
"COMMIT[68,22]",-0.0
"COMMIT[69,22]",-0.0
"COMMIT[70,22]",-0.0
"COMMIT[71,22]",-0.0
"COMMIT[72,22]",-0.0
"COMMIT[73,22]",1.0
"COMMIT[1,23]",-0.0
"COMMIT[2,23]",-0.0
"COMMIT[3,23]",1.0
"COMMIT[4,23]",1.0
"COMMIT[5,23]",-0.0
"COMMIT[6,23]",-0.0
"COMMIT[7,23]",1.0
"COMMIT[8,23]",1.0
"COMMIT[9,23]",-0.0
"COMMIT[10,23]",-0.0
"COMMIT[11,23]",-0.0
"COMMIT[12,23]",-0.0
"COMMIT[13,23]",-0.0
"COMMIT[14,23]",-0.0
"COMMIT[15,23]",-0.0
"COMMIT[16,23]",-0.0
"COMMIT[17,23]",-0.0
"COMMIT[18,23]",-0.0
"COMMIT[19,23]",-0.0
"COMMIT[20,23]",-0.0
"COMMIT[21,23]",-0.0
"COMMIT[22,23]",-0.0
"COMMIT[23,23]",-0.0
"COMMIT[24,23]",-0.0
"COMMIT[25,23]",-0.0
"COMMIT[26,23]",-0.0
"COMMIT[27,23]",-0.0
"COMMIT[28,23]",-0.0
"COMMIT[29,23]",-0.0
"COMMIT[30,23]",-0.0
"COMMIT[31,23]",-0.0
"COMMIT[32,23]",-0.0
"COMMIT[33,23]",-0.0
"COMMIT[34,23]",-0.0
"COMMIT[35,23]",-0.0
"COMMIT[36,23]",-0.0
"COMMIT[37,23]",-0.0
"COMMIT[38,23]",1.0
"COMMIT[39,23]",-0.0
"COMMIT[40,23]",-0.0
"COMMIT[41,23]",1.0
"COMMIT[42,23]",1.0
"COMMIT[43,23]",1.0
"COMMIT[44,23]",-0.0
"COMMIT[45,23]",-0.0
"COMMIT[46,23]",-0.0
"COMMIT[47,23]",-0.0
"COMMIT[48,23]",-0.0
"COMMIT[49,23]",-0.0
"COMMIT[50,23]",-0.0
"COMMIT[51,23]",-0.0
"COMMIT[52,23]",-0.0
"COMMIT[53,23]",-0.0
"COMMIT[54,23]",-0.0
"COMMIT[55,23]",-0.0
"COMMIT[56,23]",-0.0
"COMMIT[57,23]",-0.0
"COMMIT[58,23]",-0.0
"COMMIT[59,23]",-0.0
"COMMIT[60,23]",-0.0
"COMMIT[61,23]",-0.0
"COMMIT[62,23]",-0.0
"COMMIT[63,23]",-0.0
"COMMIT[64,23]",-0.0
"COMMIT[65,23]",-0.0
"COMMIT[66,23]",-0.0
"COMMIT[67,23]",-0.0
"COMMIT[68,23]",-0.0
"COMMIT[69,23]",-0.0
"COMMIT[70,23]",-0.0
"COMMIT[71,23]",-0.0
"COMMIT[72,23]",-0.0
"COMMIT[73,23]",1.0
"COMMIT[1,24]",-0.0
"COMMIT[2,24]",-0.0
"COMMIT[3,24]",1.0
"COMMIT[4,24]",1.0
"COMMIT[5,24]",-0.0
"COMMIT[6,24]",-0.0
"COMMIT[7,24]",1.0
"COMMIT[8,24]",1.0
"COMMIT[9,24]",-0.0
"COMMIT[10,24]",-0.0
"COMMIT[11,24]",-0.0
"COMMIT[12,24]",-0.0
"COMMIT[13,24]",-0.0
"COMMIT[14,24]",-0.0
"COMMIT[15,24]",-0.0
"COMMIT[16,24]",-0.0
"COMMIT[17,24]",-0.0
"COMMIT[18,24]",-0.0
"COMMIT[19,24]",-0.0
"COMMIT[20,24]",-0.0
"COMMIT[21,24]",-0.0
"COMMIT[22,24]",-0.0
"COMMIT[23,24]",-0.0
"COMMIT[24,24]",-0.0
"COMMIT[25,24]",-0.0
"COMMIT[26,24]",-0.0
"COMMIT[27,24]",-0.0
"COMMIT[28,24]",-0.0
"COMMIT[29,24]",-0.0
"COMMIT[30,24]",-0.0
"COMMIT[31,24]",-0.0
"COMMIT[32,24]",-0.0
"COMMIT[33,24]",-0.0
"COMMIT[34,24]",-0.0
"COMMIT[35,24]",-0.0
"COMMIT[36,24]",-0.0
"COMMIT[37,24]",-0.0
"COMMIT[38,24]",1.0
"COMMIT[39,24]",-0.0
"COMMIT[40,24]",-0.0
"COMMIT[41,24]",1.0
"COMMIT[42,24]",1.0
"COMMIT[43,24]",1.0
"COMMIT[44,24]",-0.0
"COMMIT[45,24]",-0.0
"COMMIT[46,24]",-0.0
"COMMIT[47,24]",-0.0
"COMMIT[48,24]",-0.0
"COMMIT[49,24]",-0.0
"COMMIT[50,24]",-0.0
"COMMIT[51,24]",-0.0
"COMMIT[52,24]",-0.0
"COMMIT[53,24]",-0.0
"COMMIT[54,24]",-0.0
"COMMIT[55,24]",-0.0
"COMMIT[56,24]",-0.0
"COMMIT[57,24]",-0.0
"COMMIT[58,24]",-0.0
"COMMIT[59,24]",-0.0
"COMMIT[60,24]",-0.0
"COMMIT[61,24]",-0.0
"COMMIT[62,24]",-0.0
"COMMIT[63,24]",-0.0
"COMMIT[64,24]",-0.0
"COMMIT[65,24]",-0.0
"COMMIT[66,24]",-0.0
"COMMIT[67,24]",-0.0
"COMMIT[68,24]",-0.0
"COMMIT[69,24]",-0.0
"COMMIT[70,24]",-0.0
"COMMIT[71,24]",-0.0
"COMMIT[72,24]",-0.0
"COMMIT[73,24]",1.0
"START[1,1]",0.0
"START[2,1]",0.0
"START[3,1]",0.0
"START[4,1]",0.0
"START[5,1]",0.0
"START[6,1]",0.0
"START[7,1]",0.0
"START[8,1]",0.0
"START[9,1]",0.0
"START[10,1]",0.0
"START[11,1]",0.0
"START[12,1]",0.0
"START[13,1]",0.0
"START[14,1]",0.0
"START[15,1]",0.0
"START[16,1]",0.0
"START[17,1]",0.0
"START[18,1]",0.0
"START[19,1]",0.0
"START[20,1]",0.0
"START[21,1]",0.0
"START[22,1]",0.0
"START[23,1]",0.0
"START[24,1]",0.0
"START[25,1]",0.0
"START[26,1]",0.0
"START[27,1]",0.0
"START[28,1]",0.0
"START[29,1]",0.0
"START[30,1]",0.0
"START[31,1]",0.0
"START[32,1]",0.0
"START[33,1]",0.0
"START[34,1]",0.0
"START[35,1]",0.0
"START[36,1]",0.0
"START[37,1]",0.0
"START[38,1]",0.0
"START[39,1]",0.0
"START[40,1]",0.0
"START[41,1]",0.0
"START[42,1]",0.0
"START[43,1]",0.0
"START[44,1]",0.0
"START[45,1]",0.0
"START[46,1]",0.0
"START[47,1]",0.0
"START[48,1]",0.0
"START[49,1]",0.0
"START[50,1]",0.0
"START[51,1]",0.0
"START[52,1]",0.0
"START[53,1]",0.0
"START[54,1]",0.0
"START[55,1]",0.0
"START[56,1]",0.0
"START[57,1]",0.0
"START[58,1]",0.0
"START[59,1]",0.0
"START[60,1]",0.0
"START[61,1]",0.0
"START[62,1]",0.0
"START[63,1]",0.0
"START[64,1]",0.0
"START[65,1]",0.0
"START[66,1]",0.0
"START[67,1]",0.0
"START[68,1]",0.0
"START[69,1]",0.0
"START[70,1]",0.0
"START[71,1]",0.0
"START[72,1]",0.0
"START[73,1]",0.0
"START[1,2]",-0.0
"START[2,2]",-0.0
"START[3,2]",-0.0
"START[4,2]",-0.0
"START[5,2]",-0.0
"START[6,2]",-0.0
"START[7,2]",-0.0
"START[8,2]",-0.0
"START[9,2]",-0.0
"START[10,2]",-0.0
"START[11,2]",-0.0
"START[12,2]",-0.0
"START[13,2]",-0.0
"START[14,2]",-0.0
"START[15,2]",-0.0
"START[16,2]",-0.0
"START[17,2]",-0.0
"START[18,2]",-0.0
"START[19,2]",-0.0
"START[20,2]",-0.0
"START[21,2]",-0.0
"START[22,2]",-0.0
"START[23,2]",-0.0
"START[24,2]",-0.0
"START[25,2]",-0.0
"START[26,2]",-0.0
"START[27,2]",-0.0
"START[28,2]",-0.0
"START[29,2]",-0.0
"START[30,2]",-0.0
"START[31,2]",-0.0
"START[32,2]",-0.0
"START[33,2]",-0.0
"START[34,2]",-0.0
"START[35,2]",-0.0
"START[36,2]",-0.0
"START[37,2]",-0.0
"START[38,2]",-0.0
"START[39,2]",-0.0
"START[40,2]",-0.0
"START[41,2]",-0.0
"START[42,2]",-0.0
"START[43,2]",-0.0
"START[44,2]",-0.0
"START[45,2]",-0.0
"START[46,2]",-0.0
"START[47,2]",-0.0
"START[48,2]",-0.0
"START[49,2]",-0.0
"START[50,2]",-0.0
"START[51,2]",-0.0
"START[52,2]",-0.0
"START[53,2]",-0.0
"START[54,2]",-0.0
"START[55,2]",-0.0
"START[56,2]",-0.0
"START[57,2]",-0.0
"START[58,2]",-0.0
"START[59,2]",-0.0
"START[60,2]",-0.0
"START[61,2]",-0.0
"START[62,2]",-0.0
"START[63,2]",-0.0
"START[64,2]",-0.0
"START[65,2]",-0.0
"START[66,2]",-0.0
"START[67,2]",-0.0
"START[68,2]",-0.0
"START[69,2]",-0.0
"START[70,2]",-0.0
"START[71,2]",-0.0
"START[72,2]",-0.0
"START[73,2]",-0.0
"START[1,3]",-0.0
"START[2,3]",-0.0
"START[3,3]",-0.0
"START[4,3]",-0.0
"START[5,3]",-0.0
"START[6,3]",-0.0
"START[7,3]",-0.0
"START[8,3]",-0.0
"START[9,3]",-0.0
"START[10,3]",-0.0
"START[11,3]",-0.0
"START[12,3]",-0.0
"START[13,3]",-0.0
"START[14,3]",-0.0
"START[15,3]",-0.0
"START[16,3]",-0.0
"START[17,3]",-0.0
"START[18,3]",-0.0
"START[19,3]",-0.0
"START[20,3]",-0.0
"START[21,3]",-0.0
"START[22,3]",-0.0
"START[23,3]",-0.0
"START[24,3]",-0.0
"START[25,3]",-0.0
"START[26,3]",-0.0
"START[27,3]",-0.0
"START[28,3]",-0.0
"START[29,3]",-0.0
"START[30,3]",-0.0
"START[31,3]",-0.0
"START[32,3]",-0.0
"START[33,3]",-0.0
"START[34,3]",-0.0
"START[35,3]",-0.0
"START[36,3]",-0.0
"START[37,3]",-0.0
"START[38,3]",-0.0
"START[39,3]",-0.0
"START[40,3]",-0.0
"START[41,3]",-0.0
"START[42,3]",-0.0
"START[43,3]",-0.0
"START[44,3]",-0.0
"START[45,3]",-0.0
"START[46,3]",-0.0
"START[47,3]",-0.0
"START[48,3]",-0.0
"START[49,3]",-0.0
"START[50,3]",-0.0
"START[51,3]",-0.0
"START[52,3]",-0.0
"START[53,3]",-0.0
"START[54,3]",-0.0
"START[55,3]",-0.0
"START[56,3]",-0.0
"START[57,3]",-0.0
"START[58,3]",-0.0
"START[59,3]",-0.0
"START[60,3]",-0.0
"START[61,3]",-0.0
"START[62,3]",-0.0
"START[63,3]",-0.0
"START[64,3]",-0.0
"START[65,3]",-0.0
"START[66,3]",-0.0
"START[67,3]",-0.0
"START[68,3]",-0.0
"START[69,3]",-0.0
"START[70,3]",-0.0
"START[71,3]",-0.0
"START[72,3]",-0.0
"START[73,3]",-0.0
"START[1,4]",-0.0
"START[2,4]",-0.0
"START[3,4]",-0.0
"START[4,4]",-0.0
"START[5,4]",-0.0
"START[6,4]",-0.0
"START[7,4]",-0.0
"START[8,4]",-0.0
"START[9,4]",-0.0
"START[10,4]",-0.0
"START[11,4]",-0.0
"START[12,4]",-0.0
"START[13,4]",-0.0
"START[14,4]",-0.0
"START[15,4]",-0.0
"START[16,4]",-0.0
"START[17,4]",-0.0
"START[18,4]",-0.0
"START[19,4]",-0.0
"START[20,4]",-0.0
"START[21,4]",-0.0
"START[22,4]",-0.0
"START[23,4]",-0.0
"START[24,4]",-0.0
"START[25,4]",-0.0
"START[26,4]",-0.0
"START[27,4]",-0.0
"START[28,4]",-0.0
"START[29,4]",-0.0
"START[30,4]",-0.0
"START[31,4]",-0.0
"START[32,4]",-0.0
"START[33,4]",-0.0
"START[34,4]",-0.0
"START[35,4]",-0.0
"START[36,4]",-0.0
"START[37,4]",-0.0
"START[38,4]",-0.0
"START[39,4]",-0.0
"START[40,4]",-0.0
"START[41,4]",-0.0
"START[42,4]",-0.0
"START[43,4]",-0.0
"START[44,4]",-0.0
"START[45,4]",-0.0
"START[46,4]",-0.0
"START[47,4]",-0.0
"START[48,4]",-0.0
"START[49,4]",-0.0
"START[50,4]",-0.0
"START[51,4]",-0.0
"START[52,4]",-0.0
"START[53,4]",-0.0
"START[54,4]",-0.0
"START[55,4]",-0.0
"START[56,4]",-0.0
"START[57,4]",-0.0
"START[58,4]",-0.0
"START[59,4]",-0.0
"START[60,4]",-0.0
"START[61,4]",-0.0
"START[62,4]",-0.0
"START[63,4]",-0.0
"START[64,4]",-0.0
"START[65,4]",-0.0
"START[66,4]",-0.0
"START[67,4]",-0.0
"START[68,4]",-0.0
"START[69,4]",-0.0
"START[70,4]",-0.0
"START[71,4]",-0.0
"START[72,4]",-0.0
"START[73,4]",-0.0
"START[1,5]",-0.0
"START[2,5]",-0.0
"START[3,5]",-0.0
"START[4,5]",-0.0
"START[5,5]",-0.0
"START[6,5]",-0.0
"START[7,5]",-0.0
"START[8,5]",-0.0
"START[9,5]",-0.0
"START[10,5]",-0.0
"START[11,5]",-0.0
"START[12,5]",-0.0
"START[13,5]",-0.0
"START[14,5]",-0.0
"START[15,5]",-0.0
"START[16,5]",-0.0
"START[17,5]",-0.0
"START[18,5]",-0.0
"START[19,5]",-0.0
"START[20,5]",-0.0
"START[21,5]",-0.0
"START[22,5]",-0.0
"START[23,5]",-0.0
"START[24,5]",-0.0
"START[25,5]",-0.0
"START[26,5]",-0.0
"START[27,5]",-0.0
"START[28,5]",-0.0
"START[29,5]",-0.0
"START[30,5]",-0.0
"START[31,5]",-0.0
"START[32,5]",-0.0
"START[33,5]",-0.0
"START[34,5]",-0.0
"START[35,5]",-0.0
"START[36,5]",-0.0
"START[37,5]",-0.0
"START[38,5]",-0.0
"START[39,5]",-0.0
"START[40,5]",-0.0
"START[41,5]",-0.0
"START[42,5]",-0.0
"START[43,5]",-0.0
"START[44,5]",-0.0
"START[45,5]",-0.0
"START[46,5]",-0.0
"START[47,5]",-0.0
"START[48,5]",-0.0
"START[49,5]",-0.0
"START[50,5]",-0.0
"START[51,5]",-0.0
"START[52,5]",-0.0
"START[53,5]",-0.0
"START[54,5]",-0.0
"START[55,5]",-0.0
"START[56,5]",-0.0
"START[57,5]",-0.0
"START[58,5]",-0.0
"START[59,5]",-0.0
"START[60,5]",-0.0
"START[61,5]",-0.0
"START[62,5]",-0.0
"START[63,5]",-0.0
"START[64,5]",-0.0
"START[65,5]",-0.0
"START[66,5]",-0.0
"START[67,5]",-0.0
"START[68,5]",-0.0
"START[69,5]",-0.0
"START[70,5]",-0.0
"START[71,5]",-0.0
"START[72,5]",-0.0
"START[73,5]",-0.0
"START[1,6]",-0.0
"START[2,6]",-0.0
"START[3,6]",-0.0
"START[4,6]",-0.0
"START[5,6]",-0.0
"START[6,6]",-0.0
"START[7,6]",-0.0
"START[8,6]",-0.0
"START[9,6]",-0.0
"START[10,6]",-0.0
"START[11,6]",-0.0
"START[12,6]",-0.0
"START[13,6]",-0.0
"START[14,6]",-0.0
"START[15,6]",-0.0
"START[16,6]",-0.0
"START[17,6]",-0.0
"START[18,6]",-0.0
"START[19,6]",-0.0
"START[20,6]",-0.0
"START[21,6]",-0.0
"START[22,6]",-0.0
"START[23,6]",-0.0
"START[24,6]",-0.0
"START[25,6]",-0.0
"START[26,6]",-0.0
"START[27,6]",-0.0
"START[28,6]",-0.0
"START[29,6]",-0.0
"START[30,6]",-0.0
"START[31,6]",-0.0
"START[32,6]",-0.0
"START[33,6]",-0.0
"START[34,6]",-0.0
"START[35,6]",-0.0
"START[36,6]",-0.0
"START[37,6]",-0.0
"START[38,6]",-0.0
"START[39,6]",-0.0
"START[40,6]",-0.0
"START[41,6]",-0.0
"START[42,6]",-0.0
"START[43,6]",-0.0
"START[44,6]",-0.0
"START[45,6]",-0.0
"START[46,6]",-0.0
"START[47,6]",-0.0
"START[48,6]",-0.0
"START[49,6]",-0.0
"START[50,6]",-0.0
"START[51,6]",-0.0
"START[52,6]",-0.0
"START[53,6]",-0.0
"START[54,6]",-0.0
"START[55,6]",-0.0
"START[56,6]",-0.0
"START[57,6]",-0.0
"START[58,6]",-0.0
"START[59,6]",-0.0
"START[60,6]",-0.0
"START[61,6]",-0.0
"START[62,6]",-0.0
"START[63,6]",-0.0
"START[64,6]",-0.0
"START[65,6]",-0.0
"START[66,6]",-0.0
"START[67,6]",-0.0
"START[68,6]",-0.0
"START[69,6]",-0.0
"START[70,6]",-0.0
"START[71,6]",-0.0
"START[72,6]",-0.0
"START[73,6]",-0.0
"START[1,7]",-0.0
"START[2,7]",-0.0
"START[3,7]",-0.0
"START[4,7]",-0.0
"START[5,7]",-0.0
"START[6,7]",-0.0
"START[7,7]",-0.0
"START[8,7]",-0.0
"START[9,7]",-0.0
"START[10,7]",-0.0
"START[11,7]",-0.0
"START[12,7]",-0.0
"START[13,7]",-0.0
"START[14,7]",-0.0
"START[15,7]",-0.0
"START[16,7]",-0.0
"START[17,7]",-0.0
"START[18,7]",-0.0
"START[19,7]",-0.0
"START[20,7]",-0.0
"START[21,7]",-0.0
"START[22,7]",-0.0
"START[23,7]",-0.0
"START[24,7]",-0.0
"START[25,7]",-0.0
"START[26,7]",-0.0
"START[27,7]",-0.0
"START[28,7]",-0.0
"START[29,7]",-0.0
"START[30,7]",-0.0
"START[31,7]",-0.0
"START[32,7]",-0.0
"START[33,7]",-0.0
"START[34,7]",-0.0
"START[35,7]",-0.0
"START[36,7]",-0.0
"START[37,7]",-0.0
"START[38,7]",-0.0
"START[39,7]",-0.0
"START[40,7]",-0.0
"START[41,7]",-0.0
"START[42,7]",-0.0
"START[43,7]",-0.0
"START[44,7]",-0.0
"START[45,7]",-0.0
"START[46,7]",-0.0
"START[47,7]",-0.0
"START[48,7]",-0.0
"START[49,7]",-0.0
"START[50,7]",-0.0
"START[51,7]",-0.0
"START[52,7]",-0.0
"START[53,7]",-0.0
"START[54,7]",-0.0
"START[55,7]",-0.0
"START[56,7]",-0.0
"START[57,7]",-0.0
"START[58,7]",-0.0
"START[59,7]",-0.0
"START[60,7]",-0.0
"START[61,7]",-0.0
"START[62,7]",-0.0
"START[63,7]",-0.0
"START[64,7]",-0.0
"START[65,7]",-0.0
"START[66,7]",-0.0
"START[67,7]",-0.0
"START[68,7]",-0.0
"START[69,7]",-0.0
"START[70,7]",-0.0
"START[71,7]",-0.0
"START[72,7]",-0.0
"START[73,7]",-0.0
"START[1,8]",-0.0
"START[2,8]",-0.0
"START[3,8]",-0.0
"START[4,8]",-0.0
"START[5,8]",-0.0
"START[6,8]",-0.0
"START[7,8]",-0.0
"START[8,8]",-0.0
"START[9,8]",-0.0
"START[10,8]",-0.0
"START[11,8]",-0.0
"START[12,8]",-0.0
"START[13,8]",-0.0
"START[14,8]",-0.0
"START[15,8]",-0.0
"START[16,8]",-0.0
"START[17,8]",-0.0
"START[18,8]",-0.0
"START[19,8]",-0.0
"START[20,8]",-0.0
"START[21,8]",-0.0
"START[22,8]",-0.0
"START[23,8]",-0.0
"START[24,8]",-0.0
"START[25,8]",-0.0
"START[26,8]",-0.0
"START[27,8]",-0.0
"START[28,8]",-0.0
"START[29,8]",-0.0
"START[30,8]",-0.0
"START[31,8]",-0.0
"START[32,8]",-0.0
"START[33,8]",-0.0
"START[34,8]",-0.0
"START[35,8]",-0.0
"START[36,8]",-0.0
"START[37,8]",-0.0
"START[38,8]",-0.0
"START[39,8]",-0.0
"START[40,8]",-0.0
"START[41,8]",-0.0
"START[42,8]",-0.0
"START[43,8]",-0.0
"START[44,8]",-0.0
"START[45,8]",-0.0
"START[46,8]",-0.0
"START[47,8]",-0.0
"START[48,8]",-0.0
"START[49,8]",-0.0
"START[50,8]",-0.0
"START[51,8]",-0.0
"START[52,8]",-0.0
"START[53,8]",-0.0
"START[54,8]",-0.0
"START[55,8]",-0.0
"START[56,8]",-0.0
"START[57,8]",-0.0
"START[58,8]",-0.0
"START[59,8]",-0.0
"START[60,8]",-0.0
"START[61,8]",-0.0
"START[62,8]",-0.0
"START[63,8]",-0.0
"START[64,8]",-0.0
"START[65,8]",-0.0
"START[66,8]",-0.0
"START[67,8]",-0.0
"START[68,8]",-0.0
"START[69,8]",-0.0
"START[70,8]",-0.0
"START[71,8]",-0.0
"START[72,8]",-0.0
"START[73,8]",-0.0
"START[1,9]",-0.0
"START[2,9]",-0.0
"START[3,9]",-0.0
"START[4,9]",-0.0
"START[5,9]",-0.0
"START[6,9]",-0.0
"START[7,9]",-0.0
"START[8,9]",-0.0
"START[9,9]",-0.0
"START[10,9]",-0.0
"START[11,9]",-0.0
"START[12,9]",-0.0
"START[13,9]",-0.0
"START[14,9]",-0.0
"START[15,9]",-0.0
"START[16,9]",-0.0
"START[17,9]",-0.0
"START[18,9]",-0.0
"START[19,9]",-0.0
"START[20,9]",-0.0
"START[21,9]",-0.0
"START[22,9]",-0.0
"START[23,9]",-0.0
"START[24,9]",-0.0
"START[25,9]",-0.0
"START[26,9]",-0.0
"START[27,9]",-0.0
"START[28,9]",-0.0
"START[29,9]",-0.0
"START[30,9]",-0.0
"START[31,9]",-0.0
"START[32,9]",-0.0
"START[33,9]",-0.0
"START[34,9]",-0.0
"START[35,9]",-0.0
"START[36,9]",-0.0
"START[37,9]",-0.0
"START[38,9]",-0.0
"START[39,9]",-0.0
"START[40,9]",-0.0
"START[41,9]",-0.0
"START[42,9]",-0.0
"START[43,9]",-0.0
"START[44,9]",-0.0
"START[45,9]",-0.0
"START[46,9]",-0.0
"START[47,9]",-0.0
"START[48,9]",-0.0
"START[49,9]",-0.0
"START[50,9]",-0.0
"START[51,9]",-0.0
"START[52,9]",-0.0
"START[53,9]",-0.0
"START[54,9]",-0.0
"START[55,9]",-0.0
"START[56,9]",-0.0
"START[57,9]",-0.0
"START[58,9]",-0.0
"START[59,9]",-0.0
"START[60,9]",-0.0
"START[61,9]",-0.0
"START[62,9]",-0.0
"START[63,9]",-0.0
"START[64,9]",-0.0
"START[65,9]",-0.0
"START[66,9]",-0.0
"START[67,9]",-0.0
"START[68,9]",-0.0
"START[69,9]",-0.0
"START[70,9]",-0.0
"START[71,9]",-0.0
"START[72,9]",-0.0
"START[73,9]",-0.0
"START[1,10]",-0.0
"START[2,10]",-0.0
"START[3,10]",-0.0
"START[4,10]",-0.0
"START[5,10]",-0.0
"START[6,10]",-0.0
"START[7,10]",-0.0
"START[8,10]",-0.0
"START[9,10]",-0.0
"START[10,10]",-0.0
"START[11,10]",-0.0
"START[12,10]",-0.0
"START[13,10]",-0.0
"START[14,10]",-0.0
"START[15,10]",-0.0
"START[16,10]",-0.0
"START[17,10]",-0.0
"START[18,10]",-0.0
"START[19,10]",-0.0
"START[20,10]",-0.0
"START[21,10]",-0.0
"START[22,10]",-0.0
"START[23,10]",-0.0
"START[24,10]",-0.0
"START[25,10]",-0.0
"START[26,10]",-0.0
"START[27,10]",-0.0
"START[28,10]",-0.0
"START[29,10]",-0.0
"START[30,10]",-0.0
"START[31,10]",-0.0
"START[32,10]",-0.0
"START[33,10]",-0.0
"START[34,10]",-0.0
"START[35,10]",-0.0
"START[36,10]",-0.0
"START[37,10]",-0.0
"START[38,10]",-0.0
"START[39,10]",-0.0
"START[40,10]",-0.0
"START[41,10]",-0.0
"START[42,10]",-0.0
"START[43,10]",-0.0
"START[44,10]",-0.0
"START[45,10]",-0.0
"START[46,10]",-0.0
"START[47,10]",-0.0
"START[48,10]",-0.0
"START[49,10]",-0.0
"START[50,10]",-0.0
"START[51,10]",-0.0
"START[52,10]",-0.0
"START[53,10]",-0.0
"START[54,10]",-0.0
"START[55,10]",-0.0
"START[56,10]",-0.0
"START[57,10]",-0.0
"START[58,10]",-0.0
"START[59,10]",-0.0
"START[60,10]",-0.0
"START[61,10]",-0.0
"START[62,10]",-0.0
"START[63,10]",-0.0
"START[64,10]",-0.0
"START[65,10]",-0.0
"START[66,10]",-0.0
"START[67,10]",-0.0
"START[68,10]",-0.0
"START[69,10]",-0.0
"START[70,10]",-0.0
"START[71,10]",-0.0
"START[72,10]",-0.0
"START[73,10]",-0.0
"START[1,11]",-0.0
"START[2,11]",-0.0
"START[3,11]",-0.0
"START[4,11]",-0.0
"START[5,11]",-0.0
"START[6,11]",-0.0
"START[7,11]",-0.0
"START[8,11]",-0.0
"START[9,11]",-0.0
"START[10,11]",-0.0
"START[11,11]",-0.0
"START[12,11]",-0.0
"START[13,11]",-0.0
"START[14,11]",-0.0
"START[15,11]",-0.0
"START[16,11]",-0.0
"START[17,11]",-0.0
"START[18,11]",-0.0
"START[19,11]",-0.0
"START[20,11]",-0.0
"START[21,11]",-0.0
"START[22,11]",-0.0
"START[23,11]",-0.0
"START[24,11]",-0.0
"START[25,11]",-0.0
"START[26,11]",-0.0
"START[27,11]",-0.0
"START[28,11]",-0.0
"START[29,11]",-0.0
"START[30,11]",-0.0
"START[31,11]",-0.0
"START[32,11]",-0.0
"START[33,11]",-0.0
"START[34,11]",-0.0
"START[35,11]",-0.0
"START[36,11]",-0.0
"START[37,11]",-0.0
"START[38,11]",-0.0
"START[39,11]",-0.0
"START[40,11]",-0.0
"START[41,11]",-0.0
"START[42,11]",-0.0
"START[43,11]",-0.0
"START[44,11]",-0.0
"START[45,11]",-0.0
"START[46,11]",-0.0
"START[47,11]",-0.0
"START[48,11]",-0.0
"START[49,11]",-0.0
"START[50,11]",-0.0
"START[51,11]",-0.0
"START[52,11]",-0.0
"START[53,11]",-0.0
"START[54,11]",-0.0
"START[55,11]",-0.0
"START[56,11]",-0.0
"START[57,11]",-0.0
"START[58,11]",-0.0
"START[59,11]",-0.0
"START[60,11]",-0.0
"START[61,11]",-0.0
"START[62,11]",-0.0
"START[63,11]",-0.0
"START[64,11]",-0.0
"START[65,11]",-0.0
"START[66,11]",-0.0
"START[67,11]",-0.0
"START[68,11]",-0.0
"START[69,11]",-0.0
"START[70,11]",-0.0
"START[71,11]",-0.0
"START[72,11]",-0.0
"START[73,11]",-0.0
"START[1,12]",-0.0
"START[2,12]",-0.0
"START[3,12]",-0.0
"START[4,12]",-0.0
"START[5,12]",-0.0
"START[6,12]",-0.0
"START[7,12]",-0.0
"START[8,12]",-0.0
"START[9,12]",-0.0
"START[10,12]",-0.0
"START[11,12]",-0.0
"START[12,12]",-0.0
"START[13,12]",-0.0
"START[14,12]",-0.0
"START[15,12]",-0.0
"START[16,12]",-0.0
"START[17,12]",-0.0
"START[18,12]",-0.0
"START[19,12]",-0.0
"START[20,12]",-0.0
"START[21,12]",-0.0
"START[22,12]",-0.0
"START[23,12]",-0.0
"START[24,12]",-0.0
"START[25,12]",-0.0
"START[26,12]",-0.0
"START[27,12]",-0.0
"START[28,12]",-0.0
"START[29,12]",-0.0
"START[30,12]",-0.0
"START[31,12]",-0.0
"START[32,12]",-0.0
"START[33,12]",-0.0
"START[34,12]",-0.0
"START[35,12]",-0.0
"START[36,12]",-0.0
"START[37,12]",-0.0
"START[38,12]",-0.0
"START[39,12]",-0.0
"START[40,12]",-0.0
"START[41,12]",-0.0
"START[42,12]",-0.0
"START[43,12]",-0.0
"START[44,12]",-0.0
"START[45,12]",-0.0
"START[46,12]",-0.0
"START[47,12]",-0.0
"START[48,12]",-0.0
"START[49,12]",-0.0
"START[50,12]",-0.0
"START[51,12]",-0.0
"START[52,12]",-0.0
"START[53,12]",-0.0
"START[54,12]",-0.0
"START[55,12]",-0.0
"START[56,12]",-0.0
"START[57,12]",-0.0
"START[58,12]",-0.0
"START[59,12]",-0.0
"START[60,12]",-0.0
"START[61,12]",-0.0
"START[62,12]",-0.0
"START[63,12]",-0.0
"START[64,12]",-0.0
"START[65,12]",-0.0
"START[66,12]",-0.0
"START[67,12]",-0.0
"START[68,12]",-0.0
"START[69,12]",-0.0
"START[70,12]",-0.0
"START[71,12]",-0.0
"START[72,12]",-0.0
"START[73,12]",-0.0
"START[1,13]",-0.0
"START[2,13]",-0.0
"START[3,13]",-0.0
"START[4,13]",-0.0
"START[5,13]",-0.0
"START[6,13]",-0.0
"START[7,13]",-0.0
"START[8,13]",-0.0
"START[9,13]",-0.0
"START[10,13]",-0.0
"START[11,13]",-0.0
"START[12,13]",-0.0
"START[13,13]",-0.0
"START[14,13]",-0.0
"START[15,13]",-0.0
"START[16,13]",-0.0
"START[17,13]",-0.0
"START[18,13]",-0.0
"START[19,13]",-0.0
"START[20,13]",-0.0
"START[21,13]",-0.0
"START[22,13]",-0.0
"START[23,13]",-0.0
"START[24,13]",-0.0
"START[25,13]",-0.0
"START[26,13]",-0.0
"START[27,13]",-0.0
"START[28,13]",-0.0
"START[29,13]",-0.0
"START[30,13]",-0.0
"START[31,13]",-0.0
"START[32,13]",-0.0
"START[33,13]",-0.0
"START[34,13]",-0.0
"START[35,13]",-0.0
"START[36,13]",-0.0
"START[37,13]",-0.0
"START[38,13]",-0.0
"START[39,13]",-0.0
"START[40,13]",-0.0
"START[41,13]",-0.0
"START[42,13]",-0.0
"START[43,13]",-0.0
"START[44,13]",-0.0
"START[45,13]",-0.0
"START[46,13]",-0.0
"START[47,13]",-0.0
"START[48,13]",-0.0
"START[49,13]",-0.0
"START[50,13]",-0.0
"START[51,13]",-0.0
"START[52,13]",-0.0
"START[53,13]",-0.0
"START[54,13]",-0.0
"START[55,13]",-0.0
"START[56,13]",-0.0
"START[57,13]",-0.0
"START[58,13]",-0.0
"START[59,13]",-0.0
"START[60,13]",-0.0
"START[61,13]",-0.0
"START[62,13]",-0.0
"START[63,13]",-0.0
"START[64,13]",-0.0
"START[65,13]",-0.0
"START[66,13]",-0.0
"START[67,13]",-0.0
"START[68,13]",-0.0
"START[69,13]",-0.0
"START[70,13]",-0.0
"START[71,13]",-0.0
"START[72,13]",-0.0
"START[73,13]",-0.0
"START[1,14]",-0.0
"START[2,14]",-0.0
"START[3,14]",-0.0
"START[4,14]",-0.0
"START[5,14]",-0.0
"START[6,14]",-0.0
"START[7,14]",-0.0
"START[8,14]",-0.0
"START[9,14]",-0.0
"START[10,14]",-0.0
"START[11,14]",-0.0
"START[12,14]",-0.0
"START[13,14]",-0.0
"START[14,14]",-0.0
"START[15,14]",-0.0
"START[16,14]",-0.0
"START[17,14]",-0.0
"START[18,14]",-0.0
"START[19,14]",-0.0
"START[20,14]",-0.0
"START[21,14]",-0.0
"START[22,14]",-0.0
"START[23,14]",-0.0
"START[24,14]",-0.0
"START[25,14]",-0.0
"START[26,14]",-0.0
"START[27,14]",-0.0
"START[28,14]",-0.0
"START[29,14]",-0.0
"START[30,14]",-0.0
"START[31,14]",-0.0
"START[32,14]",-0.0
"START[33,14]",-0.0
"START[34,14]",-0.0
"START[35,14]",-0.0
"START[36,14]",-0.0
"START[37,14]",-0.0
"START[38,14]",-0.0
"START[39,14]",-0.0
"START[40,14]",-0.0
"START[41,14]",-0.0
"START[42,14]",-0.0
"START[43,14]",-0.0
"START[44,14]",-0.0
"START[45,14]",-0.0
"START[46,14]",-0.0
"START[47,14]",-0.0
"START[48,14]",-0.0
"START[49,14]",-0.0
"START[50,14]",-0.0
"START[51,14]",-0.0
"START[52,14]",-0.0
"START[53,14]",-0.0
"START[54,14]",-0.0
"START[55,14]",-0.0
"START[56,14]",-0.0
"START[57,14]",-0.0
"START[58,14]",-0.0
"START[59,14]",-0.0
"START[60,14]",-0.0
"START[61,14]",-0.0
"START[62,14]",-0.0
"START[63,14]",-0.0
"START[64,14]",-0.0
"START[65,14]",-0.0
"START[66,14]",-0.0
"START[67,14]",-0.0
"START[68,14]",-0.0
"START[69,14]",-0.0
"START[70,14]",-0.0
"START[71,14]",-0.0
"START[72,14]",-0.0
"START[73,14]",-0.0
"START[1,15]",-0.0
"START[2,15]",-0.0
"START[3,15]",-0.0
"START[4,15]",-0.0
"START[5,15]",-0.0
"START[6,15]",-0.0
"START[7,15]",-0.0
"START[8,15]",-0.0
"START[9,15]",-0.0
"START[10,15]",-0.0
"START[11,15]",-0.0
"START[12,15]",-0.0
"START[13,15]",-0.0
"START[14,15]",-0.0
"START[15,15]",-0.0
"START[16,15]",-0.0
"START[17,15]",-0.0
"START[18,15]",-0.0
"START[19,15]",-0.0
"START[20,15]",-0.0
"START[21,15]",-0.0
"START[22,15]",-0.0
"START[23,15]",-0.0
"START[24,15]",-0.0
"START[25,15]",-0.0
"START[26,15]",-0.0
"START[27,15]",-0.0
"START[28,15]",-0.0
"START[29,15]",-0.0
"START[30,15]",-0.0
"START[31,15]",-0.0
"START[32,15]",-0.0
"START[33,15]",-0.0
"START[34,15]",-0.0
"START[35,15]",-0.0
"START[36,15]",-0.0
"START[37,15]",-0.0
"START[38,15]",-0.0
"START[39,15]",-0.0
"START[40,15]",-0.0
"START[41,15]",-0.0
"START[42,15]",-0.0
"START[43,15]",-0.0
"START[44,15]",-0.0
"START[45,15]",-0.0
"START[46,15]",-0.0
"START[47,15]",-0.0
"START[48,15]",-0.0
"START[49,15]",-0.0
"START[50,15]",-0.0
"START[51,15]",-0.0
"START[52,15]",-0.0
"START[53,15]",-0.0
"START[54,15]",-0.0
"START[55,15]",-0.0
"START[56,15]",-0.0
"START[57,15]",-0.0
"START[58,15]",-0.0
"START[59,15]",-0.0
"START[60,15]",-0.0
"START[61,15]",-0.0
"START[62,15]",-0.0
"START[63,15]",-0.0
"START[64,15]",-0.0
"START[65,15]",-0.0
"START[66,15]",-0.0
"START[67,15]",-0.0
"START[68,15]",-0.0
"START[69,15]",-0.0
"START[70,15]",-0.0
"START[71,15]",-0.0
"START[72,15]",-0.0
"START[73,15]",-0.0
"START[1,16]",-0.0
"START[2,16]",-0.0
"START[3,16]",-0.0
"START[4,16]",-0.0
"START[5,16]",-0.0
"START[6,16]",-0.0
"START[7,16]",-0.0
"START[8,16]",-0.0
"START[9,16]",-0.0
"START[10,16]",-0.0
"START[11,16]",-0.0
"START[12,16]",-0.0
"START[13,16]",-0.0
"START[14,16]",-0.0
"START[15,16]",-0.0
"START[16,16]",-0.0
"START[17,16]",-0.0
"START[18,16]",-0.0
"START[19,16]",-0.0
"START[20,16]",-0.0
"START[21,16]",-0.0
"START[22,16]",-0.0
"START[23,16]",-0.0
"START[24,16]",-0.0
"START[25,16]",-0.0
"START[26,16]",-0.0
"START[27,16]",-0.0
"START[28,16]",-0.0
"START[29,16]",-0.0
"START[30,16]",-0.0
"START[31,16]",-0.0
"START[32,16]",-0.0
"START[33,16]",-0.0
"START[34,16]",-0.0
"START[35,16]",-0.0
"START[36,16]",-0.0
"START[37,16]",-0.0
"START[38,16]",-0.0
"START[39,16]",-0.0
"START[40,16]",-0.0
"START[41,16]",-0.0
"START[42,16]",-0.0
"START[43,16]",-0.0
"START[44,16]",-0.0
"START[45,16]",-0.0
"START[46,16]",-0.0
"START[47,16]",-0.0
"START[48,16]",-0.0
"START[49,16]",-0.0
"START[50,16]",-0.0
"START[51,16]",-0.0
"START[52,16]",-0.0
"START[53,16]",-0.0
"START[54,16]",-0.0
"START[55,16]",-0.0
"START[56,16]",-0.0
"START[57,16]",-0.0
"START[58,16]",-0.0
"START[59,16]",-0.0
"START[60,16]",-0.0
"START[61,16]",-0.0
"START[62,16]",-0.0
"START[63,16]",-0.0
"START[64,16]",-0.0
"START[65,16]",-0.0
"START[66,16]",-0.0
"START[67,16]",-0.0
"START[68,16]",-0.0
"START[69,16]",-0.0
"START[70,16]",-0.0
"START[71,16]",-0.0
"START[72,16]",-0.0
"START[73,16]",-0.0
"START[1,17]",-0.0
"START[2,17]",-0.0
"START[3,17]",-0.0
"START[4,17]",-0.0
"START[5,17]",-0.0
"START[6,17]",-0.0
"START[7,17]",-0.0
"START[8,17]",-0.0
"START[9,17]",-0.0
"START[10,17]",-0.0
"START[11,17]",-0.0
"START[12,17]",-0.0
"START[13,17]",-0.0
"START[14,17]",-0.0
"START[15,17]",-0.0
"START[16,17]",-0.0
"START[17,17]",-0.0
"START[18,17]",-0.0
"START[19,17]",-0.0
"START[20,17]",-0.0
"START[21,17]",-0.0
"START[22,17]",-0.0
"START[23,17]",-0.0
"START[24,17]",-0.0
"START[25,17]",-0.0
"START[26,17]",-0.0
"START[27,17]",-0.0
"START[28,17]",-0.0
"START[29,17]",-0.0
"START[30,17]",-0.0
"START[31,17]",-0.0
"START[32,17]",-0.0
"START[33,17]",-0.0
"START[34,17]",-0.0
"START[35,17]",-0.0
"START[36,17]",-0.0
"START[37,17]",-0.0
"START[38,17]",-0.0
"START[39,17]",-0.0
"START[40,17]",-0.0
"START[41,17]",-0.0
"START[42,17]",-0.0
"START[43,17]",-0.0
"START[44,17]",-0.0
"START[45,17]",-0.0
"START[46,17]",-0.0
"START[47,17]",-0.0
"START[48,17]",-0.0
"START[49,17]",-0.0
"START[50,17]",-0.0
"START[51,17]",-0.0
"START[52,17]",-0.0
"START[53,17]",-0.0
"START[54,17]",-0.0
"START[55,17]",-0.0
"START[56,17]",-0.0
"START[57,17]",-0.0
"START[58,17]",-0.0
"START[59,17]",-0.0
"START[60,17]",-0.0
"START[61,17]",-0.0
"START[62,17]",-0.0
"START[63,17]",-0.0
"START[64,17]",-0.0
"START[65,17]",-0.0
"START[66,17]",-0.0
"START[67,17]",-0.0
"START[68,17]",-0.0
"START[69,17]",-0.0
"START[70,17]",-0.0
"START[71,17]",-0.0
"START[72,17]",-0.0
"START[73,17]",-0.0
"START[1,18]",-0.0
"START[2,18]",-0.0
"START[3,18]",-0.0
"START[4,18]",-0.0
"START[5,18]",-0.0
"START[6,18]",-0.0
"START[7,18]",-0.0
"START[8,18]",-0.0
"START[9,18]",-0.0
"START[10,18]",-0.0
"START[11,18]",-0.0
"START[12,18]",-0.0
"START[13,18]",-0.0
"START[14,18]",-0.0
"START[15,18]",-0.0
"START[16,18]",-0.0
"START[17,18]",-0.0
"START[18,18]",-0.0
"START[19,18]",-0.0
"START[20,18]",-0.0
"START[21,18]",-0.0
"START[22,18]",-0.0
"START[23,18]",-0.0
"START[24,18]",-0.0
"START[25,18]",-0.0
"START[26,18]",-0.0
"START[27,18]",-0.0
"START[28,18]",-0.0
"START[29,18]",-0.0
"START[30,18]",-0.0
"START[31,18]",-0.0
"START[32,18]",-0.0
"START[33,18]",-0.0
"START[34,18]",-0.0
"START[35,18]",-0.0
"START[36,18]",-0.0
"START[37,18]",-0.0
"START[38,18]",-0.0
"START[39,18]",-0.0
"START[40,18]",-0.0
"START[41,18]",-0.0
"START[42,18]",-0.0
"START[43,18]",-0.0
"START[44,18]",-0.0
"START[45,18]",-0.0
"START[46,18]",-0.0
"START[47,18]",-0.0
"START[48,18]",-0.0
"START[49,18]",-0.0
"START[50,18]",-0.0
"START[51,18]",-0.0
"START[52,18]",-0.0
"START[53,18]",-0.0
"START[54,18]",-0.0
"START[55,18]",-0.0
"START[56,18]",-0.0
"START[57,18]",-0.0
"START[58,18]",-0.0
"START[59,18]",-0.0
"START[60,18]",-0.0
"START[61,18]",-0.0
"START[62,18]",-0.0
"START[63,18]",-0.0
"START[64,18]",-0.0
"START[65,18]",-0.0
"START[66,18]",-0.0
"START[67,18]",-0.0
"START[68,18]",-0.0
"START[69,18]",-0.0
"START[70,18]",-0.0
"START[71,18]",-0.0
"START[72,18]",-0.0
"START[73,18]",-0.0
"START[1,19]",-0.0
"START[2,19]",-0.0
"START[3,19]",-0.0
"START[4,19]",-0.0
"START[5,19]",-0.0
"START[6,19]",-0.0
"START[7,19]",-0.0
"START[8,19]",-0.0
"START[9,19]",-0.0
"START[10,19]",-0.0
"START[11,19]",-0.0
"START[12,19]",-0.0
"START[13,19]",-0.0
"START[14,19]",-0.0
"START[15,19]",-0.0
"START[16,19]",-0.0
"START[17,19]",-0.0
"START[18,19]",-0.0
"START[19,19]",-0.0
"START[20,19]",-0.0
"START[21,19]",-0.0
"START[22,19]",-0.0
"START[23,19]",-0.0
"START[24,19]",-0.0
"START[25,19]",-0.0
"START[26,19]",-0.0
"START[27,19]",-0.0
"START[28,19]",-0.0
"START[29,19]",-0.0
"START[30,19]",-0.0
"START[31,19]",-0.0
"START[32,19]",-0.0
"START[33,19]",-0.0
"START[34,19]",-0.0
"START[35,19]",-0.0
"START[36,19]",-0.0
"START[37,19]",-0.0
"START[38,19]",-0.0
"START[39,19]",-0.0
"START[40,19]",-0.0
"START[41,19]",-0.0
"START[42,19]",-0.0
"START[43,19]",-0.0
"START[44,19]",-0.0
"START[45,19]",-0.0
"START[46,19]",-0.0
"START[47,19]",-0.0
"START[48,19]",-0.0
"START[49,19]",-0.0
"START[50,19]",-0.0
"START[51,19]",-0.0
"START[52,19]",-0.0
"START[53,19]",-0.0
"START[54,19]",-0.0
"START[55,19]",-0.0
"START[56,19]",-0.0
"START[57,19]",-0.0
"START[58,19]",-0.0
"START[59,19]",-0.0
"START[60,19]",-0.0
"START[61,19]",-0.0
"START[62,19]",-0.0
"START[63,19]",-0.0
"START[64,19]",-0.0
"START[65,19]",-0.0
"START[66,19]",-0.0
"START[67,19]",-0.0
"START[68,19]",-0.0
"START[69,19]",-0.0
"START[70,19]",-0.0
"START[71,19]",-0.0
"START[72,19]",-0.0
"START[73,19]",-0.0
"START[1,20]",-0.0
"START[2,20]",-0.0
"START[3,20]",-0.0
"START[4,20]",-0.0
"START[5,20]",-0.0
"START[6,20]",-0.0
"START[7,20]",-0.0
"START[8,20]",-0.0
"START[9,20]",-0.0
"START[10,20]",-0.0
"START[11,20]",-0.0
"START[12,20]",-0.0
"START[13,20]",-0.0
"START[14,20]",-0.0
"START[15,20]",-0.0
"START[16,20]",-0.0
"START[17,20]",-0.0
"START[18,20]",-0.0
"START[19,20]",-0.0
"START[20,20]",-0.0
"START[21,20]",-0.0
"START[22,20]",-0.0
"START[23,20]",-0.0
"START[24,20]",-0.0
"START[25,20]",-0.0
"START[26,20]",-0.0
"START[27,20]",-0.0
"START[28,20]",-0.0
"START[29,20]",-0.0
"START[30,20]",-0.0
"START[31,20]",-0.0
"START[32,20]",-0.0
"START[33,20]",-0.0
"START[34,20]",-0.0
"START[35,20]",-0.0
"START[36,20]",-0.0
"START[37,20]",-0.0
"START[38,20]",-0.0
"START[39,20]",-0.0
"START[40,20]",-0.0
"START[41,20]",-0.0
"START[42,20]",-0.0
"START[43,20]",-0.0
"START[44,20]",-0.0
"START[45,20]",-0.0
"START[46,20]",-0.0
"START[47,20]",-0.0
"START[48,20]",-0.0
"START[49,20]",-0.0
"START[50,20]",-0.0
"START[51,20]",-0.0
"START[52,20]",-0.0
"START[53,20]",-0.0
"START[54,20]",-0.0
"START[55,20]",-0.0
"START[56,20]",-0.0
"START[57,20]",-0.0
"START[58,20]",-0.0
"START[59,20]",-0.0
"START[60,20]",-0.0
"START[61,20]",-0.0
"START[62,20]",-0.0
"START[63,20]",-0.0
"START[64,20]",-0.0
"START[65,20]",-0.0
"START[66,20]",-0.0
"START[67,20]",-0.0
"START[68,20]",-0.0
"START[69,20]",-0.0
"START[70,20]",-0.0
"START[71,20]",-0.0
"START[72,20]",-0.0
"START[73,20]",-0.0
"START[1,21]",-0.0
"START[2,21]",-0.0
"START[3,21]",-0.0
"START[4,21]",-0.0
"START[5,21]",-0.0
"START[6,21]",-0.0
"START[7,21]",-0.0
"START[8,21]",-0.0
"START[9,21]",-0.0
"START[10,21]",-0.0
"START[11,21]",-0.0
"START[12,21]",-0.0
"START[13,21]",-0.0
"START[14,21]",-0.0
"START[15,21]",-0.0
"START[16,21]",-0.0
"START[17,21]",-0.0
"START[18,21]",-0.0
"START[19,21]",-0.0
"START[20,21]",-0.0
"START[21,21]",-0.0
"START[22,21]",-0.0
"START[23,21]",-0.0
"START[24,21]",-0.0
"START[25,21]",-0.0
"START[26,21]",-0.0
"START[27,21]",-0.0
"START[28,21]",-0.0
"START[29,21]",-0.0
"START[30,21]",-0.0
"START[31,21]",-0.0
"START[32,21]",-0.0
"START[33,21]",-0.0
"START[34,21]",-0.0
"START[35,21]",-0.0
"START[36,21]",-0.0
"START[37,21]",-0.0
"START[38,21]",-0.0
"START[39,21]",-0.0
"START[40,21]",-0.0
"START[41,21]",-0.0
"START[42,21]",-0.0
"START[43,21]",-0.0
"START[44,21]",-0.0
"START[45,21]",-0.0
"START[46,21]",-0.0
"START[47,21]",-0.0
"START[48,21]",-0.0
"START[49,21]",-0.0
"START[50,21]",-0.0
"START[51,21]",-0.0
"START[52,21]",-0.0
"START[53,21]",-0.0
"START[54,21]",-0.0
"START[55,21]",-0.0
"START[56,21]",-0.0
"START[57,21]",-0.0
"START[58,21]",-0.0
"START[59,21]",-0.0
"START[60,21]",-0.0
"START[61,21]",-0.0
"START[62,21]",-0.0
"START[63,21]",-0.0
"START[64,21]",-0.0
"START[65,21]",-0.0
"START[66,21]",-0.0
"START[67,21]",-0.0
"START[68,21]",-0.0
"START[69,21]",-0.0
"START[70,21]",-0.0
"START[71,21]",-0.0
"START[72,21]",-0.0
"START[73,21]",-0.0
"START[1,22]",-0.0
"START[2,22]",-0.0
"START[3,22]",-0.0
"START[4,22]",-0.0
"START[5,22]",-0.0
"START[6,22]",-0.0
"START[7,22]",-0.0
"START[8,22]",-0.0
"START[9,22]",-0.0
"START[10,22]",-0.0
"START[11,22]",-0.0
"START[12,22]",-0.0
"START[13,22]",-0.0
"START[14,22]",-0.0
"START[15,22]",-0.0
"START[16,22]",-0.0
"START[17,22]",-0.0
"START[18,22]",-0.0
"START[19,22]",-0.0
"START[20,22]",-0.0
"START[21,22]",-0.0
"START[22,22]",-0.0
"START[23,22]",-0.0
"START[24,22]",-0.0
"START[25,22]",-0.0
"START[26,22]",-0.0
"START[27,22]",-0.0
"START[28,22]",-0.0
"START[29,22]",-0.0
"START[30,22]",-0.0
"START[31,22]",-0.0
"START[32,22]",-0.0
"START[33,22]",-0.0
"START[34,22]",-0.0
"START[35,22]",-0.0
"START[36,22]",-0.0
"START[37,22]",-0.0
"START[38,22]",-0.0
"START[39,22]",-0.0
"START[40,22]",-0.0
"START[41,22]",-0.0
"START[42,22]",-0.0
"START[43,22]",-0.0
"START[44,22]",-0.0
"START[45,22]",-0.0
"START[46,22]",-0.0
"START[47,22]",-0.0
"START[48,22]",-0.0
"START[49,22]",-0.0
"START[50,22]",-0.0
"START[51,22]",-0.0
"START[52,22]",-0.0
"START[53,22]",-0.0
"START[54,22]",-0.0
"START[55,22]",-0.0
"START[56,22]",-0.0
"START[57,22]",-0.0
"START[58,22]",-0.0
"START[59,22]",-0.0
"START[60,22]",-0.0
"START[61,22]",-0.0
"START[62,22]",-0.0
"START[63,22]",-0.0
"START[64,22]",-0.0
"START[65,22]",-0.0
"START[66,22]",-0.0
"START[67,22]",-0.0
"START[68,22]",-0.0
"START[69,22]",-0.0
"START[70,22]",-0.0
"START[71,22]",-0.0
"START[72,22]",-0.0
"START[73,22]",-0.0
"START[1,23]",-0.0
"START[2,23]",-0.0
"START[3,23]",-0.0
"START[4,23]",-0.0
"START[5,23]",-0.0
"START[6,23]",-0.0
"START[7,23]",-0.0
"START[8,23]",-0.0
"START[9,23]",-0.0
"START[10,23]",-0.0
"START[11,23]",-0.0
"START[12,23]",-0.0
"START[13,23]",-0.0
"START[14,23]",-0.0
"START[15,23]",-0.0
"START[16,23]",-0.0
"START[17,23]",-0.0
"START[18,23]",-0.0
"START[19,23]",-0.0
"START[20,23]",-0.0
"START[21,23]",-0.0
"START[22,23]",-0.0
"START[23,23]",-0.0
"START[24,23]",-0.0
"START[25,23]",-0.0
"START[26,23]",-0.0
"START[27,23]",-0.0
"START[28,23]",-0.0
"START[29,23]",-0.0
"START[30,23]",-0.0
"START[31,23]",-0.0
"START[32,23]",-0.0
"START[33,23]",-0.0
"START[34,23]",-0.0
"START[35,23]",-0.0
"START[36,23]",-0.0
"START[37,23]",-0.0
"START[38,23]",-0.0
"START[39,23]",-0.0
"START[40,23]",-0.0
"START[41,23]",-0.0
"START[42,23]",-0.0
"START[43,23]",-0.0
"START[44,23]",-0.0
"START[45,23]",-0.0
"START[46,23]",-0.0
"START[47,23]",-0.0
"START[48,23]",-0.0
"START[49,23]",-0.0
"START[50,23]",-0.0
"START[51,23]",-0.0
"START[52,23]",-0.0
"START[53,23]",-0.0
"START[54,23]",-0.0
"START[55,23]",-0.0
"START[56,23]",-0.0
"START[57,23]",-0.0
"START[58,23]",-0.0
"START[59,23]",-0.0
"START[60,23]",-0.0
"START[61,23]",-0.0
"START[62,23]",-0.0
"START[63,23]",-0.0
"START[64,23]",-0.0
"START[65,23]",-0.0
"START[66,23]",-0.0
"START[67,23]",-0.0
"START[68,23]",-0.0
"START[69,23]",-0.0
"START[70,23]",-0.0
"START[71,23]",-0.0
"START[72,23]",-0.0
"START[73,23]",-0.0
"START[1,24]",-0.0
"START[2,24]",-0.0
"START[3,24]",-0.0
"START[4,24]",-0.0
"START[5,24]",-0.0
"START[6,24]",-0.0
"START[7,24]",-0.0
"START[8,24]",-0.0
"START[9,24]",-0.0
"START[10,24]",-0.0
"START[11,24]",-0.0
"START[12,24]",-0.0
"START[13,24]",-0.0
"START[14,24]",-0.0
"START[15,24]",-0.0
"START[16,24]",-0.0
"START[17,24]",-0.0
"START[18,24]",-0.0
"START[19,24]",-0.0
"START[20,24]",-0.0
"START[21,24]",-0.0
"START[22,24]",-0.0
"START[23,24]",-0.0
"START[24,24]",-0.0
"START[25,24]",-0.0
"START[26,24]",-0.0
"START[27,24]",-0.0
"START[28,24]",-0.0
"START[29,24]",-0.0
"START[30,24]",-0.0
"START[31,24]",-0.0
"START[32,24]",-0.0
"START[33,24]",-0.0
"START[34,24]",-0.0
"START[35,24]",-0.0
"START[36,24]",-0.0
"START[37,24]",-0.0
"START[38,24]",-0.0
"START[39,24]",-0.0
"START[40,24]",-0.0
"START[41,24]",-0.0
"START[42,24]",-0.0
"START[43,24]",-0.0
"START[44,24]",-0.0
"START[45,24]",-0.0
"START[46,24]",-0.0
"START[47,24]",-0.0
"START[48,24]",-0.0
"START[49,24]",-0.0
"START[50,24]",-0.0
"START[51,24]",-0.0
"START[52,24]",-0.0
"START[53,24]",-0.0
"START[54,24]",-0.0
"START[55,24]",-0.0
"START[56,24]",-0.0
"START[57,24]",-0.0
"START[58,24]",-0.0
"START[59,24]",-0.0
"START[60,24]",-0.0
"START[61,24]",-0.0
"START[62,24]",-0.0
"START[63,24]",-0.0
"START[64,24]",-0.0
"START[65,24]",-0.0
"START[66,24]",-0.0
"START[67,24]",-0.0
"START[68,24]",-0.0
"START[69,24]",-0.0
"START[70,24]",-0.0
"START[71,24]",-0.0
"START[72,24]",-0.0
"START[73,24]",-0.0
"SHUT[1,1]",0.0
"SHUT[2,1]",0.0
"SHUT[3,1]",0.0
"SHUT[4,1]",0.0
"SHUT[5,1]",0.0
"SHUT[6,1]",0.0
"SHUT[7,1]",0.0
"SHUT[8,1]",0.0
"SHUT[9,1]",0.0
"SHUT[10,1]",0.0
"SHUT[11,1]",0.0
"SHUT[12,1]",0.0
"SHUT[13,1]",0.0
"SHUT[14,1]",0.0
"SHUT[15,1]",0.0
"SHUT[16,1]",0.0
"SHUT[17,1]",0.0
"SHUT[18,1]",0.0
"SHUT[19,1]",0.0
"SHUT[20,1]",0.0
"SHUT[21,1]",0.0
"SHUT[22,1]",0.0
"SHUT[23,1]",0.0
"SHUT[24,1]",0.0
"SHUT[25,1]",0.0
"SHUT[26,1]",0.0
"SHUT[27,1]",0.0
"SHUT[28,1]",0.0
"SHUT[29,1]",0.0
"SHUT[30,1]",0.0
"SHUT[31,1]",0.0
"SHUT[32,1]",0.0
"SHUT[33,1]",0.0
"SHUT[34,1]",0.0
"SHUT[35,1]",0.0
"SHUT[36,1]",0.0
"SHUT[37,1]",0.0
"SHUT[38,1]",0.0
"SHUT[39,1]",0.0
"SHUT[40,1]",0.0
"SHUT[41,1]",0.0
"SHUT[42,1]",0.0
"SHUT[43,1]",0.0
"SHUT[44,1]",0.0
"SHUT[45,1]",0.0
"SHUT[46,1]",0.0
"SHUT[47,1]",0.0
"SHUT[48,1]",0.0
"SHUT[49,1]",0.0
"SHUT[50,1]",0.0
"SHUT[51,1]",0.0
"SHUT[52,1]",0.0
"SHUT[53,1]",0.0
"SHUT[54,1]",0.0
"SHUT[55,1]",0.0
"SHUT[56,1]",0.0
"SHUT[57,1]",0.0
"SHUT[58,1]",0.0
"SHUT[59,1]",0.0
"SHUT[60,1]",0.0
"SHUT[61,1]",0.0
"SHUT[62,1]",0.0
"SHUT[63,1]",0.0
"SHUT[64,1]",0.0
"SHUT[65,1]",0.0
"SHUT[66,1]",0.0
"SHUT[67,1]",0.0
"SHUT[68,1]",0.0
"SHUT[69,1]",0.0
"SHUT[70,1]",0.0
"SHUT[71,1]",0.0
"SHUT[72,1]",0.0
"SHUT[73,1]",0.0
"SHUT[1,2]",-0.0
"SHUT[2,2]",-0.0
"SHUT[3,2]",-0.0
"SHUT[4,2]",-0.0
"SHUT[5,2]",-0.0
"SHUT[6,2]",-0.0
"SHUT[7,2]",-0.0
"SHUT[8,2]",-0.0
"SHUT[9,2]",-0.0
"SHUT[10,2]",-0.0
"SHUT[11,2]",-0.0
"SHUT[12,2]",-0.0
"SHUT[13,2]",-0.0
"SHUT[14,2]",-0.0
"SHUT[15,2]",-0.0
"SHUT[16,2]",-0.0
"SHUT[17,2]",-0.0
"SHUT[18,2]",-0.0
"SHUT[19,2]",-0.0
"SHUT[20,2]",-0.0
"SHUT[21,2]",-0.0
"SHUT[22,2]",-0.0
"SHUT[23,2]",-0.0
"SHUT[24,2]",-0.0
"SHUT[25,2]",-0.0
"SHUT[26,2]",-0.0
"SHUT[27,2]",-0.0
"SHUT[28,2]",-0.0
"SHUT[29,2]",-0.0
"SHUT[30,2]",-0.0
"SHUT[31,2]",-0.0
"SHUT[32,2]",-0.0
"SHUT[33,2]",-0.0
"SHUT[34,2]",-0.0
"SHUT[35,2]",-0.0
"SHUT[36,2]",-0.0
"SHUT[37,2]",-0.0
"SHUT[38,2]",-0.0
"SHUT[39,2]",-0.0
"SHUT[40,2]",-0.0
"SHUT[41,2]",-0.0
"SHUT[42,2]",-0.0
"SHUT[43,2]",-0.0
"SHUT[44,2]",-0.0
"SHUT[45,2]",-0.0
"SHUT[46,2]",-0.0
"SHUT[47,2]",-0.0
"SHUT[48,2]",-0.0
"SHUT[49,2]",-0.0
"SHUT[50,2]",-0.0
"SHUT[51,2]",-0.0
"SHUT[52,2]",-0.0
"SHUT[53,2]",-0.0
"SHUT[54,2]",-0.0
"SHUT[55,2]",-0.0
"SHUT[56,2]",-0.0
"SHUT[57,2]",-0.0
"SHUT[58,2]",-0.0
"SHUT[59,2]",-0.0
"SHUT[60,2]",-0.0
"SHUT[61,2]",-0.0
"SHUT[62,2]",-0.0
"SHUT[63,2]",-0.0
"SHUT[64,2]",-0.0
"SHUT[65,2]",-0.0
"SHUT[66,2]",-0.0
"SHUT[67,2]",-0.0
"SHUT[68,2]",-0.0
"SHUT[69,2]",-0.0
"SHUT[70,2]",-0.0
"SHUT[71,2]",-0.0
"SHUT[72,2]",-0.0
"SHUT[73,2]",-0.0
"SHUT[1,3]",-0.0
"SHUT[2,3]",-0.0
"SHUT[3,3]",-0.0
"SHUT[4,3]",-0.0
"SHUT[5,3]",-0.0
"SHUT[6,3]",-0.0
"SHUT[7,3]",-0.0
"SHUT[8,3]",-0.0
"SHUT[9,3]",-0.0
"SHUT[10,3]",-0.0
"SHUT[11,3]",-0.0
"SHUT[12,3]",-0.0
"SHUT[13,3]",-0.0
"SHUT[14,3]",-0.0
"SHUT[15,3]",-0.0
"SHUT[16,3]",-0.0
"SHUT[17,3]",-0.0
"SHUT[18,3]",-0.0
"SHUT[19,3]",-0.0
"SHUT[20,3]",-0.0
"SHUT[21,3]",-0.0
"SHUT[22,3]",-0.0
"SHUT[23,3]",-0.0
"SHUT[24,3]",-0.0
"SHUT[25,3]",-0.0
"SHUT[26,3]",-0.0
"SHUT[27,3]",-0.0
"SHUT[28,3]",-0.0
"SHUT[29,3]",-0.0
"SHUT[30,3]",-0.0
"SHUT[31,3]",-0.0
"SHUT[32,3]",-0.0
"SHUT[33,3]",-0.0
"SHUT[34,3]",-0.0
"SHUT[35,3]",-0.0
"SHUT[36,3]",-0.0
"SHUT[37,3]",-0.0
"SHUT[38,3]",-0.0
"SHUT[39,3]",-0.0
"SHUT[40,3]",-0.0
"SHUT[41,3]",-0.0
"SHUT[42,3]",-0.0
"SHUT[43,3]",-0.0
"SHUT[44,3]",-0.0
"SHUT[45,3]",-0.0
"SHUT[46,3]",-0.0
"SHUT[47,3]",-0.0
"SHUT[48,3]",-0.0
"SHUT[49,3]",-0.0
"SHUT[50,3]",-0.0
"SHUT[51,3]",-0.0
"SHUT[52,3]",-0.0
"SHUT[53,3]",-0.0
"SHUT[54,3]",-0.0
"SHUT[55,3]",-0.0
"SHUT[56,3]",-0.0
"SHUT[57,3]",-0.0
"SHUT[58,3]",-0.0
"SHUT[59,3]",-0.0
"SHUT[60,3]",-0.0
"SHUT[61,3]",-0.0
"SHUT[62,3]",-0.0
"SHUT[63,3]",-0.0
"SHUT[64,3]",-0.0
"SHUT[65,3]",-0.0
"SHUT[66,3]",-0.0
"SHUT[67,3]",-0.0
"SHUT[68,3]",-0.0
"SHUT[69,3]",-0.0
"SHUT[70,3]",-0.0
"SHUT[71,3]",-0.0
"SHUT[72,3]",-0.0
"SHUT[73,3]",-0.0
"SHUT[1,4]",-0.0
"SHUT[2,4]",-0.0
"SHUT[3,4]",-0.0
"SHUT[4,4]",-0.0
"SHUT[5,4]",-0.0
"SHUT[6,4]",-0.0
"SHUT[7,4]",-0.0
"SHUT[8,4]",-0.0
"SHUT[9,4]",-0.0
"SHUT[10,4]",-0.0
"SHUT[11,4]",-0.0
"SHUT[12,4]",-0.0
"SHUT[13,4]",-0.0
"SHUT[14,4]",-0.0
"SHUT[15,4]",-0.0
"SHUT[16,4]",-0.0
"SHUT[17,4]",-0.0
"SHUT[18,4]",-0.0
"SHUT[19,4]",-0.0
"SHUT[20,4]",-0.0
"SHUT[21,4]",-0.0
"SHUT[22,4]",-0.0
"SHUT[23,4]",-0.0
"SHUT[24,4]",-0.0
"SHUT[25,4]",-0.0
"SHUT[26,4]",-0.0
"SHUT[27,4]",-0.0
"SHUT[28,4]",-0.0
"SHUT[29,4]",-0.0
"SHUT[30,4]",-0.0
"SHUT[31,4]",-0.0
"SHUT[32,4]",-0.0
"SHUT[33,4]",-0.0
"SHUT[34,4]",-0.0
"SHUT[35,4]",-0.0
"SHUT[36,4]",-0.0
"SHUT[37,4]",-0.0
"SHUT[38,4]",-0.0
"SHUT[39,4]",-0.0
"SHUT[40,4]",-0.0
"SHUT[41,4]",-0.0
"SHUT[42,4]",-0.0
"SHUT[43,4]",-0.0
"SHUT[44,4]",-0.0
"SHUT[45,4]",-0.0
"SHUT[46,4]",-0.0
"SHUT[47,4]",-0.0
"SHUT[48,4]",-0.0
"SHUT[49,4]",-0.0
"SHUT[50,4]",-0.0
"SHUT[51,4]",-0.0
"SHUT[52,4]",-0.0
"SHUT[53,4]",-0.0
"SHUT[54,4]",-0.0
"SHUT[55,4]",-0.0
"SHUT[56,4]",-0.0
"SHUT[57,4]",-0.0
"SHUT[58,4]",-0.0
"SHUT[59,4]",-0.0
"SHUT[60,4]",-0.0
"SHUT[61,4]",-0.0
"SHUT[62,4]",-0.0
"SHUT[63,4]",-0.0
"SHUT[64,4]",-0.0
"SHUT[65,4]",-0.0
"SHUT[66,4]",-0.0
"SHUT[67,4]",-0.0
"SHUT[68,4]",-0.0
"SHUT[69,4]",-0.0
"SHUT[70,4]",-0.0
"SHUT[71,4]",-0.0
"SHUT[72,4]",-0.0
"SHUT[73,4]",-0.0
"SHUT[1,5]",-0.0
"SHUT[2,5]",-0.0
"SHUT[3,5]",-0.0
"SHUT[4,5]",-0.0
"SHUT[5,5]",-0.0
"SHUT[6,5]",-0.0
"SHUT[7,5]",-0.0
"SHUT[8,5]",-0.0
"SHUT[9,5]",-0.0
"SHUT[10,5]",-0.0
"SHUT[11,5]",-0.0
"SHUT[12,5]",-0.0
"SHUT[13,5]",-0.0
"SHUT[14,5]",-0.0
"SHUT[15,5]",-0.0
"SHUT[16,5]",-0.0
"SHUT[17,5]",-0.0
"SHUT[18,5]",-0.0
"SHUT[19,5]",-0.0
"SHUT[20,5]",-0.0
"SHUT[21,5]",-0.0
"SHUT[22,5]",-0.0
"SHUT[23,5]",-0.0
"SHUT[24,5]",-0.0
"SHUT[25,5]",-0.0
"SHUT[26,5]",-0.0
"SHUT[27,5]",-0.0
"SHUT[28,5]",-0.0
"SHUT[29,5]",-0.0
"SHUT[30,5]",-0.0
"SHUT[31,5]",-0.0
"SHUT[32,5]",-0.0
"SHUT[33,5]",-0.0
"SHUT[34,5]",-0.0
"SHUT[35,5]",-0.0
"SHUT[36,5]",-0.0
"SHUT[37,5]",-0.0
"SHUT[38,5]",-0.0
"SHUT[39,5]",-0.0
"SHUT[40,5]",-0.0
"SHUT[41,5]",-0.0
"SHUT[42,5]",-0.0
"SHUT[43,5]",-0.0
"SHUT[44,5]",-0.0
"SHUT[45,5]",-0.0
"SHUT[46,5]",-0.0
"SHUT[47,5]",-0.0
"SHUT[48,5]",-0.0
"SHUT[49,5]",-0.0
"SHUT[50,5]",-0.0
"SHUT[51,5]",-0.0
"SHUT[52,5]",-0.0
"SHUT[53,5]",-0.0
"SHUT[54,5]",-0.0
"SHUT[55,5]",-0.0
"SHUT[56,5]",-0.0
"SHUT[57,5]",-0.0
"SHUT[58,5]",-0.0
"SHUT[59,5]",-0.0
"SHUT[60,5]",-0.0
"SHUT[61,5]",-0.0
"SHUT[62,5]",-0.0
"SHUT[63,5]",-0.0
"SHUT[64,5]",-0.0
"SHUT[65,5]",-0.0
"SHUT[66,5]",-0.0
"SHUT[67,5]",-0.0
"SHUT[68,5]",-0.0
"SHUT[69,5]",-0.0
"SHUT[70,5]",-0.0
"SHUT[71,5]",-0.0
"SHUT[72,5]",-0.0
"SHUT[73,5]",-0.0
"SHUT[1,6]",-0.0
"SHUT[2,6]",-0.0
"SHUT[3,6]",-0.0
"SHUT[4,6]",-0.0
"SHUT[5,6]",-0.0
"SHUT[6,6]",-0.0
"SHUT[7,6]",-0.0
"SHUT[8,6]",-0.0
"SHUT[9,6]",-0.0
"SHUT[10,6]",-0.0
"SHUT[11,6]",-0.0
"SHUT[12,6]",-0.0
"SHUT[13,6]",-0.0
"SHUT[14,6]",-0.0
"SHUT[15,6]",-0.0
"SHUT[16,6]",-0.0
"SHUT[17,6]",-0.0
"SHUT[18,6]",-0.0
"SHUT[19,6]",-0.0
"SHUT[20,6]",-0.0
"SHUT[21,6]",-0.0
"SHUT[22,6]",-0.0
"SHUT[23,6]",-0.0
"SHUT[24,6]",-0.0
"SHUT[25,6]",-0.0
"SHUT[26,6]",-0.0
"SHUT[27,6]",-0.0
"SHUT[28,6]",-0.0
"SHUT[29,6]",-0.0
"SHUT[30,6]",-0.0
"SHUT[31,6]",-0.0
"SHUT[32,6]",-0.0
"SHUT[33,6]",-0.0
"SHUT[34,6]",-0.0
"SHUT[35,6]",-0.0
"SHUT[36,6]",-0.0
"SHUT[37,6]",-0.0
"SHUT[38,6]",-0.0
"SHUT[39,6]",-0.0
"SHUT[40,6]",-0.0
"SHUT[41,6]",-0.0
"SHUT[42,6]",-0.0
"SHUT[43,6]",-0.0
"SHUT[44,6]",-0.0
"SHUT[45,6]",-0.0
"SHUT[46,6]",-0.0
"SHUT[47,6]",-0.0
"SHUT[48,6]",-0.0
"SHUT[49,6]",-0.0
"SHUT[50,6]",-0.0
"SHUT[51,6]",-0.0
"SHUT[52,6]",-0.0
"SHUT[53,6]",-0.0
"SHUT[54,6]",-0.0
"SHUT[55,6]",-0.0
"SHUT[56,6]",-0.0
"SHUT[57,6]",-0.0
"SHUT[58,6]",-0.0
"SHUT[59,6]",-0.0
"SHUT[60,6]",-0.0
"SHUT[61,6]",-0.0
"SHUT[62,6]",-0.0
"SHUT[63,6]",-0.0
"SHUT[64,6]",-0.0
"SHUT[65,6]",-0.0
"SHUT[66,6]",-0.0
"SHUT[67,6]",-0.0
"SHUT[68,6]",-0.0
"SHUT[69,6]",-0.0
"SHUT[70,6]",-0.0
"SHUT[71,6]",-0.0
"SHUT[72,6]",-0.0
"SHUT[73,6]",-0.0
"SHUT[1,7]",-0.0
"SHUT[2,7]",-0.0
"SHUT[3,7]",-0.0
"SHUT[4,7]",-0.0
"SHUT[5,7]",-0.0
"SHUT[6,7]",-0.0
"SHUT[7,7]",-0.0
"SHUT[8,7]",-0.0
"SHUT[9,7]",-0.0
"SHUT[10,7]",-0.0
"SHUT[11,7]",-0.0
"SHUT[12,7]",-0.0
"SHUT[13,7]",-0.0
"SHUT[14,7]",-0.0
"SHUT[15,7]",-0.0
"SHUT[16,7]",-0.0
"SHUT[17,7]",-0.0
"SHUT[18,7]",-0.0
"SHUT[19,7]",-0.0
"SHUT[20,7]",-0.0
"SHUT[21,7]",-0.0
"SHUT[22,7]",-0.0
"SHUT[23,7]",-0.0
"SHUT[24,7]",-0.0
"SHUT[25,7]",-0.0
"SHUT[26,7]",-0.0
"SHUT[27,7]",-0.0
"SHUT[28,7]",-0.0
"SHUT[29,7]",-0.0
"SHUT[30,7]",-0.0
"SHUT[31,7]",-0.0
"SHUT[32,7]",-0.0
"SHUT[33,7]",-0.0
"SHUT[34,7]",-0.0
"SHUT[35,7]",-0.0
"SHUT[36,7]",-0.0
"SHUT[37,7]",-0.0
"SHUT[38,7]",-0.0
"SHUT[39,7]",-0.0
"SHUT[40,7]",-0.0
"SHUT[41,7]",-0.0
"SHUT[42,7]",-0.0
"SHUT[43,7]",-0.0
"SHUT[44,7]",-0.0
"SHUT[45,7]",-0.0
"SHUT[46,7]",-0.0
"SHUT[47,7]",-0.0
"SHUT[48,7]",-0.0
"SHUT[49,7]",-0.0
"SHUT[50,7]",-0.0
"SHUT[51,7]",-0.0
"SHUT[52,7]",-0.0
"SHUT[53,7]",-0.0
"SHUT[54,7]",-0.0
"SHUT[55,7]",-0.0
"SHUT[56,7]",-0.0
"SHUT[57,7]",-0.0
"SHUT[58,7]",-0.0
"SHUT[59,7]",-0.0
"SHUT[60,7]",-0.0
"SHUT[61,7]",-0.0
"SHUT[62,7]",-0.0
"SHUT[63,7]",-0.0
"SHUT[64,7]",-0.0
"SHUT[65,7]",-0.0
"SHUT[66,7]",-0.0
"SHUT[67,7]",-0.0
"SHUT[68,7]",-0.0
"SHUT[69,7]",-0.0
"SHUT[70,7]",-0.0
"SHUT[71,7]",-0.0
"SHUT[72,7]",-0.0
"SHUT[73,7]",-0.0
"SHUT[1,8]",-0.0
"SHUT[2,8]",-0.0
"SHUT[3,8]",-0.0
"SHUT[4,8]",-0.0
"SHUT[5,8]",-0.0
"SHUT[6,8]",-0.0
"SHUT[7,8]",-0.0
"SHUT[8,8]",-0.0
"SHUT[9,8]",-0.0
"SHUT[10,8]",-0.0
"SHUT[11,8]",-0.0
"SHUT[12,8]",-0.0
"SHUT[13,8]",-0.0
"SHUT[14,8]",-0.0
"SHUT[15,8]",-0.0
"SHUT[16,8]",-0.0
"SHUT[17,8]",-0.0
"SHUT[18,8]",-0.0
"SHUT[19,8]",-0.0
"SHUT[20,8]",-0.0
"SHUT[21,8]",-0.0
"SHUT[22,8]",-0.0
"SHUT[23,8]",-0.0
"SHUT[24,8]",-0.0
"SHUT[25,8]",-0.0
"SHUT[26,8]",-0.0
"SHUT[27,8]",-0.0
"SHUT[28,8]",-0.0
"SHUT[29,8]",-0.0
"SHUT[30,8]",-0.0
"SHUT[31,8]",-0.0
"SHUT[32,8]",-0.0
"SHUT[33,8]",-0.0
"SHUT[34,8]",-0.0
"SHUT[35,8]",-0.0
"SHUT[36,8]",-0.0
"SHUT[37,8]",-0.0
"SHUT[38,8]",-0.0
"SHUT[39,8]",-0.0
"SHUT[40,8]",-0.0
"SHUT[41,8]",-0.0
"SHUT[42,8]",-0.0
"SHUT[43,8]",-0.0
"SHUT[44,8]",-0.0
"SHUT[45,8]",-0.0
"SHUT[46,8]",-0.0
"SHUT[47,8]",-0.0
"SHUT[48,8]",-0.0
"SHUT[49,8]",-0.0
"SHUT[50,8]",-0.0
"SHUT[51,8]",-0.0
"SHUT[52,8]",-0.0
"SHUT[53,8]",-0.0
"SHUT[54,8]",-0.0
"SHUT[55,8]",-0.0
"SHUT[56,8]",-0.0
"SHUT[57,8]",-0.0
"SHUT[58,8]",-0.0
"SHUT[59,8]",-0.0
"SHUT[60,8]",-0.0
"SHUT[61,8]",-0.0
"SHUT[62,8]",-0.0
"SHUT[63,8]",-0.0
"SHUT[64,8]",-0.0
"SHUT[65,8]",-0.0
"SHUT[66,8]",-0.0
"SHUT[67,8]",-0.0
"SHUT[68,8]",-0.0
"SHUT[69,8]",-0.0
"SHUT[70,8]",-0.0
"SHUT[71,8]",-0.0
"SHUT[72,8]",-0.0
"SHUT[73,8]",-0.0
"SHUT[1,9]",-0.0
"SHUT[2,9]",-0.0
"SHUT[3,9]",-0.0
"SHUT[4,9]",-0.0
"SHUT[5,9]",-0.0
"SHUT[6,9]",-0.0
"SHUT[7,9]",-0.0
"SHUT[8,9]",-0.0
"SHUT[9,9]",-0.0
"SHUT[10,9]",-0.0
"SHUT[11,9]",-0.0
"SHUT[12,9]",-0.0
"SHUT[13,9]",-0.0
"SHUT[14,9]",-0.0
"SHUT[15,9]",-0.0
"SHUT[16,9]",-0.0
"SHUT[17,9]",-0.0
"SHUT[18,9]",-0.0
"SHUT[19,9]",-0.0
"SHUT[20,9]",-0.0
"SHUT[21,9]",-0.0
"SHUT[22,9]",-0.0
"SHUT[23,9]",-0.0
"SHUT[24,9]",-0.0
"SHUT[25,9]",-0.0
"SHUT[26,9]",-0.0
"SHUT[27,9]",-0.0
"SHUT[28,9]",-0.0
"SHUT[29,9]",-0.0
"SHUT[30,9]",-0.0
"SHUT[31,9]",-0.0
"SHUT[32,9]",-0.0
"SHUT[33,9]",-0.0
"SHUT[34,9]",-0.0
"SHUT[35,9]",-0.0
"SHUT[36,9]",-0.0
"SHUT[37,9]",-0.0
"SHUT[38,9]",-0.0
"SHUT[39,9]",-0.0
"SHUT[40,9]",-0.0
"SHUT[41,9]",-0.0
"SHUT[42,9]",-0.0
"SHUT[43,9]",-0.0
"SHUT[44,9]",-0.0
"SHUT[45,9]",-0.0
"SHUT[46,9]",-0.0
"SHUT[47,9]",-0.0
"SHUT[48,9]",-0.0
"SHUT[49,9]",-0.0
"SHUT[50,9]",-0.0
"SHUT[51,9]",-0.0
"SHUT[52,9]",-0.0
"SHUT[53,9]",-0.0
"SHUT[54,9]",-0.0
"SHUT[55,9]",-0.0
"SHUT[56,9]",-0.0
"SHUT[57,9]",-0.0
"SHUT[58,9]",-0.0
"SHUT[59,9]",-0.0
"SHUT[60,9]",-0.0
"SHUT[61,9]",-0.0
"SHUT[62,9]",-0.0
"SHUT[63,9]",-0.0
"SHUT[64,9]",-0.0
"SHUT[65,9]",-0.0
"SHUT[66,9]",-0.0
"SHUT[67,9]",-0.0
"SHUT[68,9]",-0.0
"SHUT[69,9]",-0.0
"SHUT[70,9]",-0.0
"SHUT[71,9]",-0.0
"SHUT[72,9]",-0.0
"SHUT[73,9]",-0.0
"SHUT[1,10]",-0.0
"SHUT[2,10]",-0.0
"SHUT[3,10]",-0.0
"SHUT[4,10]",-0.0
"SHUT[5,10]",-0.0
"SHUT[6,10]",-0.0
"SHUT[7,10]",-0.0
"SHUT[8,10]",-0.0
"SHUT[9,10]",-0.0
"SHUT[10,10]",-0.0
"SHUT[11,10]",-0.0
"SHUT[12,10]",-0.0
"SHUT[13,10]",-0.0
"SHUT[14,10]",-0.0
"SHUT[15,10]",-0.0
"SHUT[16,10]",-0.0
"SHUT[17,10]",-0.0
"SHUT[18,10]",-0.0
"SHUT[19,10]",-0.0
"SHUT[20,10]",-0.0
"SHUT[21,10]",-0.0
"SHUT[22,10]",-0.0
"SHUT[23,10]",-0.0
"SHUT[24,10]",-0.0
"SHUT[25,10]",-0.0
"SHUT[26,10]",-0.0
"SHUT[27,10]",-0.0
"SHUT[28,10]",-0.0
"SHUT[29,10]",-0.0
"SHUT[30,10]",-0.0
"SHUT[31,10]",-0.0
"SHUT[32,10]",-0.0
"SHUT[33,10]",-0.0
"SHUT[34,10]",-0.0
"SHUT[35,10]",-0.0
"SHUT[36,10]",-0.0
"SHUT[37,10]",-0.0
"SHUT[38,10]",-0.0
"SHUT[39,10]",-0.0
"SHUT[40,10]",-0.0
"SHUT[41,10]",-0.0
"SHUT[42,10]",-0.0
"SHUT[43,10]",-0.0
"SHUT[44,10]",-0.0
"SHUT[45,10]",-0.0
"SHUT[46,10]",-0.0
"SHUT[47,10]",-0.0
"SHUT[48,10]",-0.0
"SHUT[49,10]",-0.0
"SHUT[50,10]",-0.0
"SHUT[51,10]",-0.0
"SHUT[52,10]",-0.0
"SHUT[53,10]",-0.0
"SHUT[54,10]",-0.0
"SHUT[55,10]",-0.0
"SHUT[56,10]",-0.0
"SHUT[57,10]",-0.0
"SHUT[58,10]",-0.0
"SHUT[59,10]",-0.0
"SHUT[60,10]",-0.0
"SHUT[61,10]",-0.0
"SHUT[62,10]",-0.0
"SHUT[63,10]",-0.0
"SHUT[64,10]",-0.0
"SHUT[65,10]",-0.0
"SHUT[66,10]",-0.0
"SHUT[67,10]",-0.0
"SHUT[68,10]",-0.0
"SHUT[69,10]",-0.0
"SHUT[70,10]",-0.0
"SHUT[71,10]",-0.0
"SHUT[72,10]",-0.0
"SHUT[73,10]",-0.0
"SHUT[1,11]",-0.0
"SHUT[2,11]",-0.0
"SHUT[3,11]",-0.0
"SHUT[4,11]",-0.0
"SHUT[5,11]",-0.0
"SHUT[6,11]",-0.0
"SHUT[7,11]",-0.0
"SHUT[8,11]",-0.0
"SHUT[9,11]",-0.0
"SHUT[10,11]",-0.0
"SHUT[11,11]",-0.0
"SHUT[12,11]",-0.0
"SHUT[13,11]",-0.0
"SHUT[14,11]",-0.0
"SHUT[15,11]",-0.0
"SHUT[16,11]",-0.0
"SHUT[17,11]",-0.0
"SHUT[18,11]",-0.0
"SHUT[19,11]",-0.0
"SHUT[20,11]",-0.0
"SHUT[21,11]",-0.0
"SHUT[22,11]",-0.0
"SHUT[23,11]",-0.0
"SHUT[24,11]",-0.0
"SHUT[25,11]",-0.0
"SHUT[26,11]",-0.0
"SHUT[27,11]",-0.0
"SHUT[28,11]",-0.0
"SHUT[29,11]",-0.0
"SHUT[30,11]",-0.0
"SHUT[31,11]",-0.0
"SHUT[32,11]",-0.0
"SHUT[33,11]",-0.0
"SHUT[34,11]",-0.0
"SHUT[35,11]",-0.0
"SHUT[36,11]",-0.0
"SHUT[37,11]",-0.0
"SHUT[38,11]",-0.0
"SHUT[39,11]",-0.0
"SHUT[40,11]",-0.0
"SHUT[41,11]",-0.0
"SHUT[42,11]",-0.0
"SHUT[43,11]",-0.0
"SHUT[44,11]",-0.0
"SHUT[45,11]",-0.0
"SHUT[46,11]",-0.0
"SHUT[47,11]",-0.0
"SHUT[48,11]",-0.0
"SHUT[49,11]",-0.0
"SHUT[50,11]",-0.0
"SHUT[51,11]",-0.0
"SHUT[52,11]",-0.0
"SHUT[53,11]",-0.0
"SHUT[54,11]",-0.0
"SHUT[55,11]",-0.0
"SHUT[56,11]",-0.0
"SHUT[57,11]",-0.0
"SHUT[58,11]",-0.0
"SHUT[59,11]",-0.0
"SHUT[60,11]",-0.0
"SHUT[61,11]",-0.0
"SHUT[62,11]",-0.0
"SHUT[63,11]",-0.0
"SHUT[64,11]",-0.0
"SHUT[65,11]",-0.0
"SHUT[66,11]",-0.0
"SHUT[67,11]",-0.0
"SHUT[68,11]",-0.0
"SHUT[69,11]",-0.0
"SHUT[70,11]",-0.0
"SHUT[71,11]",-0.0
"SHUT[72,11]",-0.0
"SHUT[73,11]",-0.0
"SHUT[1,12]",-0.0
"SHUT[2,12]",-0.0
"SHUT[3,12]",-0.0
"SHUT[4,12]",-0.0
"SHUT[5,12]",-0.0
"SHUT[6,12]",-0.0
"SHUT[7,12]",-0.0
"SHUT[8,12]",-0.0
"SHUT[9,12]",-0.0
"SHUT[10,12]",-0.0
"SHUT[11,12]",-0.0
"SHUT[12,12]",-0.0
"SHUT[13,12]",-0.0
"SHUT[14,12]",-0.0
"SHUT[15,12]",-0.0
"SHUT[16,12]",-0.0
"SHUT[17,12]",-0.0
"SHUT[18,12]",-0.0
"SHUT[19,12]",-0.0
"SHUT[20,12]",-0.0
"SHUT[21,12]",-0.0
"SHUT[22,12]",-0.0
"SHUT[23,12]",-0.0
"SHUT[24,12]",-0.0
"SHUT[25,12]",-0.0
"SHUT[26,12]",-0.0
"SHUT[27,12]",-0.0
"SHUT[28,12]",-0.0
"SHUT[29,12]",-0.0
"SHUT[30,12]",-0.0
"SHUT[31,12]",-0.0
"SHUT[32,12]",-0.0
"SHUT[33,12]",-0.0
"SHUT[34,12]",-0.0
"SHUT[35,12]",-0.0
"SHUT[36,12]",-0.0
"SHUT[37,12]",-0.0
"SHUT[38,12]",-0.0
"SHUT[39,12]",-0.0
"SHUT[40,12]",-0.0
"SHUT[41,12]",-0.0
"SHUT[42,12]",-0.0
"SHUT[43,12]",-0.0
"SHUT[44,12]",-0.0
"SHUT[45,12]",-0.0
"SHUT[46,12]",-0.0
"SHUT[47,12]",-0.0
"SHUT[48,12]",-0.0
"SHUT[49,12]",-0.0
"SHUT[50,12]",-0.0
"SHUT[51,12]",-0.0
"SHUT[52,12]",-0.0
"SHUT[53,12]",-0.0
"SHUT[54,12]",-0.0
"SHUT[55,12]",-0.0
"SHUT[56,12]",-0.0
"SHUT[57,12]",-0.0
"SHUT[58,12]",-0.0
"SHUT[59,12]",-0.0
"SHUT[60,12]",-0.0
"SHUT[61,12]",-0.0
"SHUT[62,12]",-0.0
"SHUT[63,12]",-0.0
"SHUT[64,12]",-0.0
"SHUT[65,12]",-0.0
"SHUT[66,12]",-0.0
"SHUT[67,12]",-0.0
"SHUT[68,12]",-0.0
"SHUT[69,12]",-0.0
"SHUT[70,12]",-0.0
"SHUT[71,12]",-0.0
"SHUT[72,12]",-0.0
"SHUT[73,12]",-0.0
"SHUT[1,13]",-0.0
"SHUT[2,13]",-0.0
"SHUT[3,13]",-0.0
"SHUT[4,13]",-0.0
"SHUT[5,13]",-0.0
"SHUT[6,13]",-0.0
"SHUT[7,13]",-0.0
"SHUT[8,13]",-0.0
"SHUT[9,13]",-0.0
"SHUT[10,13]",-0.0
"SHUT[11,13]",-0.0
"SHUT[12,13]",-0.0
"SHUT[13,13]",-0.0
"SHUT[14,13]",-0.0
"SHUT[15,13]",-0.0
"SHUT[16,13]",-0.0
"SHUT[17,13]",-0.0
"SHUT[18,13]",-0.0
"SHUT[19,13]",-0.0
"SHUT[20,13]",-0.0
"SHUT[21,13]",-0.0
"SHUT[22,13]",-0.0
"SHUT[23,13]",-0.0
"SHUT[24,13]",-0.0
"SHUT[25,13]",-0.0
"SHUT[26,13]",-0.0
"SHUT[27,13]",-0.0
"SHUT[28,13]",-0.0
"SHUT[29,13]",-0.0
"SHUT[30,13]",-0.0
"SHUT[31,13]",-0.0
"SHUT[32,13]",-0.0
"SHUT[33,13]",-0.0
"SHUT[34,13]",-0.0
"SHUT[35,13]",-0.0
"SHUT[36,13]",-0.0
"SHUT[37,13]",-0.0
"SHUT[38,13]",-0.0
"SHUT[39,13]",-0.0
"SHUT[40,13]",-0.0
"SHUT[41,13]",-0.0
"SHUT[42,13]",-0.0
"SHUT[43,13]",-0.0
"SHUT[44,13]",-0.0
"SHUT[45,13]",-0.0
"SHUT[46,13]",-0.0
"SHUT[47,13]",-0.0
"SHUT[48,13]",-0.0
"SHUT[49,13]",-0.0
"SHUT[50,13]",-0.0
"SHUT[51,13]",-0.0
"SHUT[52,13]",-0.0
"SHUT[53,13]",-0.0
"SHUT[54,13]",-0.0
"SHUT[55,13]",-0.0
"SHUT[56,13]",-0.0
"SHUT[57,13]",-0.0
"SHUT[58,13]",-0.0
"SHUT[59,13]",-0.0
"SHUT[60,13]",-0.0
"SHUT[61,13]",-0.0
"SHUT[62,13]",-0.0
"SHUT[63,13]",-0.0
"SHUT[64,13]",-0.0
"SHUT[65,13]",-0.0
"SHUT[66,13]",-0.0
"SHUT[67,13]",-0.0
"SHUT[68,13]",-0.0
"SHUT[69,13]",-0.0
"SHUT[70,13]",-0.0
"SHUT[71,13]",-0.0
"SHUT[72,13]",-0.0
"SHUT[73,13]",-0.0
"SHUT[1,14]",-0.0
"SHUT[2,14]",-0.0
"SHUT[3,14]",-0.0
"SHUT[4,14]",-0.0
"SHUT[5,14]",-0.0
"SHUT[6,14]",-0.0
"SHUT[7,14]",-0.0
"SHUT[8,14]",-0.0
"SHUT[9,14]",-0.0
"SHUT[10,14]",-0.0
"SHUT[11,14]",-0.0
"SHUT[12,14]",-0.0
"SHUT[13,14]",-0.0
"SHUT[14,14]",-0.0
"SHUT[15,14]",-0.0
"SHUT[16,14]",-0.0
"SHUT[17,14]",-0.0
"SHUT[18,14]",-0.0
"SHUT[19,14]",-0.0
"SHUT[20,14]",-0.0
"SHUT[21,14]",-0.0
"SHUT[22,14]",-0.0
"SHUT[23,14]",-0.0
"SHUT[24,14]",-0.0
"SHUT[25,14]",-0.0
"SHUT[26,14]",-0.0
"SHUT[27,14]",-0.0
"SHUT[28,14]",-0.0
"SHUT[29,14]",-0.0
"SHUT[30,14]",-0.0
"SHUT[31,14]",-0.0
"SHUT[32,14]",-0.0
"SHUT[33,14]",-0.0
"SHUT[34,14]",-0.0
"SHUT[35,14]",-0.0
"SHUT[36,14]",-0.0
"SHUT[37,14]",-0.0
"SHUT[38,14]",-0.0
"SHUT[39,14]",-0.0
"SHUT[40,14]",-0.0
"SHUT[41,14]",-0.0
"SHUT[42,14]",-0.0
"SHUT[43,14]",-0.0
"SHUT[44,14]",-0.0
"SHUT[45,14]",-0.0
"SHUT[46,14]",-0.0
"SHUT[47,14]",-0.0
"SHUT[48,14]",-0.0
"SHUT[49,14]",-0.0
"SHUT[50,14]",-0.0
"SHUT[51,14]",-0.0
"SHUT[52,14]",-0.0
"SHUT[53,14]",-0.0
"SHUT[54,14]",-0.0
"SHUT[55,14]",-0.0
"SHUT[56,14]",-0.0
"SHUT[57,14]",-0.0
"SHUT[58,14]",-0.0
"SHUT[59,14]",-0.0
"SHUT[60,14]",-0.0
"SHUT[61,14]",-0.0
"SHUT[62,14]",-0.0
"SHUT[63,14]",-0.0
"SHUT[64,14]",-0.0
"SHUT[65,14]",-0.0
"SHUT[66,14]",-0.0
"SHUT[67,14]",-0.0
"SHUT[68,14]",-0.0
"SHUT[69,14]",-0.0
"SHUT[70,14]",-0.0
"SHUT[71,14]",-0.0
"SHUT[72,14]",-0.0
"SHUT[73,14]",-0.0
"SHUT[1,15]",-0.0
"SHUT[2,15]",-0.0
"SHUT[3,15]",-0.0
"SHUT[4,15]",-0.0
"SHUT[5,15]",-0.0
"SHUT[6,15]",-0.0
"SHUT[7,15]",-0.0
"SHUT[8,15]",-0.0
"SHUT[9,15]",-0.0
"SHUT[10,15]",-0.0
"SHUT[11,15]",-0.0
"SHUT[12,15]",-0.0
"SHUT[13,15]",-0.0
"SHUT[14,15]",-0.0
"SHUT[15,15]",-0.0
"SHUT[16,15]",-0.0
"SHUT[17,15]",-0.0
"SHUT[18,15]",-0.0
"SHUT[19,15]",-0.0
"SHUT[20,15]",-0.0
"SHUT[21,15]",-0.0
"SHUT[22,15]",-0.0
"SHUT[23,15]",-0.0
"SHUT[24,15]",-0.0
"SHUT[25,15]",-0.0
"SHUT[26,15]",-0.0
"SHUT[27,15]",-0.0
"SHUT[28,15]",-0.0
"SHUT[29,15]",-0.0
"SHUT[30,15]",-0.0
"SHUT[31,15]",-0.0
"SHUT[32,15]",-0.0
"SHUT[33,15]",-0.0
"SHUT[34,15]",-0.0
"SHUT[35,15]",-0.0
"SHUT[36,15]",-0.0
"SHUT[37,15]",-0.0
"SHUT[38,15]",-0.0
"SHUT[39,15]",-0.0
"SHUT[40,15]",-0.0
"SHUT[41,15]",-0.0
"SHUT[42,15]",-0.0
"SHUT[43,15]",-0.0
"SHUT[44,15]",-0.0
"SHUT[45,15]",-0.0
"SHUT[46,15]",-0.0
"SHUT[47,15]",-0.0
"SHUT[48,15]",-0.0
"SHUT[49,15]",-0.0
"SHUT[50,15]",-0.0
"SHUT[51,15]",-0.0
"SHUT[52,15]",-0.0
"SHUT[53,15]",-0.0
"SHUT[54,15]",-0.0
"SHUT[55,15]",-0.0
"SHUT[56,15]",-0.0
"SHUT[57,15]",-0.0
"SHUT[58,15]",-0.0
"SHUT[59,15]",-0.0
"SHUT[60,15]",-0.0
"SHUT[61,15]",-0.0
"SHUT[62,15]",-0.0
"SHUT[63,15]",-0.0
"SHUT[64,15]",-0.0
"SHUT[65,15]",-0.0
"SHUT[66,15]",-0.0
"SHUT[67,15]",-0.0
"SHUT[68,15]",-0.0
"SHUT[69,15]",-0.0
"SHUT[70,15]",-0.0
"SHUT[71,15]",-0.0
"SHUT[72,15]",-0.0
"SHUT[73,15]",-0.0
"SHUT[1,16]",-0.0
"SHUT[2,16]",-0.0
"SHUT[3,16]",-0.0
"SHUT[4,16]",-0.0
"SHUT[5,16]",-0.0
"SHUT[6,16]",-0.0
"SHUT[7,16]",-0.0
"SHUT[8,16]",-0.0
"SHUT[9,16]",-0.0
"SHUT[10,16]",-0.0
"SHUT[11,16]",-0.0
"SHUT[12,16]",-0.0
"SHUT[13,16]",-0.0
"SHUT[14,16]",-0.0
"SHUT[15,16]",-0.0
"SHUT[16,16]",-0.0
"SHUT[17,16]",-0.0
"SHUT[18,16]",-0.0
"SHUT[19,16]",-0.0
"SHUT[20,16]",-0.0
"SHUT[21,16]",-0.0
"SHUT[22,16]",-0.0
"SHUT[23,16]",-0.0
"SHUT[24,16]",-0.0
"SHUT[25,16]",-0.0
"SHUT[26,16]",-0.0
"SHUT[27,16]",-0.0
"SHUT[28,16]",-0.0
"SHUT[29,16]",-0.0
"SHUT[30,16]",-0.0
"SHUT[31,16]",-0.0
"SHUT[32,16]",-0.0
"SHUT[33,16]",-0.0
"SHUT[34,16]",-0.0
"SHUT[35,16]",-0.0
"SHUT[36,16]",-0.0
"SHUT[37,16]",-0.0
"SHUT[38,16]",-0.0
"SHUT[39,16]",-0.0
"SHUT[40,16]",-0.0
"SHUT[41,16]",-0.0
"SHUT[42,16]",-0.0
"SHUT[43,16]",-0.0
"SHUT[44,16]",-0.0
"SHUT[45,16]",-0.0
"SHUT[46,16]",-0.0
"SHUT[47,16]",-0.0
"SHUT[48,16]",-0.0
"SHUT[49,16]",-0.0
"SHUT[50,16]",-0.0
"SHUT[51,16]",-0.0
"SHUT[52,16]",-0.0
"SHUT[53,16]",-0.0
"SHUT[54,16]",-0.0
"SHUT[55,16]",-0.0
"SHUT[56,16]",-0.0
"SHUT[57,16]",-0.0
"SHUT[58,16]",-0.0
"SHUT[59,16]",-0.0
"SHUT[60,16]",-0.0
"SHUT[61,16]",-0.0
"SHUT[62,16]",-0.0
"SHUT[63,16]",-0.0
"SHUT[64,16]",-0.0
"SHUT[65,16]",-0.0
"SHUT[66,16]",-0.0
"SHUT[67,16]",-0.0
"SHUT[68,16]",-0.0
"SHUT[69,16]",-0.0
"SHUT[70,16]",-0.0
"SHUT[71,16]",-0.0
"SHUT[72,16]",-0.0
"SHUT[73,16]",-0.0
"SHUT[1,17]",-0.0
"SHUT[2,17]",-0.0
"SHUT[3,17]",-0.0
"SHUT[4,17]",-0.0
"SHUT[5,17]",-0.0
"SHUT[6,17]",-0.0
"SHUT[7,17]",-0.0
"SHUT[8,17]",-0.0
"SHUT[9,17]",-0.0
"SHUT[10,17]",-0.0
"SHUT[11,17]",-0.0
"SHUT[12,17]",-0.0
"SHUT[13,17]",-0.0
"SHUT[14,17]",-0.0
"SHUT[15,17]",-0.0
"SHUT[16,17]",-0.0
"SHUT[17,17]",-0.0
"SHUT[18,17]",-0.0
"SHUT[19,17]",-0.0
"SHUT[20,17]",-0.0
"SHUT[21,17]",-0.0
"SHUT[22,17]",-0.0
"SHUT[23,17]",-0.0
"SHUT[24,17]",-0.0
"SHUT[25,17]",-0.0
"SHUT[26,17]",-0.0
"SHUT[27,17]",-0.0
"SHUT[28,17]",-0.0
"SHUT[29,17]",-0.0
"SHUT[30,17]",-0.0
"SHUT[31,17]",-0.0
"SHUT[32,17]",-0.0
"SHUT[33,17]",-0.0
"SHUT[34,17]",-0.0
"SHUT[35,17]",-0.0
"SHUT[36,17]",-0.0
"SHUT[37,17]",-0.0
"SHUT[38,17]",-0.0
"SHUT[39,17]",-0.0
"SHUT[40,17]",-0.0
"SHUT[41,17]",-0.0
"SHUT[42,17]",-0.0
"SHUT[43,17]",-0.0
"SHUT[44,17]",-0.0
"SHUT[45,17]",-0.0
"SHUT[46,17]",-0.0
"SHUT[47,17]",-0.0
"SHUT[48,17]",-0.0
"SHUT[49,17]",-0.0
"SHUT[50,17]",-0.0
"SHUT[51,17]",-0.0
"SHUT[52,17]",-0.0
"SHUT[53,17]",-0.0
"SHUT[54,17]",-0.0
"SHUT[55,17]",-0.0
"SHUT[56,17]",-0.0
"SHUT[57,17]",-0.0
"SHUT[58,17]",-0.0
"SHUT[59,17]",-0.0
"SHUT[60,17]",-0.0
"SHUT[61,17]",-0.0
"SHUT[62,17]",-0.0
"SHUT[63,17]",-0.0
"SHUT[64,17]",-0.0
"SHUT[65,17]",-0.0
"SHUT[66,17]",-0.0
"SHUT[67,17]",-0.0
"SHUT[68,17]",-0.0
"SHUT[69,17]",-0.0
"SHUT[70,17]",-0.0
"SHUT[71,17]",-0.0
"SHUT[72,17]",-0.0
"SHUT[73,17]",-0.0
"SHUT[1,18]",-0.0
"SHUT[2,18]",-0.0
"SHUT[3,18]",-0.0
"SHUT[4,18]",-0.0
"SHUT[5,18]",-0.0
"SHUT[6,18]",-0.0
"SHUT[7,18]",-0.0
"SHUT[8,18]",-0.0
"SHUT[9,18]",-0.0
"SHUT[10,18]",-0.0
"SHUT[11,18]",-0.0
"SHUT[12,18]",-0.0
"SHUT[13,18]",-0.0
"SHUT[14,18]",-0.0
"SHUT[15,18]",-0.0
"SHUT[16,18]",-0.0
"SHUT[17,18]",-0.0
"SHUT[18,18]",-0.0
"SHUT[19,18]",-0.0
"SHUT[20,18]",-0.0
"SHUT[21,18]",-0.0
"SHUT[22,18]",-0.0
"SHUT[23,18]",-0.0
"SHUT[24,18]",-0.0
"SHUT[25,18]",-0.0
"SHUT[26,18]",-0.0
"SHUT[27,18]",-0.0
"SHUT[28,18]",-0.0
"SHUT[29,18]",-0.0
"SHUT[30,18]",-0.0
"SHUT[31,18]",-0.0
"SHUT[32,18]",-0.0
"SHUT[33,18]",-0.0
"SHUT[34,18]",-0.0
"SHUT[35,18]",-0.0
"SHUT[36,18]",-0.0
"SHUT[37,18]",-0.0
"SHUT[38,18]",-0.0
"SHUT[39,18]",-0.0
"SHUT[40,18]",-0.0
"SHUT[41,18]",-0.0
"SHUT[42,18]",-0.0
"SHUT[43,18]",-0.0
"SHUT[44,18]",-0.0
"SHUT[45,18]",-0.0
"SHUT[46,18]",-0.0
"SHUT[47,18]",-0.0
"SHUT[48,18]",-0.0
"SHUT[49,18]",-0.0
"SHUT[50,18]",-0.0
"SHUT[51,18]",-0.0
"SHUT[52,18]",-0.0
"SHUT[53,18]",-0.0
"SHUT[54,18]",-0.0
"SHUT[55,18]",-0.0
"SHUT[56,18]",-0.0
"SHUT[57,18]",-0.0
"SHUT[58,18]",-0.0
"SHUT[59,18]",-0.0
"SHUT[60,18]",-0.0
"SHUT[61,18]",-0.0
"SHUT[62,18]",-0.0
"SHUT[63,18]",-0.0
"SHUT[64,18]",-0.0
"SHUT[65,18]",-0.0
"SHUT[66,18]",-0.0
"SHUT[67,18]",-0.0
"SHUT[68,18]",-0.0
"SHUT[69,18]",-0.0
"SHUT[70,18]",-0.0
"SHUT[71,18]",-0.0
"SHUT[72,18]",-0.0
"SHUT[73,18]",-0.0
"SHUT[1,19]",-0.0
"SHUT[2,19]",-0.0
"SHUT[3,19]",-0.0
"SHUT[4,19]",-0.0
"SHUT[5,19]",-0.0
"SHUT[6,19]",-0.0
"SHUT[7,19]",-0.0
"SHUT[8,19]",-0.0
"SHUT[9,19]",-0.0
"SHUT[10,19]",-0.0
"SHUT[11,19]",-0.0
"SHUT[12,19]",-0.0
"SHUT[13,19]",-0.0
"SHUT[14,19]",-0.0
"SHUT[15,19]",-0.0
"SHUT[16,19]",-0.0
"SHUT[17,19]",-0.0
"SHUT[18,19]",-0.0
"SHUT[19,19]",-0.0
"SHUT[20,19]",-0.0
"SHUT[21,19]",-0.0
"SHUT[22,19]",-0.0
"SHUT[23,19]",-0.0
"SHUT[24,19]",-0.0
"SHUT[25,19]",-0.0
"SHUT[26,19]",-0.0
"SHUT[27,19]",-0.0
"SHUT[28,19]",-0.0
"SHUT[29,19]",-0.0
"SHUT[30,19]",-0.0
"SHUT[31,19]",-0.0
"SHUT[32,19]",-0.0
"SHUT[33,19]",-0.0
"SHUT[34,19]",-0.0
"SHUT[35,19]",-0.0
"SHUT[36,19]",-0.0
"SHUT[37,19]",-0.0
"SHUT[38,19]",-0.0
"SHUT[39,19]",-0.0
"SHUT[40,19]",-0.0
"SHUT[41,19]",-0.0
"SHUT[42,19]",-0.0
"SHUT[43,19]",-0.0
"SHUT[44,19]",-0.0
"SHUT[45,19]",-0.0
"SHUT[46,19]",-0.0
"SHUT[47,19]",-0.0
"SHUT[48,19]",-0.0
"SHUT[49,19]",-0.0
"SHUT[50,19]",-0.0
"SHUT[51,19]",-0.0
"SHUT[52,19]",-0.0
"SHUT[53,19]",-0.0
"SHUT[54,19]",-0.0
"SHUT[55,19]",-0.0
"SHUT[56,19]",-0.0
"SHUT[57,19]",-0.0
"SHUT[58,19]",-0.0
"SHUT[59,19]",-0.0
"SHUT[60,19]",-0.0
"SHUT[61,19]",-0.0
"SHUT[62,19]",-0.0
"SHUT[63,19]",-0.0
"SHUT[64,19]",-0.0
"SHUT[65,19]",-0.0
"SHUT[66,19]",-0.0
"SHUT[67,19]",-0.0
"SHUT[68,19]",-0.0
"SHUT[69,19]",-0.0
"SHUT[70,19]",-0.0
"SHUT[71,19]",-0.0
"SHUT[72,19]",-0.0
"SHUT[73,19]",-0.0
"SHUT[1,20]",-0.0
"SHUT[2,20]",-0.0
"SHUT[3,20]",-0.0
"SHUT[4,20]",-0.0
"SHUT[5,20]",-0.0
"SHUT[6,20]",-0.0
"SHUT[7,20]",-0.0
"SHUT[8,20]",-0.0
"SHUT[9,20]",-0.0
"SHUT[10,20]",-0.0
"SHUT[11,20]",-0.0
"SHUT[12,20]",-0.0
"SHUT[13,20]",-0.0
"SHUT[14,20]",-0.0
"SHUT[15,20]",-0.0
"SHUT[16,20]",-0.0
"SHUT[17,20]",-0.0
"SHUT[18,20]",-0.0
"SHUT[19,20]",-0.0
"SHUT[20,20]",-0.0
"SHUT[21,20]",-0.0
"SHUT[22,20]",-0.0
"SHUT[23,20]",-0.0
"SHUT[24,20]",-0.0
"SHUT[25,20]",-0.0
"SHUT[26,20]",-0.0
"SHUT[27,20]",-0.0
"SHUT[28,20]",-0.0
"SHUT[29,20]",-0.0
"SHUT[30,20]",-0.0
"SHUT[31,20]",-0.0
"SHUT[32,20]",-0.0
"SHUT[33,20]",-0.0
"SHUT[34,20]",-0.0
"SHUT[35,20]",-0.0
"SHUT[36,20]",-0.0
"SHUT[37,20]",-0.0
"SHUT[38,20]",-0.0
"SHUT[39,20]",-0.0
"SHUT[40,20]",-0.0
"SHUT[41,20]",-0.0
"SHUT[42,20]",-0.0
"SHUT[43,20]",-0.0
"SHUT[44,20]",-0.0
"SHUT[45,20]",-0.0
"SHUT[46,20]",-0.0
"SHUT[47,20]",-0.0
"SHUT[48,20]",-0.0
"SHUT[49,20]",-0.0
"SHUT[50,20]",-0.0
"SHUT[51,20]",-0.0
"SHUT[52,20]",-0.0
"SHUT[53,20]",-0.0
"SHUT[54,20]",-0.0
"SHUT[55,20]",-0.0
"SHUT[56,20]",-0.0
"SHUT[57,20]",-0.0
"SHUT[58,20]",-0.0
"SHUT[59,20]",-0.0
"SHUT[60,20]",-0.0
"SHUT[61,20]",-0.0
"SHUT[62,20]",-0.0
"SHUT[63,20]",-0.0
"SHUT[64,20]",-0.0
"SHUT[65,20]",-0.0
"SHUT[66,20]",-0.0
"SHUT[67,20]",-0.0
"SHUT[68,20]",-0.0
"SHUT[69,20]",-0.0
"SHUT[70,20]",-0.0
"SHUT[71,20]",-0.0
"SHUT[72,20]",-0.0
"SHUT[73,20]",-0.0
"SHUT[1,21]",-0.0
"SHUT[2,21]",-0.0
"SHUT[3,21]",-0.0
"SHUT[4,21]",-0.0
"SHUT[5,21]",-0.0
"SHUT[6,21]",-0.0
"SHUT[7,21]",-0.0
"SHUT[8,21]",-0.0
"SHUT[9,21]",-0.0
"SHUT[10,21]",-0.0
"SHUT[11,21]",-0.0
"SHUT[12,21]",-0.0
"SHUT[13,21]",-0.0
"SHUT[14,21]",-0.0
"SHUT[15,21]",-0.0
"SHUT[16,21]",-0.0
"SHUT[17,21]",-0.0
"SHUT[18,21]",-0.0
"SHUT[19,21]",-0.0
"SHUT[20,21]",-0.0
"SHUT[21,21]",-0.0
"SHUT[22,21]",-0.0
"SHUT[23,21]",-0.0
"SHUT[24,21]",-0.0
"SHUT[25,21]",-0.0
"SHUT[26,21]",-0.0
"SHUT[27,21]",-0.0
"SHUT[28,21]",-0.0
"SHUT[29,21]",-0.0
"SHUT[30,21]",-0.0
"SHUT[31,21]",-0.0
"SHUT[32,21]",-0.0
"SHUT[33,21]",-0.0
"SHUT[34,21]",-0.0
"SHUT[35,21]",-0.0
"SHUT[36,21]",-0.0
"SHUT[37,21]",-0.0
"SHUT[38,21]",-0.0
"SHUT[39,21]",-0.0
"SHUT[40,21]",-0.0
"SHUT[41,21]",-0.0
"SHUT[42,21]",-0.0
"SHUT[43,21]",-0.0
"SHUT[44,21]",-0.0
"SHUT[45,21]",-0.0
"SHUT[46,21]",-0.0
"SHUT[47,21]",-0.0
"SHUT[48,21]",-0.0
"SHUT[49,21]",-0.0
"SHUT[50,21]",-0.0
"SHUT[51,21]",-0.0
"SHUT[52,21]",-0.0
"SHUT[53,21]",-0.0
"SHUT[54,21]",-0.0
"SHUT[55,21]",-0.0
"SHUT[56,21]",-0.0
"SHUT[57,21]",-0.0
"SHUT[58,21]",-0.0
"SHUT[59,21]",-0.0
"SHUT[60,21]",-0.0
"SHUT[61,21]",-0.0
"SHUT[62,21]",-0.0
"SHUT[63,21]",-0.0
"SHUT[64,21]",-0.0
"SHUT[65,21]",-0.0
"SHUT[66,21]",-0.0
"SHUT[67,21]",-0.0
"SHUT[68,21]",-0.0
"SHUT[69,21]",-0.0
"SHUT[70,21]",-0.0
"SHUT[71,21]",-0.0
"SHUT[72,21]",-0.0
"SHUT[73,21]",-0.0
"SHUT[1,22]",-0.0
"SHUT[2,22]",-0.0
"SHUT[3,22]",-0.0
"SHUT[4,22]",-0.0
"SHUT[5,22]",-0.0
"SHUT[6,22]",-0.0
"SHUT[7,22]",-0.0
"SHUT[8,22]",-0.0
"SHUT[9,22]",-0.0
"SHUT[10,22]",-0.0
"SHUT[11,22]",-0.0
"SHUT[12,22]",-0.0
"SHUT[13,22]",-0.0
"SHUT[14,22]",-0.0
"SHUT[15,22]",-0.0
"SHUT[16,22]",-0.0
"SHUT[17,22]",-0.0
"SHUT[18,22]",-0.0
"SHUT[19,22]",-0.0
"SHUT[20,22]",-0.0
"SHUT[21,22]",-0.0
"SHUT[22,22]",-0.0
"SHUT[23,22]",-0.0
"SHUT[24,22]",-0.0
"SHUT[25,22]",-0.0
"SHUT[26,22]",-0.0
"SHUT[27,22]",-0.0
"SHUT[28,22]",-0.0
"SHUT[29,22]",-0.0
"SHUT[30,22]",-0.0
"SHUT[31,22]",-0.0
"SHUT[32,22]",-0.0
"SHUT[33,22]",-0.0
"SHUT[34,22]",-0.0
"SHUT[35,22]",-0.0
"SHUT[36,22]",-0.0
"SHUT[37,22]",-0.0
"SHUT[38,22]",-0.0
"SHUT[39,22]",-0.0
"SHUT[40,22]",-0.0
"SHUT[41,22]",-0.0
"SHUT[42,22]",-0.0
"SHUT[43,22]",-0.0
"SHUT[44,22]",-0.0
"SHUT[45,22]",-0.0
"SHUT[46,22]",-0.0
"SHUT[47,22]",-0.0
"SHUT[48,22]",-0.0
"SHUT[49,22]",-0.0
"SHUT[50,22]",-0.0
"SHUT[51,22]",-0.0
"SHUT[52,22]",-0.0
"SHUT[53,22]",-0.0
"SHUT[54,22]",-0.0
"SHUT[55,22]",-0.0
"SHUT[56,22]",-0.0
"SHUT[57,22]",-0.0
"SHUT[58,22]",-0.0
"SHUT[59,22]",-0.0
"SHUT[60,22]",-0.0
"SHUT[61,22]",-0.0
"SHUT[62,22]",-0.0
"SHUT[63,22]",-0.0
"SHUT[64,22]",-0.0
"SHUT[65,22]",-0.0
"SHUT[66,22]",-0.0
"SHUT[67,22]",-0.0
"SHUT[68,22]",-0.0
"SHUT[69,22]",-0.0
"SHUT[70,22]",-0.0
"SHUT[71,22]",-0.0
"SHUT[72,22]",-0.0
"SHUT[73,22]",-0.0
"SHUT[1,23]",-0.0
"SHUT[2,23]",-0.0
"SHUT[3,23]",-0.0
"SHUT[4,23]",-0.0
"SHUT[5,23]",-0.0
"SHUT[6,23]",-0.0
"SHUT[7,23]",-0.0
"SHUT[8,23]",-0.0
"SHUT[9,23]",-0.0
"SHUT[10,23]",-0.0
"SHUT[11,23]",-0.0
"SHUT[12,23]",-0.0
"SHUT[13,23]",-0.0
"SHUT[14,23]",-0.0
"SHUT[15,23]",-0.0
"SHUT[16,23]",-0.0
"SHUT[17,23]",-0.0
"SHUT[18,23]",-0.0
"SHUT[19,23]",-0.0
"SHUT[20,23]",1.0
"SHUT[21,23]",-0.0
"SHUT[22,23]",-0.0
"SHUT[23,23]",-0.0
"SHUT[24,23]",-0.0
"SHUT[25,23]",-0.0
"SHUT[26,23]",-0.0
"SHUT[27,23]",-0.0
"SHUT[28,23]",-0.0
"SHUT[29,23]",-0.0
"SHUT[30,23]",-0.0
"SHUT[31,23]",-0.0
"SHUT[32,23]",-0.0
"SHUT[33,23]",-0.0
"SHUT[34,23]",-0.0
"SHUT[35,23]",-0.0
"SHUT[36,23]",-0.0
"SHUT[37,23]",-0.0
"SHUT[38,23]",-0.0
"SHUT[39,23]",-0.0
"SHUT[40,23]",-0.0
"SHUT[41,23]",-0.0
"SHUT[42,23]",-0.0
"SHUT[43,23]",-0.0
"SHUT[44,23]",-0.0
"SHUT[45,23]",-0.0
"SHUT[46,23]",-0.0
"SHUT[47,23]",-0.0
"SHUT[48,23]",-0.0
"SHUT[49,23]",-0.0
"SHUT[50,23]",-0.0
"SHUT[51,23]",-0.0
"SHUT[52,23]",-0.0
"SHUT[53,23]",-0.0
"SHUT[54,23]",-0.0
"SHUT[55,23]",-0.0
"SHUT[56,23]",-0.0
"SHUT[57,23]",-0.0
"SHUT[58,23]",-0.0
"SHUT[59,23]",-0.0
"SHUT[60,23]",-0.0
"SHUT[61,23]",-0.0
"SHUT[62,23]",-0.0
"SHUT[63,23]",-0.0
"SHUT[64,23]",-0.0
"SHUT[65,23]",-0.0
"SHUT[66,23]",-0.0
"SHUT[67,23]",-0.0
"SHUT[68,23]",-0.0
"SHUT[69,23]",-0.0
"SHUT[70,23]",-0.0
"SHUT[71,23]",-0.0
"SHUT[72,23]",-0.0
"SHUT[73,23]",-0.0
"SHUT[1,24]",-0.0
"SHUT[2,24]",-0.0
"SHUT[3,24]",-0.0
"SHUT[4,24]",-0.0
"SHUT[5,24]",-0.0
"SHUT[6,24]",-0.0
"SHUT[7,24]",-0.0
"SHUT[8,24]",-0.0
"SHUT[9,24]",-0.0
"SHUT[10,24]",-0.0
"SHUT[11,24]",-0.0
"SHUT[12,24]",-0.0
"SHUT[13,24]",-0.0
"SHUT[14,24]",-0.0
"SHUT[15,24]",-0.0
"SHUT[16,24]",-0.0
"SHUT[17,24]",-0.0
"SHUT[18,24]",-0.0
"SHUT[19,24]",-0.0
"SHUT[20,24]",-0.0
"SHUT[21,24]",-0.0
"SHUT[22,24]",-0.0
"SHUT[23,24]",-0.0
"SHUT[24,24]",-0.0
"SHUT[25,24]",-0.0
"SHUT[26,24]",-0.0
"SHUT[27,24]",-0.0
"SHUT[28,24]",-0.0
"SHUT[29,24]",-0.0
"SHUT[30,24]",-0.0
"SHUT[31,24]",-0.0
"SHUT[32,24]",-0.0
"SHUT[33,24]",-0.0
"SHUT[34,24]",-0.0
"SHUT[35,24]",-0.0
"SHUT[36,24]",-0.0
"SHUT[37,24]",-0.0
"SHUT[38,24]",-0.0
"SHUT[39,24]",-0.0
"SHUT[40,24]",-0.0
"SHUT[41,24]",-0.0
"SHUT[42,24]",-0.0
"SHUT[43,24]",-0.0
"SHUT[44,24]",-0.0
"SHUT[45,24]",-0.0
"SHUT[46,24]",-0.0
"SHUT[47,24]",-0.0
"SHUT[48,24]",-0.0
"SHUT[49,24]",-0.0
"SHUT[50,24]",-0.0
"SHUT[51,24]",-0.0
"SHUT[52,24]",-0.0
"SHUT[53,24]",-0.0
"SHUT[54,24]",-0.0
"SHUT[55,24]",-0.0
"SHUT[56,24]",-0.0
"SHUT[57,24]",-0.0
"SHUT[58,24]",-0.0
"SHUT[59,24]",-0.0
"SHUT[60,24]",-0.0
"SHUT[61,24]",-0.0
"SHUT[62,24]",-0.0
"SHUT[63,24]",-0.0
"SHUT[64,24]",-0.0
"SHUT[65,24]",-0.0
"SHUT[66,24]",-0.0
"SHUT[67,24]",-0.0
"SHUT[68,24]",-0.0
"SHUT[69,24]",-0.0
"SHUT[70,24]",-0.0
"SHUT[71,24]",-0.0
"SHUT[72,24]",-0.0
"SHUT[73,24]",-0.0
"CH[101,1]",0.0
"CH[102,1]",0.0
"CH[103,1]",0.0
"CH[104,1]",0.0
"CH[105,1]",0.0
"CH[106,1]",0.0
"CH[107,1]",0.0
"CH[108,1]",0.0
"CH[109,1]",0.0
"CH[110,1]",0.0
"CH[101,2]",0.0
"CH[102,2]",0.0
"CH[103,2]",0.0
"CH[104,2]",0.0
"CH[105,2]",0.0
"CH[106,2]",0.0
"CH[107,2]",0.0
"CH[108,2]",0.0
"CH[109,2]",0.0
"CH[110,2]",0.0
"CH[101,3]",0.0
"CH[102,3]",0.0
"CH[103,3]",0.0
"CH[104,3]",0.0
"CH[105,3]",0.0
"CH[106,3]",0.0
"CH[107,3]",0.0
"CH[108,3]",0.0
"CH[109,3]",0.0
"CH[110,3]",0.0
"CH[101,4]",0.0
"CH[102,4]",0.0
"CH[103,4]",0.0
"CH[104,4]",0.0
"CH[105,4]",0.0
"CH[106,4]",0.0
"CH[107,4]",0.0
"CH[108,4]",0.0
"CH[109,4]",0.0
"CH[110,4]",0.0
"CH[101,5]",0.0
"CH[102,5]",0.0
"CH[103,5]",0.0
"CH[104,5]",0.0
"CH[105,5]",0.0
"CH[106,5]",0.0
"CH[107,5]",0.0
"CH[108,5]",0.0
"CH[109,5]",0.0
"CH[110,5]",0.0
"CH[101,6]",0.0
"CH[102,6]",0.0
"CH[103,6]",0.0
"CH[104,6]",0.0
"CH[105,6]",0.0
"CH[106,6]",0.0
"CH[107,6]",0.0
"CH[108,6]",0.0
"CH[109,6]",0.0
"CH[110,6]",0.0
"CH[101,7]",0.0
"CH[102,7]",0.0
"CH[103,7]",0.0
"CH[104,7]",0.0
"CH[105,7]",0.0
"CH[106,7]",0.0
"CH[107,7]",0.0
"CH[108,7]",0.0
"CH[109,7]",0.0
"CH[110,7]",0.0
"CH[101,8]",0.0
"CH[102,8]",0.0
"CH[103,8]",0.0
"CH[104,8]",0.0
"CH[105,8]",0.0
"CH[106,8]",0.0
"CH[107,8]",29.635616927993226
"CH[108,8]",0.0
"CH[109,8]",0.0
"CH[110,8]",0.0
"CH[101,9]",0.0
"CH[102,9]",0.0
"CH[103,9]",0.0
"CH[104,9]",57.39282471307331
"CH[105,9]",0.0
"CH[106,9]",0.0
"CH[107,9]",262.1256408351099
"CH[108,9]",0.0
"CH[109,9]",0.0
"CH[110,9]",0.0
"CH[101,10]",0.0
"CH[102,10]",0.0
"CH[103,10]",15.190858435125165
"CH[104,10]",283.5
"CH[105,10]",0.0
"CH[106,10]",0.0
"CH[107,10]",284.55
"CH[108,10]",0.0
"CH[109,10]",0.0
"CH[110,10]",0.0
"CH[101,11]",0.0
"CH[102,11]",0.0
"CH[103,11]",279.0
"CH[104,11]",283.5
"CH[105,11]",0.0
"CH[106,11]",0.0
"CH[107,11]",284.55
"CH[108,11]",0.0
"CH[109,11]",0.0
"CH[110,11]",0.0
"CH[101,12]",0.0
"CH[102,12]",0.0
"CH[103,12]",236.0836843932782
"CH[104,12]",283.5
"CH[105,12]",0.0
"CH[106,12]",0.0
"CH[107,12]",284.55
"CH[108,12]",0.0
"CH[109,12]",0.0
"CH[110,12]",0.0
"CH[101,13]",0.0
"CH[102,13]",0.0
"CH[103,13]",136.85359013686517
"CH[104,13]",283.5
"CH[105,13]",0.0
"CH[106,13]",0.0
"CH[107,13]",284.55
"CH[108,13]",0.0
"CH[109,13]",0.0
"CH[110,13]",0.0
"CH[101,14]",0.0
"CH[102,14]",0.0
"CH[103,14]",0.0
"CH[104,14]",132.9290092460441
"CH[105,14]",0.0
"CH[106,14]",0.0
"CH[107,14]",284.55
"CH[108,14]",0.0
"CH[109,14]",0.0
"CH[110,14]",0.0
"CH[101,15]",0.0
"CH[102,15]",0.0
"CH[103,15]",0.0
"CH[104,15]",80.96874497545758
"CH[105,15]",0.0
"CH[106,15]",0.0
"CH[107,15]",0.0
"CH[108,15]",0.0
"CH[109,15]",0.0
"CH[110,15]",0.0
"CH[101,16]",0.0
"CH[102,16]",0.0
"CH[103,16]",0.0
"CH[104,16]",0.0
"CH[105,16]",0.0
"CH[106,16]",0.0
"CH[107,16]",0.0
"CH[108,16]",0.0
"CH[109,16]",0.0
"CH[110,16]",0.0
"CH[101,17]",0.0
"CH[102,17]",0.0
"CH[103,17]",0.0
"CH[104,17]",0.0
"CH[105,17]",0.0
"CH[106,17]",0.0
"CH[107,17]",0.0
"CH[108,17]",0.0
"CH[109,17]",0.0
"CH[110,17]",0.0
"CH[101,18]",0.0
"CH[102,18]",0.0
"CH[103,18]",0.0
"CH[104,18]",0.0
"CH[105,18]",0.0
"CH[106,18]",0.0
"CH[107,18]",0.0
"CH[108,18]",0.0
"CH[109,18]",0.0
"CH[110,18]",0.0
"CH[101,19]",0.0
"CH[102,19]",0.0
"CH[103,19]",0.0
"CH[104,19]",0.0
"CH[105,19]",0.0
"CH[106,19]",0.0
"CH[107,19]",0.0
"CH[108,19]",0.0
"CH[109,19]",0.0
"CH[110,19]",0.0
"CH[101,20]",0.0
"CH[102,20]",0.0
"CH[103,20]",0.0
"CH[104,20]",0.0
"CH[105,20]",0.0
"CH[106,20]",0.0
"CH[107,20]",0.0
"CH[108,20]",0.0
"CH[109,20]",0.0
"CH[110,20]",0.0
"CH[101,21]",0.0
"CH[102,21]",0.0
"CH[103,21]",0.0
"CH[104,21]",0.0
"CH[105,21]",0.0
"CH[106,21]",0.0
"CH[107,21]",0.0
"CH[108,21]",0.0
"CH[109,21]",0.0
"CH[110,21]",0.0
"CH[101,22]",0.0
"CH[102,22]",0.0
"CH[103,22]",0.0
"CH[104,22]",0.0
"CH[105,22]",0.0
"CH[106,22]",0.0
"CH[107,22]",0.0
"CH[108,22]",0.0
"CH[109,22]",0.0
"CH[110,22]",0.0
"CH[101,23]",0.0
"CH[102,23]",0.0
"CH[103,23]",0.0
"CH[104,23]",0.0
"CH[105,23]",0.0
"CH[106,23]",0.0
"CH[107,23]",0.0
"CH[108,23]",0.0
"CH[109,23]",0.0
"CH[110,23]",0.0
"CH[101,24]",0.0
"CH[102,24]",0.0
"CH[103,24]",0.0
"CH[104,24]",0.0
"CH[105,24]",0.0
"CH[106,24]",0.0
"CH[107,24]",0.0
"CH[108,24]",0.0
"CH[109,24]",0.0
"CH[110,24]",0.0
"DIS[101,1]",0.0
"DIS[102,1]",0.0
"DIS[103,1]",0.0
"DIS[104,1]",0.0
"DIS[105,1]",0.0
"DIS[106,1]",0.0
"DIS[107,1]",0.0
"DIS[108,1]",0.0
"DIS[109,1]",0.0
"DIS[110,1]",0.0
"DIS[101,2]",0.0
"DIS[102,2]",0.0
"DIS[103,2]",0.0
"DIS[104,2]",0.0
"DIS[105,2]",0.0
"DIS[106,2]",0.0
"DIS[107,2]",0.0
"DIS[108,2]",0.0
"DIS[109,2]",0.0
"DIS[110,2]",0.0
"DIS[101,3]",0.0
"DIS[102,3]",0.0
"DIS[103,3]",0.0
"DIS[104,3]",0.0
"DIS[105,3]",0.0
"DIS[106,3]",0.0
"DIS[107,3]",0.0
"DIS[108,3]",0.0
"DIS[109,3]",0.0
"DIS[110,3]",0.0
"DIS[101,4]",0.0
"DIS[102,4]",0.0
"DIS[103,4]",0.0
"DIS[104,4]",0.0
"DIS[105,4]",0.0
"DIS[106,4]",0.0
"DIS[107,4]",0.0
"DIS[108,4]",0.0
"DIS[109,4]",0.0
"DIS[110,4]",0.0
"DIS[101,5]",0.0
"DIS[102,5]",0.0
"DIS[103,5]",0.0
"DIS[104,5]",0.0
"DIS[105,5]",0.0
"DIS[106,5]",0.0
"DIS[107,5]",0.6828853071781443
"DIS[108,5]",0.0
"DIS[109,5]",0.0
"DIS[110,5]",0.0
"DIS[101,6]",0.0
"DIS[102,6]",0.0
"DIS[103,6]",0.0
"DIS[104,6]",0.0
"DIS[105,6]",0.0
"DIS[106,6]",0.0
"DIS[107,6]",142.27879214122618
"DIS[108,6]",0.0
"DIS[109,6]",0.0
"DIS[110,6]",0.0
"DIS[101,7]",0.0
"DIS[102,7]",0.0
"DIS[103,7]",0.0
"DIS[104,7]",0.0
"DIS[105,7]",0.0
"DIS[106,7]",0.0
"DIS[107,7]",119.02772220778638
"DIS[108,7]",0.0
"DIS[109,7]",0.0
"DIS[110,7]",0.0
"DIS[101,8]",0.0
"DIS[102,8]",0.0
"DIS[103,8]",0.0
"DIS[104,8]",0.0
"DIS[105,8]",0.0
"DIS[106,8]",0.0
"DIS[107,8]",0.0
"DIS[108,8]",0.0
"DIS[109,8]",0.0
"DIS[110,8]",0.0
"DIS[101,9]",0.0
"DIS[102,9]",0.0
"DIS[103,9]",0.0
"DIS[104,9]",0.0
"DIS[105,9]",0.0
"DIS[106,9]",0.0
"DIS[107,9]",0.0
"DIS[108,9]",0.0
"DIS[109,9]",0.0
"DIS[110,9]",0.0
"DIS[101,10]",0.0
"DIS[102,10]",0.0
"DIS[103,10]",0.0
"DIS[104,10]",0.0
"DIS[105,10]",0.0
"DIS[106,10]",0.0
"DIS[107,10]",0.0
"DIS[108,10]",0.0
"DIS[109,10]",0.0
"DIS[110,10]",0.0
"DIS[101,11]",0.0
"DIS[102,11]",0.0
"DIS[103,11]",0.0
"DIS[104,11]",0.0
"DIS[105,11]",0.0
"DIS[106,11]",0.0
"DIS[107,11]",0.0
"DIS[108,11]",0.0
"DIS[109,11]",0.0
"DIS[110,11]",0.0
"DIS[101,12]",0.0
"DIS[102,12]",0.0
"DIS[103,12]",0.0
"DIS[104,12]",0.0
"DIS[105,12]",0.0
"DIS[106,12]",0.0
"DIS[107,12]",0.0
"DIS[108,12]",0.0
"DIS[109,12]",0.0
"DIS[110,12]",0.0
"DIS[101,13]",0.0
"DIS[102,13]",0.0
"DIS[103,13]",0.0
"DIS[104,13]",0.0
"DIS[105,13]",0.0
"DIS[106,13]",0.0
"DIS[107,13]",0.0
"DIS[108,13]",0.0
"DIS[109,13]",0.0
"DIS[110,13]",0.0
"DIS[101,14]",0.0
"DIS[102,14]",0.0
"DIS[103,14]",0.0
"DIS[104,14]",0.0
"DIS[105,14]",0.0
"DIS[106,14]",0.0
"DIS[107,14]",0.0
"DIS[108,14]",0.0
"DIS[109,14]",0.0
"DIS[110,14]",0.0
"DIS[101,15]",0.0
"DIS[102,15]",0.0
"DIS[103,15]",0.0
"DIS[104,15]",0.0
"DIS[105,15]",0.0
"DIS[106,15]",0.0
"DIS[107,15]",0.0
"DIS[108,15]",0.0
"DIS[109,15]",0.0
"DIS[110,15]",0.0
"DIS[101,16]",0.0
"DIS[102,16]",0.0
"DIS[103,16]",0.0
"DIS[104,16]",0.0
"DIS[105,16]",0.0
"DIS[106,16]",0.0
"DIS[107,16]",0.0
"DIS[108,16]",0.0
"DIS[109,16]",0.0
"DIS[110,16]",0.0
"DIS[101,17]",0.0
"DIS[102,17]",0.0
"DIS[103,17]",0.0
"DIS[104,17]",0.0
"DIS[105,17]",0.0
"DIS[106,17]",0.0
"DIS[107,17]",0.0
"DIS[108,17]",0.0
"DIS[109,17]",0.0
"DIS[110,17]",0.0
"DIS[101,18]",0.0
"DIS[102,18]",0.0
"DIS[103,18]",243.58010964632422
"DIS[104,18]",283.5
"DIS[105,18]",0.0
"DIS[106,18]",0.0
"DIS[107,18]",284.55
"DIS[108,18]",0.0
"DIS[109,18]",0.0
"DIS[110,18]",0.0
"DIS[101,19]",0.0
"DIS[102,19]",0.0
"DIS[103,19]",210.54496508930322
"DIS[104,19]",283.5
"DIS[105,19]",0.0
"DIS[106,19]",0.0
"DIS[107,19]",284.55
"DIS[108,19]",0.0
"DIS[109,19]",0.0
"DIS[110,19]",0.0
"DIS[101,20]",0.0
"DIS[102,20]",0.0
"DIS[103,20]",101.68205804891909
"DIS[104,20]",283.5
"DIS[105,20]",0.0
"DIS[106,20]",0.0
"DIS[107,20]",284.55
"DIS[108,20]",0.0
"DIS[109,20]",0.0
"DIS[110,20]",0.0
"DIS[101,21]",0.0
"DIS[102,21]",0.0
"DIS[103,21]",24.422730854329757
"DIS[104,21]",283.5
"DIS[105,21]",0.0
"DIS[106,21]",0.0
"DIS[107,21]",284.55
"DIS[108,21]",0.0
"DIS[109,21]",0.0
"DIS[110,21]",0.0
"DIS[101,22]",0.0
"DIS[102,22]",0.0
"DIS[103,22]",0.0
"DIS[104,22]",82.58132067476649
"DIS[105,22]",0.0
"DIS[106,22]",0.0
"DIS[107,22]",136.10108749999952
"DIS[108,22]",0.0
"DIS[109,22]",0.0
"DIS[110,22]",0.0
"DIS[101,23]",0.0
"DIS[102,23]",0.0
"DIS[103,23]",0.0
"DIS[104,23]",23.02077722709589
"DIS[105,23]",0.0
"DIS[106,23]",0.0
"DIS[107,23]",0.0
"DIS[108,23]",0.0
"DIS[109,23]",0.0
"DIS[110,23]",0.0
"DIS[101,24]",0.0
"DIS[102,24]",0.0
"DIS[103,24]",0.0
"DIS[104,24]",0.0
"DIS[105,24]",0.0
"DIS[106,24]",0.0
"DIS[107,24]",0.0
"DIS[108,24]",0.0
"DIS[109,24]",0.0
"DIS[110,24]",0.0
"SOE[101,0]",924.90625
"SOE[102,0]",1372.1125
"SOE[103,0]",862.64375
"SOE[104,0]",1698.83125
"SOE[105,0]",1222.61875
"SOE[106,0]",1494.9375
"SOE[107,0]",1346.1875
"SOE[108,0]",930.9625
"SOE[109,0]",1490.15625
"SOE[110,0]",1340.34375
"SOE[101,1]",924.90625
"SOE[102,1]",1372.1125
"SOE[103,1]",862.64375
"SOE[104,1]",1698.83125
"SOE[105,1]",1222.61875
"SOE[106,1]",1494.9375
"SOE[107,1]",1346.1875
"SOE[108,1]",930.9625
"SOE[109,1]",1490.15625
"SOE[110,1]",1340.34375
"SOE[101,2]",924.9062500000028
"SOE[102,2]",1372.112500000005
"SOE[103,2]",862.64375
"SOE[104,2]",1698.83125
"SOE[105,2]",1222.61875
"SOE[106,2]",1494.937500000005
"SOE[107,2]",1346.1875
"SOE[108,2]",930.9625000000019
"SOE[109,2]",1490.156250000006
"SOE[110,2]",1340.343750000005
"SOE[101,3]",924.9062500000028
"SOE[102,3]",1372.112500000005
"SOE[103,3]",862.64375
"SOE[104,3]",1698.83125
"SOE[105,3]",1222.61875
"SOE[106,3]",1494.937500000005
"SOE[107,3]",1346.1875
"SOE[108,3]",930.9625000000019
"SOE[109,3]",1490.156250000006
"SOE[110,3]",1340.343750000005
"SOE[101,4]",924.9062500000028
"SOE[102,4]",1372.112500000005
"SOE[103,4]",862.64375
"SOE[104,4]",1698.83125
"SOE[105,4]",1222.61875
"SOE[106,4]",1494.937500000005
"SOE[107,4]",1346.1875
"SOE[108,4]",930.9625000000042
"SOE[109,4]",1490.156250000006
"SOE[110,4]",1340.343750000005
"SOE[101,5]",924.9062500000058
"SOE[102,5]",1372.112500000005
"SOE[103,5]",862.6437500000179
"SOE[104,5]",1698.831250000021
"SOE[105,5]",1222.61875
"SOE[106,5]",1494.937500000005
"SOE[107,5]",1345.4660914777328
"SOE[108,5]",930.9625000000067
"SOE[109,5]",1490.156250000006
"SOE[110,5]",1340.343750000005
"SOE[101,6]",924.9062500000088
"SOE[102,6]",1372.112500000009
"SOE[103,6]",862.6437500000179
"SOE[104,6]",1698.831250000021
"SOE[105,6]",1222.61875
"SOE[106,6]",1494.9375000000086
"SOE[107,6]",1195.1610078719582
"SOE[108,6]",930.9625000000092
"SOE[109,6]",1490.1562500000095
"SOE[110,6]",1340.3437500000086
"SOE[101,7]",924.9062500000117
"SOE[102,7]",1372.1125000000136
"SOE[103,7]",862.6437500000179
"SOE[104,7]",1698.831250000021
"SOE[105,7]",1222.61875
"SOE[106,7]",1494.9375000000132
"SOE[107,7]",1069.4186434014464
"SOE[108,7]",930.9625000000117
"SOE[109,7]",1490.156250000014
"SOE[110,7]",1340.3437500000127
"SOE[101,8]",924.9062500000147
"SOE[102,8]",1372.1125000000181
"SOE[103,8]",862.6437500000179
"SOE[104,8]",1698.831250000021
"SOE[105,8]",1222.61875
"SOE[106,8]",1494.9375000000186
"SOE[107,8]",1097.4717183854848
"SOE[108,8]",930.9625000000142
"SOE[109,8]",1490.1562500000186
"SOE[110,8]",1340.3437500000168
"SOE[101,9]",924.9062500000176
"SOE[102,9]",1372.1125000000227
"SOE[103,9]",862.6437500000179
"SOE[104,9]",1752.7345909705396
"SOE[105,9]",1222.61875
"SOE[106,9]",1494.937500000024
"SOE[107,9]",1345.5998499999998
"SOE[108,9]",930.9625000000167
"SOE[109,9]",1490.1562500000232
"SOE[110,9]",1340.343750000021
"SOE[101,10]",924.9062500000206
"SOE[102,10]",1372.1125000000272
"SOE[103,10]",876.8107445766157
"SOE[104,10]",2018.9977909705394
"SOE[105,10]",1222.61875
"SOE[106,10]",1494.9375000000296
"SOE[107,10]",1614.9548799999998
"SOE[108,10]",930.9625000000192
"SOE[109,10]",1490.1562500000277
"SOE[110,10]",1340.343750000025
"SOE[101,11]",924.9062500000235
"SOE[102,11]",1372.1125000000318
"SOE[103,11]",1137.0061445766157
"SOE[104,11]",2285.2609909705393
"SOE[105,11]",1222.61875
"SOE[106,11]",1494.937500000035
"SOE[107,11]",1884.3099099999997
"SOE[108,11]",930.9625000000217
"SOE[109,11]",1490.1562500000323
"SOE[110,11]",1340.343750000029
"SOE[101,12]",924.9062500000265
"SOE[102,12]",1372.1125000000363
"SOE[103,12]",1357.177788641787
"SOE[104,12]",2551.524190970539
"SOE[105,12]",1222.61875
"SOE[106,12]",1494.9375000000405
"SOE[107,12]",2153.6649399999997
"SOE[108,12]",930.9625000000242
"SOE[109,12]",1490.1562500000368
"SOE[110,12]",1340.3437500000332
"SOE[101,13]",924.9062500000294
"SOE[102,13]",1372.1125000000409
"SOE[103,13]",1484.8074468034274
"SOE[104,13]",2817.787390970539
"SOE[105,13]",1222.61875
"SOE[106,13]",1494.937500000046
"SOE[107,13]",2423.01997
"SOE[108,13]",930.9625000000267
"SOE[109,13]",1490.1562500000414
"SOE[110,13]",1340.3437500000373
"SOE[101,14]",924.9062500000324
"SOE[102,14]",1372.1125000000454
"SOE[103,14]",1484.8074468034274
"SOE[104,14]",2942.6343164544237
"SOE[105,14]",1222.61875
"SOE[106,14]",1494.9375000000514
"SOE[107,14]",2692.375
"SOE[108,14]",930.9625000000292
"SOE[109,14]",1490.156250000046
"SOE[110,14]",1340.3437500000414
"SOE[101,15]",924.9062500000354
"SOE[102,15]",1372.11250000005
"SOE[103,15]",1484.8074468034274
"SOE[104,15]",3018.6801617353735
"SOE[105,15]",1222.61875
"SOE[106,15]",1494.9375000000568
"SOE[107,15]",2692.375
"SOE[108,15]",930.9625000000317
"SOE[109,15]",1490.1562500000505
"SOE[110,15]",1340.3437500000455
"SOE[101,16]",924.9062500000383
"SOE[102,16]",1372.1125000000545
"SOE[103,16]",1484.8074468034274
"SOE[104,16]",3018.6801617353735
"SOE[105,16]",1222.61875
"SOE[106,16]",1494.9375000000623
"SOE[107,16]",2692.375
"SOE[108,16]",930.9625000000342
"SOE[109,16]",1490.156250000055
"SOE[110,16]",1340.3437500000496
"SOE[101,17]",924.9062500000413
"SOE[102,17]",1372.112500000059
"SOE[103,17]",1484.8074468034274
"SOE[104,17]",3018.6801617353735
"SOE[105,17]",1222.61875
"SOE[106,17]",1494.9375000000678
"SOE[107,17]",2692.375
"SOE[108,17]",930.9625000000367
"SOE[109,17]",1490.1562500000596
"SOE[110,17]",1340.3437500000537
"SOE[101,18]",924.9062500000442
"SOE[102,18]",1372.1125000000636
"SOE[103,18]",1223.6235419714262
"SOE[104,18]",2716.8275211902287
"SOE[105,18]",1222.61875
"SOE[106,18]",1494.9375000000732
"SOE[107,18]",2391.772844918656
"SOE[108,18]",930.9625000000392
"SOE[109,18]",1490.1562500000641
"SOE[110,18]",1340.3437500000578
"SOE[101,19]",924.9062500000472
"SOE[102,19]",1372.1125000000682
"SOE[103,19]",997.8622669453665
"SOE[104,19]",2414.974880645084
"SOE[105,19]",1222.61875
"SOE[106,19]",1494.937500000078
"SOE[107,19]",2091.1706898373122
"SOE[108,19]",930.9625000000417
"SOE[109,19]",1490.1562500000687
"SOE[110,19]",1340.343750000062
"SOE[101,20]",924.9062500000501
"SOE[102,20]",1372.1125000000682
"SOE[103,20]",888.8315377485843
"SOE[104,20]",2113.1222400999386
"SOE[105,20]",1222.61875
"SOE[106,20]",1494.937500000078
"SOE[107,20]",1790.5685347559684
"SOE[108,20]",930.9625000000442
"SOE[109,20]",1490.1562500000687
"SOE[110,20]",1340.343750000062
"SOE[101,21]",924.9062500000501
"SOE[102,21]",1372.1125
"SOE[103,21]",862.64375
"SOE[104,21]",1811.2695995547938
"SOE[105,21]",1222.61875
"SOE[106,21]",1494.9375
"SOE[107,21]",1489.9663796746245
"SOE[108,21]",930.9625000000474
"SOE[109,21]",1490.15625
"SOE[110,21]",1340.34375
"SOE[101,22]",924.90625
"SOE[102,22]",1372.1125
"SOE[103,22]",862.64375
"SOE[104,22]",1723.3422990067033
"SOE[105,22]",1222.61875
"SOE[106,22]",1494.9375
"SOE[107,22]",1346.1875
"SOE[108,22]",930.9625000000474
"SOE[109,22]",1490.15625
"SOE[110,22]",1340.34375
"SOE[101,23]",924.90625
"SOE[102,23]",1372.1125
"SOE[103,23]",862.64375
"SOE[104,23]",1698.83125
"SOE[105,23]",1222.61875
"SOE[106,23]",1494.9375
"SOE[107,23]",1346.1875
"SOE[108,23]",930.9625
"SOE[109,23]",1490.15625
"SOE[110,23]",1340.34375
"SOE[101,24]",924.90625
"SOE[102,24]",1372.1125
"SOE[103,24]",862.64375
"SOE[104,24]",1698.83125
"SOE[105,24]",1222.61875
"SOE[106,24]",1494.9375
"SOE[107,24]",1346.1875
"SOE[108,24]",930.9625
"SOE[109,24]",1490.15625
"SOE[110,24]",1340.34375
"M[101,1]",-0.0
"M[102,1]",-0.0
"M[103,1]",-0.0
"M[104,1]",-0.0
"M[105,1]",-0.0
"M[106,1]",-0.0
"M[107,1]",-0.0
"M[108,1]",-0.0
"M[109,1]",-0.0
"M[110,1]",-0.0
"M[101,2]",-0.0
"M[102,2]",-0.0
"M[103,2]",-0.0
"M[104,2]",-0.0
"M[105,2]",-0.0
"M[106,2]",-0.0
"M[107,2]",-0.0
"M[108,2]",-0.0
"M[109,2]",-0.0
"M[110,2]",-0.0
"M[101,3]",-0.0
"M[102,3]",-0.0
"M[103,3]",-0.0
"M[104,3]",-0.0
"M[105,3]",-0.0
"M[106,3]",-0.0
"M[107,3]",-0.0
"M[108,3]",-0.0
"M[109,3]",-0.0
"M[110,3]",-0.0
"M[101,4]",-0.0
"M[102,4]",-0.0
"M[103,4]",-0.0
"M[104,4]",-0.0
"M[105,4]",-0.0
"M[106,4]",-0.0
"M[107,4]",-0.0
"M[108,4]",-0.0
"M[109,4]",-0.0
"M[110,4]",-0.0
"M[101,5]",-0.0
"M[102,5]",-0.0
"M[103,5]",-0.0
"M[104,5]",-0.0
"M[105,5]",-0.0
"M[106,5]",-0.0
"M[107,5]",-0.0
"M[108,5]",-0.0
"M[109,5]",-0.0
"M[110,5]",-0.0
"M[101,6]",-0.0
"M[102,6]",-0.0
"M[103,6]",-0.0
"M[104,6]",-0.0
"M[105,6]",-0.0
"M[106,6]",-0.0
"M[107,6]",-0.0
"M[108,6]",-0.0
"M[109,6]",-0.0
"M[110,6]",-0.0
"M[101,7]",-0.0
"M[102,7]",-0.0
"M[103,7]",-0.0
"M[104,7]",-0.0
"M[105,7]",-0.0
"M[106,7]",-0.0
"M[107,7]",-0.0
"M[108,7]",-0.0
"M[109,7]",-0.0
"M[110,7]",-0.0
"M[101,8]",-0.0
"M[102,8]",-0.0
"M[103,8]",-0.0
"M[104,8]",-0.0
"M[105,8]",-0.0
"M[106,8]",-0.0
"M[107,8]",1.0
"M[108,8]",-0.0
"M[109,8]",-0.0
"M[110,8]",-0.0
"M[101,9]",-0.0
"M[102,9]",-0.0
"M[103,9]",-0.0
"M[104,9]",1.0
"M[105,9]",-0.0
"M[106,9]",-0.0
"M[107,9]",1.0
"M[108,9]",-0.0
"M[109,9]",-0.0
"M[110,9]",-0.0
"M[101,10]",-0.0
"M[102,10]",-0.0
"M[103,10]",1.0
"M[104,10]",1.0
"M[105,10]",-0.0
"M[106,10]",-0.0
"M[107,10]",1.0
"M[108,10]",-0.0
"M[109,10]",-0.0
"M[110,10]",-0.0
"M[101,11]",-0.0
"M[102,11]",-0.0
"M[103,11]",1.0
"M[104,11]",1.0
"M[105,11]",1.0
"M[106,11]",-0.0
"M[107,11]",1.0
"M[108,11]",-0.0
"M[109,11]",-0.0
"M[110,11]",-0.0
"M[101,12]",-0.0
"M[102,12]",-0.0
"M[103,12]",1.0
"M[104,12]",1.0
"M[105,12]",1.0
"M[106,12]",-0.0
"M[107,12]",1.0
"M[108,12]",-0.0
"M[109,12]",-0.0
"M[110,12]",-0.0
"M[101,13]",-0.0
"M[102,13]",-0.0
"M[103,13]",1.0
"M[104,13]",1.0
"M[105,13]",-0.0
"M[106,13]",-0.0
"M[107,13]",1.0
"M[108,13]",-0.0
"M[109,13]",-0.0
"M[110,13]",-0.0
"M[101,14]",-0.0
"M[102,14]",-0.0
"M[103,14]",-0.0
"M[104,14]",1.0
"M[105,14]",-0.0
"M[106,14]",-0.0
"M[107,14]",1.0
"M[108,14]",-0.0
"M[109,14]",-0.0
"M[110,14]",-0.0
"M[101,15]",-0.0
"M[102,15]",-0.0
"M[103,15]",-0.0
"M[104,15]",1.0
"M[105,15]",-0.0
"M[106,15]",-0.0
"M[107,15]",-0.0
"M[108,15]",-0.0
"M[109,15]",-0.0
"M[110,15]",-0.0
"M[101,16]",-0.0
"M[102,16]",-0.0
"M[103,16]",-0.0
"M[104,16]",-0.0
"M[105,16]",-0.0
"M[106,16]",-0.0
"M[107,16]",-0.0
"M[108,16]",-0.0
"M[109,16]",-0.0
"M[110,16]",-0.0
"M[101,17]",-0.0
"M[102,17]",-0.0
"M[103,17]",-0.0
"M[104,17]",-0.0
"M[105,17]",-0.0
"M[106,17]",-0.0
"M[107,17]",-0.0
"M[108,17]",-0.0
"M[109,17]",-0.0
"M[110,17]",-0.0
"M[101,18]",-0.0
"M[102,18]",-0.0
"M[103,18]",-0.0
"M[104,18]",-0.0
"M[105,18]",-0.0
"M[106,18]",-0.0
"M[107,18]",-0.0
"M[108,18]",-0.0
"M[109,18]",-0.0
"M[110,18]",-0.0
"M[101,19]",-0.0
"M[102,19]",-0.0
"M[103,19]",-0.0
"M[104,19]",-0.0
"M[105,19]",-0.0
"M[106,19]",-0.0
"M[107,19]",-0.0
"M[108,19]",-0.0
"M[109,19]",-0.0
"M[110,19]",-0.0
"M[101,20]",-0.0
"M[102,20]",-0.0
"M[103,20]",-0.0
"M[104,20]",-0.0
"M[105,20]",-0.0
"M[106,20]",-0.0
"M[107,20]",-0.0
"M[108,20]",-0.0
"M[109,20]",-0.0
"M[110,20]",-0.0
"M[101,21]",-0.0
"M[102,21]",-0.0
"M[103,21]",-0.0
"M[104,21]",-0.0
"M[105,21]",-0.0
"M[106,21]",-0.0
"M[107,21]",-0.0
"M[108,21]",-0.0
"M[109,21]",-0.0
"M[110,21]",-0.0
"M[101,22]",-0.0
"M[102,22]",-0.0
"M[103,22]",-0.0
"M[104,22]",-0.0
"M[105,22]",-0.0
"M[106,22]",-0.0
"M[107,22]",-0.0
"M[108,22]",-0.0
"M[109,22]",-0.0
"M[110,22]",-0.0
"M[101,23]",-0.0
"M[102,23]",-0.0
"M[103,23]",-0.0
"M[104,23]",-0.0
"M[105,23]",-0.0
"M[106,23]",-0.0
"M[107,23]",-0.0
"M[108,23]",-0.0
"M[109,23]",-0.0
"M[110,23]",-0.0
"M[101,24]",-0.0
"M[102,24]",-0.0
"M[103,24]",-0.0
"M[104,24]",-0.0
"M[105,24]",-0.0
"M[106,24]",-0.0
"M[107,24]",-0.0
"M[108,24]",-0.0
"M[109,24]",-0.0
"M[110,24]",-0.0
"GENAUX[1,1]",0.0
"GENAUX[2,1]",0.0
"GENAUX[3,1]",46.000000008
"GENAUX[4,1]",46.000000008
"GENAUX[5,1]",0.0
"GENAUX[6,1]",0.0
"GENAUX[7,1]",46.000000008
"GENAUX[8,1]",46.000000008
"GENAUX[9,1]",0.0
"GENAUX[10,1]",0.0
"GENAUX[11,1]",0.0
"GENAUX[12,1]",0.0
"GENAUX[13,1]",0.0
"GENAUX[14,1]",0.0
"GENAUX[15,1]",0.0
"GENAUX[16,1]",0.0
"GENAUX[17,1]",0.0
"GENAUX[18,1]",0.0
"GENAUX[19,1]",0.0
"GENAUX[20,1]",192.81999396560855
"GENAUX[21,1]",0.0
"GENAUX[22,1]",0.0
"GENAUX[23,1]",0.0
"GENAUX[24,1]",0.0
"GENAUX[25,1]",0.0
"GENAUX[26,1]",0.0
"GENAUX[27,1]",0.0
"GENAUX[28,1]",0.0
"GENAUX[29,1]",0.0
"GENAUX[30,1]",0.0
"GENAUX[31,1]",0.0
"GENAUX[32,1]",0.0
"GENAUX[33,1]",0.0
"GENAUX[34,1]",0.0
"GENAUX[35,1]",0.0
"GENAUX[36,1]",0.0
"GENAUX[37,1]",0.0
"GENAUX[38,1]",93.0
"GENAUX[39,1]",0.0
"GENAUX[40,1]",0.0
"GENAUX[41,1]",93.0
"GENAUX[42,1]",93.0
"GENAUX[43,1]",210.0
"GENAUX[44,1]",0.0
"GENAUX[45,1]",0.0
"GENAUX[46,1]",0.0
"GENAUX[47,1]",0.0
"GENAUX[48,1]",0.0
"GENAUX[49,1]",0.0
"GENAUX[50,1]",0.0
"GENAUX[51,1]",0.0
"GENAUX[52,1]",0.0
"GENAUX[53,1]",0.0
"GENAUX[54,1]",0.0
"GENAUX[55,1]",0.0
"GENAUX[56,1]",0.0
"GENAUX[57,1]",0.0
"GENAUX[58,1]",0.0
"GENAUX[59,1]",0.0
"GENAUX[60,1]",0.0
"GENAUX[61,1]",0.0
"GENAUX[62,1]",0.0
"GENAUX[63,1]",0.0
"GENAUX[64,1]",0.0
"GENAUX[65,1]",0.0
"GENAUX[66,1]",0.0
"GENAUX[67,1]",0.0
"GENAUX[68,1]",0.0
"GENAUX[69,1]",0.0
"GENAUX[70,1]",0.0
"GENAUX[71,1]",0.0
"GENAUX[72,1]",0.0
"GENAUX[73,1]",4.0
"GENAUX[1,2]",0.0
"GENAUX[2,2]",0.0
"GENAUX[3,2]",46.000000008
"GENAUX[4,2]",46.000000008
"GENAUX[5,2]",0.0
"GENAUX[6,2]",0.0
"GENAUX[7,2]",46.000000008
"GENAUX[8,2]",46.000000008
"GENAUX[9,2]",0.0
"GENAUX[10,2]",0.0
"GENAUX[11,2]",0.0
"GENAUX[12,2]",0.0
"GENAUX[13,2]",0.0
"GENAUX[14,2]",0.0
"GENAUX[15,2]",0.0
"GENAUX[16,2]",0.0
"GENAUX[17,2]",0.0
"GENAUX[18,2]",0.0
"GENAUX[19,2]",0.0
"GENAUX[20,2]",0.0
"GENAUX[21,2]",0.0
"GENAUX[22,2]",0.0
"GENAUX[23,2]",0.0
"GENAUX[24,2]",0.0
"GENAUX[25,2]",0.0
"GENAUX[26,2]",0.0
"GENAUX[27,2]",0.0
"GENAUX[28,2]",0.0
"GENAUX[29,2]",0.0
"GENAUX[30,2]",0.0
"GENAUX[31,2]",0.0
"GENAUX[32,2]",0.0
"GENAUX[33,2]",0.0
"GENAUX[34,2]",0.0
"GENAUX[35,2]",0.0
"GENAUX[36,2]",0.0
"GENAUX[37,2]",0.0
"GENAUX[38,2]",93.0
"GENAUX[39,2]",0.0
"GENAUX[40,2]",0.0
"GENAUX[41,2]",93.0
"GENAUX[42,2]",93.0
"GENAUX[43,2]",155.30896970256345
"GENAUX[44,2]",0.0
"GENAUX[45,2]",0.0
"GENAUX[46,2]",0.0
"GENAUX[47,2]",0.0
"GENAUX[48,2]",0.0
"GENAUX[49,2]",0.0
"GENAUX[50,2]",0.0
"GENAUX[51,2]",0.0
"GENAUX[52,2]",0.0
"GENAUX[53,2]",0.0
"GENAUX[54,2]",0.0
"GENAUX[55,2]",0.0
"GENAUX[56,2]",0.0
"GENAUX[57,2]",0.0
"GENAUX[58,2]",0.0
"GENAUX[59,2]",0.0
"GENAUX[60,2]",0.0
"GENAUX[61,2]",0.0
"GENAUX[62,2]",0.0
"GENAUX[63,2]",0.0
"GENAUX[64,2]",0.0
"GENAUX[65,2]",0.0
"GENAUX[66,2]",0.0
"GENAUX[67,2]",0.0
"GENAUX[68,2]",0.0
"GENAUX[69,2]",0.0
"GENAUX[70,2]",0.0
"GENAUX[71,2]",0.0
"GENAUX[72,2]",0.0
"GENAUX[73,2]",4.0
"GENAUX[1,3]",0.0
"GENAUX[2,3]",0.0
"GENAUX[3,3]",46.000000008
"GENAUX[4,3]",46.000000008
"GENAUX[5,3]",0.0
"GENAUX[6,3]",0.0
"GENAUX[7,3]",46.000000008
"GENAUX[8,3]",46.000000008
"GENAUX[9,3]",0.0
"GENAUX[10,3]",0.0
"GENAUX[11,3]",0.0
"GENAUX[12,3]",0.0
"GENAUX[13,3]",0.0
"GENAUX[14,3]",0.0
"GENAUX[15,3]",0.0
"GENAUX[16,3]",0.0
"GENAUX[17,3]",0.0
"GENAUX[18,3]",0.0
"GENAUX[19,3]",0.0
"GENAUX[20,3]",45.600971983458294
"GENAUX[21,3]",0.0
"GENAUX[22,3]",0.0
"GENAUX[23,3]",0.0
"GENAUX[24,3]",0.0
"GENAUX[25,3]",0.0
"GENAUX[26,3]",0.0
"GENAUX[27,3]",0.0
"GENAUX[28,3]",0.0
"GENAUX[29,3]",0.0
"GENAUX[30,3]",0.0
"GENAUX[31,3]",0.0
"GENAUX[32,3]",0.0
"GENAUX[33,3]",0.0
"GENAUX[34,3]",0.0
"GENAUX[35,3]",0.0
"GENAUX[36,3]",0.0
"GENAUX[37,3]",0.0
"GENAUX[38,3]",93.0
"GENAUX[39,3]",0.0
"GENAUX[40,3]",0.0
"GENAUX[41,3]",93.0
"GENAUX[42,3]",93.0
"GENAUX[43,3]",210.0
"GENAUX[44,3]",0.0
"GENAUX[45,3]",0.0
"GENAUX[46,3]",0.0
"GENAUX[47,3]",0.0
"GENAUX[48,3]",0.0
"GENAUX[49,3]",0.0
"GENAUX[50,3]",0.0
"GENAUX[51,3]",0.0
"GENAUX[52,3]",0.0
"GENAUX[53,3]",0.0
"GENAUX[54,3]",0.0
"GENAUX[55,3]",0.0
"GENAUX[56,3]",0.0
"GENAUX[57,3]",0.0
"GENAUX[58,3]",0.0
"GENAUX[59,3]",0.0
"GENAUX[60,3]",0.0
"GENAUX[61,3]",0.0
"GENAUX[62,3]",0.0
"GENAUX[63,3]",0.0
"GENAUX[64,3]",0.0
"GENAUX[65,3]",0.0
"GENAUX[66,3]",0.0
"GENAUX[67,3]",0.0
"GENAUX[68,3]",0.0
"GENAUX[69,3]",0.0
"GENAUX[70,3]",0.0
"GENAUX[71,3]",0.0
"GENAUX[72,3]",0.0
"GENAUX[73,3]",4.0
"GENAUX[1,4]",0.0
"GENAUX[2,4]",0.0
"GENAUX[3,4]",46.000000008
"GENAUX[4,4]",46.000000008
"GENAUX[5,4]",0.0
"GENAUX[6,4]",0.0
"GENAUX[7,4]",46.000000008
"GENAUX[8,4]",46.000000008
"GENAUX[9,4]",0.0
"GENAUX[10,4]",0.0
"GENAUX[11,4]",0.0
"GENAUX[12,4]",0.0
"GENAUX[13,4]",0.0
"GENAUX[14,4]",0.0
"GENAUX[15,4]",0.0
"GENAUX[16,4]",0.0
"GENAUX[17,4]",0.0
"GENAUX[18,4]",0.0
"GENAUX[19,4]",0.0
"GENAUX[20,4]",113.72200376596561
"GENAUX[21,4]",0.0
"GENAUX[22,4]",0.0
"GENAUX[23,4]",0.0
"GENAUX[24,4]",0.0
"GENAUX[25,4]",0.0
"GENAUX[26,4]",0.0
"GENAUX[27,4]",0.0
"GENAUX[28,4]",0.0
"GENAUX[29,4]",0.0
"GENAUX[30,4]",0.0
"GENAUX[31,4]",0.0
"GENAUX[32,4]",0.0
"GENAUX[33,4]",0.0
"GENAUX[34,4]",0.0
"GENAUX[35,4]",0.0
"GENAUX[36,4]",0.0
"GENAUX[37,4]",0.0
"GENAUX[38,4]",93.0
"GENAUX[39,4]",0.0
"GENAUX[40,4]",0.0
"GENAUX[41,4]",93.0
"GENAUX[42,4]",93.0
"GENAUX[43,4]",210.0
"GENAUX[44,4]",0.0
"GENAUX[45,4]",0.0
"GENAUX[46,4]",0.0
"GENAUX[47,4]",0.0
"GENAUX[48,4]",0.0
"GENAUX[49,4]",0.0
"GENAUX[50,4]",0.0
"GENAUX[51,4]",0.0
"GENAUX[52,4]",0.0
"GENAUX[53,4]",0.0
"GENAUX[54,4]",0.0
"GENAUX[55,4]",0.0
"GENAUX[56,4]",0.0
"GENAUX[57,4]",0.0
"GENAUX[58,4]",0.0
"GENAUX[59,4]",0.0
"GENAUX[60,4]",0.0
"GENAUX[61,4]",0.0
"GENAUX[62,4]",0.0
"GENAUX[63,4]",0.0
"GENAUX[64,4]",0.0
"GENAUX[65,4]",0.0
"GENAUX[66,4]",0.0
"GENAUX[67,4]",0.0
"GENAUX[68,4]",0.0
"GENAUX[69,4]",0.0
"GENAUX[70,4]",0.0
"GENAUX[71,4]",0.0
"GENAUX[72,4]",0.0
"GENAUX[73,4]",4.0
"GENAUX[1,5]",0.0
"GENAUX[2,5]",0.0
"GENAUX[3,5]",46.000000008
"GENAUX[4,5]",46.000000008
"GENAUX[5,5]",0.0
"GENAUX[6,5]",0.0
"GENAUX[7,5]",46.000000008
"GENAUX[8,5]",46.000000008
"GENAUX[9,5]",0.0
"GENAUX[10,5]",0.0
"GENAUX[11,5]",0.0
"GENAUX[12,5]",0.0
"GENAUX[13,5]",0.0
"GENAUX[14,5]",0.0
"GENAUX[15,5]",0.0
"GENAUX[16,5]",0.0
"GENAUX[17,5]",0.0
"GENAUX[18,5]",0.0
"GENAUX[19,5]",0.0
"GENAUX[20,5]",210.0
"GENAUX[21,5]",0.0
"GENAUX[22,5]",0.0
"GENAUX[23,5]",0.0
"GENAUX[24,5]",0.0
"GENAUX[25,5]",0.0
"GENAUX[26,5]",0.0
"GENAUX[27,5]",0.0
"GENAUX[28,5]",0.0
"GENAUX[29,5]",0.0
"GENAUX[30,5]",0.0
"GENAUX[31,5]",0.0
"GENAUX[32,5]",0.0
"GENAUX[33,5]",0.0
"GENAUX[34,5]",0.0
"GENAUX[35,5]",0.0
"GENAUX[36,5]",0.0
"GENAUX[37,5]",0.0
"GENAUX[38,5]",93.0
"GENAUX[39,5]",0.0
"GENAUX[40,5]",0.0
"GENAUX[41,5]",93.0
"GENAUX[42,5]",93.0
"GENAUX[43,5]",210.0
"GENAUX[44,5]",0.0
"GENAUX[45,5]",0.0
"GENAUX[46,5]",0.0
"GENAUX[47,5]",0.0
"GENAUX[48,5]",0.0
"GENAUX[49,5]",0.0
"GENAUX[50,5]",0.0
"GENAUX[51,5]",0.0
"GENAUX[52,5]",0.0
"GENAUX[53,5]",0.0
"GENAUX[54,5]",0.0
"GENAUX[55,5]",0.0
"GENAUX[56,5]",0.0
"GENAUX[57,5]",0.0
"GENAUX[58,5]",0.0
"GENAUX[59,5]",0.0
"GENAUX[60,5]",0.0
"GENAUX[61,5]",0.0
"GENAUX[62,5]",0.0
"GENAUX[63,5]",0.0
"GENAUX[64,5]",0.0
"GENAUX[65,5]",0.0
"GENAUX[66,5]",0.0
"GENAUX[67,5]",0.0
"GENAUX[68,5]",0.0
"GENAUX[69,5]",0.0
"GENAUX[70,5]",0.0
"GENAUX[71,5]",0.0
"GENAUX[72,5]",0.0
"GENAUX[73,5]",4.0
"GENAUX[1,6]",0.0
"GENAUX[2,6]",0.0
"GENAUX[3,6]",46.000000008
"GENAUX[4,6]",46.000000008
"GENAUX[5,6]",0.0
"GENAUX[6,6]",0.0
"GENAUX[7,6]",46.000000008
"GENAUX[8,6]",46.000000008
"GENAUX[9,6]",0.0
"GENAUX[10,6]",0.0
"GENAUX[11,6]",0.0
"GENAUX[12,6]",0.0
"GENAUX[13,6]",0.0
"GENAUX[14,6]",0.0
"GENAUX[15,6]",0.0
"GENAUX[16,6]",0.0
"GENAUX[17,6]",0.0
"GENAUX[18,6]",0.0
"GENAUX[19,6]",0.0
"GENAUX[20,6]",210.0
"GENAUX[21,6]",0.0
"GENAUX[22,6]",0.0
"GENAUX[23,6]",0.0
"GENAUX[24,6]",0.0
"GENAUX[25,6]",0.0
"GENAUX[26,6]",0.0
"GENAUX[27,6]",0.0
"GENAUX[28,6]",0.0
"GENAUX[29,6]",0.0
"GENAUX[30,6]",0.0
"GENAUX[31,6]",0.0
"GENAUX[32,6]",0.0
"GENAUX[33,6]",0.0
"GENAUX[34,6]",0.0
"GENAUX[35,6]",0.0
"GENAUX[36,6]",0.0
"GENAUX[37,6]",0.0
"GENAUX[38,6]",93.0
"GENAUX[39,6]",0.0
"GENAUX[40,6]",0.0
"GENAUX[41,6]",93.0
"GENAUX[42,6]",93.0
"GENAUX[43,6]",210.0
"GENAUX[44,6]",0.0
"GENAUX[45,6]",0.0
"GENAUX[46,6]",0.0
"GENAUX[47,6]",0.0
"GENAUX[48,6]",0.0
"GENAUX[49,6]",0.0
"GENAUX[50,6]",0.0
"GENAUX[51,6]",0.0
"GENAUX[52,6]",0.0
"GENAUX[53,6]",0.0
"GENAUX[54,6]",0.0
"GENAUX[55,6]",0.0
"GENAUX[56,6]",0.0
"GENAUX[57,6]",0.0
"GENAUX[58,6]",0.0
"GENAUX[59,6]",0.0
"GENAUX[60,6]",0.0
"GENAUX[61,6]",0.0
"GENAUX[62,6]",0.0
"GENAUX[63,6]",0.0
"GENAUX[64,6]",0.0
"GENAUX[65,6]",0.0
"GENAUX[66,6]",0.0
"GENAUX[67,6]",0.0
"GENAUX[68,6]",0.0
"GENAUX[69,6]",0.0
"GENAUX[70,6]",0.0
"GENAUX[71,6]",0.0
"GENAUX[72,6]",0.0
"GENAUX[73,6]",4.0
"GENAUX[1,7]",0.0
"GENAUX[2,7]",0.0
"GENAUX[3,7]",46.000000008
"GENAUX[4,7]",46.000000008
"GENAUX[5,7]",0.0
"GENAUX[6,7]",0.0
"GENAUX[7,7]",46.000000008
"GENAUX[8,7]",46.000000008
"GENAUX[9,7]",0.0
"GENAUX[10,7]",0.0
"GENAUX[11,7]",0.0
"GENAUX[12,7]",0.0
"GENAUX[13,7]",0.0
"GENAUX[14,7]",0.0
"GENAUX[15,7]",0.0
"GENAUX[16,7]",0.0
"GENAUX[17,7]",0.0
"GENAUX[18,7]",0.0
"GENAUX[19,7]",0.0
"GENAUX[20,7]",210.0
"GENAUX[21,7]",0.0
"GENAUX[22,7]",0.0
"GENAUX[23,7]",0.0
"GENAUX[24,7]",0.0
"GENAUX[25,7]",0.0
"GENAUX[26,7]",0.0
"GENAUX[27,7]",0.0
"GENAUX[28,7]",0.0
"GENAUX[29,7]",0.0
"GENAUX[30,7]",0.0
"GENAUX[31,7]",0.0
"GENAUX[32,7]",0.0
"GENAUX[33,7]",0.0
"GENAUX[34,7]",0.0
"GENAUX[35,7]",0.0
"GENAUX[36,7]",0.0
"GENAUX[37,7]",0.0
"GENAUX[38,7]",93.0
"GENAUX[39,7]",0.0
"GENAUX[40,7]",0.0
"GENAUX[41,7]",93.0
"GENAUX[42,7]",93.0
"GENAUX[43,7]",210.0
"GENAUX[44,7]",0.0
"GENAUX[45,7]",0.0
"GENAUX[46,7]",0.0
"GENAUX[47,7]",0.0
"GENAUX[48,7]",0.0
"GENAUX[49,7]",0.0
"GENAUX[50,7]",0.0
"GENAUX[51,7]",0.0
"GENAUX[52,7]",0.0
"GENAUX[53,7]",0.0
"GENAUX[54,7]",0.0
"GENAUX[55,7]",0.0
"GENAUX[56,7]",0.0
"GENAUX[57,7]",0.0
"GENAUX[58,7]",0.0
"GENAUX[59,7]",0.0
"GENAUX[60,7]",0.0
"GENAUX[61,7]",0.0
"GENAUX[62,7]",0.0
"GENAUX[63,7]",0.0
"GENAUX[64,7]",0.0
"GENAUX[65,7]",0.0
"GENAUX[66,7]",0.0
"GENAUX[67,7]",0.0
"GENAUX[68,7]",0.0
"GENAUX[69,7]",0.0
"GENAUX[70,7]",0.0
"GENAUX[71,7]",0.0
"GENAUX[72,7]",0.0
"GENAUX[73,7]",4.0
"GENAUX[1,8]",0.0
"GENAUX[2,8]",0.0
"GENAUX[3,8]",46.000000008
"GENAUX[4,8]",46.000000008
"GENAUX[5,8]",0.0
"GENAUX[6,8]",0.0
"GENAUX[7,8]",0.0
"GENAUX[8,8]",0.0
"GENAUX[9,8]",0.0
"GENAUX[10,8]",0.0
"GENAUX[11,8]",0.0
"GENAUX[12,8]",0.0
"GENAUX[13,8]",0.0
"GENAUX[14,8]",0.0
"GENAUX[15,8]",0.0
"GENAUX[16,8]",0.0
"GENAUX[17,8]",0.0
"GENAUX[18,8]",0.0
"GENAUX[19,8]",0.0
"GENAUX[20,8]",0.0
"GENAUX[21,8]",0.0
"GENAUX[22,8]",0.0
"GENAUX[23,8]",0.0
"GENAUX[24,8]",0.0
"GENAUX[25,8]",0.0
"GENAUX[26,8]",0.0
"GENAUX[27,8]",0.0
"GENAUX[28,8]",0.0
"GENAUX[29,8]",0.0
"GENAUX[30,8]",0.0
"GENAUX[31,8]",0.0
"GENAUX[32,8]",0.0
"GENAUX[33,8]",0.0
"GENAUX[34,8]",0.0
"GENAUX[35,8]",0.0
"GENAUX[36,8]",0.0
"GENAUX[37,8]",0.0
"GENAUX[38,8]",0.0
"GENAUX[39,8]",0.0
"GENAUX[40,8]",0.0
"GENAUX[41,8]",21.630853840617306
"GENAUX[42,8]",93.0
"GENAUX[43,8]",0.0
"GENAUX[44,8]",0.0
"GENAUX[45,8]",0.0
"GENAUX[46,8]",0.0
"GENAUX[47,8]",0.0
"GENAUX[48,8]",0.0
"GENAUX[49,8]",0.0
"GENAUX[50,8]",0.0
"GENAUX[51,8]",0.0
"GENAUX[52,8]",0.0
"GENAUX[53,8]",0.0
"GENAUX[54,8]",0.0
"GENAUX[55,8]",0.0
"GENAUX[56,8]",0.0
"GENAUX[57,8]",0.0
"GENAUX[58,8]",0.0
"GENAUX[59,8]",0.0
"GENAUX[60,8]",0.0
"GENAUX[61,8]",0.0
"GENAUX[62,8]",0.0
"GENAUX[63,8]",0.0
"GENAUX[64,8]",0.0
"GENAUX[65,8]",0.0
"GENAUX[66,8]",0.0
"GENAUX[67,8]",0.0
"GENAUX[68,8]",0.0
"GENAUX[69,8]",0.0
"GENAUX[70,8]",0.0
"GENAUX[71,8]",0.0
"GENAUX[72,8]",0.0
"GENAUX[73,8]",4.0
"GENAUX[1,9]",0.0
"GENAUX[2,9]",0.0
"GENAUX[3,9]",46.000000008
"GENAUX[4,9]",46.000000008
"GENAUX[5,9]",0.0
"GENAUX[6,9]",0.0
"GENAUX[7,9]",0.0
"GENAUX[8,9]",0.0
"GENAUX[9,9]",0.0
"GENAUX[10,9]",0.0
"GENAUX[11,9]",0.0
"GENAUX[12,9]",0.0
"GENAUX[13,9]",0.0
"GENAUX[14,9]",0.0
"GENAUX[15,9]",0.0
"GENAUX[16,9]",0.0
"GENAUX[17,9]",0.0
"GENAUX[18,9]",0.0
"GENAUX[19,9]",0.0
"GENAUX[20,9]",0.0
"GENAUX[21,9]",0.0
"GENAUX[22,9]",0.0
"GENAUX[23,9]",0.0
"GENAUX[24,9]",0.0
"GENAUX[25,9]",0.0
"GENAUX[26,9]",0.0
"GENAUX[27,9]",0.0
"GENAUX[28,9]",0.0
"GENAUX[29,9]",0.0
"GENAUX[30,9]",0.0
"GENAUX[31,9]",0.0
"GENAUX[32,9]",0.0
"GENAUX[33,9]",0.0
"GENAUX[34,9]",0.0
"GENAUX[35,9]",0.0
"GENAUX[36,9]",0.0
"GENAUX[37,9]",0.0
"GENAUX[38,9]",0.0
"GENAUX[39,9]",0.0
"GENAUX[40,9]",0.0
"GENAUX[41,9]",48.79909279177559
"GENAUX[42,9]",93.0
"GENAUX[43,9]",0.0
"GENAUX[44,9]",0.0
"GENAUX[45,9]",0.0
"GENAUX[46,9]",0.0
"GENAUX[47,9]",0.0
"GENAUX[48,9]",0.0
"GENAUX[49,9]",0.0
"GENAUX[50,9]",0.0
"GENAUX[51,9]",0.0
"GENAUX[52,9]",0.0
"GENAUX[53,9]",0.0
"GENAUX[54,9]",0.0
"GENAUX[55,9]",0.0
"GENAUX[56,9]",0.0
"GENAUX[57,9]",0.0
"GENAUX[58,9]",0.0
"GENAUX[59,9]",0.0
"GENAUX[60,9]",0.0
"GENAUX[61,9]",0.0
"GENAUX[62,9]",0.0
"GENAUX[63,9]",0.0
"GENAUX[64,9]",0.0
"GENAUX[65,9]",0.0
"GENAUX[66,9]",0.0
"GENAUX[67,9]",0.0
"GENAUX[68,9]",0.0
"GENAUX[69,9]",0.0
"GENAUX[70,9]",0.0
"GENAUX[71,9]",0.0
"GENAUX[72,9]",0.0
"GENAUX[73,9]",4.0
"GENAUX[1,10]",0.0
"GENAUX[2,10]",0.0
"GENAUX[3,10]",46.000000008
"GENAUX[4,10]",46.000000008
"GENAUX[5,10]",0.0
"GENAUX[6,10]",0.0
"GENAUX[7,10]",0.0
"GENAUX[8,10]",0.0
"GENAUX[9,10]",0.0
"GENAUX[10,10]",0.0
"GENAUX[11,10]",0.0
"GENAUX[12,10]",0.0
"GENAUX[13,10]",0.0
"GENAUX[14,10]",0.0
"GENAUX[15,10]",0.0
"GENAUX[16,10]",0.0
"GENAUX[17,10]",0.0
"GENAUX[18,10]",0.0
"GENAUX[19,10]",0.0
"GENAUX[20,10]",0.0
"GENAUX[21,10]",0.0
"GENAUX[22,10]",0.0
"GENAUX[23,10]",0.0
"GENAUX[24,10]",0.0
"GENAUX[25,10]",0.0
"GENAUX[26,10]",0.0
"GENAUX[27,10]",0.0
"GENAUX[28,10]",0.0
"GENAUX[29,10]",0.0
"GENAUX[30,10]",0.0
"GENAUX[31,10]",0.0
"GENAUX[32,10]",0.0
"GENAUX[33,10]",0.0
"GENAUX[34,10]",0.0
"GENAUX[35,10]",0.0
"GENAUX[36,10]",0.0
"GENAUX[37,10]",0.0
"GENAUX[38,10]",0.0
"GENAUX[39,10]",0.0
"GENAUX[40,10]",0.0
"GENAUX[41,10]",0.0
"GENAUX[42,10]",0.0
"GENAUX[43,10]",0.0
"GENAUX[44,10]",0.0
"GENAUX[45,10]",0.0
"GENAUX[46,10]",0.0
"GENAUX[47,10]",0.0
"GENAUX[48,10]",0.0
"GENAUX[49,10]",0.0
"GENAUX[50,10]",0.0
"GENAUX[51,10]",0.0
"GENAUX[52,10]",0.0
"GENAUX[53,10]",0.0
"GENAUX[54,10]",0.0
"GENAUX[55,10]",0.0
"GENAUX[56,10]",0.0
"GENAUX[57,10]",0.0
"GENAUX[58,10]",0.0
"GENAUX[59,10]",0.0
"GENAUX[60,10]",0.0
"GENAUX[61,10]",0.0
"GENAUX[62,10]",0.0
"GENAUX[63,10]",0.0
"GENAUX[64,10]",0.0
"GENAUX[65,10]",0.0
"GENAUX[66,10]",0.0
"GENAUX[67,10]",0.0
"GENAUX[68,10]",0.0
"GENAUX[69,10]",0.0
"GENAUX[70,10]",0.0
"GENAUX[71,10]",0.0
"GENAUX[72,10]",0.0
"GENAUX[73,10]",4.0
"GENAUX[1,11]",0.0
"GENAUX[2,11]",0.0
"GENAUX[3,11]",46.000000008
"GENAUX[4,11]",46.000000008
"GENAUX[5,11]",0.0
"GENAUX[6,11]",0.0
"GENAUX[7,11]",0.0
"GENAUX[8,11]",0.0
"GENAUX[9,11]",0.0
"GENAUX[10,11]",0.0
"GENAUX[11,11]",0.0
"GENAUX[12,11]",0.0
"GENAUX[13,11]",0.0
"GENAUX[14,11]",0.0
"GENAUX[15,11]",0.0
"GENAUX[16,11]",0.0
"GENAUX[17,11]",0.0
"GENAUX[18,11]",0.0
"GENAUX[19,11]",0.0
"GENAUX[20,11]",0.0
"GENAUX[21,11]",0.0
"GENAUX[22,11]",0.0
"GENAUX[23,11]",0.0
"GENAUX[24,11]",0.0
"GENAUX[25,11]",0.0
"GENAUX[26,11]",0.0
"GENAUX[27,11]",0.0
"GENAUX[28,11]",0.0
"GENAUX[29,11]",0.0
"GENAUX[30,11]",0.0
"GENAUX[31,11]",0.0
"GENAUX[32,11]",0.0
"GENAUX[33,11]",0.0
"GENAUX[34,11]",0.0
"GENAUX[35,11]",0.0
"GENAUX[36,11]",0.0
"GENAUX[37,11]",0.0
"GENAUX[38,11]",0.0
"GENAUX[39,11]",0.0
"GENAUX[40,11]",0.0
"GENAUX[41,11]",0.0
"GENAUX[42,11]",28.103228397404223
"GENAUX[43,11]",0.0
"GENAUX[44,11]",0.0
"GENAUX[45,11]",0.0
"GENAUX[46,11]",0.0
"GENAUX[47,11]",0.0
"GENAUX[48,11]",0.0
"GENAUX[49,11]",0.0
"GENAUX[50,11]",0.0
"GENAUX[51,11]",0.0
"GENAUX[52,11]",0.0
"GENAUX[53,11]",0.0
"GENAUX[54,11]",0.0
"GENAUX[55,11]",0.0
"GENAUX[56,11]",0.0
"GENAUX[57,11]",0.0
"GENAUX[58,11]",0.0
"GENAUX[59,11]",0.0
"GENAUX[60,11]",0.0
"GENAUX[61,11]",0.0
"GENAUX[62,11]",0.0
"GENAUX[63,11]",0.0
"GENAUX[64,11]",0.0
"GENAUX[65,11]",0.0
"GENAUX[66,11]",0.0
"GENAUX[67,11]",0.0
"GENAUX[68,11]",0.0
"GENAUX[69,11]",0.0
"GENAUX[70,11]",0.0
"GENAUX[71,11]",0.0
"GENAUX[72,11]",0.0
"GENAUX[73,11]",4.0
"GENAUX[1,12]",0.0
"GENAUX[2,12]",0.0
"GENAUX[3,12]",46.000000008
"GENAUX[4,12]",46.000000008
"GENAUX[5,12]",0.0
"GENAUX[6,12]",0.0
"GENAUX[7,12]",0.0
"GENAUX[8,12]",0.0
"GENAUX[9,12]",0.0
"GENAUX[10,12]",0.0
"GENAUX[11,12]",0.0
"GENAUX[12,12]",0.0
"GENAUX[13,12]",0.0
"GENAUX[14,12]",0.0
"GENAUX[15,12]",0.0
"GENAUX[16,12]",0.0
"GENAUX[17,12]",0.0
"GENAUX[18,12]",0.0
"GENAUX[19,12]",0.0
"GENAUX[20,12]",0.0
"GENAUX[21,12]",0.0
"GENAUX[22,12]",0.0
"GENAUX[23,12]",0.0
"GENAUX[24,12]",0.0
"GENAUX[25,12]",0.0
"GENAUX[26,12]",0.0
"GENAUX[27,12]",0.0
"GENAUX[28,12]",0.0
"GENAUX[29,12]",0.0
"GENAUX[30,12]",0.0
"GENAUX[31,12]",0.0
"GENAUX[32,12]",0.0
"GENAUX[33,12]",0.0
"GENAUX[34,12]",0.0
"GENAUX[35,12]",0.0
"GENAUX[36,12]",0.0
"GENAUX[37,12]",0.0
"GENAUX[38,12]",0.0
"GENAUX[39,12]",0.0
"GENAUX[40,12]",0.0
"GENAUX[41,12]",93.0
"GENAUX[42,12]",0.0
"GENAUX[43,12]",0.0
"GENAUX[44,12]",0.0
"GENAUX[45,12]",0.0
"GENAUX[46,12]",0.0
"GENAUX[47,12]",0.0
"GENAUX[48,12]",0.0
"GENAUX[49,12]",0.0
"GENAUX[50,12]",0.0
"GENAUX[51,12]",0.0
"GENAUX[52,12]",0.0
"GENAUX[53,12]",0.0
"GENAUX[54,12]",0.0
"GENAUX[55,12]",0.0
"GENAUX[56,12]",0.0
"GENAUX[57,12]",0.0
"GENAUX[58,12]",0.0
"GENAUX[59,12]",0.0
"GENAUX[60,12]",0.0
"GENAUX[61,12]",0.0
"GENAUX[62,12]",0.0
"GENAUX[63,12]",0.0
"GENAUX[64,12]",0.0
"GENAUX[65,12]",0.0
"GENAUX[66,12]",0.0
"GENAUX[67,12]",0.0
"GENAUX[68,12]",0.0
"GENAUX[69,12]",0.0
"GENAUX[70,12]",0.0
"GENAUX[71,12]",0.0
"GENAUX[72,12]",0.0
"GENAUX[73,12]",4.0
"GENAUX[1,13]",0.0
"GENAUX[2,13]",0.0
"GENAUX[3,13]",46.000000008
"GENAUX[4,13]",46.000000008
"GENAUX[5,13]",0.0
"GENAUX[6,13]",0.0
"GENAUX[7,13]",0.0
"GENAUX[8,13]",0.0
"GENAUX[9,13]",0.0
"GENAUX[10,13]",0.0
"GENAUX[11,13]",0.0
"GENAUX[12,13]",0.0
"GENAUX[13,13]",0.0
"GENAUX[14,13]",0.0
"GENAUX[15,13]",0.0
"GENAUX[16,13]",0.0
"GENAUX[17,13]",0.0
"GENAUX[18,13]",0.0
"GENAUX[19,13]",0.0
"GENAUX[20,13]",0.0
"GENAUX[21,13]",0.0
"GENAUX[22,13]",0.0
"GENAUX[23,13]",0.0
"GENAUX[24,13]",0.0
"GENAUX[25,13]",0.0
"GENAUX[26,13]",0.0
"GENAUX[27,13]",0.0
"GENAUX[28,13]",0.0
"GENAUX[29,13]",0.0
"GENAUX[30,13]",0.0
"GENAUX[31,13]",0.0
"GENAUX[32,13]",0.0
"GENAUX[33,13]",0.0
"GENAUX[34,13]",0.0
"GENAUX[35,13]",0.0
"GENAUX[36,13]",0.0
"GENAUX[37,13]",0.0
"GENAUX[38,13]",0.0
"GENAUX[39,13]",0.0
"GENAUX[40,13]",0.0
"GENAUX[41,13]",0.0
"GENAUX[42,13]",89.7116492032423
"GENAUX[43,13]",0.0
"GENAUX[44,13]",0.0
"GENAUX[45,13]",0.0
"GENAUX[46,13]",0.0
"GENAUX[47,13]",0.0
"GENAUX[48,13]",0.0
"GENAUX[49,13]",0.0
"GENAUX[50,13]",0.0
"GENAUX[51,13]",0.0
"GENAUX[52,13]",0.0
"GENAUX[53,13]",0.0
"GENAUX[54,13]",0.0
"GENAUX[55,13]",0.0
"GENAUX[56,13]",0.0
"GENAUX[57,13]",0.0
"GENAUX[58,13]",0.0
"GENAUX[59,13]",0.0
"GENAUX[60,13]",0.0
"GENAUX[61,13]",0.0
"GENAUX[62,13]",0.0
"GENAUX[63,13]",0.0
"GENAUX[64,13]",0.0
"GENAUX[65,13]",0.0
"GENAUX[66,13]",0.0
"GENAUX[67,13]",0.0
"GENAUX[68,13]",0.0
"GENAUX[69,13]",0.0
"GENAUX[70,13]",0.0
"GENAUX[71,13]",0.0
"GENAUX[72,13]",0.0
"GENAUX[73,13]",4.0
"GENAUX[1,14]",0.0
"GENAUX[2,14]",0.0
"GENAUX[3,14]",46.000000008
"GENAUX[4,14]",46.000000008
"GENAUX[5,14]",0.0
"GENAUX[6,14]",0.0
"GENAUX[7,14]",0.0
"GENAUX[8,14]",0.0
"GENAUX[9,14]",0.0
"GENAUX[10,14]",0.0
"GENAUX[11,14]",0.0
"GENAUX[12,14]",0.0
"GENAUX[13,14]",0.0
"GENAUX[14,14]",0.0
"GENAUX[15,14]",0.0
"GENAUX[16,14]",0.0
"GENAUX[17,14]",0.0
"GENAUX[18,14]",0.0
"GENAUX[19,14]",0.0
"GENAUX[20,14]",0.0
"GENAUX[21,14]",0.0
"GENAUX[22,14]",0.0
"GENAUX[23,14]",0.0
"GENAUX[24,14]",0.0
"GENAUX[25,14]",0.0
"GENAUX[26,14]",0.0
"GENAUX[27,14]",0.0
"GENAUX[28,14]",0.0
"GENAUX[29,14]",0.0
"GENAUX[30,14]",0.0
"GENAUX[31,14]",0.0
"GENAUX[32,14]",0.0
"GENAUX[33,14]",0.0
"GENAUX[34,14]",0.0
"GENAUX[35,14]",0.0
"GENAUX[36,14]",0.0
"GENAUX[37,14]",0.0
"GENAUX[38,14]",0.0
"GENAUX[39,14]",0.0
"GENAUX[40,14]",0.0
"GENAUX[41,14]",93.0
"GENAUX[42,14]",0.0
"GENAUX[43,14]",0.0
"GENAUX[44,14]",0.0
"GENAUX[45,14]",0.0
"GENAUX[46,14]",0.0
"GENAUX[47,14]",0.0
"GENAUX[48,14]",0.0
"GENAUX[49,14]",0.0
"GENAUX[50,14]",0.0
"GENAUX[51,14]",0.0
"GENAUX[52,14]",0.0
"GENAUX[53,14]",0.0
"GENAUX[54,14]",0.0
"GENAUX[55,14]",0.0
"GENAUX[56,14]",0.0
"GENAUX[57,14]",0.0
"GENAUX[58,14]",0.0
"GENAUX[59,14]",0.0
"GENAUX[60,14]",0.0
"GENAUX[61,14]",0.0
"GENAUX[62,14]",0.0
"GENAUX[63,14]",0.0
"GENAUX[64,14]",0.0
"GENAUX[65,14]",0.0
"GENAUX[66,14]",0.0
"GENAUX[67,14]",0.0
"GENAUX[68,14]",0.0
"GENAUX[69,14]",0.0
"GENAUX[70,14]",0.0
"GENAUX[71,14]",0.0
"GENAUX[72,14]",0.0
"GENAUX[73,14]",4.0
"GENAUX[1,15]",0.0
"GENAUX[2,15]",0.0
"GENAUX[3,15]",46.000000008
"GENAUX[4,15]",46.000000008
"GENAUX[5,15]",0.0
"GENAUX[6,15]",0.0
"GENAUX[7,15]",0.0
"GENAUX[8,15]",0.0
"GENAUX[9,15]",0.0
"GENAUX[10,15]",0.0
"GENAUX[11,15]",0.0
"GENAUX[12,15]",0.0
"GENAUX[13,15]",0.0
"GENAUX[14,15]",0.0
"GENAUX[15,15]",0.0
"GENAUX[16,15]",0.0
"GENAUX[17,15]",0.0
"GENAUX[18,15]",0.0
"GENAUX[19,15]",0.0
"GENAUX[20,15]",0.0
"GENAUX[21,15]",0.0
"GENAUX[22,15]",0.0
"GENAUX[23,15]",0.0
"GENAUX[24,15]",0.0
"GENAUX[25,15]",0.0
"GENAUX[26,15]",0.0
"GENAUX[27,15]",0.0
"GENAUX[28,15]",0.0
"GENAUX[29,15]",0.0
"GENAUX[30,15]",0.0
"GENAUX[31,15]",0.0
"GENAUX[32,15]",0.0
"GENAUX[33,15]",0.0
"GENAUX[34,15]",0.0
"GENAUX[35,15]",0.0
"GENAUX[36,15]",0.0
"GENAUX[37,15]",0.0
"GENAUX[38,15]",0.0
"GENAUX[39,15]",0.0
"GENAUX[40,15]",0.0
"GENAUX[41,15]",0.0
"GENAUX[42,15]",93.0
"GENAUX[43,15]",0.0
"GENAUX[44,15]",0.0
"GENAUX[45,15]",0.0
"GENAUX[46,15]",0.0
"GENAUX[47,15]",0.0
"GENAUX[48,15]",0.0
"GENAUX[49,15]",0.0
"GENAUX[50,15]",0.0
"GENAUX[51,15]",0.0
"GENAUX[52,15]",0.0
"GENAUX[53,15]",0.0
"GENAUX[54,15]",0.0
"GENAUX[55,15]",0.0
"GENAUX[56,15]",0.0
"GENAUX[57,15]",0.0
"GENAUX[58,15]",0.0
"GENAUX[59,15]",0.0
"GENAUX[60,15]",0.0
"GENAUX[61,15]",0.0
"GENAUX[62,15]",0.0
"GENAUX[63,15]",0.0
"GENAUX[64,15]",0.0
"GENAUX[65,15]",0.0
"GENAUX[66,15]",0.0
"GENAUX[67,15]",0.0
"GENAUX[68,15]",0.0
"GENAUX[69,15]",0.0
"GENAUX[70,15]",0.0
"GENAUX[71,15]",0.0
"GENAUX[72,15]",0.0
"GENAUX[73,15]",4.0
"GENAUX[1,16]",0.0
"GENAUX[2,16]",0.0
"GENAUX[3,16]",46.000000008
"GENAUX[4,16]",46.000000008
"GENAUX[5,16]",0.0
"GENAUX[6,16]",0.0
"GENAUX[7,16]",0.0
"GENAUX[8,16]",0.0
"GENAUX[9,16]",0.0
"GENAUX[10,16]",0.0
"GENAUX[11,16]",0.0
"GENAUX[12,16]",0.0
"GENAUX[13,16]",0.0
"GENAUX[14,16]",0.0
"GENAUX[15,16]",0.0
"GENAUX[16,16]",0.0
"GENAUX[17,16]",0.0
"GENAUX[18,16]",0.0
"GENAUX[19,16]",0.0
"GENAUX[20,16]",0.0
"GENAUX[21,16]",0.0
"GENAUX[22,16]",0.0
"GENAUX[23,16]",0.0
"GENAUX[24,16]",0.0
"GENAUX[25,16]",0.0
"GENAUX[26,16]",0.0
"GENAUX[27,16]",0.0
"GENAUX[28,16]",0.0
"GENAUX[29,16]",0.0
"GENAUX[30,16]",0.0
"GENAUX[31,16]",0.0
"GENAUX[32,16]",0.0
"GENAUX[33,16]",0.0
"GENAUX[34,16]",0.0
"GENAUX[35,16]",0.0
"GENAUX[36,16]",0.0
"GENAUX[37,16]",0.0
"GENAUX[38,16]",89.31068013328081
"GENAUX[39,16]",0.0
"GENAUX[40,16]",0.0
"GENAUX[41,16]",93.0
"GENAUX[42,16]",93.0
"GENAUX[43,16]",0.0
"GENAUX[44,16]",0.0
"GENAUX[45,16]",0.0
"GENAUX[46,16]",0.0
"GENAUX[47,16]",0.0
"GENAUX[48,16]",0.0
"GENAUX[49,16]",0.0
"GENAUX[50,16]",0.0
"GENAUX[51,16]",0.0
"GENAUX[52,16]",0.0
"GENAUX[53,16]",0.0
"GENAUX[54,16]",0.0
"GENAUX[55,16]",0.0
"GENAUX[56,16]",0.0
"GENAUX[57,16]",0.0
"GENAUX[58,16]",0.0
"GENAUX[59,16]",0.0
"GENAUX[60,16]",0.0
"GENAUX[61,16]",0.0
"GENAUX[62,16]",0.0
"GENAUX[63,16]",0.0
"GENAUX[64,16]",0.0
"GENAUX[65,16]",0.0
"GENAUX[66,16]",0.0
"GENAUX[67,16]",0.0
"GENAUX[68,16]",0.0
"GENAUX[69,16]",0.0
"GENAUX[70,16]",0.0
"GENAUX[71,16]",0.0
"GENAUX[72,16]",0.0
"GENAUX[73,16]",4.0
"GENAUX[1,17]",0.0
"GENAUX[2,17]",0.0
"GENAUX[3,17]",46.000000008
"GENAUX[4,17]",46.000000008
"GENAUX[5,17]",0.0
"GENAUX[6,17]",0.0
"GENAUX[7,17]",46.000000008
"GENAUX[8,17]",46.000000008
"GENAUX[9,17]",0.0
"GENAUX[10,17]",0.0
"GENAUX[11,17]",0.0
"GENAUX[12,17]",0.0
"GENAUX[13,17]",0.0
"GENAUX[14,17]",0.0
"GENAUX[15,17]",0.0
"GENAUX[16,17]",0.0
"GENAUX[17,17]",0.0
"GENAUX[18,17]",0.0
"GENAUX[19,17]",0.0
"GENAUX[20,17]",28.8754704030614
"GENAUX[21,17]",0.0
"GENAUX[22,17]",0.0
"GENAUX[23,17]",0.0
"GENAUX[24,17]",0.0
"GENAUX[25,17]",0.0
"GENAUX[26,17]",0.0
"GENAUX[27,17]",0.0
"GENAUX[28,17]",0.0
"GENAUX[29,17]",0.0
"GENAUX[30,17]",0.0
"GENAUX[31,17]",0.0
"GENAUX[32,17]",0.0
"GENAUX[33,17]",0.0
"GENAUX[34,17]",0.0
"GENAUX[35,17]",0.0
"GENAUX[36,17]",0.0
"GENAUX[37,17]",0.0
"GENAUX[38,17]",93.0
"GENAUX[39,17]",0.0
"GENAUX[40,17]",0.0
"GENAUX[41,17]",93.0
"GENAUX[42,17]",93.0
"GENAUX[43,17]",210.0
"GENAUX[44,17]",0.0
"GENAUX[45,17]",0.0
"GENAUX[46,17]",0.0
"GENAUX[47,17]",0.0
"GENAUX[48,17]",0.0
"GENAUX[49,17]",0.0
"GENAUX[50,17]",0.0
"GENAUX[51,17]",0.0
"GENAUX[52,17]",0.0
"GENAUX[53,17]",0.0
"GENAUX[54,17]",0.0
"GENAUX[55,17]",0.0
"GENAUX[56,17]",0.0
"GENAUX[57,17]",0.0
"GENAUX[58,17]",0.0
"GENAUX[59,17]",0.0
"GENAUX[60,17]",0.0
"GENAUX[61,17]",0.0
"GENAUX[62,17]",0.0
"GENAUX[63,17]",0.0
"GENAUX[64,17]",0.0
"GENAUX[65,17]",0.0
"GENAUX[66,17]",0.0
"GENAUX[67,17]",0.0
"GENAUX[68,17]",0.0
"GENAUX[69,17]",0.0
"GENAUX[70,17]",0.0
"GENAUX[71,17]",0.0
"GENAUX[72,17]",0.0
"GENAUX[73,17]",4.0
"GENAUX[1,18]",0.0
"GENAUX[2,18]",0.0
"GENAUX[3,18]",46.000000008
"GENAUX[4,18]",46.000000008
"GENAUX[5,18]",0.0
"GENAUX[6,18]",0.0
"GENAUX[7,18]",46.000000008
"GENAUX[8,18]",46.000000008
"GENAUX[9,18]",0.0
"GENAUX[10,18]",0.0
"GENAUX[11,18]",0.0
"GENAUX[12,18]",0.0
"GENAUX[13,18]",0.0
"GENAUX[14,18]",0.0
"GENAUX[15,18]",0.0
"GENAUX[16,18]",0.0
"GENAUX[17,18]",0.0
"GENAUX[18,18]",0.0
"GENAUX[19,18]",0.0
"GENAUX[20,18]",210.0
"GENAUX[21,18]",0.0
"GENAUX[22,18]",0.0
"GENAUX[23,18]",0.0
"GENAUX[24,18]",0.0
"GENAUX[25,18]",0.0
"GENAUX[26,18]",0.0
"GENAUX[27,18]",0.0
"GENAUX[28,18]",0.0
"GENAUX[29,18]",0.0
"GENAUX[30,18]",0.0
"GENAUX[31,18]",0.0
"GENAUX[32,18]",0.0
"GENAUX[33,18]",0.0
"GENAUX[34,18]",0.0
"GENAUX[35,18]",0.0
"GENAUX[36,18]",0.0
"GENAUX[37,18]",0.0
"GENAUX[38,18]",93.0
"GENAUX[39,18]",0.0
"GENAUX[40,18]",0.0
"GENAUX[41,18]",93.0
"GENAUX[42,18]",93.0
"GENAUX[43,18]",210.0
"GENAUX[44,18]",0.0
"GENAUX[45,18]",0.0
"GENAUX[46,18]",0.0
"GENAUX[47,18]",0.0
"GENAUX[48,18]",0.0
"GENAUX[49,18]",0.0
"GENAUX[50,18]",0.0
"GENAUX[51,18]",0.0
"GENAUX[52,18]",0.0
"GENAUX[53,18]",0.0
"GENAUX[54,18]",0.0
"GENAUX[55,18]",0.0
"GENAUX[56,18]",0.0
"GENAUX[57,18]",0.0
"GENAUX[58,18]",0.0
"GENAUX[59,18]",0.0
"GENAUX[60,18]",0.0
"GENAUX[61,18]",0.0
"GENAUX[62,18]",0.0
"GENAUX[63,18]",0.0
"GENAUX[64,18]",0.0
"GENAUX[65,18]",0.0
"GENAUX[66,18]",0.0
"GENAUX[67,18]",0.0
"GENAUX[68,18]",0.0
"GENAUX[69,18]",0.0
"GENAUX[70,18]",0.0
"GENAUX[71,18]",0.0
"GENAUX[72,18]",0.0
"GENAUX[73,18]",4.0
"GENAUX[1,19]",0.0
"GENAUX[2,19]",0.0
"GENAUX[3,19]",46.000000008
"GENAUX[4,19]",46.000000008
"GENAUX[5,19]",0.0
"GENAUX[6,19]",0.0
"GENAUX[7,19]",46.000000008
"GENAUX[8,19]",46.000000008
"GENAUX[9,19]",0.0
"GENAUX[10,19]",0.0
"GENAUX[11,19]",0.0
"GENAUX[12,19]",0.0
"GENAUX[13,19]",0.0
"GENAUX[14,19]",0.0
"GENAUX[15,19]",0.0
"GENAUX[16,19]",0.0
"GENAUX[17,19]",0.0
"GENAUX[18,19]",0.0
"GENAUX[19,19]",0.0
"GENAUX[20,19]",210.0
"GENAUX[21,19]",0.0
"GENAUX[22,19]",0.0
"GENAUX[23,19]",0.0
"GENAUX[24,19]",0.0
"GENAUX[25,19]",0.0
"GENAUX[26,19]",0.0
"GENAUX[27,19]",0.0
"GENAUX[28,19]",0.0
"GENAUX[29,19]",0.0
"GENAUX[30,19]",0.0
"GENAUX[31,19]",0.0
"GENAUX[32,19]",0.0
"GENAUX[33,19]",0.0
"GENAUX[34,19]",0.0
"GENAUX[35,19]",0.0
"GENAUX[36,19]",0.0
"GENAUX[37,19]",0.0
"GENAUX[38,19]",93.0
"GENAUX[39,19]",0.0
"GENAUX[40,19]",0.0
"GENAUX[41,19]",93.0
"GENAUX[42,19]",93.0
"GENAUX[43,19]",210.0
"GENAUX[44,19]",0.0
"GENAUX[45,19]",0.0
"GENAUX[46,19]",0.0
"GENAUX[47,19]",0.0
"GENAUX[48,19]",0.0
"GENAUX[49,19]",0.0
"GENAUX[50,19]",0.0
"GENAUX[51,19]",0.0
"GENAUX[52,19]",0.0
"GENAUX[53,19]",0.0
"GENAUX[54,19]",0.0
"GENAUX[55,19]",0.0
"GENAUX[56,19]",0.0
"GENAUX[57,19]",0.0
"GENAUX[58,19]",0.0
"GENAUX[59,19]",0.0
"GENAUX[60,19]",0.0
"GENAUX[61,19]",0.0
"GENAUX[62,19]",0.0
"GENAUX[63,19]",0.0
"GENAUX[64,19]",0.0
"GENAUX[65,19]",0.0
"GENAUX[66,19]",0.0
"GENAUX[67,19]",0.0
"GENAUX[68,19]",0.0
"GENAUX[69,19]",0.0
"GENAUX[70,19]",0.0
"GENAUX[71,19]",0.0
"GENAUX[72,19]",0.0
"GENAUX[73,19]",4.0
"GENAUX[1,20]",0.0
"GENAUX[2,20]",0.0
"GENAUX[3,20]",46.000000008
"GENAUX[4,20]",46.000000008
"GENAUX[5,20]",0.0
"GENAUX[6,20]",0.0
"GENAUX[7,20]",46.000000008
"GENAUX[8,20]",46.000000008
"GENAUX[9,20]",0.0
"GENAUX[10,20]",0.0
"GENAUX[11,20]",0.0
"GENAUX[12,20]",0.0
"GENAUX[13,20]",0.0
"GENAUX[14,20]",0.0
"GENAUX[15,20]",0.0
"GENAUX[16,20]",0.0
"GENAUX[17,20]",0.0
"GENAUX[18,20]",0.0
"GENAUX[19,20]",0.0
"GENAUX[20,20]",210.0
"GENAUX[21,20]",0.0
"GENAUX[22,20]",0.0
"GENAUX[23,20]",0.0
"GENAUX[24,20]",0.0
"GENAUX[25,20]",0.0
"GENAUX[26,20]",0.0
"GENAUX[27,20]",0.0
"GENAUX[28,20]",0.0
"GENAUX[29,20]",0.0
"GENAUX[30,20]",0.0
"GENAUX[31,20]",0.0
"GENAUX[32,20]",0.0
"GENAUX[33,20]",0.0
"GENAUX[34,20]",0.0
"GENAUX[35,20]",0.0
"GENAUX[36,20]",0.0
"GENAUX[37,20]",0.0
"GENAUX[38,20]",93.0
"GENAUX[39,20]",0.0
"GENAUX[40,20]",0.0
"GENAUX[41,20]",93.0
"GENAUX[42,20]",93.0
"GENAUX[43,20]",210.0
"GENAUX[44,20]",0.0
"GENAUX[45,20]",0.0
"GENAUX[46,20]",0.0
"GENAUX[47,20]",0.0
"GENAUX[48,20]",0.0
"GENAUX[49,20]",0.0
"GENAUX[50,20]",0.0
"GENAUX[51,20]",0.0
"GENAUX[52,20]",0.0
"GENAUX[53,20]",0.0
"GENAUX[54,20]",0.0
"GENAUX[55,20]",0.0
"GENAUX[56,20]",0.0
"GENAUX[57,20]",0.0
"GENAUX[58,20]",0.0
"GENAUX[59,20]",0.0
"GENAUX[60,20]",0.0
"GENAUX[61,20]",0.0
"GENAUX[62,20]",0.0
"GENAUX[63,20]",0.0
"GENAUX[64,20]",0.0
"GENAUX[65,20]",0.0
"GENAUX[66,20]",0.0
"GENAUX[67,20]",0.0
"GENAUX[68,20]",0.0
"GENAUX[69,20]",0.0
"GENAUX[70,20]",0.0
"GENAUX[71,20]",0.0
"GENAUX[72,20]",0.0
"GENAUX[73,20]",4.0
"GENAUX[1,21]",0.0
"GENAUX[2,21]",0.0
"GENAUX[3,21]",46.000000008
"GENAUX[4,21]",46.000000008
"GENAUX[5,21]",0.0
"GENAUX[6,21]",0.0
"GENAUX[7,21]",46.000000008
"GENAUX[8,21]",46.000000008
"GENAUX[9,21]",0.0
"GENAUX[10,21]",0.0
"GENAUX[11,21]",0.0
"GENAUX[12,21]",0.0
"GENAUX[13,21]",0.0
"GENAUX[14,21]",0.0
"GENAUX[15,21]",0.0
"GENAUX[16,21]",0.0
"GENAUX[17,21]",0.0
"GENAUX[18,21]",0.0
"GENAUX[19,21]",0.0
"GENAUX[20,21]",210.0
"GENAUX[21,21]",0.0
"GENAUX[22,21]",0.0
"GENAUX[23,21]",0.0
"GENAUX[24,21]",0.0
"GENAUX[25,21]",0.0
"GENAUX[26,21]",0.0
"GENAUX[27,21]",0.0
"GENAUX[28,21]",0.0
"GENAUX[29,21]",0.0
"GENAUX[30,21]",0.0
"GENAUX[31,21]",0.0
"GENAUX[32,21]",0.0
"GENAUX[33,21]",0.0
"GENAUX[34,21]",0.0
"GENAUX[35,21]",0.0
"GENAUX[36,21]",0.0
"GENAUX[37,21]",0.0
"GENAUX[38,21]",93.0
"GENAUX[39,21]",0.0
"GENAUX[40,21]",0.0
"GENAUX[41,21]",93.0
"GENAUX[42,21]",93.0
"GENAUX[43,21]",210.0
"GENAUX[44,21]",0.0
"GENAUX[45,21]",0.0
"GENAUX[46,21]",0.0
"GENAUX[47,21]",0.0
"GENAUX[48,21]",0.0
"GENAUX[49,21]",0.0
"GENAUX[50,21]",0.0
"GENAUX[51,21]",0.0
"GENAUX[52,21]",0.0
"GENAUX[53,21]",0.0
"GENAUX[54,21]",0.0
"GENAUX[55,21]",0.0
"GENAUX[56,21]",0.0
"GENAUX[57,21]",0.0
"GENAUX[58,21]",0.0
"GENAUX[59,21]",0.0
"GENAUX[60,21]",0.0
"GENAUX[61,21]",0.0
"GENAUX[62,21]",0.0
"GENAUX[63,21]",0.0
"GENAUX[64,21]",0.0
"GENAUX[65,21]",0.0
"GENAUX[66,21]",0.0
"GENAUX[67,21]",0.0
"GENAUX[68,21]",0.0
"GENAUX[69,21]",0.0
"GENAUX[70,21]",0.0
"GENAUX[71,21]",0.0
"GENAUX[72,21]",0.0
"GENAUX[73,21]",4.0
"GENAUX[1,22]",0.0
"GENAUX[2,22]",0.0
"GENAUX[3,22]",46.000000008
"GENAUX[4,22]",46.000000008
"GENAUX[5,22]",0.0
"GENAUX[6,22]",0.0
"GENAUX[7,22]",46.000000008
"GENAUX[8,22]",46.000000008
"GENAUX[9,22]",0.0
"GENAUX[10,22]",0.0
"GENAUX[11,22]",0.0
"GENAUX[12,22]",0.0
"GENAUX[13,22]",0.0
"GENAUX[14,22]",0.0
"GENAUX[15,22]",0.0
"GENAUX[16,22]",0.0
"GENAUX[17,22]",0.0
"GENAUX[18,22]",0.0
"GENAUX[19,22]",0.0
"GENAUX[20,22]",210.0
"GENAUX[21,22]",0.0
"GENAUX[22,22]",0.0
"GENAUX[23,22]",0.0
"GENAUX[24,22]",0.0
"GENAUX[25,22]",0.0
"GENAUX[26,22]",0.0
"GENAUX[27,22]",0.0
"GENAUX[28,22]",0.0
"GENAUX[29,22]",0.0
"GENAUX[30,22]",0.0
"GENAUX[31,22]",0.0
"GENAUX[32,22]",0.0
"GENAUX[33,22]",0.0
"GENAUX[34,22]",0.0
"GENAUX[35,22]",0.0
"GENAUX[36,22]",0.0
"GENAUX[37,22]",0.0
"GENAUX[38,22]",93.0
"GENAUX[39,22]",0.0
"GENAUX[40,22]",0.0
"GENAUX[41,22]",93.0
"GENAUX[42,22]",93.0
"GENAUX[43,22]",210.0
"GENAUX[44,22]",0.0
"GENAUX[45,22]",0.0
"GENAUX[46,22]",0.0
"GENAUX[47,22]",0.0
"GENAUX[48,22]",0.0
"GENAUX[49,22]",0.0
"GENAUX[50,22]",0.0
"GENAUX[51,22]",0.0
"GENAUX[52,22]",0.0
"GENAUX[53,22]",0.0
"GENAUX[54,22]",0.0
"GENAUX[55,22]",0.0
"GENAUX[56,22]",0.0
"GENAUX[57,22]",0.0
"GENAUX[58,22]",0.0
"GENAUX[59,22]",0.0
"GENAUX[60,22]",0.0
"GENAUX[61,22]",0.0
"GENAUX[62,22]",0.0
"GENAUX[63,22]",0.0
"GENAUX[64,22]",0.0
"GENAUX[65,22]",0.0
"GENAUX[66,22]",0.0
"GENAUX[67,22]",0.0
"GENAUX[68,22]",0.0
"GENAUX[69,22]",0.0
"GENAUX[70,22]",0.0
"GENAUX[71,22]",0.0
"GENAUX[72,22]",0.0
"GENAUX[73,22]",4.0
"GENAUX[1,23]",0.0
"GENAUX[2,23]",0.0
"GENAUX[3,23]",46.000000008
"GENAUX[4,23]",46.000000008
"GENAUX[5,23]",0.0
"GENAUX[6,23]",0.0
"GENAUX[7,23]",46.000000008
"GENAUX[8,23]",46.000000008
"GENAUX[9,23]",0.0
"GENAUX[10,23]",0.0
"GENAUX[11,23]",0.0
"GENAUX[12,23]",0.0
"GENAUX[13,23]",0.0
"GENAUX[14,23]",0.0
"GENAUX[15,23]",0.0
"GENAUX[16,23]",0.0
"GENAUX[17,23]",0.0
"GENAUX[18,23]",0.0
"GENAUX[19,23]",0.0
"GENAUX[20,23]",0.0
"GENAUX[21,23]",0.0
"GENAUX[22,23]",0.0
"GENAUX[23,23]",0.0
"GENAUX[24,23]",0.0
"GENAUX[25,23]",0.0
"GENAUX[26,23]",0.0
"GENAUX[27,23]",0.0
"GENAUX[28,23]",0.0
"GENAUX[29,23]",0.0
"GENAUX[30,23]",0.0
"GENAUX[31,23]",0.0
"GENAUX[32,23]",0.0
"GENAUX[33,23]",0.0
"GENAUX[34,23]",0.0
"GENAUX[35,23]",0.0
"GENAUX[36,23]",0.0
"GENAUX[37,23]",0.0
"GENAUX[38,23]",93.0
"GENAUX[39,23]",0.0
"GENAUX[40,23]",0.0
"GENAUX[41,23]",93.0
"GENAUX[42,23]",93.0
"GENAUX[43,23]",210.0
"GENAUX[44,23]",0.0
"GENAUX[45,23]",0.0
"GENAUX[46,23]",0.0
"GENAUX[47,23]",0.0
"GENAUX[48,23]",0.0
"GENAUX[49,23]",0.0
"GENAUX[50,23]",0.0
"GENAUX[51,23]",0.0
"GENAUX[52,23]",0.0
"GENAUX[53,23]",0.0
"GENAUX[54,23]",0.0
"GENAUX[55,23]",0.0
"GENAUX[56,23]",0.0
"GENAUX[57,23]",0.0
"GENAUX[58,23]",0.0
"GENAUX[59,23]",0.0
"GENAUX[60,23]",0.0
"GENAUX[61,23]",0.0
"GENAUX[62,23]",0.0
"GENAUX[63,23]",0.0
"GENAUX[64,23]",0.0
"GENAUX[65,23]",0.0
"GENAUX[66,23]",0.0
"GENAUX[67,23]",0.0
"GENAUX[68,23]",0.0
"GENAUX[69,23]",0.0
"GENAUX[70,23]",0.0
"GENAUX[71,23]",0.0
"GENAUX[72,23]",0.0
"GENAUX[73,23]",4.0
"GENAUX[1,24]",0.0
"GENAUX[2,24]",0.0
"GENAUX[3,24]",46.000000008
"GENAUX[4,24]",46.000000008
"GENAUX[5,24]",0.0
"GENAUX[6,24]",0.0
"GENAUX[7,24]",46.000000008
"GENAUX[8,24]",46.000000008
"GENAUX[9,24]",0.0
"GENAUX[10,24]",0.0
"GENAUX[11,24]",0.0
"GENAUX[12,24]",0.0
"GENAUX[13,24]",0.0
"GENAUX[14,24]",0.0
"GENAUX[15,24]",0.0
"GENAUX[16,24]",0.0
"GENAUX[17,24]",0.0
"GENAUX[18,24]",0.0
"GENAUX[19,24]",0.0
"GENAUX[20,24]",0.0
"GENAUX[21,24]",0.0
"GENAUX[22,24]",0.0
"GENAUX[23,24]",0.0
"GENAUX[24,24]",0.0
"GENAUX[25,24]",0.0
"GENAUX[26,24]",0.0
"GENAUX[27,24]",0.0
"GENAUX[28,24]",0.0
"GENAUX[29,24]",0.0
"GENAUX[30,24]",0.0
"GENAUX[31,24]",0.0
"GENAUX[32,24]",0.0
"GENAUX[33,24]",0.0
"GENAUX[34,24]",0.0
"GENAUX[35,24]",0.0
"GENAUX[36,24]",0.0
"GENAUX[37,24]",0.0
"GENAUX[38,24]",93.0
"GENAUX[39,24]",0.0
"GENAUX[40,24]",0.0
"GENAUX[41,24]",93.0
"GENAUX[42,24]",93.0
"GENAUX[43,24]",139.59949970023513
"GENAUX[44,24]",0.0
"GENAUX[45,24]",0.0
"GENAUX[46,24]",0.0
"GENAUX[47,24]",0.0
"GENAUX[48,24]",0.0
"GENAUX[49,24]",0.0
"GENAUX[50,24]",0.0
"GENAUX[51,24]",0.0
"GENAUX[52,24]",0.0
"GENAUX[53,24]",0.0
"GENAUX[54,24]",0.0
"GENAUX[55,24]",0.0
"GENAUX[56,24]",0.0
"GENAUX[57,24]",0.0
"GENAUX[58,24]",0.0
"GENAUX[59,24]",0.0
"GENAUX[60,24]",0.0
"GENAUX[61,24]",0.0
"GENAUX[62,24]",0.0
"GENAUX[63,24]",0.0
"GENAUX[64,24]",0.0
"GENAUX[65,24]",0.0
"GENAUX[66,24]",0.0
"GENAUX[67,24]",0.0
"GENAUX[68,24]",0.0
"GENAUX[69,24]",0.0
"GENAUX[70,24]",0.0
"GENAUX[71,24]",0.0
"GENAUX[72,24]",0.0
"GENAUX[73,24]",4.0
"RESUP[1,1]",0.0
"RESUP[2,1]",0.0
"RESUP[3,1]",0.0
"RESUP[4,1]",0.0
"RESUP[5,1]",0.0
"RESUP[6,1]",0.0
"RESUP[7,1]",0.0
"RESUP[8,1]",0.0
"RESUP[9,1]",0.0
"RESUP[10,1]",0.0
"RESUP[11,1]",0.0
"RESUP[12,1]",0.0
"RESUP[13,1]",0.0
"RESUP[14,1]",0.0
"RESUP[15,1]",0.0
"RESUP[16,1]",0.0
"RESUP[17,1]",0.0
"RESUP[18,1]",0.0
"RESUP[19,1]",0.0
"RESUP[20,1]",17.180006034391454
"RESUP[21,1]",0.0
"RESUP[22,1]",0.0
"RESUP[23,1]",0.0
"RESUP[24,1]",0.0
"RESUP[25,1]",0.0
"RESUP[26,1]",0.0
"RESUP[27,1]",0.0
"RESUP[28,1]",0.0
"RESUP[29,1]",0.0
"RESUP[30,1]",0.0
"RESUP[31,1]",0.0
"RESUP[32,1]",0.0
"RESUP[33,1]",0.0
"RESUP[34,1]",0.0
"RESUP[35,1]",0.0
"RESUP[36,1]",0.0
"RESUP[37,1]",0.0
"RESUP[38,1]",0.0
"RESUP[39,1]",0.0
"RESUP[40,1]",0.0
"RESUP[41,1]",0.0
"RESUP[42,1]",0.0
"RESUP[43,1]",0.0
"RESUP[44,1]",0.0
"RESUP[45,1]",0.0
"RESUP[46,1]",0.0
"RESUP[47,1]",0.0
"RESUP[48,1]",0.0
"RESUP[49,1]",0.0
"RESUP[50,1]",0.0
"RESUP[51,1]",0.0
"RESUP[52,1]",0.0
"RESUP[53,1]",0.0
"RESUP[54,1]",0.0
"RESUP[55,1]",0.0
"RESUP[56,1]",0.0
"RESUP[57,1]",0.0
"RESUP[58,1]",0.0
"RESUP[59,1]",0.0
"RESUP[60,1]",0.0
"RESUP[61,1]",0.0
"RESUP[62,1]",0.0
"RESUP[63,1]",0.0
"RESUP[64,1]",0.0
"RESUP[65,1]",0.0
"RESUP[66,1]",0.0
"RESUP[67,1]",0.0
"RESUP[68,1]",0.0
"RESUP[69,1]",0.0
"RESUP[70,1]",0.0
"RESUP[71,1]",0.0
"RESUP[72,1]",0.0
"RESUP[73,1]",0.0
"RESUP[101,1]",212.38903491708305
"RESUP[102,1]",0.0
"RESUP[103,1]",0.0
"RESUP[104,1]",283.5
"RESUP[105,1]",0.0
"RESUP[106,1]",265.8
"RESUP[107,1]",0.0
"RESUP[108,1]",0.0
"RESUP[109,1]",0.0
"RESUP[110,1]",0.0
"RESUP[1,2]",0.0
"RESUP[2,2]",0.0
"RESUP[3,2]",0.0
"RESUP[4,2]",0.0
"RESUP[5,2]",0.0
"RESUP[6,2]",0.0
"RESUP[7,2]",0.0
"RESUP[8,2]",0.0
"RESUP[9,2]",0.0
"RESUP[10,2]",0.0
"RESUP[11,2]",0.0
"RESUP[12,2]",0.0
"RESUP[13,2]",0.0
"RESUP[14,2]",0.0
"RESUP[15,2]",0.0
"RESUP[16,2]",0.0
"RESUP[17,2]",0.0
"RESUP[18,2]",0.0
"RESUP[19,2]",0.0
"RESUP[20,2]",210.0
"RESUP[21,2]",0.0
"RESUP[22,2]",0.0
"RESUP[23,2]",0.0
"RESUP[24,2]",0.0
"RESUP[25,2]",0.0
"RESUP[26,2]",0.0
"RESUP[27,2]",0.0
"RESUP[28,2]",0.0
"RESUP[29,2]",0.0
"RESUP[30,2]",0.0
"RESUP[31,2]",0.0
"RESUP[32,2]",0.0
"RESUP[33,2]",0.0
"RESUP[34,2]",0.0
"RESUP[35,2]",0.0
"RESUP[36,2]",0.0
"RESUP[37,2]",0.0
"RESUP[38,2]",0.0
"RESUP[39,2]",0.0
"RESUP[40,2]",0.0
"RESUP[41,2]",0.0
"RESUP[42,2]",0.0
"RESUP[43,2]",54.691030297436555
"RESUP[44,2]",0.0
"RESUP[45,2]",0.0
"RESUP[46,2]",0.0
"RESUP[47,2]",0.0
"RESUP[48,2]",0.0
"RESUP[49,2]",0.0
"RESUP[50,2]",0.0
"RESUP[51,2]",0.0
"RESUP[52,2]",0.0
"RESUP[53,2]",0.0
"RESUP[54,2]",0.0
"RESUP[55,2]",0.0
"RESUP[56,2]",0.0
"RESUP[57,2]",0.0
"RESUP[58,2]",0.0
"RESUP[59,2]",0.0
"RESUP[60,2]",0.0
"RESUP[61,2]",0.0
"RESUP[62,2]",0.0
"RESUP[63,2]",0.0
"RESUP[64,2]",0.0
"RESUP[65,2]",0.0
"RESUP[66,2]",0.0
"RESUP[67,2]",0.0
"RESUP[68,2]",0.0
"RESUP[69,2]",0.0
"RESUP[70,2]",0.0
"RESUP[71,2]",0.0
"RESUP[72,2]",0.0
"RESUP[73,2]",0.0
"RESUP[101,2]",0.0
"RESUP[102,2]",0.0
"RESUP[103,2]",279.0
"RESUP[104,2]",0.0
"RESUP[105,2]",0.0
"RESUP[106,2]",183.52716308998652
"RESUP[107,2]",0.0
"RESUP[108,2]",0.0
"RESUP[109,2]",0.0
"RESUP[110,2]",0.0
"RESUP[1,3]",0.0
"RESUP[2,3]",0.0
"RESUP[3,3]",0.0
"RESUP[4,3]",0.0
"RESUP[5,3]",0.0
"RESUP[6,3]",0.0
"RESUP[7,3]",0.0
"RESUP[8,3]",0.0
"RESUP[9,3]",0.0
"RESUP[10,3]",0.0
"RESUP[11,3]",0.0
"RESUP[12,3]",0.0
"RESUP[13,3]",0.0
"RESUP[14,3]",0.0
"RESUP[15,3]",0.0
"RESUP[16,3]",0.0
"RESUP[17,3]",0.0
"RESUP[18,3]",0.0
"RESUP[19,3]",0.0
"RESUP[20,3]",164.3990280165417
"RESUP[21,3]",0.0
"RESUP[22,3]",0.0
"RESUP[23,3]",0.0
"RESUP[24,3]",0.0
"RESUP[25,3]",0.0
"RESUP[26,3]",0.0
"RESUP[27,3]",0.0
"RESUP[28,3]",0.0
"RESUP[29,3]",0.0
"RESUP[30,3]",0.0
"RESUP[31,3]",0.0
"RESUP[32,3]",0.0
"RESUP[33,3]",0.0
"RESUP[34,3]",0.0
"RESUP[35,3]",0.0
"RESUP[36,3]",0.0
"RESUP[37,3]",0.0
"RESUP[38,3]",0.0
"RESUP[39,3]",0.0
"RESUP[40,3]",0.0
"RESUP[41,3]",0.0
"RESUP[42,3]",0.0
"RESUP[43,3]",0.0
"RESUP[44,3]",0.0
"RESUP[45,3]",0.0
"RESUP[46,3]",0.0
"RESUP[47,3]",0.0
"RESUP[48,3]",0.0
"RESUP[49,3]",0.0
"RESUP[50,3]",0.0
"RESUP[51,3]",0.0
"RESUP[52,3]",0.0
"RESUP[53,3]",0.0
"RESUP[54,3]",0.0
"RESUP[55,3]",0.0
"RESUP[56,3]",0.0
"RESUP[57,3]",0.0
"RESUP[58,3]",0.0
"RESUP[59,3]",0.0
"RESUP[60,3]",0.0
"RESUP[61,3]",0.0
"RESUP[62,3]",0.0
"RESUP[63,3]",0.0
"RESUP[64,3]",0.0
"RESUP[65,3]",0.0
"RESUP[66,3]",0.0
"RESUP[67,3]",0.0
"RESUP[68,3]",0.0
"RESUP[69,3]",0.0
"RESUP[70,3]",0.0
"RESUP[71,3]",0.0
"RESUP[72,3]",0.0
"RESUP[73,3]",0.0
"RESUP[101,3]",0.0
"RESUP[102,3]",277.5
"RESUP[103,3]",123.73474290643401
"RESUP[104,3]",0.0
"RESUP[105,3]",287.85
"RESUP[106,3]",0.0
"RESUP[107,3]",0.0
"RESUP[108,3]",0.0
"RESUP[109,3]",0.0
"RESUP[110,3]",0.0
"RESUP[1,4]",0.0
"RESUP[2,4]",0.0
"RESUP[3,4]",0.0
"RESUP[4,4]",0.0
"RESUP[5,4]",0.0
"RESUP[6,4]",0.0
"RESUP[7,4]",0.0
"RESUP[8,4]",0.0
"RESUP[9,4]",0.0
"RESUP[10,4]",0.0
"RESUP[11,4]",0.0
"RESUP[12,4]",0.0
"RESUP[13,4]",0.0
"RESUP[14,4]",0.0
"RESUP[15,4]",0.0
"RESUP[16,4]",0.0
"RESUP[17,4]",0.0
"RESUP[18,4]",0.0
"RESUP[19,4]",0.0
"RESUP[20,4]",96.27799623403439
"RESUP[21,4]",0.0
"RESUP[22,4]",0.0
"RESUP[23,4]",0.0
"RESUP[24,4]",0.0
"RESUP[25,4]",0.0
"RESUP[26,4]",0.0
"RESUP[27,4]",0.0
"RESUP[28,4]",0.0
"RESUP[29,4]",0.0
"RESUP[30,4]",0.0
"RESUP[31,4]",0.0
"RESUP[32,4]",0.0
"RESUP[33,4]",0.0
"RESUP[34,4]",0.0
"RESUP[35,4]",0.0
"RESUP[36,4]",0.0
"RESUP[37,4]",0.0
"RESUP[38,4]",0.0
"RESUP[39,4]",0.0
"RESUP[40,4]",0.0
"RESUP[41,4]",0.0
"RESUP[42,4]",0.0
"RESUP[43,4]",0.0
"RESUP[44,4]",0.0
"RESUP[45,4]",0.0
"RESUP[46,4]",0.0
"RESUP[47,4]",0.0
"RESUP[48,4]",0.0
"RESUP[49,4]",0.0
"RESUP[50,4]",0.0
"RESUP[51,4]",0.0
"RESUP[52,4]",0.0
"RESUP[53,4]",0.0
"RESUP[54,4]",0.0
"RESUP[55,4]",0.0
"RESUP[56,4]",0.0
"RESUP[57,4]",0.0
"RESUP[58,4]",0.0
"RESUP[59,4]",0.0
"RESUP[60,4]",0.0
"RESUP[61,4]",0.0
"RESUP[62,4]",0.0
"RESUP[63,4]",0.0
"RESUP[64,4]",0.0
"RESUP[65,4]",0.0
"RESUP[66,4]",0.0
"RESUP[67,4]",0.0
"RESUP[68,4]",0.0
"RESUP[69,4]",0.0
"RESUP[70,4]",0.0
"RESUP[71,4]",0.0
"RESUP[72,4]",0.0
"RESUP[73,4]",0.0
"RESUP[101,4]",256.4315672575726
"RESUP[102,4]",0.0
"RESUP[103,4]",0.0
"RESUP[104,4]",283.5
"RESUP[105,4]",0.0
"RESUP[106,4]",0.0
"RESUP[107,4]",0.0
"RESUP[108,4]",0.0
"RESUP[109,4]",0.0
"RESUP[110,4]",264.3
"RESUP[1,5]",0.0
"RESUP[2,5]",0.0
"RESUP[3,5]",0.0
"RESUP[4,5]",0.0
"RESUP[5,5]",0.0
"RESUP[6,5]",0.0
"RESUP[7,5]",0.0
"RESUP[8,5]",0.0
"RESUP[9,5]",0.0
"RESUP[10,5]",0.0
"RESUP[11,5]",0.0
"RESUP[12,5]",0.0
"RESUP[13,5]",0.0
"RESUP[14,5]",0.0
"RESUP[15,5]",0.0
"RESUP[16,5]",0.0
"RESUP[17,5]",0.0
"RESUP[18,5]",0.0
"RESUP[19,5]",0.0
"RESUP[20,5]",0.0
"RESUP[21,5]",0.0
"RESUP[22,5]",0.0
"RESUP[23,5]",0.0
"RESUP[24,5]",0.0
"RESUP[25,5]",0.0
"RESUP[26,5]",0.0
"RESUP[27,5]",0.0
"RESUP[28,5]",0.0
"RESUP[29,5]",0.0
"RESUP[30,5]",0.0
"RESUP[31,5]",0.0
"RESUP[32,5]",0.0
"RESUP[33,5]",0.0
"RESUP[34,5]",0.0
"RESUP[35,5]",0.0
"RESUP[36,5]",0.0
"RESUP[37,5]",0.0
"RESUP[38,5]",0.0
"RESUP[39,5]",0.0
"RESUP[40,5]",0.0
"RESUP[41,5]",0.0
"RESUP[42,5]",0.0
"RESUP[43,5]",0.0
"RESUP[44,5]",0.0
"RESUP[45,5]",0.0
"RESUP[46,5]",0.0
"RESUP[47,5]",0.0
"RESUP[48,5]",0.0
"RESUP[49,5]",0.0
"RESUP[50,5]",0.0
"RESUP[51,5]",0.0
"RESUP[52,5]",0.0
"RESUP[53,5]",0.0
"RESUP[54,5]",0.0
"RESUP[55,5]",0.0
"RESUP[56,5]",0.0
"RESUP[57,5]",0.0
"RESUP[58,5]",0.0
"RESUP[59,5]",0.0
"RESUP[60,5]",0.0
"RESUP[61,5]",0.0
"RESUP[62,5]",0.0
"RESUP[63,5]",0.0
"RESUP[64,5]",0.0
"RESUP[65,5]",0.0
"RESUP[66,5]",0.0
"RESUP[67,5]",0.0
"RESUP[68,5]",0.0
"RESUP[69,5]",0.0
"RESUP[70,5]",0.0
"RESUP[71,5]",0.0
"RESUP[72,5]",0.0
"RESUP[73,5]",0.0
"RESUP[101,5]",78.20531143514575
"RESUP[102,5]",0.0
"RESUP[103,5]",0.0
"RESUP[104,5]",0.0
"RESUP[105,5]",287.85
"RESUP[106,5]",0.0
"RESUP[107,5]",283.8671146928219
"RESUP[108,5]",0.0
"RESUP[109,5]",281.25
"RESUP[110,5]",0.0
"RESUP[1,6]",0.0
"RESUP[2,6]",0.0
"RESUP[3,6]",0.0
"RESUP[4,6]",0.0
"RESUP[5,6]",0.0
"RESUP[6,6]",0.0
"RESUP[7,6]",0.0
"RESUP[8,6]",0.0
"RESUP[9,6]",0.0
"RESUP[10,6]",0.0
"RESUP[11,6]",0.0
"RESUP[12,6]",0.0
"RESUP[13,6]",0.0
"RESUP[14,6]",0.0
"RESUP[15,6]",0.0
"RESUP[16,6]",0.0
"RESUP[17,6]",0.0
"RESUP[18,6]",0.0
"RESUP[19,6]",0.0
"RESUP[20,6]",0.0
"RESUP[21,6]",0.0
"RESUP[22,6]",0.0
"RESUP[23,6]",0.0
"RESUP[24,6]",0.0
"RESUP[25,6]",0.0
"RESUP[26,6]",0.0
"RESUP[27,6]",0.0
"RESUP[28,6]",0.0
"RESUP[29,6]",0.0
"RESUP[30,6]",0.0
"RESUP[31,6]",0.0
"RESUP[32,6]",0.0
"RESUP[33,6]",0.0
"RESUP[34,6]",0.0
"RESUP[35,6]",0.0
"RESUP[36,6]",0.0
"RESUP[37,6]",0.0
"RESUP[38,6]",0.0
"RESUP[39,6]",0.0
"RESUP[40,6]",0.0
"RESUP[41,6]",0.0
"RESUP[42,6]",0.0
"RESUP[43,6]",0.0
"RESUP[44,6]",0.0
"RESUP[45,6]",0.0
"RESUP[46,6]",0.0
"RESUP[47,6]",0.0
"RESUP[48,6]",0.0
"RESUP[49,6]",0.0
"RESUP[50,6]",0.0
"RESUP[51,6]",0.0
"RESUP[52,6]",0.0
"RESUP[53,6]",0.0
"RESUP[54,6]",0.0
"RESUP[55,6]",0.0
"RESUP[56,6]",0.0
"RESUP[57,6]",0.0
"RESUP[58,6]",0.0
"RESUP[59,6]",0.0
"RESUP[60,6]",0.0
"RESUP[61,6]",0.0
"RESUP[62,6]",0.0
"RESUP[63,6]",0.0
"RESUP[64,6]",0.0
"RESUP[65,6]",0.0
"RESUP[66,6]",0.0
"RESUP[67,6]",0.0
"RESUP[68,6]",0.0
"RESUP[69,6]",0.0
"RESUP[70,6]",0.0
"RESUP[71,6]",0.0
"RESUP[72,6]",0.0
"RESUP[73,6]",0.0
"RESUP[101,6]",0.0
"RESUP[102,6]",0.0
"RESUP[103,6]",0.0
"RESUP[104,6]",152.92684884615716
"RESUP[105,6]",57.86519091497684
"RESUP[106,6]",0.0
"RESUP[107,6]",0.0
"RESUP[108,6]",285.15
"RESUP[109,6]",72.39986011702706
"RESUP[110,6]",264.3
"RESUP[1,7]",0.0
"RESUP[2,7]",0.0
"RESUP[3,7]",0.0
"RESUP[4,7]",0.0
"RESUP[5,7]",0.0
"RESUP[6,7]",0.0
"RESUP[7,7]",0.0
"RESUP[8,7]",0.0
"RESUP[9,7]",0.0
"RESUP[10,7]",0.0
"RESUP[11,7]",0.0
"RESUP[12,7]",0.0
"RESUP[13,7]",0.0
"RESUP[14,7]",0.0
"RESUP[15,7]",0.0
"RESUP[16,7]",0.0
"RESUP[17,7]",0.0
"RESUP[18,7]",0.0
"RESUP[19,7]",0.0
"RESUP[20,7]",0.0
"RESUP[21,7]",0.0
"RESUP[22,7]",0.0
"RESUP[23,7]",0.0
"RESUP[24,7]",0.0
"RESUP[25,7]",0.0
"RESUP[26,7]",0.0
"RESUP[27,7]",0.0
"RESUP[28,7]",0.0
"RESUP[29,7]",0.0
"RESUP[30,7]",0.0
"RESUP[31,7]",0.0
"RESUP[32,7]",0.0
"RESUP[33,7]",0.0
"RESUP[34,7]",0.0
"RESUP[35,7]",0.0
"RESUP[36,7]",0.0
"RESUP[37,7]",0.0
"RESUP[38,7]",0.0
"RESUP[39,7]",0.0
"RESUP[40,7]",0.0
"RESUP[41,7]",0.0
"RESUP[42,7]",0.0
"RESUP[43,7]",0.0
"RESUP[44,7]",0.0
"RESUP[45,7]",0.0
"RESUP[46,7]",0.0
"RESUP[47,7]",0.0
"RESUP[48,7]",0.0
"RESUP[49,7]",0.0
"RESUP[50,7]",0.0
"RESUP[51,7]",0.0
"RESUP[52,7]",0.0
"RESUP[53,7]",0.0
"RESUP[54,7]",0.0
"RESUP[55,7]",0.0
"RESUP[56,7]",0.0
"RESUP[57,7]",0.0
"RESUP[58,7]",0.0
"RESUP[59,7]",0.0
"RESUP[60,7]",0.0
"RESUP[61,7]",0.0
"RESUP[62,7]",0.0
"RESUP[63,7]",0.0
"RESUP[64,7]",0.0
"RESUP[65,7]",0.0
"RESUP[66,7]",0.0
"RESUP[67,7]",0.0
"RESUP[68,7]",0.0
"RESUP[69,7]",0.0
"RESUP[70,7]",0.0
"RESUP[71,7]",0.0
"RESUP[72,7]",0.0
"RESUP[73,7]",0.0
"RESUP[101,7]",0.0
"RESUP[102,7]",277.5
"RESUP[103,7]",0.0
"RESUP[104,7]",0.0
"RESUP[105,7]",0.0
"RESUP[106,7]",0.0
"RESUP[107,7]",0.0
"RESUP[108,7]",285.15
"RESUP[109,7]",0.0
"RESUP[110,7]",29.616584396892563
"RESUP[1,8]",0.0
"RESUP[2,8]",0.0
"RESUP[3,8]",0.0
"RESUP[4,8]",0.0
"RESUP[5,8]",0.0
"RESUP[6,8]",0.0
"RESUP[7,8]",46.000000008
"RESUP[8,8]",46.000000008
"RESUP[9,8]",0.0
"RESUP[10,8]",0.0
"RESUP[11,8]",0.0
"RESUP[12,8]",0.0
"RESUP[13,8]",0.0
"RESUP[14,8]",0.0
"RESUP[15,8]",0.0
"RESUP[16,8]",0.0
"RESUP[17,8]",0.0
"RESUP[18,8]",0.0
"RESUP[19,8]",0.0
"RESUP[20,8]",0.0
"RESUP[21,8]",0.0
"RESUP[22,8]",0.0
"RESUP[23,8]",0.0
"RESUP[24,8]",0.0
"RESUP[25,8]",0.0
"RESUP[26,8]",0.0
"RESUP[27,8]",0.0
"RESUP[28,8]",0.0
"RESUP[29,8]",0.0
"RESUP[30,8]",0.0
"RESUP[31,8]",0.0
"RESUP[32,8]",0.0
"RESUP[33,8]",0.0
"RESUP[34,8]",0.0
"RESUP[35,8]",0.0
"RESUP[36,8]",0.0
"RESUP[37,8]",0.0
"RESUP[38,8]",93.0
"RESUP[39,8]",0.0
"RESUP[40,8]",0.0
"RESUP[41,8]",71.3691461593827
"RESUP[42,8]",0.0
"RESUP[43,8]",210.0
"RESUP[44,8]",0.0
"RESUP[45,8]",0.0
"RESUP[46,8]",0.0
"RESUP[47,8]",0.0
"RESUP[48,8]",0.0
"RESUP[49,8]",0.0
"RESUP[50,8]",0.0
"RESUP[51,8]",0.0
"RESUP[52,8]",0.0
"RESUP[53,8]",0.0
"RESUP[54,8]",0.0
"RESUP[55,8]",0.0
"RESUP[56,8]",0.0
"RESUP[57,8]",0.0
"RESUP[58,8]",0.0
"RESUP[59,8]",0.0
"RESUP[60,8]",0.0
"RESUP[61,8]",0.0
"RESUP[62,8]",0.0
"RESUP[63,8]",0.0
"RESUP[64,8]",0.0
"RESUP[65,8]",0.0
"RESUP[66,8]",0.0
"RESUP[67,8]",0.0
"RESUP[68,8]",0.0
"RESUP[69,8]",0.0
"RESUP[70,8]",0.0
"RESUP[71,8]",0.0
"RESUP[72,8]",0.0
"RESUP[73,8]",0.0
"RESUP[101,8]",0.0
"RESUP[102,8]",0.0
"RESUP[103,8]",0.0
"RESUP[104,8]",0.0
"RESUP[105,8]",0.0
"RESUP[106,8]",0.0
"RESUP[107,8]",0.0
"RESUP[108,8]",0.0
"RESUP[109,8]",0.0
"RESUP[110,8]",193.02103239021915
"RESUP[1,9]",0.0
"RESUP[2,9]",0.0
"RESUP[3,9]",0.0
"RESUP[4,9]",0.0
"RESUP[5,9]",0.0
"RESUP[6,9]",0.0
"RESUP[7,9]",46.000000008
"RESUP[8,9]",46.000000008
"RESUP[9,9]",0.0
"RESUP[10,9]",0.0
"RESUP[11,9]",0.0
"RESUP[12,9]",0.0
"RESUP[13,9]",0.0
"RESUP[14,9]",0.0
"RESUP[15,9]",0.0
"RESUP[16,9]",0.0
"RESUP[17,9]",0.0
"RESUP[18,9]",0.0
"RESUP[19,9]",0.0
"RESUP[20,9]",210.0
"RESUP[21,9]",0.0
"RESUP[22,9]",0.0
"RESUP[23,9]",0.0
"RESUP[24,9]",0.0
"RESUP[25,9]",0.0
"RESUP[26,9]",0.0
"RESUP[27,9]",0.0
"RESUP[28,9]",0.0
"RESUP[29,9]",0.0
"RESUP[30,9]",0.0
"RESUP[31,9]",0.0
"RESUP[32,9]",0.0
"RESUP[33,9]",0.0
"RESUP[34,9]",0.0
"RESUP[35,9]",0.0
"RESUP[36,9]",0.0
"RESUP[37,9]",0.0
"RESUP[38,9]",93.0
"RESUP[39,9]",0.0
"RESUP[40,9]",0.0
"RESUP[41,9]",44.20090720822441
"RESUP[42,9]",0.0
"RESUP[43,9]",210.0
"RESUP[44,9]",0.0
"RESUP[45,9]",0.0
"RESUP[46,9]",0.0
"RESUP[47,9]",0.0
"RESUP[48,9]",0.0
"RESUP[49,9]",0.0
"RESUP[50,9]",0.0
"RESUP[51,9]",0.0
"RESUP[52,9]",0.0
"RESUP[53,9]",0.0
"RESUP[54,9]",0.0
"RESUP[55,9]",0.0
"RESUP[56,9]",0.0
"RESUP[57,9]",0.0
"RESUP[58,9]",0.0
"RESUP[59,9]",0.0
"RESUP[60,9]",0.0
"RESUP[61,9]",0.0
"RESUP[62,9]",0.0
"RESUP[63,9]",0.0
"RESUP[64,9]",0.0
"RESUP[65,9]",0.0
"RESUP[66,9]",0.0
"RESUP[67,9]",0.0
"RESUP[68,9]",0.0
"RESUP[69,9]",0.0
"RESUP[70,9]",0.0
"RESUP[71,9]",0.0
"RESUP[72,9]",0.0
"RESUP[73,9]",0.0
"RESUP[101,9]",0.0
"RESUP[102,9]",0.0
"RESUP[103,9]",0.0
"RESUP[104,9]",0.0
"RESUP[105,9]",0.0
"RESUP[106,9]",0.0
"RESUP[107,9]",37.11611780218857
"RESUP[108,9]",0.0
"RESUP[109,9]",0.0
"RESUP[110,9]",0.0
"RESUP[1,10]",0.0
"RESUP[2,10]",0.0
"RESUP[3,10]",0.0
"RESUP[4,10]",0.0
"RESUP[5,10]",0.0
"RESUP[6,10]",0.0
"RESUP[7,10]",46.000000008
"RESUP[8,10]",46.000000008
"RESUP[9,10]",0.0
"RESUP[10,10]",0.0
"RESUP[11,10]",0.0
"RESUP[12,10]",0.0
"RESUP[13,10]",0.0
"RESUP[14,10]",0.0
"RESUP[15,10]",0.0
"RESUP[16,10]",0.0
"RESUP[17,10]",0.0
"RESUP[18,10]",0.0
"RESUP[19,10]",0.0
"RESUP[20,10]",83.71337705632368
"RESUP[21,10]",0.0
"RESUP[22,10]",0.0
"RESUP[23,10]",0.0
"RESUP[24,10]",0.0
"RESUP[25,10]",0.0
"RESUP[26,10]",0.0
"RESUP[27,10]",0.0
"RESUP[28,10]",0.0
"RESUP[29,10]",0.0
"RESUP[30,10]",0.0
"RESUP[31,10]",0.0
"RESUP[32,10]",0.0
"RESUP[33,10]",0.0
"RESUP[34,10]",0.0
"RESUP[35,10]",0.0
"RESUP[36,10]",0.0
"RESUP[37,10]",0.0
"RESUP[38,10]",93.0
"RESUP[39,10]",0.0
"RESUP[40,10]",0.0
"RESUP[41,10]",93.0
"RESUP[42,10]",93.0
"RESUP[43,10]",210.0
"RESUP[44,10]",0.0
"RESUP[45,10]",0.0
"RESUP[46,10]",0.0
"RESUP[47,10]",0.0
"RESUP[48,10]",0.0
"RESUP[49,10]",0.0
"RESUP[50,10]",0.0
"RESUP[51,10]",0.0
"RESUP[52,10]",0.0
"RESUP[53,10]",0.0
"RESUP[54,10]",0.0
"RESUP[55,10]",0.0
"RESUP[56,10]",0.0
"RESUP[57,10]",0.0
"RESUP[58,10]",0.0
"RESUP[59,10]",0.0
"RESUP[60,10]",0.0
"RESUP[61,10]",0.0
"RESUP[62,10]",0.0
"RESUP[63,10]",0.0
"RESUP[64,10]",0.0
"RESUP[65,10]",0.0
"RESUP[66,10]",0.0
"RESUP[67,10]",0.0
"RESUP[68,10]",0.0
"RESUP[69,10]",0.0
"RESUP[70,10]",0.0
"RESUP[71,10]",0.0
"RESUP[72,10]",0.0
"RESUP[73,10]",0.0
"RESUP[101,10]",0.0
"RESUP[102,10]",0.0
"RESUP[103,10]",0.0
"RESUP[104,10]",0.0
"RESUP[105,10]",0.0
"RESUP[106,10]",0.0
"RESUP[107,10]",0.0
"RESUP[108,10]",0.0
"RESUP[109,10]",0.0
"RESUP[110,10]",0.0
"RESUP[1,11]",0.0
"RESUP[2,11]",0.0
"RESUP[3,11]",0.0
"RESUP[4,11]",0.0
"RESUP[5,11]",0.0
"RESUP[6,11]",0.0
"RESUP[7,11]",46.000000008
"RESUP[8,11]",46.000000008
"RESUP[9,11]",0.0
"RESUP[10,11]",0.0
"RESUP[11,11]",0.0
"RESUP[12,11]",0.0
"RESUP[13,11]",0.0
"RESUP[14,11]",0.0
"RESUP[15,11]",0.0
"RESUP[16,11]",0.0
"RESUP[17,11]",0.0
"RESUP[18,11]",0.0
"RESUP[19,11]",0.0
"RESUP[20,11]",0.0
"RESUP[21,11]",0.0
"RESUP[22,11]",0.0
"RESUP[23,11]",0.0
"RESUP[24,11]",0.0
"RESUP[25,11]",0.0
"RESUP[26,11]",0.0
"RESUP[27,11]",0.0
"RESUP[28,11]",0.0
"RESUP[29,11]",0.0
"RESUP[30,11]",0.0
"RESUP[31,11]",0.0
"RESUP[32,11]",0.0
"RESUP[33,11]",0.0
"RESUP[34,11]",0.0
"RESUP[35,11]",0.0
"RESUP[36,11]",0.0
"RESUP[37,11]",0.0
"RESUP[38,11]",93.0
"RESUP[39,11]",0.0
"RESUP[40,11]",0.0
"RESUP[41,11]",93.0
"RESUP[42,11]",64.89677160259578
"RESUP[43,11]",210.0
"RESUP[44,11]",0.0
"RESUP[45,11]",0.0
"RESUP[46,11]",0.0
"RESUP[47,11]",0.0
"RESUP[48,11]",0.0
"RESUP[49,11]",0.0
"RESUP[50,11]",0.0
"RESUP[51,11]",0.0
"RESUP[52,11]",0.0
"RESUP[53,11]",0.0
"RESUP[54,11]",0.0
"RESUP[55,11]",0.0
"RESUP[56,11]",0.0
"RESUP[57,11]",0.0
"RESUP[58,11]",0.0
"RESUP[59,11]",0.0
"RESUP[60,11]",0.0
"RESUP[61,11]",0.0
"RESUP[62,11]",0.0
"RESUP[63,11]",0.0
"RESUP[64,11]",0.0
"RESUP[65,11]",0.0
"RESUP[66,11]",0.0
"RESUP[67,11]",0.0
"RESUP[68,11]",0.0
"RESUP[69,11]",0.0
"RESUP[70,11]",0.0
"RESUP[71,11]",0.0
"RESUP[72,11]",0.0
"RESUP[73,11]",0.0
"RESUP[101,11]",0.0
"RESUP[102,11]",0.0
"RESUP[103,11]",13.11967677362702
"RESUP[104,11]",0.0
"RESUP[105,11]",0.0
"RESUP[106,11]",0.0
"RESUP[107,11]",0.0
"RESUP[108,11]",0.0
"RESUP[109,11]",0.0
"RESUP[110,11]",0.0
"RESUP[1,12]",0.0
"RESUP[2,12]",0.0
"RESUP[3,12]",0.0
"RESUP[4,12]",0.0
"RESUP[5,12]",0.0
"RESUP[6,12]",0.0
"RESUP[7,12]",46.000000008
"RESUP[8,12]",46.000000008
"RESUP[9,12]",0.0
"RESUP[10,12]",0.0
"RESUP[11,12]",0.0
"RESUP[12,12]",0.0
"RESUP[13,12]",0.0
"RESUP[14,12]",0.0
"RESUP[15,12]",0.0
"RESUP[16,12]",0.0
"RESUP[17,12]",0.0
"RESUP[18,12]",0.0
"RESUP[19,12]",0.0
"RESUP[20,12]",0.0
"RESUP[21,12]",0.0
"RESUP[22,12]",0.0
"RESUP[23,12]",0.0
"RESUP[24,12]",0.0
"RESUP[25,12]",0.0
"RESUP[26,12]",0.0
"RESUP[27,12]",0.0
"RESUP[28,12]",0.0
"RESUP[29,12]",0.0
"RESUP[30,12]",0.0
"RESUP[31,12]",0.0
"RESUP[32,12]",0.0
"RESUP[33,12]",0.0
"RESUP[34,12]",0.0
"RESUP[35,12]",0.0
"RESUP[36,12]",0.0
"RESUP[37,12]",0.0
"RESUP[38,12]",93.0
"RESUP[39,12]",0.0
"RESUP[40,12]",0.0
"RESUP[41,12]",0.0
"RESUP[42,12]",93.0
"RESUP[43,12]",210.0
"RESUP[44,12]",0.0
"RESUP[45,12]",0.0
"RESUP[46,12]",0.0
"RESUP[47,12]",0.0
"RESUP[48,12]",0.0
"RESUP[49,12]",0.0
"RESUP[50,12]",0.0
"RESUP[51,12]",0.0
"RESUP[52,12]",0.0
"RESUP[53,12]",0.0
"RESUP[54,12]",0.0
"RESUP[55,12]",0.0
"RESUP[56,12]",0.0
"RESUP[57,12]",0.0
"RESUP[58,12]",0.0
"RESUP[59,12]",0.0
"RESUP[60,12]",0.0
"RESUP[61,12]",0.0
"RESUP[62,12]",0.0
"RESUP[63,12]",0.0
"RESUP[64,12]",0.0
"RESUP[65,12]",0.0
"RESUP[66,12]",0.0
"RESUP[67,12]",0.0
"RESUP[68,12]",0.0
"RESUP[69,12]",0.0
"RESUP[70,12]",0.0
"RESUP[71,12]",0.0
"RESUP[72,12]",0.0
"RESUP[73,12]",0.0
"RESUP[101,12]",0.0
"RESUP[102,12]",0.0
"RESUP[103,12]",0.0
"RESUP[104,12]",82.97108433918243
"RESUP[105,12]",0.0
"RESUP[106,12]",0.0
"RESUP[107,12]",0.0
"RESUP[108,12]",0.0
"RESUP[109,12]",0.0
"RESUP[110,12]",0.0
"RESUP[1,13]",0.0
"RESUP[2,13]",0.0
"RESUP[3,13]",0.0
"RESUP[4,13]",0.0
"RESUP[5,13]",0.0
"RESUP[6,13]",0.0
"RESUP[7,13]",46.000000008
"RESUP[8,13]",46.000000008
"RESUP[9,13]",0.0
"RESUP[10,13]",0.0
"RESUP[11,13]",0.0
"RESUP[12,13]",0.0
"RESUP[13,13]",0.0
"RESUP[14,13]",0.0
"RESUP[15,13]",0.0
"RESUP[16,13]",0.0
"RESUP[17,13]",0.0
"RESUP[18,13]",0.0
"RESUP[19,13]",0.0
"RESUP[20,13]",139.74132246302992
"RESUP[21,13]",0.0
"RESUP[22,13]",0.0
"RESUP[23,13]",0.0
"RESUP[24,13]",0.0
"RESUP[25,13]",0.0
"RESUP[26,13]",0.0
"RESUP[27,13]",0.0
"RESUP[28,13]",0.0
"RESUP[29,13]",0.0
"RESUP[30,13]",0.0
"RESUP[31,13]",0.0
"RESUP[32,13]",0.0
"RESUP[33,13]",0.0
"RESUP[34,13]",0.0
"RESUP[35,13]",0.0
"RESUP[36,13]",0.0
"RESUP[37,13]",0.0
"RESUP[38,13]",93.0
"RESUP[39,13]",0.0
"RESUP[40,13]",0.0
"RESUP[41,13]",93.0
"RESUP[42,13]",3.2883507967576975
"RESUP[43,13]",210.0
"RESUP[44,13]",0.0
"RESUP[45,13]",0.0
"RESUP[46,13]",0.0
"RESUP[47,13]",0.0
"RESUP[48,13]",0.0
"RESUP[49,13]",0.0
"RESUP[50,13]",0.0
"RESUP[51,13]",0.0
"RESUP[52,13]",0.0
"RESUP[53,13]",0.0
"RESUP[54,13]",0.0
"RESUP[55,13]",0.0
"RESUP[56,13]",0.0
"RESUP[57,13]",0.0
"RESUP[58,13]",0.0
"RESUP[59,13]",0.0
"RESUP[60,13]",0.0
"RESUP[61,13]",0.0
"RESUP[62,13]",0.0
"RESUP[63,13]",0.0
"RESUP[64,13]",0.0
"RESUP[65,13]",0.0
"RESUP[66,13]",0.0
"RESUP[67,13]",0.0
"RESUP[68,13]",0.0
"RESUP[69,13]",0.0
"RESUP[70,13]",0.0
"RESUP[71,13]",0.0
"RESUP[72,13]",0.0
"RESUP[73,13]",0.0
"RESUP[101,13]",0.0
"RESUP[102,13]",0.0
"RESUP[103,13]",0.0
"RESUP[104,13]",0.0
"RESUP[105,13]",0.0
"RESUP[106,13]",0.0
"RESUP[107,13]",0.0
"RESUP[108,13]",0.0
"RESUP[109,13]",0.0
"RESUP[110,13]",0.0
"RESUP[1,14]",0.0
"RESUP[2,14]",0.0
"RESUP[3,14]",0.0
"RESUP[4,14]",0.0
"RESUP[5,14]",0.0
"RESUP[6,14]",0.0
"RESUP[7,14]",46.000000008
"RESUP[8,14]",46.000000008
"RESUP[9,14]",0.0
"RESUP[10,14]",0.0
"RESUP[11,14]",0.0
"RESUP[12,14]",0.0
"RESUP[13,14]",0.0
"RESUP[14,14]",0.0
"RESUP[15,14]",0.0
"RESUP[16,14]",0.0
"RESUP[17,14]",0.0
"RESUP[18,14]",0.0
"RESUP[19,14]",0.0
"RESUP[20,14]",210.0
"RESUP[21,14]",0.0
"RESUP[22,14]",0.0
"RESUP[23,14]",0.0
"RESUP[24,14]",0.0
"RESUP[25,14]",0.0
"RESUP[26,14]",0.0
"RESUP[27,14]",0.0
"RESUP[28,14]",0.0
"RESUP[29,14]",0.0
"RESUP[30,14]",0.0
"RESUP[31,14]",0.0
"RESUP[32,14]",0.0
"RESUP[33,14]",0.0
"RESUP[34,14]",0.0
"RESUP[35,14]",0.0
"RESUP[36,14]",0.0
"RESUP[37,14]",0.0
"RESUP[38,14]",93.0
"RESUP[39,14]",0.0
"RESUP[40,14]",0.0
"RESUP[41,14]",0.0
"RESUP[42,14]",93.0
"RESUP[43,14]",210.0
"RESUP[44,14]",0.0
"RESUP[45,14]",0.0
"RESUP[46,14]",0.0
"RESUP[47,14]",0.0
"RESUP[48,14]",0.0
"RESUP[49,14]",0.0
"RESUP[50,14]",0.0
"RESUP[51,14]",0.0
"RESUP[52,14]",0.0
"RESUP[53,14]",0.0
"RESUP[54,14]",0.0
"RESUP[55,14]",0.0
"RESUP[56,14]",0.0
"RESUP[57,14]",0.0
"RESUP[58,14]",0.0
"RESUP[59,14]",0.0
"RESUP[60,14]",0.0
"RESUP[61,14]",0.0
"RESUP[62,14]",0.0
"RESUP[63,14]",0.0
"RESUP[64,14]",0.0
"RESUP[65,14]",0.0
"RESUP[66,14]",0.0
"RESUP[67,14]",0.0
"RESUP[68,14]",0.0
"RESUP[69,14]",0.0
"RESUP[70,14]",0.0
"RESUP[71,14]",0.0
"RESUP[72,14]",0.0
"RESUP[73,14]",0.0
"RESUP[101,14]",0.0
"RESUP[102,14]",0.0
"RESUP[103,14]",0.0
"RESUP[104,14]",0.0
"RESUP[105,14]",0.0
"RESUP[106,14]",0.0
"RESUP[107,14]",143.24164055890924
"RESUP[108,14]",0.0
"RESUP[109,14]",0.0
"RESUP[110,14]",0.0
"RESUP[1,15]",0.0
"RESUP[2,15]",0.0
"RESUP[3,15]",0.0
"RESUP[4,15]",0.0
"RESUP[5,15]",0.0
"RESUP[6,15]",0.0
"RESUP[7,15]",46.000000008
"RESUP[8,15]",46.000000008
"RESUP[9,15]",0.0
"RESUP[10,15]",0.0
"RESUP[11,15]",0.0
"RESUP[12,15]",0.0
"RESUP[13,15]",0.0
"RESUP[14,15]",0.0
"RESUP[15,15]",0.0
"RESUP[16,15]",0.0
"RESUP[17,15]",0.0
"RESUP[18,15]",0.0
"RESUP[19,15]",0.0
"RESUP[20,15]",210.0
"RESUP[21,15]",0.0
"RESUP[22,15]",0.0
"RESUP[23,15]",0.0
"RESUP[24,15]",0.0
"RESUP[25,15]",0.0
"RESUP[26,15]",0.0
"RESUP[27,15]",0.0
"RESUP[28,15]",0.0
"RESUP[29,15]",0.0
"RESUP[30,15]",0.0
"RESUP[31,15]",0.0
"RESUP[32,15]",0.0
"RESUP[33,15]",0.0
"RESUP[34,15]",0.0
"RESUP[35,15]",0.0
"RESUP[36,15]",0.0
"RESUP[37,15]",0.0
"RESUP[38,15]",93.0
"RESUP[39,15]",0.0
"RESUP[40,15]",0.0
"RESUP[41,15]",93.0
"RESUP[42,15]",0.0
"RESUP[43,15]",210.0
"RESUP[44,15]",0.0
"RESUP[45,15]",0.0
"RESUP[46,15]",0.0
"RESUP[47,15]",0.0
"RESUP[48,15]",0.0
"RESUP[49,15]",0.0
"RESUP[50,15]",0.0
"RESUP[51,15]",0.0
"RESUP[52,15]",0.0
"RESUP[53,15]",0.0
"RESUP[54,15]",0.0
"RESUP[55,15]",0.0
"RESUP[56,15]",0.0
"RESUP[57,15]",0.0
"RESUP[58,15]",0.0
"RESUP[59,15]",0.0
"RESUP[60,15]",0.0
"RESUP[61,15]",0.0
"RESUP[62,15]",0.0
"RESUP[63,15]",0.0
"RESUP[64,15]",0.0
"RESUP[65,15]",0.0
"RESUP[66,15]",0.0
"RESUP[67,15]",0.0
"RESUP[68,15]",0.0
"RESUP[69,15]",0.0
"RESUP[70,15]",0.0
"RESUP[71,15]",0.0
"RESUP[72,15]",0.0
"RESUP[73,15]",0.0
"RESUP[101,15]",0.0
"RESUP[102,15]",86.48865305240889
"RESUP[103,15]",0.0
"RESUP[104,15]",80.96874497545758
"RESUP[105,15]",0.0
"RESUP[106,15]",0.0
"RESUP[107,15]",0.0
"RESUP[108,15]",0.0
"RESUP[109,15]",0.0
"RESUP[110,15]",0.0
"RESUP[1,16]",0.0
"RESUP[2,16]",0.0
"RESUP[3,16]",0.0
"RESUP[4,16]",0.0
"RESUP[5,16]",0.0
"RESUP[6,16]",0.0
"RESUP[7,16]",46.000000008
"RESUP[8,16]",46.000000008
"RESUP[9,16]",0.0
"RESUP[10,16]",0.0
"RESUP[11,16]",0.0
"RESUP[12,16]",0.0
"RESUP[13,16]",0.0
"RESUP[14,16]",0.0
"RESUP[15,16]",0.0
"RESUP[16,16]",0.0
"RESUP[17,16]",0.0
"RESUP[18,16]",0.0
"RESUP[19,16]",0.0
"RESUP[20,16]",210.0
"RESUP[21,16]",0.0
"RESUP[22,16]",0.0
"RESUP[23,16]",0.0
"RESUP[24,16]",0.0
"RESUP[25,16]",0.0
"RESUP[26,16]",0.0
"RESUP[27,16]",0.0
"RESUP[28,16]",0.0
"RESUP[29,16]",0.0
"RESUP[30,16]",0.0
"RESUP[31,16]",0.0
"RESUP[32,16]",0.0
"RESUP[33,16]",0.0
"RESUP[34,16]",0.0
"RESUP[35,16]",0.0
"RESUP[36,16]",0.0
"RESUP[37,16]",0.0
"RESUP[38,16]",3.689319866719188
"RESUP[39,16]",0.0
"RESUP[40,16]",0.0
"RESUP[41,16]",0.0
"RESUP[42,16]",0.0
"RESUP[43,16]",210.0
"RESUP[44,16]",0.0
"RESUP[45,16]",0.0
"RESUP[46,16]",0.0
"RESUP[47,16]",0.0
"RESUP[48,16]",0.0
"RESUP[49,16]",0.0
"RESUP[50,16]",0.0
"RESUP[51,16]",0.0
"RESUP[52,16]",0.0
"RESUP[53,16]",0.0
"RESUP[54,16]",0.0
"RESUP[55,16]",0.0
"RESUP[56,16]",0.0
"RESUP[57,16]",0.0
"RESUP[58,16]",0.0
"RESUP[59,16]",0.0
"RESUP[60,16]",0.0
"RESUP[61,16]",0.0
"RESUP[62,16]",0.0
"RESUP[63,16]",0.0
"RESUP[64,16]",0.0
"RESUP[65,16]",0.0
"RESUP[66,16]",0.0
"RESUP[67,16]",0.0
"RESUP[68,16]",0.0
"RESUP[69,16]",0.0
"RESUP[70,16]",0.0
"RESUP[71,16]",0.0
"RESUP[72,16]",0.0
"RESUP[73,16]",0.0
"RESUP[101,16]",0.0
"RESUP[102,16]",0.0
"RESUP[103,16]",21.433800132511237
"RESUP[104,16]",0.0
"RESUP[105,16]",287.85
"RESUP[106,16]",0.0
"RESUP[107,16]",0.0
"RESUP[108,16]",0.0
"RESUP[109,16]",0.0
"RESUP[110,16]",0.0
"RESUP[1,17]",0.0
"RESUP[2,17]",0.0
"RESUP[3,17]",0.0
"RESUP[4,17]",0.0
"RESUP[5,17]",0.0
"RESUP[6,17]",0.0
"RESUP[7,17]",0.0
"RESUP[8,17]",0.0
"RESUP[9,17]",0.0
"RESUP[10,17]",0.0
"RESUP[11,17]",0.0
"RESUP[12,17]",0.0
"RESUP[13,17]",0.0
"RESUP[14,17]",0.0
"RESUP[15,17]",0.0
"RESUP[16,17]",0.0
"RESUP[17,17]",0.0
"RESUP[18,17]",0.0
"RESUP[19,17]",0.0
"RESUP[20,17]",181.1245295969386
"RESUP[21,17]",0.0
"RESUP[22,17]",0.0
"RESUP[23,17]",0.0
"RESUP[24,17]",0.0
"RESUP[25,17]",0.0
"RESUP[26,17]",0.0
"RESUP[27,17]",0.0
"RESUP[28,17]",0.0
"RESUP[29,17]",0.0
"RESUP[30,17]",0.0
"RESUP[31,17]",0.0
"RESUP[32,17]",0.0
"RESUP[33,17]",0.0
"RESUP[34,17]",0.0
"RESUP[35,17]",0.0
"RESUP[36,17]",0.0
"RESUP[37,17]",0.0
"RESUP[38,17]",0.0
"RESUP[39,17]",0.0
"RESUP[40,17]",0.0
"RESUP[41,17]",0.0
"RESUP[42,17]",0.0
"RESUP[43,17]",0.0
"RESUP[44,17]",0.0
"RESUP[45,17]",0.0
"RESUP[46,17]",0.0
"RESUP[47,17]",0.0
"RESUP[48,17]",0.0
"RESUP[49,17]",0.0
"RESUP[50,17]",0.0
"RESUP[51,17]",0.0
"RESUP[52,17]",0.0
"RESUP[53,17]",0.0
"RESUP[54,17]",0.0
"RESUP[55,17]",0.0
"RESUP[56,17]",0.0
"RESUP[57,17]",0.0
"RESUP[58,17]",0.0
"RESUP[59,17]",0.0
"RESUP[60,17]",0.0
"RESUP[61,17]",0.0
"RESUP[62,17]",0.0
"RESUP[63,17]",0.0
"RESUP[64,17]",0.0
"RESUP[65,17]",0.0
"RESUP[66,17]",0.0
"RESUP[67,17]",0.0
"RESUP[68,17]",0.0
"RESUP[69,17]",0.0
"RESUP[70,17]",0.0
"RESUP[71,17]",0.0
"RESUP[72,17]",0.0
"RESUP[73,17]",0.0
"RESUP[101,17]",0.0
"RESUP[102,17]",277.5
"RESUP[103,17]",0.0
"RESUP[104,17]",0.0
"RESUP[105,17]",0.0
"RESUP[106,17]",0.0
"RESUP[107,17]",170.75524216808014
"RESUP[108,17]",123.63796008558678
"RESUP[109,17]",0.0
"RESUP[110,17]",0.0
"RESUP[1,18]",0.0
"RESUP[2,18]",0.0
"RESUP[3,18]",0.0
"RESUP[4,18]",0.0
"RESUP[5,18]",0.0
"RESUP[6,18]",0.0
"RESUP[7,18]",0.0
"RESUP[8,18]",0.0
"RESUP[9,18]",0.0
"RESUP[10,18]",0.0
"RESUP[11,18]",0.0
"RESUP[12,18]",0.0
"RESUP[13,18]",0.0
"RESUP[14,18]",0.0
"RESUP[15,18]",0.0
"RESUP[16,18]",0.0
"RESUP[17,18]",0.0
"RESUP[18,18]",0.0
"RESUP[19,18]",0.0
"RESUP[20,18]",0.0
"RESUP[21,18]",0.0
"RESUP[22,18]",0.0
"RESUP[23,18]",0.0
"RESUP[24,18]",0.0
"RESUP[25,18]",0.0
"RESUP[26,18]",0.0
"RESUP[27,18]",0.0
"RESUP[28,18]",0.0
"RESUP[29,18]",0.0
"RESUP[30,18]",0.0
"RESUP[31,18]",0.0
"RESUP[32,18]",0.0
"RESUP[33,18]",0.0
"RESUP[34,18]",0.0
"RESUP[35,18]",0.0
"RESUP[36,18]",0.0
"RESUP[37,18]",0.0
"RESUP[38,18]",0.0
"RESUP[39,18]",0.0
"RESUP[40,18]",0.0
"RESUP[41,18]",0.0
"RESUP[42,18]",0.0
"RESUP[43,18]",0.0
"RESUP[44,18]",0.0
"RESUP[45,18]",0.0
"RESUP[46,18]",0.0
"RESUP[47,18]",0.0
"RESUP[48,18]",0.0
"RESUP[49,18]",0.0
"RESUP[50,18]",0.0
"RESUP[51,18]",0.0
"RESUP[52,18]",0.0
"RESUP[53,18]",0.0
"RESUP[54,18]",0.0
"RESUP[55,18]",0.0
"RESUP[56,18]",0.0
"RESUP[57,18]",0.0
"RESUP[58,18]",0.0
"RESUP[59,18]",0.0
"RESUP[60,18]",0.0
"RESUP[61,18]",0.0
"RESUP[62,18]",0.0
"RESUP[63,18]",0.0
"RESUP[64,18]",0.0
"RESUP[65,18]",0.0
"RESUP[66,18]",0.0
"RESUP[67,18]",0.0
"RESUP[68,18]",0.0
"RESUP[69,18]",0.0
"RESUP[70,18]",0.0
"RESUP[71,18]",0.0
"RESUP[72,18]",0.0
"RESUP[73,18]",0.0
"RESUP[101,18]",41.37080282815996
"RESUP[102,18]",0.0
"RESUP[103,18]",0.0
"RESUP[104,18]",0.0
"RESUP[105,18]",212.80822346002307
"RESUP[106,18]",51.748933838291
"RESUP[107,18]",0.0
"RESUP[108,18]",0.0
"RESUP[109,18]",0.0
"RESUP[110,18]",264.3
"RESUP[1,19]",0.0
"RESUP[2,19]",0.0
"RESUP[3,19]",0.0
"RESUP[4,19]",0.0
"RESUP[5,19]",0.0
"RESUP[6,19]",0.0
"RESUP[7,19]",0.0
"RESUP[8,19]",0.0
"RESUP[9,19]",0.0
"RESUP[10,19]",0.0
"RESUP[11,19]",0.0
"RESUP[12,19]",0.0
"RESUP[13,19]",0.0
"RESUP[14,19]",0.0
"RESUP[15,19]",0.0
"RESUP[16,19]",0.0
"RESUP[17,19]",0.0
"RESUP[18,19]",0.0
"RESUP[19,19]",0.0
"RESUP[20,19]",0.0
"RESUP[21,19]",0.0
"RESUP[22,19]",0.0
"RESUP[23,19]",0.0
"RESUP[24,19]",0.0
"RESUP[25,19]",0.0
"RESUP[26,19]",0.0
"RESUP[27,19]",0.0
"RESUP[28,19]",0.0
"RESUP[29,19]",0.0
"RESUP[30,19]",0.0
"RESUP[31,19]",0.0
"RESUP[32,19]",0.0
"RESUP[33,19]",0.0
"RESUP[34,19]",0.0
"RESUP[35,19]",0.0
"RESUP[36,19]",0.0
"RESUP[37,19]",0.0
"RESUP[38,19]",0.0
"RESUP[39,19]",0.0
"RESUP[40,19]",0.0
"RESUP[41,19]",0.0
"RESUP[42,19]",0.0
"RESUP[43,19]",0.0
"RESUP[44,19]",0.0
"RESUP[45,19]",0.0
"RESUP[46,19]",0.0
"RESUP[47,19]",0.0
"RESUP[48,19]",0.0
"RESUP[49,19]",0.0
"RESUP[50,19]",0.0
"RESUP[51,19]",0.0
"RESUP[52,19]",0.0
"RESUP[53,19]",0.0
"RESUP[54,19]",0.0
"RESUP[55,19]",0.0
"RESUP[56,19]",0.0
"RESUP[57,19]",0.0
"RESUP[58,19]",0.0
"RESUP[59,19]",0.0
"RESUP[60,19]",0.0
"RESUP[61,19]",0.0
"RESUP[62,19]",0.0
"RESUP[63,19]",0.0
"RESUP[64,19]",0.0
"RESUP[65,19]",0.0
"RESUP[66,19]",0.0
"RESUP[67,19]",0.0
"RESUP[68,19]",0.0
"RESUP[69,19]",0.0
"RESUP[70,19]",0.0
"RESUP[71,19]",0.0
"RESUP[72,19]",0.0
"RESUP[73,19]",0.0
"RESUP[101,19]",0.0
"RESUP[102,19]",0.0
"RESUP[103,19]",0.0
"RESUP[104,19]",0.0
"RESUP[105,19]",0.0
"RESUP[106,19]",265.8
"RESUP[107,19]",0.0
"RESUP[108,19]",153.05172241441295
"RESUP[109,19]",0.0
"RESUP[110,19]",0.0
"RESUP[1,20]",0.0
"RESUP[2,20]",0.0
"RESUP[3,20]",0.0
"RESUP[4,20]",0.0
"RESUP[5,20]",0.0
"RESUP[6,20]",0.0
"RESUP[7,20]",0.0
"RESUP[8,20]",0.0
"RESUP[9,20]",0.0
"RESUP[10,20]",0.0
"RESUP[11,20]",0.0
"RESUP[12,20]",0.0
"RESUP[13,20]",0.0
"RESUP[14,20]",0.0
"RESUP[15,20]",0.0
"RESUP[16,20]",0.0
"RESUP[17,20]",0.0
"RESUP[18,20]",0.0
"RESUP[19,20]",0.0
"RESUP[20,20]",0.0
"RESUP[21,20]",0.0
"RESUP[22,20]",0.0
"RESUP[23,20]",0.0
"RESUP[24,20]",0.0
"RESUP[25,20]",0.0
"RESUP[26,20]",0.0
"RESUP[27,20]",0.0
"RESUP[28,20]",0.0
"RESUP[29,20]",0.0
"RESUP[30,20]",0.0
"RESUP[31,20]",0.0
"RESUP[32,20]",0.0
"RESUP[33,20]",0.0
"RESUP[34,20]",0.0
"RESUP[35,20]",0.0
"RESUP[36,20]",0.0
"RESUP[37,20]",0.0
"RESUP[38,20]",0.0
"RESUP[39,20]",0.0
"RESUP[40,20]",0.0
"RESUP[41,20]",0.0
"RESUP[42,20]",0.0
"RESUP[43,20]",0.0
"RESUP[44,20]",0.0
"RESUP[45,20]",0.0
"RESUP[46,20]",0.0
"RESUP[47,20]",0.0
"RESUP[48,20]",0.0
"RESUP[49,20]",0.0
"RESUP[50,20]",0.0
"RESUP[51,20]",0.0
"RESUP[52,20]",0.0
"RESUP[53,20]",0.0
"RESUP[54,20]",0.0
"RESUP[55,20]",0.0
"RESUP[56,20]",0.0
"RESUP[57,20]",0.0
"RESUP[58,20]",0.0
"RESUP[59,20]",0.0
"RESUP[60,20]",0.0
"RESUP[61,20]",0.0
"RESUP[62,20]",0.0
"RESUP[63,20]",0.0
"RESUP[64,20]",0.0
"RESUP[65,20]",0.0
"RESUP[66,20]",0.0
"RESUP[67,20]",0.0
"RESUP[68,20]",0.0
"RESUP[69,20]",0.0
"RESUP[70,20]",0.0
"RESUP[71,20]",0.0
"RESUP[72,20]",0.0
"RESUP[73,20]",0.0
"RESUP[101,20]",0.0
"RESUP[102,20]",14.400628197558555
"RESUP[103,20]",0.0
"RESUP[104,20]",0.0
"RESUP[105,20]",0.0
"RESUP[106,20]",118.08524370135432
"RESUP[107,20]",0.0
"RESUP[108,20]",0.0
"RESUP[109,20]",281.25
"RESUP[110,20]",0.0
"RESUP[1,21]",0.0
"RESUP[2,21]",0.0
"RESUP[3,21]",0.0
"RESUP[4,21]",0.0
"RESUP[5,21]",0.0
"RESUP[6,21]",0.0
"RESUP[7,21]",0.0
"RESUP[8,21]",0.0
"RESUP[9,21]",0.0
"RESUP[10,21]",0.0
"RESUP[11,21]",0.0
"RESUP[12,21]",0.0
"RESUP[13,21]",0.0
"RESUP[14,21]",0.0
"RESUP[15,21]",0.0
"RESUP[16,21]",0.0
"RESUP[17,21]",0.0
"RESUP[18,21]",0.0
"RESUP[19,21]",0.0
"RESUP[20,21]",0.0
"RESUP[21,21]",0.0
"RESUP[22,21]",0.0
"RESUP[23,21]",0.0
"RESUP[24,21]",0.0
"RESUP[25,21]",0.0
"RESUP[26,21]",0.0
"RESUP[27,21]",0.0
"RESUP[28,21]",0.0
"RESUP[29,21]",0.0
"RESUP[30,21]",0.0
"RESUP[31,21]",0.0
"RESUP[32,21]",0.0
"RESUP[33,21]",0.0
"RESUP[34,21]",0.0
"RESUP[35,21]",0.0
"RESUP[36,21]",0.0
"RESUP[37,21]",0.0
"RESUP[38,21]",0.0
"RESUP[39,21]",0.0
"RESUP[40,21]",0.0
"RESUP[41,21]",0.0
"RESUP[42,21]",0.0
"RESUP[43,21]",0.0
"RESUP[44,21]",0.0
"RESUP[45,21]",0.0
"RESUP[46,21]",0.0
"RESUP[47,21]",0.0
"RESUP[48,21]",0.0
"RESUP[49,21]",0.0
"RESUP[50,21]",0.0
"RESUP[51,21]",0.0
"RESUP[52,21]",0.0
"RESUP[53,21]",0.0
"RESUP[54,21]",0.0
"RESUP[55,21]",0.0
"RESUP[56,21]",0.0
"RESUP[57,21]",0.0
"RESUP[58,21]",0.0
"RESUP[59,21]",0.0
"RESUP[60,21]",0.0
"RESUP[61,21]",0.0
"RESUP[62,21]",0.0
"RESUP[63,21]",0.0
"RESUP[64,21]",0.0
"RESUP[65,21]",0.0
"RESUP[66,21]",0.0
"RESUP[67,21]",0.0
"RESUP[68,21]",0.0
"RESUP[69,21]",0.0
"RESUP[70,21]",0.0
"RESUP[71,21]",0.0
"RESUP[72,21]",0.0
"RESUP[73,21]",0.0
"RESUP[101,21]",253.1754804370387
"RESUP[102,21]",0.0
"RESUP[103,21]",0.0
"RESUP[104,21]",0.0
"RESUP[105,21]",0.0
"RESUP[106,21]",0.0
"RESUP[107,21]",0.0
"RESUP[108,21]",0.0
"RESUP[109,21]",281.25
"RESUP[110,21]",0.0
"RESUP[1,22]",0.0
"RESUP[2,22]",0.0
"RESUP[3,22]",0.0
"RESUP[4,22]",0.0
"RESUP[5,22]",0.0
"RESUP[6,22]",0.0
"RESUP[7,22]",0.0
"RESUP[8,22]",0.0
"RESUP[9,22]",0.0
"RESUP[10,22]",0.0
"RESUP[11,22]",0.0
"RESUP[12,22]",0.0
"RESUP[13,22]",0.0
"RESUP[14,22]",0.0
"RESUP[15,22]",0.0
"RESUP[16,22]",0.0
"RESUP[17,22]",0.0
"RESUP[18,22]",0.0
"RESUP[19,22]",0.0
"RESUP[20,22]",0.0
"RESUP[21,22]",0.0
"RESUP[22,22]",0.0
"RESUP[23,22]",0.0
"RESUP[24,22]",0.0
"RESUP[25,22]",0.0
"RESUP[26,22]",0.0
"RESUP[27,22]",0.0
"RESUP[28,22]",0.0
"RESUP[29,22]",0.0
"RESUP[30,22]",0.0
"RESUP[31,22]",0.0
"RESUP[32,22]",0.0
"RESUP[33,22]",0.0
"RESUP[34,22]",0.0
"RESUP[35,22]",0.0
"RESUP[36,22]",0.0
"RESUP[37,22]",0.0
"RESUP[38,22]",0.0
"RESUP[39,22]",0.0
"RESUP[40,22]",0.0
"RESUP[41,22]",0.0
"RESUP[42,22]",0.0
"RESUP[43,22]",0.0
"RESUP[44,22]",0.0
"RESUP[45,22]",0.0
"RESUP[46,22]",0.0
"RESUP[47,22]",0.0
"RESUP[48,22]",0.0
"RESUP[49,22]",0.0
"RESUP[50,22]",0.0
"RESUP[51,22]",0.0
"RESUP[52,22]",0.0
"RESUP[53,22]",0.0
"RESUP[54,22]",0.0
"RESUP[55,22]",0.0
"RESUP[56,22]",0.0
"RESUP[57,22]",0.0
"RESUP[58,22]",0.0
"RESUP[59,22]",0.0
"RESUP[60,22]",0.0
"RESUP[61,22]",0.0
"RESUP[62,22]",0.0
"RESUP[63,22]",0.0
"RESUP[64,22]",0.0
"RESUP[65,22]",0.0
"RESUP[66,22]",0.0
"RESUP[67,22]",0.0
"RESUP[68,22]",0.0
"RESUP[69,22]",0.0
"RESUP[70,22]",0.0
"RESUP[71,22]",0.0
"RESUP[72,22]",0.0
"RESUP[73,22]",0.0
"RESUP[101,22]",0.0
"RESUP[102,22]",277.5
"RESUP[103,22]",0.0
"RESUP[104,22]",200.9186793252335
"RESUP[105,22]",0.0
"RESUP[106,22]",163.7372031203681
"RESUP[107,22]",0.0
"RESUP[108,22]",0.0
"RESUP[109,22]",0.0
"RESUP[110,22]",0.0
"RESUP[1,23]",0.0
"RESUP[2,23]",0.0
"RESUP[3,23]",0.0
"RESUP[4,23]",0.0
"RESUP[5,23]",0.0
"RESUP[6,23]",0.0
"RESUP[7,23]",0.0
"RESUP[8,23]",0.0
"RESUP[9,23]",0.0
"RESUP[10,23]",0.0
"RESUP[11,23]",0.0
"RESUP[12,23]",0.0
"RESUP[13,23]",0.0
"RESUP[14,23]",0.0
"RESUP[15,23]",0.0
"RESUP[16,23]",0.0
"RESUP[17,23]",0.0
"RESUP[18,23]",0.0
"RESUP[19,23]",0.0
"RESUP[20,23]",0.0
"RESUP[21,23]",0.0
"RESUP[22,23]",0.0
"RESUP[23,23]",0.0
"RESUP[24,23]",0.0
"RESUP[25,23]",0.0
"RESUP[26,23]",0.0
"RESUP[27,23]",0.0
"RESUP[28,23]",0.0
"RESUP[29,23]",0.0
"RESUP[30,23]",0.0
"RESUP[31,23]",0.0
"RESUP[32,23]",0.0
"RESUP[33,23]",0.0
"RESUP[34,23]",0.0
"RESUP[35,23]",0.0
"RESUP[36,23]",0.0
"RESUP[37,23]",0.0
"RESUP[38,23]",0.0
"RESUP[39,23]",0.0
"RESUP[40,23]",0.0
"RESUP[41,23]",0.0
"RESUP[42,23]",0.0
"RESUP[43,23]",0.0
"RESUP[44,23]",0.0
"RESUP[45,23]",0.0
"RESUP[46,23]",0.0
"RESUP[47,23]",0.0
"RESUP[48,23]",0.0
"RESUP[49,23]",0.0
"RESUP[50,23]",0.0
"RESUP[51,23]",0.0
"RESUP[52,23]",0.0
"RESUP[53,23]",0.0
"RESUP[54,23]",0.0
"RESUP[55,23]",0.0
"RESUP[56,23]",0.0
"RESUP[57,23]",0.0
"RESUP[58,23]",0.0
"RESUP[59,23]",0.0
"RESUP[60,23]",0.0
"RESUP[61,23]",0.0
"RESUP[62,23]",0.0
"RESUP[63,23]",0.0
"RESUP[64,23]",0.0
"RESUP[65,23]",0.0
"RESUP[66,23]",0.0
"RESUP[67,23]",0.0
"RESUP[68,23]",0.0
"RESUP[69,23]",0.0
"RESUP[70,23]",0.0
"RESUP[71,23]",0.0
"RESUP[72,23]",0.0
"RESUP[73,23]",0.0
"RESUP[101,23]",0.0
"RESUP[102,23]",0.0
"RESUP[103,23]",0.0
"RESUP[104,23]",89.01058739161277
"RESUP[105,23]",0.0
"RESUP[106,23]",265.8
"RESUP[107,23]",0.0
"RESUP[108,23]",0.0
"RESUP[109,23]",281.25
"RESUP[110,23]",0.0
"RESUP[1,24]",0.0
"RESUP[2,24]",0.0
"RESUP[3,24]",0.0
"RESUP[4,24]",0.0
"RESUP[5,24]",0.0
"RESUP[6,24]",0.0
"RESUP[7,24]",0.0
"RESUP[8,24]",0.0
"RESUP[9,24]",0.0
"RESUP[10,24]",0.0
"RESUP[11,24]",0.0
"RESUP[12,24]",0.0
"RESUP[13,24]",0.0
"RESUP[14,24]",0.0
"RESUP[15,24]",0.0
"RESUP[16,24]",0.0
"RESUP[17,24]",0.0
"RESUP[18,24]",0.0
"RESUP[19,24]",0.0
"RESUP[20,24]",0.0
"RESUP[21,24]",0.0
"RESUP[22,24]",0.0
"RESUP[23,24]",0.0
"RESUP[24,24]",0.0
"RESUP[25,24]",0.0
"RESUP[26,24]",0.0
"RESUP[27,24]",0.0
"RESUP[28,24]",0.0
"RESUP[29,24]",0.0
"RESUP[30,24]",0.0
"RESUP[31,24]",0.0
"RESUP[32,24]",0.0
"RESUP[33,24]",0.0
"RESUP[34,24]",0.0
"RESUP[35,24]",0.0
"RESUP[36,24]",0.0
"RESUP[37,24]",0.0
"RESUP[38,24]",0.0
"RESUP[39,24]",0.0
"RESUP[40,24]",0.0
"RESUP[41,24]",0.0
"RESUP[42,24]",0.0
"RESUP[43,24]",70.40050029976487
"RESUP[44,24]",0.0
"RESUP[45,24]",0.0
"RESUP[46,24]",0.0
"RESUP[47,24]",0.0
"RESUP[48,24]",0.0
"RESUP[49,24]",0.0
"RESUP[50,24]",0.0
"RESUP[51,24]",0.0
"RESUP[52,24]",0.0
"RESUP[53,24]",0.0
"RESUP[54,24]",0.0
"RESUP[55,24]",0.0
"RESUP[56,24]",0.0
"RESUP[57,24]",0.0
"RESUP[58,24]",0.0
"RESUP[59,24]",0.0
"RESUP[60,24]",0.0
"RESUP[61,24]",0.0
"RESUP[62,24]",0.0
"RESUP[63,24]",0.0
"RESUP[64,24]",0.0
"RESUP[65,24]",0.0
"RESUP[66,24]",0.0
"RESUP[67,24]",0.0
"RESUP[68,24]",0.0
"RESUP[69,24]",0.0
"RESUP[70,24]",0.0
"RESUP[71,24]",0.0
"RESUP[72,24]",0.0
"RESUP[73,24]",0.0
"RESUP[101,24]",0.0
"RESUP[102,24]",0.0
"RESUP[103,24]",0.0
"RESUP[104,24]",283.5
"RESUP[105,24]",0.0
"RESUP[106,24]",0.0
"RESUP[107,24]",284.55
"RESUP[108,24]",0.0
"RESUP[109,24]",181.4417180079676
"RESUP[110,24]",0.0
"RESDN[1,1]",0.0
"RESDN[2,1]",0.0
"RESDN[3,1]",46.000000007967145
"RESDN[4,1]",46.000000008
"RESDN[5,1]",0.0
"RESDN[6,1]",0.0
"RESDN[7,1]",46.000000008
"RESDN[8,1]",46.000000008
"RESDN[9,1]",0.0
"RESDN[10,1]",0.0
"RESDN[11,1]",0.0
"RESDN[12,1]",0.0
"RESDN[13,1]",0.0
"RESDN[14,1]",0.0
"RESDN[15,1]",0.0
"RESDN[16,1]",0.0
"RESDN[17,1]",0.0
"RESDN[18,1]",0.0
"RESDN[19,1]",0.0
"RESDN[20,1]",192.81999396560855
"RESDN[21,1]",0.0
"RESDN[22,1]",0.0
"RESDN[23,1]",0.0
"RESDN[24,1]",0.0
"RESDN[25,1]",0.0
"RESDN[26,1]",0.0
"RESDN[27,1]",0.0
"RESDN[28,1]",0.0
"RESDN[29,1]",0.0
"RESDN[30,1]",0.0
"RESDN[31,1]",0.0
"RESDN[32,1]",0.0
"RESDN[33,1]",0.0
"RESDN[34,1]",0.0
"RESDN[35,1]",0.0
"RESDN[36,1]",0.0
"RESDN[37,1]",0.0
"RESDN[38,1]",52.85436244431142
"RESDN[39,1]",0.0
"RESDN[40,1]",0.0
"RESDN[41,1]",93.0
"RESDN[42,1]",93.0
"RESDN[43,1]",0.0
"RESDN[44,1]",0.0
"RESDN[45,1]",0.0
"RESDN[46,1]",0.0
"RESDN[47,1]",0.0
"RESDN[48,1]",0.0
"RESDN[49,1]",0.0
"RESDN[50,1]",0.0
"RESDN[51,1]",0.0
"RESDN[52,1]",0.0
"RESDN[53,1]",0.0
"RESDN[54,1]",0.0
"RESDN[55,1]",0.0
"RESDN[56,1]",0.0
"RESDN[57,1]",0.0
"RESDN[58,1]",0.0
"RESDN[59,1]",0.0
"RESDN[60,1]",0.0
"RESDN[61,1]",0.0
"RESDN[62,1]",0.0
"RESDN[63,1]",0.0
"RESDN[64,1]",0.0
"RESDN[65,1]",0.0
"RESDN[66,1]",0.0
"RESDN[67,1]",0.0
"RESDN[68,1]",0.0
"RESDN[69,1]",0.0
"RESDN[70,1]",0.0
"RESDN[71,1]",0.0
"RESDN[72,1]",0.0
"RESDN[73,1]",4.0
"RESDN[101,1]",0.0
"RESDN[102,1]",0.0
"RESDN[103,1]",0.0
"RESDN[104,1]",0.0
"RESDN[105,1]",0.0
"RESDN[106,1]",0.0
"RESDN[107,1]",0.0
"RESDN[108,1]",0.0
"RESDN[109,1]",0.0
"RESDN[110,1]",0.0
"RESDN[1,2]",0.0
"RESDN[2,2]",0.0
"RESDN[3,2]",46.000000007992725
"RESDN[4,2]",46.000000008
"RESDN[5,2]",0.0
"RESDN[6,2]",0.0
"RESDN[7,2]",46.000000008
"RESDN[8,2]",46.000000008
"RESDN[9,2]",0.0
"RESDN[10,2]",0.0
"RESDN[11,2]",0.0
"RESDN[12,2]",0.0
"RESDN[13,2]",0.0
"RESDN[14,2]",0.0
"RESDN[15,2]",0.0
"RESDN[16,2]",0.0
"RESDN[17,2]",0.0
"RESDN[18,2]",0.0
"RESDN[19,2]",0.0
"RESDN[20,2]",0.0
"RESDN[21,2]",0.0
"RESDN[22,2]",0.0
"RESDN[23,2]",0.0
"RESDN[24,2]",0.0
"RESDN[25,2]",0.0
"RESDN[26,2]",0.0
"RESDN[27,2]",0.0
"RESDN[28,2]",0.0
"RESDN[29,2]",0.0
"RESDN[30,2]",0.0
"RESDN[31,2]",0.0
"RESDN[32,2]",0.0
"RESDN[33,2]",0.0
"RESDN[34,2]",0.0
"RESDN[35,2]",0.0
"RESDN[36,2]",0.0
"RESDN[37,2]",0.0
"RESDN[38,2]",93.0
"RESDN[39,2]",0.0
"RESDN[40,2]",0.0
"RESDN[41,2]",93.0
"RESDN[42,2]",93.0
"RESDN[43,2]",48.46457174218118
"RESDN[44,2]",0.0
"RESDN[45,2]",0.0
"RESDN[46,2]",0.0
"RESDN[47,2]",0.0
"RESDN[48,2]",0.0
"RESDN[49,2]",0.0
"RESDN[50,2]",0.0
"RESDN[51,2]",0.0
"RESDN[52,2]",0.0
"RESDN[53,2]",0.0
"RESDN[54,2]",0.0
"RESDN[55,2]",0.0
"RESDN[56,2]",0.0
"RESDN[57,2]",0.0
"RESDN[58,2]",0.0
"RESDN[59,2]",0.0
"RESDN[60,2]",0.0
"RESDN[61,2]",0.0
"RESDN[62,2]",0.0
"RESDN[63,2]",0.0
"RESDN[64,2]",0.0
"RESDN[65,2]",0.0
"RESDN[66,2]",0.0
"RESDN[67,2]",0.0
"RESDN[68,2]",0.0
"RESDN[69,2]",0.0
"RESDN[70,2]",0.0
"RESDN[71,2]",0.0
"RESDN[72,2]",0.0
"RESDN[73,2]",4.0
"RESDN[101,2]",0.0
"RESDN[102,2]",0.0
"RESDN[103,2]",0.0
"RESDN[104,2]",0.0
"RESDN[105,2]",0.0
"RESDN[106,2]",0.0
"RESDN[107,2]",0.0
"RESDN[108,2]",0.0
"RESDN[109,2]",0.0
"RESDN[110,2]",0.0
"RESDN[1,3]",0.0
"RESDN[2,3]",0.0
"RESDN[3,3]",46.000000008
"RESDN[4,3]",46.000000008
"RESDN[5,3]",0.0
"RESDN[6,3]",0.0
"RESDN[7,3]",46.000000008
"RESDN[8,3]",46.000000008
"RESDN[9,3]",0.0
"RESDN[10,3]",0.0
"RESDN[11,3]",0.0
"RESDN[12,3]",0.0
"RESDN[13,3]",0.0
"RESDN[14,3]",0.0
"RESDN[15,3]",0.0
"RESDN[16,3]",0.0
"RESDN[17,3]",0.0
"RESDN[18,3]",0.0
"RESDN[19,3]",0.0
"RESDN[20,3]",0.0
"RESDN[21,3]",0.0
"RESDN[22,3]",0.0
"RESDN[23,3]",0.0
"RESDN[24,3]",0.0
"RESDN[25,3]",0.0
"RESDN[26,3]",0.0
"RESDN[27,3]",0.0
"RESDN[28,3]",0.0
"RESDN[29,3]",0.0
"RESDN[30,3]",0.0
"RESDN[31,3]",0.0
"RESDN[32,3]",0.0
"RESDN[33,3]",0.0
"RESDN[34,3]",0.0
"RESDN[35,3]",0.0
"RESDN[36,3]",0.0
"RESDN[37,3]",0.0
"RESDN[38,3]",93.0
"RESDN[39,3]",0.0
"RESDN[40,3]",0.0
"RESDN[41,3]",93.0
"RESDN[42,3]",93.0
"RESDN[43,3]",134.19990932780956
"RESDN[44,3]",0.0
"RESDN[45,3]",0.0
"RESDN[46,3]",0.0
"RESDN[47,3]",0.0
"RESDN[48,3]",0.0
"RESDN[49,3]",0.0
"RESDN[50,3]",0.0
"RESDN[51,3]",0.0
"RESDN[52,3]",0.0
"RESDN[53,3]",0.0
"RESDN[54,3]",0.0
"RESDN[55,3]",0.0
"RESDN[56,3]",0.0
"RESDN[57,3]",0.0
"RESDN[58,3]",0.0
"RESDN[59,3]",0.0
"RESDN[60,3]",0.0
"RESDN[61,3]",0.0
"RESDN[62,3]",0.0
"RESDN[63,3]",0.0
"RESDN[64,3]",0.0
"RESDN[65,3]",0.0
"RESDN[66,3]",0.0
"RESDN[67,3]",0.0
"RESDN[68,3]",0.0
"RESDN[69,3]",0.0
"RESDN[70,3]",0.0
"RESDN[71,3]",0.0
"RESDN[72,3]",0.0
"RESDN[73,3]",4.0
"RESDN[101,3]",0.0
"RESDN[102,3]",0.0
"RESDN[103,3]",0.0
"RESDN[104,3]",0.0
"RESDN[105,3]",0.0
"RESDN[106,3]",0.0
"RESDN[107,3]",0.0
"RESDN[108,3]",0.0
"RESDN[109,3]",0.0
"RESDN[110,3]",0.0
"RESDN[1,4]",0.0
"RESDN[2,4]",0.0
"RESDN[3,4]",46.000000008
"RESDN[4,4]",46.000000008
"RESDN[5,4]",0.0
"RESDN[6,4]",0.0
"RESDN[7,4]",46.000000008
"RESDN[8,4]",46.000000008
"RESDN[9,4]",0.0
"RESDN[10,4]",0.0
"RESDN[11,4]",0.0
"RESDN[12,4]",0.0
"RESDN[13,4]",0.0
"RESDN[14,4]",0.0
"RESDN[15,4]",0.0
"RESDN[16,4]",0.0
"RESDN[17,4]",0.0
"RESDN[18,4]",0.0
"RESDN[19,4]",0.0
"RESDN[20,4]",0.0
"RESDN[21,4]",0.0
"RESDN[22,4]",0.0
"RESDN[23,4]",0.0
"RESDN[24,4]",0.0
"RESDN[25,4]",0.0
"RESDN[26,4]",0.0
"RESDN[27,4]",0.0
"RESDN[28,4]",0.0
"RESDN[29,4]",0.0
"RESDN[30,4]",0.0
"RESDN[31,4]",0.0
"RESDN[32,4]",0.0
"RESDN[33,4]",0.0
"RESDN[34,4]",0.0
"RESDN[35,4]",0.0
"RESDN[36,4]",0.0
"RESDN[37,4]",0.0
"RESDN[38,4]",93.0
"RESDN[39,4]",0.0
"RESDN[40,4]",0.0
"RESDN[41,4]",93.0
"RESDN[42,4]",93.0
"RESDN[43,4]",192.5654408933491
"RESDN[44,4]",0.0
"RESDN[45,4]",0.0
"RESDN[46,4]",0.0
"RESDN[47,4]",0.0
"RESDN[48,4]",0.0
"RESDN[49,4]",0.0
"RESDN[50,4]",0.0
"RESDN[51,4]",0.0
"RESDN[52,4]",0.0
"RESDN[53,4]",0.0
"RESDN[54,4]",0.0
"RESDN[55,4]",0.0
"RESDN[56,4]",0.0
"RESDN[57,4]",0.0
"RESDN[58,4]",0.0
"RESDN[59,4]",0.0
"RESDN[60,4]",0.0
"RESDN[61,4]",0.0
"RESDN[62,4]",0.0
"RESDN[63,4]",0.0
"RESDN[64,4]",0.0
"RESDN[65,4]",0.0
"RESDN[66,4]",0.0
"RESDN[67,4]",0.0
"RESDN[68,4]",0.0
"RESDN[69,4]",0.0
"RESDN[70,4]",0.0
"RESDN[71,4]",0.0
"RESDN[72,4]",0.0
"RESDN[73,4]",4.0
"RESDN[101,4]",0.0
"RESDN[102,4]",0.0
"RESDN[103,4]",0.0
"RESDN[104,4]",0.0
"RESDN[105,4]",0.0
"RESDN[106,4]",0.0
"RESDN[107,4]",0.0
"RESDN[108,4]",0.0
"RESDN[109,4]",0.0
"RESDN[110,4]",0.0
"RESDN[1,5]",0.0
"RESDN[2,5]",0.0
"RESDN[3,5]",46.000000008
"RESDN[4,5]",46.000000008
"RESDN[5,5]",0.0
"RESDN[6,5]",0.0
"RESDN[7,5]",46.000000008
"RESDN[8,5]",46.000000008
"RESDN[9,5]",0.0
"RESDN[10,5]",0.0
"RESDN[11,5]",0.0
"RESDN[12,5]",0.0
"RESDN[13,5]",0.0
"RESDN[14,5]",0.0
"RESDN[15,5]",0.0
"RESDN[16,5]",0.0
"RESDN[17,5]",0.0
"RESDN[18,5]",0.0
"RESDN[19,5]",0.0
"RESDN[20,5]",121.54921430911236
"RESDN[21,5]",0.0
"RESDN[22,5]",0.0
"RESDN[23,5]",0.0
"RESDN[24,5]",0.0
"RESDN[25,5]",0.0
"RESDN[26,5]",0.0
"RESDN[27,5]",0.0
"RESDN[28,5]",0.0
"RESDN[29,5]",0.0
"RESDN[30,5]",0.0
"RESDN[31,5]",0.0
"RESDN[32,5]",0.0
"RESDN[33,5]",0.0
"RESDN[34,5]",0.0
"RESDN[35,5]",0.0
"RESDN[36,5]",0.0
"RESDN[37,5]",0.0
"RESDN[38,5]",93.0
"RESDN[39,5]",0.0
"RESDN[40,5]",0.0
"RESDN[41,5]",93.0
"RESDN[42,5]",93.0
"RESDN[43,5]",210.0
"RESDN[44,5]",0.0
"RESDN[45,5]",0.0
"RESDN[46,5]",0.0
"RESDN[47,5]",0.0
"RESDN[48,5]",0.0
"RESDN[49,5]",0.0
"RESDN[50,5]",0.0
"RESDN[51,5]",0.0
"RESDN[52,5]",0.0
"RESDN[53,5]",0.0
"RESDN[54,5]",0.0
"RESDN[55,5]",0.0
"RESDN[56,5]",0.0
"RESDN[57,5]",0.0
"RESDN[58,5]",0.0
"RESDN[59,5]",0.0
"RESDN[60,5]",0.0
"RESDN[61,5]",0.0
"RESDN[62,5]",0.0
"RESDN[63,5]",0.0
"RESDN[64,5]",0.0
"RESDN[65,5]",0.0
"RESDN[66,5]",0.0
"RESDN[67,5]",0.0
"RESDN[68,5]",0.0
"RESDN[69,5]",0.0
"RESDN[70,5]",0.0
"RESDN[71,5]",0.0
"RESDN[72,5]",0.0
"RESDN[73,5]",4.0
"RESDN[101,5]",0.0
"RESDN[102,5]",0.0
"RESDN[103,5]",0.0
"RESDN[104,5]",0.0
"RESDN[105,5]",0.0
"RESDN[106,5]",0.0
"RESDN[107,5]",0.0
"RESDN[108,5]",0.0
"RESDN[109,5]",0.0
"RESDN[110,5]",0.0
"RESDN[1,6]",0.0
"RESDN[2,6]",0.0
"RESDN[3,6]",46.000000008
"RESDN[4,6]",46.000000008
"RESDN[5,6]",0.0
"RESDN[6,6]",0.0
"RESDN[7,6]",46.000000008
"RESDN[8,6]",46.000000008
"RESDN[9,6]",0.0
"RESDN[10,6]",0.0
"RESDN[11,6]",0.0
"RESDN[12,6]",0.0
"RESDN[13,6]",0.0
"RESDN[14,6]",0.0
"RESDN[15,6]",0.0
"RESDN[16,6]",0.0
"RESDN[17,6]",0.0
"RESDN[18,6]",0.0
"RESDN[19,6]",0.0
"RESDN[20,6]",0.0
"RESDN[21,6]",0.0
"RESDN[22,6]",0.0
"RESDN[23,6]",0.0
"RESDN[24,6]",0.0
"RESDN[25,6]",0.0
"RESDN[26,6]",0.0
"RESDN[27,6]",0.0
"RESDN[28,6]",0.0
"RESDN[29,6]",0.0
"RESDN[30,6]",0.0
"RESDN[31,6]",0.0
"RESDN[32,6]",0.0
"RESDN[33,6]",0.0
"RESDN[34,6]",0.0
"RESDN[35,6]",0.0
"RESDN[36,6]",0.0
"RESDN[37,6]",0.0
"RESDN[38,6]",93.0
"RESDN[39,6]",0.0
"RESDN[40,6]",0.0
"RESDN[41,6]",93.0
"RESDN[42,6]",93.0
"RESDN[43,6]",140.3550563876115
"RESDN[44,6]",0.0
"RESDN[45,6]",0.0
"RESDN[46,6]",0.0
"RESDN[47,6]",0.0
"RESDN[48,6]",0.0
"RESDN[49,6]",0.0
"RESDN[50,6]",0.0
"RESDN[51,6]",0.0
"RESDN[52,6]",0.0
"RESDN[53,6]",0.0
"RESDN[54,6]",0.0
"RESDN[55,6]",0.0
"RESDN[56,6]",0.0
"RESDN[57,6]",0.0
"RESDN[58,6]",0.0
"RESDN[59,6]",0.0
"RESDN[60,6]",0.0
"RESDN[61,6]",0.0
"RESDN[62,6]",0.0
"RESDN[63,6]",0.0
"RESDN[64,6]",0.0
"RESDN[65,6]",0.0
"RESDN[66,6]",0.0
"RESDN[67,6]",0.0
"RESDN[68,6]",0.0
"RESDN[69,6]",0.0
"RESDN[70,6]",0.0
"RESDN[71,6]",0.0
"RESDN[72,6]",0.0
"RESDN[73,6]",4.0
"RESDN[101,6]",0.0
"RESDN[102,6]",0.0
"RESDN[103,6]",0.0
"RESDN[104,6]",0.0
"RESDN[105,6]",0.0
"RESDN[106,6]",0.0
"RESDN[107,6]",0.0
"RESDN[108,6]",0.0
"RESDN[109,6]",0.0
"RESDN[110,6]",0.0
"RESDN[1,7]",0.0
"RESDN[2,7]",0.0
"RESDN[3,7]",46.000000008
"RESDN[4,7]",46.000000008
"RESDN[5,7]",0.0
"RESDN[6,7]",0.0
"RESDN[7,7]",46.000000008
"RESDN[8,7]",46.000000008
"RESDN[9,7]",0.0
"RESDN[10,7]",0.0
"RESDN[11,7]",0.0
"RESDN[12,7]",0.0
"RESDN[13,7]",0.0
"RESDN[14,7]",0.0
"RESDN[15,7]",0.0
"RESDN[16,7]",0.0
"RESDN[17,7]",0.0
"RESDN[18,7]",0.0
"RESDN[19,7]",0.0
"RESDN[20,7]",0.0
"RESDN[21,7]",0.0
"RESDN[22,7]",0.0
"RESDN[23,7]",0.0
"RESDN[24,7]",0.0
"RESDN[25,7]",0.0
"RESDN[26,7]",0.0
"RESDN[27,7]",0.0
"RESDN[28,7]",0.0
"RESDN[29,7]",0.0
"RESDN[30,7]",0.0
"RESDN[31,7]",0.0
"RESDN[32,7]",0.0
"RESDN[33,7]",0.0
"RESDN[34,7]",0.0
"RESDN[35,7]",0.0
"RESDN[36,7]",0.0
"RESDN[37,7]",0.0
"RESDN[38,7]",93.0
"RESDN[39,7]",0.0
"RESDN[40,7]",0.0
"RESDN[41,7]",93.0
"RESDN[42,7]",93.0
"RESDN[43,7]",0.0
"RESDN[44,7]",0.0
"RESDN[45,7]",0.0
"RESDN[46,7]",0.0
"RESDN[47,7]",0.0
"RESDN[48,7]",0.0
"RESDN[49,7]",0.0
"RESDN[50,7]",0.0
"RESDN[51,7]",0.0
"RESDN[52,7]",0.0
"RESDN[53,7]",0.0
"RESDN[54,7]",0.0
"RESDN[55,7]",0.0
"RESDN[56,7]",0.0
"RESDN[57,7]",0.0
"RESDN[58,7]",0.0
"RESDN[59,7]",0.0
"RESDN[60,7]",0.0
"RESDN[61,7]",0.0
"RESDN[62,7]",0.0
"RESDN[63,7]",0.0
"RESDN[64,7]",0.0
"RESDN[65,7]",0.0
"RESDN[66,7]",0.0
"RESDN[67,7]",0.0
"RESDN[68,7]",0.0
"RESDN[69,7]",0.0
"RESDN[70,7]",0.0
"RESDN[71,7]",0.0
"RESDN[72,7]",0.0
"RESDN[73,7]",4.0
"RESDN[101,7]",0.0
"RESDN[102,7]",100.50088039613001
"RESDN[103,7]",0.0
"RESDN[104,7]",0.0
"RESDN[105,7]",0.0
"RESDN[106,7]",0.0
"RESDN[107,7]",0.0
"RESDN[108,7]",0.0
"RESDN[109,7]",0.0
"RESDN[110,7]",0.0
"RESDN[1,8]",0.0
"RESDN[2,8]",0.0
"RESDN[3,8]",46.000000008
"RESDN[4,8]",46.000000008
"RESDN[5,8]",0.0
"RESDN[6,8]",0.0
"RESDN[7,8]",0.0
"RESDN[8,8]",0.0
"RESDN[9,8]",0.0
"RESDN[10,8]",0.0
"RESDN[11,8]",0.0
"RESDN[12,8]",0.0
"RESDN[13,8]",0.0
"RESDN[14,8]",0.0
"RESDN[15,8]",0.0
"RESDN[16,8]",0.0
"RESDN[17,8]",0.0
"RESDN[18,8]",0.0
"RESDN[19,8]",0.0
"RESDN[20,8]",0.0
"RESDN[21,8]",0.0
"RESDN[22,8]",0.0
"RESDN[23,8]",0.0
"RESDN[24,8]",0.0
"RESDN[25,8]",0.0
"RESDN[26,8]",0.0
"RESDN[27,8]",0.0
"RESDN[28,8]",0.0
"RESDN[29,8]",0.0
"RESDN[30,8]",0.0
"RESDN[31,8]",0.0
"RESDN[32,8]",0.0
"RESDN[33,8]",0.0
"RESDN[34,8]",0.0
"RESDN[35,8]",0.0
"RESDN[36,8]",0.0
"RESDN[37,8]",0.0
"RESDN[38,8]",0.0
"RESDN[39,8]",0.0
"RESDN[40,8]",0.0
"RESDN[41,8]",21.630853840617306
"RESDN[42,8]",93.0
"RESDN[43,8]",0.0
"RESDN[44,8]",0.0
"RESDN[45,8]",0.0
"RESDN[46,8]",0.0
"RESDN[47,8]",0.0
"RESDN[48,8]",0.0
"RESDN[49,8]",0.0
"RESDN[50,8]",0.0
"RESDN[51,8]",0.0
"RESDN[52,8]",0.0
"RESDN[53,8]",0.0
"RESDN[54,8]",0.0
"RESDN[55,8]",0.0
"RESDN[56,8]",0.0
"RESDN[57,8]",0.0
"RESDN[58,8]",0.0
"RESDN[59,8]",0.0
"RESDN[60,8]",0.0
"RESDN[61,8]",0.0
"RESDN[62,8]",0.0
"RESDN[63,8]",0.0
"RESDN[64,8]",0.0
"RESDN[65,8]",0.0
"RESDN[66,8]",0.0
"RESDN[67,8]",0.0
"RESDN[68,8]",0.0
"RESDN[69,8]",0.0
"RESDN[70,8]",0.0
"RESDN[71,8]",0.0
"RESDN[72,8]",0.0
"RESDN[73,8]",4.0
"RESDN[101,8]",271.8
"RESDN[102,8]",0.0
"RESDN[103,8]",0.0
"RESDN[104,8]",0.0
"RESDN[105,8]",0.0
"RESDN[106,8]",0.0
"RESDN[107,8]",0.0
"RESDN[108,8]",0.0
"RESDN[109,8]",0.0
"RESDN[110,8]",264.3
"RESDN[1,9]",0.0
"RESDN[2,9]",0.0
"RESDN[3,9]",46.000000008
"RESDN[4,9]",46.000000008
"RESDN[5,9]",0.0
"RESDN[6,9]",0.0
"RESDN[7,9]",0.0
"RESDN[8,9]",0.0
"RESDN[9,9]",0.0
"RESDN[10,9]",0.0
"RESDN[11,9]",0.0
"RESDN[12,9]",0.0
"RESDN[13,9]",0.0
"RESDN[14,9]",0.0
"RESDN[15,9]",0.0
"RESDN[16,9]",0.0
"RESDN[17,9]",0.0
"RESDN[18,9]",0.0
"RESDN[19,9]",0.0
"RESDN[20,9]",0.0
"RESDN[21,9]",0.0
"RESDN[22,9]",0.0
"RESDN[23,9]",0.0
"RESDN[24,9]",0.0
"RESDN[25,9]",0.0
"RESDN[26,9]",0.0
"RESDN[27,9]",0.0
"RESDN[28,9]",0.0
"RESDN[29,9]",0.0
"RESDN[30,9]",0.0
"RESDN[31,9]",0.0
"RESDN[32,9]",0.0
"RESDN[33,9]",0.0
"RESDN[34,9]",0.0
"RESDN[35,9]",0.0
"RESDN[36,9]",0.0
"RESDN[37,9]",0.0
"RESDN[38,9]",0.0
"RESDN[39,9]",0.0
"RESDN[40,9]",0.0
"RESDN[41,9]",48.79909279177559
"RESDN[42,9]",93.0
"RESDN[43,9]",0.0
"RESDN[44,9]",0.0
"RESDN[45,9]",0.0
"RESDN[46,9]",0.0
"RESDN[47,9]",0.0
"RESDN[48,9]",0.0
"RESDN[49,9]",0.0
"RESDN[50,9]",0.0
"RESDN[51,9]",0.0
"RESDN[52,9]",0.0
"RESDN[53,9]",0.0
"RESDN[54,9]",0.0
"RESDN[55,9]",0.0
"RESDN[56,9]",0.0
"RESDN[57,9]",0.0
"RESDN[58,9]",0.0
"RESDN[59,9]",0.0
"RESDN[60,9]",0.0
"RESDN[61,9]",0.0
"RESDN[62,9]",0.0
"RESDN[63,9]",0.0
"RESDN[64,9]",0.0
"RESDN[65,9]",0.0
"RESDN[66,9]",0.0
"RESDN[67,9]",0.0
"RESDN[68,9]",0.0
"RESDN[69,9]",0.0
"RESDN[70,9]",0.0
"RESDN[71,9]",0.0
"RESDN[72,9]",0.0
"RESDN[73,9]",4.0
"RESDN[101,9]",0.0
"RESDN[102,9]",0.0
"RESDN[103,9]",0.0
"RESDN[104,9]",0.0
"RESDN[105,9]",0.0
"RESDN[106,9]",0.0
"RESDN[107,9]",0.0
"RESDN[108,9]",285.15
"RESDN[109,9]",0.0
"RESDN[110,9]",178.64026685346735
"RESDN[1,10]",0.0
"RESDN[2,10]",0.0
"RESDN[3,10]",46.000000008
"RESDN[4,10]",46.000000008
"RESDN[5,10]",0.0
"RESDN[6,10]",0.0
"RESDN[7,10]",0.0
"RESDN[8,10]",0.0
"RESDN[9,10]",0.0
"RESDN[10,10]",0.0
"RESDN[11,10]",0.0
"RESDN[12,10]",0.0
"RESDN[13,10]",0.0
"RESDN[14,10]",0.0
"RESDN[15,10]",0.0
"RESDN[16,10]",0.0
"RESDN[17,10]",0.0
"RESDN[18,10]",0.0
"RESDN[19,10]",0.0
"RESDN[20,10]",0.0
"RESDN[21,10]",0.0
"RESDN[22,10]",0.0
"RESDN[23,10]",0.0
"RESDN[24,10]",0.0
"RESDN[25,10]",0.0
"RESDN[26,10]",0.0
"RESDN[27,10]",0.0
"RESDN[28,10]",0.0
"RESDN[29,10]",0.0
"RESDN[30,10]",0.0
"RESDN[31,10]",0.0
"RESDN[32,10]",0.0
"RESDN[33,10]",0.0
"RESDN[34,10]",0.0
"RESDN[35,10]",0.0
"RESDN[36,10]",0.0
"RESDN[37,10]",0.0
"RESDN[38,10]",0.0
"RESDN[39,10]",0.0
"RESDN[40,10]",0.0
"RESDN[41,10]",0.0
"RESDN[42,10]",0.0
"RESDN[43,10]",0.0
"RESDN[44,10]",0.0
"RESDN[45,10]",0.0
"RESDN[46,10]",0.0
"RESDN[47,10]",0.0
"RESDN[48,10]",0.0
"RESDN[49,10]",0.0
"RESDN[50,10]",0.0
"RESDN[51,10]",0.0
"RESDN[52,10]",0.0
"RESDN[53,10]",0.0
"RESDN[54,10]",0.0
"RESDN[55,10]",0.0
"RESDN[56,10]",0.0
"RESDN[57,10]",0.0
"RESDN[58,10]",0.0
"RESDN[59,10]",0.0
"RESDN[60,10]",0.0
"RESDN[61,10]",0.0
"RESDN[62,10]",0.0
"RESDN[63,10]",0.0
"RESDN[64,10]",0.0
"RESDN[65,10]",0.0
"RESDN[66,10]",0.0
"RESDN[67,10]",0.0
"RESDN[68,10]",0.0
"RESDN[69,10]",0.0
"RESDN[70,10]",0.0
"RESDN[71,10]",0.0
"RESDN[72,10]",0.0
"RESDN[73,10]",4.0
"RESDN[101,10]",0.0
"RESDN[102,10]",277.5
"RESDN[103,10]",0.0
"RESDN[104,10]",0.0
"RESDN[105,10]",0.0
"RESDN[106,10]",0.0
"RESDN[107,10]",0.0
"RESDN[108,10]",0.0
"RESDN[109,10]",0.0
"RESDN[110,10]",238.61041801406057
"RESDN[1,11]",0.0
"RESDN[2,11]",0.0
"RESDN[3,11]",46.000000008
"RESDN[4,11]",46.000000008
"RESDN[5,11]",0.0
"RESDN[6,11]",0.0
"RESDN[7,11]",0.0
"RESDN[8,11]",0.0
"RESDN[9,11]",0.0
"RESDN[10,11]",0.0
"RESDN[11,11]",0.0
"RESDN[12,11]",0.0
"RESDN[13,11]",0.0
"RESDN[14,11]",0.0
"RESDN[15,11]",0.0
"RESDN[16,11]",0.0
"RESDN[17,11]",0.0
"RESDN[18,11]",0.0
"RESDN[19,11]",0.0
"RESDN[20,11]",0.0
"RESDN[21,11]",0.0
"RESDN[22,11]",0.0
"RESDN[23,11]",0.0
"RESDN[24,11]",0.0
"RESDN[25,11]",0.0
"RESDN[26,11]",0.0
"RESDN[27,11]",0.0
"RESDN[28,11]",0.0
"RESDN[29,11]",0.0
"RESDN[30,11]",0.0
"RESDN[31,11]",0.0
"RESDN[32,11]",0.0
"RESDN[33,11]",0.0
"RESDN[34,11]",0.0
"RESDN[35,11]",0.0
"RESDN[36,11]",0.0
"RESDN[37,11]",0.0
"RESDN[38,11]",0.0
"RESDN[39,11]",0.0
"RESDN[40,11]",0.0
"RESDN[41,11]",0.0
"RESDN[42,11]",28.103228397404223
"RESDN[43,11]",0.0
"RESDN[44,11]",0.0
"RESDN[45,11]",0.0
"RESDN[46,11]",0.0
"RESDN[47,11]",0.0
"RESDN[48,11]",0.0
"RESDN[49,11]",0.0
"RESDN[50,11]",0.0
"RESDN[51,11]",0.0
"RESDN[52,11]",0.0
"RESDN[53,11]",0.0
"RESDN[54,11]",0.0
"RESDN[55,11]",0.0
"RESDN[56,11]",0.0
"RESDN[57,11]",0.0
"RESDN[58,11]",0.0
"RESDN[59,11]",0.0
"RESDN[60,11]",0.0
"RESDN[61,11]",0.0
"RESDN[62,11]",0.0
"RESDN[63,11]",0.0
"RESDN[64,11]",0.0
"RESDN[65,11]",0.0
"RESDN[66,11]",0.0
"RESDN[67,11]",0.0
"RESDN[68,11]",0.0
"RESDN[69,11]",0.0
"RESDN[70,11]",0.0
"RESDN[71,11]",0.0
"RESDN[72,11]",0.0
"RESDN[73,11]",4.0
"RESDN[101,11]",0.0
"RESDN[102,11]",0.0
"RESDN[103,11]",0.0
"RESDN[104,11]",0.0
"RESDN[105,11]",0.0
"RESDN[106,11]",265.8
"RESDN[107,11]",0.0
"RESDN[108,11]",0.0
"RESDN[109,11]",191.54552236378984
"RESDN[110,11]",0.0
"RESDN[1,12]",0.0
"RESDN[2,12]",0.0
"RESDN[3,12]",46.000000008
"RESDN[4,12]",46.000000008
"RESDN[5,12]",0.0
"RESDN[6,12]",0.0
"RESDN[7,12]",0.0
"RESDN[8,12]",0.0
"RESDN[9,12]",0.0
"RESDN[10,12]",0.0
"RESDN[11,12]",0.0
"RESDN[12,12]",0.0
"RESDN[13,12]",0.0
"RESDN[14,12]",0.0
"RESDN[15,12]",0.0
"RESDN[16,12]",0.0
"RESDN[17,12]",0.0
"RESDN[18,12]",0.0
"RESDN[19,12]",0.0
"RESDN[20,12]",0.0
"RESDN[21,12]",0.0
"RESDN[22,12]",0.0
"RESDN[23,12]",0.0
"RESDN[24,12]",0.0
"RESDN[25,12]",0.0
"RESDN[26,12]",0.0
"RESDN[27,12]",0.0
"RESDN[28,12]",0.0
"RESDN[29,12]",0.0
"RESDN[30,12]",0.0
"RESDN[31,12]",0.0
"RESDN[32,12]",0.0
"RESDN[33,12]",0.0
"RESDN[34,12]",0.0
"RESDN[35,12]",0.0
"RESDN[36,12]",0.0
"RESDN[37,12]",0.0
"RESDN[38,12]",0.0
"RESDN[39,12]",0.0
"RESDN[40,12]",0.0
"RESDN[41,12]",93.0
"RESDN[42,12]",0.0
"RESDN[43,12]",0.0
"RESDN[44,12]",0.0
"RESDN[45,12]",0.0
"RESDN[46,12]",0.0
"RESDN[47,12]",0.0
"RESDN[48,12]",0.0
"RESDN[49,12]",0.0
"RESDN[50,12]",0.0
"RESDN[51,12]",0.0
"RESDN[52,12]",0.0
"RESDN[53,12]",0.0
"RESDN[54,12]",0.0
"RESDN[55,12]",0.0
"RESDN[56,12]",0.0
"RESDN[57,12]",0.0
"RESDN[58,12]",0.0
"RESDN[59,12]",0.0
"RESDN[60,12]",0.0
"RESDN[61,12]",0.0
"RESDN[62,12]",0.0
"RESDN[63,12]",0.0
"RESDN[64,12]",0.0
"RESDN[65,12]",0.0
"RESDN[66,12]",0.0
"RESDN[67,12]",0.0
"RESDN[68,12]",0.0
"RESDN[69,12]",0.0
"RESDN[70,12]",0.0
"RESDN[71,12]",0.0
"RESDN[72,12]",0.0
"RESDN[73,12]",4.0
"RESDN[101,12]",0.0
"RESDN[102,12]",277.5
"RESDN[103,12]",0.0
"RESDN[104,12]",0.0
"RESDN[105,12]",0.0
"RESDN[106,12]",0.0
"RESDN[107,12]",0.0
"RESDN[108,12]",0.0
"RESDN[109,12]",0.0
"RESDN[110,12]",124.0261669569135
"RESDN[1,13]",0.0
"RESDN[2,13]",0.0
"RESDN[3,13]",46.000000008
"RESDN[4,13]",46.000000008
"RESDN[5,13]",0.0
"RESDN[6,13]",0.0
"RESDN[7,13]",0.0
"RESDN[8,13]",0.0
"RESDN[9,13]",0.0
"RESDN[10,13]",0.0
"RESDN[11,13]",0.0
"RESDN[12,13]",0.0
"RESDN[13,13]",0.0
"RESDN[14,13]",0.0
"RESDN[15,13]",0.0
"RESDN[16,13]",0.0
"RESDN[17,13]",0.0
"RESDN[18,13]",0.0
"RESDN[19,13]",0.0
"RESDN[20,13]",0.0
"RESDN[21,13]",0.0
"RESDN[22,13]",0.0
"RESDN[23,13]",0.0
"RESDN[24,13]",0.0
"RESDN[25,13]",0.0
"RESDN[26,13]",0.0
"RESDN[27,13]",0.0
"RESDN[28,13]",0.0
"RESDN[29,13]",0.0
"RESDN[30,13]",0.0
"RESDN[31,13]",0.0
"RESDN[32,13]",0.0
"RESDN[33,13]",0.0
"RESDN[34,13]",0.0
"RESDN[35,13]",0.0
"RESDN[36,13]",0.0
"RESDN[37,13]",0.0
"RESDN[38,13]",0.0
"RESDN[39,13]",0.0
"RESDN[40,13]",0.0
"RESDN[41,13]",0.0
"RESDN[42,13]",89.7116492032423
"RESDN[43,13]",0.0
"RESDN[44,13]",0.0
"RESDN[45,13]",0.0
"RESDN[46,13]",0.0
"RESDN[47,13]",0.0
"RESDN[48,13]",0.0
"RESDN[49,13]",0.0
"RESDN[50,13]",0.0
"RESDN[51,13]",0.0
"RESDN[52,13]",0.0
"RESDN[53,13]",0.0
"RESDN[54,13]",0.0
"RESDN[55,13]",0.0
"RESDN[56,13]",0.0
"RESDN[57,13]",0.0
"RESDN[58,13]",0.0
"RESDN[59,13]",0.0
"RESDN[60,13]",0.0
"RESDN[61,13]",0.0
"RESDN[62,13]",0.0
"RESDN[63,13]",0.0
"RESDN[64,13]",0.0
"RESDN[65,13]",0.0
"RESDN[66,13]",0.0
"RESDN[67,13]",0.0
"RESDN[68,13]",0.0
"RESDN[69,13]",0.0
"RESDN[70,13]",0.0
"RESDN[71,13]",0.0
"RESDN[72,13]",0.0
"RESDN[73,13]",4.0
"RESDN[101,13]",0.0
"RESDN[102,13]",0.0
"RESDN[103,13]",0.0
"RESDN[104,13]",0.0
"RESDN[105,13]",0.0
"RESDN[106,13]",265.8
"RESDN[107,13]",0.0
"RESDN[108,13]",0.0
"RESDN[109,13]",0.0
"RESDN[110,13]",203.57699990103134
"RESDN[1,14]",0.0
"RESDN[2,14]",0.0
"RESDN[3,14]",46.000000008
"RESDN[4,14]",46.000000008
"RESDN[5,14]",0.0
"RESDN[6,14]",0.0
"RESDN[7,14]",0.0
"RESDN[8,14]",0.0
"RESDN[9,14]",0.0
"RESDN[10,14]",0.0
"RESDN[11,14]",0.0
"RESDN[12,14]",0.0
"RESDN[13,14]",0.0
"RESDN[14,14]",0.0
"RESDN[15,14]",0.0
"RESDN[16,14]",0.0
"RESDN[17,14]",0.0
"RESDN[18,14]",0.0
"RESDN[19,14]",0.0
"RESDN[20,14]",0.0
"RESDN[21,14]",0.0
"RESDN[22,14]",0.0
"RESDN[23,14]",0.0
"RESDN[24,14]",0.0
"RESDN[25,14]",0.0
"RESDN[26,14]",0.0
"RESDN[27,14]",0.0
"RESDN[28,14]",0.0
"RESDN[29,14]",0.0
"RESDN[30,14]",0.0
"RESDN[31,14]",0.0
"RESDN[32,14]",0.0
"RESDN[33,14]",0.0
"RESDN[34,14]",0.0
"RESDN[35,14]",0.0
"RESDN[36,14]",0.0
"RESDN[37,14]",0.0
"RESDN[38,14]",0.0
"RESDN[39,14]",0.0
"RESDN[40,14]",0.0
"RESDN[41,14]",93.0
"RESDN[42,14]",0.0
"RESDN[43,14]",0.0
"RESDN[44,14]",0.0
"RESDN[45,14]",0.0
"RESDN[46,14]",0.0
"RESDN[47,14]",0.0
"RESDN[48,14]",0.0
"RESDN[49,14]",0.0
"RESDN[50,14]",0.0
"RESDN[51,14]",0.0
"RESDN[52,14]",0.0
"RESDN[53,14]",0.0
"RESDN[54,14]",0.0
"RESDN[55,14]",0.0
"RESDN[56,14]",0.0
"RESDN[57,14]",0.0
"RESDN[58,14]",0.0
"RESDN[59,14]",0.0
"RESDN[60,14]",0.0
"RESDN[61,14]",0.0
"RESDN[62,14]",0.0
"RESDN[63,14]",0.0
"RESDN[64,14]",0.0
"RESDN[65,14]",0.0
"RESDN[66,14]",0.0
"RESDN[67,14]",0.0
"RESDN[68,14]",0.0
"RESDN[69,14]",0.0
"RESDN[70,14]",0.0
"RESDN[71,14]",0.0
"RESDN[72,14]",0.0
"RESDN[73,14]",4.0
"RESDN[101,14]",46.89136776737024
"RESDN[102,14]",0.0
"RESDN[103,14]",0.0
"RESDN[104,14]",0.0
"RESDN[105,14]",0.0
"RESDN[106,14]",265.8
"RESDN[107,14]",0.0
"RESDN[108,14]",0.0
"RESDN[109,14]",281.25
"RESDN[110,14]",0.0
"RESDN[1,15]",0.0
"RESDN[2,15]",0.0
"RESDN[3,15]",46.000000008
"RESDN[4,15]",46.000000008
"RESDN[5,15]",0.0
"RESDN[6,15]",0.0
"RESDN[7,15]",0.0
"RESDN[8,15]",0.0
"RESDN[9,15]",0.0
"RESDN[10,15]",0.0
"RESDN[11,15]",0.0
"RESDN[12,15]",0.0
"RESDN[13,15]",0.0
"RESDN[14,15]",0.0
"RESDN[15,15]",0.0
"RESDN[16,15]",0.0
"RESDN[17,15]",0.0
"RESDN[18,15]",0.0
"RESDN[19,15]",0.0
"RESDN[20,15]",0.0
"RESDN[21,15]",0.0
"RESDN[22,15]",0.0
"RESDN[23,15]",0.0
"RESDN[24,15]",0.0
"RESDN[25,15]",0.0
"RESDN[26,15]",0.0
"RESDN[27,15]",0.0
"RESDN[28,15]",0.0
"RESDN[29,15]",0.0
"RESDN[30,15]",0.0
"RESDN[31,15]",0.0
"RESDN[32,15]",0.0
"RESDN[33,15]",0.0
"RESDN[34,15]",0.0
"RESDN[35,15]",0.0
"RESDN[36,15]",0.0
"RESDN[37,15]",0.0
"RESDN[38,15]",0.0
"RESDN[39,15]",0.0
"RESDN[40,15]",0.0
"RESDN[41,15]",0.0
"RESDN[42,15]",93.0
"RESDN[43,15]",0.0
"RESDN[44,15]",0.0
"RESDN[45,15]",0.0
"RESDN[46,15]",0.0
"RESDN[47,15]",0.0
"RESDN[48,15]",0.0
"RESDN[49,15]",0.0
"RESDN[50,15]",0.0
"RESDN[51,15]",0.0
"RESDN[52,15]",0.0
"RESDN[53,15]",0.0
"RESDN[54,15]",0.0
"RESDN[55,15]",0.0
"RESDN[56,15]",0.0
"RESDN[57,15]",0.0
"RESDN[58,15]",0.0
"RESDN[59,15]",0.0
"RESDN[60,15]",0.0
"RESDN[61,15]",0.0
"RESDN[62,15]",0.0
"RESDN[63,15]",0.0
"RESDN[64,15]",0.0
"RESDN[65,15]",0.0
"RESDN[66,15]",0.0
"RESDN[67,15]",0.0
"RESDN[68,15]",0.0
"RESDN[69,15]",0.0
"RESDN[70,15]",0.0
"RESDN[71,15]",0.0
"RESDN[72,15]",0.0
"RESDN[73,15]",4.0
"RESDN[101,15]",0.0
"RESDN[102,15]",277.5
"RESDN[103,15]",0.0
"RESDN[104,15]",0.0
"RESDN[105,15]",0.0
"RESDN[106,15]",0.0
"RESDN[107,15]",0.0
"RESDN[108,15]",0.0
"RESDN[109,15]",278.870249126574
"RESDN[110,15]",0.0
"RESDN[1,16]",0.0
"RESDN[2,16]",0.0
"RESDN[3,16]",46.000000008
"RESDN[4,16]",46.000000008
"RESDN[5,16]",0.0
"RESDN[6,16]",0.0
"RESDN[7,16]",0.0
"RESDN[8,16]",0.0
"RESDN[9,16]",0.0
"RESDN[10,16]",0.0
"RESDN[11,16]",0.0
"RESDN[12,16]",0.0
"RESDN[13,16]",0.0
"RESDN[14,16]",0.0
"RESDN[15,16]",0.0
"RESDN[16,16]",0.0
"RESDN[17,16]",0.0
"RESDN[18,16]",0.0
"RESDN[19,16]",0.0
"RESDN[20,16]",0.0
"RESDN[21,16]",0.0
"RESDN[22,16]",0.0
"RESDN[23,16]",0.0
"RESDN[24,16]",0.0
"RESDN[25,16]",0.0
"RESDN[26,16]",0.0
"RESDN[27,16]",0.0
"RESDN[28,16]",0.0
"RESDN[29,16]",0.0
"RESDN[30,16]",0.0
"RESDN[31,16]",0.0
"RESDN[32,16]",0.0
"RESDN[33,16]",0.0
"RESDN[34,16]",0.0
"RESDN[35,16]",0.0
"RESDN[36,16]",0.0
"RESDN[37,16]",0.0
"RESDN[38,16]",89.31068013328081
"RESDN[39,16]",0.0
"RESDN[40,16]",0.0
"RESDN[41,16]",93.0
"RESDN[42,16]",93.0
"RESDN[43,16]",0.0
"RESDN[44,16]",0.0
"RESDN[45,16]",0.0
"RESDN[46,16]",0.0
"RESDN[47,16]",0.0
"RESDN[48,16]",0.0
"RESDN[49,16]",0.0
"RESDN[50,16]",0.0
"RESDN[51,16]",0.0
"RESDN[52,16]",0.0
"RESDN[53,16]",0.0
"RESDN[54,16]",0.0
"RESDN[55,16]",0.0
"RESDN[56,16]",0.0
"RESDN[57,16]",0.0
"RESDN[58,16]",0.0
"RESDN[59,16]",0.0
"RESDN[60,16]",0.0
"RESDN[61,16]",0.0
"RESDN[62,16]",0.0
"RESDN[63,16]",0.0
"RESDN[64,16]",0.0
"RESDN[65,16]",0.0
"RESDN[66,16]",0.0
"RESDN[67,16]",0.0
"RESDN[68,16]",0.0
"RESDN[69,16]",0.0
"RESDN[70,16]",0.0
"RESDN[71,16]",0.0
"RESDN[72,16]",0.0
"RESDN[73,16]",4.0
"RESDN[101,16]",0.0
"RESDN[102,16]",0.0
"RESDN[103,16]",0.0
"RESDN[104,16]",0.0
"RESDN[105,16]",0.0
"RESDN[106,16]",265.8
"RESDN[107,16]",0.0
"RESDN[108,16]",0.0
"RESDN[109,16]",0.0
"RESDN[110,16]",136.3473496479209
"RESDN[1,17]",0.0
"RESDN[2,17]",0.0
"RESDN[3,17]",46.000000008
"RESDN[4,17]",46.000000008
"RESDN[5,17]",0.0
"RESDN[6,17]",0.0
"RESDN[7,17]",46.000000008
"RESDN[8,17]",46.000000008
"RESDN[9,17]",0.0
"RESDN[10,17]",0.0
"RESDN[11,17]",0.0
"RESDN[12,17]",0.0
"RESDN[13,17]",0.0
"RESDN[14,17]",0.0
"RESDN[15,17]",0.0
"RESDN[16,17]",0.0
"RESDN[17,17]",0.0
"RESDN[18,17]",0.0
"RESDN[19,17]",0.0
"RESDN[20,17]",28.8754704030614
"RESDN[21,17]",0.0
"RESDN[22,17]",0.0
"RESDN[23,17]",0.0
"RESDN[24,17]",0.0
"RESDN[25,17]",0.0
"RESDN[26,17]",0.0
"RESDN[27,17]",0.0
"RESDN[28,17]",0.0
"RESDN[29,17]",0.0
"RESDN[30,17]",0.0
"RESDN[31,17]",0.0
"RESDN[32,17]",0.0
"RESDN[33,17]",0.0
"RESDN[34,17]",0.0
"RESDN[35,17]",0.0
"RESDN[36,17]",0.0
"RESDN[37,17]",0.0
"RESDN[38,17]",93.0
"RESDN[39,17]",0.0
"RESDN[40,17]",0.0
"RESDN[41,17]",93.0
"RESDN[42,17]",93.0
"RESDN[43,17]",210.0
"RESDN[44,17]",0.0
"RESDN[45,17]",0.0
"RESDN[46,17]",0.0
"RESDN[47,17]",0.0
"RESDN[48,17]",0.0
"RESDN[49,17]",0.0
"RESDN[50,17]",0.0
"RESDN[51,17]",0.0
"RESDN[52,17]",0.0
"RESDN[53,17]",0.0
"RESDN[54,17]",0.0
"RESDN[55,17]",0.0
"RESDN[56,17]",0.0
"RESDN[57,17]",0.0
"RESDN[58,17]",0.0
"RESDN[59,17]",0.0
"RESDN[60,17]",0.0
"RESDN[61,17]",0.0
"RESDN[62,17]",0.0
"RESDN[63,17]",0.0
"RESDN[64,17]",0.0
"RESDN[65,17]",0.0
"RESDN[66,17]",0.0
"RESDN[67,17]",0.0
"RESDN[68,17]",0.0
"RESDN[69,17]",0.0
"RESDN[70,17]",0.0
"RESDN[71,17]",0.0
"RESDN[72,17]",0.0
"RESDN[73,17]",4.0
"RESDN[101,17]",0.0
"RESDN[102,17]",0.0
"RESDN[103,17]",0.0
"RESDN[104,17]",79.64022424798713
"RESDN[105,17]",0.0
"RESDN[106,17]",0.0
"RESDN[107,17]",0.0
"RESDN[108,17]",0.0
"RESDN[109,17]",0.0
"RESDN[110,17]",0.0
"RESDN[1,18]",0.0
"RESDN[2,18]",0.0
"RESDN[3,18]",46.000000008
"RESDN[4,18]",46.000000008
"RESDN[5,18]",0.0
"RESDN[6,18]",0.0
"RESDN[7,18]",46.000000008
"RESDN[8,18]",46.000000008
"RESDN[9,18]",0.0
"RESDN[10,18]",0.0
"RESDN[11,18]",0.0
"RESDN[12,18]",0.0
"RESDN[13,18]",0.0
"RESDN[14,18]",0.0
"RESDN[15,18]",0.0
"RESDN[16,18]",0.0
"RESDN[17,18]",0.0
"RESDN[18,18]",0.0
"RESDN[19,18]",0.0
"RESDN[20,18]",0.0
"RESDN[21,18]",0.0
"RESDN[22,18]",0.0
"RESDN[23,18]",0.0
"RESDN[24,18]",0.0
"RESDN[25,18]",0.0
"RESDN[26,18]",0.0
"RESDN[27,18]",0.0
"RESDN[28,18]",0.0
"RESDN[29,18]",0.0
"RESDN[30,18]",0.0
"RESDN[31,18]",0.0
"RESDN[32,18]",0.0
"RESDN[33,18]",0.0
"RESDN[34,18]",0.0
"RESDN[35,18]",0.0
"RESDN[36,18]",0.0
"RESDN[37,18]",0.0
"RESDN[38,18]",93.0
"RESDN[39,18]",0.0
"RESDN[40,18]",0.0
"RESDN[41,18]",93.0
"RESDN[42,18]",93.0
"RESDN[43,18]",137.7649516329593
"RESDN[44,18]",0.0
"RESDN[45,18]",0.0
"RESDN[46,18]",0.0
"RESDN[47,18]",0.0
"RESDN[48,18]",0.0
"RESDN[49,18]",0.0
"RESDN[50,18]",0.0
"RESDN[51,18]",0.0
"RESDN[52,18]",0.0
"RESDN[53,18]",0.0
"RESDN[54,18]",0.0
"RESDN[55,18]",0.0
"RESDN[56,18]",0.0
"RESDN[57,18]",0.0
"RESDN[58,18]",0.0
"RESDN[59,18]",0.0
"RESDN[60,18]",0.0
"RESDN[61,18]",0.0
"RESDN[62,18]",0.0
"RESDN[63,18]",0.0
"RESDN[64,18]",0.0
"RESDN[65,18]",0.0
"RESDN[66,18]",0.0
"RESDN[67,18]",0.0
"RESDN[68,18]",0.0
"RESDN[69,18]",0.0
"RESDN[70,18]",0.0
"RESDN[71,18]",0.0
"RESDN[72,18]",0.0
"RESDN[73,18]",4.0
"RESDN[101,18]",0.0
"RESDN[102,18]",0.0
"RESDN[103,18]",0.0
"RESDN[104,18]",0.0
"RESDN[105,18]",0.0
"RESDN[106,18]",0.0
"RESDN[107,18]",0.0
"RESDN[108,18]",0.0
"RESDN[109,18]",0.0
"RESDN[110,18]",0.0
"RESDN[1,19]",0.0
"RESDN[2,19]",0.0
"RESDN[3,19]",46.000000008
"RESDN[4,19]",46.000000008
"RESDN[5,19]",0.0
"RESDN[6,19]",0.0
"RESDN[7,19]",46.000000008
"RESDN[8,19]",46.000000008
"RESDN[9,19]",0.0
"RESDN[10,19]",0.0
"RESDN[11,19]",0.0
"RESDN[12,19]",0.0
"RESDN[13,19]",0.0
"RESDN[14,19]",0.0
"RESDN[15,19]",0.0
"RESDN[16,19]",0.0
"RESDN[17,19]",0.0
"RESDN[18,19]",0.0
"RESDN[19,19]",0.0
"RESDN[20,19]",0.0
"RESDN[21,19]",0.0
"RESDN[22,19]",0.0
"RESDN[23,19]",0.0
"RESDN[24,19]",0.0
"RESDN[25,19]",0.0
"RESDN[26,19]",0.0
"RESDN[27,19]",0.0
"RESDN[28,19]",0.0
"RESDN[29,19]",0.0
"RESDN[30,19]",0.0
"RESDN[31,19]",0.0
"RESDN[32,19]",0.0
"RESDN[33,19]",0.0
"RESDN[34,19]",0.0
"RESDN[35,19]",0.0
"RESDN[36,19]",0.0
"RESDN[37,19]",0.0
"RESDN[38,19]",93.0
"RESDN[39,19]",0.0
"RESDN[40,19]",0.0
"RESDN[41,19]",93.0
"RESDN[42,19]",75.80963147511068
"RESDN[43,19]",0.0
"RESDN[44,19]",0.0
"RESDN[45,19]",0.0
"RESDN[46,19]",0.0
"RESDN[47,19]",0.0
"RESDN[48,19]",0.0
"RESDN[49,19]",0.0
"RESDN[50,19]",0.0
"RESDN[51,19]",0.0
"RESDN[52,19]",0.0
"RESDN[53,19]",0.0
"RESDN[54,19]",0.0
"RESDN[55,19]",0.0
"RESDN[56,19]",0.0
"RESDN[57,19]",0.0
"RESDN[58,19]",0.0
"RESDN[59,19]",0.0
"RESDN[60,19]",0.0
"RESDN[61,19]",0.0
"RESDN[62,19]",0.0
"RESDN[63,19]",0.0
"RESDN[64,19]",0.0
"RESDN[65,19]",0.0
"RESDN[66,19]",0.0
"RESDN[67,19]",0.0
"RESDN[68,19]",0.0
"RESDN[69,19]",0.0
"RESDN[70,19]",0.0
"RESDN[71,19]",0.0
"RESDN[72,19]",0.0
"RESDN[73,19]",4.0
"RESDN[101,19]",0.0
"RESDN[102,19]",0.0
"RESDN[103,19]",0.0
"RESDN[104,19]",0.0
"RESDN[105,19]",0.0
"RESDN[106,19]",0.0
"RESDN[107,19]",0.0
"RESDN[108,19]",0.0
"RESDN[109,19]",0.0
"RESDN[110,19]",0.0
"RESDN[1,20]",0.0
"RESDN[2,20]",0.0
"RESDN[3,20]",46.000000008
"RESDN[4,20]",46.000000008
"RESDN[5,20]",0.0
"RESDN[6,20]",0.0
"RESDN[7,20]",46.000000008
"RESDN[8,20]",46.000000008
"RESDN[9,20]",0.0
"RESDN[10,20]",0.0
"RESDN[11,20]",0.0
"RESDN[12,20]",0.0
"RESDN[13,20]",0.0
"RESDN[14,20]",0.0
"RESDN[15,20]",0.0
"RESDN[16,20]",0.0
"RESDN[17,20]",0.0
"RESDN[18,20]",0.0
"RESDN[19,20]",0.0
"RESDN[20,20]",0.0
"RESDN[21,20]",0.0
"RESDN[22,20]",0.0
"RESDN[23,20]",0.0
"RESDN[24,20]",0.0
"RESDN[25,20]",0.0
"RESDN[26,20]",0.0
"RESDN[27,20]",0.0
"RESDN[28,20]",0.0
"RESDN[29,20]",0.0
"RESDN[30,20]",0.0
"RESDN[31,20]",0.0
"RESDN[32,20]",0.0
"RESDN[33,20]",0.0
"RESDN[34,20]",0.0
"RESDN[35,20]",0.0
"RESDN[36,20]",0.0
"RESDN[37,20]",0.0
"RESDN[38,20]",93.0
"RESDN[39,20]",0.0
"RESDN[40,20]",0.0
"RESDN[41,20]",93.0
"RESDN[42,20]",93.0
"RESDN[43,20]",0.0
"RESDN[44,20]",0.0
"RESDN[45,20]",0.0
"RESDN[46,20]",0.0
"RESDN[47,20]",0.0
"RESDN[48,20]",0.0
"RESDN[49,20]",0.0
"RESDN[50,20]",0.0
"RESDN[51,20]",0.0
"RESDN[52,20]",0.0
"RESDN[53,20]",0.0
"RESDN[54,20]",0.0
"RESDN[55,20]",0.0
"RESDN[56,20]",0.0
"RESDN[57,20]",0.0
"RESDN[58,20]",0.0
"RESDN[59,20]",0.0
"RESDN[60,20]",0.0
"RESDN[61,20]",0.0
"RESDN[62,20]",0.0
"RESDN[63,20]",0.0
"RESDN[64,20]",0.0
"RESDN[65,20]",0.0
"RESDN[66,20]",0.0
"RESDN[67,20]",0.0
"RESDN[68,20]",0.0
"RESDN[69,20]",0.0
"RESDN[70,20]",0.0
"RESDN[71,20]",0.0
"RESDN[72,20]",0.0
"RESDN[73,20]",4.0
"RESDN[101,20]",0.0
"RESDN[102,20]",0.0
"RESDN[103,20]",0.0
"RESDN[104,20]",0.0
"RESDN[105,20]",0.0
"RESDN[106,20]",0.0
"RESDN[107,20]",0.0
"RESDN[108,20]",0.0
"RESDN[109,20]",143.3256529117823
"RESDN[110,20]",0.0
"RESDN[1,21]",0.0
"RESDN[2,21]",0.0
"RESDN[3,21]",46.000000008
"RESDN[4,21]",46.000000008
"RESDN[5,21]",0.0
"RESDN[6,21]",0.0
"RESDN[7,21]",46.000000008
"RESDN[8,21]",46.000000008
"RESDN[9,21]",0.0
"RESDN[10,21]",0.0
"RESDN[11,21]",0.0
"RESDN[12,21]",0.0
"RESDN[13,21]",0.0
"RESDN[14,21]",0.0
"RESDN[15,21]",0.0
"RESDN[16,21]",0.0
"RESDN[17,21]",0.0
"RESDN[18,21]",0.0
"RESDN[19,21]",0.0
"RESDN[20,21]",0.0
"RESDN[21,21]",0.0
"RESDN[22,21]",0.0
"RESDN[23,21]",0.0
"RESDN[24,21]",0.0
"RESDN[25,21]",0.0
"RESDN[26,21]",0.0
"RESDN[27,21]",0.0
"RESDN[28,21]",0.0
"RESDN[29,21]",0.0
"RESDN[30,21]",0.0
"RESDN[31,21]",0.0
"RESDN[32,21]",0.0
"RESDN[33,21]",0.0
"RESDN[34,21]",0.0
"RESDN[35,21]",0.0
"RESDN[36,21]",0.0
"RESDN[37,21]",0.0
"RESDN[38,21]",93.0
"RESDN[39,21]",0.0
"RESDN[40,21]",0.0
"RESDN[41,21]",93.0
"RESDN[42,21]",93.0
"RESDN[43,21]",0.0
"RESDN[44,21]",0.0
"RESDN[45,21]",0.0
"RESDN[46,21]",0.0
"RESDN[47,21]",0.0
"RESDN[48,21]",0.0
"RESDN[49,21]",0.0
"RESDN[50,21]",0.0
"RESDN[51,21]",0.0
"RESDN[52,21]",0.0
"RESDN[53,21]",0.0
"RESDN[54,21]",0.0
"RESDN[55,21]",0.0
"RESDN[56,21]",0.0
"RESDN[57,21]",0.0
"RESDN[58,21]",0.0
"RESDN[59,21]",0.0
"RESDN[60,21]",0.0
"RESDN[61,21]",0.0
"RESDN[62,21]",0.0
"RESDN[63,21]",0.0
"RESDN[64,21]",0.0
"RESDN[65,21]",0.0
"RESDN[66,21]",0.0
"RESDN[67,21]",0.0
"RESDN[68,21]",0.0
"RESDN[69,21]",0.0
"RESDN[70,21]",0.0
"RESDN[71,21]",0.0
"RESDN[72,21]",0.0
"RESDN[73,21]",4.0
"RESDN[101,21]",0.0
"RESDN[102,21]",169.21620682507432
"RESDN[103,21]",0.0
"RESDN[104,21]",0.0
"RESDN[105,21]",0.0
"RESDN[106,21]",0.0
"RESDN[107,21]",0.0
"RESDN[108,21]",0.0
"RESDN[109,21]",0.0
"RESDN[110,21]",0.0
"RESDN[1,22]",0.0
"RESDN[2,22]",0.0
"RESDN[3,22]",46.000000008
"RESDN[4,22]",46.000000008
"RESDN[5,22]",0.0
"RESDN[6,22]",0.0
"RESDN[7,22]",46.000000008
"RESDN[8,22]",46.000000008
"RESDN[9,22]",0.0
"RESDN[10,22]",0.0
"RESDN[11,22]",0.0
"RESDN[12,22]",0.0
"RESDN[13,22]",0.0
"RESDN[14,22]",0.0
"RESDN[15,22]",0.0
"RESDN[16,22]",0.0
"RESDN[17,22]",0.0
"RESDN[18,22]",0.0
"RESDN[19,22]",0.0
"RESDN[20,22]",210.0
"RESDN[21,22]",0.0
"RESDN[22,22]",0.0
"RESDN[23,22]",0.0
"RESDN[24,22]",0.0
"RESDN[25,22]",0.0
"RESDN[26,22]",0.0
"RESDN[27,22]",0.0
"RESDN[28,22]",0.0
"RESDN[29,22]",0.0
"RESDN[30,22]",0.0
"RESDN[31,22]",0.0
"RESDN[32,22]",0.0
"RESDN[33,22]",0.0
"RESDN[34,22]",0.0
"RESDN[35,22]",0.0
"RESDN[36,22]",0.0
"RESDN[37,22]",0.0
"RESDN[38,22]",93.0
"RESDN[39,22]",0.0
"RESDN[40,22]",0.0
"RESDN[41,22]",93.0
"RESDN[42,22]",93.0
"RESDN[43,22]",28.311355355082924
"RESDN[44,22]",0.0
"RESDN[45,22]",0.0
"RESDN[46,22]",0.0
"RESDN[47,22]",0.0
"RESDN[48,22]",0.0
"RESDN[49,22]",0.0
"RESDN[50,22]",0.0
"RESDN[51,22]",0.0
"RESDN[52,22]",0.0
"RESDN[53,22]",0.0
"RESDN[54,22]",0.0
"RESDN[55,22]",0.0
"RESDN[56,22]",0.0
"RESDN[57,22]",0.0
"RESDN[58,22]",0.0
"RESDN[59,22]",0.0
"RESDN[60,22]",0.0
"RESDN[61,22]",0.0
"RESDN[62,22]",0.0
"RESDN[63,22]",0.0
"RESDN[64,22]",0.0
"RESDN[65,22]",0.0
"RESDN[66,22]",0.0
"RESDN[67,22]",0.0
"RESDN[68,22]",0.0
"RESDN[69,22]",0.0
"RESDN[70,22]",0.0
"RESDN[71,22]",0.0
"RESDN[72,22]",0.0
"RESDN[73,22]",4.0
"RESDN[101,22]",0.0
"RESDN[102,22]",0.0
"RESDN[103,22]",0.0
"RESDN[104,22]",0.0
"RESDN[105,22]",0.0
"RESDN[106,22]",0.0
"RESDN[107,22]",0.0
"RESDN[108,22]",0.0
"RESDN[109,22]",0.0
"RESDN[110,22]",0.0
"RESDN[1,23]",0.0
"RESDN[2,23]",0.0
"RESDN[3,23]",46.000000008
"RESDN[4,23]",46.000000008
"RESDN[5,23]",0.0
"RESDN[6,23]",0.0
"RESDN[7,23]",46.000000008
"RESDN[8,23]",46.000000008
"RESDN[9,23]",0.0
"RESDN[10,23]",0.0
"RESDN[11,23]",0.0
"RESDN[12,23]",0.0
"RESDN[13,23]",0.0
"RESDN[14,23]",0.0
"RESDN[15,23]",0.0
"RESDN[16,23]",0.0
"RESDN[17,23]",0.0
"RESDN[18,23]",0.0
"RESDN[19,23]",0.0
"RESDN[20,23]",0.0
"RESDN[21,23]",0.0
"RESDN[22,23]",0.0
"RESDN[23,23]",0.0
"RESDN[24,23]",0.0
"RESDN[25,23]",0.0
"RESDN[26,23]",0.0
"RESDN[27,23]",0.0
"RESDN[28,23]",0.0
"RESDN[29,23]",0.0
"RESDN[30,23]",0.0
"RESDN[31,23]",0.0
"RESDN[32,23]",0.0
"RESDN[33,23]",0.0
"RESDN[34,23]",0.0
"RESDN[35,23]",0.0
"RESDN[36,23]",0.0
"RESDN[37,23]",0.0
"RESDN[38,23]",93.0
"RESDN[39,23]",0.0
"RESDN[40,23]",0.0
"RESDN[41,23]",93.0
"RESDN[42,23]",93.0
"RESDN[43,23]",0.0
"RESDN[44,23]",0.0
"RESDN[45,23]",0.0
"RESDN[46,23]",0.0
"RESDN[47,23]",0.0
"RESDN[48,23]",0.0
"RESDN[49,23]",0.0
"RESDN[50,23]",0.0
"RESDN[51,23]",0.0
"RESDN[52,23]",0.0
"RESDN[53,23]",0.0
"RESDN[54,23]",0.0
"RESDN[55,23]",0.0
"RESDN[56,23]",0.0
"RESDN[57,23]",0.0
"RESDN[58,23]",0.0
"RESDN[59,23]",0.0
"RESDN[60,23]",0.0
"RESDN[61,23]",0.0
"RESDN[62,23]",0.0
"RESDN[63,23]",0.0
"RESDN[64,23]",0.0
"RESDN[65,23]",0.0
"RESDN[66,23]",0.0
"RESDN[67,23]",0.0
"RESDN[68,23]",0.0
"RESDN[69,23]",0.0
"RESDN[70,23]",0.0
"RESDN[71,23]",0.0
"RESDN[72,23]",0.0
"RESDN[73,23]",4.0
"RESDN[101,23]",154.36015158397936
"RESDN[102,23]",0.0
"RESDN[103,23]",0.0
"RESDN[104,23]",0.0
"RESDN[105,23]",0.0
"RESDN[106,23]",0.0
"RESDN[107,23]",0.0
"RESDN[108,23]",0.0
"RESDN[109,23]",0.0
"RESDN[110,23]",0.0
"RESDN[1,24]",0.0
"RESDN[2,24]",0.0
"RESDN[3,24]",46.000000008
"RESDN[4,24]",46.000000008
"RESDN[5,24]",0.0
"RESDN[6,24]",0.0
"RESDN[7,24]",46.000000008
"RESDN[8,24]",46.000000008
"RESDN[9,24]",0.0
"RESDN[10,24]",0.0
"RESDN[11,24]",0.0
"RESDN[12,24]",0.0
"RESDN[13,24]",0.0
"RESDN[14,24]",0.0
"RESDN[15,24]",0.0
"RESDN[16,24]",0.0
"RESDN[17,24]",0.0
"RESDN[18,24]",0.0
"RESDN[19,24]",0.0
"RESDN[20,24]",0.0
"RESDN[21,24]",0.0
"RESDN[22,24]",0.0
"RESDN[23,24]",0.0
"RESDN[24,24]",0.0
"RESDN[25,24]",0.0
"RESDN[26,24]",0.0
"RESDN[27,24]",0.0
"RESDN[28,24]",0.0
"RESDN[29,24]",0.0
"RESDN[30,24]",0.0
"RESDN[31,24]",0.0
"RESDN[32,24]",0.0
"RESDN[33,24]",0.0
"RESDN[34,24]",0.0
"RESDN[35,24]",0.0
"RESDN[36,24]",0.0
"RESDN[37,24]",0.0
"RESDN[38,24]",93.0
"RESDN[39,24]",0.0
"RESDN[40,24]",0.0
"RESDN[41,24]",93.0
"RESDN[42,24]",93.0
"RESDN[43,24]",139.59949970023513
"RESDN[44,24]",0.0
"RESDN[45,24]",0.0
"RESDN[46,24]",0.0
"RESDN[47,24]",0.0
"RESDN[48,24]",0.0
"RESDN[49,24]",0.0
"RESDN[50,24]",0.0
"RESDN[51,24]",0.0
"RESDN[52,24]",0.0
"RESDN[53,24]",0.0
"RESDN[54,24]",0.0
"RESDN[55,24]",0.0
"RESDN[56,24]",0.0
"RESDN[57,24]",0.0
"RESDN[58,24]",0.0
"RESDN[59,24]",0.0
"RESDN[60,24]",0.0
"RESDN[61,24]",0.0
"RESDN[62,24]",0.0
"RESDN[63,24]",0.0
"RESDN[64,24]",0.0
"RESDN[65,24]",0.0
"RESDN[66,24]",0.0
"RESDN[67,24]",0.0
"RESDN[68,24]",0.0
"RESDN[69,24]",0.0
"RESDN[70,24]",0.0
"RESDN[71,24]",0.0
"RESDN[72,24]",0.0
"RESDN[73,24]",4.0
"RESDN[101,24]",0.0
"RESDN[102,24]",0.0
"RESDN[103,24]",0.0
"RESDN[104,24]",0.0
"RESDN[105,24]",0.0
"RESDN[106,24]",96.27421808934787
"RESDN[107,24]",0.0
"RESDN[108,24]",0.0
"RESDN[109,24]",0.0
"RESDN[110,24]",0.0
SRESUP[1],0.0
SRESUP[2],0.0
SRESUP[3],0.0
SRESUP[4],0.0
SRESUP[5],0.0
SRESUP[6],0.0
SRESUP[7],0.0
SRESUP[8],0.0
SRESUP[9],0.0
SRESUP[10],0.0
SRESUP[11],0.0
SRESUP[12],0.0
SRESUP[13],0.0
SRESUP[14],0.0
SRESUP[15],0.0
SRESUP[16],0.0
SRESUP[17],0.0
SRESUP[18],0.0
SRESUP[19],0.0
SRESUP[20],0.0
SRESUP[21],0.0
SRESUP[22],0.0
SRESUP[23],0.0
SRESUP[24],0.0
SRESDN[1],0.0
SRESDN[2],0.0
SRESDN[3],0.0
SRESDN[4],0.0
SRESDN[5],0.0
SRESDN[6],0.0
SRESDN[7],0.0
SRESDN[8],0.0
SRESDN[9],0.0
SRESDN[10],0.0
SRESDN[11],0.0
SRESDN[12],0.0
SRESDN[13],0.0
SRESDN[14],0.0
SRESDN[15],0.0
SRESDN[16],0.0
SRESDN[17],0.0
SRESDN[18],0.0
SRESDN[19],0.0
SRESDN[20],0.0
SRESDN[21],0.0
SRESDN[22],0.0
SRESDN[23],0.0
SRESDN[24],0.0
p_VRESERVE,1.0e-6
p_VSRESUP[1],250.0
p_VSRESUP[2],250.0
p_VSRESUP[3],250.0
p_VSRESUP[4],250.0
p_VSRESUP[5],250.0
p_VSRESUP[6],250.0
p_VSRESUP[7],250.0
p_VSRESUP[8],250.0
p_VSRESUP[9],250.0
p_VSRESUP[10],250.0
p_VSRESUP[11],250.0
p_VSRESUP[12],250.0
p_VSRESUP[13],250.0
p_VSRESUP[14],250.0
p_VSRESUP[15],250.0
p_VSRESUP[16],250.0
p_VSRESUP[17],250.0
p_VSRESUP[18],250.0
p_VSRESUP[19],250.0
p_VSRESUP[20],250.0
p_VSRESUP[21],250.0
p_VSRESUP[22],250.0
p_VSRESUP[23],250.0
p_VSRESUP[24],250.0
p_VSRESDN[1],250.0
p_VSRESDN[2],250.0
p_VSRESDN[3],250.0
p_VSRESDN[4],250.0
p_VSRESDN[5],250.0
p_VSRESDN[6],250.0
p_VSRESDN[7],250.0
p_VSRESDN[8],250.0
p_VSRESDN[9],250.0
p_VSRESDN[10],250.0
p_VSRESDN[11],250.0
p_VSRESDN[12],250.0
p_VSRESDN[13],250.0
p_VSRESDN[14],250.0
p_VSRESDN[15],250.0
p_VSRESDN[16],250.0
p_VSRESDN[17],250.0
p_VSRESDN[18],250.0
p_VSRESDN[19],250.0
p_VSRESDN[20],250.0
p_VSRESDN[21],250.0
p_VSRESDN[22],250.0
p_VSRESDN[23],250.0
p_VSRESDN[24],250.0
RRESUP[1],778.8690409514745
RRESUP[2],727.2181933874231
RRESUP[3],853.4837709230092
RRESUP[4],900.5095634916228
RRESUP[5],931.1724261279772
RRESUP[6],832.6418998781678
RRESUP[7],592.2665843968925
RRESUP[8],659.3901785656019
RRESUP[9],686.317025026413
RRESUP[10],664.7133770723237
RRESUP[11],566.0164483922229
RRESUP[12],570.9710843551825
RRESUP[13],631.0296732757877
RRESUP[14],841.2416405749093
RRESUP[15],865.4573980438665
RRESUP[16],824.9731200152305
RRESUP[17],753.0177318506055
RRESUP[18],570.227960126474
RRESUP[19],418.85172241441296
RRESUP[20],413.7358718989129
RRESUP[21],534.4254804370387
RRESUP[22],642.1558824456016
RRESUP[23],636.0605873916128
RRESUP[24],819.8922183077325
RRESDN[1],619.6743564418871
RRESDN[2],515.4645717741739
RRESDN[3],601.1999093598097
RRESDN[4],659.5654409253492
RRESDN[5],798.5492143411125
RRESDN[6],607.3550564196116
RRESDN[7],567.5008804281301
RRESDN[8],746.7308538566174
RRESDN[9],701.589359661243
RRESDN[10],612.1104180300606
RRESDN[11],581.448750777194
RRESDN[12],590.5261669729135
RRESDN[13],655.0886491202737
RRESDN[14],782.9413677833702
RRESDN[15],745.370249142574
RRESDN[16],773.4580297972018
RRESDN[17],785.5156946830487
RRESDN[18],604.7649516649594
RRESDN[19],449.8096315071108
RRESDN[20],610.3256529437824
RRESDN[21],636.2162068570744
RRESDN[22],705.311355387083
RRESDN[23],621.3601516159795
RRESDN[24],702.8737178215831
"RESUPDIS[101,1]",212.38903491708305
"RESUPDIS[102,1]",0.0
"RESUPDIS[103,1]",0.0
"RESUPDIS[104,1]",283.5
"RESUPDIS[105,1]",0.0
"RESUPDIS[106,1]",265.8
"RESUPDIS[107,1]",0.0
"RESUPDIS[108,1]",0.0
"RESUPDIS[109,1]",0.0
"RESUPDIS[110,1]",0.0
"RESUPDIS[101,2]",0.0
"RESUPDIS[102,2]",0.0
"RESUPDIS[103,2]",279.0
"RESUPDIS[104,2]",0.0
"RESUPDIS[105,2]",0.0
"RESUPDIS[106,2]",183.52716308998652
"RESUPDIS[107,2]",0.0
"RESUPDIS[108,2]",0.0
"RESUPDIS[109,2]",0.0
"RESUPDIS[110,2]",0.0
"RESUPDIS[101,3]",0.0
"RESUPDIS[102,3]",277.5
"RESUPDIS[103,3]",123.73474290643401
"RESUPDIS[104,3]",0.0
"RESUPDIS[105,3]",287.85
"RESUPDIS[106,3]",0.0
"RESUPDIS[107,3]",0.0
"RESUPDIS[108,3]",0.0
"RESUPDIS[109,3]",0.0
"RESUPDIS[110,3]",0.0
"RESUPDIS[101,4]",256.4315672575726
"RESUPDIS[102,4]",0.0
"RESUPDIS[103,4]",0.0
"RESUPDIS[104,4]",283.5
"RESUPDIS[105,4]",0.0
"RESUPDIS[106,4]",0.0
"RESUPDIS[107,4]",0.0
"RESUPDIS[108,4]",0.0
"RESUPDIS[109,4]",0.0
"RESUPDIS[110,4]",264.3
"RESUPDIS[101,5]",78.20531143514575
"RESUPDIS[102,5]",0.0
"RESUPDIS[103,5]",0.0
"RESUPDIS[104,5]",0.0
"RESUPDIS[105,5]",287.85
"RESUPDIS[106,5]",0.0
"RESUPDIS[107,5]",283.8671146928219
"RESUPDIS[108,5]",0.0
"RESUPDIS[109,5]",281.25
"RESUPDIS[110,5]",0.0
"RESUPDIS[101,6]",0.0
"RESUPDIS[102,6]",0.0
"RESUPDIS[103,6]",0.0
"RESUPDIS[104,6]",152.92684884615716
"RESUPDIS[105,6]",57.86519091497684
"RESUPDIS[106,6]",0.0
"RESUPDIS[107,6]",0.0
"RESUPDIS[108,6]",285.15
"RESUPDIS[109,6]",72.39986011702706
"RESUPDIS[110,6]",264.3
"RESUPDIS[101,7]",0.0
"RESUPDIS[102,7]",277.5
"RESUPDIS[103,7]",0.0
"RESUPDIS[104,7]",0.0
"RESUPDIS[105,7]",0.0
"RESUPDIS[106,7]",0.0
"RESUPDIS[107,7]",0.0
"RESUPDIS[108,7]",285.15
"RESUPDIS[109,7]",0.0
"RESUPDIS[110,7]",29.616584396892563
"RESUPDIS[101,8]",0.0
"RESUPDIS[102,8]",0.0
"RESUPDIS[103,8]",0.0
"RESUPDIS[104,8]",0.0
"RESUPDIS[105,8]",0.0
"RESUPDIS[106,8]",0.0
"RESUPDIS[107,8]",0.0
"RESUPDIS[108,8]",0.0
"RESUPDIS[109,8]",0.0
"RESUPDIS[110,8]",193.02103239021915
"RESUPDIS[101,9]",0.0
"RESUPDIS[102,9]",0.0
"RESUPDIS[103,9]",0.0
"RESUPDIS[104,9]",0.0
"RESUPDIS[105,9]",0.0
"RESUPDIS[106,9]",0.0
"RESUPDIS[107,9]",0.0
"RESUPDIS[108,9]",0.0
"RESUPDIS[109,9]",0.0
"RESUPDIS[110,9]",0.0
"RESUPDIS[101,10]",0.0
"RESUPDIS[102,10]",0.0
"RESUPDIS[103,10]",0.0
"RESUPDIS[104,10]",0.0
"RESUPDIS[105,10]",0.0
"RESUPDIS[106,10]",0.0
"RESUPDIS[107,10]",0.0
"RESUPDIS[108,10]",0.0
"RESUPDIS[109,10]",0.0
"RESUPDIS[110,10]",0.0
"RESUPDIS[101,11]",0.0
"RESUPDIS[102,11]",0.0
"RESUPDIS[103,11]",0.0
"RESUPDIS[104,11]",0.0
"RESUPDIS[105,11]",0.0
"RESUPDIS[106,11]",0.0
"RESUPDIS[107,11]",0.0
"RESUPDIS[108,11]",0.0
"RESUPDIS[109,11]",0.0
"RESUPDIS[110,11]",0.0
"RESUPDIS[101,12]",0.0
"RESUPDIS[102,12]",0.0
"RESUPDIS[103,12]",0.0
"RESUPDIS[104,12]",0.0
"RESUPDIS[105,12]",0.0
"RESUPDIS[106,12]",0.0
"RESUPDIS[107,12]",0.0
"RESUPDIS[108,12]",0.0
"RESUPDIS[109,12]",0.0
"RESUPDIS[110,12]",0.0
"RESUPDIS[101,13]",0.0
"RESUPDIS[102,13]",0.0
"RESUPDIS[103,13]",0.0
"RESUPDIS[104,13]",0.0
"RESUPDIS[105,13]",0.0
"RESUPDIS[106,13]",0.0
"RESUPDIS[107,13]",0.0
"RESUPDIS[108,13]",0.0
"RESUPDIS[109,13]",0.0
"RESUPDIS[110,13]",0.0
"RESUPDIS[101,14]",0.0
"RESUPDIS[102,14]",0.0
"RESUPDIS[103,14]",0.0
"RESUPDIS[104,14]",0.0
"RESUPDIS[105,14]",0.0
"RESUPDIS[106,14]",0.0
"RESUPDIS[107,14]",0.0
"RESUPDIS[108,14]",0.0
"RESUPDIS[109,14]",0.0
"RESUPDIS[110,14]",0.0
"RESUPDIS[101,15]",0.0
"RESUPDIS[102,15]",86.48865305240889
"RESUPDIS[103,15]",0.0
"RESUPDIS[104,15]",0.0
"RESUPDIS[105,15]",0.0
"RESUPDIS[106,15]",0.0
"RESUPDIS[107,15]",0.0
"RESUPDIS[108,15]",0.0
"RESUPDIS[109,15]",0.0
"RESUPDIS[110,15]",0.0
"RESUPDIS[101,16]",0.0
"RESUPDIS[102,16]",0.0
"RESUPDIS[103,16]",21.433800132511237
"RESUPDIS[104,16]",0.0
"RESUPDIS[105,16]",287.85
"RESUPDIS[106,16]",0.0
"RESUPDIS[107,16]",0.0
"RESUPDIS[108,16]",0.0
"RESUPDIS[109,16]",0.0
"RESUPDIS[110,16]",0.0
"RESUPDIS[101,17]",0.0
"RESUPDIS[102,17]",277.5
"RESUPDIS[103,17]",0.0
"RESUPDIS[104,17]",0.0
"RESUPDIS[105,17]",0.0
"RESUPDIS[106,17]",0.0
"RESUPDIS[107,17]",170.75524216808014
"RESUPDIS[108,17]",123.63796008558678
"RESUPDIS[109,17]",0.0
"RESUPDIS[110,17]",0.0
"RESUPDIS[101,18]",41.37080282815996
"RESUPDIS[102,18]",0.0
"RESUPDIS[103,18]",0.0
"RESUPDIS[104,18]",0.0
"RESUPDIS[105,18]",212.80822346002307
"RESUPDIS[106,18]",51.748933838291
"RESUPDIS[107,18]",0.0
"RESUPDIS[108,18]",0.0
"RESUPDIS[109,18]",0.0
"RESUPDIS[110,18]",264.3
"RESUPDIS[101,19]",0.0
"RESUPDIS[102,19]",0.0
"RESUPDIS[103,19]",0.0
"RESUPDIS[104,19]",0.0
"RESUPDIS[105,19]",0.0
"RESUPDIS[106,19]",265.8
"RESUPDIS[107,19]",0.0
"RESUPDIS[108,19]",153.05172241441295
"RESUPDIS[109,19]",0.0
"RESUPDIS[110,19]",0.0
"RESUPDIS[101,20]",0.0
"RESUPDIS[102,20]",14.400628197558555
"RESUPDIS[103,20]",0.0
"RESUPDIS[104,20]",0.0
"RESUPDIS[105,20]",0.0
"RESUPDIS[106,20]",118.08524370135432
"RESUPDIS[107,20]",0.0
"RESUPDIS[108,20]",0.0
"RESUPDIS[109,20]",281.25
"RESUPDIS[110,20]",0.0
"RESUPDIS[101,21]",253.1754804370387
"RESUPDIS[102,21]",0.0
"RESUPDIS[103,21]",0.0
"RESUPDIS[104,21]",0.0
"RESUPDIS[105,21]",0.0
"RESUPDIS[106,21]",0.0
"RESUPDIS[107,21]",0.0
"RESUPDIS[108,21]",0.0
"RESUPDIS[109,21]",281.25
"RESUPDIS[110,21]",0.0
"RESUPDIS[101,22]",0.0
"RESUPDIS[102,22]",277.5
"RESUPDIS[103,22]",0.0
"RESUPDIS[104,22]",200.9186793252335
"RESUPDIS[105,22]",0.0
"RESUPDIS[106,22]",163.7372031203681
"RESUPDIS[107,22]",0.0
"RESUPDIS[108,22]",0.0
"RESUPDIS[109,22]",0.0
"RESUPDIS[110,22]",0.0
"RESUPDIS[101,23]",0.0
"RESUPDIS[102,23]",0.0
"RESUPDIS[103,23]",0.0
"RESUPDIS[104,23]",89.01058739161277
"RESUPDIS[105,23]",0.0
"RESUPDIS[106,23]",265.8
"RESUPDIS[107,23]",0.0
"RESUPDIS[108,23]",0.0
"RESUPDIS[109,23]",281.25
"RESUPDIS[110,23]",0.0
"RESUPDIS[101,24]",0.0
"RESUPDIS[102,24]",0.0
"RESUPDIS[103,24]",0.0
"RESUPDIS[104,24]",283.5
"RESUPDIS[105,24]",0.0
"RESUPDIS[106,24]",0.0
"RESUPDIS[107,24]",284.55
"RESUPDIS[108,24]",0.0
"RESUPDIS[109,24]",181.4417180079676
"RESUPDIS[110,24]",0.0
"RESUPCH[101,1]",0.0
"RESUPCH[102,1]",0.0
"RESUPCH[103,1]",0.0
"RESUPCH[104,1]",0.0
"RESUPCH[105,1]",0.0
"RESUPCH[106,1]",0.0
"RESUPCH[107,1]",0.0
"RESUPCH[108,1]",0.0
"RESUPCH[109,1]",0.0
"RESUPCH[110,1]",0.0
"RESUPCH[101,2]",0.0
"RESUPCH[102,2]",0.0
"RESUPCH[103,2]",0.0
"RESUPCH[104,2]",0.0
"RESUPCH[105,2]",0.0
"RESUPCH[106,2]",0.0
"RESUPCH[107,2]",0.0
"RESUPCH[108,2]",0.0
"RESUPCH[109,2]",0.0
"RESUPCH[110,2]",0.0
"RESUPCH[101,3]",0.0
"RESUPCH[102,3]",0.0
"RESUPCH[103,3]",0.0
"RESUPCH[104,3]",0.0
"RESUPCH[105,3]",0.0
"RESUPCH[106,3]",0.0
"RESUPCH[107,3]",0.0
"RESUPCH[108,3]",0.0
"RESUPCH[109,3]",0.0
"RESUPCH[110,3]",0.0
"RESUPCH[101,4]",0.0
"RESUPCH[102,4]",0.0
"RESUPCH[103,4]",0.0
"RESUPCH[104,4]",0.0
"RESUPCH[105,4]",0.0
"RESUPCH[106,4]",0.0
"RESUPCH[107,4]",0.0
"RESUPCH[108,4]",0.0
"RESUPCH[109,4]",0.0
"RESUPCH[110,4]",0.0
"RESUPCH[101,5]",0.0
"RESUPCH[102,5]",0.0
"RESUPCH[103,5]",0.0
"RESUPCH[104,5]",0.0
"RESUPCH[105,5]",0.0
"RESUPCH[106,5]",0.0
"RESUPCH[107,5]",0.0
"RESUPCH[108,5]",0.0
"RESUPCH[109,5]",0.0
"RESUPCH[110,5]",0.0
"RESUPCH[101,6]",0.0
"RESUPCH[102,6]",0.0
"RESUPCH[103,6]",0.0
"RESUPCH[104,6]",0.0
"RESUPCH[105,6]",0.0
"RESUPCH[106,6]",0.0
"RESUPCH[107,6]",0.0
"RESUPCH[108,6]",0.0
"RESUPCH[109,6]",0.0
"RESUPCH[110,6]",0.0
"RESUPCH[101,7]",0.0
"RESUPCH[102,7]",0.0
"RESUPCH[103,7]",0.0
"RESUPCH[104,7]",0.0
"RESUPCH[105,7]",0.0
"RESUPCH[106,7]",0.0
"RESUPCH[107,7]",0.0
"RESUPCH[108,7]",0.0
"RESUPCH[109,7]",0.0
"RESUPCH[110,7]",0.0
"RESUPCH[101,8]",0.0
"RESUPCH[102,8]",0.0
"RESUPCH[103,8]",0.0
"RESUPCH[104,8]",0.0
"RESUPCH[105,8]",0.0
"RESUPCH[106,8]",0.0
"RESUPCH[107,8]",0.0
"RESUPCH[108,8]",0.0
"RESUPCH[109,8]",0.0
"RESUPCH[110,8]",0.0
"RESUPCH[101,9]",0.0
"RESUPCH[102,9]",0.0
"RESUPCH[103,9]",0.0
"RESUPCH[104,9]",0.0
"RESUPCH[105,9]",0.0
"RESUPCH[106,9]",0.0
"RESUPCH[107,9]",37.11611780218857
"RESUPCH[108,9]",0.0
"RESUPCH[109,9]",0.0
"RESUPCH[110,9]",0.0
"RESUPCH[101,10]",0.0
"RESUPCH[102,10]",0.0
"RESUPCH[103,10]",0.0
"RESUPCH[104,10]",0.0
"RESUPCH[105,10]",0.0
"RESUPCH[106,10]",0.0
"RESUPCH[107,10]",0.0
"RESUPCH[108,10]",0.0
"RESUPCH[109,10]",0.0
"RESUPCH[110,10]",0.0
"RESUPCH[101,11]",0.0
"RESUPCH[102,11]",0.0
"RESUPCH[103,11]",13.11967677362702
"RESUPCH[104,11]",0.0
"RESUPCH[105,11]",0.0
"RESUPCH[106,11]",0.0
"RESUPCH[107,11]",0.0
"RESUPCH[108,11]",0.0
"RESUPCH[109,11]",0.0
"RESUPCH[110,11]",0.0
"RESUPCH[101,12]",0.0
"RESUPCH[102,12]",0.0
"RESUPCH[103,12]",0.0
"RESUPCH[104,12]",82.97108433918243
"RESUPCH[105,12]",0.0
"RESUPCH[106,12]",0.0
"RESUPCH[107,12]",0.0
"RESUPCH[108,12]",0.0
"RESUPCH[109,12]",0.0
"RESUPCH[110,12]",0.0
"RESUPCH[101,13]",0.0
"RESUPCH[102,13]",0.0
"RESUPCH[103,13]",0.0
"RESUPCH[104,13]",0.0
"RESUPCH[105,13]",0.0
"RESUPCH[106,13]",0.0
"RESUPCH[107,13]",0.0
"RESUPCH[108,13]",0.0
"RESUPCH[109,13]",0.0
"RESUPCH[110,13]",0.0
"RESUPCH[101,14]",0.0
"RESUPCH[102,14]",0.0
"RESUPCH[103,14]",0.0
"RESUPCH[104,14]",0.0
"RESUPCH[105,14]",0.0
"RESUPCH[106,14]",0.0
"RESUPCH[107,14]",143.24164055890924
"RESUPCH[108,14]",0.0
"RESUPCH[109,14]",0.0
"RESUPCH[110,14]",0.0
"RESUPCH[101,15]",0.0
"RESUPCH[102,15]",0.0
"RESUPCH[103,15]",0.0
"RESUPCH[104,15]",80.96874497545758
"RESUPCH[105,15]",0.0
"RESUPCH[106,15]",0.0
"RESUPCH[107,15]",0.0
"RESUPCH[108,15]",0.0
"RESUPCH[109,15]",0.0
"RESUPCH[110,15]",0.0
"RESUPCH[101,16]",0.0
"RESUPCH[102,16]",0.0
"RESUPCH[103,16]",0.0
"RESUPCH[104,16]",0.0
"RESUPCH[105,16]",0.0
"RESUPCH[106,16]",0.0
"RESUPCH[107,16]",0.0
"RESUPCH[108,16]",0.0
"RESUPCH[109,16]",0.0
"RESUPCH[110,16]",0.0
"RESUPCH[101,17]",0.0
"RESUPCH[102,17]",0.0
"RESUPCH[103,17]",0.0
"RESUPCH[104,17]",0.0
"RESUPCH[105,17]",0.0
"RESUPCH[106,17]",0.0
"RESUPCH[107,17]",0.0
"RESUPCH[108,17]",0.0
"RESUPCH[109,17]",0.0
"RESUPCH[110,17]",0.0
"RESUPCH[101,18]",0.0
"RESUPCH[102,18]",0.0
"RESUPCH[103,18]",0.0
"RESUPCH[104,18]",0.0
"RESUPCH[105,18]",0.0
"RESUPCH[106,18]",0.0
"RESUPCH[107,18]",0.0
"RESUPCH[108,18]",0.0
"RESUPCH[109,18]",0.0
"RESUPCH[110,18]",0.0
"RESUPCH[101,19]",0.0
"RESUPCH[102,19]",0.0
"RESUPCH[103,19]",0.0
"RESUPCH[104,19]",0.0
"RESUPCH[105,19]",0.0
"RESUPCH[106,19]",0.0
"RESUPCH[107,19]",0.0
"RESUPCH[108,19]",0.0
"RESUPCH[109,19]",0.0
"RESUPCH[110,19]",0.0
"RESUPCH[101,20]",0.0
"RESUPCH[102,20]",0.0
"RESUPCH[103,20]",0.0
"RESUPCH[104,20]",0.0
"RESUPCH[105,20]",0.0
"RESUPCH[106,20]",0.0
"RESUPCH[107,20]",0.0
"RESUPCH[108,20]",0.0
"RESUPCH[109,20]",0.0
"RESUPCH[110,20]",0.0
"RESUPCH[101,21]",0.0
"RESUPCH[102,21]",0.0
"RESUPCH[103,21]",0.0
"RESUPCH[104,21]",0.0
"RESUPCH[105,21]",0.0
"RESUPCH[106,21]",0.0
"RESUPCH[107,21]",0.0
"RESUPCH[108,21]",0.0
"RESUPCH[109,21]",0.0
"RESUPCH[110,21]",0.0
"RESUPCH[101,22]",0.0
"RESUPCH[102,22]",0.0
"RESUPCH[103,22]",0.0
"RESUPCH[104,22]",0.0
"RESUPCH[105,22]",0.0
"RESUPCH[106,22]",0.0
"RESUPCH[107,22]",0.0
"RESUPCH[108,22]",0.0
"RESUPCH[109,22]",0.0
"RESUPCH[110,22]",0.0
"RESUPCH[101,23]",0.0
"RESUPCH[102,23]",0.0
"RESUPCH[103,23]",0.0
"RESUPCH[104,23]",0.0
"RESUPCH[105,23]",0.0
"RESUPCH[106,23]",0.0
"RESUPCH[107,23]",0.0
"RESUPCH[108,23]",0.0
"RESUPCH[109,23]",0.0
"RESUPCH[110,23]",0.0
"RESUPCH[101,24]",0.0
"RESUPCH[102,24]",0.0
"RESUPCH[103,24]",0.0
"RESUPCH[104,24]",0.0
"RESUPCH[105,24]",0.0
"RESUPCH[106,24]",0.0
"RESUPCH[107,24]",0.0
"RESUPCH[108,24]",0.0
"RESUPCH[109,24]",0.0
"RESUPCH[110,24]",0.0
"RESDNCH[101,1]",0.0
"RESDNCH[102,1]",0.0
"RESDNCH[103,1]",0.0
"RESDNCH[104,1]",0.0
"RESDNCH[105,1]",0.0
"RESDNCH[106,1]",0.0
"RESDNCH[107,1]",0.0
"RESDNCH[108,1]",0.0
"RESDNCH[109,1]",0.0
"RESDNCH[110,1]",0.0
"RESDNCH[101,2]",0.0
"RESDNCH[102,2]",0.0
"RESDNCH[103,2]",0.0
"RESDNCH[104,2]",0.0
"RESDNCH[105,2]",0.0
"RESDNCH[106,2]",0.0
"RESDNCH[107,2]",0.0
"RESDNCH[108,2]",0.0
"RESDNCH[109,2]",0.0
"RESDNCH[110,2]",0.0
"RESDNCH[101,3]",0.0
"RESDNCH[102,3]",0.0
"RESDNCH[103,3]",0.0
"RESDNCH[104,3]",0.0
"RESDNCH[105,3]",0.0
"RESDNCH[106,3]",0.0
"RESDNCH[107,3]",0.0
"RESDNCH[108,3]",0.0
"RESDNCH[109,3]",0.0
"RESDNCH[110,3]",0.0
"RESDNCH[101,4]",0.0
"RESDNCH[102,4]",0.0
"RESDNCH[103,4]",0.0
"RESDNCH[104,4]",0.0
"RESDNCH[105,4]",0.0
"RESDNCH[106,4]",0.0
"RESDNCH[107,4]",0.0
"RESDNCH[108,4]",0.0
"RESDNCH[109,4]",0.0
"RESDNCH[110,4]",0.0
"RESDNCH[101,5]",0.0
"RESDNCH[102,5]",0.0
"RESDNCH[103,5]",0.0
"RESDNCH[104,5]",0.0
"RESDNCH[105,5]",0.0
"RESDNCH[106,5]",0.0
"RESDNCH[107,5]",0.0
"RESDNCH[108,5]",0.0
"RESDNCH[109,5]",0.0
"RESDNCH[110,5]",0.0
"RESDNCH[101,6]",0.0
"RESDNCH[102,6]",0.0
"RESDNCH[103,6]",0.0
"RESDNCH[104,6]",0.0
"RESDNCH[105,6]",0.0
"RESDNCH[106,6]",0.0
"RESDNCH[107,6]",0.0
"RESDNCH[108,6]",0.0
"RESDNCH[109,6]",0.0
"RESDNCH[110,6]",0.0
"RESDNCH[101,7]",0.0
"RESDNCH[102,7]",100.50088039613001
"RESDNCH[103,7]",0.0
"RESDNCH[104,7]",0.0
"RESDNCH[105,7]",0.0
"RESDNCH[106,7]",0.0
"RESDNCH[107,7]",0.0
"RESDNCH[108,7]",0.0
"RESDNCH[109,7]",0.0
"RESDNCH[110,7]",0.0
"RESDNCH[101,8]",271.8
"RESDNCH[102,8]",0.0
"RESDNCH[103,8]",0.0
"RESDNCH[104,8]",0.0
"RESDNCH[105,8]",0.0
"RESDNCH[106,8]",0.0
"RESDNCH[107,8]",0.0
"RESDNCH[108,8]",0.0
"RESDNCH[109,8]",0.0
"RESDNCH[110,8]",264.3
"RESDNCH[101,9]",0.0
"RESDNCH[102,9]",0.0
"RESDNCH[103,9]",0.0
"RESDNCH[104,9]",0.0
"RESDNCH[105,9]",0.0
"RESDNCH[106,9]",0.0
"RESDNCH[107,9]",0.0
"RESDNCH[108,9]",285.15
"RESDNCH[109,9]",0.0
"RESDNCH[110,9]",178.64026685346735
"RESDNCH[101,10]",0.0
"RESDNCH[102,10]",277.5
"RESDNCH[103,10]",0.0
"RESDNCH[104,10]",0.0
"RESDNCH[105,10]",0.0
"RESDNCH[106,10]",0.0
"RESDNCH[107,10]",0.0
"RESDNCH[108,10]",0.0
"RESDNCH[109,10]",0.0
"RESDNCH[110,10]",238.61041801406057
"RESDNCH[101,11]",0.0
"RESDNCH[102,11]",0.0
"RESDNCH[103,11]",0.0
"RESDNCH[104,11]",0.0
"RESDNCH[105,11]",0.0
"RESDNCH[106,11]",265.8
"RESDNCH[107,11]",0.0
"RESDNCH[108,11]",0.0
"RESDNCH[109,11]",191.54552236378984
"RESDNCH[110,11]",0.0
"RESDNCH[101,12]",0.0
"RESDNCH[102,12]",277.5
"RESDNCH[103,12]",0.0
"RESDNCH[104,12]",0.0
"RESDNCH[105,12]",0.0
"RESDNCH[106,12]",0.0
"RESDNCH[107,12]",0.0
"RESDNCH[108,12]",0.0
"RESDNCH[109,12]",0.0
"RESDNCH[110,12]",124.0261669569135
"RESDNCH[101,13]",0.0
"RESDNCH[102,13]",0.0
"RESDNCH[103,13]",0.0
"RESDNCH[104,13]",0.0
"RESDNCH[105,13]",0.0
"RESDNCH[106,13]",265.8
"RESDNCH[107,13]",0.0
"RESDNCH[108,13]",0.0
"RESDNCH[109,13]",0.0
"RESDNCH[110,13]",203.57699990103134
"RESDNCH[101,14]",46.89136776737024
"RESDNCH[102,14]",0.0
"RESDNCH[103,14]",0.0
"RESDNCH[104,14]",0.0
"RESDNCH[105,14]",0.0
"RESDNCH[106,14]",265.8
"RESDNCH[107,14]",0.0
"RESDNCH[108,14]",0.0
"RESDNCH[109,14]",281.25
"RESDNCH[110,14]",0.0
"RESDNCH[101,15]",0.0
"RESDNCH[102,15]",277.5
"RESDNCH[103,15]",0.0
"RESDNCH[104,15]",0.0
"RESDNCH[105,15]",0.0
"RESDNCH[106,15]",0.0
"RESDNCH[107,15]",0.0
"RESDNCH[108,15]",0.0
"RESDNCH[109,15]",278.870249126574
"RESDNCH[110,15]",0.0
"RESDNCH[101,16]",0.0
"RESDNCH[102,16]",0.0
"RESDNCH[103,16]",0.0
"RESDNCH[104,16]",0.0
"RESDNCH[105,16]",0.0
"RESDNCH[106,16]",265.8
"RESDNCH[107,16]",0.0
"RESDNCH[108,16]",0.0
"RESDNCH[109,16]",0.0
"RESDNCH[110,16]",136.3473496479209
"RESDNCH[101,17]",0.0
"RESDNCH[102,17]",0.0
"RESDNCH[103,17]",0.0
"RESDNCH[104,17]",79.64022424798713
"RESDNCH[105,17]",0.0
"RESDNCH[106,17]",0.0
"RESDNCH[107,17]",0.0
"RESDNCH[108,17]",0.0
"RESDNCH[109,17]",0.0
"RESDNCH[110,17]",0.0
"RESDNCH[101,18]",0.0
"RESDNCH[102,18]",0.0
"RESDNCH[103,18]",0.0
"RESDNCH[104,18]",0.0
"RESDNCH[105,18]",0.0
"RESDNCH[106,18]",0.0
"RESDNCH[107,18]",0.0
"RESDNCH[108,18]",0.0
"RESDNCH[109,18]",0.0
"RESDNCH[110,18]",0.0
"RESDNCH[101,19]",0.0
"RESDNCH[102,19]",0.0
"RESDNCH[103,19]",0.0
"RESDNCH[104,19]",0.0
"RESDNCH[105,19]",0.0
"RESDNCH[106,19]",0.0
"RESDNCH[107,19]",0.0
"RESDNCH[108,19]",0.0
"RESDNCH[109,19]",0.0
"RESDNCH[110,19]",0.0
"RESDNCH[101,20]",0.0
"RESDNCH[102,20]",0.0
"RESDNCH[103,20]",0.0
"RESDNCH[104,20]",0.0
"RESDNCH[105,20]",0.0
"RESDNCH[106,20]",0.0
"RESDNCH[107,20]",0.0
"RESDNCH[108,20]",0.0
"RESDNCH[109,20]",143.3256529117823
"RESDNCH[110,20]",0.0
"RESDNCH[101,21]",0.0
"RESDNCH[102,21]",169.21620682507432
"RESDNCH[103,21]",0.0
"RESDNCH[104,21]",0.0
"RESDNCH[105,21]",0.0
"RESDNCH[106,21]",0.0
"RESDNCH[107,21]",0.0
"RESDNCH[108,21]",0.0
"RESDNCH[109,21]",0.0
"RESDNCH[110,21]",0.0
"RESDNCH[101,22]",0.0
"RESDNCH[102,22]",0.0
"RESDNCH[103,22]",0.0
"RESDNCH[104,22]",0.0
"RESDNCH[105,22]",0.0
"RESDNCH[106,22]",0.0
"RESDNCH[107,22]",0.0
"RESDNCH[108,22]",0.0
"RESDNCH[109,22]",0.0
"RESDNCH[110,22]",0.0
"RESDNCH[101,23]",154.36015158397936
"RESDNCH[102,23]",0.0
"RESDNCH[103,23]",0.0
"RESDNCH[104,23]",0.0
"RESDNCH[105,23]",0.0
"RESDNCH[106,23]",0.0
"RESDNCH[107,23]",0.0
"RESDNCH[108,23]",0.0
"RESDNCH[109,23]",0.0
"RESDNCH[110,23]",0.0
"RESDNCH[101,24]",0.0
"RESDNCH[102,24]",0.0
"RESDNCH[103,24]",0.0
"RESDNCH[104,24]",0.0
"RESDNCH[105,24]",0.0
"RESDNCH[106,24]",96.27421808934787
"RESDNCH[107,24]",0.0
"RESDNCH[108,24]",0.0
"RESDNCH[109,24]",0.0
"RESDNCH[110,24]",0.0
"RESDNDIS[101,1]",0.0
"RESDNDIS[102,1]",0.0
"RESDNDIS[103,1]",0.0
"RESDNDIS[104,1]",0.0
"RESDNDIS[105,1]",0.0
"RESDNDIS[106,1]",0.0
"RESDNDIS[107,1]",0.0
"RESDNDIS[108,1]",0.0
"RESDNDIS[109,1]",0.0
"RESDNDIS[110,1]",0.0
"RESDNDIS[101,2]",0.0
"RESDNDIS[102,2]",0.0
"RESDNDIS[103,2]",0.0
"RESDNDIS[104,2]",0.0
"RESDNDIS[105,2]",0.0
"RESDNDIS[106,2]",0.0
"RESDNDIS[107,2]",0.0
"RESDNDIS[108,2]",0.0
"RESDNDIS[109,2]",0.0
"RESDNDIS[110,2]",0.0
"RESDNDIS[101,3]",0.0
"RESDNDIS[102,3]",0.0
"RESDNDIS[103,3]",0.0
"RESDNDIS[104,3]",0.0
"RESDNDIS[105,3]",0.0
"RESDNDIS[106,3]",0.0
"RESDNDIS[107,3]",0.0
"RESDNDIS[108,3]",0.0
"RESDNDIS[109,3]",0.0
"RESDNDIS[110,3]",0.0
"RESDNDIS[101,4]",0.0
"RESDNDIS[102,4]",0.0
"RESDNDIS[103,4]",0.0
"RESDNDIS[104,4]",0.0
"RESDNDIS[105,4]",0.0
"RESDNDIS[106,4]",0.0
"RESDNDIS[107,4]",0.0
"RESDNDIS[108,4]",0.0
"RESDNDIS[109,4]",0.0
"RESDNDIS[110,4]",0.0
"RESDNDIS[101,5]",0.0
"RESDNDIS[102,5]",0.0
"RESDNDIS[103,5]",0.0
"RESDNDIS[104,5]",0.0
"RESDNDIS[105,5]",0.0
"RESDNDIS[106,5]",0.0
"RESDNDIS[107,5]",0.0
"RESDNDIS[108,5]",0.0
"RESDNDIS[109,5]",0.0
"RESDNDIS[110,5]",0.0
"RESDNDIS[101,6]",0.0
"RESDNDIS[102,6]",0.0
"RESDNDIS[103,6]",0.0
"RESDNDIS[104,6]",0.0
"RESDNDIS[105,6]",0.0
"RESDNDIS[106,6]",0.0
"RESDNDIS[107,6]",0.0
"RESDNDIS[108,6]",0.0
"RESDNDIS[109,6]",0.0
"RESDNDIS[110,6]",0.0
"RESDNDIS[101,7]",0.0
"RESDNDIS[102,7]",0.0
"RESDNDIS[103,7]",0.0
"RESDNDIS[104,7]",0.0
"RESDNDIS[105,7]",0.0
"RESDNDIS[106,7]",0.0
"RESDNDIS[107,7]",0.0
"RESDNDIS[108,7]",0.0
"RESDNDIS[109,7]",0.0
"RESDNDIS[110,7]",0.0
"RESDNDIS[101,8]",0.0
"RESDNDIS[102,8]",0.0
"RESDNDIS[103,8]",0.0
"RESDNDIS[104,8]",0.0
"RESDNDIS[105,8]",0.0
"RESDNDIS[106,8]",0.0
"RESDNDIS[107,8]",0.0
"RESDNDIS[108,8]",0.0
"RESDNDIS[109,8]",0.0
"RESDNDIS[110,8]",0.0
"RESDNDIS[101,9]",0.0
"RESDNDIS[102,9]",0.0
"RESDNDIS[103,9]",0.0
"RESDNDIS[104,9]",0.0
"RESDNDIS[105,9]",0.0
"RESDNDIS[106,9]",0.0
"RESDNDIS[107,9]",0.0
"RESDNDIS[108,9]",0.0
"RESDNDIS[109,9]",0.0
"RESDNDIS[110,9]",0.0
"RESDNDIS[101,10]",0.0
"RESDNDIS[102,10]",0.0
"RESDNDIS[103,10]",0.0
"RESDNDIS[104,10]",0.0
"RESDNDIS[105,10]",0.0
"RESDNDIS[106,10]",0.0
"RESDNDIS[107,10]",0.0
"RESDNDIS[108,10]",0.0
"RESDNDIS[109,10]",0.0
"RESDNDIS[110,10]",0.0
"RESDNDIS[101,11]",0.0
"RESDNDIS[102,11]",0.0
"RESDNDIS[103,11]",0.0
"RESDNDIS[104,11]",0.0
"RESDNDIS[105,11]",0.0
"RESDNDIS[106,11]",0.0
"RESDNDIS[107,11]",0.0
"RESDNDIS[108,11]",0.0
"RESDNDIS[109,11]",0.0
"RESDNDIS[110,11]",0.0
"RESDNDIS[101,12]",0.0
"RESDNDIS[102,12]",0.0
"RESDNDIS[103,12]",0.0
"RESDNDIS[104,12]",0.0
"RESDNDIS[105,12]",0.0
"RESDNDIS[106,12]",0.0
"RESDNDIS[107,12]",0.0
"RESDNDIS[108,12]",0.0
"RESDNDIS[109,12]",0.0
"RESDNDIS[110,12]",0.0
"RESDNDIS[101,13]",0.0
"RESDNDIS[102,13]",0.0
"RESDNDIS[103,13]",0.0
"RESDNDIS[104,13]",0.0
"RESDNDIS[105,13]",0.0
"RESDNDIS[106,13]",0.0
"RESDNDIS[107,13]",0.0
"RESDNDIS[108,13]",0.0
"RESDNDIS[109,13]",0.0
"RESDNDIS[110,13]",0.0
"RESDNDIS[101,14]",0.0
"RESDNDIS[102,14]",0.0
"RESDNDIS[103,14]",0.0
"RESDNDIS[104,14]",0.0
"RESDNDIS[105,14]",0.0
"RESDNDIS[106,14]",0.0
"RESDNDIS[107,14]",0.0
"RESDNDIS[108,14]",0.0
"RESDNDIS[109,14]",0.0
"RESDNDIS[110,14]",0.0
"RESDNDIS[101,15]",0.0
"RESDNDIS[102,15]",0.0
"RESDNDIS[103,15]",0.0
"RESDNDIS[104,15]",0.0
"RESDNDIS[105,15]",0.0
"RESDNDIS[106,15]",0.0
"RESDNDIS[107,15]",0.0
"RESDNDIS[108,15]",0.0
"RESDNDIS[109,15]",0.0
"RESDNDIS[110,15]",0.0
"RESDNDIS[101,16]",0.0
"RESDNDIS[102,16]",0.0
"RESDNDIS[103,16]",0.0
"RESDNDIS[104,16]",0.0
"RESDNDIS[105,16]",0.0
"RESDNDIS[106,16]",0.0
"RESDNDIS[107,16]",0.0
"RESDNDIS[108,16]",0.0
"RESDNDIS[109,16]",0.0
"RESDNDIS[110,16]",0.0
"RESDNDIS[101,17]",0.0
"RESDNDIS[102,17]",0.0
"RESDNDIS[103,17]",0.0
"RESDNDIS[104,17]",0.0
"RESDNDIS[105,17]",0.0
"RESDNDIS[106,17]",0.0
"RESDNDIS[107,17]",0.0
"RESDNDIS[108,17]",0.0
"RESDNDIS[109,17]",0.0
"RESDNDIS[110,17]",0.0
"RESDNDIS[101,18]",0.0
"RESDNDIS[102,18]",0.0
"RESDNDIS[103,18]",0.0
"RESDNDIS[104,18]",0.0
"RESDNDIS[105,18]",0.0
"RESDNDIS[106,18]",0.0
"RESDNDIS[107,18]",0.0
"RESDNDIS[108,18]",0.0
"RESDNDIS[109,18]",0.0
"RESDNDIS[110,18]",0.0
"RESDNDIS[101,19]",0.0
"RESDNDIS[102,19]",0.0
"RESDNDIS[103,19]",0.0
"RESDNDIS[104,19]",0.0
"RESDNDIS[105,19]",0.0
"RESDNDIS[106,19]",0.0
"RESDNDIS[107,19]",0.0
"RESDNDIS[108,19]",0.0
"RESDNDIS[109,19]",0.0
"RESDNDIS[110,19]",0.0
"RESDNDIS[101,20]",0.0
"RESDNDIS[102,20]",0.0
"RESDNDIS[103,20]",0.0
"RESDNDIS[104,20]",0.0
"RESDNDIS[105,20]",0.0
"RESDNDIS[106,20]",0.0
"RESDNDIS[107,20]",0.0
"RESDNDIS[108,20]",0.0
"RESDNDIS[109,20]",0.0
"RESDNDIS[110,20]",0.0
"RESDNDIS[101,21]",0.0
"RESDNDIS[102,21]",0.0
"RESDNDIS[103,21]",0.0
"RESDNDIS[104,21]",0.0
"RESDNDIS[105,21]",0.0
"RESDNDIS[106,21]",0.0
"RESDNDIS[107,21]",0.0
"RESDNDIS[108,21]",0.0
"RESDNDIS[109,21]",0.0
"RESDNDIS[110,21]",0.0
"RESDNDIS[101,22]",0.0
"RESDNDIS[102,22]",0.0
"RESDNDIS[103,22]",0.0
"RESDNDIS[104,22]",0.0
"RESDNDIS[105,22]",0.0
"RESDNDIS[106,22]",0.0
"RESDNDIS[107,22]",0.0
"RESDNDIS[108,22]",0.0
"RESDNDIS[109,22]",0.0
"RESDNDIS[110,22]",0.0
"RESDNDIS[101,23]",0.0
"RESDNDIS[102,23]",0.0
"RESDNDIS[103,23]",0.0
"RESDNDIS[104,23]",0.0
"RESDNDIS[105,23]",0.0
"RESDNDIS[106,23]",0.0
"RESDNDIS[107,23]",0.0
"RESDNDIS[108,23]",0.0
"RESDNDIS[109,23]",0.0
"RESDNDIS[110,23]",0.0
"RESDNDIS[101,24]",0.0
"RESDNDIS[102,24]",0.0
"RESDNDIS[103,24]",0.0
"RESDNDIS[104,24]",0.0
"RESDNDIS[105,24]",0.0
"RESDNDIS[106,24]",0.0
"RESDNDIS[107,24]",0.0
"RESDNDIS[108,24]",0.0
"RESDNDIS[109,24]",0.0
"RESDNDIS[110,24]",0.0
"U[101,1]",1.0
"U[102,1]",-0.0
"U[103,1]",-0.0
"U[104,1]",1.0
"U[105,1]",-0.0
"U[106,1]",1.0
"U[107,1]",1.0
"U[108,1]",-0.0
"U[109,1]",-0.0
"U[110,1]",-0.0
"U[101,2]",-0.0
"U[102,2]",-0.0
"U[103,2]",1.0
"U[104,2]",-0.0
"U[105,2]",-0.0
"U[106,2]",1.0
"U[107,2]",-0.0
"U[108,2]",-0.0
"U[109,2]",-0.0
"U[110,2]",-0.0
"U[101,3]",-0.0
"U[102,3]",1.0
"U[103,3]",1.0
"U[104,3]",-0.0
"U[105,3]",1.0
"U[106,3]",-0.0
"U[107,3]",-0.0
"U[108,3]",-0.0
"U[109,3]",-0.0
"U[110,3]",-0.0
"U[101,4]",1.0
"U[102,4]",-0.0
"U[103,4]",-0.0
"U[104,4]",1.0
"U[105,4]",-0.0
"U[106,4]",-0.0
"U[107,4]",-0.0
"U[108,4]",-0.0
"U[109,4]",-0.0
"U[110,4]",1.0
"U[101,5]",1.0
"U[102,5]",-0.0
"U[103,5]",-0.0
"U[104,5]",-0.0
"U[105,5]",1.0
"U[106,5]",-0.0
"U[107,5]",1.0
"U[108,5]",-0.0
"U[109,5]",1.0
"U[110,5]",-0.0
"U[101,6]",-0.0
"U[102,6]",-0.0
"U[103,6]",-0.0
"U[104,6]",1.0
"U[105,6]",1.0
"U[106,6]",-0.0
"U[107,6]",-0.0
"U[108,6]",1.0
"U[109,6]",1.0
"U[110,6]",1.0
"U[101,7]",-0.0
"U[102,7]",1.0
"U[103,7]",-0.0
"U[104,7]",-0.0
"U[105,7]",-0.0
"U[106,7]",-0.0
"U[107,7]",-0.0
"U[108,7]",1.0
"U[109,7]",-0.0
"U[110,7]",1.0
"U[101,8]",-0.0
"U[102,8]",-0.0
"U[103,8]",-0.0
"U[104,8]",-0.0
"U[105,8]",-0.0
"U[106,8]",-0.0
"U[107,8]",-0.0
"U[108,8]",-0.0
"U[109,8]",-0.0
"U[110,8]",1.0
"U[101,9]",-0.0
"U[102,9]",-0.0
"U[103,9]",-0.0
"U[104,9]",-0.0
"U[105,9]",-0.0
"U[106,9]",-0.0
"U[107,9]",-0.0
"U[108,9]",-0.0
"U[109,9]",1.0
"U[110,9]",-0.0
"U[101,10]",-0.0
"U[102,10]",-0.0
"U[103,10]",-0.0
"U[104,10]",-0.0
"U[105,10]",-0.0
"U[106,10]",-0.0
"U[107,10]",-0.0
"U[108,10]",-0.0
"U[109,10]",-0.0
"U[110,10]",-0.0
"U[101,11]",-0.0
"U[102,11]",-0.0
"U[103,11]",-0.0
"U[104,11]",-0.0
"U[105,11]",-0.0
"U[106,11]",-0.0
"U[107,11]",-0.0
"U[108,11]",-0.0
"U[109,11]",-0.0
"U[110,11]",-0.0
"U[101,12]",-0.0
"U[102,12]",-0.0
"U[103,12]",-0.0
"U[104,12]",-0.0
"U[105,12]",-0.0
"U[106,12]",-0.0
"U[107,12]",-0.0
"U[108,12]",-0.0
"U[109,12]",-0.0
"U[110,12]",-0.0
"U[101,13]",-0.0
"U[102,13]",-0.0
"U[103,13]",-0.0
"U[104,13]",-0.0
"U[105,13]",-0.0
"U[106,13]",-0.0
"U[107,13]",-0.0
"U[108,13]",-0.0
"U[109,13]",-0.0
"U[110,13]",-0.0
"U[101,14]",-0.0
"U[102,14]",1.0
"U[103,14]",-0.0
"U[104,14]",-0.0
"U[105,14]",1.0
"U[106,14]",-0.0
"U[107,14]",-0.0
"U[108,14]",-0.0
"U[109,14]",-0.0
"U[110,14]",-0.0
"U[101,15]",-0.0
"U[102,15]",1.0
"U[103,15]",-0.0
"U[104,15]",-0.0
"U[105,15]",-0.0
"U[106,15]",-0.0
"U[107,15]",-0.0
"U[108,15]",-0.0
"U[109,15]",-0.0
"U[110,15]",-0.0
"U[101,16]",-0.0
"U[102,16]",-0.0
"U[103,16]",1.0
"U[104,16]",-0.0
"U[105,16]",1.0
"U[106,16]",-0.0
"U[107,16]",-0.0
"U[108,16]",-0.0
"U[109,16]",-0.0
"U[110,16]",-0.0
"U[101,17]",-0.0
"U[102,17]",1.0
"U[103,17]",-0.0
"U[104,17]",-0.0
"U[105,17]",-0.0
"U[106,17]",-0.0
"U[107,17]",1.0
"U[108,17]",1.0
"U[109,17]",-0.0
"U[110,17]",-0.0
"U[101,18]",1.0
"U[102,18]",-0.0
"U[103,18]",-0.0
"U[104,18]",-0.0
"U[105,18]",1.0
"U[106,18]",1.0
"U[107,18]",-0.0
"U[108,18]",-0.0
"U[109,18]",-0.0
"U[110,18]",1.0
"U[101,19]",-0.0
"U[102,19]",-0.0
"U[103,19]",-0.0
"U[104,19]",-0.0
"U[105,19]",-0.0
"U[106,19]",1.0
"U[107,19]",-0.0
"U[108,19]",1.0
"U[109,19]",-0.0
"U[110,19]",-0.0
"U[101,20]",-0.0
"U[102,20]",1.0
"U[103,20]",-0.0
"U[104,20]",-0.0
"U[105,20]",-0.0
"U[106,20]",1.0
"U[107,20]",-0.0
"U[108,20]",-0.0
"U[109,20]",1.0
"U[110,20]",-0.0
"U[101,21]",1.0
"U[102,21]",-0.0
"U[103,21]",-0.0
"U[104,21]",-0.0
"U[105,21]",-0.0
"U[106,21]",-0.0
"U[107,21]",-0.0
"U[108,21]",-0.0
"U[109,21]",1.0
"U[110,21]",-0.0
"U[101,22]",-0.0
"U[102,22]",1.0
"U[103,22]",-0.0
"U[104,22]",1.0
"U[105,22]",-0.0
"U[106,22]",1.0
"U[107,22]",-0.0
"U[108,22]",-0.0
"U[109,22]",-0.0
"U[110,22]",-0.0
"U[101,23]",-0.0
"U[102,23]",-0.0
"U[103,23]",-0.0
"U[104,23]",1.0
"U[105,23]",-0.0
"U[106,23]",1.0
"U[107,23]",-0.0
"U[108,23]",-0.0
"U[109,23]",1.0
"U[110,23]",-0.0
"U[101,24]",-0.0
"U[102,24]",-0.0
"U[103,24]",-0.0
"U[104,24]",1.0
"U[105,24]",-0.0
"U[106,24]",-0.0
"U[107,24]",1.0
"U[108,24]",-0.0
"U[109,24]",1.0
"U[110,24]",-0.0
"D[101,1]",-0.0
"D[102,1]",-0.0
"D[103,1]",-0.0
"D[104,1]",-0.0
"D[105,1]",-0.0
"D[106,1]",-0.0
"D[107,1]",-0.0
"D[108,1]",-0.0
"D[109,1]",-0.0
"D[110,1]",1.0
"D[101,2]",-0.0
"D[102,2]",-0.0
"D[103,2]",-0.0
"D[104,2]",1.0
"D[105,2]",-0.0
"D[106,2]",-0.0
"D[107,2]",-0.0
"D[108,2]",1.0
"D[109,2]",-0.0
"D[110,2]",-0.0
"D[101,3]",-0.0
"D[102,3]",-0.0
"D[103,3]",-0.0
"D[104,3]",-0.0
"D[105,3]",-0.0
"D[106,3]",-0.0
"D[107,3]",-0.0
"D[108,3]",-0.0
"D[109,3]",-0.0
"D[110,3]",-0.0
"D[101,4]",-0.0
"D[102,4]",-0.0
"D[103,4]",-0.0
"D[104,4]",-0.0
"D[105,4]",-0.0
"D[106,4]",-0.0
"D[107,4]",-0.0
"D[108,4]",1.0
"D[109,4]",-0.0
"D[110,4]",-0.0
"D[101,5]",-0.0
"D[102,5]",-0.0
"D[103,5]",-0.0
"D[104,5]",-0.0
"D[105,5]",-0.0
"D[106,5]",-0.0
"D[107,5]",-0.0
"D[108,5]",1.0
"D[109,5]",-0.0
"D[110,5]",-0.0
"D[101,6]",-0.0
"D[102,6]",-0.0
"D[103,6]",-0.0
"D[104,6]",-0.0
"D[105,6]",-0.0
"D[106,6]",-0.0
"D[107,6]",-0.0
"D[108,6]",-0.0
"D[109,6]",-0.0
"D[110,6]",-0.0
"D[101,7]",-0.0
"D[102,7]",1.0
"D[103,7]",-0.0
"D[104,7]",-0.0
"D[105,7]",-0.0
"D[106,7]",-0.0
"D[107,7]",-0.0
"D[108,7]",-0.0
"D[109,7]",-0.0
"D[110,7]",-0.0
"D[101,8]",1.0
"D[102,8]",-0.0
"D[103,8]",-0.0
"D[104,8]",-0.0
"D[105,8]",-0.0
"D[106,8]",-0.0
"D[107,8]",-0.0
"D[108,8]",-0.0
"D[109,8]",-0.0
"D[110,8]",1.0
"D[101,9]",-0.0
"D[102,9]",-0.0
"D[103,9]",-0.0
"D[104,9]",-0.0
"D[105,9]",-0.0
"D[106,9]",-0.0
"D[107,9]",-0.0
"D[108,9]",1.0
"D[109,9]",-0.0
"D[110,9]",1.0
"D[101,10]",-0.0
"D[102,10]",1.0
"D[103,10]",-0.0
"D[104,10]",-0.0
"D[105,10]",-0.0
"D[106,10]",-0.0
"D[107,10]",-0.0
"D[108,10]",-0.0
"D[109,10]",-0.0
"D[110,10]",1.0
"D[101,11]",-0.0
"D[102,11]",-0.0
"D[103,11]",-0.0
"D[104,11]",-0.0
"D[105,11]",-0.0
"D[106,11]",1.0
"D[107,11]",-0.0
"D[108,11]",-0.0
"D[109,11]",1.0
"D[110,11]",-0.0
"D[101,12]",-0.0
"D[102,12]",1.0
"D[103,12]",-0.0
"D[104,12]",1.0
"D[105,12]",-0.0
"D[106,12]",-0.0
"D[107,12]",-0.0
"D[108,12]",-0.0
"D[109,12]",-0.0
"D[110,12]",1.0
"D[101,13]",-0.0
"D[102,13]",-0.0
"D[103,13]",-0.0
"D[104,13]",-0.0
"D[105,13]",-0.0
"D[106,13]",1.0
"D[107,13]",-0.0
"D[108,13]",-0.0
"D[109,13]",-0.0
"D[110,13]",1.0
"D[101,14]",1.0
"D[102,14]",-0.0
"D[103,14]",-0.0
"D[104,14]",-0.0
"D[105,14]",-0.0
"D[106,14]",1.0
"D[107,14]",-0.0
"D[108,14]",-0.0
"D[109,14]",1.0
"D[110,14]",-0.0
"D[101,15]",-0.0
"D[102,15]",1.0
"D[103,15]",-0.0
"D[104,15]",-0.0
"D[105,15]",-0.0
"D[106,15]",-0.0
"D[107,15]",-0.0
"D[108,15]",-0.0
"D[109,15]",1.0
"D[110,15]",-0.0
"D[101,16]",-0.0
"D[102,16]",-0.0
"D[103,16]",-0.0
"D[104,16]",-0.0
"D[105,16]",-0.0
"D[106,16]",1.0
"D[107,16]",-0.0
"D[108,16]",-0.0
"D[109,16]",-0.0
"D[110,16]",1.0
"D[101,17]",-0.0
"D[102,17]",-0.0
"D[103,17]",-0.0
"D[104,17]",1.0
"D[105,17]",-0.0
"D[106,17]",-0.0
"D[107,17]",-0.0
"D[108,17]",-0.0
"D[109,17]",-0.0
"D[110,17]",-0.0
"D[101,18]",-0.0
"D[102,18]",-0.0
"D[103,18]",-0.0
"D[104,18]",-0.0
"D[105,18]",-0.0
"D[106,18]",-0.0
"D[107,18]",-0.0
"D[108,18]",-0.0
"D[109,18]",-0.0
"D[110,18]",-0.0
"D[101,19]",-0.0
"D[102,19]",-0.0
"D[103,19]",-0.0
"D[104,19]",-0.0
"D[105,19]",-0.0
"D[106,19]",-0.0
"D[107,19]",-0.0
"D[108,19]",-0.0
"D[109,19]",-0.0
"D[110,19]",-0.0
"D[101,20]",-0.0
"D[102,20]",-0.0
"D[103,20]",-0.0
"D[104,20]",-0.0
"D[105,20]",-0.0
"D[106,20]",-0.0
"D[107,20]",-0.0
"D[108,20]",-0.0
"D[109,20]",1.0
"D[110,20]",-0.0
"D[101,21]",-0.0
"D[102,21]",1.0
"D[103,21]",-0.0
"D[104,21]",-0.0
"D[105,21]",-0.0
"D[106,21]",-0.0
"D[107,21]",-0.0
"D[108,21]",-0.0
"D[109,21]",-0.0
"D[110,21]",-0.0
"D[101,22]",-0.0
"D[102,22]",-0.0
"D[103,22]",-0.0
"D[104,22]",-0.0
"D[105,22]",-0.0
"D[106,22]",-0.0
"D[107,22]",-0.0
"D[108,22]",-0.0
"D[109,22]",-0.0
"D[110,22]",-0.0
"D[101,23]",1.0
"D[102,23]",-0.0
"D[103,23]",-0.0
"D[104,23]",-0.0
"D[105,23]",-0.0
"D[106,23]",-0.0
"D[107,23]",-0.0
"D[108,23]",-0.0
"D[109,23]",-0.0
"D[110,23]",-0.0
"D[101,24]",-0.0
"D[102,24]",-0.0
"D[103,24]",-0.0
"D[104,24]",-0.0
"D[105,24]",-0.0
"D[106,24]",1.0
"D[107,24]",-0.0
"D[108,24]",-0.0
"D[109,24]",-0.0
"D[110,24]",-0.0
"SOEUP[101,0]",924.90625
"SOEUP[102,0]",1372.1125
"SOEUP[103,0]",862.64375
"SOEUP[104,0]",1698.83125
"SOEUP[105,0]",1222.61875
"SOEUP[106,0]",1494.9375
"SOEUP[107,0]",1346.1875
"SOEUP[108,0]",930.9625
"SOEUP[109,0]",1490.15625
"SOEUP[110,0]",1340.34375
"SOEUP[101,1]",924.90625
"SOEUP[102,1]",1372.1125
"SOEUP[103,1]",862.64375
"SOEUP[104,1]",1698.83125
"SOEUP[105,1]",1222.61875
"SOEUP[106,1]",1494.9375
"SOEUP[107,1]",1346.1875
"SOEUP[108,1]",930.9625
"SOEUP[109,1]",1490.15625
"SOEUP[110,1]",1340.3437499999702
"SOEUP[101,2]",924.9062499999973
"SOEUP[102,2]",1372.112499999997
"SOEUP[103,2]",862.64375
"SOEUP[104,2]",1698.83125
"SOEUP[105,2]",1222.61875
"SOEUP[106,2]",1494.937499999997
"SOEUP[107,2]",1346.1875
"SOEUP[108,2]",930.9624999999933
"SOEUP[109,2]",1490.1562499999966
"SOEUP[110,2]",1340.3437499999702
"SOEUP[101,3]",924.9062499999937
"SOEUP[102,3]",1372.112499999997
"SOEUP[103,3]",862.64375
"SOEUP[104,3]",1698.83125
"SOEUP[105,3]",1222.61875
"SOEUP[106,3]",1494.937499999997
"SOEUP[107,3]",1346.1875
"SOEUP[108,3]",930.9624999999933
"SOEUP[109,3]",1490.1562499999966
"SOEUP[110,3]",1340.3437499999702
"SOEUP[101,4]",924.9062499999878
"SOEUP[102,4]",1372.11249999999
"SOEUP[103,4]",862.64375
"SOEUP[104,4]",1698.83125
"SOEUP[105,4]",1222.61875
"SOEUP[106,4]",1494.93749999999
"SOEUP[107,4]",1346.1875
"SOEUP[108,4]",930.9624999999933
"SOEUP[109,4]",1490.156249999989
"SOEUP[110,4]",1340.3437499999702
"SOEUP[101,5]",924.9062499999833
"SOEUP[102,5]",1372.112499999983
"SOEUP[103,5]",862.6437500000179
"SOEUP[104,5]",1698.831250000021
"SOEUP[105,5]",1222.61875
"SOEUP[106,5]",1494.9374999999811
"SOEUP[107,5]",1345.4660914777328
"SOEUP[108,5]",930.9624999999933
"SOEUP[109,5]",1490.1562499999811
"SOEUP[110,5]",1340.3437499999702
"SOEUP[101,6]",924.9062499999787
"SOEUP[102,6]",1372.1124999999759
"SOEUP[103,6]",862.6437500000179
"SOEUP[104,6]",1698.831250000021
"SOEUP[105,6]",1222.61875
"SOEUP[106,6]",1494.93749999997
"SOEUP[107,6]",1195.1610078719582
"SOEUP[108,6]",930.9624999999933
"SOEUP[109,6]",1490.15624999997
"SOEUP[110,6]",1340.3437499999702
"SOEUP[101,7]",924.9062499999742
"SOEUP[102,7]",1460.8045269495606
"SOEUP[103,7]",862.6437500000179
"SOEUP[104,7]",1698.831250000021
"SOEUP[105,7]",1222.61875
"SOEUP[106,7]",1494.9374999999611
"SOEUP[107,7]",1069.4186434014464
"SOEUP[108,7]",930.9624999999933
"SOEUP[109,7]",1490.156249999963
"SOEUP[110,7]",1340.3437499999702
"SOEUP[101,8]",1172.2170699999742
"SOEUP[102,8]",1460.8045269495606
"SOEUP[103,8]",862.6437500000179
"SOEUP[104,8]",1698.831250000021
"SOEUP[105,8]",1222.61875
"SOEUP[106,8]",1494.9374999999532
"SOEUP[107,8]",1097.4717183854848
"SOEUP[108,8]",930.9624999999933
"SOEUP[109,8]",1490.156249999956
"SOEUP[110,8]",1578.9537899999702
"SOEUP[101,9]",1172.2170699999742
"SOEUP[102,9]",1460.8045269495606
"SOEUP[103,9]",862.6437500000179
"SOEUP[104,9]",1752.7345909705396
"SOEUP[105,9]",1222.61875
"SOEUP[106,9]",1494.9374999999452
"SOEUP[107,9]",1345.5998499999998
"SOEUP[108,9]",1190.3919699999933
"SOEUP[109,9]",1490.1562499999488
"SOEUP[110,9]",1740.2302229152806
"SOEUP[101,10]",1172.2170699999742
"SOEUP[102,10]",1705.6982769495605
"SOEUP[103,10]",876.8107445766157
"SOEUP[104,10]",2018.9977909705394
"SOEUP[105,10]",1222.61875
"SOEUP[106,10]",1494.9374999999372
"SOEUP[107,10]",1614.9548799999998
"SOEUP[108,10]",1190.3919699999933
"SOEUP[109,10]",1490.1562499999418
"SOEUP[110,10]",1955.6477082983745
"SOEUP[101,11]",1172.2170699999742
"SOEUP[102,11]",1705.6982769495605
"SOEUP[103,11]",1137.0061445766157
"SOEUP[104,11]",2285.2609909705393
"SOEUP[105,11]",1222.61875
"SOEUP[106,11]",1728.6554399999372
"SOEUP[107,11]",1884.3099099999997
"SOEUP[108,11]",1190.3919699999933
"SOEUP[109,11]",1667.3933218431566
"SOEUP[110,11]",1955.6477082983745
"SOEUP[101,12]",1172.2170699999742
"SOEUP[102,12]",1950.5920269495605
"SOEUP[103,12]",1357.177788641787
"SOEUP[104,12]",2551.524190970539
"SOEUP[105,12]",1222.61875
"SOEUP[106,12]",1728.6554399999372
"SOEUP[107,12]",2153.6649399999997
"SOEUP[108,12]",1190.3919699999933
"SOEUP[109,12]",1667.3933218431566
"SOEUP[110,12]",2067.618531827076
"SOEUP[101,13]",1172.2170699999742
"SOEUP[102,13]",1950.5920269495605
"SOEUP[103,13]",1484.8074468034274
"SOEUP[104,13]",2817.787390970539
"SOEUP[105,13]",1222.61875
"SOEUP[106,13]",1962.3733799999372
"SOEUP[107,13]",2423.01997
"SOEUP[108,13]",1190.3919699999933
"SOEUP[109,13]",1667.3933218431566
"SOEUP[110,13]",2251.407847337727
"SOEUP[101,14]",1214.8835255315043
"SOEUP[102,14]",1950.5920269495605
"SOEUP[103,14]",1484.8074468034274
"SOEUP[104,14]",2942.6343164544237
"SOEUP[105,14]",1222.61875
"SOEUP[106,14]",2196.0913199999372
"SOEUP[107,14]",2692.375
"SOEUP[108,14]",1190.3919699999933
"SOEUP[109,14]",1927.6339468431565
"SOEUP[110,14]",2251.407847337727
"SOEUP[101,15]",1214.8835255315043
"SOEUP[102,15]",2195.4857769495607
"SOEUP[103,15]",1484.8074468034274
"SOEUP[104,15]",3018.6801617353735
"SOEUP[105,15]",1222.61875
"SOEUP[106,15]",2196.0913199999372
"SOEUP[107,15]",2692.375
"SOEUP[108,15]",1190.3919699999933
"SOEUP[109,15]",2185.6725883599756
"SOEUP[110,15]",2251.407847337727
"SOEUP[101,16]",1214.8835255315043
"SOEUP[102,16]",2195.4857769495607
"SOEUP[103,16]",1484.8074468034274
"SOEUP[104,16]",3018.6801617353735
"SOEUP[105,16]",1222.61875
"SOEUP[106,16]",2429.8092599999372
"SOEUP[107,16]",2692.375
"SOEUP[108,16]",1190.3919699999933
"SOEUP[109,16]",2185.6725883599756
"SOEUP[110,16]",2374.50223459987
"SOEUP[101,17]",1214.8835255315043
"SOEUP[102,17]",2195.4857769495607
"SOEUP[103,17]",1484.8074468034274
"SOEUP[104,17]",3093.478260349083
"SOEUP[105,17]",1222.61875
"SOEUP[106,17]",2429.8092599999372
"SOEUP[107,17]",2692.375
"SOEUP[108,17]",1190.3919699999933
"SOEUP[109,17]",2185.6725883599756
"SOEUP[110,17]",2374.50223459987
"SOEUP[101,18]",1214.8835255315043
"SOEUP[102,18]",2195.4857769495607
"SOEUP[103,18]",1223.6235419714262
"SOEUP[104,18]",2791.625619803938
"SOEUP[105,18]",1222.61875
"SOEUP[106,18]",2429.8092599999372
"SOEUP[107,18]",2391.772844918656
"SOEUP[108,18]",1190.3919699999933
"SOEUP[109,18]",2185.6725883599756
"SOEUP[110,18]",2374.50223459987
"SOEUP[101,19]",1214.8835255315043
"SOEUP[102,19]",2195.4857769495607
"SOEUP[103,19]",997.8622669453665
"SOEUP[104,19]",2489.7729792587934
"SOEUP[105,19]",1222.61875
"SOEUP[106,19]",2429.8092599999372
"SOEUP[107,19]",2091.1706898373122
"SOEUP[108,19]",1190.3919699999933
"SOEUP[109,19]",2185.6725883599756
"SOEUP[110,19]",2374.50223459987
"SOEUP[101,20]",1214.8835255315043
"SOEUP[102,20]",2195.4857769495607
"SOEUP[103,20]",888.8315377485843
"SOEUP[104,20]",2187.9203387136486
"SOEUP[105,20]",1222.61875
"SOEUP[106,20]",2429.8092599999372
"SOEUP[107,20]",1790.5685347559684
"SOEUP[108,20]",1190.3919699999933
"SOEUP[109,20]",2318.291814999248
"SOEUP[110,20]",2374.50223459987
"SOEUP[101,21]",1214.8835255315043
"SOEUP[102,21]",2344.819079472689
"SOEUP[103,21]",862.64375
"SOEUP[104,21]",1886.0676981685037
"SOEUP[105,21]",1222.61875
"SOEUP[106,21]",2429.8092599999372
"SOEUP[107,21]",1489.9663796746245
"SOEUP[108,21]",1190.3919699999933
"SOEUP[109,21]",2318.291814999248
"SOEUP[110,21]",2374.50223459987
"SOEUP[101,22]",1214.8835255315043
"SOEUP[102,22]",2344.819079472689
"SOEUP[103,22]",862.64375
"SOEUP[104,22]",1798.1403976204133
"SOEUP[105,22]",1222.61875
"SOEUP[106,22]",2429.8092599999372
"SOEUP[107,22]",1346.1875
"SOEUP[108,22]",1190.3919699999933
"SOEUP[109,22]",2318.291814999248
"SOEUP[110,22]",2374.50223459987
"SOEUP[101,23]",1355.3358274577672
"SOEUP[102,23]",2344.819079472689
"SOEUP[103,23]",862.64375
"SOEUP[104,23]",1773.62934861371
"SOEUP[105,23]",1222.61875
"SOEUP[106,23]",2429.8092599999372
"SOEUP[107,23]",1346.1875
"SOEUP[108,23]",1190.3919699999933
"SOEUP[109,23]",2318.291814999248
"SOEUP[110,23]",2374.50223459987
"SOEUP[101,24]",1355.3358274577672
"SOEUP[102,24]",2344.819079472689
"SOEUP[103,24]",862.64375
"SOEUP[104,24]",1773.62934861371
"SOEUP[105,24]",1222.61875
"SOEUP[106,24]",2514.463179965901
"SOEUP[107,24]",1346.1875
"SOEUP[108,24]",1190.3919699999933
"SOEUP[109,24]",2318.291814999248
"SOEUP[110,24]",2374.50223459987
"SOEDN[101,0]",924.90625
"SOEDN[102,0]",1372.1125
"SOEDN[103,0]",862.64375
"SOEDN[104,0]",1698.83125
"SOEDN[105,0]",1222.61875
"SOEDN[106,0]",1494.9375
"SOEDN[107,0]",1346.1875
"SOEDN[108,0]",930.9625
"SOEDN[109,0]",1490.15625
"SOEDN[110,0]",1340.34375
"SOEDN[101,1]",691.4860555642565
"SOEDN[102,1]",1372.1125
"SOEDN[103,1]",862.64375
"SOEDN[104,1]",1396.9786094548551
"SOEDN[105,1]",1222.61875
"SOEDN[106,1]",1192.6515907540088
"SOEDN[107,1]",1346.1875
"SOEDN[108,1]",930.9625
"SOEDN[109,1]",1490.15625
"SOEDN[110,1]",1340.34375
"SOEDN[101,2]",691.4860555642565
"SOEDN[102,2]",1372.112500000001
"SOEDN[103,2]",563.4801214346986
"SOEDN[104,2]",1396.9786094548551
"SOEDN[105,2]",1222.61875
"SOEDN[106,2]",983.9319693620077
"SOEDN[107,2]",1346.1875
"SOEDN[108,2]",930.9625000000008
"SOEDN[109,2]",1490.1562500000014
"SOEDN[110,2]",1340.3437500000011
"SOEDN[101,3]",691.4860555642565
"SOEDN[102,3]",1057.6649079319745
"SOEDN[103,3]",430.8029362465858
"SOEDN[104,3]",1396.9786094548551
"SOEDN[105,3]",912.3352531799073
"SOEDN[106,3]",983.9319693620077
"SOEDN[107,3]",1346.1875
"SOEDN[108,3]",930.9625000000024
"SOEDN[109,3]",1490.1562500000014
"SOEDN[110,3]",1340.343750000003
"SOEDN[101,4]",409.66215485256004
"SOEDN[102,4]",1057.6649079319745
"SOEDN[103,4]",430.8029362465858
"SOEDN[104,4]",1095.1259689097103
"SOEDN[105,4]",912.3352531799073
"SOEDN[106,4]",983.9319693620077
"SOEDN[107,4]",1346.1875
"SOEDN[108,4]",930.9625000000046
"SOEDN[109,4]",1490.1562500000045
"SOEDN[110,4]",1047.5878793752624
"SOEDN[101,5]",323.71280719331645
"SOEDN[102,5]",1057.6649079319745
"SOEDN[103,5]",430.80293624660374
"SOEDN[104,5]",1095.1259689097315
"SOEDN[105,5]",602.0517563598146
"SOEDN[106,5]",983.9319693620077
"SOEDN[107,5]",1045.5853449186561
"SOEDN[108,5]",930.9625000000071
"SOEDN[109,5]",1186.2007760996376
"SOEDN[110,5]",1047.5878793752624
"SOEDN[101,6]",323.71280719331645
"SOEDN[102,6]",1057.6649079319745
"SOEDN[103,6]",430.80293624660374
"SOEDN[104,6]",932.2992559133971
"SOEDN[105,6]",539.6768604721603
"SOEDN[106,6]",983.9319693620077
"SOEDN[107,6]",895.2802613128815
"SOEDN[108,6]",617.541968014948
"SOEDN[109,6]",1107.9560337274047
"SOEDN[110,6]",754.8320087505394
"SOEDN[101,7]",323.71280719331645
"SOEDN[102,7]",743.2173158639858
"SOEDN[103,7]",430.80293624660374
"SOEDN[104,7]",932.2992559133971
"SOEDN[105,7]",539.6768604721603
"SOEDN[106,7]",983.9319693620077
"SOEDN[107,7]",769.5378968423698
"SOEDN[108,7]",304.12143602989636
"SOEDN[109,7]",1107.9560337274047
"SOEDN[110,7]",722.0267535479558
"SOEDN[101,8]",323.71280719331645
"SOEDN[102,8]",743.2173158639858
"SOEDN[103,8]",430.80293624660374
"SOEDN[104,8]",932.2992559133971
"SOEDN[105,8]",539.6768604721603
"SOEDN[106,8]",983.9319693620077
"SOEDN[107,8]",797.5909718264082
"SOEDN[108,8]",304.12143602989636
"SOEDN[109,8]",1107.9560337274047
"SOEDN[110,8]",508.224103580943
"SOEDN[101,9]",323.71280719331645
"SOEDN[102,9]",743.2173158639858
"SOEDN[103,9]",430.80293624660374
"SOEDN[104,9]",986.2025968839156
"SOEDN[105,9]",539.6768604721603
"SOEDN[106,9]",983.9319693620077
"SOEDN[107,9]",1010.5849863293716
"SOEDN[108,9]",304.12143602989636
"SOEDN[109,9]",1107.9560337274047
"SOEDN[110,9]",508.224103580943
"SOEDN[101,10]",323.71280719331645
"SOEDN[102,10]",743.2173158639858
"SOEDN[103,10]",444.9699308232015
"SOEDN[104,10]",1252.4657968839156
"SOEDN[105,10]",539.6768604721603
"SOEDN[106,10]",983.9319693620077
"SOEDN[107,10]",1279.9400163293717
"SOEDN[108,10]",304.12143602989636
"SOEDN[109,10]",1107.9560337274047
"SOEDN[110,10]",508.224103580943
"SOEDN[101,11]",323.71280719331645
"SOEDN[102,11]",743.2173158639858
"SOEDN[103,11]",692.929920264117
"SOEDN[104,11]",1518.7289968839154
"SOEDN[105,11]",539.6768604721603
"SOEDN[106,11]",983.9319693620077
"SOEDN[107,11]",1549.2950463293716
"SOEDN[108,11]",304.12143602989636
"SOEDN[109,11]",1107.9560337274047
"SOEDN[110,11]",508.224103580943
"SOEDN[101,12]",323.71280719331645
"SOEDN[102,12]",743.2173158639858
"SOEDN[103,12]",913.1015643292882
"SOEDN[104,12]",1707.0657544725552
"SOEDN[105,12]",539.6768604721603
"SOEDN[106,12]",983.9319693620077
"SOEDN[107,12]",1818.6500763293716
"SOEDN[108,12]",304.12143602989636
"SOEDN[109,12]",1107.9560337274047
"SOEDN[110,12]",508.224103580943
"SOEDN[101,13]",323.71280719331645
"SOEDN[102,13]",743.2173158639858
"SOEDN[103,13]",1040.7312224909288
"SOEDN[104,13]",1973.3289544725553
"SOEDN[105,13]",539.6768604721603
"SOEDN[106,13]",983.9319693620077
"SOEDN[107,13]",2088.0051063293718
"SOEDN[108,13]",304.12143602989636
"SOEDN[109,13]",1107.9560337274047
"SOEDN[110,13]",508.224103580943
"SOEDN[101,14]",323.71280719331645
"SOEDN[102,14]",743.2173158639858
"SOEDN[103,14]",1040.7312224909288
"SOEDN[104,14]",2098.17587995644
"SOEDN[105,14]",539.6768604721603
"SOEDN[106,14]",983.9319693620077
"SOEDN[107,14]",2221.767599376308
"SOEDN[108,14]",304.12143602989636
"SOEDN[109,14]",1107.9560337274047
"SOEDN[110,14]",508.224103580943
"SOEDN[101,15]",323.71280719331645
"SOEDN[102,15]",645.2131764278284
"SOEDN[103,15]",1040.7312224909288
"SOEDN[104,15]",2098.17587995644
"SOEDN[105,15]",539.6768604721603
"SOEDN[106,15]",983.9319693620077
"SOEDN[107,15]",2221.767599376308
"SOEDN[108,15]",304.12143602989636
"SOEDN[109,15]",1107.9560337274047
"SOEDN[110,15]",508.224103580943
"SOEDN[101,16]",323.71280719331645
"SOEDN[102,16]",645.2131764278284
"SOEDN[103,16]",1017.7483786859628
"SOEDN[104,16]",2098.17587995644
"SOEDN[105,16]",229.39336365206756
"SOEDN[106,16]",983.9319693620077
"SOEDN[107,16]",2221.767599376308
"SOEDN[108,16]",304.12143602989636
"SOEDN[109,16]",1107.9560337274047
"SOEDN[110,16]",508.224103580943
"SOEDN[101,17]",323.71280719331645
"SOEDN[102,17]",330.76558435983975
"SOEDN[103,17]",1017.7483786859628
"SOEDN[104,17]",2098.17587995644
"SOEDN[105,17]",229.39336365206756
"SOEDN[106,17]",983.9319693620077
"SOEDN[107,17]",2041.3796401875484
"SOEDN[108,17]",168.22567862652554
"SOEDN[109,17]",1107.9560337274047
"SOEDN[110,17]",508.224103580943
"SOEDN[101,18]",278.24539008356817
"SOEDN[102,18]",330.76558435983975
"SOEDN[103,18]",756.5644738539618
"SOEDN[104,18]",1796.3232394112952
"SOEDN[105,18]",0.0
"SOEDN[106,18]",925.0795483017428
"SOEDN[107,18]",1740.7774851062045
"SOEDN[108,18]",168.22567862652554
"SOEDN[109,18]",1107.9560337274047
"SOEDN[110,18]",215.46823295621994
"SOEDN[101,19]",278.24539008356817
"SOEDN[102,19]",330.76558435983975
"SOEDN[103,19]",530.8031988279021
"SOEDN[104,19]",1494.4705988661503
"SOEDN[105,19]",0.0
"SOEDN[106,19]",622.7936390557517
"SOEDN[107,19]",1440.1753300248606
"SOEDN[108,19]",0.0
"SOEDN[109,19]",1107.9560337274047
"SOEDN[110,19]",215.46823295621994
"SOEDN[101,20]",278.24539008356817
"SOEDN[102,20]",314.4475920679887
"SOEDN[103,20]",421.77246963111986
"SOEDN[104,20]",1192.6179583210055
"SOEDN[105,20]",0.0
"SOEDN[106,20]",488.4990368706563
"SOEDN[107,20]",1139.5731749435167
"SOEDN[108,20]",0.0
"SOEDN[109,20]",804.0005598270482
"SOEDN[110,20]",215.46823295621994
"SOEDN[101,21]",0.0
"SOEDN[102,21]",314.4475920679887
"SOEDN[103,21]",395.5846818825355
"SOEDN[104,21]",890.7653177758607
"SOEDN[105,21]",0.0
"SOEDN[106,21]",488.4990368706563
"SOEDN[107,21]",838.971019862173
"SOEDN[108,21]",0.0
"SOEDN[109,21]",500.04508592669146
"SOEDN[110,21]",215.46823295621994
"SOEDN[101,22]",0.0
"SOEDN[102,22]",0.0
"SOEDN[103,22]",395.5846818825355
"SOEDN[104,22]",588.9126772307159
"SOEDN[105,22]",0.0
"SOEDN[106,22]",302.28590924599115
"SOEDN[107,22]",695.1921401875485
"SOEDN[108,22]",0.0
"SOEDN[109,22]",500.04508592669146
"SOEDN[110,22]",215.46823295621994
"SOEDN[101,23]",0.0
"SOEDN[102,23]",0.0
"SOEDN[103,23]",395.5846818825355
"SOEDN[104,23]",469.6288562993821
"SOEDN[105,23]",0.0
"SOEDN[106,23]",0.0
"SOEDN[107,23]",695.1921401875485
"SOEDN[108,23]",0.0
"SOEDN[109,23]",196.0896120263348
"SOEDN[110,23]",215.46823295621994
"SOEDN[101,24]",0.0
"SOEDN[102,24]",0.0
"SOEDN[103,24]",395.5846818825355
"SOEDN[104,24]",167.77621575423728
"SOEDN[105,24]",0.0
"SOEDN[106,24]",0.0
"SOEDN[107,24]",394.5899851062047
"SOEDN[108,24]",0.0
"SOEDN[109,24]",0.0
"SOEDN[110,24]",215.46823295621994
