day,hour,demand
1,1,1555
1,2,1473
1,3,1463
1,4,1503
1,5,1642
1,6,1850
1,7,2051
1,8,2129
1,9,2205
1,10,2284
1,11,2313
1,12,2412
1,13,2388
1,14,2310
1,15,2254
1,16,2202
1,17,2202
1,18,2437
1,19,2453
1,20,2409
1,21,2349
1,22,2176
1,23,1884
1,24,1617
2,25,1451
2,26,1377
2,27,1410
2,28,1488
2,29,1669
2,30,1931
2,31,2182
2,32,2302
2,33,2421
2,34,2535
2,35,2588
2,36,2684
2,37,2654
2,38,2567
2,39,2506
2,40,2437
2,41,2416
2,42,2592
2,43,2632
2,44,2581
2,45,2501
2,46,2351
2,47,2087
2,48,1728
3,49,1546
3,50,1454
3,51,1432
3,52,1497
3,53,1682
3,54,1994
3,55,2362
3,56,2584
3,57,2746
3,58,2906
3,59,3030
3,60,2900
3,61,2690
3,62,2633
3,63,2577
3,64,2486
3,65,2492
3,66,2720
3,67,2743
3,68,2676
3,69,2585
3,70,2329
3,71,1988
3,72,1725
4,73,1596
4,74,1506
4,75,1478
4,76,1530
4,77,1714
4,78,2020
4,79,2413
4,80,2635
4,81,2782
4,82,2915
4,83,3040
4,84,2919
4,85,2720
4,86,2668
4,87,2612
4,88,2544
4,89,2540
4,90,2737
4,91,2746
4,92,2678
4,93,2586
4,94,2391
4,95,2038
4,96,1757
5,97,1639
5,98,1545
5,99,1525
5,100,1606
5,101,1776
5,102,2080
5,103,2445
5,104,2632
5,105,2790
5,106,2934
5,107,3050
5,108,2926
5,109,2723
5,110,2669
5,111,2606
5,112,2535
5,113,2524
5,114,2715
5,115,2733
5,116,2657
5,117,2572
5,118,2342
5,119,2012
5,120,1759
6,121,1641
6,122,1556
6,123,1537
6,124,1584
6,125,1763
6,126,2059
6,127,2424
6,128,2637
6,129,2792
6,130,2929
6,131,3037
6,132,2891
6,133,2667
6,134,2596
6,135,2527
6,136,2445
6,137,2457
6,138,2649
6,139,2664
6,140,2582
6,141,2514
6,142,2292
6,143,2004
6,144,1782
7,145,1662
7,146,1570
7,147,1527
7,148,1560
7,149,1707
7,150,1921
7,151,2179
7,152,2317
7,153,2487
7,154,2668
7,155,2769
7,156,2616
7,157,2389
7,158,2305
7,159,2239
7,160,2186
7,161,2217
7,162,2488
7,163,2495
7,164,2445
7,165,2380
7,166,2188
7,167,1898
7,168,1672
8,169,1522
8,170,1451
8,171,1461
8,172,1531
8,173,1690
8,174,1911
8,175,2150
8,176,2248
8,177,2337
8,178,2402
8,179,2415
8,180,2494
8,181,2460
8,182,2384
8,183,2315
8,184,2243
8,185,2229
8,186,2453
8,187,2491
8,188,2457
8,189,2385
8,190,2120
8,191,1803
8,192,1556
9,193,1426
9,194,1370
9,195,1407
9,196,1499
9,197,1704
9,198,2057
9,199,2525
9,200,2740
9,201,2797
9,202,2829
9,203,2825
9,204,2893
9,205,2860
9,206,2789
9,207,2705
9,208,2595
9,209,2537
9,210,2689
9,211,2719
9,212,2662
9,213,2578
9,214,2298
9,215,1959
9,216,1702
10,217,1599
10,218,1523
10,219,1497
10,220,1564
10,221,1751
10,222,2073
10,223,2527
10,224,2775
10,225,2875
10,226,2962
10,227,3048
10,228,2898
10,229,2676
10,230,2598
10,231,2523
10,232,2460
10,233,2452
10,234,2686
10,235,2719
10,236,2663
10,237,2584
10,238,2323
10,239,1994
10,240,1742
11,241,1627
11,242,1543
11,243,1523
11,244,1587
11,245,1775
11,246,2094
11,247,2533
11,248,2771
11,249,2886
11,250,3014
11,251,3076
11,252,2909
11,253,2682
11,254,2585
11,255,2535
11,256,2472
11,257,2483
11,258,2698
11,259,2718
11,260,2674
11,261,2599
11,262,2328
11,263,2011
11,264,1762
12,265,1641
12,266,1563
12,267,1536
12,268,1602
12,269,1777
12,270,2070
12,271,2493
12,272,2704
12,273,2836
12,274,2954
12,275,3061
12,276,2902
12,277,2699
12,278,2655
12,279,2592
12,280,2526
12,281,2508
12,282,2686
12,283,2728
12,284,2658
12,285,2593
12,286,2334
12,287,2006
12,288,1779
13,289,1668
13,290,1597
13,291,1569
13,292,1623
13,293,1795
13,294,2095
13,295,2527
13,296,2772
13,297,2889
13,298,3001
13,299,3094
13,300,2915
13,301,2686
13,302,2625
13,303,2550
13,304,2478
13,305,2474
13,306,2659
13,307,2681
13,308,2612
13,309,2541
13,310,2276
13,311,1985
13,312,1744
14,313,1633
14,314,1555
14,315,1524
14,316,1574
14,317,1715
14,318,1934
14,319,2221
14,320,2394
14,321,2602
14,322,2762
14,323,2868
14,324,2697
14,325,2459
14,326,2370
14,327,2296
14,328,2240
14,329,2262
14,330,2525
14,331,2551
14,332,2500
14,333,2437
14,334,2177
14,335,1891
14,336,1652
15,337,1498
15,338,1442
15,339,1466
15,340,1545
15,341,1683
15,342,1913
15,343,2158
15,344,2299
15,345,2418
15,346,2503
15,347,2510
15,348,2563
15,349,2523
15,350,2446
15,351,2378
15,352,2334
15,353,2345
15,354,2539
15,355,2555
15,356,2510
15,357,2434
15,358,2169
15,359,1871
15,360,1622
16,361,1453
16,362,1387
16,363,1423
16,364,1521
16,365,1710
16,366,2020
16,367,2380
16,368,2590
16,369,2724
16,370,2818
16,371,2850
16,372,2912
16,373,2861
16,374,2779
16,375,2697
16,376,2616
16,377,2603
16,378,2757
16,379,2828
16,380,2791
16,381,2704
16,382,2424
16,383,2079
16,384,1828
17,385,1690
17,386,1607
17,387,1578
17,388,1648
17,389,1836
17,390,2160
17,391,2610
17,392,2856
17,393,2954
17,394,3037
17,395,3092
17,396,2908
17,397,2674
17,398,2602
17,399,2526
17,400,2461
17,401,2501
17,402,2750
17,403,2837
17,404,2794
17,405,2720
17,406,2421
17,407,2074
17,408,1825
18,409,1704
18,410,1613
18,411,1602
18,412,1669
18,413,1861
18,414,2198
18,415,2648
18,416,2877
18,417,2981
18,418,3062
18,419,3121
18,420,2936
18,421,2693
18,422,2617
18,423,2550
18,424,2493
18,425,2507
18,426,2719
18,427,2797
18,428,2746
18,429,2680
18,430,2469
18,431,2182
18,432,1950
19,433,1801
19,434,1690
19,435,1636
19,436,1692
19,437,1869
19,438,2209
19,439,2624
19,440,2839
19,441,2943
19,442,3064
19,443,3151
19,444,2982
19,445,2759
19,446,2689
19,447,2610
19,448,2554
19,449,2561
19,450,2759
19,451,2797
19,452,2738
19,453,2659
19,454,2412
19,455,2076
19,456,1816
20,457,1672
20,458,1589
20,459,1555
20,460,1625
20,461,1800
20,462,2123
20,463,2521
20,464,2731
20,465,2869
20,466,2999
20,467,3087
20,468,2931
20,469,2708
20,470,2640
20,471,2555
20,472,2490
20,473,2498
20,474,2660
20,475,2683
20,476,2615
20,477,2535
20,478,2380
20,479,2208
20,480,2052
21,481,1970
21,482,1852
21,483,1770
21,484,1789
21,485,1872
21,486,1997
21,487,2144
21,488,2278
21,489,2513
21,490,2703
21,491,2825
21,492,2670
21,493,2441
21,494,2326
21,495,2248
21,496,2193
21,497,2230
21,498,2470
21,499,2512
21,500,2477
21,501,2415
21,502,2296
21,503,2127
21,504,1935
22,505,1785
22,506,1742
22,507,1792
22,508,1852
22,509,1925
22,510,2035
22,511,2161
22,512,2259
22,513,2401
22,514,2502
22,515,2547
22,516,2618
22,517,2599
22,518,2513
22,519,2450
22,520,2386
22,521,2370
22,522,2526
22,523,2548
22,524,2513
22,525,2464
22,526,2322
22,527,2114
22,528,1921
23,529,1795
23,530,1740
23,531,1740
23,532,1790
23,533,1940
23,534,2201
23,535,2524
23,536,2729
23,537,2816
23,538,2895
23,539,2925
23,540,2993
23,541,2953
23,542,2862
23,543,2782
23,544,2702
23,545,2649
23,546,2738
23,547,2805
23,548,2748
23,549,2656
23,550,2455
23,551,2181
23,552,1932
24,553,1751
24,554,1638
24,555,1592
24,556,1663
24,557,1826
24,558,2168
24,559,2534
24,560,2732
24,561,2869
24,562,2979
24,563,3075
24,564,2909
24,565,2678
24,566,2607
24,567,2514
24,568,2457
24,569,2467
24,570,2686
24,571,2741
24,572,2686
24,573,2620
24,574,2368
24,575,2024
24,576,1728
25,577,1610
25,578,1533
25,579,1504
25,580,1559
25,581,1733
25,582,2052
25,583,2488
25,584,2722
25,585,2841
25,586,2954
25,587,3059
25,588,2911
25,589,2702
25,590,2647
25,591,2594
25,592,2529
25,593,2502
25,594,2659
25,595,2746
25,596,2678
25,597,2594
25,598,2349
25,599,1999
25,600,1733
26,601,1617
26,602,1517
26,603,1486
26,604,1544
26,605,1733
26,606,2056
26,607,2471
26,608,2703
26,609,2842
26,610,2957
26,611,3074
26,612,2929
26,613,2691
26,614,2653
26,615,2591
26,616,2521
26,617,2487
26,618,2628
26,619,2696
26,620,2626
26,621,2554
26,622,2249
26,623,1933
26,624,1684
27,625,1563
27,626,1481
27,627,1448
27,628,1512
27,629,1679
27,630,1950
27,631,2346
27,632,2584
27,633,2737
27,634,2875
27,635,2980
27,636,2823
27,637,2615
27,638,2564
27,639,2492
27,640,2423
27,641,2405
27,642,2537
27,643,2606
27,644,2533
27,645,2455
27,646,2196
27,647,1925
27,648,1719
28,649,1606
28,650,1522
28,651,1487
28,652,1526
28,653,1663
28,654,1878
28,655,2131
28,656,2299
28,657,2499
28,658,2657
28,659,2771
28,660,2625
28,661,2406
28,662,2328
28,663,2261
28,664,2211
28,665,2206
28,666,2393
28,667,2484
28,668,2428
28,669,2360
28,670,2098
28,671,1830
28,672,1602
29,673,1449
29,674,1389
29,675,1410
29,676,1485
29,677,1634
29,678,1855
29,679,2096
29,680,2234
29,681,2325
29,682,2383
29,683,2389
29,684,2470
29,685,2437
29,686,2371
29,687,2317
29,688,2265
29,689,2243
29,690,2393
29,691,2495
29,692,2448
29,693,2371
29,694,2072
29,695,1761
29,696,1530
30,697,1390
30,698,1333
30,699,1374
30,700,1458
30,701,1674
30,702,2025
30,703,2447
30,704,2689
30,705,2752
30,706,2794
30,707,2780
30,708,2877
30,709,2844
30,710,2777
30,711,2693
30,712,2600
30,713,2514
30,714,2609
30,715,2689
30,716,2641
30,717,2547
30,718,2242
30,719,1928
30,720,1685
31,721,1580
31,722,1499
31,723,1470
31,724,1527
31,725,1714
31,726,2020
31,727,2434
31,728,2662
31,729,2794
31,730,2910
31,731,2989
31,732,2855
31,733,2647
31,734,2576
31,735,2518
31,736,2453
31,737,2430
31,738,2595
31,739,2690
31,740,2647
31,741,2561
31,742,2256
31,743,1938
31,744,1685
32,745,1576
32,746,1505
32,747,1484
32,748,1536
32,749,1713
32,750,1996
32,751,2411
32,752,2670
32,753,2796
32,754,2905
32,755,2981
32,756,2850
32,757,2630
32,758,2565
32,759,2500
32,760,2434
32,761,2412
32,762,2571
32,763,2691
32,764,2639
32,765,2567
32,766,2253
32,767,1929
32,768,1702
33,769,1578
33,770,1499
33,771,1474
33,772,1533
33,773,1705
33,774,2019
33,775,2435
33,776,2675
33,777,2798
33,778,2908
33,779,2984
33,780,2854
33,781,2628
33,782,2565
33,783,2502
33,784,2421
33,785,2374
33,786,2527
33,787,2662
33,788,2605
33,789,2539
33,790,2244
33,791,1923
33,792,1699
34,793,1586
34,794,1518
34,795,1490
34,796,1547
34,797,1727
34,798,2025
34,799,2438
34,800,2670
34,801,2793
34,802,2892
34,803,2962
34,804,2818
34,805,2594
34,806,2521
34,807,2453
34,808,2376
34,809,2335
34,810,2468
34,811,2584
34,812,2525
34,813,2458
34,814,2254
34,815,1964
34,816,1732
35,817,1616
35,818,1561
35,819,1551
35,820,1593
35,821,1693
35,822,1891
35,823,2165
35,824,2339
35,825,2529
35,826,2668
35,827,2749
35,828,2596
35,829,2379
35,830,2294
35,831,2234
35,832,2181
35,833,2169
35,834,2348
35,835,2462
35,836,2423
35,837,2358
35,838,2192
35,839,1929
35,840,1640
36,841,1481
36,842,1457
36,843,1555
36,844,1725
36,845,1888
36,846,2058
36,847,2186
36,848,2252
36,849,2360
36,850,2431
36,851,2411
36,852,2464
36,853,2458
36,854,2391
36,855,2338
36,856,2261
36,857,2184
36,858,2282
36,859,2368
36,860,2387
36,861,2337
36,862,2179
36,863,1956
36,864,1759
37,865,1579
37,866,1559
37,867,1546
37,868,1606
37,869,1822
37,870,2085
37,871,2445
37,872,2646
37,873,2728
37,874,2784
37,875,2788
37,876,2829
37,877,2811
37,878,2736
37,879,2651
37,880,2571
37,881,2509
37,882,2597
37,883,2703
37,884,2639
37,885,2548
37,886,2358
37,887,2124
37,888,1931
38,889,1829
38,890,1746
38,891,1710
38,892,1752
38,893,1902
38,894,2111
38,895,2425
38,896,2656
38,897,2819
38,898,2974
38,899,3075
38,900,2925
38,901,2710
38,902,2645
38,903,2571
38,904,2509
38,905,2514
38,906,2658
38,907,2723
38,908,2666
38,909,2568
38,910,2368
38,911,2061
38,912,1779
39,913,1654
39,914,1590
39,915,1573
39,916,1645
39,917,1809
39,918,2062
39,919,2411
39,920,2603
39,921,2730
39,922,2866
39,923,2958
39,924,2827
39,925,2625
39,926,2572
39,927,2516
39,928,2444
39,929,2412
39,930,2524
39,931,2672
39,932,2612
39,933,2537
39,934,2331
39,935,2033
39,936,1831
40,937,1707
40,938,1690
40,939,1708
40,940,1771
40,941,1840
40,942,2017
40,943,2360
40,944,2594
40,945,2723
40,946,2862
40,947,2965
40,948,2861
40,949,2672
40,950,2636
40,951,2588
40,952,2510
40,953,2476
40,954,2556
40,955,2684
40,956,2625
40,957,2536
40,958,2193
40,959,1850
40,960,1582
41,961,1452
41,962,1373
41,963,1337
41,964,1399
41,965,1569
41,966,1877
41,967,2296
41,968,2556
41,969,2708
41,970,2858
41,971,2967
41,972,2856
41,973,2662
41,974,2616
41,975,2550
41,976,2467
41,977,2436
41,978,2520
41,979,2623
41,980,2552
41,981,2472
41,982,2275
41,983,2020
41,984,1749
42,985,1554
42,986,1441
42,987,1401
42,988,1439
42,989,1587
42,990,1819
42,991,2047
42,992,2214
42,993,2436
42,994,2625
42,995,2729
42,996,2592
42,997,2386
42,998,2302
42,999,2223
42,1000,2157
42,1001,2153
42,1002,2327
42,1003,2442
42,1004,2405
42,1005,2331
42,1006,2087
42,1007,1784
42,1008,1537
43,1009,1376
43,1010,1319
43,1011,1350
43,1012,1413
43,1013,1557
43,1014,1768
43,1015,1990
43,1016,2146
43,1017,2271
43,1018,2366
43,1019,2373
43,1020,2434
43,1021,2405
43,1022,2334
43,1023,2278
43,1024,2240
43,1025,2219
43,1026,2339
43,1027,2468
43,1028,2438
43,1029,2357
43,1030,2178
43,1031,1949
43,1032,1684
44,1033,1490
44,1034,1433
44,1035,1501
44,1036,1669
44,1037,1896
44,1038,2132
44,1039,2393
44,1040,2573
44,1041,2691
44,1042,2801
44,1043,2835
44,1044,2896
44,1045,2858
44,1046,2771
44,1047,2690
44,1048,2598
44,1049,2529
44,1050,2569
44,1051,2731
44,1052,2697
44,1053,2619
44,1054,2327
44,1055,1964
44,1056,1687
45,1057,1532
45,1058,1449
45,1059,1447
45,1060,1513
45,1061,1668
45,1062,1986
45,1063,2422
45,1064,2691
45,1065,2811
45,1066,2920
45,1067,2980
45,1068,2838
45,1069,2616
45,1070,2547
45,1071,2474
45,1072,2409
45,1073,2389
45,1074,2500
45,1075,2687
45,1076,2649
45,1077,2580
45,1078,2394
45,1079,2160
45,1080,1942
46,1081,1821
46,1082,1749
46,1083,1731
46,1084,1784
46,1085,1913
46,1086,2108
46,1087,2443
46,1088,2695
46,1089,2825
46,1090,2956
46,1091,3037
46,1092,2890
46,1093,2685
46,1094,2614
46,1095,2551
46,1096,2492
46,1097,2486
46,1098,2607
46,1099,2774
46,1100,2738
46,1101,2663
46,1102,2498
46,1103,2256
46,1104,2030
47,1105,1937
47,1106,1891
47,1107,1864
47,1108,1884
47,1109,1990
47,1110,2203
47,1111,2508
47,1112,2711
47,1113,2837
47,1114,2928
47,1115,2978
47,1116,2835
47,1117,2597
47,1118,2532
47,1119,2467
47,1120,2396
47,1121,2382
47,1122,2479
47,1123,2664
47,1124,2635
47,1125,2566
47,1126,2398
47,1127,2172
47,1128,1939
48,1129,1848
48,1130,1731
48,1131,1657
48,1132,1659
48,1133,1793
48,1134,2063
48,1135,2391
48,1136,2609
48,1137,2744
48,1138,2859
48,1139,2924
48,1140,2796
48,1141,2588
48,1142,2519
48,1143,2433
48,1144,2373
48,1145,2335
48,1146,2430
48,1147,2589
48,1148,2534
48,1149,2458
48,1150,2204
48,1151,1900
48,1152,1646
49,1153,1509
49,1154,1433
49,1155,1393
49,1156,1430
49,1157,1552
49,1158,1758
49,1159,2011
49,1160,2237
49,1161,2442
49,1162,2616
49,1163,2696
49,1164,2537
49,1165,2312
49,1166,2220
49,1167,2148
49,1168,2092
49,1169,2095
49,1170,2269
49,1171,2414
49,1172,2397
49,1173,2318
49,1174,2042
49,1175,1754
49,1176,1517
50,1177,1356
50,1178,1306
50,1179,1321
50,1180,1389
50,1181,1526
50,1182,1722
50,1183,1952
50,1184,2136
50,1185,2272
50,1186,2360
50,1187,2354
50,1188,2409
50,1189,2377
50,1190,2286
50,1191,2208
50,1192,2137
50,1193,2105
50,1194,2213
50,1195,2405
50,1196,2384
50,1197,2313
50,1198,2072
50,1199,1785
50,1200,1549
51,1201,1401
51,1202,1360
51,1203,1409
51,1204,1515
51,1205,1696
51,1206,1949
51,1207,2199
51,1208,2374
51,1209,2526
51,1210,2636
51,1211,2653
51,1212,2723
51,1213,2697
51,1214,2596
51,1215,2512
51,1216,2414
51,1217,2350
51,1218,2407
51,1219,2616
51,1220,2584
51,1221,2508
51,1222,2282
51,1223,1981
51,1224,1734
52,1225,1676
52,1226,1708
52,1227,1729
52,1228,1791
52,1229,1912
52,1230,2134
52,1231,2410
52,1232,2591
52,1233,2741
52,1234,2868
52,1235,2938
52,1236,2825
52,1237,2620
52,1238,2562
52,1239,2497
52,1240,2431
52,1241,2394
52,1242,2483
52,1243,2669
52,1244,2626
52,1245,2539
52,1246,2369
52,1247,2138
52,1248,1920
53,1249,1876
53,1250,1806
53,1251,1745
53,1252,1702
53,1253,1849
53,1254,2044
53,1255,2352
53,1256,2569
53,1257,2718
53,1258,2864
53,1259,2963
53,1260,2863
53,1261,2681
53,1262,2637
53,1263,2589
53,1264,2514
53,1265,2472
53,1266,2504
53,1267,2664
53,1268,2616
53,1269,2530
53,1270,2336
53,1271,2069
53,1272,1813
54,1273,1668
54,1274,1636
54,1275,1615
54,1276,1668
54,1277,1762
54,1278,1939
54,1279,2279
54,1280,2539
54,1281,2702
54,1282,2854
54,1283,2949
54,1284,2868
54,1285,2696
54,1286,2656
54,1287,2611
54,1288,2538
54,1289,2492
54,1290,2514
54,1291,2678
54,1292,2634
54,1293,2537
54,1294,2281
54,1295,1997
54,1296,1775
55,1297,1659
55,1298,1608
55,1299,1592
55,1300,1559
55,1301,1803
55,1302,2037
55,1303,2304
55,1304,2511
55,1305,2686
55,1306,2845
55,1307,2950
55,1308,2860
55,1309,2672
55,1310,2621
55,1311,2563
55,1312,2480
55,1313,2429
55,1314,2444
55,1315,2588
55,1316,2527
55,1317,2443
55,1318,2234
55,1319,1983
55,1320,1622
56,1321,1464
56,1322,1377
56,1323,1326
56,1324,1356
56,1325,1489
56,1326,1720
56,1327,1935
56,1328,2174
56,1329,2391
56,1330,2559
56,1331,2657
56,1332,2540
56,1333,2346
56,1334,2270
56,1335,2214
56,1336,2147
56,1337,2151
56,1338,2269
56,1339,2436
56,1340,2416
56,1341,2332
56,1342,2065
56,1343,1773
56,1344,1655
57,1345,1462
57,1346,1344
57,1347,1380
57,1348,1453
57,1349,1587
57,1350,1824
57,1351,1991
57,1352,2124
57,1353,2243
57,1354,2332
57,1355,2323
57,1356,2417
57,1357,2399
57,1358,2326
57,1359,2267
57,1360,2204
57,1361,2178
57,1362,2253
57,1363,2442
57,1364,2429
57,1365,2351
57,1366,2165
57,1367,1905
57,1368,1677
58,1369,1636
58,1370,1583
58,1371,1384
58,1372,1477
58,1373,1839
58,1374,2110
58,1375,2376
58,1376,2594
58,1377,2697
58,1378,2769
58,1379,2769
58,1380,2840
58,1381,2823
58,1382,2747
58,1383,2679
58,1384,2599
58,1385,2548
58,1386,2565
58,1387,2755
58,1388,2733
58,1389,2645
58,1390,2406
58,1391,2105
58,1392,1811
59,1393,1628
59,1394,1560
59,1395,1577
59,1396,1765
59,1397,1930
59,1398,2153
59,1399,2474
59,1400,2705
59,1401,2833
59,1402,2952
59,1403,3008
59,1404,2892
59,1405,2668
59,1406,2589
59,1407,2522
59,1408,2442
59,1409,2439
59,1410,2543
59,1411,2745
59,1412,2719
59,1413,2613
59,1414,2333
59,1415,2001
59,1416,1754
60,1417,1668
60,1418,1614
60,1419,1592
60,1420,1644
60,1421,1836
60,1422,2168
60,1423,2489
60,1424,2701
60,1425,2866
60,1426,3002
60,1427,3112
60,1428,2976
60,1429,2721
60,1430,2626
60,1431,2540
60,1432,2459
60,1433,2418
60,1434,2469
60,1435,2678
60,1436,2680
60,1437,2588
60,1438,2351
60,1439,2072
60,1440,1873
61,1441,1783
61,1442,1779
61,1443,1788
61,1444,1885
61,1445,2050
61,1446,2291
61,1447,2537
61,1448,2721
61,1449,2875
61,1450,3003
61,1451,3099
61,1452,2927
61,1453,2669
61,1454,2576
61,1455,2502
61,1456,2409
61,1457,2373
61,1458,2402
61,1459,2594
61,1460,2570
61,1461,2493
61,1462,2326
61,1463,2045
61,1464,1755
62,1465,1621
62,1466,1559
62,1467,1551
62,1468,1600
62,1469,1731
62,1470,1963
62,1471,2173
62,1472,2350
62,1473,2548
62,1474,2715
62,1475,2820
62,1476,2652
62,1477,2407
62,1478,2311
62,1479,2240
62,1480,2182
62,1481,2166
62,1482,2219
62,1483,2415
62,1484,2396
62,1485,2331
62,1486,2183
62,1487,2025
62,1488,1940
63,1489,1864
63,1490,1723
63,1491,1592
63,1492,1568
63,1493,1646
63,1494,1813
63,1495,2007
63,1496,2203
63,1497,2381
63,1498,2565
63,1499,2687
63,1500,2553
63,1501,2348
63,1502,2290
63,1503,2255
63,1504,2215
63,1505,2219
63,1506,2331
63,1507,2491
63,1508,2480
63,1509,2357
63,1510,2043
63,1511,1741
63,1512,1495
64,1513,1391
64,1514,1349
64,1515,1386
64,1516,1486
64,1517,1679
64,1518,2019
64,1519,2354
64,1520,2639
64,1521,2763
64,1522,2834
64,1523,2852
64,1524,2965
64,1525,2950
64,1526,2890
64,1527,2821
64,1528,2721
64,1529,2621
64,1530,2581
64,1531,2718
64,1532,2704
64,1533,2559
64,1534,2230
64,1535,1866
64,1536,1576
65,1537,1456
65,1538,1400
65,1539,1418
65,1540,1515
65,1541,1721
65,1542,2018
65,1543,2373
65,1544,2645
65,1545,2747
65,1546,2833
65,1547,2855
65,1548,2948
65,1549,2929
65,1550,2853
65,1551,2750
65,1552,2655
65,1553,2550
65,1554,2510
65,1555,2722
65,1556,2717
65,1557,2617
65,1558,2297
65,1559,1959
65,1560,1719
66,1561,1603
66,1562,1534
66,1563,1520
66,1564,1590
66,1565,1779
66,1566,2088
66,1567,2429
66,1568,2743
66,1569,2888
66,1570,3016
66,1571,3100
66,1572,2930
66,1573,2664
66,1574,2586
66,1575,2509
66,1576,2429
66,1577,2411
66,1578,2455
66,1579,2685
66,1580,2695
66,1581,2596
66,1582,2291
66,1583,1968
66,1584,1746
67,1585,1657
67,1586,1598
67,1587,1551
67,1588,1622
67,1589,1803
67,1590,2102
67,1591,2453
67,1592,2729
67,1593,2865
67,1594,3001
67,1595,3096
67,1596,2941
67,1597,2696
67,1598,2631
67,1599,2577
67,1600,2495
67,1601,2458
67,1602,2464
67,1603,2647
67,1604,2646
67,1605,2565
67,1606,2341
67,1607,2028
67,1608,1740
68,1609,1640
68,1610,1591
68,1611,1553
68,1612,1602
68,1613,1751
68,1614,2024
68,1615,2331
68,1616,2639
68,1617,2826
68,1618,2998
68,1619,3118
68,1620,2979
68,1621,2755
68,1622,2704
68,1623,2647
68,1624,2567
68,1625,2512
68,1626,2484
68,1627,2619
68,1628,2581
68,1629,2460
68,1630,2165
68,1631,1868
68,1632,1643
69,1633,1545
69,1634,1482
69,1635,1433
69,1636,1483
69,1637,1619
69,1638,1797
69,1639,1983
69,1640,2265
69,1641,2497
69,1642,2707
69,1643,2822
69,1644,2657
69,1645,2415
69,1646,2333
69,1647,2265
69,1648,2204
69,1649,2181
69,1650,2226
69,1651,2413
69,1652,2399
69,1653,2310
69,1654,2050
69,1655,1778
69,1656,1609
70,1657,1596
70,1658,1559
70,1659,1363
70,1660,1584
70,1661,1674
70,1662,1802
70,1663,1944
70,1664,2145
70,1665,2329
70,1666,2523
70,1667,2656
70,1668,2516
70,1669,2300
70,1670,2227
70,1671,2157
70,1672,2101
70,1673,2090
70,1674,2145
70,1675,2195
70,1676,2377
70,1677,2376
70,1678,2155
70,1679,1804
70,1680,1533
71,1681,1394
71,1682,1366
71,1683,1383
71,1684,1459
71,1685,1658
71,1686,1949
71,1687,2344
71,1688,2663
71,1689,2749
71,1690,2814
71,1691,2805
71,1692,2901
71,1693,2865
71,1694,2797
71,1695,2713
71,1696,2622
71,1697,2516
71,1698,2420
71,1699,2411
71,1700,2612
71,1701,2557
71,1702,2279
71,1703,1943
71,1704,1644
72,1705,1505
72,1706,1428
72,1707,1454
72,1708,1531
72,1709,1721
72,1710,2029
72,1711,2421
72,1712,2729
72,1713,2803
72,1714,2877
72,1715,2886
72,1716,2965
72,1717,2950
72,1718,2874
72,1719,2792
72,1720,2690
72,1721,2580
72,1722,2455
72,1723,2508
72,1724,2673
72,1725,2635
72,1726,2390
72,1727,2085
72,1728,1817
73,1729,1680
73,1730,1615
73,1731,1592
73,1732,1637
73,1733,1757
73,1734,2008
73,1735,2379
73,1736,2714
73,1737,2889
73,1738,3066
73,1739,3162
73,1740,2985
73,1741,2784
73,1742,2719
73,1743,2649
73,1744,2577
73,1745,2507
73,1746,2473
73,1747,2490
73,1748,2643
73,1749,2612
73,1750,2378
73,1751,2067
73,1752,1767
74,1753,1644
74,1754,1545
74,1755,1503
74,1756,1568
74,1757,1713
74,1758,1985
74,1759,2374
74,1760,2702
74,1761,2888
74,1762,3073
74,1763,3176
74,1764,2982
74,1765,2771
74,1766,2721
74,1767,2648
74,1768,2564
74,1769,2501
74,1770,2455
74,1771,2455
74,1772,2614
74,1773,2555
74,1774,2301
74,1775,1975
74,1776,1762
75,1777,1641
75,1778,1528
75,1779,1482
75,1780,1531
75,1781,1678
75,1782,1929
75,1783,2305
75,1784,2645
75,1785,2856
75,1786,3063
75,1787,3183
75,1788,3010
75,1789,2788
75,1790,2707
75,1791,2631
75,1792,2548
75,1793,2476
75,1794,2435
75,1795,2443
75,1796,2552
75,1797,2484
75,1798,2240
75,1799,1998
75,1800,1767
76,1801,1626
76,1802,1529
76,1803,1473
76,1804,1508
76,1805,1627
76,1806,1817
76,1807,2055
76,1808,2314
76,1809,2559
76,1810,2801
76,1811,2932
76,1812,2784
76,1813,2564
76,1814,2467
76,1815,2387
76,1816,2294
76,1817,2233
76,1818,2217
76,1819,2254
76,1820,2393
76,1821,2345
76,1822,2133
76,1823,1910
76,1824,1707
77,1825,1580
77,1826,1490
77,1827,1447
77,1828,1479
77,1829,1609
77,1830,1782
77,1831,2000
77,1832,2221
77,1833,2436
77,1834,2630
77,1835,2722
77,1836,2574
77,1837,2357
77,1838,2272
77,1839,2200
77,1840,2141
77,1841,2107
77,1842,2177
77,1843,2237
77,1844,2451
77,1845,2468
77,1846,2303
77,1847,2078
77,1848,1830
78,1849,1656
78,1850,1575
78,1851,1633
78,1852,1736
78,1853,1916
78,1854,2131
78,1855,2474
78,1856,2770
78,1857,2859
78,1858,2905
78,1859,2859
78,1860,2908
78,1861,2860
78,1862,2771
78,1863,2656
78,1864,2539
78,1865,2428
78,1866,2350
78,1867,2373
78,1868,2581
78,1869,2555
78,1870,2274
78,1871,1948
78,1872,1679
79,1873,1507
79,1874,1445
79,1875,1463
79,1876,1538
79,1877,1722
79,1878,2047
79,1879,2471
79,1880,2753
79,1881,2840
79,1882,2869
79,1883,2836
79,1884,2901
79,1885,2875
79,1886,2794
79,1887,2688
79,1888,2577
79,1889,2452
79,1890,2325
79,1891,2341
79,1892,2528
79,1893,2534
79,1894,2351
79,1895,2057
79,1896,1777
80,1897,1648
80,1898,1549
80,1899,1584
80,1900,1625
80,1901,1771
80,1902,2018
80,1903,2366
80,1904,2657
80,1905,2819
80,1906,2957
80,1907,3036
80,1908,2895
80,1909,2705
80,1910,2646
80,1911,2591
80,1912,2520
80,1913,2448
80,1914,2385
80,1915,2393
80,1916,2542
80,1917,2532
80,1918,2264
80,1919,1982
80,1920,1779
81,1921,1605
81,1922,1464
81,1923,1390
81,1924,1440
81,1925,1595
81,1926,1854
81,1927,2240
81,1928,2563
81,1929,2753
81,1930,2904
81,1931,3013
81,1932,2875
81,1933,2675
81,1934,2632
81,1935,2568
81,1936,2491
81,1937,2436
81,1938,2374
81,1939,2380
81,1940,2528
81,1941,2506
81,1942,2225
81,1943,1890
81,1944,1636
82,1945,1534
82,1946,1448
82,1947,1414
82,1948,1460
82,1949,1613
82,1950,1888
82,1951,2274
82,1952,2594
82,1953,2797
82,1954,2962
82,1955,3052
82,1956,2883
82,1957,2651
82,1958,2576
82,1959,2520
82,1960,2438
82,1961,2373
82,1962,2320
82,1963,2315
82,1964,2470
82,1965,2430
82,1966,2174
82,1967,1893
82,1968,1666
83,1969,1542
83,1970,1444
83,1971,1401
83,1972,1453
83,1973,1589
83,1974,1793
83,1975,2013
83,1976,2251
83,1977,2515
83,1978,2746
83,1979,2852
83,1980,2685
83,1981,2457
83,1982,2381
83,1983,2310
83,1984,2241
83,1985,2207
83,1986,2189
83,1987,2213
83,1988,2363
83,1989,2325
83,1990,2088
83,1991,1833
83,1992,1643
84,1993,1540
84,1994,1417
84,1995,1386
84,1996,1432
84,1997,1548
84,1998,1711
84,1999,1911
84,2000,2133
84,2001,2365
84,2002,2554
84,2003,2666
84,2004,2527
84,2005,2356
84,2006,2303
84,2007,2231
84,2008,2180
84,2009,2179
84,2010,2220
84,2011,2227
84,2012,2388
84,2013,2362
84,2014,2099
84,2015,1795
84,2016,1555
85,2017,1404
85,2018,1337
85,2019,1368
85,2020,1462
85,2021,1658
85,2022,1958
85,2023,2357
85,2024,2654
85,2025,2763
85,2026,2823
85,2027,2812
85,2028,2885
85,2029,2863
85,2030,2778
85,2031,2674
85,2032,2572
85,2033,2467
85,2034,2385
85,2035,2367
85,2036,2554
85,2037,2517
85,2038,2223
85,2039,1885
85,2040,1609
86,2041,1467
86,2042,1396
86,2043,1422
86,2044,1506
86,2045,1691
86,2046,1980
86,2047,2365
86,2048,2651
86,2049,2762
86,2050,2829
86,2051,2833
86,2052,2907
86,2053,2915
86,2054,2858
86,2055,2765
86,2056,2664
86,2057,2553
86,2058,2433
86,2059,2442
86,2060,2596
86,2061,2542
86,2062,2270
86,2063,1942
86,2064,1689
87,2065,1613
87,2066,1529
87,2067,1491
87,2068,1539
87,2069,1703
87,2070,1971
87,2071,2331
87,2072,2641
87,2073,2828
87,2074,2982
87,2075,3075
87,2076,2909
87,2077,2694
87,2078,2635
87,2079,2571
87,2080,2501
87,2081,2441
87,2082,2409
87,2083,2410
87,2084,2538
87,2085,2518
87,2086,2266
87,2087,1961
87,2088,1753
88,2089,1633
88,2090,1551
88,2091,1504
88,2092,1553
88,2093,1712
88,2094,1987
88,2095,2327
88,2096,2627
88,2097,2825
88,2098,3011
88,2099,3118
88,2100,2948
88,2101,2757
88,2102,2715
88,2103,2651
88,2104,2560
88,2105,2508
88,2106,2439
88,2107,2433
88,2108,2574
88,2109,2535
88,2110,2275
88,2111,1953
88,2112,1695
89,2113,1613
89,2114,1538
89,2115,1496
89,2116,1549
89,2117,1704
89,2118,1927
89,2119,2237
89,2120,2564
89,2121,2801
89,2122,2988
89,2123,3102
89,2124,2920
89,2125,2712
89,2126,2671
89,2127,2604
89,2128,2525
89,2129,2469
89,2130,2402
89,2131,2384
89,2132,2489
89,2133,2476
89,2134,2232
89,2135,1966
89,2136,1751
90,2137,1629
90,2138,1516
90,2139,1460
90,2140,1492
90,2141,1615
90,2142,1798
90,2143,1996
90,2144,2238
90,2145,2492
90,2146,2732
90,2147,2858
90,2148,2701
90,2149,2511
90,2150,2453
90,2151,2378
90,2152,2283
90,2153,2251
90,2154,2208
90,2155,2225
90,2156,2359
90,2157,2339
90,2158,2107
90,2159,1860
90,2160,1697
91,2161,1597
91,2162,1516
91,2163,1465
91,2164,1497
91,2165,1607
91,2166,1773
91,2167,1925
91,2168,2123
91,2169,2365
91,2170,2524
91,2171,2601
91,2172,2434
91,2173,2244
91,2174,2167
91,2175,2114
91,2176,2062
91,2177,2050
91,2178,2105
91,2179,2118
91,2180,2297
91,2181,2327
91,2182,2108
91,2183,1852
91,2184,1590
92,2185,1467
92,2186,1391
92,2187,1451
92,2188,1561
92,2189,1758
92,2190,2044
92,2191,2393
92,2192,2646
92,2193,2758
92,2194,2840
92,2195,2841
92,2196,2894
92,2197,2891
92,2198,2817
92,2199,2722
92,2200,2627
92,2201,2527
92,2202,2436
92,2203,2391
92,2204,2547
92,2205,2518
92,2206,2232
92,2207,1902
92,2208,1614
93,2209,1471
93,2210,1400
93,2211,1459
93,2212,1543
93,2213,1724
93,2214,1984
93,2215,2299
93,2216,2588
93,2217,2716
93,2218,2809
93,2219,2823
93,2220,2902
93,2221,2917
93,2222,2851
93,2223,2773
93,2224,2685
93,2225,2578
93,2226,2437
93,2227,2427
93,2228,2548
93,2229,2521
93,2230,2258
93,2231,1940
93,2232,1705
94,2233,1609
94,2234,1534
94,2235,1491
94,2236,1550
94,2237,1702
94,2238,1954
94,2239,2274
94,2240,2577
94,2241,2829
94,2242,3023
94,2243,3137
94,2244,2964
94,2245,2755
94,2246,2706
94,2247,2638
94,2248,2561
94,2249,2506
94,2250,2454
94,2251,2429
94,2252,2557
94,2253,2549
94,2254,2284
94,2255,1979
94,2256,1767
95,2257,1684
95,2258,1597
95,2259,1537
95,2260,1591
95,2261,1760
95,2262,2014
95,2263,2313
95,2264,2632
95,2265,2869
95,2266,3041
95,2267,3133
95,2268,2950
95,2269,2721
95,2270,2661
95,2271,2589
95,2272,2505
95,2273,2453
95,2274,2385
95,2275,2379
95,2276,2502
95,2277,2501
95,2278,2268
95,2279,1974
95,2280,1765
96,2281,1683
96,2282,1591
96,2283,1557
96,2284,1606
96,2285,1773
96,2286,2041
96,2287,2354
96,2288,2595
96,2289,2828
96,2290,2976
96,2291,3038
96,2292,2853
96,2293,2610
96,2294,2531
96,2295,2458
96,2296,2370
96,2297,2333
96,2298,2289
96,2299,2274
96,2300,2392
96,2301,2396
96,2302,2178
96,2303,1918
96,2304,1699
97,2305,1585
97,2306,1495
97,2307,1476
97,2308,1501
97,2309,1650
97,2310,1846
97,2311,2037
97,2312,2256
97,2313,2495
97,2314,2692
97,2315,2798
97,2316,2656
97,2317,2442
97,2318,2369
97,2319,2306
97,2320,2242
97,2321,2218
97,2322,2203
97,2323,2206
97,2324,2338
97,2325,2363
97,2326,2135
97,2327,1879
97,2328,1655
98,2329,1526
98,2330,1448
98,2331,1393
98,2332,1422
98,2333,1536
98,2334,1698
98,2335,1879
98,2336,2084
98,2337,2337
98,2338,2521
98,2339,2592
98,2340,2483
98,2341,2303
98,2342,2257
98,2343,2205
98,2344,2152
98,2345,2137
98,2346,2154
98,2347,2133
98,2348,2277
98,2349,2296
98,2350,2058
98,2351,1790
98,2352,1542
99,2353,1432
99,2354,1380
99,2355,1420
99,2356,1512
99,2357,1699
99,2358,1971
99,2359,2281
99,2360,2561
99,2361,2739
99,2362,2856
99,2363,2885
99,2364,2992
99,2365,3010
99,2366,2966
99,2367,2883
99,2368,2795
99,2369,2680
99,2370,2573
99,2371,2486
99,2372,2594
99,2373,2632
99,2374,2414
99,2375,2119
99,2376,1872
100,2377,1785
100,2378,1740
100,2379,1749
100,2380,1818
100,2381,1996
100,2382,2240
100,2383,2451
100,2384,2643
100,2385,2771
100,2386,2901
100,2387,2924
100,2388,3013
100,2389,3012
100,2390,2967
100,2391,2868
100,2392,2754
100,2393,2657
100,2394,2520
100,2395,2498
100,2396,2597
100,2397,2564
100,2398,2285
100,2399,1961
100,2400,1697
101,2401,1615
101,2402,1553
101,2403,1518
101,2404,1562
101,2405,1733
101,2406,1976
101,2407,2274
101,2408,2597
101,2409,2838
101,2410,3023
101,2411,3125
101,2412,2963
101,2413,2743
101,2414,2666
101,2415,2578
101,2416,2482
101,2417,2422
101,2418,2374
101,2419,2378
101,2420,2501
101,2421,2506
101,2422,2258
101,2423,1988
101,2424,1760
102,2425,1656
102,2426,1564
102,2427,1517
102,2428,1553
102,2429,1702
102,2430,1969
102,2431,2305
102,2432,2575
102,2433,2827
102,2434,3015
102,2435,3106
102,2436,2929
102,2437,2683
102,2438,2595
102,2439,2528
102,2440,2458
102,2441,2424
102,2442,2395
102,2443,2409
102,2444,2551
102,2445,2522
102,2446,2294
102,2447,2010
102,2448,1742
103,2449,1634
103,2450,1588
103,2451,1664
103,2452,1800
103,2453,1925
103,2454,2135
103,2455,2368
103,2456,2574
103,2457,2797
103,2458,2982
103,2459,3092
103,2460,2936
103,2461,2720
103,2462,2647
103,2463,2571
103,2464,2487
103,2465,2409
103,2466,2355
103,2467,2343
103,2468,2441
103,2469,2470
103,2470,2312
103,2471,2116
103,2472,1924
104,2473,1767
104,2474,1681
104,2475,1637
104,2476,1626
104,2477,1750
104,2478,1907
104,2479,2013
104,2480,2271
104,2481,2533
104,2482,2718
104,2483,2818
104,2484,2632
104,2485,2394
104,2486,2273
104,2487,2195
104,2488,2123
104,2489,2084
104,2490,2069
104,2491,2101
104,2492,2237
104,2493,2276
104,2494,2060
104,2495,1828
104,2496,1658
105,2497,1577
105,2498,1512
105,2499,1462
105,2500,1494
105,2501,1593
105,2502,1751
105,2503,1898
105,2504,2133
105,2505,2408
105,2506,2606
105,2507,2700
105,2508,2526
105,2509,2277
105,2510,2211
105,2511,2153
105,2512,2099
105,2513,2099
105,2514,2139
105,2515,2142
105,2516,2278
105,2517,2279
105,2518,2047
105,2519,1769
105,2520,1529
106,2521,1393
106,2522,1344
106,2523,1387
106,2524,1488
106,2525,1661
106,2526,1964
106,2527,2266
106,2528,2560
106,2529,2699
106,2530,2784
106,2531,2795
106,2532,2870
106,2533,2886
106,2534,2829
106,2535,2767
106,2536,2715
106,2537,2628
106,2538,2532
106,2539,2456
106,2540,2570
106,2541,2554
106,2542,2271
106,2543,1933
106,2544,1652
107,2545,1511
107,2546,1448
107,2547,1458
107,2548,1547
107,2549,1711
107,2550,1998
107,2551,2297
107,2552,2607
107,2553,2761
107,2554,2872
107,2555,2923
107,2556,3030
107,2557,3042
107,2558,2992
107,2559,2921
107,2560,2850
107,2561,2743
107,2562,2587
107,2563,2542
107,2564,2613
107,2565,2618
107,2566,2345
107,2567,2028
107,2568,1789
108,2569,1650
108,2570,1575
108,2571,1526
108,2572,1572
108,2573,1717
108,2574,1964
108,2575,2252
108,2576,2573
108,2577,2847
108,2578,3053
108,2579,3214
108,2580,3079
108,2581,2891
108,2582,2885
108,2583,2831
108,2584,2766
108,2585,2716
108,2586,2655
108,2587,2589
108,2588,2636
108,2589,2639
108,2590,2374
108,2591,2063
108,2592,1800
109,2593,1705
109,2594,1598
109,2595,1553
109,2596,1604
109,2597,1751
109,2598,2011
109,2599,2295
109,2600,2625
109,2601,2878
109,2602,3094
109,2603,3245
109,2604,3121
109,2605,2950
109,2606,2950
109,2607,2912
109,2608,2870
109,2609,2841
109,2610,2768
109,2611,2685
109,2612,2717
109,2613,2713
109,2614,2459
109,2615,2138
109,2616,1870
110,2617,1741
110,2618,1629
110,2619,1563
110,2620,1589
110,2621,1736
110,2622,1986
110,2623,2277
110,2624,2595
110,2625,2893
110,2626,3161
110,2627,3361
110,2628,3289
110,2629,3160
110,2630,3171
110,2631,3163
110,2632,3141
110,2633,3103
110,2634,3019
110,2635,2915
110,2636,2859
110,2637,2803
110,2638,2554
110,2639,2251
110,2640,1987
111,2641,1825
111,2642,1699
111,2643,1610
111,2644,1630
111,2645,1730
111,2646,1888
111,2647,2026
111,2648,2310
111,2649,2649
111,2650,2949
111,2651,3156
111,2652,3096
111,2653,2971
111,2654,2993
111,2655,2995
111,2656,2993
111,2657,2992
111,2658,2942
111,2659,2878
111,2660,2849
111,2661,2781
111,2662,2526
111,2663,2214
111,2664,1951
112,2665,1809
112,2666,1705
112,2667,1615
112,2668,1627
112,2669,1716
112,2670,1861
112,2671,1969
112,2672,2224
112,2673,2541
112,2674,2815
112,2675,3020
112,2676,2955
112,2677,2841
112,2678,2853
112,2679,2870
112,2680,2870
112,2681,2871
112,2682,2901
112,2683,2812
112,2684,2802
112,2685,2756
112,2686,2543
112,2687,2286
112,2688,1984
113,2689,1718
113,2690,1597
113,2691,1594
113,2692,1646
113,2693,1818
113,2694,2100
113,2695,2383
113,2696,2686
113,2697,2867
113,2698,3012
113,2699,3064
113,2700,3173
113,2701,3204
113,2702,3170
113,2703,3098
113,2704,3003
113,2705,2897
113,2706,2766
113,2707,2655
113,2708,2683
113,2709,2672
113,2710,2429
113,2711,2116
113,2712,1780
114,2713,1554
114,2714,1506
114,2715,1527
114,2716,1589
114,2717,1728
114,2718,1999
114,2719,2287
114,2720,2584
114,2721,2751
114,2722,2872
114,2723,2936
114,2724,3029
114,2725,3082
114,2726,3059
114,2727,3002
114,2728,2924
114,2729,2819
114,2730,2649
114,2731,2596
114,2732,2661
114,2733,2673
114,2734,2399
114,2735,2062
114,2736,1795
115,2737,1667
115,2738,1595
115,2739,1559
115,2740,1582
115,2741,1718
115,2742,1992
115,2743,2284
115,2744,2631
115,2745,2917
115,2746,3141
115,2747,3262
115,2748,3144
115,2749,2981
115,2750,2965
115,2751,2907
115,2752,2836
115,2753,2767
115,2754,2671
115,2755,2631
115,2756,2678
115,2757,2650
115,2758,2367
115,2759,2037
115,2760,1802
116,2761,1699
116,2762,1607
116,2763,1554
116,2764,1584
116,2765,1752
116,2766,2000
116,2767,2275
116,2768,2601
116,2769,2871
116,2770,3071
116,2771,3197
116,2772,3032
116,2773,2802
116,2774,2765
116,2775,2679
116,2776,2604
116,2777,2550
116,2778,2487
116,2779,2438
116,2780,2517
116,2781,2605
116,2782,2415
116,2783,2109
116,2784,1843
117,2785,1790
117,2786,1842
117,2787,1858
117,2788,1870
117,2789,1958
117,2790,2129
117,2791,2281
117,2792,2582
117,2793,2856
117,2794,3065
117,2795,3202
117,2796,3032
117,2797,2824
117,2798,2796
117,2799,2744
117,2800,2676
117,2801,2637
117,2802,2570
117,2803,2503
117,2804,2528
117,2805,2577
117,2806,2362
117,2807,2111
117,2808,1874
118,2809,1728
118,2810,1616
118,2811,1556
118,2812,1581
118,2813,1703
118,2814,1877
118,2815,2033
118,2816,2308
118,2817,2624
118,2818,2884
118,2819,3045
118,2820,2909
118,2821,2729
118,2822,2674
118,2823,2622
118,2824,2577
118,2825,2578
118,2826,2547
118,2827,2524
118,2828,2528
118,2829,2524
118,2830,2299
118,2831,2034
118,2832,1803
119,2833,1696
119,2834,1599
119,2835,1531
119,2836,1554
119,2837,1660
119,2838,1801
119,2839,1923
119,2840,2160
119,2841,2466
119,2842,2723
119,2843,2857
119,2844,2754
119,2845,2594
119,2846,2593
119,2847,2586
119,2848,2574
119,2849,2576
119,2850,2615
119,2851,2564
119,2852,2583
119,2853,2569
119,2854,2306
119,2855,1982
119,2856,1696
120,2857,1546
120,2858,1505
120,2859,1519
120,2860,1590
120,2861,1770
120,2862,2089
120,2863,2352
120,2864,2633
120,2865,2841
120,2866,2989
120,2867,3080
120,2868,3210
120,2869,3265
120,2870,3258
120,2871,3204
120,2872,3141
120,2873,3031
120,2874,2919
120,2875,2803
120,2876,2817
120,2877,2827
120,2878,2594
120,2879,2284
120,2880,2015
121,2881,1913
121,2882,1843
121,2883,1855
121,2884,1851
121,2885,1931
121,2886,2144
121,2887,2400
121,2888,2709
121,2889,2883
121,2890,3008
121,2891,3052
121,2892,3150
121,2893,3167
121,2894,3123
121,2895,3042
121,2896,2943
121,2897,2823
121,2898,2650
121,2899,2619
121,2900,2658
121,2901,2664
121,2902,2424
121,2903,2118
121,2904,1910
122,2905,1850
122,2906,1755
122,2907,1738
122,2908,1775
122,2909,1856
122,2910,2067
122,2911,2327
122,2912,2658
122,2913,2947
122,2914,3172
122,2915,3323
122,2916,3140
122,2917,2906
122,2918,2871
122,2919,2814
122,2920,2732
122,2921,2681
122,2922,2628
122,2923,2586
122,2924,2634
122,2925,2645
122,2926,2397
122,2927,2080
122,2928,1830
123,2929,1727
123,2930,1662
123,2931,1613
123,2932,1654
123,2933,1843
123,2934,2172
123,2935,2388
123,2936,2640
123,2937,2910
123,2938,3117
123,2939,3231
123,2940,3077
123,2941,2887
123,2942,2865
123,2943,2819
123,2944,2764
123,2945,2727
123,2946,2667
123,2947,2621
123,2948,2648
123,2949,2669
123,2950,2419
123,2951,2117
123,2952,1886
124,2953,1760
124,2954,1654
124,2955,1628
124,2956,1676
124,2957,1794
124,2958,2029
124,2959,2300
124,2960,2635
124,2961,2908
124,2962,3118
124,2963,3227
124,2964,3075
124,2965,2873
124,2966,2861
124,2967,2825
124,2968,2778
124,2969,2719
124,2970,2638
124,2971,2575
124,2972,2579
124,2973,2609
124,2974,2402
124,2975,2141
124,2976,1906
125,2977,1769
125,2978,1657
125,2979,1613
125,2980,1641
125,2981,1747
125,2982,1914
125,2983,2065
125,2984,2326
125,2985,2615
125,2986,2840
125,2987,2979
125,2988,2832
125,2989,2656
125,2990,2627
125,2991,2598
125,2992,2559
125,2993,2546
125,2994,2511
125,2995,2483
125,2996,2472
125,2997,2484
125,2998,2266
125,2999,2035
125,3000,1825
126,3001,1709
126,3002,1623
126,3003,1556
126,3004,1587
126,3005,1686
126,3006,1832
126,3007,1951
126,3008,2198
126,3009,2493
126,3010,2751
126,3011,2923
126,3012,2790
126,3013,2605
126,3014,2587
126,3015,2573
126,3016,2554
126,3017,2553
126,3018,2586
126,3019,2544
126,3020,2557
126,3021,2576
126,3022,2319
126,3023,1998
126,3024,1723
127,3025,1569
127,3026,1501
127,3027,1531
127,3028,1620
127,3029,1781
127,3030,2050
127,3031,2338
127,3032,2678
127,3033,2887
127,3034,3049
127,3035,3130
127,3036,3280
127,3037,3360
127,3038,3340
127,3039,3298
127,3040,3249
127,3041,3179
127,3042,3058
127,3043,2927
127,3044,2887
127,3045,2866
127,3046,2567
127,3047,2197
127,3048,1876
128,3049,1672
128,3050,1595
128,3051,1620
128,3052,1689
128,3053,1850
128,3054,2108
128,3055,2384
128,3056,2712
128,3057,2923
128,3058,3084
128,3059,3155
128,3060,3292
128,3061,3361
128,3062,3382
128,3063,3351
128,3064,3316
128,3065,3246
128,3066,3087
128,3067,3008
128,3068,2938
128,3069,2905
128,3070,2620
128,3071,2286
128,3072,2005
129,3073,1891
129,3074,1765
129,3075,1666
129,3076,1681
129,3077,1824
129,3078,2050
129,3079,2345
129,3080,2711
129,3081,3018
129,3082,3304
129,3083,3528
129,3084,3458
129,3085,3312
129,3086,3342
129,3087,3353
129,3088,3341
129,3089,3308
129,3090,3226
129,3091,3127
129,3092,3032
129,3093,3006
129,3094,2722
129,3095,2348
129,3096,2049
130,3097,1905
130,3098,1784
130,3099,1720
130,3100,1745
130,3101,1879
130,3102,2092
130,3103,2368
130,3104,2719
130,3105,3029
130,3106,3306
130,3107,3489
130,3108,3366
130,3109,3190
130,3110,3204
130,3111,3187
130,3112,3141
130,3113,3120
130,3114,3032
130,3115,2921
130,3116,2869
130,3117,2864
130,3118,2600
130,3119,2254
130,3120,1961
131,3121,1818
131,3122,1747
131,3123,1699
131,3124,1731
131,3125,1868
131,3126,2089
131,3127,2331
131,3128,2677
131,3129,2982
131,3130,3245
131,3131,3439
131,3132,3316
131,3133,3141
131,3134,3164
131,3135,3165
131,3136,3144
131,3137,3107
131,3138,3032
131,3139,2924
131,3140,2840
131,3141,2819
131,3142,2572
131,3143,2258
131,3144,1999
132,3145,1857
132,3146,1744
132,3147,1680
132,3148,1707
132,3149,1806
132,3150,1968
132,3151,2111
132,3152,2398
132,3153,2746
132,3154,3019
132,3155,3215
132,3156,3090
132,3157,2927
132,3158,2929
132,3159,2932
132,3160,2908
132,3161,2909
132,3162,2885
132,3163,2824
132,3164,2744
132,3165,2708
132,3166,2495
132,3167,2217
132,3168,1969
133,3169,1835
133,3170,1737
133,3171,1674
133,3172,1687
133,3173,1776
133,3174,1901
133,3175,2003
133,3176,2275
133,3177,2610
133,3178,2887
133,3179,3042
133,3180,2934
133,3181,2779
133,3182,2789
133,3183,2786
133,3184,2780
133,3185,2801
133,3186,2829
133,3187,2753
133,3188,2695
133,3189,2687
133,3190,2460
133,3191,2133
133,3192,1836
134,3193,1635
134,3194,1602
134,3195,1622
134,3196,1707
134,3197,1863
134,3198,2112
134,3199,2390
134,3200,2736
134,3201,2964
134,3202,3134
134,3203,3211
134,3204,3364
134,3205,3439
134,3206,3444
134,3207,3393
134,3208,3343
134,3209,3253
134,3210,3129
134,3211,3002
134,3212,2925
134,3213,2910
134,3214,2623
134,3215,2254
134,3216,1927
135,3217,1732
135,3218,1671
135,3219,1676
135,3220,1737
135,3221,1896
135,3222,2148
135,3223,2418
135,3224,2742
135,3225,2933
135,3226,3111
135,3227,3150
135,3228,3296
135,3229,3360
135,3230,3375
135,3231,3335
135,3232,3294
135,3233,3216
135,3234,3049
135,3235,2959
135,3236,2885
135,3237,2890
135,3238,2637
135,3239,2289
135,3240,1995
136,3241,1861
136,3242,1765
136,3243,1710
136,3244,1733
136,3245,1877
136,3246,2085
136,3247,2365
136,3248,2715
136,3249,3020
136,3250,3282
136,3251,3498
136,3252,3436
136,3253,3295
136,3254,3344
136,3255,3375
136,3256,3372
136,3257,3363
136,3258,3300
136,3259,3204
136,3260,3084
136,3261,3047
136,3262,2764
136,3263,2401
136,3264,2089
137,3265,1944
137,3266,1840
137,3267,1771
137,3268,1793
137,3269,1931
137,3270,2147
137,3271,2418
137,3272,2759
137,3273,3058
137,3274,3335
137,3275,3542
137,3276,3452
137,3277,3297
137,3278,3332
137,3279,3314
137,3280,3283
137,3281,3238
137,3282,3138
137,3283,3024
137,3284,2918
137,3285,2888
137,3286,2646
137,3287,2315
137,3288,2019
138,3289,1869
138,3290,1799
138,3291,1740
138,3292,1779
138,3293,1927
138,3294,2131
138,3295,2376
138,3296,2698
138,3297,2989
138,3298,3240
138,3299,3404
138,3300,3269
138,3301,3052
138,3302,3026
138,3303,3025
138,3304,2977
138,3305,2933
138,3306,2867
138,3307,2771
138,3308,2712
138,3309,2709
138,3310,2517
138,3311,2237
138,3312,1980
139,3313,1831
139,3314,1735
139,3315,1689
139,3316,1702
139,3317,1817
139,3318,1965
139,3319,2098
139,3320,2386
139,3321,2698
139,3322,2976
139,3323,3165
139,3324,3055
139,3325,2885
139,3326,2889
139,3327,2885
139,3328,2884
139,3329,2880
139,3330,2847
139,3331,2796
139,3332,2732
139,3333,2713
139,3334,2503
139,3335,2225
139,3336,1994
140,3337,1869
140,3338,1751
140,3339,1673
140,3340,1707
140,3341,1800
140,3342,1923
140,3343,2042
140,3344,2287
140,3345,2613
140,3346,2915
140,3347,3137
140,3348,3062
140,3349,2940
140,3350,2993
140,3351,3037
140,3352,3075
140,3353,3106
140,3354,3145
140,3355,3034
140,3356,2904
140,3357,2837
140,3358,2593
140,3359,2240
140,3360,1925
141,3361,1735
141,3362,1679
141,3363,1688
141,3364,1757
141,3365,1925
141,3366,2180
141,3367,2453
141,3368,2788
141,3369,3036
141,3370,3254
141,3371,3378
141,3372,3559
141,3373,3668
141,3374,3702
141,3375,3694
141,3376,3681
141,3377,3623
141,3378,3490
141,3379,3339
141,3380,3215
141,3381,3127
141,3382,2823
141,3383,2418
141,3384,2073
142,3385,1876
142,3386,1788
142,3387,1777
142,3388,1838
142,3389,1987
142,3390,2230
142,3391,2510
142,3392,2853
142,3393,3078
142,3394,3254
142,3395,3359
142,3396,3520
142,3397,3607
142,3398,3634
142,3399,3621
142,3400,3587
142,3401,3515
142,3402,3335
142,3403,3228
142,3404,3099
142,3405,3048
142,3406,2793
142,3407,2427
142,3408,2110
143,3409,1963
143,3410,1865
143,3411,1788
143,3412,1806
143,3413,1949
143,3414,2157
143,3415,2448
143,3416,2802
143,3417,3125
143,3418,3378
143,3419,3563
143,3420,3440
143,3421,3261
143,3422,3271
143,3423,3258
143,3424,3221
143,3425,3179
143,3426,3084
143,3427,2978
143,3428,2877
143,3429,2860
143,3430,2650
143,3431,2302
143,3432,2034
144,3433,1921
144,3434,1807
144,3435,1745
144,3436,1767
144,3437,1908
144,3438,2131
144,3439,2397
144,3440,2761
144,3441,3074
144,3442,3314
144,3443,3494
144,3444,3354
144,3445,3152
144,3446,3155
144,3447,3126
144,3448,3081
144,3449,3047
144,3450,2957
144,3451,2868
144,3452,2787
144,3453,2809
144,3454,2589
144,3455,2272
144,3456,2000
145,3457,1877
145,3458,1818
145,3459,1746
145,3460,1775
145,3461,1912
145,3462,2119
145,3463,2373
145,3464,2678
145,3465,2985
145,3466,3210
145,3467,3346
145,3468,3178
145,3469,2954
145,3470,2912
145,3471,2828
145,3472,2730
145,3473,2646
145,3474,2545
145,3475,2480
145,3476,2451
145,3477,2487
145,3478,2319
145,3479,2070
145,3480,1852
146,3481,1751
146,3482,1656
146,3483,1610
146,3484,1637
146,3485,1756
146,3486,1902
146,3487,2026
146,3488,2301
146,3489,2604
146,3490,2803
146,3491,2938
146,3492,2764
146,3493,2561
146,3494,2502
146,3495,2443
146,3496,2387
146,3497,2359
146,3498,2335
146,3499,2300
146,3500,2293
146,3501,2335
146,3502,2184
146,3503,1959
146,3504,1790
147,3505,1731
147,3506,1640
147,3507,1607
147,3508,1624
147,3509,1713
147,3510,1842
147,3511,1936
147,3512,2173
147,3513,2479
147,3514,2696
147,3515,2812
147,3516,2665
147,3517,2474
147,3518,2466
147,3519,2419
147,3520,2384
147,3521,2394
147,3522,2440
147,3523,2390
147,3524,2363
147,3525,2381
147,3526,2215
147,3527,1971
147,3528,1750
148,3529,1611
148,3530,1553
148,3531,1570
148,3532,1642
148,3533,1775
148,3534,1950
148,3535,2093
148,3536,2310
148,3537,2513
148,3538,2669
148,3539,2751
148,3540,2882
148,3541,2956
148,3542,2917
148,3543,2880
148,3544,2850
148,3545,2803
148,3546,2744
148,3547,2669
148,3548,2611
148,3549,2610
148,3550,2441
148,3551,2138
148,3552,1855
149,3553,1709
149,3554,1635
149,3555,1662
149,3556,1709
149,3557,1904
149,3558,2134
149,3559,2393
149,3560,2694
149,3561,2923
149,3562,3087
149,3563,3156
149,3564,3305
149,3565,3362
149,3566,3379
149,3567,3366
149,3568,3333
149,3569,3257
149,3570,3098
149,3571,3010
149,3572,2917
149,3573,2894
149,3574,2692
149,3575,2348
149,3576,2071
150,3577,1917
150,3578,1817
150,3579,1772
150,3580,1839
150,3581,1970
150,3582,2161
150,3583,2376
150,3584,2725
150,3585,2996
150,3586,3268
150,3587,3467
150,3588,3383
150,3589,3256
150,3590,3289
150,3591,3306
150,3592,3306
150,3593,3307
150,3594,3235
150,3595,3143
150,3596,3001
150,3597,2965
150,3598,2754
150,3599,2419
150,3600,2137
151,3601,1984
151,3602,1864
151,3603,1791
151,3604,1814
151,3605,1950
151,3606,2162
151,3607,2430
151,3608,2788
151,3609,3123
151,3610,3406
151,3611,3654
151,3612,3603
151,3613,3505
151,3614,3605
151,3615,3671
151,3616,3704
151,3617,3703
151,3618,3638
151,3619,3531
151,3620,3382
151,3621,3321
151,3622,3111
151,3623,2780
151,3624,2494
152,3625,2351
152,3626,2131
152,3627,1955
152,3628,1964
152,3629,2100
152,3630,2284
152,3631,2532
152,3632,2871
152,3633,3235
152,3634,3572
152,3635,3834
152,3636,3796
152,3637,3690
152,3638,3769
152,3639,3812
152,3640,3807
152,3641,3763
152,3642,3640
152,3643,3487
152,3644,3297
152,3645,3183
152,3646,2950
152,3647,2636
152,3648,2355
153,3649,2188
153,3650,2046
153,3651,1947
153,3652,1945
153,3653,2012
153,3654,2130
153,3655,2288
153,3656,2555
153,3657,2906
153,3658,3238
153,3659,3421
153,3660,3330
153,3661,3160
153,3662,3162
153,3663,3161
153,3664,3150
153,3665,3150
153,3666,3091
153,3667,3006
153,3668,2881
153,3669,2859
153,3670,2727
153,3671,2523
153,3672,2369
154,3673,2273
154,3674,2167
154,3675,2079
154,3676,2043
154,3677,2023
154,3678,2054
154,3679,2109
154,3680,2338
154,3681,2667
154,3682,2980
154,3683,3172
154,3684,3090
154,3685,2933
154,3686,2936
154,3687,2919
154,3688,2906
154,3689,2933
154,3690,2964
154,3691,2877
154,3692,2794
154,3693,2778
154,3694,2610
154,3695,2300
154,3696,2004
155,3697,1812
155,3698,1728
155,3699,1715
155,3700,1791
155,3701,1963
155,3702,2231
155,3703,2508
155,3704,2814
155,3705,3010
155,3706,3195
155,3707,3265
155,3708,3380
155,3709,3416
155,3710,3393
155,3711,3335
155,3712,3257
155,3713,3160
155,3714,3011
155,3715,2887
155,3716,2815
155,3717,2789
155,3718,2573
155,3719,2263
155,3720,1993
156,3721,1834
156,3722,1745
156,3723,1755
156,3724,1815
156,3725,1970
156,3726,2214
156,3727,2447
156,3728,2752
156,3729,2945
156,3730,3100
156,3731,3133
156,3732,3215
156,3733,3242
156,3734,3252
156,3735,3166
156,3736,3115
156,3737,3020
156,3738,2866
156,3739,2751
156,3740,2679
156,3741,2706
156,3742,2520
156,3743,2205
156,3744,1981
157,3745,1909
157,3746,1846
157,3747,1811
157,3748,1852
157,3749,1979
157,3750,2164
157,3751,2356
157,3752,2663
157,3753,2945
157,3754,3218
157,3755,3375
157,3756,3253
157,3757,3064
157,3758,3076
157,3759,3080
157,3760,3051
157,3761,3036
157,3762,2962
157,3763,2900
157,3764,2808
157,3765,2785
157,3766,2594
157,3767,2309
157,3768,2077
158,3769,1971
158,3770,1857
158,3771,1809
158,3772,1826
158,3773,1958
158,3774,2130
158,3775,2343
158,3776,2689
158,3777,3026
158,3778,3312
158,3779,3510
158,3780,3413
158,3781,3251
158,3782,3289
158,3783,3302
158,3784,3289
158,3785,3271
158,3786,3193
158,3787,3105
158,3788,2984
158,3789,2983
158,3790,2843
158,3791,2582
158,3792,2345
159,3793,2176
159,3794,1995
159,3795,1885
159,3796,1887
159,3797,2054
159,3798,2183
159,3799,2374
159,3800,2722
159,3801,3055
159,3802,3345
159,3803,3533
159,3804,3413
159,3805,3240
159,3806,3247
159,3807,3230
159,3808,3204
159,3809,3170
159,3810,3072
159,3811,2974
159,3812,2861
159,3813,2798
159,3814,2654
159,3815,2404
159,3816,2196
160,3817,2040
160,3818,1979
160,3819,1889
160,3820,1895
160,3821,1979
160,3822,2088
160,3823,2210
160,3824,2428
160,3825,2742
160,3826,3028
160,3827,3188
160,3828,3068
160,3829,2882
160,3830,2852
160,3831,2817
160,3832,2797
160,3833,2795
160,3834,2759
160,3835,2702
160,3836,2618
160,3837,2631
160,3838,2525
160,3839,2348
160,3840,2182
161,3841,2133
161,3842,2064
161,3843,2046
161,3844,2056
161,3845,2099
161,3846,2110
161,3847,2097
161,3848,2307
161,3849,2572
161,3850,2833
161,3851,3001
161,3852,2914
161,3853,2774
161,3854,2792
161,3855,2820
161,3856,2847
161,3857,2901
161,3858,2961
161,3859,2894
161,3860,2817
161,3861,2756
161,3862,2564
161,3863,2277
161,3864,2021
162,3865,1879
162,3866,1794
162,3867,1792
162,3868,1913
162,3869,2069
162,3870,2271
162,3871,2463
162,3872,2732
162,3873,2982
162,3874,3198
162,3875,3331
162,3876,3517
162,3877,3612
162,3878,3676
162,3879,3698
162,3880,3680
162,3881,3628
162,3882,3515
162,3883,3376
162,3884,3245
162,3885,3167
162,3886,2947
162,3887,2610
162,3888,2343
163,3889,2190
163,3890,2110
163,3891,2072
163,3892,2119
163,3893,2223
163,3894,2422
163,3895,2603
163,3896,2854
163,3897,3077
163,3898,3268
163,3899,3405
163,3900,3606
163,3901,3710
163,3902,3767
163,3903,3783
163,3904,3770
163,3905,3717
163,3906,3534
163,3907,3433
163,3908,3272
163,3909,3180
163,3910,2951
163,3911,2621
163,3912,2398
164,3913,2199
164,3914,2092
164,3915,2012
164,3916,2022
164,3917,2154
164,3918,2310
164,3919,2502
164,3920,2817
164,3921,3130
164,3922,3440
164,3923,3658
164,3924,3555
164,3925,3414
164,3926,3470
164,3927,3500
164,3928,3509
164,3929,3488
164,3930,3421
164,3931,3304
164,3932,3152
164,3933,3054
164,3934,2834
164,3935,2506
164,3936,2231
165,3937,2068
165,3938,1930
165,3939,1863
165,3940,1879
165,3941,2001
165,3942,2197
165,3943,2422
165,3944,2749
165,3945,3083
165,3946,3377
165,3947,3556
165,3948,3490
165,3949,3348
165,3950,3397
165,3951,3428
165,3952,3421
165,3953,3402
165,3954,3318
165,3955,3220
165,3956,3090
165,3957,3009
165,3958,2791
165,3959,2456
165,3960,2170
166,3961,2056
166,3962,1935
166,3963,1858
166,3964,1995
166,3965,2202
166,3966,2369
166,3967,2533
166,3968,2735
166,3969,3038
166,3970,3324
166,3971,3497
166,3972,3400
166,3973,3255
166,3974,3290
166,3975,3314
166,3976,3311
166,3977,3305
166,3978,3234
166,3979,3151
166,3980,3026
166,3981,2959
166,3982,2763
166,3983,2480
166,3984,2245
167,3985,2075
167,3986,1939
167,3987,1920
167,3988,1949
167,3989,2043
167,3990,2152
167,3991,2286
167,3992,2562
167,3993,2893
167,3994,3230
167,3995,3447
167,3996,3396
167,3997,3282
167,3998,3314
167,3999,3350
167,4000,3380
167,4001,3395
167,4002,3350
167,4003,3275
167,4004,3138
167,4005,3071
167,4006,2884
167,4007,2588
167,4008,2321
168,4009,2167
168,4010,2014
168,4011,1903
168,4012,1891
168,4013,1986
168,4014,2076
168,4015,2184
168,4016,2458
168,4017,2816
168,4018,3171
168,4019,3417
168,4020,3365
168,4021,3269
168,4022,3339
168,4023,3403
168,4024,3433
168,4025,3453
168,4026,3474
168,4027,3351
168,4028,3185
168,4029,3016
168,4030,2741
168,4031,2427
168,4032,2145
169,4033,1953
169,4034,1866
169,4035,1867
169,4036,1945
169,4037,2105
169,4038,2343
169,4039,2578
169,4040,2890
169,4041,3160
169,4042,3373
169,4043,3509
169,4044,3703
169,4045,3805
169,4046,3857
169,4047,3866
169,4048,3824
169,4049,3741
169,4050,3595
169,4051,3412
169,4052,3241
169,4053,3105
169,4054,2853
169,4055,2481
169,4056,2189
170,4057,2026
170,4058,1912
170,4059,1897
170,4060,1938
170,4061,2074
170,4062,2307
170,4063,2528
170,4064,2808
170,4065,3054
170,4066,3250
170,4067,3326
170,4068,3516
170,4069,3600
170,4070,3639
170,4071,3663
170,4072,3650
170,4073,3582
170,4074,3424
170,4075,3350
170,4076,3202
170,4077,3123
170,4078,2931
170,4079,2595
170,4080,2320
171,4081,2147
171,4082,2032
171,4083,1927
171,4084,1928
171,4085,2043
171,4086,2219
171,4087,2411
171,4088,2734
171,4089,3096
171,4090,3402
171,4091,3639
171,4092,3597
171,4093,3495
171,4094,3575
171,4095,3641
171,4096,3667
171,4097,3677
171,4098,3617
171,4099,3515
171,4100,3335
171,4101,3199
171,4102,2937
171,4103,2593
171,4104,2299
172,4105,2132
172,4106,1997
172,4107,1908
172,4108,1942
172,4109,2042
172,4110,2231
172,4111,2450
172,4112,2778
172,4113,3104
172,4114,3403
172,4115,3593
172,4116,3521
172,4117,3384
172,4118,3427
172,4119,3444
172,4120,3434
172,4121,3416
172,4122,3331
172,4123,3229
172,4124,3080
172,4125,2994
172,4126,2776
172,4127,2467
172,4128,2212
173,4129,2077
173,4130,1945
173,4131,1877
173,4132,1892
173,4133,2010
173,4134,2160
173,4135,2368
173,4136,2696
173,4137,3029
173,4138,3304
173,4139,3471
173,4140,3406
173,4141,3275
173,4142,3253
173,4143,3260
173,4144,3238
173,4145,3206
173,4146,3126
173,4147,3013
173,4148,2873
173,4149,2815
173,4150,2633
173,4151,2394
173,4152,2167
174,4153,2048
174,4154,1930
174,4155,1840
174,4156,1852
174,4157,1939
174,4158,2062
174,4159,2190
174,4160,2436
174,4161,2723
174,4162,2968
174,4163,3153
174,4164,3069
174,4165,2939
174,4166,2934
174,4167,2915
174,4168,2895
174,4169,2892
174,4170,2859
174,4171,2816
174,4172,2694
174,4173,2658
174,4174,2510
174,4175,2269
174,4176,2075
175,4177,1952
175,4178,1821
175,4179,1766
175,4180,1790
175,4181,1862
175,4182,1961
175,4183,2065
175,4184,2299
175,4185,2580
175,4186,2852
175,4187,3031
175,4188,2932
175,4189,2802
175,4190,2819
175,4191,2831
175,4192,2837
175,4193,2861
175,4194,2904
175,4195,2827
175,4196,2732
175,4197,2680
175,4198,2532
175,4199,2268
175,4200,1977
176,4201,1791
176,4202,1707
176,4203,1748
176,4204,1830
176,4205,1950
176,4206,2177
176,4207,2373
176,4208,2672
176,4209,2907
176,4210,3099
176,4211,3185
176,4212,3343
176,4213,3393
176,4214,3421
176,4215,3413
176,4216,3377
176,4217,3312
176,4218,3201
176,4219,3071
176,4220,2951
176,4221,2868
176,4222,2668
176,4223,2342
176,4224,2037
177,4225,1853
177,4226,1779
177,4227,1794
177,4228,1858
177,4229,1979
177,4230,2195
177,4231,2389
177,4232,2690
177,4233,2919
177,4234,3116
177,4235,3220
177,4236,3372
177,4237,3442
177,4238,3484
177,4239,3491
177,4240,3476
177,4241,3429
177,4242,3266
177,4243,3179
177,4244,3041
177,4245,2967
177,4246,2759
177,4247,2441
177,4248,2187
178,4249,2051
178,4250,1925
178,4251,1864
178,4252,1907
178,4253,2029
178,4254,2210
178,4255,2414
178,4256,2717
178,4257,3069
178,4258,3381
178,4259,3571
178,4260,3528
178,4261,3425
178,4262,3489
178,4263,3536
178,4264,3557
178,4265,3556
178,4266,3485
178,4267,3384
178,4268,3208
178,4269,3106
178,4270,2896
178,4271,2574
178,4272,2289
179,4273,2137
179,4274,1979
179,4275,1937
179,4276,1952
179,4277,2052
179,4278,2192
179,4279,2410
179,4280,2773
179,4281,3121
179,4282,3435
179,4283,3639
179,4284,3596
179,4285,3511
179,4286,3587
179,4287,3641
179,4288,3660
179,4289,3656
179,4290,3581
179,4291,3466
179,4292,3290
179,4293,3182
179,4294,2938
179,4295,2616
179,4296,2334
180,4297,2176
180,4298,2064
180,4299,1964
180,4300,1967
180,4301,2078
180,4302,2248
180,4303,2435
180,4304,2756
180,4305,3102
180,4306,3422
180,4307,3644
180,4308,3575
180,4309,3460
180,4310,3494
180,4311,3539
180,4312,3555
180,4313,3550
180,4314,3476
180,4315,3361
180,4316,3179
180,4317,3061
180,4318,2854
180,4319,2557
180,4320,2303
181,4321,2135
181,4322,2014
181,4323,1924
181,4324,1937
181,4325,2014
181,4326,2142
181,4327,2254
181,4328,2501
181,4329,2854
181,4330,3153
181,4331,3379
181,4332,3305
181,4333,3189
181,4334,3238
181,4335,3268
181,4336,3265
181,4337,3290
181,4338,3251
181,4339,3181
181,4340,3024
181,4341,2910
181,4342,2717
181,4343,2469
181,4344,2242
182,4345,2101
182,4346,1988
182,4347,1922
182,4348,1930
182,4349,2012
182,4350,2119
182,4351,2179
182,4352,2414
182,4353,2740
182,4354,3017
182,4355,3245
182,4356,3183
182,4357,3049
182,4358,3087
182,4359,3124
182,4360,3155
182,4361,3181
182,4362,3226
182,4363,3133
182,4364,3003
182,4365,2915
182,4366,2709
182,4367,2394
182,4368,2103
183,4369,1912
183,4370,1860
183,4371,1850
183,4372,1902
183,4373,2048
183,4374,2263
183,4375,2492
183,4376,2788
183,4377,3036
183,4378,3244
183,4379,3369
183,4380,3556
183,4381,3653
183,4382,3704
183,4383,3728
183,4384,3712
183,4385,3654
183,4386,3521
183,4387,3370
183,4388,3217
183,4389,3112
183,4390,2871
183,4391,2528
183,4392,2205
184,4393,2020
184,4394,1955
184,4395,1938
184,4396,1989
184,4397,2130
184,4398,2363
184,4399,2568
184,4400,2818
184,4401,3070
184,4402,3262
184,4403,3372
184,4404,3542
184,4405,3616
184,4406,3634
184,4407,3649
184,4408,3621
184,4409,3551
184,4410,3367
184,4411,3263
184,4412,3115
184,4413,3029
184,4414,2814
184,4415,2510
184,4416,2263
185,4417,2121
185,4418,1989
185,4419,1909
185,4420,1912
185,4421,2016
185,4422,2145
185,4423,2263
185,4424,2459
185,4425,2746
185,4426,3024
185,4427,3215
185,4428,3154
185,4429,3029
185,4430,3038
185,4431,3058
185,4432,3062
185,4433,3049
185,4434,2991
185,4435,2915
185,4436,2763
185,4437,2651
185,4438,2440
185,4439,2253
185,4440,2086
186,4441,1952
186,4442,1871
186,4443,1807
186,4444,1816
186,4445,1942
186,4446,2148
186,4447,2402
186,4448,2704
186,4449,3047
186,4450,3361
186,4451,3560
186,4452,3489
186,4453,3312
186,4454,3329
186,4455,3333
186,4456,3321
186,4457,3305
186,4458,3241
186,4459,3160
186,4460,3023
186,4461,2941
186,4462,2730
186,4463,2435
186,4464,2196
187,4465,2088
187,4466,1978
187,4467,1890
187,4468,1904
187,4469,2036
187,4470,2225
187,4471,2374
187,4472,2731
187,4473,3081
187,4474,3355
187,4475,3554
187,4476,3494
187,4477,3352
187,4478,3414
187,4479,3439
187,4480,3455
187,4481,3459
187,4482,3403
187,4483,3309
187,4484,3156
187,4485,3049
187,4486,2820
187,4487,2526
187,4488,2283
188,4489,2124
188,4490,1970
188,4491,1903
188,4492,1926
188,4493,2009
188,4494,2135
188,4495,2251
188,4496,2507
188,4497,2838
188,4498,3162
188,4499,3389
188,4500,3359
188,4501,3268
188,4502,3336
188,4503,3378
188,4504,3416
188,4505,3441
188,4506,3398
188,4507,3332
188,4508,3166
188,4509,3040
188,4510,2807
188,4511,2521
188,4512,2271
189,4513,2157
189,4514,2034
189,4515,1951
189,4516,1929
189,4517,2005
189,4518,2151
189,4519,2238
189,4520,2464
189,4521,2753
189,4522,3061
189,4523,3299
189,4524,3286
189,4525,3194
189,4526,3268
189,4527,3341
189,4528,3389
189,4529,3431
189,4530,3479
189,4531,3388
189,4532,3236
189,4533,3109
189,4534,2863
189,4535,2521
189,4536,2181
190,4537,2006
190,4538,1914
190,4539,1899
190,4540,1955
190,4541,2100
190,4542,2337
190,4543,2540
190,4544,2830
190,4545,3125
190,4546,3355
190,4547,3516
190,4548,3769
190,4549,3916
190,4550,4001
190,4551,4059
190,4552,4078
190,4553,4053
190,4554,3941
190,4555,3800
190,4556,3636
190,4557,3477
190,4558,3212
190,4559,2835
190,4560,2525
191,4561,2326
191,4562,2206
191,4563,2179
191,4564,2183
191,4565,2276
191,4566,2467
191,4567,2656
191,4568,2964
191,4569,3234
191,4570,3500
191,4571,3697
191,4572,3945
191,4573,4104
191,4574,4220
191,4575,4316
191,4576,4341
191,4577,4311
191,4578,4157
191,4579,4037
191,4580,3829
191,4581,3660
191,4582,3357
191,4583,2959
191,4584,2616
192,4585,2436
192,4586,2268
192,4587,2163
192,4588,2170
192,4589,2277
192,4590,2464
192,4591,2656
192,4592,3022
192,4593,3410
192,4594,3770
192,4595,4072
192,4596,4106
192,4597,4034
192,4598,4154
192,4599,4218
192,4600,4234
192,4601,4218
192,4602,4103
192,4603,3959
192,4604,3779
192,4605,3655
192,4606,3370
192,4607,2974
192,4608,2643
193,4609,2464
193,4610,2320
193,4611,2206
193,4612,2244
193,4613,2355
193,4614,2550
193,4615,2733
193,4616,3024
193,4617,3352
193,4618,3661
193,4619,3898
193,4620,3857
193,4621,3738
193,4622,3820
193,4623,3825
193,4624,3801
193,4625,3756
193,4626,3658
193,4627,3572
193,4628,3464
193,4629,3381
193,4630,3145
193,4631,2815
193,4632,2533
194,4633,2362
194,4634,2202
194,4635,2121
194,4636,2129
194,4637,2235
194,4638,2437
194,4639,2646
194,4640,2974
194,4641,3325
194,4642,3632
194,4643,3887
194,4644,3830
194,4645,3684
194,4646,3722
194,4647,3744
194,4648,3711
194,4649,3665
194,4650,3554
194,4651,3416
194,4652,3242
194,4653,3164
194,4654,2963
194,4655,2651
194,4656,2389
195,4657,2224
195,4658,2098
195,4659,2028
195,4660,2032
195,4661,2112
195,4662,2248
195,4663,2368
195,4664,2629
195,4665,2999
195,4666,3357
195,4667,3594
195,4668,3543
195,4669,3405
195,4670,3420
195,4671,3439
195,4672,3437
195,4673,3434
195,4674,3391
195,4675,3300
195,4676,3138
195,4677,3042
195,4678,2834
195,4679,2537
195,4680,2298
196,4681,2171
196,4682,2067
196,4683,1962
196,4684,1968
196,4685,2037
196,4686,2159
196,4687,2245
196,4688,2481
196,4689,2817
196,4690,3106
196,4691,3311
196,4692,3245
196,4693,3148
196,4694,3197
196,4695,3244
196,4696,3258
196,4697,3287
196,4698,3319
196,4699,3202
196,4700,3064
196,4701,2951
196,4702,2720
196,4703,2373
196,4704,2067
197,4705,1884
197,4706,1825
197,4707,1824
197,4708,1894
197,4709,2040
197,4710,2293
197,4711,2496
197,4712,2773
197,4713,3032
197,4714,3206
197,4715,3305
197,4716,3471
197,4717,3551
197,4718,3559
197,4719,3554
197,4720,3500
197,4721,3434
197,4722,3283
197,4723,3123
197,4724,2981
197,4725,2915
197,4726,2690
197,4727,2339
197,4728,2002
198,4729,1857
198,4730,1808
198,4731,1811
198,4732,1859
198,4733,2011
198,4734,2235
198,4735,2437
198,4736,2717
198,4737,2965
198,4738,3142
198,4739,3236
198,4740,3367
198,4741,3417
198,4742,3429
198,4743,3420
198,4744,3386
198,4745,3323
198,4746,3160
198,4747,3088
198,4748,2974
198,4749,2937
198,4750,2745
198,4751,2435
198,4752,2176
199,4753,2023
199,4754,1900
199,4755,1839
199,4756,1862
199,4757,1986
199,4758,2185
199,4759,2386
199,4760,2705
199,4761,3062
199,4762,3369
199,4763,3591
199,4764,3530
199,4765,3393
199,4766,3454
199,4767,3471
199,4768,3468
199,4769,3452
199,4770,3392
199,4771,3296
199,4772,3185
199,4773,3136
199,4774,2936
199,4775,2611
199,4776,2331
200,4777,2195
200,4778,2052
200,4779,1953
200,4780,1963
200,4781,2080
200,4782,2234
200,4783,2464
200,4784,2822
200,4785,3214
200,4786,3558
200,4787,3803
200,4788,3772
200,4789,3659
200,4790,3739
200,4791,3795
200,4792,3817
200,4793,3806
200,4794,3739
200,4795,3633
200,4796,3457
200,4797,3359
200,4798,3125
200,4799,2786
200,4800,2497
201,4801,2341
201,4802,2176
201,4803,2053
201,4804,2040
201,4805,2165
201,4806,2356
201,4807,2564
201,4808,2908
201,4809,3310
201,4810,3670
201,4811,3945
201,4812,3923
201,4813,3819
201,4814,3904
201,4815,3969
201,4816,3995
201,4817,3988
201,4818,3917
201,4819,3795
201,4820,3597
201,4821,3437
201,4822,3178
201,4823,2831
201,4824,2544
202,4825,2336
202,4826,2171
202,4827,2075
202,4828,2062
202,4829,2134
202,4830,2268
202,4831,2387
202,4832,2695
202,4833,3070
202,4834,3450
202,4835,3750
202,4836,3760
202,4837,3694
202,4838,3760
202,4839,3822
202,4840,3867
202,4841,3880
202,4842,3829
202,4843,3717
202,4844,3537
202,4845,3398
202,4846,3152
202,4847,2822
202,4848,2544
203,4849,2367
203,4850,2197
203,4851,2073
203,4852,2053
203,4853,2117
203,4854,2224
203,4855,2307
203,4856,2573
203,4857,2959
203,4858,3342
203,4859,3586
203,4860,3602
203,4861,3544
203,4862,3640
203,4863,3715
203,4864,3732
203,4865,3781
203,4866,3802
203,4867,3654
203,4868,3483
203,4869,3352
203,4870,3088
203,4871,2701
203,4872,2352
204,4873,2114
204,4874,1996
204,4875,2001
204,4876,2044
204,4877,2218
204,4878,2409
204,4879,2677
204,4880,2974
204,4881,3281
204,4882,3543
204,4883,3709
204,4884,3940
204,4885,4043
204,4886,4101
204,4887,4100
204,4888,4084
204,4889,4016
204,4890,3883
204,4891,3713
204,4892,3555
204,4893,3415
204,4894,3127
204,4895,2754
204,4896,2435
205,4897,2238
205,4898,2109
205,4899,2093
205,4900,2165
205,4901,2301
205,4902,2499
205,4903,2652
205,4904,2914
205,4905,3190
205,4906,3401
205,4907,3529
205,4908,3738
205,4909,3839
205,4910,3891
205,4911,3939
205,4912,3930
205,4913,3887
205,4914,3708
205,4915,3574
205,4916,3400
205,4917,3300
205,4918,3082
205,4919,2753
205,4920,2466
206,4921,2280
206,4922,2101
206,4923,1982
206,4924,2002
206,4925,2122
206,4926,2301
206,4927,2488
206,4928,2810
206,4929,3178
206,4930,3469
206,4931,3706
206,4932,3662
206,4933,3543
206,4934,3618
206,4935,3650
206,4936,3667
206,4937,3668
206,4938,3604
206,4939,3487
206,4940,3324
206,4941,3212
206,4942,2962
206,4943,2600
206,4944,2318
207,4945,2182
207,4946,2085
207,4947,1986
207,4948,1986
207,4949,2119
207,4950,2285
207,4951,2504
207,4952,2801
207,4953,3154
207,4954,3449
207,4955,3673
207,4956,3623
207,4957,3489
207,4958,3530
207,4959,3564
207,4960,3586
207,4961,3595
207,4962,3518
207,4963,3411
207,4964,3258
207,4965,3169
207,4966,2911
207,4967,2582
207,4968,2316
208,4969,2175
208,4970,2033
208,4971,1941
208,4972,1975
208,4973,2089
208,4974,2264
208,4975,2436
208,4976,2749
208,4977,3113
208,4978,3414
208,4979,3646
208,4980,3585
208,4981,3432
208,4982,3464
208,4983,3488
208,4984,3500
208,4985,3507
208,4986,3438
208,4987,3339
208,4988,3182
208,4989,3094
208,4990,2865
208,4991,2565
208,4992,2316
209,4993,2160
209,4994,2015
209,4995,1936
209,4996,1941
209,4997,2026
209,4998,2159
209,4999,2267
209,5000,2514
209,5001,2842
209,5002,3160
209,5003,3389
209,5004,3343
209,5005,3218
209,5006,3251
209,5007,3286
209,5008,3323
209,5009,3352
209,5010,3333
209,5011,3264
209,5012,3132
209,5013,3052
209,5014,2811
209,5015,2534
209,5016,2317
210,5017,2164
210,5018,2022
210,5019,1932
210,5020,1921
210,5021,2002
210,5022,2121
210,5023,2215
210,5024,2457
210,5025,2737
210,5026,3034
210,5027,3259
210,5028,3234
210,5029,3134
210,5030,3209
210,5031,3276
210,5032,3332
210,5033,3387
210,5034,3422
210,5035,3324
210,5036,3206
210,5037,3131
210,5038,2886
210,5039,2547
210,5040,2272
211,5041,2076
211,5042,1981
211,5043,1974
211,5044,2025
211,5045,2169
211,5046,2417
211,5047,2598
211,5048,2891
211,5049,3168
211,5050,3391
211,5051,3539
211,5052,3756
211,5053,3886
211,5054,3961
211,5055,3995
211,5056,3960
211,5057,3841
211,5058,3674
211,5059,3515
211,5060,3386
211,5061,3280
211,5062,3020
211,5063,2642
211,5064,2292
212,5065,2079
212,5066,1985
212,5067,1963
212,5068,1989
212,5069,2121
212,5070,2369
212,5071,2591
212,5072,2894
212,5073,3168
212,5074,3388
212,5075,3515
212,5076,3698
212,5077,3800
212,5078,3831
212,5079,3850
212,5080,3836
212,5081,3781
212,5082,3616
212,5083,3501
212,5084,3362
212,5085,3285
212,5086,3000
212,5087,2661
212,5088,2359
213,5089,2185
213,5090,2044
213,5091,1950
213,5092,1990
213,5093,2122
213,5094,2329
213,5095,2527
213,5096,2870
213,5097,3255
213,5098,3584
213,5099,3819
213,5100,3793
213,5101,3672
213,5102,3752
213,5103,3831
213,5104,3861
213,5105,3869
213,5106,3781
213,5107,3665
213,5108,3504
213,5109,3389
213,5110,3106
213,5111,2730
213,5112,2427
214,5113,2273
214,5114,2122
214,5115,2010
214,5116,2015
214,5117,2139
214,5118,2324
214,5119,2544
214,5120,2886
214,5121,3281
214,5122,3617
214,5123,3882
214,5124,3876
214,5125,3772
214,5126,3870
214,5127,3952
214,5128,3987
214,5129,3971
214,5130,3890
214,5131,3754
214,5132,3582
214,5133,3512
214,5134,3280
214,5135,2956
214,5136,2665
215,5137,2380
215,5138,2134
215,5139,2045
215,5140,2057
215,5141,2202
215,5142,2415
215,5143,2633
215,5144,2913
215,5145,3266
215,5146,3581
215,5147,3822
215,5148,3794
215,5149,3674
215,5150,3728
215,5151,3783
215,5152,3774
215,5153,3747
215,5154,3659
215,5155,3511
215,5156,3361
215,5157,3309
215,5158,3063
215,5159,2769
215,5160,2539
216,5161,2406
216,5162,2282
216,5163,2171
216,5164,2127
216,5165,2197
216,5166,2308
216,5167,2410
216,5168,2623
216,5169,2944
216,5170,3258
216,5171,3487
216,5172,3447
216,5173,3341
216,5174,3352
216,5175,3391
216,5176,3402
216,5177,3393
216,5178,3325
216,5179,3240
216,5180,3125
216,5181,3079
216,5182,2866
216,5183,2574
216,5184,2323
217,5185,2178
217,5186,2029
217,5187,1934
217,5188,1930
217,5189,2013
217,5190,2137
217,5191,2250
217,5192,2480
217,5193,2791
217,5194,3119
217,5195,3386
217,5196,3358
217,5197,3265
217,5198,3344
217,5199,3415
217,5200,3468
217,5201,3529
217,5202,3566
217,5203,3446
217,5204,3321
217,5205,3233
217,5206,2949
217,5207,2583
217,5208,2246
218,5209,2033
218,5210,1920
218,5211,1928
218,5212,1977
218,5213,2116
218,5214,2350
218,5215,2590
218,5216,2923
218,5217,3249
218,5218,3517
218,5219,3708
218,5220,3962
218,5221,4112
218,5222,4215
218,5223,4295
218,5224,4323
218,5225,4283
218,5226,4156
218,5227,3996
218,5228,3823
218,5229,3700
218,5230,3354
218,5231,2909
218,5232,2536
219,5233,2284
219,5234,2188
219,5235,2123
219,5236,2138
219,5237,2275
219,5238,2517
219,5239,2761
219,5240,3104
219,5241,3413
219,5242,3681
219,5243,3883
219,5244,4159
219,5245,4312
219,5246,4429
219,5247,4496
219,5248,4498
219,5249,4417
219,5250,4219
219,5251,4067
219,5252,3897
219,5253,3789
219,5254,3451
219,5255,3033
219,5256,2700
220,5257,2474
220,5258,2295
220,5259,2181
220,5260,2183
220,5261,2285
220,5262,2502
220,5263,2729
220,5264,3096
220,5265,3522
220,5266,3895
220,5267,4188
220,5268,4210
220,5269,4159
220,5270,4291
220,5271,4391
220,5272,4437
220,5273,4440
220,5274,4336
220,5275,4188
220,5276,3976
220,5277,3836
220,5278,3478
220,5279,3080
220,5280,2751
221,5281,2540
221,5282,2365
221,5283,2243
221,5284,2237
221,5285,2355
221,5286,2572
221,5287,2793
221,5288,3106
221,5289,3518
221,5290,3922
221,5291,4257
221,5292,4296
221,5293,4261
221,5294,4380
221,5295,4436
221,5296,4435
221,5297,4414
221,5298,4317
221,5299,4183
221,5300,3998
221,5301,3869
221,5302,3535
221,5303,3130
221,5304,2791
222,5305,2589
222,5306,2402
222,5307,2273
222,5308,2254
222,5309,2360
222,5310,2571
222,5311,2788
222,5312,3132
222,5313,3593
222,5314,3984
222,5315,4325
222,5316,4354
222,5317,4298
222,5318,4406
222,5319,4473
222,5320,4496
222,5321,4487
222,5322,4377
222,5323,4231
222,5324,4029
222,5325,3892
222,5326,3544
222,5327,3159
222,5328,2841
223,5329,2594
223,5330,2420
223,5331,2301
223,5332,2265
223,5333,2322
223,5334,2456
223,5335,2593
223,5336,2867
223,5337,3253
223,5338,3637
223,5339,3986
223,5340,4040
223,5341,4027
223,5342,4122
223,5343,4213
223,5344,4223
223,5345,4204
223,5346,4093
223,5347,3953
223,5348,3794
223,5349,3673
223,5350,3360
223,5351,3023
223,5352,2744
224,5353,2572
224,5354,2380
224,5355,2267
224,5356,2249
224,5357,2309
224,5358,2418
224,5359,2493
224,5360,2755
224,5361,3157
224,5362,3535
224,5363,3860
224,5364,3921
224,5365,3905
224,5366,4025
224,5367,4116
224,5368,4152
224,5369,4162
224,5370,4169
224,5371,4000
224,5372,3843
224,5373,3716
224,5374,3403
224,5375,3019
224,5376,2647
225,5377,2403
225,5378,2295
225,5379,2260
225,5380,2281
225,5381,2414
225,5382,2654
225,5383,2929
225,5384,3276
225,5385,3613
225,5386,3901
225,5387,4147
225,5388,4456
225,5389,4629
225,5390,4745
225,5391,4813
225,5392,4784
225,5393,4670
225,5394,4484
225,5395,4285
225,5396,4111
225,5397,3961
225,5398,3586
225,5399,3140
225,5400,2728
226,5401,2466
226,5402,2310
226,5403,2262
226,5404,2285
226,5405,2411
226,5406,2672
226,5407,2919
226,5408,3258
226,5409,3565
226,5410,3855
226,5411,4087
226,5412,4349
226,5413,4514
226,5414,4618
226,5415,4677
226,5416,4645
226,5417,4555
226,5418,4338
226,5419,4151
226,5420,3951
226,5421,3822
226,5422,3474
226,5423,3064
226,5424,2714
227,5425,2503
227,5426,2363
227,5427,2256
227,5428,2261
227,5429,2380
227,5430,2607
227,5431,2869
227,5432,3207
227,5433,3557
227,5434,3871
227,5435,4112
227,5436,4119
227,5437,4044
227,5438,4142
227,5439,4214
227,5440,4197
227,5441,4139
227,5442,4001
227,5443,3842
227,5444,3699
227,5445,3611
227,5446,3293
227,5447,2922
227,5448,2613
228,5449,2417
228,5450,2274
228,5451,2167
228,5452,2170
228,5453,2293
228,5454,2538
228,5455,2793
228,5456,3105
228,5457,3473
228,5458,3805
228,5459,4063
228,5460,4038
228,5461,3969
228,5462,4087
228,5463,4170
228,5464,4164
228,5465,4140
228,5466,4020
228,5467,3895
228,5468,3752
228,5469,3656
228,5470,3310
228,5471,2916
228,5472,2616
229,5473,2425
229,5474,2275
229,5475,2167
229,5476,2181
229,5477,2298
229,5478,2523
229,5479,2797
229,5480,3160
229,5481,3558
229,5482,3915
229,5483,4198
229,5484,4183
229,5485,4081
229,5486,4140
229,5487,4170
229,5488,4159
229,5489,4130
229,5490,4034
229,5491,3869
229,5492,3696
229,5493,3596
229,5494,3278
229,5495,2927
229,5496,2658
230,5497,2486
230,5498,2328
230,5499,2207
230,5500,2192
230,5501,2266
230,5502,2418
230,5503,2522
230,5504,2797
230,5505,3197
230,5506,3585
230,5507,3869
230,5508,3875
230,5509,3809
230,5510,3870
230,5511,3920
230,5512,3920
230,5513,3926
230,5514,3849
230,5515,3718
230,5516,3551
230,5517,3434
230,5518,3147
230,5519,2838
230,5520,2570
231,5521,2382
231,5522,2231
231,5523,2097
231,5524,2105
231,5525,2181
231,5526,2303
231,5527,2409
231,5528,2657
231,5529,3039
231,5530,3370
231,5531,3644
231,5532,3673
231,5533,3639
231,5534,3720
231,5535,3789
231,5536,3821
231,5537,3806
231,5538,3811
231,5539,3661
231,5540,3532
231,5541,3420
231,5542,3109
231,5543,2715
231,5544,2389
232,5545,2169
232,5546,2094
232,5547,2099
232,5548,2144
232,5549,2279
232,5550,2531
232,5551,2774
232,5552,3115
232,5553,3424
232,5554,3681
232,5555,3869
232,5556,4116
232,5557,4258
232,5558,4332
232,5559,4388
232,5560,4405
232,5561,4327
232,5562,4164
232,5563,3963
232,5564,3809
232,5565,3670
232,5566,3327
232,5567,2908
232,5568,2524
233,5569,2341
233,5570,2326
233,5571,2380
233,5572,2445
233,5573,2545
233,5574,2754
233,5575,2948
233,5576,3178
233,5577,3407
233,5578,3625
233,5579,3783
233,5580,3968
233,5581,4132
233,5582,4211
233,5583,4242
233,5584,4200
233,5585,4094
233,5586,3900
233,5587,3753
233,5588,3617
233,5589,3554
233,5590,3257
233,5591,2920
233,5592,2625
234,5593,2424
234,5594,2255
234,5595,2123
234,5596,2129
234,5597,2233
234,5598,2456
234,5599,2710
234,5600,3062
234,5601,3403
234,5602,3733
234,5603,3993
234,5604,3897
234,5605,3756
234,5606,3804
234,5607,3850
234,5608,3839
234,5609,3810
234,5610,3695
234,5611,3554
234,5612,3463
234,5613,3376
234,5614,3073
234,5615,2707
234,5616,2399
235,5617,2232
235,5618,2110
235,5619,2019
235,5620,2058
235,5621,2196
235,5622,2413
235,5623,2707
235,5624,3031
235,5625,3376
235,5626,3667
235,5627,3896
235,5628,3860
235,5629,3746
235,5630,3818
235,5631,3862
235,5632,3865
235,5633,3827
235,5634,3714
235,5635,3577
235,5636,3486
235,5637,3408
235,5638,3079
235,5639,2691
235,5640,2404
236,5641,2237
236,5642,2130
236,5643,2063
236,5644,2103
236,5645,2212
236,5646,2447
236,5647,2722
236,5648,3022
236,5649,3365
236,5650,3663
236,5651,3872
236,5652,3806
236,5653,3691
236,5654,3767
236,5655,3815
236,5656,3822
236,5657,3800
236,5658,3678
236,5659,3519
236,5660,3394
236,5661,3290
236,5662,2984
236,5663,2672
236,5664,2407
237,5665,2231
237,5666,2093
237,5667,1989
237,5668,1989
237,5669,2084
237,5670,2236
237,5671,2395
237,5672,2644
237,5673,2980
237,5674,3278
237,5675,3484
237,5676,3420
237,5677,3322
237,5678,3362
237,5679,3394
237,5680,3402
237,5681,3393
237,5682,3325
237,5683,3205
237,5684,3108
237,5685,3031
237,5686,2753
237,5687,2447
237,5688,2208
238,5689,2061
238,5690,1955
238,5691,1860
238,5692,1845
238,5693,1942
238,5694,2075
238,5695,2200
238,5696,2425
238,5697,2745
238,5698,3028
238,5699,3231
238,5700,3196
238,5701,3094
238,5702,3106
238,5703,3153
238,5704,3186
238,5705,3222
238,5706,3242
238,5707,3126
238,5708,3083
238,5709,3036
238,5710,2728
238,5711,2368
238,5712,2079
239,5713,1881
239,5714,1837
239,5715,1856
239,5716,1896
239,5717,2083
239,5718,2378
239,5719,2661
239,5720,2909
239,5721,3143
239,5722,3334
239,5723,3464
239,5724,3672
239,5725,3806
239,5726,3888
239,5727,3979
239,5728,4008
239,5729,3977
239,5730,3887
239,5731,3704
239,5732,3582
239,5733,3481
239,5734,3146
239,5735,2724
239,5736,2386
240,5737,2132
240,5738,2044
240,5739,2061
240,5740,2099
240,5741,2302
240,5742,2587
240,5743,2829
240,5744,3061
240,5745,3305
240,5746,3527
240,5747,3681
240,5748,3919
240,5749,4074
240,5750,4130
240,5751,4181
240,5752,4198
240,5753,4164
240,5754,3983
240,5755,3831
240,5756,3737
240,5757,3678
240,5758,3350
240,5759,2948
240,5760,2624
241,5761,2411
241,5762,2304
241,5763,2223
241,5764,2166
241,5765,2340
241,5766,2561
241,5767,2818
241,5768,3137
241,5769,3491
241,5770,3828
241,5771,4107
241,5772,4118
241,5773,4046
241,5774,4140
241,5775,4228
241,5776,4259
241,5777,4248
241,5778,4139
241,5779,3972
241,5780,3851
241,5781,3768
241,5782,3429
241,5783,3029
241,5784,2708
242,5785,2467
242,5786,2362
242,5787,2303
242,5788,2278
242,5789,2434
242,5790,2645
242,5791,2887
242,5792,3183
242,5793,3519
242,5794,3854
242,5795,4117
242,5796,4085
242,5797,3990
242,5798,4031
242,5799,3989
242,5800,3913
242,5801,3831
242,5802,3718
242,5803,3585
242,5804,3533
242,5805,3471
242,5806,3159
242,5807,2776
242,5808,2481
243,5809,2262
243,5810,2224
243,5811,2167
243,5812,2105
243,5813,2286
243,5814,2522
243,5815,2779
243,5816,3058
243,5817,3402
243,5818,3737
243,5819,3938
243,5820,3891
243,5821,3769
243,5822,3807
243,5823,3816
243,5824,3811
243,5825,3766
243,5826,3633
243,5827,3465
243,5828,3382
243,5829,3300
243,5830,3003
243,5831,2681
243,5832,2401
244,5833,2227
244,5834,2131
244,5835,2045
244,5836,2017
244,5837,2138
244,5838,2278
244,5839,2376
244,5840,2557
244,5841,2875
244,5842,3172
244,5843,3387
244,5844,3335
244,5845,3244
244,5846,3314
244,5847,3349
244,5848,3388
244,5849,3396
244,5850,3333
244,5851,3217
244,5852,3134
244,5853,3070
244,5854,2800
244,5855,2509
244,5856,2280
245,5857,2094
245,5858,2014
245,5859,1975
245,5860,2006
245,5861,2088
245,5862,2194
245,5863,2260
245,5864,2403
245,5865,2687
245,5866,2988
245,5867,3203
245,5868,3158
245,5869,3087
245,5870,3146
245,5871,3238
245,5872,3310
245,5873,3370
245,5874,3392
245,5875,3258
245,5876,3172
245,5877,3094
245,5878,2804
245,5879,2480
245,5880,2179
246,5881,1946
246,5882,1864
246,5883,1901
246,5884,1925
246,5885,2064
246,5886,2258
246,5887,2370
246,5888,2554
246,5889,2760
246,5890,3009
246,5891,3177
246,5892,3413
246,5893,3559
246,5894,3659
246,5895,3740
246,5896,3796
246,5897,3782
246,5898,3687
246,5899,3516
246,5900,3457
246,5901,3372
246,5902,3046
246,5903,2667
246,5904,2359
247,5905,2130
247,5906,2064
247,5907,2076
247,5908,2099
247,5909,2272
247,5910,2545
247,5911,2795
247,5912,3022
247,5913,3255
247,5914,3470
247,5915,3630
247,5916,3863
247,5917,3983
247,5918,4064
247,5919,4124
247,5920,4149
247,5921,4102
247,5922,3895
247,5923,3723
247,5924,3644
247,5925,3541
247,5926,3184
247,5927,2779
247,5928,2450
248,5929,2213
248,5930,2144
248,5931,2090
248,5932,2121
248,5933,2244
248,5934,2452
248,5935,2704
248,5936,2996
248,5937,3284
248,5938,3539
248,5939,3730
248,5940,3679
248,5941,3573
248,5942,3613
248,5943,3656
248,5944,3667
248,5945,3636
248,5946,3537
248,5947,3420
248,5948,3432
248,5949,3375
248,5950,3079
248,5951,2682
248,5952,2405
249,5953,2182
249,5954,2072
249,5955,2028
249,5956,2022
249,5957,2191
249,5958,2437
249,5959,2732
249,5960,3027
249,5961,3348
249,5962,3649
249,5963,3856
249,5964,3817
249,5965,3725
249,5966,3811
249,5967,3864
249,5968,3898
249,5969,3889
249,5970,3759
249,5971,3590
249,5972,3540
249,5973,3455
249,5974,3115
249,5975,2726
249,5976,2402
250,5977,2232
250,5978,2124
250,5979,2056
250,5980,2059
250,5981,2199
250,5982,2441
250,5983,2706
250,5984,3015
250,5985,3338
250,5986,3639
250,5987,3848
250,5988,3824
250,5989,3738
250,5990,3821
250,5991,3882
250,5992,3901
250,5993,3866
250,5994,3740
250,5995,3565
250,5996,3486
250,5997,3368
250,5998,3060
250,5999,2724
250,6000,2435
251,6001,2250
251,6002,2109
251,6003,2041
251,6004,2038
251,6005,2127
251,6006,2283
251,6007,2453
251,6008,2664
251,6009,3003
251,6010,3274
251,6011,3524
251,6012,3549
251,6013,3518
251,6014,3604
251,6015,3664
251,6016,3689
251,6017,3677
251,6018,3573
251,6019,3433
251,6020,3392
251,6021,3290
251,6022,2994
251,6023,2665
251,6024,2392
252,6025,2234
252,6026,2112
252,6027,2024
252,6028,2009
252,6029,2085
252,6030,2226
252,6031,2367
252,6032,2576
252,6033,2890
252,6034,3206
252,6035,3440
252,6036,3450
252,6037,3418
252,6038,3513
252,6039,3590
252,6040,3632
252,6041,3633
252,6042,3610
252,6043,3447
252,6044,3434
252,6045,3284
252,6046,2901
252,6047,2514
252,6048,2195
253,6049,2009
253,6050,1944
253,6051,1970
253,6052,2026
253,6053,2168
253,6054,2451
253,6055,2738
253,6056,3028
253,6057,3260
253,6058,3467
253,6059,3622
253,6060,3824
253,6061,3857
253,6062,3823
253,6063,3763
253,6064,3719
253,6065,3909
253,6066,3759
253,6067,3585
253,6068,3570
253,6069,3441
253,6070,3098
253,6071,2729
253,6072,2459
254,6073,2239
254,6074,2133
254,6075,2069
254,6076,2088
254,6077,2258
254,6078,2601
254,6079,2865
254,6080,3058
254,6081,3240
254,6082,3402
254,6083,3504
254,6084,3682
254,6085,3769
254,6086,3814
254,6087,3827
254,6088,3810
254,6089,3717
254,6090,3515
254,6091,3382
254,6092,3386
254,6093,3279
254,6094,2946
254,6095,2578
254,6096,2284
255,6097,2129
255,6098,2015
255,6099,1964
255,6100,1994
255,6101,2120
255,6102,2336
255,6103,2699
255,6104,3002
255,6105,3292
255,6106,3553
255,6107,3755
255,6108,3727
255,6109,3651
255,6110,3730
255,6111,3814
255,6112,3856
255,6113,3844
255,6114,3730
255,6115,3578
255,6116,3564
255,6117,3422
255,6118,3036
255,6119,2660
255,6120,2331
256,6121,2168
256,6122,2044
256,6123,1960
256,6124,1983
256,6125,2086
256,6126,2323
256,6127,2655
256,6128,2968
256,6129,3271
256,6130,3576
256,6131,3837
256,6132,3843
256,6133,3787
256,6134,3901
256,6135,3985
256,6136,4040
256,6137,4042
256,6138,3946
256,6139,3782
256,6140,3738
256,6141,3571
256,6142,3176
256,6143,2748
256,6144,2465
257,6145,2257
257,6146,2079
257,6147,1963
257,6148,1973
257,6149,2096
257,6150,2329
257,6151,2634
257,6152,2930
257,6153,3276
257,6154,3631
257,6155,3908
257,6156,3933
257,6157,3915
257,6158,4028
257,6159,4119
257,6160,4148
257,6161,4147
257,6162,4027
257,6163,3846
257,6164,3766
257,6165,3577
257,6166,3174
257,6167,2787
257,6168,2456
258,6169,2238
258,6170,2075
258,6171,1955
258,6172,1940
258,6173,2019
258,6174,2163
258,6175,2341
258,6176,2570
258,6177,2924
258,6178,3283
258,6179,3565
258,6180,3618
258,6181,3616
258,6182,3701
258,6183,3774
258,6184,3818
258,6185,3817
258,6186,3725
258,6187,3569
258,6188,3496
258,6189,3306
258,6190,2968
258,6191,2619
258,6192,2332
259,6193,2162
259,6194,2029
259,6195,1954
259,6196,1943
259,6197,2003
259,6198,2136
259,6199,2247
259,6200,2455
259,6201,2751
259,6202,3035
259,6203,3322
259,6204,3327
259,6205,3285
259,6206,3351
259,6207,3434
259,6208,3483
259,6209,3498
259,6210,3491
259,6211,3322
259,6212,3310
259,6213,3168
259,6214,2814
259,6215,2423
259,6216,2121
260,6217,1938
260,6218,1840
260,6219,1835
260,6220,1886
260,6221,2035
260,6222,2311
260,6223,2624
260,6224,2902
260,6225,3108
260,6226,3295
260,6227,3409
260,6228,3580
260,6229,3700
260,6230,3760
260,6231,3795
260,6232,3819
260,6233,3755
260,6234,3599
260,6235,3414
260,6236,3408
260,6237,3242
260,6238,2875
260,6239,2468
260,6240,2122
261,6241,1925
261,6242,1855
261,6243,1853
261,6244,1898
261,6245,2045
261,6246,2288
261,6247,2602
261,6248,2874
261,6249,3062
261,6250,3231
261,6251,3349
261,6252,3521
261,6253,3622
261,6254,3697
261,6255,3744
261,6256,3752
261,6257,3684
261,6258,3491
261,6259,3341
261,6260,3346
261,6261,3217
261,6262,2849
261,6263,2460
261,6264,2165
262,6265,2026
262,6266,1908
262,6267,1819
262,6268,1836
262,6269,1972
262,6270,2218
262,6271,2545
262,6272,2824
262,6273,3098
262,6274,3381
262,6275,3609
262,6276,3580
262,6277,3495
262,6278,3563
262,6279,3651
262,6280,3681
262,6281,3663
262,6282,3557
262,6283,3397
262,6284,3402
262,6285,3241
262,6286,2863
262,6287,2458
262,6288,2169
263,6289,1989
263,6290,1873
263,6291,1789
263,6292,1810
263,6293,1935
263,6294,2172
263,6295,2475
263,6296,2793
263,6297,3120
263,6298,3400
263,6299,3640
263,6300,3631
263,6301,3585
263,6302,3701
263,6303,3786
263,6304,3818
263,6305,3798
263,6306,3676
263,6307,3502
263,6308,3501
263,6309,3337
263,6310,2962
263,6311,2550
263,6312,2240
264,6313,2071
264,6314,1956
264,6315,1870
264,6316,1897
264,6317,2024
264,6318,2249
264,6319,2564
264,6320,2839
264,6321,3120
264,6322,3412
264,6323,3664
264,6324,3683
264,6325,3643
264,6326,3765
264,6327,3833
264,6328,3830
264,6329,3780
264,6330,3625
264,6331,3465
264,6332,3441
264,6333,3268
264,6334,2919
264,6335,2570
264,6336,2280
265,6337,2085
265,6338,1946
265,6339,1848
265,6340,1850
265,6341,1949
265,6342,2114
265,6343,2316
265,6344,2537
265,6345,2850
265,6346,3140
265,6347,3391
265,6348,3399
265,6349,3361
265,6350,3440
265,6351,3519
265,6352,3541
265,6353,3508
265,6354,3409
265,6355,3299
265,6356,3301
265,6357,3136
265,6358,2818
265,6359,2501
265,6360,2228
266,6361,2062
266,6362,1920
266,6363,1833
266,6364,1847
266,6365,1922
266,6366,2064
266,6367,2226
266,6368,2432
266,6369,2723
266,6370,3033
266,6371,3289
266,6372,3320
266,6373,3328
266,6374,3458
266,6375,3556
266,6376,3602
266,6377,3610
266,6378,3596
266,6379,3437
266,6380,3434
266,6381,3241
266,6382,2866
266,6383,2477
266,6384,2143
267,6385,1913
267,6386,1839
267,6387,1837
267,6388,1871
267,6389,2011
267,6390,2300
267,6391,2630
267,6392,2898
267,6393,3101
267,6394,3299
267,6395,3435
267,6396,3621
267,6397,3734
267,6398,3813
267,6399,3849
267,6400,3834
267,6401,3751
267,6402,3566
267,6403,3379
267,6404,3388
267,6405,3205
267,6406,2829
267,6407,2433
267,6408,2103
268,6409,1892
268,6410,1795
268,6411,1791
268,6412,1844
268,6413,1986
268,6414,2253
268,6415,2582
268,6416,2827
268,6417,2971
268,6418,3157
268,6419,3269
268,6420,3433
268,6421,3526
268,6422,3550
268,6423,3572
268,6424,3559
268,6425,3475
268,6426,3265
268,6427,3168
268,6428,3209
268,6429,3060
268,6430,2713
268,6431,2353
268,6432,2079
269,6433,1925
269,6434,1836
269,6435,1783
269,6436,1811
269,6437,1945
269,6438,2182
269,6439,2510
269,6440,2770
269,6441,3008
269,6442,3252
269,6443,3428
269,6444,3390
269,6445,3267
269,6446,3326
269,6447,3376
269,6448,3356
269,6449,3316
269,6450,3227
269,6451,3144
269,6452,3213
269,6453,3072
269,6454,2722
269,6455,2376
269,6456,2078
270,6457,1934
270,6458,1842
270,6459,1777
270,6460,1839
270,6461,1989
270,6462,2260
270,6463,2565
270,6464,2814
270,6465,3057
270,6466,3328
270,6467,3532
270,6468,3486
270,6469,3382
270,6470,3456
270,6471,3534
270,6472,3564
270,6473,3540
270,6474,3410
270,6475,3285
270,6476,3302
270,6477,3166
270,6478,2870
270,6479,2502
270,6480,2188
271,6481,2002
271,6482,1884
271,6483,1818
271,6484,1851
271,6485,1987
271,6486,2221
271,6487,2538
271,6488,2798
271,6489,3064
271,6490,3341
271,6491,3547
271,6492,3507
271,6493,3419
271,6494,3474
271,6495,3523
271,6496,3534
271,6497,3500
271,6498,3349
271,6499,3202
271,6500,3191
271,6501,3015
271,6502,2728
271,6503,2422
271,6504,2156
272,6505,2008
272,6506,1892
272,6507,1808
272,6508,1824
272,6509,1913
272,6510,2083
272,6511,2285
272,6512,2493
272,6513,2779
272,6514,3050
272,6515,3270
272,6516,3256
272,6517,3173
272,6518,3218
272,6519,3286
272,6520,3312
272,6521,3318
272,6522,3227
272,6523,3110
272,6524,3109
272,6525,2942
272,6526,2628
272,6527,2320
272,6528,2077
273,6529,1927
273,6530,1811
273,6531,1727
273,6532,1749
273,6533,1837
273,6534,2004
273,6535,2158
273,6536,2369
273,6537,2632
273,6538,2922
273,6539,3166
273,6540,3232
273,6541,3238
273,6542,3359
273,6543,3507
273,6544,3597
273,6545,3637
273,6546,3622
273,6547,3453
273,6548,3423
273,6549,3215
273,6550,2815
273,6551,2404
273,6552,2065
274,6553,1854
274,6554,1744
274,6555,1749
274,6556,1827
274,6557,1961
274,6558,2247
274,6559,2601
274,6560,2856
274,6561,3076
274,6562,3299
274,6563,3479
274,6564,3762
274,6565,3974
274,6566,4156
274,6567,4284
274,6568,4353
274,6569,4307
274,6570,4137
274,6571,3894
274,6572,3816
274,6573,3556
274,6574,3098
274,6575,2630
274,6576,2242
275,6577,2025
275,6578,1892
275,6579,1869
275,6580,1911
275,6581,2049
275,6582,2338
275,6583,2684
275,6584,2925
275,6585,3113
275,6586,3362
275,6587,3554
275,6588,3813
275,6589,4029
275,6590,4191
275,6591,4285
275,6592,4330
275,6593,4255
275,6594,4016
275,6595,3823
275,6596,3750
275,6597,3510
275,6598,3089
275,6599,2642
275,6600,2301
276,6601,2128
276,6602,1995
276,6603,1918
276,6604,1929
276,6605,2052
276,6606,2302
276,6607,2608
276,6608,2880
276,6609,3136
276,6610,3431
276,6611,3669
276,6612,3691
276,6613,3655
276,6614,3768
276,6615,3843
276,6616,3864
276,6617,3809
276,6618,3626
276,6619,3446
276,6620,3402
276,6621,3231
276,6622,2856
276,6623,2446
276,6624,2132
277,6625,1971
277,6626,1895
277,6627,1842
277,6628,1855
277,6629,2002
277,6630,2219
277,6631,2540
277,6632,2797
277,6633,3043
277,6634,3307
277,6635,3512
277,6636,3441
277,6637,3291
277,6638,3329
277,6639,3345
277,6640,3333
277,6641,3288
277,6642,3164
277,6643,3087
277,6644,3138
277,6645,3013
277,6646,2689
277,6647,2285
277,6648,2011
278,6649,1874
278,6650,1777
278,6651,1719
278,6652,1751
278,6653,1897
278,6654,2156
278,6655,2501
278,6656,2777
278,6657,3018
278,6658,3264
278,6659,3431
278,6660,3345
278,6661,3190
278,6662,3167
278,6663,3169
278,6664,3114
278,6665,3038
278,6666,2909
278,6667,2867
278,6668,2921
278,6669,2801
278,6670,2522
278,6671,2217
278,6672,1961
279,6673,1840
279,6674,1733
279,6675,1673
279,6676,1700
279,6677,1824
279,6678,1996
279,6679,2223
279,6680,2431
279,6681,2649
279,6682,2912
279,6683,3092
279,6684,3012
279,6685,2863
279,6686,2827
279,6687,2811
279,6688,2781
279,6689,2747
279,6690,2675
279,6691,2694
279,6692,2774
279,6693,2697
279,6694,2465
279,6695,2146
279,6696,1903
280,6697,1769
280,6698,1663
280,6699,1612
280,6700,1640
280,6701,1771
280,6702,1929
280,6703,2101
280,6704,2306
280,6705,2562
280,6706,2833
280,6707,3031
280,6708,2953
280,6709,2827
280,6710,2835
280,6711,2848
280,6712,2850
280,6713,2836
280,6714,2831
280,6715,2790
280,6716,2860
280,6717,2739
280,6718,2423
280,6719,2071
280,6720,1777
281,6721,1636
281,6722,1600
281,6723,1632
281,6724,1710
281,6725,1861
281,6726,2157
281,6727,2501
281,6728,2772
281,6729,2923
281,6730,3086
281,6731,3172
281,6732,3331
281,6733,3395
281,6734,3374
281,6735,3373
281,6736,3309
281,6737,3207
281,6738,3064
281,6739,3009
281,6740,3073
281,6741,2925
281,6742,2574
281,6743,2204
281,6744,1881
282,6745,1727
282,6746,1658
282,6747,1668
282,6748,1739
282,6749,1974
282,6750,2277
282,6751,2621
282,6752,2803
282,6753,2924
282,6754,3066
282,6755,3139
282,6756,3282
282,6757,3320
282,6758,3279
282,6759,3249
282,6760,3177
282,6761,3058
282,6762,2860
282,6763,2896
282,6764,2954
282,6765,2849
282,6766,2525
282,6767,2199
282,6768,1953
283,6769,1830
283,6770,1735
283,6771,1671
283,6772,1724
283,6773,1874
283,6774,2118
283,6775,2488
283,6776,2784
283,6777,2978
283,6778,3191
283,6779,3336
283,6780,3201
283,6781,2996
283,6782,2983
283,6783,2934
283,6784,2884
283,6785,2827
283,6786,2730
283,6787,2783
283,6788,2855
283,6789,2778
283,6790,2545
283,6791,2221
283,6792,1942
284,6793,1814
284,6794,1722
284,6795,1667
284,6796,1722
284,6797,1856
284,6798,2107
284,6799,2419
284,6800,2663
284,6801,2858
284,6802,3035
284,6803,3155
284,6804,3029
284,6805,2829
284,6806,2800
284,6807,2734
284,6808,2646
284,6809,2580
284,6810,2538
284,6811,2629
284,6812,2687
284,6813,2648
284,6814,2474
284,6815,2247
284,6816,2105
285,6817,2030
285,6818,2005
285,6819,1971
285,6820,1981
285,6821,2007
285,6822,2174
285,6823,2441
285,6824,2656
285,6825,2850
285,6826,3061
285,6827,3177
285,6828,3030
285,6829,2812
285,6830,2779
285,6831,2714
285,6832,2638
285,6833,2580
285,6834,2529
285,6835,2608
285,6836,2656
285,6837,2580
285,6838,2364
285,6839,2134
285,6840,1953
286,6841,1928
286,6842,1917
286,6843,1809
286,6844,1843
286,6845,1898
286,6846,2067
286,6847,2217
286,6848,2356
286,6849,2557
286,6850,2768
286,6851,2882
286,6852,2756
286,6853,2582
286,6854,2548
286,6855,2518
286,6856,2493
286,6857,2481
286,6858,2459
286,6859,2538
286,6860,2605
286,6861,2530
286,6862,2378
286,6863,2193
286,6864,2049
287,6865,1965
287,6866,1845
287,6867,1748
287,6868,1727
287,6869,1813
287,6870,1943
287,6871,2076
287,6872,2276
287,6873,2441
287,6874,2662
287,6875,2821
287,6876,2747
287,6877,2629
287,6878,2659
287,6879,2691
287,6880,2713
287,6881,2744
287,6882,2784
287,6883,2797
287,6884,2844
287,6885,2713
287,6886,2396
287,6887,2052
287,6888,1790
288,6889,1664
288,6890,1610
288,6891,1638
288,6892,1719
288,6893,1879
288,6894,2138
288,6895,2472
288,6896,2708
288,6897,2849
288,6898,2995
288,6899,3089
288,6900,3268
288,6901,3360
288,6902,3421
288,6903,3450
288,6904,3429
288,6905,3350
288,6906,3203
288,6907,3141
288,6908,3152
288,6909,2972
288,6910,2620
288,6911,2221
288,6912,1923
289,6913,1751
289,6914,1655
289,6915,1685
289,6916,1763
289,6917,1919
289,6918,2208
289,6919,2507
289,6920,2751
289,6921,2856
289,6922,3001
289,6923,3107
289,6924,3301
289,6925,3421
289,6926,3482
289,6927,3524
289,6928,3502
289,6929,3413
289,6930,3203
289,6931,3142
289,6932,3126
289,6933,2979
289,6934,2652
289,6935,2288
289,6936,2034
290,6937,1898
290,6938,1787
290,6939,1704
290,6940,1733
290,6941,1877
290,6942,2129
290,6943,2464
290,6944,2723
290,6945,2935
290,6946,3175
290,6947,3362
290,6948,3328
290,6949,3258
290,6950,3346
290,6951,3418
290,6952,3431
290,6953,3414
290,6954,3289
290,6955,3248
290,6956,3215
290,6957,3061
290,6958,2786
290,6959,2400
290,6960,2094
291,6961,1921
291,6962,1803
291,6963,1754
291,6964,1836
291,6965,1961
291,6966,2193
291,6967,2559
291,6968,2848
291,6969,3040
291,6970,3260
291,6971,3417
291,6972,3362
291,6973,3246
291,6974,3295
291,6975,3305
291,6976,3282
291,6977,3224
291,6978,3107
291,6979,3109
291,6980,3110
291,6981,2973
291,6982,2730
291,6983,2430
291,6984,2166
292,6985,1958
292,6986,1844
292,6987,1783
292,6988,1812
292,6989,1941
292,6990,2210
292,6991,2529
292,6992,2822
292,6993,3033
292,6994,3293
292,6995,3495
292,6996,3383
292,6997,3217
292,6998,3222
292,6999,3209
292,7000,3155
292,7001,3085
292,7002,2941
292,7003,2928
292,7004,2884
292,7005,2756
292,7006,2477
292,7007,2229
292,7008,1988
293,7009,1864
293,7010,1756
293,7011,1705
293,7012,1754
293,7013,1870
293,7014,2055
293,7015,2298
293,7016,2532
293,7017,2749
293,7018,2968
293,7019,3124
293,7020,2999
293,7021,2792
293,7022,2729
293,7023,2694
293,7024,2646
293,7025,2607
293,7026,2562
293,7027,2638
293,7028,2636
293,7029,2535
293,7030,2277
293,7031,2032
293,7032,1867
294,7033,1786
294,7034,1726
294,7035,1683
294,7036,1673
294,7037,1752
294,7038,1920
294,7039,2119
294,7040,2332
294,7041,2568
294,7042,2789
294,7043,2940
294,7044,2799
294,7045,2601
294,7046,2521
294,7047,2490
294,7048,2439
294,7049,2427
294,7050,2465
294,7051,2559
294,7052,2605
294,7053,2506
294,7054,2211
294,7055,1934
294,7056,1684
295,7057,1568
295,7058,1518
295,7059,1554
295,7060,1641
295,7061,1814
295,7062,2112
295,7063,2436
295,7064,2694
295,7065,2782
295,7066,2893
295,7067,2925
295,7068,3009
295,7069,3032
295,7070,3004
295,7071,2952
295,7072,2873
295,7073,2778
295,7074,2694
295,7075,2756
295,7076,2773
295,7077,2681
295,7078,2375
295,7079,2050
295,7080,1772
296,7081,1632
296,7082,1585
296,7083,1594
296,7084,1656
296,7085,1813
296,7086,2100
296,7087,2458
296,7088,2691
296,7089,2751
296,7090,2833
296,7091,2859
296,7092,2958
296,7093,2971
296,7094,2928
296,7095,2863
296,7096,2784
296,7097,2691
296,7098,2548
296,7099,2691
296,7100,2721
296,7101,2646
296,7102,2371
296,7103,2041
296,7104,1820
297,7105,1715
297,7106,1654
297,7107,1621
297,7108,1677
297,7109,1815
297,7110,2088
297,7111,2451
297,7112,2684
297,7113,2852
297,7114,3041
297,7115,3164
297,7116,3025
297,7117,2806
297,7118,2756
297,7119,2705
297,7120,2640
297,7121,2598
297,7122,2568
297,7123,2700
297,7124,2716
297,7125,2633
297,7126,2356
297,7127,2035
297,7128,1802
298,7129,1696
298,7130,1627
298,7131,1606
298,7132,1660
298,7133,1803
298,7134,2031
298,7135,2393
298,7136,2692
298,7137,2864
298,7138,3047
298,7139,3180
298,7140,3038
298,7141,2821
298,7142,2788
298,7143,2741
298,7144,2685
298,7145,2652
298,7146,2607
298,7147,2731
298,7148,2754
298,7149,2654
298,7150,2381
298,7151,2059
298,7152,1816
299,7153,1749
299,7154,1674
299,7155,1648
299,7156,1713
299,7157,1820
299,7158,2061
299,7159,2440
299,7160,2727
299,7161,2906
299,7162,3089
299,7163,3230
299,7164,3114
299,7165,2898
299,7166,2856
299,7167,2810
299,7168,2761
299,7169,2713
299,7170,2641
299,7171,2723
299,7172,2710
299,7173,2624
299,7174,2379
299,7175,2079
299,7176,1860
300,7177,1740
300,7178,1661
300,7179,1630
300,7180,1731
300,7181,1965
300,7182,2092
300,7183,2269
300,7184,2374
300,7185,2600
300,7186,2834
300,7187,2990
300,7188,2871
300,7189,2672
300,7190,2635
300,7191,2625
300,7192,2603
300,7193,2600
300,7194,2568
300,7195,2655
300,7196,2645
300,7197,2545
300,7198,2273
300,7199,1973
300,7200,1751
301,7201,1651
301,7202,1592
301,7203,1531
301,7204,1583
301,7205,1693
301,7206,1859
301,7207,2058
301,7208,2251
301,7209,2456
301,7210,2683
301,7211,2855
301,7212,2725
301,7213,2549
301,7214,2532
301,7215,2538
301,7216,2525
301,7217,2536
301,7218,2585
301,7219,2656
301,7220,2654
301,7221,2535
301,7222,2242
301,7223,1910
301,7224,1645
302,7225,1512
302,7226,1475
302,7227,1513
302,7228,1601
302,7229,1768
302,7230,2058
302,7231,2430
302,7232,2723
302,7233,2808
302,7234,2906
302,7235,2967
302,7236,3098
302,7237,3141
302,7238,3117
302,7239,3102
302,7240,3044
302,7241,2948
302,7242,2829
302,7243,2886
302,7244,2868
302,7245,2730
302,7246,2413
302,7247,2051
302,7248,1773
303,7249,1608
303,7250,1545
303,7251,1560
303,7252,1636
303,7253,1787
303,7254,2066
303,7255,2441
303,7256,2719
303,7257,2781
303,7258,2859
303,7259,2915
303,7260,3033
303,7261,3066
303,7262,3053
303,7263,3037
303,7264,2989
303,7265,2884
303,7266,2731
303,7267,2840
303,7268,2819
303,7269,2715
303,7270,2424
303,7271,2095
303,7272,1851
304,7273,1753
304,7274,1655
304,7275,1598
304,7276,1649
304,7277,1804
304,7278,2066
304,7279,2428
304,7280,2760
304,7281,2924
304,7282,3126
304,7283,3250
304,7284,3115
304,7285,2888
304,7286,2869
304,7287,2841
304,7288,2787
304,7289,2737
304,7290,2664
304,7291,2719
304,7292,2640
304,7293,2563
304,7294,2322
304,7295,2022
304,7296,1797
305,7297,1694
305,7298,1611
305,7299,1576
305,7300,1625
305,7301,1768
305,7302,2016
305,7303,2373
305,7304,2709
305,7305,2879
305,7306,3058
305,7307,3173
305,7308,3051
305,7309,2845
305,7310,2817
305,7311,2772
305,7312,2713
305,7313,2653
305,7314,2620
305,7315,2761
305,7316,2752
305,7317,2661
305,7318,2379
305,7319,2058
305,7320,1820
306,7321,1718
306,7322,1601
306,7323,1577
306,7324,1619
306,7325,1761
306,7326,2009
306,7327,2369
306,7328,2701
306,7329,2855
306,7330,3031
306,7331,3132
306,7332,3009
306,7333,2818
306,7334,2788
306,7335,2748
306,7336,2686
306,7337,2638
306,7338,2587
306,7339,2698
306,7340,2668
306,7341,2582
306,7342,2340
306,7343,2066
306,7344,1838
307,7345,1738
307,7346,1664
307,7347,1586
307,7348,1661
307,7349,1797
307,7350,1931
307,7351,2107
307,7352,2304
307,7353,2499
307,7354,2693
307,7355,2827
307,7356,2740
307,7357,2564
307,7358,2526
307,7359,2496
307,7360,2463
307,7361,2454
307,7362,2438
307,7363,2586
307,7364,2565
307,7365,2481
307,7366,2239
307,7367,1965
307,7368,1754
308,7369,1665
308,7370,1565
308,7371,1561
308,7372,1593
308,7373,1687
308,7374,1853
308,7375,1996
308,7376,2229
308,7377,2428
308,7378,2642
308,7379,2777
308,7380,2707
308,7381,2551
308,7382,2547
308,7383,2556
308,7384,2550
308,7385,2569
308,7386,2736
308,7387,2713
308,7388,2625
308,7389,2502
308,7390,2215
308,7391,1891
308,7392,1654
309,7393,1530
309,7394,1494
309,7395,1537
309,7396,1631
309,7397,1838
309,7398,2117
309,7399,2376
309,7400,2608
309,7401,2746
309,7402,2913
309,7403,3006
309,7404,3205
309,7405,3257
309,7406,3267
309,7407,3238
309,7408,3148
309,7409,3018
309,7410,3040
309,7411,2952
309,7412,2825
309,7413,2670
309,7414,2358
309,7415,2016
309,7416,1714
310,7417,1527
310,7418,1461
310,7419,1477
310,7420,1547
310,7421,1720
310,7422,2041
310,7423,2353
310,7424,2614
310,7425,2749
310,7426,2888
310,7427,2994
310,7428,3158
310,7429,3210
310,7430,3205
310,7431,3170
310,7432,3069
310,7433,2940
310,7434,2946
310,7435,2892
310,7436,2776
310,7437,2643
310,7438,2423
310,7439,2172
310,7440,1892
311,7441,1816
311,7442,1670
311,7443,1552
311,7444,1598
311,7445,1774
311,7446,2063
311,7447,2358
311,7448,2619
311,7449,2810
311,7450,3017
311,7451,3183
311,7452,3081
311,7453,2908
311,7454,2892
311,7455,2858
311,7456,2790
311,7457,2736
311,7458,2864
311,7459,2817
311,7460,2717
311,7461,2602
311,7462,2303
311,7463,1985
311,7464,1753
312,7465,1641
312,7466,1557
312,7467,1529
312,7468,1584
312,7469,1751
312,7470,1997
312,7471,2343
312,7472,2622
312,7473,2810
312,7474,2994
312,7475,3146
312,7476,2999
312,7477,2799
312,7478,2749
312,7479,2680
312,7480,2616
312,7481,2640
312,7482,2781
312,7483,2760
312,7484,2681
312,7485,2585
312,7486,2351
312,7487,2079
312,7488,1895
313,7489,1819
313,7490,1767
313,7491,1813
313,7492,1878
313,7493,2007
313,7494,2171
313,7495,2408
313,7496,2612
313,7497,2792
313,7498,2976
313,7499,3103
313,7500,2917
313,7501,2674
313,7502,2609
313,7503,2521
313,7504,2445
313,7505,2465
313,7506,2643
313,7507,2624
313,7508,2556
313,7509,2470
313,7510,2249
313,7511,1976
313,7512,1817
314,7513,1753
314,7514,1701
314,7515,1667
314,7516,1666
314,7517,1743
314,7518,1907
314,7519,2111
314,7520,2325
314,7521,2536
314,7522,2723
314,7523,2839
314,7524,2658
314,7525,2428
314,7526,2343
314,7527,2276
314,7528,2228
314,7529,2287
314,7530,2494
314,7531,2509
314,7532,2450
314,7533,2393
314,7534,2238
314,7535,1970
314,7536,1916
315,7537,1893
315,7538,1839
315,7539,1777
315,7540,1764
315,7541,1891
315,7542,1983
315,7543,2107
315,7544,2243
315,7545,2441
315,7546,2607
315,7547,2723
315,7548,2534
315,7549,2311
315,7550,2245
315,7551,2189
315,7552,2157
315,7553,2235
315,7554,2527
315,7555,2513
315,7556,2465
315,7557,2391
315,7558,2187
315,7559,1902
315,7560,1670
316,7561,1541
316,7562,1513
316,7563,1574
316,7564,1684
316,7565,1848
316,7566,2146
316,7567,2425
316,7568,2597
316,7569,2729
316,7570,2810
316,7571,2827
316,7572,2894
316,7573,2861
316,7574,2790
316,7575,2717
316,7576,2645
316,7577,2637
316,7578,2802
316,7579,2770
316,7580,2700
316,7581,2602
316,7582,2339
316,7583,1981
316,7584,1713
317,7585,1581
317,7586,1499
317,7587,1514
317,7588,1594
317,7589,1796
317,7590,2120
317,7591,2470
317,7592,2704
317,7593,2770
317,7594,2797
317,7595,2834
317,7596,2924
317,7597,2904
317,7598,2865
317,7599,2803
317,7600,2716
317,7601,2680
317,7602,2766
317,7603,2748
317,7604,2665
317,7605,2584
317,7606,2319
317,7607,1974
317,7608,1712
318,7609,1634
318,7610,1594
318,7611,1550
318,7612,1619
318,7613,1759
318,7614,2020
318,7615,2392
318,7616,2658
318,7617,2822
318,7618,2989
318,7619,3121
318,7620,2957
318,7621,2745
318,7622,2705
318,7623,2649
318,7624,2577
318,7625,2600
318,7626,2770
318,7627,2741
318,7628,2665
318,7629,2584
318,7630,2318
318,7631,1993
318,7632,1737
319,7633,1594
319,7634,1569
319,7635,1538
319,7636,1566
319,7637,1720
319,7638,1982
319,7639,2366
319,7640,2671
319,7641,2863
319,7642,3035
319,7643,3160
319,7644,2990
319,7645,2764
319,7646,2705
319,7647,2638
319,7648,2571
319,7649,2621
319,7650,2783
319,7651,2750
319,7652,2678
319,7653,2599
319,7654,2327
319,7655,1997
319,7656,1743
320,7657,1615
320,7658,1545
320,7659,1522
320,7660,1615
320,7661,1720
320,7662,1988
320,7663,2366
320,7664,2649
320,7665,2833
320,7666,3011
320,7667,3146
320,7668,2977
320,7669,2764
320,7670,2706
320,7671,2640
320,7672,2565
320,7673,2593
320,7674,2727
320,7675,2679
320,7676,2601
320,7677,2517
320,7678,2274
320,7679,1974
320,7680,1741
321,7681,1622
321,7682,1537
321,7683,1487
321,7684,1565
321,7685,1708
321,7686,1883
321,7687,2098
321,7688,2309
321,7689,2554
321,7690,2755
321,7691,2913
321,7692,2754
321,7693,2536
321,7694,2455
321,7695,2385
321,7696,2320
321,7697,2377
321,7698,2534
321,7699,2517
321,7700,2438
321,7701,2366
321,7702,2158
321,7703,1882
321,7704,1659
322,7705,1559
322,7706,1529
322,7707,1503
322,7708,1543
322,7709,1671
322,7710,1836
322,7711,2039
322,7712,2217
322,7713,2413
322,7714,2617
322,7715,2750
322,7716,2552
322,7717,2358
322,7718,2297
322,7719,2257
322,7720,2221
322,7721,2291
322,7722,2545
322,7723,2510
322,7724,2457
322,7725,2381
322,7726,2140
322,7727,1821
322,7728,1580
323,7729,1459
323,7730,1426
323,7731,1469
323,7732,1546
323,7733,1734
323,7734,2005
323,7735,2328
323,7736,2563
323,7737,2689
323,7738,2782
323,7739,2829
323,7740,2922
323,7741,2905
323,7742,2851
323,7743,2781
323,7744,2701
323,7745,2668
323,7746,2802
323,7747,2752
323,7748,2678
323,7749,2573
323,7750,2330
323,7751,2011
323,7752,1753
324,7753,1539
324,7754,1451
324,7755,1477
324,7756,1548
324,7757,1730
324,7758,2041
324,7759,2375
324,7760,2606
324,7761,2739
324,7762,2843
324,7763,2880
324,7764,2974
324,7765,2966
324,7766,2907
324,7767,2836
324,7768,2737
324,7769,2697
324,7770,2788
324,7771,2747
324,7772,2664
324,7773,2579
324,7774,2388
324,7775,2071
324,7776,1774
325,7777,1629
325,7778,1546
325,7779,1525
325,7780,1573
325,7781,1725
325,7782,1983
325,7783,2312
325,7784,2564
325,7785,2786
325,7786,2973
325,7787,3105
325,7788,2961
325,7789,2744
325,7790,2676
325,7791,2611
325,7792,2532
325,7793,2540
325,7794,2714
325,7795,2673
325,7796,2581
325,7797,2514
325,7798,2311
325,7799,2013
325,7800,1761
326,7801,1661
326,7802,1583
326,7803,1527
326,7804,1561
326,7805,1664
326,7806,1836
326,7807,2052
326,7808,2213
326,7809,2412
326,7810,2642
326,7811,2788
326,7812,2659
326,7813,2455
326,7814,2387
326,7815,2309
326,7816,2236
326,7817,2210
326,7818,2302
326,7819,2257
326,7820,2196
326,7821,2163
326,7822,2021
326,7823,1790
326,7824,1615
327,7825,1504
327,7826,1463
327,7827,1457
327,7828,1506
327,7829,1641
327,7830,1851
327,7831,2076
327,7832,2254
327,7833,2450
327,7834,2644
327,7835,2778
327,7836,2635
327,7837,2445
327,7838,2398
327,7839,2357
327,7840,2320
327,7841,2350
327,7842,2534
327,7843,2499
327,7844,2434
327,7845,2359
327,7846,2167
327,7847,1893
327,7848,1656
328,7849,1521
328,7850,1465
328,7851,1437
328,7852,1501
328,7853,1634
328,7854,1813
328,7855,2044
328,7856,2228
328,7857,2423
328,7858,2613
328,7859,2687
328,7860,2562
328,7861,2400
328,7862,2363
328,7863,2332
328,7864,2290
328,7865,2324
328,7866,2514
328,7867,2489
328,7868,2428
328,7869,2358
328,7870,2166
328,7871,1873
328,7872,1647
329,7873,1514
329,7874,1444
329,7875,1417
329,7876,1462
329,7877,1586
329,7878,1763
329,7879,1959
329,7880,2118
329,7881,2303
329,7882,2502
329,7883,2656
329,7884,2523
329,7885,2340
329,7886,2286
329,7887,2248
329,7888,2225
329,7889,2301
329,7890,2596
329,7891,2566
329,7892,2520
329,7893,2428
329,7894,2172
329,7895,1824
329,7896,1595
330,7897,1436
330,7898,1388
330,7899,1436
330,7900,1522
330,7901,1715
330,7902,2029
330,7903,2443
330,7904,2654
330,7905,2756
330,7906,2818
330,7907,2829
330,7908,2909
330,7909,2904
330,7910,2853
330,7911,2780
330,7912,2718
330,7913,2712
330,7914,2860
330,7915,2819
330,7916,2746
330,7917,2651
330,7918,2449
330,7919,2096
330,7920,1767
331,7921,1621
331,7922,1613
331,7923,1666
331,7924,1757
331,7925,1946
331,7926,2237
331,7927,2548
331,7928,2709
331,7929,2793
331,7930,2864
331,7931,2886
331,7932,2970
331,7933,2961
331,7934,2904
331,7935,2831
331,7936,2734
331,7937,2718
331,7938,2835
331,7939,2827
331,7940,2756
331,7941,2667
331,7942,2488
331,7943,2195
331,7944,1908
332,7945,1763
332,7946,1643
332,7947,1656
332,7948,1756
332,7949,1945
332,7950,2169
332,7951,2487
332,7952,2708
332,7953,2894
332,7954,3079
332,7955,3215
332,7956,3049
332,7957,2819
332,7958,2761
332,7959,2680
332,7960,2615
332,7961,2659
332,7962,2845
332,7963,2828
332,7964,2759
332,7965,2674
332,7966,2443
332,7967,2088
332,7968,1824
333,7969,1717
333,7970,1633
333,7971,1589
333,7972,1642
333,7973,1819
333,7974,2067
333,7975,2436
333,7976,2672
333,7977,2841
333,7978,3041
333,7979,3184
333,7980,3010
333,7981,2808
333,7982,2749
333,7983,2690
333,7984,2628
333,7985,2696
333,7986,2862
333,7987,2833
333,7988,2774
333,7989,2679
333,7990,2426
333,7991,2073
333,7992,1796
334,7993,1683
334,7994,1600
334,7995,1596
334,7996,1649
334,7997,1807
334,7998,2022
334,7999,2410
334,8000,2688
334,8001,2887
334,8002,3113
334,8003,3273
334,8004,3124
334,8005,2888
334,8006,2802
334,8007,2701
334,8008,2625
334,8009,2669
334,8010,2793
334,8011,2764
334,8012,2685
334,8013,2594
334,8014,2377
334,8015,2079
334,8016,1804
335,8017,1660
335,8018,1607
335,8019,1546
335,8020,1553
335,8021,1697
335,8022,1905
335,8023,2135
335,8024,2291
335,8025,2529
335,8026,2768
335,8027,2936
335,8028,2790
335,8029,2566
335,8030,2485
335,8031,2424
335,8032,2372
335,8033,2422
335,8034,2583
335,8035,2575
335,8036,2520
335,8037,2460
335,8038,2343
335,8039,2112
335,8040,1861
336,8041,1702
336,8042,1596
336,8043,1545
336,8044,1580
336,8045,1707
336,8046,1880
336,8047,2090
336,8048,2242
336,8049,2474
336,8050,2661
336,8051,2828
336,8052,2683
336,8053,2478
336,8054,2414
336,8055,2354
336,8056,2308
336,8057,2394
336,8058,2657
336,8059,2632
336,8060,2589
336,8061,2507
336,8062,2288
336,8063,1940
336,8064,1641
337,8065,1509
337,8066,1441
337,8067,1477
337,8068,1554
337,8069,1748
337,8070,2026
337,8071,2443
337,8072,2679
337,8073,2770
337,8074,2864
337,8075,2890
337,8076,2971
337,8077,2965
337,8078,2909
337,8079,2832
337,8080,2739
337,8081,2757
337,8082,2923
337,8083,2876
337,8084,2819
337,8085,2701
337,8086,2440
337,8087,2044
337,8088,1732
338,8089,1541
338,8090,1452
338,8091,1504
338,8092,1577
338,8093,1750
338,8094,2045
338,8095,2492
338,8096,2686
338,8097,2775
338,8098,2869
338,8099,2929
338,8100,3026
338,8101,3025
338,8102,2957
338,8103,2857
338,8104,2765
338,8105,2758
338,8106,2878
338,8107,2856
338,8108,2793
338,8109,2697
338,8110,2530
338,8111,2311
338,8112,2109
339,8113,1992
339,8114,1859
339,8115,1778
339,8116,1788
339,8117,1903
339,8118,2181
339,8119,2500
339,8120,2703
339,8121,2882
339,8122,3058
339,8123,3214
339,8124,3064
339,8125,2842
339,8126,2783
339,8127,2718
339,8128,2644
339,8129,2686
339,8130,2887
339,8131,2862
339,8132,2789
339,8133,2700
339,8134,2513
339,8135,2278
339,8136,2056
340,8137,1902
340,8138,1824
340,8139,1760
340,8140,1788
340,8141,1920
340,8142,2131
340,8143,2441
340,8144,2620
340,8145,2808
340,8146,2992
340,8147,3128
340,8148,2963
340,8149,2752
340,8150,2689
340,8151,2625
340,8152,2565
340,8153,2609
340,8154,2811
340,8155,2808
340,8156,2741
340,8157,2701
340,8158,2544
340,8159,2319
340,8160,2134
341,8161,2018
341,8162,1935
341,8163,1908
341,8164,1966
341,8165,2060
341,8166,2196
341,8167,2465
341,8168,2670
341,8169,2838
341,8170,3001
341,8171,3139
341,8172,2974
341,8173,2748
341,8174,2686
341,8175,2611
341,8176,2547
341,8177,2590
341,8178,2820
341,8179,2776
341,8180,2697
341,8181,2615
341,8182,2399
341,8183,2084
341,8184,1800
342,8185,1648
342,8186,1561
342,8187,1526
342,8188,1564
342,8189,1706
342,8190,1908
342,8191,2178
342,8192,2350
342,8193,2565
342,8194,2766
342,8195,2892
342,8196,2721
342,8197,2481
342,8198,2396
342,8199,2344
342,8200,2306
342,8201,2393
342,8202,2626
342,8203,2614
342,8204,2547
342,8205,2494
342,8206,2347
342,8207,2069
342,8208,1796
343,8209,1635
343,8210,1532
343,8211,1522
343,8212,1601
343,8213,1717
343,8214,1880
343,8215,2090
343,8216,2226
343,8217,2434
343,8218,2626
343,8219,2761
343,8220,2594
343,8221,2376
343,8222,2309
343,8223,2259
343,8224,2229
343,8225,2339
343,8226,2667
343,8227,2661
343,8228,2624
343,8229,2547
343,8230,2331
343,8231,1975
343,8232,1673
344,8233,1517
344,8234,1457
344,8235,1531
344,8236,1642
344,8237,1849
344,8238,2157
344,8239,2517
344,8240,2674
344,8241,2741
344,8242,2803
344,8243,2836
344,8244,2901
344,8245,2891
344,8246,2817
344,8247,2749
344,8248,2683
344,8249,2676
344,8250,2876
344,8251,2856
344,8252,2804
344,8253,2704
344,8254,2524
344,8255,2256
344,8256,1999
345,8257,1863
345,8258,1793
345,8259,1802
345,8260,1810
345,8261,1974
345,8262,2235
345,8263,2576
345,8264,2729
345,8265,2783
345,8266,2850
345,8267,2859
345,8268,2928
345,8269,2913
345,8270,2864
345,8271,2759
345,8272,2686
345,8273,2694
345,8274,2854
345,8275,2864
345,8276,2782
345,8277,2708
345,8278,2558
345,8279,2326
345,8280,2116
346,8281,2048
346,8282,1993
346,8283,1935
346,8284,1947
346,8285,2064
346,8286,2268
346,8287,2528
346,8288,2726
346,8289,2879
346,8290,3043
346,8291,3159
346,8292,2993
346,8293,2753
346,8294,2674
346,8295,2611
346,8296,2547
346,8297,2627
346,8298,2856
346,8299,2858
346,8300,2803
346,8301,2739
346,8302,2560
346,8303,2216
346,8304,1850
347,8305,1719
347,8306,1649
347,8307,1604
347,8308,1672
347,8309,1834
347,8310,2132
347,8311,2529
347,8312,2756
347,8313,2922
347,8314,3080
347,8315,3207
347,8316,3034
347,8317,2777
347,8318,2691
347,8319,2607
347,8320,2563
347,8321,2627
347,8322,2868
347,8323,2882
347,8324,2845
347,8325,2781
347,8326,2575
347,8327,2238
347,8328,1904
348,8329,1752
348,8330,1652
348,8331,1655
348,8332,1694
348,8333,1864
348,8334,2158
348,8335,2596
348,8336,2793
348,8337,2917
348,8338,3074
348,8339,3174
348,8340,3001
348,8341,2753
348,8342,2682
348,8343,2613
348,8344,2561
348,8345,2651
348,8346,2834
348,8347,2820
348,8348,2750
348,8349,2681
348,8350,2515
348,8351,2309
348,8352,2108
349,8353,2021
349,8354,1894
349,8355,1769
349,8356,1782
349,8357,2017
349,8358,2209
349,8359,2350
349,8360,2491
349,8361,2683
349,8362,2888
349,8363,3010
349,8364,2845
349,8365,2601
349,8366,2517
349,8367,2453
349,8368,2413
349,8369,2508
349,8370,2717
349,8371,2721
349,8372,2664
349,8373,2611
349,8374,2455
349,8375,2145
349,8376,1881
350,8377,1739
350,8378,1630
350,8379,1575
350,8380,1620
350,8381,1751
350,8382,1947
350,8383,2182
350,8384,2328
350,8385,2519
350,8386,2717
350,8387,2868
350,8388,2712
350,8389,2494
350,8390,2429
350,8391,2389
350,8392,2351
350,8393,2472
350,8394,2743
350,8395,2745
350,8396,2701
350,8397,2631
350,8398,2447
350,8399,2121
350,8400,1808
351,8401,1606
351,8402,1532
351,8403,1576
351,8404,1719
351,8405,1963
351,8406,2216
351,8407,2530
351,8408,2705
351,8409,2783
351,8410,2867
351,8411,2894
351,8412,2970
351,8413,2939
351,8414,2854
351,8415,2770
351,8416,2704
351,8417,2716
351,8418,2894
351,8419,2881
351,8420,2824
351,8421,2733
351,8422,2511
351,8423,2123
351,8424,1818
352,8425,1626
352,8426,1552
352,8427,1615
352,8428,1707
352,8429,1947
352,8430,2265
352,8431,2627
352,8432,2800
352,8433,2872
352,8434,2944
352,8435,2951
352,8436,3017
352,8437,2960
352,8438,2863
352,8439,2763
352,8440,2698
352,8441,2695
352,8442,2887
352,8443,2922
352,8444,2871
352,8445,2815
352,8446,2626
352,8447,2276
352,8448,1966
353,8449,1816
353,8450,1745
353,8451,1746
353,8452,1843
353,8453,2064
353,8454,2318
353,8455,2703
353,8456,2895
353,8457,3023
353,8458,3137
353,8459,3208
353,8460,3008
353,8461,2732
353,8462,2643
353,8463,2574
353,8464,2524
353,8465,2607
353,8466,2909
353,8467,2953
353,8468,2922
353,8469,2863
353,8470,2728
353,8471,2465
353,8472,2155
354,8473,2025
354,8474,1932
354,8475,2032
354,8476,2131
354,8477,2243
354,8478,2408
354,8479,2711
354,8480,2864
354,8481,2970
354,8482,3080
354,8483,3170
354,8484,2963
354,8485,2690
354,8486,2605
354,8487,2534
354,8488,2481
354,8489,2560
354,8490,2848
354,8491,2876
354,8492,2834
354,8493,2778
354,8494,2633
354,8495,2413
354,8496,2224
355,8497,2130
355,8498,2061
355,8499,2049
355,8500,2101
355,8501,2210
355,8502,2368
355,8503,2614
355,8504,2781
355,8505,2933
355,8506,3063
355,8507,3162
355,8508,2964
355,8509,2686
355,8510,2598
355,8511,2529
355,8512,2471
355,8513,2546
355,8514,2787
355,8515,2784
355,8516,2724
355,8517,2657
355,8518,2467
355,8519,2137
355,8520,1855
356,8521,1714
356,8522,1639
356,8523,1636
356,8524,1675
356,8525,1819
356,8526,2027
356,8527,2293
356,8528,2475
356,8529,2648
356,8530,2819
356,8531,2891
356,8532,2706
356,8533,2441
356,8534,2338
356,8535,2271
356,8536,2234
356,8537,2329
356,8538,2585
356,8539,2597
356,8540,2557
356,8541,2503
356,8542,2302
356,8543,2018
356,8544,1797
357,8545,1662
357,8546,1561
357,8547,1501
357,8548,1538
357,8549,1683
357,8550,1896
357,8551,2144
357,8552,2298
357,8553,2464
357,8554,2664
357,8555,2775
357,8556,2628
357,8557,2411
357,8558,2329
357,8559,2272
357,8560,2218
357,8561,2321
357,8562,2599
357,8563,2574
357,8564,2537
357,8565,2474
357,8566,2269
357,8567,1961
357,8568,1721
358,8569,1551
358,8570,1478
358,8571,1490
358,8572,1562
358,8573,1727
358,8574,1969
358,8575,2221
358,8576,2362
358,8577,2474
358,8578,2594
358,8579,2591
358,8580,2638
358,8581,2601
358,8582,2506
358,8583,2423
358,8584,2363
358,8585,2389
358,8586,2575
358,8587,2495
358,8588,2409
358,8589,2336
358,8590,2169
358,8591,1893
358,8592,1662
359,8593,1557
359,8594,1499
359,8595,1475
359,8596,1525
359,8597,1655
359,8598,1875
359,8599,2113
359,8600,2201
359,8601,2341
359,8602,2404
359,8603,2432
359,8604,2507
359,8605,2497
359,8606,2425
359,8607,2352
359,8608,2286
359,8609,2291
359,8610,2373
359,8611,2376
359,8612,2351
359,8613,2328
359,8614,2241
359,8615,2042
359,8616,1842
360,8617,1696
360,8618,1634
360,8619,1718
360,8620,1854
360,8621,1827
360,8622,1988
360,8623,2303
360,8624,2467
360,8625,2671
360,8626,2854
360,8627,2977
360,8628,2809
360,8629,2576
360,8630,2496
360,8631,2422
360,8632,2367
360,8633,2435
360,8634,2710
360,8635,2743
360,8636,2687
360,8637,2617
360,8638,2455
360,8639,2259
360,8640,1964
361,8641,1858
361,8642,1734
361,8643,1780
361,8644,1921
361,8645,2042
361,8646,2185
361,8647,2425
361,8648,2564
361,8649,2748
361,8650,2908
361,8651,2995
361,8652,2814
361,8653,2560
361,8654,2480
361,8655,2404
361,8656,2347
361,8657,2426
361,8658,2715
361,8659,2748
361,8660,2715
361,8661,2639
361,8662,2494
361,8663,2273
361,8664,2072
362,8665,1954
362,8666,1876
362,8667,1811
362,8668,1848
362,8669,1994
362,8670,2184
362,8671,2434
362,8672,2592
362,8673,2777
362,8674,2923
362,8675,3052
362,8676,2873
362,8677,2625
362,8678,2540
362,8679,2460
362,8680,2398
362,8681,2463
362,8682,2724
362,8683,2730
362,8684,2671
362,8685,2606
362,8686,2416
362,8687,2110
362,8688,1852
363,8689,1754
363,8690,1674
363,8691,1629
363,8692,1664
363,8693,1798
363,8694,2016
363,8695,2265
363,8696,2417
363,8697,2602
363,8698,2774
363,8699,2902
363,8700,2728
363,8701,2493
363,8702,2405
363,8703,2325
363,8704,2277
363,8705,2349
363,8706,2586
363,8707,2626
363,8708,2586
363,8709,2532
363,8710,2404
363,8711,2227
363,8712,2088
364,8713,2036
364,8714,2002
364,8715,1955
364,8716,1969
364,8717,2037
364,8718,2123
364,8719,2212
364,8720,2300
364,8721,2456
364,8722,2603
364,8723,2721
364,8724,2548
364,8725,2329
364,8726,2245
364,8727,2198
364,8728,2182
364,8729,2281
364,8730,2607
364,8731,2614
364,8732,2593
364,8733,2530
364,8734,2338
364,8735,2037
364,8736,1790
365,8737,1643
365,8738,1591
365,8739,1646
365,8740,1713
365,8741,1888
365,8742,2136
365,8743,2409
365,8744,2527
365,8745,2616
365,8746,2707
365,8747,2677
365,8748,2708
365,8749,2646
365,8750,2538
365,8751,2195
365,8752,2200
365,8753,2274
365,8754,2581
365,8755,2576
365,8756,2482
365,8757,2396
365,8758,2193
365,8759,1929
365,8760,1715
