hour,day,reserve_up_MW,reserve_down_MW
1,1,162.12978347500007,153.7395977499998
2,1,149.96591457500014,142.7890003999999
3,1,154.27695085,116.98538812500004
4,1,168.20207497500022,127.48464912499988
5,1,129.3720807000002,132.9620496749999
6,1,170.21003165000016,157.78987314999995
7,1,204.93162145000022,176.95294472499995
8,1,200.9515293000002,210.5657281249999
9,1,239.72344602500004,227.80914767500002
10,1,255.16591527500006,196.12539282499986
11,1,206.96838707500015,206.61808152500004
12,1,199.54616720000024,173.36782362499997
13,1,228.4774392750001,185.5520207749999
14,1,237.99817692500017,215.59629802499995
15,1,160.17236362500006,238.59317072499994
16,1,220.12391022500015,184.06792967500002
17,1,220.30902262500004,229.61819410000004
18,1,224.77638995000007,238.71908190000002
19,1,289.50280284999985,235.6093151749999
20,1,229.59143712500017,246.4408438250001
21,1,217.83477205000003,206.63499437499982
22,1,234.54632370000002,215.35448327499992
23,1,174.133074325,181.67635387499996
24,1,159.7399860000001,144.99845007499988
25,2,138.32896797500015,141.67586392500002
26,2,88.1994469750001,120.44186805000002
27,2,112.37279527500004,142.832943675
28,2,140.38063577500003,145.481397075
29,2,166.03995257500003,137.54139610000004
30,2,164.687033025,223.503190125
31,2,174.80661462499995,163.98716872500006
32,2,225.3773012750003,266.029482375
33,2,268.2849533250002,237.575607
34,2,244.11059180000012,197.71476967499984
35,2,238.4114366,273.8010320999999
36,2,292.63966025000025,261.969642425
37,2,285.01824725000006,255.91686864999997
38,2,256.1227045750003,218.27827627499997
39,2,205.7207651000002,242.53484992500006
40,2,284.118952775,229.16344405
41,2,218.36223205000016,262.2782324750001
42,2,214.88482550000012,250.1113875749998
43,2,238.45019570000045,249.5957576749998
44,2,240.14563297500013,208.57611839999998
45,2,314.3775793250001,255.31263485
46,2,244.46762775000005,242.27529135
47,2,202.77239585000007,189.13477867499995
48,2,162.14559457500002,179.74382362499995
49,3,182.08980875000026,142.14993834999996
50,3,140.31081037500016,125.84967640000002
51,3,193.08797815000014,140.31800434999997
52,3,156.34136572500006,126.19822749999997
53,3,160.7446568000001,178.06791990000005
54,3,159.173677175,175.81464777499997
55,3,240.97664532499994,218.65999129999992
56,3,210.55559942500017,239.56245819999992
57,3,203.1110758999999,246.6732953
58,3,207.20590230000033,312.43842052499997
59,3,265.56320462499997,308.37319475000004
60,3,267.9841152750003,275.3485099249999
61,3,304.5298511000001,279.77100082499993
62,3,259.12945567500003,285.76665804999993
63,3,293.60503025000014,301.3076168499998
64,3,297.37416157500036,249.4689652250001
65,3,227.22931597500002,261.5440887250001
66,3,202.42682712500005,264.8570497250001
67,3,240.596686525,238.01956995
68,3,230.62575804999994,241.62771672499986
69,3,242.32819399999988,242.81528314999997
70,3,251.90438430000006,228.20918075000012
71,3,214.55094277500018,217.62992194999993
72,3,147.49776125000005,175.16399124999998
73,4,164.65256642500003,161.68600964999996
74,4,150.58136152500003,138.50911424999998
75,4,144.96929960000008,137.52352955000003
76,4,144.11692100000013,143.482276975
77,4,133.298717475,179.95717542499995
78,4,150.6117328499999,181.50104414999998
79,4,179.03362247500013,188.33344462500003
80,4,251.22648542499996,264.8512530499999
81,4,271.64676387500003,265.4092177749997
82,4,277.49745202500014,315.99773612499985
83,4,265.0107136250002,264.80187282499986
84,4,263.5616199249999,279.6354231749998
85,4,234.63723135000004,286.7331364249999
86,4,230.3147072250003,244.7538412
87,4,241.57309890000053,255.61542322499997
88,4,228.16759062500012,275.2685877499999
89,4,196.44448420000015,220.192714075
90,4,259.33098007499984,294.60148312499973
91,4,213.9026908500001,306.9884076249999
92,4,220.99145730000004,337.79761454999993
93,4,190.4054230750001,247.45187019999986
94,4,211.93107582500005,200.95251030000006
95,4,233.56993960000025,179.609774425
96,4,165.04668600000008,166.0893279
97,5,145.31734197500003,156.14825947499992
98,5,153.5043958000001,123.63658709999999
99,5,173.196084875,188.15559567500003
100,5,171.4206577500001,154.50163229999995
101,5,191.48864537500015,167.50370929999997
102,5,218.13980007500032,171.92293002500003
103,5,252.39077507500008,204.5938186749999
104,5,270.62713220000006,203.5206910000001
105,5,286.21959579999987,272.8315630249999
106,5,335.83672737500007,190.09846344999988
107,5,326.309263525,287.24125100000003
108,5,332.3828369749999,316.13442829999974
109,5,275.3822044500002,276.85015254999996
110,5,260.27022467500035,280.365358475
111,5,254.46839085000002,196.80481964999987
112,5,242.4794036250001,249.57344662499986
113,5,218.36088125000015,250.39160314999984
114,5,253.80749210000016,268.39610574999995
115,5,242.77575710000008,269.2127775749999
116,5,248.31182747500003,300.02782775000003
117,5,195.31301900000017,248.6788124499999
118,5,254.81642115000005,235.15185840000012
119,5,170.8258497500004,228.44846022499985
120,5,153.93246007500005,149.9362587249999
121,6,158.54725057500013,146.98381527499993
122,6,141.69427734999996,147.79780354999997
123,6,126.99854542500006,168.31298859999998
124,6,144.91526615000004,180.85702622499997
125,6,148.84065580000006,169.19349955
126,6,179.6479682000002,171.07277984999993
127,6,230.08971982499986,219.40875217499973
128,6,257.49439330000007,249.87453452499994
129,6,215.34401170000024,269.70055894999973
130,6,308.36007265,257.13249412500016
131,6,261.751117075,302.162417925
132,6,328.19112220000005,258.3322049
133,6,271.0707979750001,265.084739225
134,6,257.53085217499995,270.41073205
135,6,143.5759595250001,278.08136450000006
136,6,181.30664694999984,276.7716291000001
137,6,240.5394514750002,227.55978059999995
138,6,220.40760995000016,224.00347484999986
139,6,286.57801247500026,244.34259022499992
140,6,218.63774210000003,326.52312592500016
141,6,241.03803045000006,282.385255225
142,6,206.28834360000002,244.61743717500013
143,6,176.87327737500007,200.77643269999993
144,6,164.41641535000002,157.73688175
145,7,177.69439320000012,149.30432774999997
146,7,175.533157875,125.504516325
147,7,174.34375440000002,167.766376275
148,7,151.70438934999993,119.60617250000001
149,7,129.77952315000005,148.64669404999998
150,7,198.8707794,222.18966325
151,7,242.66689810000008,202.80193609999986
152,7,271.66911730000004,205.02229042499988
153,7,240.7511072,194.13898580000006
154,7,281.1004193500003,240.50548499999974
155,7,309.739236325,223.5039857500001
156,7,313.83185255,227.84454067500013
157,7,240.76704982500024,194.7960333999999
158,7,282.2064036499999,209.69595487499998
159,7,225.36305817499988,203.10175240000004
160,7,237.05347122500038,183.16885187499986
161,7,211.25357825000003,208.21557227500003
162,7,249.4864750250001,216.60019509999978
163,7,235.07573442500023,202.06578797499998
164,7,188.30854212500012,226.66586497499995
165,7,184.77306339999998,244.07362249999994
166,7,198.10870567500018,244.7979573
167,7,184.65033742500003,210.55677060000005
168,7,141.15458305000004,135.8628245999999
169,8,152.24358765000005,113.12371492499996
170,8,125.56027395000001,149.773199525
171,8,136.58989844999996,116.82412610000002
172,8,190.141017375,117.45124827500004
173,8,181.99939767500018,119.58589417499999
174,8,189.05978377499994,142.63955082499996
175,8,188.66119762500017,165.51281137500007
176,8,198.65217152500014,195.3230843250002
177,8,210.95812510000013,234.3925754999999
178,8,210.8405220750002,234.22227385000002
179,8,243.28589537500022,209.28627185000005
180,8,232.39225385000015,222.66807292499993
181,8,247.26016057500016,204.08975862499975
182,8,218.85398299999997,228.85406422500012
183,8,187.47011812500006,181.42491547500003
184,8,198.28170360000013,202.897226
185,8,262.31150472499996,213.14369129999994
186,8,193.1538599249999,212.74096022499998
187,8,207.35960424999993,246.05503984999987
188,8,188.05891287500012,201.37658169999983
189,8,224.85337807499997,209.59942994999983
190,8,219.41566517499996,199.86182624999987
191,8,225.57700770000008,169.53645759999992
192,8,162.82003387500015,143.5884114499999
193,9,114.48234752499997,128.08887527500005
194,9,109.3334198250001,133.04018852500005
195,9,146.03701702500015,140.64956142499994
196,9,170.172817275,165.014012825
197,9,185.81236317500006,163.48657007500006
198,9,198.956845575,205.46879784999993
199,9,261.65035125000026,272.0653319750001
200,9,277.5762240500002,214.476115825
201,9,273.0745562750003,243.21097724999998
202,9,278.7540087750001,241.09761509999987
203,9,220.00114152500026,221.42301729999997
204,9,270.11603705000016,309.1802311499999
205,9,255.94443042500012,270.3338536250002
206,9,327.8735568250004,242.02974699999987
207,9,241.2672846250002,281.56975674999995
208,9,268.91710320000004,195.51634797499983
209,9,256.46852569999993,253.96341495000019
210,9,226.9560792000002,275.6671745749998
211,9,236.23044515000024,270.0228667
212,9,255.59451862499998,292.708606025
213,9,198.92479822500002,300.09717937499994
214,9,214.14408492500004,236.97307102499988
215,9,205.84701687499995,209.21642087500004
216,9,158.80506937500007,194.007106075
217,10,171.81517284999995,163.54236870000003
218,10,168.05828052500004,156.72318255000002
219,10,162.40434419999997,135.93232157499992
220,10,140.37623312500003,133.55639652499994
221,10,154.199266525,176.5308254999999
222,10,169.72684534999996,214.80124657500005
223,10,250.62159785000028,230.95024970000003
224,10,264.652733225,279.8276211750001
225,10,292.1559687,325.4013593250002
226,10,299.59841352500007,276.75712389999995
227,10,260.16299195000016,250.6501508499999
228,10,302.833477375,246.23649607499974
229,10,285.48250097500005,240.9737291750001
230,10,244.3997769250002,239.34099147499998
231,10,224.07915134999996,263.24179777499995
232,10,177.4774569000001,244.35578027500003
233,10,233.40389469999997,219.146912875
234,10,275.5077909,190.854806375
235,10,224.77285897499993,289.27402152499985
236,10,229.911656125,283.1872394
237,10,271.60572470000005,236.36218454999997
238,10,191.7112040500001,236.7160410499999
239,10,192.1000667750002,261.00854227499985
240,10,190.18851512500024,171.29618737499993
241,11,177.40025270000018,157.700584225
242,11,161.3324901500001,163.87475149999995
243,11,140.0292019,166.22465154999992
244,11,193.68640640000012,142.72352119999988
245,11,181.77158542500004,169.56392922499995
246,11,185.39527852500018,165.739427525
247,11,220.0520885250002,209.92557937499993
248,11,230.00104082500008,304.460819675
249,11,241.04201389999997,257.76947417499986
250,11,319.463540925,309.79160997500003
251,11,256.43465622500014,275.63200957500015
252,11,277.84318002500004,278.9111494749999
253,11,301.3661052249999,290.60422407499993
254,11,299.32332195,266.289980325
255,11,273.0111705500003,208.93631887499993
256,11,258.05711695000025,231.90203180000006
257,11,250.55459182500007,239.98838445000015
258,11,206.1542507750002,239.25077957499997
259,11,284.5027853250003,249.9193129749999
260,11,309.08390275000033,216.2040600499999
261,11,248.3193234750001,224.0927092999998
262,11,251.7453258000001,217.1850597999998
263,11,258.59107745000034,182.70539359999998
264,11,203.5312647,180.10302809999996
265,12,141.66569362500013,116.6352708000001
266,12,168.045382875,146.72457144999993
267,12,158.14300250000008,123.946806375
268,12,141.9912686250001,183.00078379999997
269,12,227.3782415250002,173.93214594999995
270,12,184.25645052499996,164.02826557499998
271,12,228.36942205000028,211.00527985
272,12,221.51392169999997,237.11634345000007
273,12,207.83709572500015,254.48634562499993
274,12,264.1092156750002,264.506877625
275,12,305.6366493750003,277.98107837500004
276,12,269.78773432500003,253.30290657499978
277,12,306.73665247500026,343.45116164999996
278,12,264.6855556500004,244.07334522500014
279,12,218.21129245000014,294.80737147499985
280,12,224.59952305000024,238.81962934999996
281,12,168.22362637499998,203.52554685
282,12,250.72552160000015,215.150558575
283,12,246.70949500000006,255.75531602499984
284,12,297.3314289250003,216.48340017500004
285,12,232.7542395250004,275.0203506749999
286,12,203.13314552499992,286.51701527499984
287,12,201.28509217500016,215.2785674999999
288,12,174.37727055000005,145.14607075000004
289,13,173.8809344500001,177.658757725
290,13,151.6588567500002,182.13952935
291,13,159.16591150000002,150.97494324999997
292,13,135.6693117250001,138.00191360000002
293,13,164.1024189000002,173.529652025
294,13,201.68931155000024,217.02250994999997
295,13,200.29571525000017,242.92104462499992
296,13,212.84251894999997,250.29213465000015
297,13,226.28994402500018,263.7985564
298,13,314.82320080000017,299.1469880499999
299,13,326.396662225,265.23272899999995
300,13,268.4544742250002,258.82031885
301,13,227.60915455000014,222.38801552499996
302,13,228.12171797500014,245.44932707499999
303,13,193.95557052500027,245.97615099999985
304,13,244.74090577500004,226.74282189999997
305,13,235.02175234999984,261.5702720749998
306,13,242.2095369,255.2524523249998
307,13,313.37502222500007,222.92548877499996
308,13,304.7063885,252.41393949999997
309,13,289.015636725,252.23696724999996
310,13,241.19736280000012,222.40631769999996
311,13,258.4988799250002,198.85354455000004
312,13,176.97882147499993,176.51163974999997
313,14,157.23325182500017,165.34614889999992
314,14,134.5912572500002,188.86949952500004
315,14,136.87625135000008,183.25323027500002
316,14,155.22020917499998,191.99838992500003
317,14,171.32023700000016,182.97274977499995
318,14,171.89053035000015,179.597820975
319,14,205.3304120499999,210.18335119999992
320,14,198.05190915000003,249.03676312500002
321,14,267.35905755000005,226.89247365
322,14,261.98107785,302.2042179249999
323,14,215.75401034999993,383.42408307499977
324,14,251.82546930000007,231.10570107500007
325,14,284.6504514500004,198.16589697499978
326,14,240.96509792499995,223.59822785
327,14,260.30877195000005,200.73119329999997
328,14,237.22128737499992,203.8380676999999
329,14,297.96073824999996,200.32807335000007
330,14,282.9678608250001,209.06075250000015
331,14,237.36289212500003,264.79525707499994
332,14,241.63168832500014,253.1806460749999
333,14,244.90525625000015,289.3159693250001
334,14,222.73892340000023,316.73623734999995
335,14,183.06737185000003,196.17589719999998
336,14,159.47732217500004,174.41543397500004
337,15,146.59561422500002,136.17540420000003
338,15,135.49214840000002,99.90905175
339,15,144.17886762500004,133.11908919999993
340,15,131.58885940000005,166.60131084999995
341,15,146.52201802500002,123.96187697499997
342,15,174.5006149750001,167.36071407500012
343,15,216.93155715000046,215.0879919249999
344,15,244.4532328250001,240.6046872750001
345,15,234.84635762500008,239.79954362499996
346,15,221.33298757500006,265.4627282250001
347,15,212.9951384250001,214.99004742500006
348,15,261.2517015500001,221.26861437499997
349,15,272.5871929749999,255.81825487499992
350,15,278.9288053250003,203.08565887500006
351,15,224.21879199999998,183.347923875
352,15,279.7796582500001,237.2598572999999
353,15,208.82275987500003,240.34317030000005
354,15,231.76692235000036,241.33638187499983
355,15,245.57960060000005,219.13924529999977
356,15,222.5969374,227.32101474999985
357,15,221.73190940000015,271.16639444999987
358,15,210.41800787500017,177.89663249999995
359,15,209.68014082500017,149.59491512499991
360,15,194.2886173,167.19182795
361,16,141.33285684999996,115.38495842500001
362,16,119.70587465000011,127.72204877499999
363,16,118.1965869,131.10323099999997
364,16,151.48737604999997,148.51350317500004
365,16,187.47596550000003,186.62584455
366,16,210.9906777500001,140.80266899999998
367,16,254.22100737500017,275.9564655500001
368,16,265.1238925750001,181.08683482499993
369,16,270.2617190750003,229.8949501249999
370,16,244.18015924999997,242.91562994999995
371,16,253.67302312500004,282.27731329999983
372,16,335.88234385000004,336.5155716999998
373,16,252.56529082500015,297.0604075749998
374,16,234.7551179249999,276.4100530499997
375,16,220.98585682500013,219.1649729249999
376,16,238.05171240000004,214.34838692500006
377,16,225.77102390000016,253.66624779999998
378,16,269.0697377500001,287.3732046249999
379,16,262.6679303000003,222.1178847500001
380,16,241.76534167500023,294.86011205
381,16,273.83637312499985,326.5331474750001
382,16,256.60400072499993,214.9486650249999
383,16,217.4701100250001,248.3009603999999
384,16,175.0381322500001,233.71398679999993
385,17,176.99024112500007,170.08470870000002
386,17,162.22575245000007,148.41806367499993
387,17,165.78183264999993,132.6762495749999
388,17,192.86264967500006,141.79828307499992
389,17,188.40471772500013,160.36508657499994
390,17,201.76001615000004,198.37413147499996
391,17,262.86922305,266.9493533749999
392,17,259.12094285000006,239.69035259999987
393,17,254.68876875000018,320.62856792499997
394,17,344.0195583500001,279.01843165
395,17,284.66341380000006,235.5500806249999
396,17,262.29895750000003,237.18103027499978
397,17,238.56382415000007,208.55226804999984
398,17,230.83308230000011,234.74906310000003
399,17,262.36407007500026,238.8126447749998
400,17,301.39019582500003,254.91185757500006
401,17,227.3180298000001,209.94435925
402,17,305.2060177500002,251.69208377500013
403,17,293.9667132250002,287.9382564749999
404,17,342.8737570000003,322.08916647500007
405,17,235.66553290000004,328.7915266999999
406,17,218.07397372500003,285.5865371749998
407,17,181.8442463250002,236.91439272499994
408,17,193.08480287499995,188.025974375
409,18,148.58552295000004,145.10654802499994
410,18,164.82875107500007,164.56092614999994
411,18,144.1674663750001,143.62597432499996
412,18,142.82156559999996,153.07593964999998
413,18,140.31050135,209.60107145
414,18,191.59248890000026,189.56135087500002
415,18,217.42062945000004,215.5683856749999
416,18,215.89877697500015,258.9007478750001
417,18,329.28417790000026,301.81453547499973
418,18,323.3089042250001,266.0558953750001
419,18,338.5756574750002,275.1419070750002
420,18,253.51670652499996,256.886316325
421,18,264.2258990250002,252.14989194999993
422,18,272.94856530000004,270.53909604999984
423,18,263.84683102500026,260.23833155
424,18,223.5492024000001,221.67939675000002
425,18,281.5469162750004,244.27632029999978
426,18,287.5562453250001,255.35078972499994
427,18,297.6240802250001,229.6255161499999
428,18,221.07152965000017,248.1739644999998
429,18,241.86578987500036,254.89095955
430,18,297.54045057500014,221.77870322500002
431,18,218.01900547500003,228.7796951
432,18,222.68725185000014,218.38329272499996
433,19,146.41884042499998,158.03720902499992
434,19,153.02482407500008,199.93175117499987
435,19,171.93635505000012,199.09122924999988
436,19,190.11508642500024,174.55973577499998
437,19,154.13196270000012,162.91276382499996
438,19,184.26350697500004,228.91685790000002
439,19,286.4629267,215.58278229999996
440,19,250.95214205000005,253.990534975
441,19,252.9305775749998,280.3736937249999
442,19,323.51884800000016,283.3178220499998
443,19,300.9368631,321.8255629000001
444,19,240.949545775,232.08372669999977
445,19,237.30002727500008,252.49017662500012
446,19,283.89149900000035,226.71786550000002
447,19,216.2283575000002,209.87177494999986
448,19,216.22006487499988,287.2552283749998
449,19,258.87433252500006,257.7652682500001
450,19,245.70292607500016,222.68856179999995
451,19,262.08061447499995,266.5490740750001
452,19,215.41542857500008,270.89811339999983
453,19,272.384356,233.40352880000015
454,19,219.94853315,228.74208067499984
455,19,193.99268515000045,236.37316435000005
456,19,173.02190310000006,200.21380347500002
457,20,172.36276585000005,134.73844345
458,20,160.3920872500001,159.04329952499995
459,20,165.12201352500023,163.82799717499984
460,20,166.2175398000001,165.13823674999992
461,20,130.08958582500006,169.83474287499996
462,20,167.76157730000008,195.69708860000003
463,20,267.07199685,231.74413269999985
464,20,241.8956089500001,210.92186349999983
465,20,228.09298782499997,281.3775321249999
466,20,296.85734584999983,242.89780895000007
467,20,328.78814490000053,265.3947856
468,20,264.0787499000003,296.38375300000007
469,20,219.14054750000003,272.94685957499996
470,20,228.25131829999998,203.430229425
471,20,231.12947935000005,259.173696725
472,20,280.88365462499985,239.316470675
473,20,253.99902479999997,286.9160173749998
474,20,239.45463405000015,277.8759722749998
475,20,265.5439209750004,209.26856452499987
476,20,226.47130475000017,240.88726609999992
477,20,262.6640204000001,255.60915839999996
478,20,256.10832877500036,219.83489035000008
479,20,201.4945190000003,210.37388339999993
480,20,192.21014195000015,189.33860099999993
481,21,199.59937137499998,241.5177126499999
482,21,201.8945874500002,202.16118645000003
483,21,166.7289452000001,190.36073224999993
484,21,188.93209210000006,169.15597725
485,21,167.4622732000002,195.0775908249999
486,21,179.81672737499994,206.58980657499993
487,21,169.4663382250001,180.86460547499996
488,21,240.60560832499996,216.430683375
489,21,181.64931940000014,233.91489109999986
490,21,280.98772772499996,276.23159387499993
491,21,252.62918567500006,298.7411045000001
492,21,232.72108905000022,269.2763799499999
493,21,270.71209182500024,245.07662087499995
494,21,247.187505975,212.51680917500016
495,21,243.02405437500005,242.42637947500003
496,21,269.870547225,221.75972682499992
497,21,212.08642735000012,221.4233526249999
498,21,216.76718225000013,263.07584172500003
499,21,249.71683787500015,288.2344920249998
500,21,250.0467161000002,281.6666084500001
501,21,209.08510187500025,203.54985644999994
502,21,202.0503761500001,178.70058635000015
503,21,186.08322977500006,255.79043207499998
504,21,175.73076232500006,180.52756302499992
505,22,183.1813483500001,151.8230413
506,22,150.54254665000016,164.2403872
507,22,162.878567175,175.726173625
508,22,149.24513642500028,204.6643085
509,22,174.80375475000008,162.36184065000003
510,22,216.49157125000005,196.00866462499988
511,22,165.58695829999994,224.96379620000002
512,22,207.22070912500004,214.13543007499993
513,22,237.30002672499995,225.22403544999997
514,22,253.73099035000016,208.67279374999995
515,22,314.0629424750001,267.96688207499983
516,22,250.67847775000013,228.8957470750001
517,22,194.68880510000008,236.98110082500006
518,22,249.6677229750005,199.54196202499986
519,22,241.59242735000026,195.21140907499986
520,22,211.08798372499996,168.1757075499998
521,22,231.14751122500013,233.86072242500018
522,22,244.89333912500018,259.493238
523,22,207.478342975,265.7983291750001
524,22,256.3485972000003,257.5036318
525,22,249.1310314250003,256.6769941000001
526,22,234.37728140000013,275.8068416749999
527,22,207.62414425000006,211.7038474749998
528,22,182.06803705000004,162.86960694999996
529,23,195.53757977500015,173.10803599999997
530,23,148.10699707500004,162.776017675
531,23,165.54986865000023,180.75619455000003
532,23,212.61194487499998,189.342811825
533,23,198.60737827500017,157.43318384999995
534,23,210.760392575,180.40454314999994
535,23,232.2399615000002,246.74381614999987
536,23,224.10000615000007,316.84760044999996
537,23,251.59660465000007,327.7020115999997
538,23,289.5798376500003,240.81823787499994
539,23,276.354171875,265.287664825
540,23,368.58365967500015,252.66345945000018
541,23,338.02089187500013,300.97922665
542,23,324.6688408250002,290.17814897500006
543,23,265.11587054999995,289.40634917500006
544,23,280.69031687500024,265.03619597499994
545,23,211.0420666500001,251.42849147499982
546,23,229.5656892000003,248.552315275
547,23,241.50899455000012,238.34354205
548,23,221.1427842249999,243.23032467499996
549,23,279.37549987500057,222.74893435000004
550,23,232.3288120000002,269.27055512500004
551,23,228.226552125,188.2485539500001
552,23,197.0219637749999,195.64339702499996
553,24,150.30309572500002,147.98148834999995
554,24,158.22148627500007,157.33644715000003
555,24,170.55687475000005,174.8515001749999
556,24,155.34190955000008,146.25787642499992
557,24,158.2842523500001,199.14261547499996
558,24,178.49815404999993,177.39180087500006
559,24,232.3959410250003,243.22310677499996
560,24,224.04676432500014,259.37137457499995
561,24,209.5226630000003,277.77953647499976
562,24,192.09418890000012,296.25471419999974
563,24,251.69945120000045,319.43760172499975
564,24,348.1705548750001,251.51482677500002
565,24,281.6349499500001,231.28266604999976
566,24,279.89907804999996,271.4154112250002
567,24,285.8656264000001,269.68326092499996
568,24,300.3849198500002,275.9908885750001
569,24,248.01322817499994,266.8744095250001
570,24,292.37324015000024,276.1645724499998
571,24,253.25274590000004,272.6804784499998
572,24,205.6535170499999,262.66666775
573,24,282.02952167500007,232.51705707500008
574,24,272.41599035,236.0367114500001
575,24,191.35663560000012,240.4156717
576,24,177.68508612500008,179.873020875
577,25,137.67168002500006,123.92620097499997
578,25,166.24638147500013,137.68093844999999
579,25,136.42175157499997,138.8002789749999
580,25,155.9901428000001,122.80296904999997
581,25,187.20732320000013,131.07082595
582,25,196.82176570000007,162.72976132499997
583,25,233.0427722000003,261.094613525
584,25,259.04903415000024,238.81432599999994
585,25,260.09586795000007,257.5516623499999
586,25,294.1259349,289.4956060500001
587,25,287.211161025,323.77913757499977
588,25,260.7390524749999,316.7300808000001
589,25,264.8104674499999,288.07731082500004
590,25,257.762840475,241.87860872499994
591,25,247.37870320000025,235.181035825
592,25,251.08145795000007,239.92564937500003
593,25,250.67973552499996,234.5099869
594,25,240.5036137750002,254.33945647499974
595,25,224.15257637500017,244.39451774999992
596,25,343.31067347500084,242.12518315000017
597,25,271.42856940000013,262.17372312499987
598,25,211.69637947500016,285.8680670999998
599,25,179.02002892499996,231.63560159999992
600,25,198.26857745000007,146.71853849999997
601,26,158.88801222500024,190.6747096749999
602,26,119.82824777500014,145.05077887499996
603,26,161.1901149000001,122.947000925
604,26,178.84300265000002,133.1988026749999
605,26,137.93242737499992,190.19311879999995
606,26,159.65793357500007,178.99356265
607,26,225.82259169999983,217.4481702999999
608,26,259.8856422750001,250.09656069999994
609,26,274.76280204999983,257.4982397
610,26,329.77205559999993,265.8835088750001
611,26,277.28434200000015,236.6622980000001
612,26,261.86315850000017,277.307909225
613,26,284.61552292500016,305.5953132499998
614,26,289.6062604750003,190.34779567499976
615,26,223.26288152500007,256.7662786750001
616,26,266.30513175,239.4939852999999
617,26,235.37459985000015,234.008354725
618,26,278.5785738750001,185.9324509999999
619,26,311.487560175,194.91801915000013
620,26,209.7256134250003,219.71902514999996
621,26,304.8265946000001,253.10716277499984
622,26,261.6026757750004,205.77427742500004
623,26,232.1401624,184.23908772499993
624,26,123.81986125000012,163.91922874999995
625,27,137.5069628250001,151.73389042499997
626,27,124.43554194999994,145.77207679999995
627,27,139.07613355000007,113.84442924999993
628,27,150.58993125000003,128.91219485
629,27,165.31715472500002,138.85203502500002
630,27,230.4898126250003,146.40605182499993
631,27,199.3819520500001,196.6633705000001
632,27,189.07548735,212.3369410749999
633,27,233.6184674500001,256.72407380000004
634,27,205.03169812499988,244.62494420000007
635,27,275.40413897499997,295.6691889749998
636,27,182.5519108000003,320.93102555000013
637,27,294.25412440000014,285.8940787999998
638,27,261.338447675,226.49097642499993
639,27,223.23935725,230.08083234999998
640,27,222.55587724999992,271.6849680749999
641,27,197.57152867500025,220.70446109999983
642,27,216.2473473,247.94704890000003
643,27,218.05978555000013,245.32379082500006
644,27,216.55043192500017,231.7305247249999
645,27,247.91398165000015,223.80728569999977
646,27,198.37603232499993,242.83699984999998
647,27,190.18101389999998,204.11754335
648,27,158.72533547500018,167.68470130000003
649,28,130.78179082499997,148.50570985000004
650,28,150.64218524999998,149.7388709249999
651,28,166.16833172500003,141.23528085000004
652,28,150.4805516,170.63232127500007
653,28,131.23736320000003,137.9517878499999
654,28,162.5147693750001,132.94723464999998
655,28,192.5139504500001,180.117209275
656,28,239.44089545000003,212.51412325000013
657,28,206.84787299999996,239.93065157499998
658,28,258.1831214250002,256.34459747500006
659,28,200.07811675000005,289.4062635749999
660,28,224.66337130000014,242.85781910000003
661,28,239.1399246750002,251.3134845749999
662,28,249.2378182000001,246.88380877499984
663,28,213.59704197500008,173.06373110000015
664,28,273.19688217500004,187.434857125
665,28,218.2256702499999,226.24983435000007
666,28,274.7947368500002,239.23345282499997
667,28,299.23783082500006,247.4356625999999
668,28,315.0390781000001,217.22543290000002
669,28,225.04732145000003,210.32744805000007
670,28,225.76798977500005,257.426612825
671,28,176.71287367500008,212.69074162499993
672,28,158.30772470000005,147.61402927499992
673,29,133.9913113999999,145.69183624999988
674,29,130.28457480000014,125.82133432499992
675,29,149.94112157500024,128.44889287500004
676,29,147.89506315000006,135.40780832500002
677,29,175.33356905000008,165.95072327499997
678,29,127.57863087500004,170.69592212500004
679,29,166.34071862500033,213.68667649999992
680,29,155.76806932499994,212.09830979999987
681,29,248.7881158000001,263.6379678499999
682,29,237.48299030000038,282.10758017499995
683,29,230.49681652500033,222.466083675
684,29,218.63841790000043,217.04955642500002
685,29,274.90822827500006,217.98436722500014
686,29,215.79420082500008,229.61563272499995
687,29,199.37411627500023,257.76161465
688,29,252.53710370000005,201.55134990000005
689,29,173.03102682500008,167.314191325
690,29,199.79713734999999,196.96854774999994
691,29,221.1191184500002,225.45362449999982
692,29,230.36235742500014,236.29334764999987
693,29,243.56789042500003,249.83345600000007
694,29,228.78163060000003,220.8008286249998
695,29,178.65484662499998,197.48349672499995
696,29,180.09622325000004,141.94695922499994
697,30,147.76732722500003,112.60948902499997
698,30,133.59447740000013,107.34564752500003
699,30,126.80432485000009,133.56174562499993
700,30,155.23964345000005,177.90531347500007
701,30,172.8053222500002,209.20604650000007
702,30,169.08203842500018,229.31867182499997
703,30,223.2775254,238.02146415000004
704,30,278.6105155,231.62169202500007
705,30,276.59475590000005,335.1964306749999
706,30,285.60288920000016,291.35133094999986
707,30,235.627546225,291.90191082499996
708,30,337.67935577500026,299.98388295000007
709,30,270.9680017500001,296.1559235
710,30,259.8357480000001,364.5500093500001
711,30,245.4258143249999,237.96485644999984
712,30,306.1332961500002,253.47997955
713,30,229.93810787500001,256.38690877499994
714,30,217.47167332500004,291.3201747250001
715,30,268.6427900749999,321.3595174999999
716,30,190.23577097500004,245.7821085000001
717,30,216.698279075,314.26759012499997
718,30,221.07804187499994,214.87867709999995
719,30,164.8766763000002,217.78095462499994
720,30,158.62550690000006,170.48587907499996
721,31,185.05971755000013,164.15744249999995
722,31,124.51292020000008,157.8916539
723,31,121.62983677500014,152.38893747499992
724,31,133.47314105000004,131.52672759999996
725,31,172.177324625,126.57197782499998
726,31,177.233791925,203.14155667499995
727,31,223.86634875000016,190.25884237499992
728,31,180.80985642500013,262.5707681749998
729,31,271.5191609500001,306.5194465999998
730,31,298.00217145,261.018882625
731,31,357.64333175000013,242.01317980000005
732,31,286.37016122499995,288.45405882499983
733,31,229.23833717500014,288.42841969999995
734,31,218.6428560250001,214.03982497500004
735,31,185.19483080000015,241.9064420249999
736,31,203.91791922500016,216.23067692500004
737,31,295.8840938750002,224.93060159999996
738,31,241.38390270000036,252.257584475
739,31,267.2101506000002,257.2428584500001
740,31,251.6913943500001,206.757952275
741,31,312.5326370000005,195.46787769999992
742,31,227.74545880000008,136.94605927500004
743,31,190.93852312499993,177.23325760000006
744,31,179.74310830000002,166.15631872499995
745,32,159.69019952500014,146.703377625
746,32,146.39477862500001,110.11916982499991
747,32,103.64077212500003,114.45987799999996
748,32,156.333827725,183.52532184999995
749,32,131.76472857500005,173.45108755
750,32,136.47376522499997,183.4746456499999
751,32,191.3551673250001,196.093309625
752,32,166.32556587499997,183.8117885250001
753,32,282.9401109749999,256.73069407500003
754,32,301.97287350000005,230.73620772500004
755,32,329.1088537499999,213.58417245
756,32,314.1028980000003,253.1128648250001
757,32,281.71356192500014,234.848137425
758,32,285.4466110249999,230.84512037500002
759,32,274.6620545250003,222.55607435000005
760,32,263.01689875000045,239.39941344999988
761,32,170.02216477500014,250.49428187500013
762,32,274.3992900750002,304.15398852500005
763,32,252.12895540000017,251.92041644999983
764,32,296.38230987500015,299.98832147499985
765,32,283.212557725,261.3387696749998
766,32,249.19026287500031,222.53111582499986
767,32,192.64600694999996,212.2697507749998
768,32,134.89425755000013,151.73275279999996
769,33,143.47118270000004,204.65428965
770,33,139.89438379999996,167.784091
771,33,137.82821565000012,151.5634556500001
772,33,142.38161800000003,197.37220090000002
773,33,174.5107822250003,163.17063619999988
774,33,179.64541267499996,217.062768525
775,33,243.26520387499997,199.5469150749999
776,33,179.3390496250002,308.07964442499997
777,33,226.84651692500023,239.1084448749998
778,33,225.56986532500028,267.2162707499999
779,33,260.5016785500002,276.79521959999994
780,33,232.73773080000032,314.92795627499993
781,33,208.99366107500018,228.660661425
782,33,272.22132072500017,253.5775947499999
783,33,223.9725419500002,252.25889599999988
784,33,294.271024325,206.62925315
785,33,265.33164649999986,325.88857634999994
786,33,238.81569317500032,255.78949939999995
787,33,285.58200072499994,261.55157045
788,33,259.18258972499996,302.226501325
789,33,282.700905925,274.3156315749999
790,33,237.05013175000028,236.2301588499999
791,33,183.29548815000015,183.25578647499995
792,33,158.6997314000002,223.27934442499998
793,34,152.20960557500007,130.87919145000004
794,34,141.08172497500004,112.18465489999988
795,34,168.972986,135.412084725
796,34,168.7399088,117.76684062499992
797,34,167.45742067499998,157.88909769999992
798,34,191.87823972500013,148.92750339999998
799,34,263.9492998000002,211.28983869999996
800,34,284.8832842750003,294.68211442500007
801,34,323.68241882500024,263.2320616499999
802,34,312.6565017500002,276.00526879999995
803,34,320.5242105500002,325.89565742499997
804,34,241.3572855750001,216.60811055
805,34,283.07653849999986,223.64809665000007
806,34,249.69123349999995,266.2076721749999
807,34,209.39229090000006,229.56970257500004
808,34,271.6241607750004,236.06897269999968
809,34,239.96343352500026,219.43126515000012
810,34,213.23621957500018,221.26316827499994
811,34,279.00024340000016,306.58114307499983
812,34,255.60669812500026,277.491243325
813,34,233.8354955499999,203.24144902499995
814,34,224.25992665000004,218.9954424999999
815,34,177.20715447500018,174.09899955000003
816,34,169.62290470000022,174.18284792499998
817,35,171.99084037500018,151.01695617499996
818,35,147.42855487499997,127.64401832499999
819,35,155.88604782500016,109.94547739999993
820,35,152.18826365000012,124.3100268499999
821,35,154.83139965000004,175.38362262499993
822,35,187.42835335000024,202.72779199999997
823,35,212.43150767500015,212.50682279999978
824,35,222.05809532500004,186.9608281499999
825,35,222.28611042500023,256.76521629999974
826,35,254.4359277000001,285.3881124500001
827,35,297.3256608,263.19815037499984
828,35,319.52053927500054,182.1933520999999
829,35,287.38472222500025,233.62180612499992
830,35,226.3939695250002,199.92004567499987
831,35,230.61578595000006,202.01150005000002
832,35,229.4365171000001,215.75006320000006
833,35,213.2526137750002,218.68232849999993
834,35,193.7362249749999,216.48986102499993
835,35,284.8182997250002,253.38691970000002
836,35,248.4160781,322.6304496249999
837,35,246.4364927250001,216.3573758999999
838,35,212.01241989999994,213.72940442499987
839,35,212.6051129500001,185.87380237499997
840,35,181.06809822499997,185.50818284999997
841,36,133.54420165000005,147.27902832499998
842,36,147.80336195000015,129.0034232
843,36,130.22918040000002,155.45770054999994
844,36,182.09610592500005,168.9902130499999
845,36,180.95591750000003,168.551773375
846,36,205.40187185000005,203.99322954999994
847,36,215.26215840000003,210.972611825
848,36,206.4173094250001,215.78873509999994
849,36,215.40553882500035,241.38664807499995
850,36,276.76798572499996,221.75201687499987
851,36,271.0898048,178.83713587500011
852,36,246.5221966499999,198.39664497499996
853,36,243.50738945000035,154.61761802500013
854,36,243.88098800000031,164.69775207499993
855,36,220.94918167500003,205.26753712499993
856,36,198.69979955000028,213.98803105
857,36,188.71306827500007,180.11955980000005
858,36,228.32294047500005,223.73595717500007
859,36,301.79213907500014,216.8451117
860,36,244.956809775,279.4006738250001
861,36,233.51317570000012,302.1497584749999
862,36,212.48985705000004,260.35794462499996
863,36,204.58454300000002,182.90574020000003
864,36,209.68079727500006,185.6080362499999
865,37,146.64382569999998,164.51909252499996
866,37,151.46683607500006,120.92127292499998
867,37,162.18954385000012,131.12346474999998
868,37,147.26749522500012,142.76346119999994
869,37,154.39566474999998,161.35872834999992
870,37,166.76195817500027,195.7100155749999
871,37,231.17134580000004,212.13925252499996
872,37,299.6696292750001,221.11029332499982
873,37,289.7326352,288.0102225499998
874,37,264.30074147500034,233.8741241749999
875,37,380.8640656750006,225.01197484999983
876,37,328.93837750000034,269.1491028749999
877,37,245.86131062500024,241.36170857499985
878,37,254.20075952500008,239.99095937499985
879,37,249.17573110000035,224.2278969500001
880,37,266.4546819750002,207.87989889999983
881,37,269.37551887500024,180.40832015
882,37,256.5549309250001,197.0707780499998
883,37,263.6415640250002,237.84138970000006
884,37,282.5868502750001,261.14999367500013
885,37,266.5372067500002,243.47617295000015
886,37,206.75981737500018,239.37579887499965
887,37,224.0574365500001,229.96515032499997
888,37,218.78007609999992,190.49923719999998
889,38,161.478663075,140.28571352500003
890,38,139.518605975,149.205188775
891,38,132.76366292499995,166.51793682499994
892,38,135.158189575,154.587401575
893,38,178.3535191500003,205.16680647499987
894,38,178.80300337500015,221.14111999999994
895,38,232.65184802500005,211.49951147500002
896,38,250.93534377500023,246.29939484999994
897,38,241.89161720000013,240.48311217499997
898,38,257.4749516999999,302.1814048749999
899,38,301.7616121750002,237.5768992500001
900,38,331.31257132500014,312.32371442499993
901,38,237.91097830000015,311.67968952499996
902,38,264.3896578250002,303.0085100499999
903,38,209.1809167000002,201.78203910000013
904,38,230.83309280000026,209.00705059999993
905,38,213.1633535250001,234.63831432500007
906,38,252.39836147500017,282.37246870000007
907,38,266.5115052,247.87093772499998
908,38,240.86264362499998,230.59625360000007
909,38,234.88511574999987,257.25486849999976
910,38,236.95339170000022,225.0912006749999
911,38,187.3010692249999,189.0489225
912,38,190.65244530000007,177.08334857499983
913,39,144.71810357500001,144.552536775
914,39,160.16082380000017,151.75764802500004
915,39,136.94960282500006,148.08434314999994
916,39,175.6556675500001,146.2825451749999
917,39,123.09055927500009,159.28384782499998
918,39,162.79970765000013,175.74332767499988
919,39,244.78904655000002,246.506853225
920,39,287.76212422500026,219.1543330499998
921,39,271.70695162500056,266.46474817499995
922,39,263.633216825,290.21741967499975
923,39,281.04520900000017,284.71070075000006
924,39,308.1948034250001,283.1408377
925,39,284.9571545749999,252.24835252499975
926,39,209.86500094999994,262.6681114500001
927,39,216.21955572500013,212.19062722499984
928,39,225.14289672500007,196.12384417499982
929,39,203.620441175,202.90539075000007
930,39,224.18686705,269.95810107500006
931,39,254.06518472500008,280.31373199999996
932,39,339.20412672500055,311.77872455
933,39,318.1985093250002,302.8307278999999
934,39,208.80711140000008,275.03808285
935,39,119.64349792499993,208.635648325
936,39,190.440566,145.803294225
937,40,169.169057075,170.18705877500003
938,40,163.63420947500003,120.52291757499998
939,40,151.94508064999994,140.36894877499995
940,40,126.62047410000008,139.72589645
941,40,199.76960872500018,168.56703452499988
942,40,162.06508737500025,201.79609049999993
943,40,225.33572437500015,208.34645930000002
944,40,224.62438267500016,239.71153042499986
945,40,234.6802000750003,302.8001452499999
946,40,279.94280377500024,281.3925760000001
947,40,332.6888639750002,315.1092568750002
948,40,281.7478221000001,280.68772104999977
949,40,266.51089362500034,301.4231832749998
950,40,278.7469979,249.90429345000013
951,40,299.0597062500001,281.9253213999998
952,40,288.99567477500034,240.73575997499998
953,40,216.68631975000014,206.41951099999994
954,40,225.675542725,253.5444290499999
955,40,294.80049962500016,233.31692302499997
956,40,261.62072977500003,239.1584140000002
957,40,248.36576474999987,257.9853851749998
958,40,203.88315597500014,262.10080065
959,40,200.60336055000005,190.14737385000004
960,40,159.47683312500004,172.31388130000002
961,41,127.38480010000012,152.44136164999986
962,41,126.68111872500009,126.31258224999992
963,41,93.4113363500001,110.6505258249999
964,41,104.38311474999995,135.75530597499997
965,41,118.96304712500012,171.3008113499999
966,41,158.1088071500001,187.7854892999999
967,41,157.92172984999988,226.9929905249998
968,41,203.26900622499988,239.48204614999986
969,41,216.13192460000016,293.27408234999984
970,41,227.30361472499993,231.64702012499998
971,41,271.4826517000001,227.43603847499992
972,41,264.25987867500004,313.576923225
973,41,253.45449240000008,259.61924280000005
974,41,235.15766985000008,267.92650474999994
975,41,230.30853917500013,232.61653320000005
976,41,198.2761517500002,159.60500962499995
977,41,300.3294402250003,195.5418844999999
978,41,255.79965425000012,181.82204152500003
979,41,299.99257520000066,230.83161507499977
980,41,246.51891392500033,222.57244152500004
981,41,231.431237575,204.11353172499997
982,41,252.19882620000007,227.1958883750001
983,41,183.808495825,170.94762387499992
984,41,159.5239761750002,136.33612887499999
985,42,173.9844329250001,146.93381149999993
986,42,132.65376307500003,149.53223617499995
987,42,131.69982220000014,136.043072425
988,42,115.89721610000001,146.08277017500004
989,42,138.60357295,145.523325475
990,42,167.17428969999997,157.039209025
991,42,198.03531407499992,152.59333852499998
992,42,201.08522447499993,187.14204229999996
993,42,202.49058207499985,219.43180587499978
994,42,243.9125554750002,299.99899065
995,42,251.52830202500007,267.43986479999984
996,42,217.47572582499987,244.62015567499998
997,42,236.435342575,281.5657591999999
998,42,192.18532875,214.33242432499992
999,42,205.20420657500014,247.17596314999986
1000,42,217.856064625,255.83551525000001
1001,42,218.22066492500002,193.86238807500007
1002,42,194.9600458500002,193.1092218249999
1003,42,184.74964007500017,154.61083429999996
1004,42,221.86482525000002,180.33692472499982
1005,42,268.5064747250001,174.98755497499977
1006,42,215.09227195000008,194.6897277249999
1007,42,173.0466805750001,214.0470849249999
1008,42,203.4555923250001,177.03112889999994
1009,43,136.92031700000007,158.55650224999997
1010,43,131.59521215000007,136.71176902499988
1011,43,123.14812605000009,109.687038525
1012,43,118.60231482499998,113.09119517500002
1013,43,141.5102430000002,176.04151802500004
1014,43,140.17438342500003,201.4323873749999
1015,43,161.71273265000025,172.54016664999997
1016,43,212.05580110000005,261.29004092499997
1017,43,218.68639080000028,207.70601047499997
1018,43,202.82321615,246.55445534999996
1019,43,199.982788325,201.99028639999995
1020,43,218.83717295000002,248.84954904999992
1021,43,266.2553942999999,232.69198057499995
1022,43,214.96457712500012,233.62244087499994
1023,43,245.03376872500024,269.09625942499997
1024,43,202.20996007499994,164.65154827499995
1025,43,264.00201405000024,173.30039587500005
1026,43,248.67627212500003,188.577302525
1027,43,258.39743619999996,194.75013552499985
1028,43,226.74737840000023,194.6008268749999
1029,43,226.00974085000024,321.8722767499996
1030,43,211.1242581750002,229.19614435
1031,43,192.30857132500014,205.40786927499994
1032,43,171.27122035000002,176.60536855
1033,44,133.90681492500013,142.10082269999998
1034,44,136.24743972499994,133.97914170000004
1035,44,193.77668047500003,138.60638687500003
1036,44,121.6910367000001,153.13656082499995
1037,44,173.23129220000033,161.85418837499975
1038,44,198.90262740000009,212.0498043999999
1039,44,204.33962687499996,221.05614717500006
1040,44,322.77896064999993,209.4479583250001
1041,44,250.39120875000026,267.36835282500004
1042,44,274.8932661,236.513052125
1043,44,289.1237372250001,270.020563975
1044,44,219.3965149250002,213.33406085
1045,44,211.0237928250002,277.58201159999976
1046,44,267.832557025,327.781784075
1047,44,225.10057690000008,303.16897702499995
1048,44,214.73078952500003,212.95738532500002
1049,44,265.2217949750001,243.34952014999988
1050,44,240.70094722500022,256.6460429749999
1051,44,292.03279922500025,229.9490357
1052,44,281.58854870000005,286.89617867499993
1053,44,237.7014977750001,226.34858722500013
1054,44,226.09475710000015,243.13011737500003
1055,44,199.51873625000013,214.09819725
1056,44,178.37133655000025,155.3097135
1057,45,124.28981655000014,140.58974144999996
1058,45,162.50835335000014,139.917153775
1059,45,149.95417559999999,121.44346825
1060,45,143.90208757500017,120.73273777499995
1061,45,130.14980190000003,164.37615404999997
1062,45,178.94463082500005,155.623403
1063,45,219.72409295000023,233.368563675
1064,45,250.32822940000017,266.5347911750001
1065,45,269.7521176000002,260.620238975
1066,45,279.5333868250002,268.02900647499996
1067,45,288.5691462750001,332.5790320000001
1068,45,214.35704650000014,285.493368
1069,45,243.8584367,298.5052294999999
1070,45,289.4816643500007,216.6940177249998
1071,45,260.65423705000006,241.28485507500017
1072,45,252.67593832500026,304.81339442499984
1073,45,223.65184955000024,224.63190204999998
1074,45,239.80873025,268.3354740749999
1075,45,224.20813117500012,288.34775057499996
1076,45,218.40212897500015,216.81961729999995
1077,45,266.0837401500003,266.23370722500005
1078,45,273.90528207499995,240.55106085
1079,45,249.4439183500001,201.90523817499997
1080,45,227.4576541,178.10218224999994
1081,46,208.02269115000007,129.79251375
1082,46,184.73167335000008,148.48831989999996
1083,46,145.02379427499994,198.33202304999992
1084,46,168.33635890000005,196.09339627500003
1085,46,141.61573655000012,233.98406909999994
1086,46,205.32264835000012,193.12458627499998
1087,46,216.62939275000002,290.60371012499985
1088,46,241.8243865250001,261.3976144250001
1089,46,260.45497240000003,250.67091082499977
1090,46,270.70703835000006,315.2924790999998
1091,46,248.1973798250001,277.2916775750001
1092,46,243.63206104999995,293.3350243500001
1093,46,218.74386362500024,321.20771319999983
1094,46,247.54135562499994,288.2882352999999
1095,46,176.18002560000002,266.78031947499994
1096,46,205.5816340750003,254.219614425
1097,46,218.6151183250002,238.37109694999992
1098,46,265.1852800500001,220.8200843750001
1099,46,206.56815610000024,237.12938442499984
1100,46,279.0869285000002,260.5773924
1101,46,299.6977650250002,268.77980172499986
1102,46,239.8784817750003,277.7891184500001
1103,46,238.5477930500001,211.63342145000001
1104,46,252.51185780000026,215.79155272499997
1105,47,185.90986512500018,207.38739535000005
1106,47,161.21709767500028,179.80390995
1107,47,157.25002635000016,173.45457042500004
1108,47,126.10718360000001,184.82302592500008
1109,47,156.71470917499994,175.03099972499996
1110,47,186.51507072500004,274.922471
1111,47,228.80231672500008,235.767373175
1112,47,324.4196029750002,242.47590377499995
1113,47,307.57619835000014,247.80167239999992
1114,47,257.81791202500006,390.01334792499995
1115,47,245.1330963250002,284.64170752499984
1116,47,276.8540749750002,270.6628483999999
1117,47,261.93131387499994,267.58941702500016
1118,47,237.23450745000014,240.71272172500005
1119,47,230.62904622500025,253.24701607499978
1120,47,276.9513169,244.7527706249998
1121,47,223.6096091,228.74715879999997
1122,47,265.5226938750002,242.2150925249997
1123,47,254.07911920000055,349.2273925249999
1124,47,312.79851737500053,212.92261492499986
1125,47,225.0125470000002,312.04087015
1126,47,280.4693975250001,212.7258523249999
1127,47,263.4614229250001,225.22599430000002
1128,47,224.11331285000003,197.55063962499997
1129,48,201.69019322500031,143.54629589999996
1130,48,152.457171775,171.86331222499996
1131,48,159.66545105000006,174.59514787499998
1132,48,155.29418074999995,189.24297260000003
1133,48,159.16135649999998,214.94755355
1134,48,159.5213146750001,167.62711217499998
1135,48,234.62879275,195.26744589999987
1136,48,226.97770747500007,232.11264147499998
1137,48,258.056164475,265.1991890249999
1138,48,314.7824741000008,305.0568384249998
1139,48,268.6719976500002,286.4216165499998
1140,48,278.3697678,325.327034175
1141,48,356.6424143250001,265.7249839
1142,48,305.17717695,226.12924814999997
1143,48,223.85054444999986,265.0460377
1144,48,219.33806080000008,205.60705350000012
1145,48,239.99668602500012,236.023738775
1146,48,231.70270482500013,239.292234475
1147,48,237.20075475000013,273.3124670000002
1148,48,231.29874647500023,250.40880140000002
1149,48,238.29506787500003,249.98070637499995
1150,48,261.98384837500004,204.16005719999998
1151,48,203.02962715000007,217.10753757499998
1152,48,208.9850657000004,127.10818359999995
1153,49,146.92951305000008,148.46009947499988
1154,49,137.61980525000007,140.51353559999998
1155,49,118.30420227500008,143.56814657499996
1156,49,152.28833842499995,154.82678375
1157,49,162.62273427500008,110.0920893
1158,49,160.52170837500012,165.10055377500004
1159,49,171.36182107500008,173.69238232500004
1160,49,229.14478250000013,196.17771589999998
1161,49,210.5943756750002,256.0638009000001
1162,49,311.4750669000002,277.07894794999976
1163,49,310.3972265,256.6888504
1164,49,312.38568480000043,229.21504079999994
1165,49,259.54520567500003,226.28324140000012
1166,49,198.21934820000007,251.05493482499992
1167,49,216.84518552500026,218.91217864999987
1168,49,215.64476377499994,240.62632054999995
1169,49,181.44985957500012,208.40085777499996
1170,49,218.7306030750002,218.23136104999986
1171,49,219.05873897499995,249.35527365000013
1172,49,221.90658677500016,249.91823487499997
1173,49,212.72882700000005,221.7246337749999
1174,49,214.42345047500015,229.1790167750001
1175,49,188.3467653500001,216.90101810000002
1176,49,134.34270204999996,133.90723927500008
1177,50,126.25458814999999,126.54240697499992
1178,50,104.77754337500008,106.95999125000002
1179,50,120.13409762500005,103.68909385000003
1180,50,125.07989130000004,125.99484265000007
1181,50,145.4993139500001,160.61860822499995
1182,50,135.55236830000004,184.14880240000002
1183,50,194.3128143,197.3588439999999
1184,50,158.65775572500007,189.41369435000001
1185,50,190.93657257500004,237.409022675
1186,50,225.16470850000005,262.62934825
1187,50,227.30928770000014,199.059898875
1188,50,213.85606975000013,201.84563159999993
1189,50,235.53757852500013,137.09841350000002
1190,50,211.63870845000008,146.60420355000008
1191,50,250.86272242499993,175.96174320000003
1192,50,229.56068300000024,169.960136425
1193,50,183.11167637499997,276.243689
1194,50,263.41767022500005,240.79781592499987
1195,50,206.92714787499995,211.37385717499984
1196,50,194.1454669999999,227.00763617500002
1197,50,190.0812778250001,222.68931242499997
1198,50,194.61709062500023,187.4010652
1199,50,167.260446725,189.73954814999996
1200,50,147.83963355000006,144.176381225
1201,51,101.16290335000008,117.73170852500006
1202,51,123.08813557499998,127.44640697499997
1203,51,152.96851202500005,128.62937917499994
1204,51,143.87590695,142.89298757499998
1205,51,154.7840525250001,160.73777882500008
1206,51,237.0980541250001,177.116532425
1207,51,200.0576708000001,179.41930039999994
1208,51,262.4799985000002,214.96759555000003
1209,51,246.49226705,230.1785364999998
1210,51,264.26020097500003,237.8440742249998
1211,51,216.32409987500006,234.35640847499997
1212,51,249.64548190000005,251.22842064999986
1213,51,264.70203785000007,279.9452877499999
1214,51,317.0653228000004,260.8343131249999
1215,51,219.95553465000017,250.66553334999986
1216,51,182.94354100000004,247.61640702500006
1217,51,215.1023948750002,223.09918187499989
1218,51,265.3423421000001,251.39751099999995
1219,51,256.81386567500016,200.24886439999992
1220,51,234.93946009999996,269.98135005
1221,51,246.3489792999999,216.5210024749999
1222,51,208.62319345000017,193.60073882500012
1223,51,174.47059522499995,183.49682709999996
1224,51,204.15434775000028,207.95269005000003
1225,52,163.39796422500012,135.54099525
1226,52,185.2393474,149.1122036499999
1227,52,206.40515032500008,135.172382075
1228,52,181.26298682500013,183.44026747499996
1229,52,182.2451007250002,178.37747757499994
1230,52,200.87598902500008,186.01519087499994
1231,52,233.5678757249999,174.98538884999982
1232,52,238.82071690000015,221.37611509999985
1233,52,317.2240023000001,260.7865793250001
1234,52,202.189445225,304.5417758499999
1235,52,255.99673357500006,323.023671175
1236,52,263.89717410000003,251.4606678749999
1237,52,215.61437155000002,259.77030417499986
1238,52,259.2503887750002,261.76206335000006
1239,52,212.28288539999994,265.1813020999999
1240,52,230.03931995000005,253.725364325
1241,52,208.95844507500004,169.97525117499995
1242,52,278.2676380500003,242.47459234999997
1243,52,254.41733392500043,261.6084078999999
1244,52,226.41236967499992,226.26664119999987
1245,52,291.337797625,211.36915687499987
1246,52,271.03170982500023,201.36770072500002
1247,52,193.0530670000001,191.7695272
1248,52,169.23615865000005,208.30673562499993
1249,53,180.72731095000012,221.00061135
1250,53,151.20559085000014,164.25728394999996
1251,53,200.44240390000004,181.29493762499993
1252,53,148.7764736750001,175.8535865
1253,53,153.51216035,181.450198075
1254,53,185.64834497500024,213.646737175
1255,53,210.65131800000017,174.15848199999994
1256,53,328.1187132500006,243.02200379999988
1257,53,265.39176932500015,221.43028402499988
1258,53,287.91323962499996,292.3111436
1259,53,313.4308738750006,315.2502888999999
1260,53,281.91850652500017,264.92490002499994
1261,53,238.00098237499998,235.53827269999994
1262,53,295.4155614000001,269.37984884999975
1263,53,274.5688212500002,239.00157062499994
1264,53,233.119690025,202.44345529999993
1265,53,256.4352710000002,215.03465319999995
1266,53,228.65404417500008,276.54400377499996
1267,53,255.52561182500006,292.2263161749998
1268,53,211.81668087500015,212.48271855000002
1269,53,227.93255227500006,264.83518457499986
1270,53,261.29273570000004,178.68134389999977
1271,53,202.69649747500026,197.7467188
1272,53,162.6757143,142.80494707499992
1273,54,141.5260879000001,186.4949497249999
1274,54,124.81652165000011,191.3154712
1275,54,145.344013125,164.15820052499998
1276,54,132.7791137750001,180.8774776
1277,54,177.551473325,175.09474682499996
1278,54,186.8298760000004,194.96521107499996
1279,54,218.7996986999999,212.86692014999997
1280,54,238.40317805000035,240.77193639999984
1281,54,230.3334450750001,241.90521180000005
1282,54,243.76531462500014,359.87983882499987
1283,54,266.4166723500001,375.248623825
1284,54,284.64538157500004,294.70833839999983
1285,54,285.34591540000054,252.90926065000002
1286,54,258.6629437000003,299.8317509999999
1287,54,220.90632720000013,279.912434875
1288,54,214.46326082500025,245.7608945749998
1289,54,204.2035631750001,290.65945634999997
1290,54,217.4086158000003,288.52236689999995
1291,54,235.72723350000012,272.2322477749999
1292,54,186.648085875,266.7445561249998
1293,54,235.937928275,269.9825245499998
1294,54,223.30302360000007,266.83266467499993
1295,54,162.70762352500014,271.43999870000005
1296,54,126.10257380000002,179.52334579999996
1297,55,140.14670975000004,178.21178065000004
1298,55,179.06118820000003,158.57417839999994
1299,55,139.966508525,177.36066652500006
1300,55,157.81775490000012,161.35812359999997
1301,55,181.43342735,147.209584
1302,55,180.78156017500027,176.43739575
1303,55,216.7828866750002,228.39130095000002
1304,55,232.04154980000033,232.47664072499987
1305,55,286.13688842500017,291.6819104749999
1306,55,231.90331635000004,282.3359271249999
1307,55,287.8529231250005,312.81442767499993
1308,55,261.43677325,269.1531208749999
1309,55,264.9401679000001,253.76146294999995
1310,55,276.33887080000005,242.6256763
1311,55,278.68515842499994,251.61177329999992
1312,55,225.16214990000026,247.4837667249999
1313,55,224.36697724999993,190.07990692499988
1314,55,195.98359739999995,236.19050517499994
1315,55,265.63766460000005,224.1054433
1316,55,291.5762051,241.98109529999982
1317,55,238.58133530000006,237.55197384999977
1318,55,234.38504225000008,213.37019832499993
1319,55,186.77558145000006,168.095970675
1320,55,141.4222872750001,169.69737555
1321,56,157.24989472500002,141.97462862499992
1322,56,126.18549517500006,115.86092380000007
1323,56,108.96808165000004,116.536410375
1324,56,136.823103225,154.57414222499997
1325,56,128.4809277,119.02142724999996
1326,56,158.4707646500001,166.789100475
1327,56,174.3839376750001,205.85486447500006
1328,56,238.8716827249998,175.84199612500004
1329,56,207.31632710000025,250.29057137500007
1330,56,231.57942027500044,240.94835989999996
1331,56,249.41820055000034,282.7474973749998
1332,56,225.87145214999998,241.40431482499997
1333,56,223.79635439999998,220.34844845
1334,56,234.99481470000006,217.39375032499998
1335,56,186.60233137500006,234.40337337499997
1336,56,227.49721622500005,181.61135032499993
1337,56,215.0133074250001,150.72306547499997
1338,56,231.52270942500013,243.59413284999994
1339,56,211.50702800000002,186.40183125000004
1340,56,226.73788427500003,276.82384199999984
1341,56,221.48512792500026,205.22836377499996
1342,56,145.4894905750001,225.57415144999987
1343,56,145.78571202500007,195.49754644999996
1344,56,173.65903925000015,201.92304064999996
1345,57,142.25306464999997,173.90369959999998
1346,57,121.32347280000002,118.20801544999998
1347,57,152.61492352500005,156.48738322499995
1348,57,144.568084075,111.64990384999996
1349,57,150.54005000000006,153.14216697499998
1350,57,147.98468740000004,167.03537512499997
1351,57,164.53860317500005,169.645233875
1352,57,142.1629118250002,192.43674307499992
1353,57,169.4028157750002,166.41288502500015
1354,57,180.2796706750001,235.33989012499976
1355,57,288.327990575,206.32452849999999
1356,57,262.3456703250001,245.11347744999995
1357,57,262.3337976750001,204.54802634999984
1358,57,232.31413250000034,254.786111225
1359,57,236.02489550000013,212.38805639999998
1360,57,157.16217320000004,190.81273415
1361,57,247.42907682500004,222.60619805000005
1362,57,245.891588825,185.15808774999988
1363,57,247.77165355000022,231.8483623499999
1364,57,249.9309574500001,273.29033919999966
1365,57,265.49377365000015,215.64919429999983
1366,57,232.62431145000008,204.20020039999991
1367,57,213.83843417500032,205.73793617500002
1368,57,140.94364665,159.64964170000005
1369,58,178.80513257500004,145.83618789999997
1370,58,145.09406939999997,144.6677378749999
1371,58,123.98288890000009,154.6095192749999
1372,58,147.73008837500015,137.9938036999999
1373,58,173.66014762499998,166.5438044749999
1374,58,174.67159472500012,235.19340230000006
1375,58,238.27285780000008,185.086091
1376,58,246.50628752499995,233.02997764999992
1377,58,313.8721211750001,203.2615532249999
1378,58,298.59734994999997,233.61167920000008
1379,58,263.69270807500004,240.25004409999997
1380,58,228.16545202499998,242.21757787499996
1381,58,256.469554,271.79678325
1382,58,232.9549879000001,253.73907822500004
1383,58,256.52878190000024,225.2443236999999
1384,58,294.95258920000003,248.61779827499998
1385,58,253.66157760000004,232.0933458999998
1386,58,263.5072631500001,254.13018984999985
1387,58,234.6063542750001,271.8034002749999
1388,58,228.43536652500018,245.95337384999996
1389,58,252.744728175,232.27689715
1390,58,224.2904479499999,258.51923967500005
1391,58,198.38117794999985,231.34082227499994
1392,58,164.02813899999992,160.9838615
1393,59,168.7141665750001,115.9652739500001
1394,59,100.67390295000001,134.90793747499995
1395,59,140.15470762500001,136.41317030000005
1396,59,141.93285905000002,162.5147169249999
1397,59,202.23724855000003,185.51017449999995
1398,59,174.70497322500003,192.89700784999997
1399,59,211.88624117500018,275.0324771999999
1400,59,275.43734420000004,251.63359717499998
1401,59,205.222522675,299.7863645750001
1402,59,281.85141680000027,276.37524302499986
1403,59,296.343486825,320.4229389250001
1404,59,318.0357693000002,329.354048725
1405,59,278.9130132000001,295.050474375
1406,59,278.3196671500001,221.85524685
1407,59,240.01238477499987,265.13258007499996
1408,59,235.47345727499993,192.67554897499997
1409,59,238.79900217499997,241.60168260000012
1410,59,204.7002274,295.8571943999999
1411,59,240.3034563000001,243.9540952499999
1412,59,209.7680162250001,269.087775375
1413,59,280.8898264000001,243.96178199999983
1414,59,207.90659300000004,225.84985615000005
1415,59,225.16968800000012,213.00437799999997
1416,59,183.82047730000005,149.767166975
1417,60,139.59001502499993,169.42646602500002
1418,60,164.3093156250001,153.27927584999986
1419,60,133.12664645000007,138.23193752499992
1420,60,154.540976925,163.3448719249999
1421,60,156.980911925,158.64920454999992
1422,60,173.76194200000006,230.14600327499994
1423,60,213.92865395000007,246.9751576999999
1424,60,213.17725850000008,190.02450412500002
1425,60,285.62791760000033,296.66940195000006
1426,60,213.48867592500025,298.1578580499998
1427,60,266.2517687750001,392.88412479999977
1428,60,275.5102659500002,276.077253525
1429,60,240.6020578250002,301.9090227750001
1430,60,202.89947184999994,259.7548852749999
1431,60,243.00299717500022,228.33487727499994
1432,60,251.73118202500027,194.2570814999998
1433,60,284.5693783249999,213.45516362499987
1434,60,235.68519800000007,174.94885987500004
1435,60,228.5146149750001,264.6872752249999
1436,60,236.50187152500013,267.8168502999999
1437,60,226.9661172999999,238.49592057499973
1438,60,227.73346472499986,266.1889861000001
1439,60,224.5802972750001,219.98417112499993
1440,60,203.71047015,184.09016327500007
1441,61,159.45491989999994,170.08566639999998
1442,61,156.58882902500005,149.10352459999996
1443,61,164.20131790000002,165.56828264999996
1444,61,193.83022555000028,157.373892475
1445,61,196.60482722500024,171.10455274999993
1446,61,200.9497250500001,183.83518692500007
1447,61,215.70209489999996,267.8461235
1448,61,260.99642424999996,240.19342784999998
1449,61,266.92347470000016,277.9431413499999
1450,61,269.9204980500003,325.6429296749999
1451,61,314.00138052500006,283.994551325
1452,61,299.2847965000003,262.4783467250001
1453,61,265.19435040000013,267.5177104999999
1454,61,244.6116861,258.8225884750001
1455,61,255.48642035000017,277.393761175
1456,61,266.640788675,240.62323664999974
1457,61,230.28698415000002,226.7153538
1458,61,221.07558120000033,178.31782687500004
1459,61,189.26737220000012,232.86051239999995
1460,61,236.80665150000016,272.5524473
1461,61,247.22733125000002,241.58065302499998
1462,61,196.6589616000001,234.04994907499986
1463,61,212.8436538500002,232.60949197499994
1464,61,165.43276012500002,204.012722775
1465,62,161.6590774250002,194.69897927499994
1466,62,183.29136407500013,165.29595569999992
1467,62,170.1475336,129.49246044999998
1468,62,163.154493025,161.32726109999993
1469,62,160.10499347499996,167.25132959999996
1470,62,204.10583222500009,192.08754062499997
1471,62,215.73015612500018,210.60128892499995
1472,62,173.91243405000014,226.795401975
1473,62,234.43707397500015,243.9259745
1474,62,255.493110625,255.78380712499998
1475,62,315.74175415000025,268.8172542750001
1476,62,288.1701643250004,252.13188807500006
1477,62,251.8097421000003,241.45103739999985
1478,62,224.2454417250003,194.25445642499994
1479,62,236.99163590000006,217.46265654999996
1480,62,240.334810875,288.61452624999976
1481,62,194.4094289000002,197.64995014999988
1482,62,199.91247615000015,181.43274667499992
1483,62,198.4982593000001,234.77966417500005
1484,62,246.454197125,212.75985677499992
1485,62,217.19516917500033,238.775005575
1486,62,239.85461272500015,200.37688287499992
1487,62,165.25835840000002,191.56889077499994
1488,62,187.0746029750003,186.3048816
1489,63,193.85704775,222.96882037499995
1490,63,163.78685002499992,150.22821545
1491,63,194.384895225,160.37516879999993
1492,63,136.79891129999993,150.21241227499988
1493,63,175.49206325000023,148.70167504999995
1494,63,166.98652482500012,163.39373265
1495,63,223.18786702499997,161.14800827499997
1496,63,264.0797295500001,219.2458030249999
1497,63,216.55281764999987,188.549812225
1498,63,185.90427192500033,235.86508647499983
1499,63,188.04974142500004,243.61569517500004
1500,63,254.8499647499999,240.98856354999987
1501,63,227.61473745000012,244.78934505
1502,63,197.88303090000005,281.463838975
1503,63,166.07804435000003,292.95018099999993
1504,63,267.68396032500016,171.93264190000008
1505,63,181.20606605000006,252.6479234999997
1506,63,219.9706516500002,309.6137425249999
1507,63,233.24865985000002,277.89887714999986
1508,63,249.53723970000016,252.85660767500008
1509,63,222.0556603250003,247.15333827500004
1510,63,220.81303445000032,216.03862982499993
1511,63,224.5158822250002,161.87102522499993
1512,63,187.4176802750002,169.54943542499993
1513,64,101.94802892500005,128.41390732499994
1514,64,106.58364372500009,154.33459850000003
1515,64,121.37053332500004,145.48639934999994
1516,64,145.2354179750002,143.7201506
1517,64,124.80539457500004,148.02173744999993
1518,64,186.79353,152.34420717499995
1519,64,248.23468545000011,220.63753329999983
1520,64,258.3818609750001,244.1844126499999
1521,64,342.587880325,200.63597527499994
1522,64,297.31374582499996,249.1920668250001
1523,64,313.0033256249999,297.86646187499974
1524,64,252.21627337500001,303.00198372500006
1525,64,236.28028534999999,297.431488725
1526,64,206.9175053000002,289.6503007
1527,64,374.30855692500023,272.38898512500015
1528,64,272.68842717500024,254.66638607499996
1529,64,246.0933886,282.84008335000004
1530,64,265.88347645000005,234.83393827499998
1531,64,297.6860996500001,300.82400924999985
1532,64,259.5498873000002,250.00907527499982
1533,64,224.8123273000001,230.08659177499993
1534,64,203.61285220000008,239.7345076249999
1535,64,182.33696632500013,199.45619652499983
1536,64,162.247765375,165.02922142500003
1537,65,151.5533770750003,163.47620337499998
1538,65,161.45187577500002,135.1469008500001
1539,65,137.7605891750002,161.61729152499996
1540,65,138.48829080000007,197.33064504999993
1541,65,156.39750412500007,168.12315914999994
1542,65,157.49224922500008,205.9029299
1543,65,209.66922817499994,204.38361700000013
1544,65,239.4844181750003,302.3778800250001
1545,65,229.80180179999996,238.78876389999982
1546,65,303.50100452500004,259.49070715
1547,65,297.6910567000002,230.85895457499998
1548,65,218.75884060000016,244.18911582500002
1549,65,242.1063883750001,276.4085471750002
1550,65,347.17400877499995,275.3123138999998
1551,65,239.27895367500014,283.75864017499975
1552,65,220.14914230000014,196.0118894499999
1553,65,231.26202715000005,340.43698444999984
1554,65,198.49421609999996,305.97558842499984
1555,65,209.8568444000001,273.1857231749999
1556,65,224.9112951499999,201.4393071749999
1557,65,223.24836439999996,243.5458449249998
1558,65,228.55456540000017,220.604977675
1559,65,173.07483712500013,202.98487599999993
1560,65,143.81867670000014,211.04466574999998
1561,66,148.08699055,162.17734014999985
1562,66,155.50195060000007,138.5314604749999
1563,66,155.42971675000007,136.80653549999997
1564,66,161.31104235000004,177.89254565000005
1565,66,190.96507822499996,156.13529810000003
1566,66,184.72754557500008,131.0600937249999
1567,66,226.17197615000015,203.94904335
1568,66,317.06774827500027,255.008306
1569,66,248.7949300000003,233.0039384999999
1570,66,332.990124625,287.7185028749999
1571,66,267.65438585000015,312.2170836750001
1572,66,246.39357974999996,307.7167332999999
1573,66,238.25092177500014,269.3016779249998
1574,66,224.11746214999994,242.5236445
1575,66,205.38716212500015,172.35748497499998
1576,66,268.31577175000007,210.7407486499999
1577,66,238.8059872999999,236.24179157499992
1578,66,189.10344295000004,220.53626517499987
1579,66,268.2887699250001,271.8821260750001
1580,66,284.98362652500066,299.28399575
1581,66,298.9898233750001,266.8573886500001
1582,66,206.57419720000007,228.80105985000006
1583,66,195.84102075000004,191.39849267499983
1584,66,173.91939757500006,160.12806677499998
1585,67,133.47987445000012,169.01894092499998
1586,67,144.55943749999997,161.38587469999993
1587,67,129.01040622500003,134.18444467499995
1588,67,97.10361395000004,126.69564987500002
1589,67,151.5614258,166.58730372500006
1590,67,178.067907275,219.315172425
1591,67,236.54861047500012,221.14173062499998
1592,67,190.06990787500018,284.8426681249998
1593,67,267.64395440000015,277.30216354999993
1594,67,254.25562175,284.2477438750001
1595,67,373.7126727749999,276.33692332500016
1596,67,390.8555163250003,295.15896335
1597,67,316.2820035499999,260.37675644999996
1598,67,248.11164837500016,275.95790899999986
1599,67,228.07964690000003,219.92131404999992
1600,67,214.7663470000001,279.018086775
1601,67,242.80993234999988,256.5491627249999
1602,67,258.30208670000025,253.29090037500012
1603,67,240.853487775,220.19776877499993
1604,67,236.36681207499998,177.421101825
1605,67,256.78704552499994,230.80817372499988
1606,67,264.70052262500036,245.3185110999998
1607,67,188.72833997500004,218.32190534999995
1608,67,175.67076760000012,138.5452339499999
1609,68,145.19560474999997,205.62119915000002
1610,68,123.51149352499995,187.19992827499993
1611,68,135.81382380000002,176.11590130000002
1612,68,154.68437647500028,216.27921327499996
1613,68,130.11452740000004,227.00556812499997
1614,68,168.503430175,189.74037214999998
1615,68,218.61062687500026,182.49844374999998
1616,68,265.0815821000001,273.6129861999999
1617,68,314.60198980000007,255.58396277499997
1618,68,285.6371071750002,246.61709967499985
1619,68,240.49274144999993,331.3021781499997
1620,68,252.94576062500005,232.180703075
1621,68,306.20089917500013,252.7160409999999
1622,68,226.42089972500025,221.91721959999998
1623,68,243.09651117500016,324.9923314749999
1624,68,230.48054352500014,255.78920295
1625,68,230.256872975,255.1225445250001
1626,68,207.67069030000016,218.5939341250001
1627,68,181.03881365,270.921845325
1628,68,221.87874782500006,270.04995362500006
1629,68,236.75564802500026,297.60220282500006
1630,68,237.83160115000032,200.35301425
1631,68,214.93099382500017,219.92700909999996
1632,68,204.10757710000004,157.9749958749999
1633,69,150.34707012500013,155.64939767499993
1634,69,116.1567585,161.18508897499993
1635,69,132.88941877500014,139.46080949999998
1636,69,160.39250855000012,149.12874542499995
1637,69,152.23967922500003,149.95297134999993
1638,69,218.3606146750006,194.91978892499998
1639,69,189.45220620000015,190.373419775
1640,69,203.92753942500016,173.02602027499995
1641,69,231.92895422499998,178.43516820000002
1642,69,270.9787484750002,228.61982102500014
1643,69,301.7539529750003,276.79451617499996
1644,69,330.15720795000004,311.9192197499999
1645,69,257.3970808,233.46721224999982
1646,69,244.78203105000034,234.18974387499992
1647,69,194.81325380000004,208.24896047500002
1648,69,177.96252542500014,207.33205385000002
1649,69,246.07980425000017,256.5252592
1650,69,183.51597907499996,203.54010612499997
1651,69,232.67841217500023,216.11034332500003
1652,69,272.6660921000001,266.751654025
1653,69,233.61257150000006,209.4008342749998
1654,69,184.38692570000023,252.90631252499998
1655,69,162.09690720000012,164.49882149999993
1656,69,168.51179762499993,121.63014582499996
1657,70,131.96553547500002,176.053311725
1658,70,115.65825257500002,158.19599532499996
1659,70,135.26830019999997,130.31565934999998
1660,70,117.77187202500005,175.65877394999995
1661,70,131.44453659999994,132.03094180000005
1662,70,150.88239795000035,142.12409512499994
1663,70,169.30494820000013,160.07932617499998
1664,70,233.31291502500014,201.60541400000005
1665,70,259.5893879749999,161.96138720000005
1666,70,231.48121397500003,188.54733679999995
1667,70,217.52326990000012,190.0026666499999
1668,70,236.34371069999997,228.667419125
1669,70,214.01636120000018,195.9488685999999
1670,70,202.6918909500002,235.97308199999998
1671,70,193.03017595,184.2153262999999
1672,70,200.95879770000016,215.48460104999992
1673,70,245.7283315250003,194.212978725
1674,70,223.19197715,200.19839439999987
1675,70,246.83230587500032,198.00286682499996
1676,70,228.39090712500007,230.99451352500006
1677,70,246.12242740000022,250.29041297499995
1678,70,206.81984430000014,162.54113385
1679,70,181.91151787500004,171.09972019999998
1680,70,165.89396507500007,174.23379299999996
1681,71,160.0210312000001,100.94223330000008
1682,71,143.86355675000004,129.03077230000005
1683,71,101.93608832500011,136.53893554999993
1684,71,136.6239309500002,147.33702527499997
1685,71,159.11688415000012,167.06886184999993
1686,71,150.39575272499997,153.0964553249999
1687,71,250.0723263250002,207.55566469999988
1688,71,207.6519342750002,227.54973849999982
1689,71,256.79430340000005,200.3590107999999
1690,71,218.15989050000013,233.66358294999992
1691,71,314.45387132500014,274.4541315250001
1692,71,274.82289947500027,267.08163275000004
1693,71,297.45036992500013,263.0590093999998
1694,71,250.4806638750004,229.62204192500008
1695,71,236.46930282500006,285.98192215000006
1696,71,220.8359690750001,277.69025157500016
1697,71,225.85827432500002,214.36889202499987
1698,71,218.53878485000018,193.5307413999999
1699,71,278.47996932499984,189.85314387500006
1700,71,243.3642692750002,309.4791645249999
1701,71,188.53674277500008,300.53394437499975
1702,71,234.36264899999995,195.27950730000006
1703,71,226.26138747500025,195.57730414999995
1704,71,128.8303642250001,200.4708872249999
1705,72,122.82478570000004,129.15225192499997
1706,72,139.03879187500002,125.00573737499997
1707,72,151.69043820000002,136.74812817500006
1708,72,154.30330885000012,147.1672832249999
1709,72,157.66938119999998,169.66531992499995
1710,72,170.15719382500012,179.63773242499997
1711,72,202.1549319250003,181.75348854999993
1712,72,210.58096665000016,236.75694547499992
1713,72,252.42806640000006,283.4793000249998
1714,72,262.4146071,248.27044902499998
1715,72,290.9479110750001,236.97357699999998
1716,72,264.6054062,260.7615354999999
1717,72,273.46391200000016,283.2537119249999
1718,72,192.66395765000004,239.03895595000003
1719,72,207.57553645000002,252.2898878749998
1720,72,308.20187722500026,222.74793307500005
1721,72,271.55079582500025,231.41988655
1722,72,205.57263932499995,254.87432954999994
1723,72,222.47085717500016,217.97476242499997
1724,72,207.90389590000018,238.70468782499978
1725,72,284.5207958500001,258.39124702499987
1726,72,232.14950507499998,212.49226045000003
1727,72,207.47638640000008,219.69686954999992
1728,72,147.69028715000002,162.15762717500002
1729,73,148.25139927500004,153.07029007499995
1730,73,213.203529075,151.2228867
1731,73,199.71049794999996,168.48022789999996
1732,73,171.7170665500002,162.95160377499997
1733,73,144.4437115500001,180.53440089999984
1734,73,181.8422244000003,182.91429572499993
1735,73,259.84917825,245.40209169999991
1736,73,225.86383232500003,218.35279777500003
1737,73,283.43909780000024,337.26863812499994
1738,73,230.89697652499987,319.39671852500004
1739,73,252.16004430000024,340.3066729249998
1740,73,311.10467905000013,253.2436687249998
1741,73,312.18724142500025,284.9935987499998
1742,73,272.4077089500001,287.5554897750002
1743,73,287.95882182500003,262.89674719999994
1744,73,293.7667185750003,229.33696327500002
1745,73,242.11770812499992,248.44934922499993
1746,73,243.0809197000002,265.9926869750001
1747,73,229.19324504999997,264.5805097749999
1748,73,221.29195955000023,267.5725217
1749,73,246.62559927499993,278.1001910250001
1750,73,221.1344565500001,242.77850957499987
1751,73,213.90855005000014,258.0718115750001
1752,73,180.86554845000006,195.54203432500003
1753,74,116.34815449999999,139.47416114999996
1754,74,136.20414380000005,146.62419589999988
1755,74,157.43111040000002,122.18343385
1756,74,177.16408262500005,136.87932519999993
1757,74,168.56927600000012,133.9390258
1758,74,164.0403159500001,183.24929117499994
1759,74,258.0306571750002,236.11279462500005
1760,74,230.2818076750001,229.39755792500003
1761,74,317.1946072999999,321.42002164999997
1762,74,411.79996075000025,288.08377225000004
1763,74,283.0278484250001,285.83361267500004
1764,74,200.44277782500006,344.59895612499986
1765,74,234.8694732499999,315.03480264999996
1766,74,246.24491352500002,258.50191392500005
1767,74,209.02308542500003,303.9041800499998
1768,74,223.49288922499994,276.31415452500005
1769,74,221.71651722500025,335.8469752749999
1770,74,243.95714240000018,262.8179522749998
1771,74,271.7120209750001,250.7411767999999
1772,74,267.18390317500007,201.0940990999999
1773,74,224.8105117250002,279.92142217499986
1774,74,202.50747209999997,285.78796980000004
1775,74,156.75212632500012,227.36804914999985
1776,74,175.18096057500009,163.001095825
1777,75,186.04951097500003,141.09393015000006
1778,75,163.63812782500003,179.30702324999993
1779,75,123.84933787500006,142.83461745
1780,75,129.22519825000003,125.85328064999996
1781,75,132.307543675,150.79077604999992
1782,75,221.55780075,167.28257165000008
1783,75,228.63202125,168.89065887500004
1784,75,233.76612610000006,237.47385662500005
1785,75,270.43020622499995,232.45570795000006
1786,75,361.6367733000007,332.81362952499995
1787,75,378.045303375,279.31194532499984
1788,75,284.1427484750003,264.92346704999994
1789,75,257.1601824500003,211.767939
1790,75,220.30326877499994,321.9942748499998
1791,75,249.53299077499994,243.45974662500004
1792,75,323.52252030000034,260.264364625
1793,75,251.76035500000035,253.98481844999998
1794,75,300.4107886000003,252.71800447499993
1795,75,232.0291357250001,251.77694027500002
1796,75,240.2339717500001,267.2643930499998
1797,75,259.9218466250002,225.72553867499988
1798,75,202.47260957500015,235.10006242499998
1799,75,214.64659252500013,211.41051049999993
1800,75,181.08815392500003,167.17027297499993
1801,76,150.20829742500007,156.368948975
1802,76,129.04346437499999,148.77495929999998
1803,76,122.3517810500001,124.39603705
1804,76,157.76275882500008,137.52547684999996
1805,76,150.91476065000032,165.86225997499992
1806,76,169.487914875,186.23005652499995
1807,76,149.16876400000018,195.51759387500005
1808,76,223.39258280000035,252.47436154999986
1809,76,184.3685799,201.73204454999998
1810,76,222.5384803,259.91675067499983
1811,76,234.51679870000004,291.756749825
1812,76,311.52475905000017,269.4957787250001
1813,76,303.62194597499985,254.5121711749999
1814,76,221.80553702500012,208.88572969999984
1815,76,226.81110535000028,272.134071675
1816,76,210.74565585,220.4972056750001
1817,76,231.4024237250002,237.90610744999998
1818,76,207.46319837500005,230.8567007999999
1819,76,224.7552888,238.6555395499999
1820,76,197.45418627499998,243.21366247499998
1821,76,231.66377697500036,223.9888689249999
1822,76,180.75767912499992,238.41164132499998
1823,76,198.68565127500014,200.674999475
1824,76,164.92145845000005,183.81940007499998
1825,77,146.26233735000002,166.53708927499997
1826,77,174.89403822500003,182.55992322499992
1827,77,148.47679652500034,143.65330204999998
1828,77,145.59655087500008,136.77283144999996
1829,77,120.07669492500003,155.6154453999999
1830,77,172.3404233000001,185.7079432249999
1831,77,181.16135392500018,205.6599786249999
1832,77,219.64261817500005,200.70361995
1833,77,230.79560400000003,239.87098079999993
1834,77,223.57224044999992,241.21447212499996
1835,77,271.68239975000006,257.168791775
1836,77,208.99373242499996,252.54618942499982
1837,77,252.6198731250001,196.80970639999995
1838,77,239.27008060000009,222.7199380749999
1839,77,273.3286864250001,216.33102884999994
1840,77,185.75869280000012,221.36993867500001
1841,77,193.41321887499993,185.27870090000005
1842,77,160.31330120000007,221.91172489999994
1843,77,175.39412182499996,188.72398644999987
1844,77,224.7203672000001,257.26524265
1845,77,252.47332167500002,242.37893580000005
1846,77,254.2926189250001,189.79322034999987
1847,77,219.68191395000014,268.9696352749998
1848,77,185.64008625000025,167.22473270000003
1849,78,150.67431175000021,156.362575125
1850,78,117.78334007500013,196.13785734999988
1851,78,138.47963145,154.64001785
1852,78,173.12672930000014,169.19735972499996
1853,78,185.81924917499987,174.13841387499997
1854,78,197.18794210000016,206.488421475
1855,78,244.6188991500001,187.95086952500014
1856,78,240.81362374999998,253.24782997499995
1857,78,265.422766625,247.04710062500013
1858,78,201.1187725249999,240.45919629999992
1859,78,286.807647975,266.3572509499998
1860,78,231.64357095000005,320.03789652500006
1861,78,261.38535507500006,199.09991365000005
1862,78,226.18987589999995,201.39426082499998
1863,78,222.7418615,307.459568475
1864,78,207.25374310000012,293.23921047499994
1865,78,174.22830942500002,237.18652167500017
1866,78,212.20653110000006,292.0410720000001
1867,78,217.12786842499997,253.08468835
1868,78,236.84708467500008,267.66393307500005
1869,78,303.8728373250002,303.4375180499999
1870,78,244.7037765,286.45219014999986
1871,78,238.37245752500013,215.98888729999996
1872,78,180.37260405000006,145.98163900000003
1873,79,132.7842871,135.73790367499987
1874,79,132.41465125000002,154.40734687499997
1875,79,145.29902302500014,135.8318656749999
1876,79,126.66073219999998,163.09985037500002
1877,79,158.42669655000003,185.21972154999995
1878,79,212.14071794999992,189.16380452500005
1879,79,243.90604425000004,208.4570533000001
1880,79,293.1847800000001,315.5476007499999
1881,79,324.45897650000006,288.04216802499985
1882,79,326.39245009999996,305.27818794999996
1883,79,261.8982954,268.067690775
1884,79,279.98395947500035,251.9424158
1885,79,257.5973459250001,264.38071244999986
1886,79,299.0216525750002,202.86485695000007
1887,79,325.84208820000003,244.98443392499993
1888,79,258.5601045,250.7130097749999
1889,79,248.4314124000001,208.2754127249999
1890,79,257.57665962500016,215.93692672499998
1891,79,246.38315442499993,259.3309372499998
1892,79,229.18576350000023,232.53520309999993
1893,79,215.84478722499995,250.04962905000002
1894,79,198.68537987499988,189.0184572249998
1895,79,233.94971960000018,179.09708827499998
1896,79,191.22202152500003,172.61480829999994
1897,80,191.19155080000007,156.39336707500001
1898,80,189.71506625000015,185.43112479999996
1899,80,169.12418890000004,171.53574719999997
1900,80,168.41665967500015,134.35093799999999
1901,80,188.0056209750001,161.0572201249999
1902,80,180.95192877499997,189.18275592500004
1903,80,221.08111467500026,202.32868172500002
1904,80,308.2865031250006,244.1478823999999
1905,80,251.92349962500006,245.71838550000012
1906,80,303.08055260000003,270.5383966999999
1907,80,286.31213445000014,261.80208054999986
1908,80,255.17503085000004,332.46264905
1909,80,321.4430533250003,272.69390522499987
1910,80,214.38666110000008,239.45938812499998
1911,80,205.64926397500014,227.73025007499996
1912,80,241.5723492500003,194.15335282499993
1913,80,255.18787692499998,253.21907755000012
1914,80,268.234370025,186.85675937500008
1915,80,207.58929617499993,228.15040689999995
1916,80,282.3695905249999,274.06186794999996
1917,80,207.76293677500018,232.21159229999995
1918,80,210.8065377500001,227.633568325
1919,80,156.24869277500022,174.61488337500003
1920,80,156.6888416750001,153.66810360000002
1921,81,146.95038030000003,156.61567624999998
1922,81,159.80680344999996,125.62375202499999
1923,81,131.6951064000001,117.44939567499998
1924,81,126.24486952500004,145.132765775
1925,81,176.48198317499993,151.474117375
1926,81,198.39257897499994,202.49175047499995
1927,81,185.1300382500001,189.1194579499999
1928,81,227.66063437500003,217.540952175
1929,81,231.8397097500002,220.31115545000014
1930,81,292.7088582750003,252.0200441499998
1931,81,280.62698502499984,342.95699482500015
1932,81,310.2866881750001,253.70503177499998
1933,81,215.8907029000003,211.30989317499984
1934,81,224.66837247500018,188.08365362499998
1935,81,271.46974850000015,242.4539694499999
1936,81,238.31473597500005,262.7083792500001
1937,81,201.44981080000008,202.05677347500006
1938,81,202.19494374999985,231.37183759999965
1939,81,224.9114251750001,202.22651312499994
1940,81,212.374472775,239.74987930000003
1941,81,212.361309975,271.2542471250001
1942,81,234.01109219999995,182.3566528749999
1943,81,159.5746712000001,196.2360894499999
1944,81,183.27692602500036,147.5969140750001
1945,82,112.34404232500012,144.32665294999993
1946,82,131.40472970000008,122.51218585000001
1947,82,110.87818357500005,150.56764237500005
1948,82,157.4834428750001,163.77100492500006
1949,82,154.95234315000008,141.508010075
1950,82,210.0480033250002,183.05290427500006
1951,82,192.94812875000008,196.37971784999988
1952,82,241.87437642500015,289.3109425749998
1953,82,284.5534980499999,275.51201269999984
1954,82,296.05378425000015,286.3413363250001
1955,82,331.7672352500001,278.767322375
1956,82,263.9742509500001,304.4428709999999
1957,82,248.3782212250004,274.38891747499986
1958,82,249.77804327500007,238.01083994999988
1959,82,302.0365627000002,216.11402862499995
1960,82,206.74149747500007,185.74917612500002
1961,82,215.14371477500003,192.68297477499996
1962,82,233.24015880000013,218.18894224999997
1963,82,219.59278387500004,170.63403927499994
1964,82,252.92914300000015,200.94986245
1965,82,240.28574210000005,214.87430707499988
1966,82,192.17597092500006,189.12151032500006
1967,82,208.1727745750002,194.4681548
1968,82,147.884853675,154.53745207499998
1969,83,156.57786477500002,128.91307432499997
1970,83,149.73978452499998,111.99436432499995
1971,83,138.09619087500005,144.77732129999998
1972,83,140.2594311250002,145.61636319999994
1973,83,142.27141465000005,161.63731155
1974,83,155.14663662500004,173.81725054999995
1975,83,171.18116022499987,156.29508557500003
1976,83,244.9617396750001,165.21973690000004
1977,83,209.05370132500002,228.179179925
1978,83,272.4598906250001,252.049421525
1979,83,225.9112212749999,312.0560041499998
1980,83,231.3581214750002,263.0253608749999
1981,83,219.17385445000042,277.16304484999995
1982,83,266.0410169500002,228.75927112499994
1983,83,197.0441356999999,259.40910732500004
1984,83,157.86521905000023,223.46368559999985
1985,83,168.05071177500005,219.26734297500002
1986,83,250.72733285000004,181.00463967500002
1987,83,231.64249807500028,224.80917067499993
1988,83,239.92427785000012,295.8473060749998
1989,83,180.3266216999999,270.40191704999984
1990,83,214.5383123250001,195.70738265
1991,83,193.51465635000002,215.49740955000001
1992,83,177.88485447500005,177.41465417499995
1993,84,175.86760942500004,143.88739925
1994,84,131.48668590000014,146.43436174999994
1995,84,157.3213581500001,120.97706257499999
1996,84,110.87388632500006,116.63991559999997
1997,84,155.09849907499995,155.132390275
1998,84,135.43392827499994,164.5583780999999
1999,84,177.13089765000026,162.60620185
2000,84,185.44220047500013,183.80981559999995
2001,84,176.30173670000008,257.0575049999999
2002,84,251.50846407500012,212.12941142500011
2003,84,216.24143237500004,232.68850662499983
2004,84,253.42201002500025,284.7096160749999
2005,84,248.3463045750001,288.4972302499999
2006,84,203.24616004999996,223.70342307500005
2007,84,186.201099625,198.0246684
2008,84,204.4693626999999,234.404852375
2009,84,229.29591989999994,250.33024095000005
2010,84,193.91833035000002,268.3078500249999
2011,84,212.08072417500028,236.3094278249999
2012,84,211.92643744999995,287.18761950000004
2013,84,195.72761372500008,231.89973854999988
2014,84,148.98434734999995,200.95619615000004
2015,84,141.7163529750001,156.71589529999997
2016,84,134.0884264750001,169.93951379999993
2017,85,121.310166225,156.24135934999995
2018,85,131.73632805000005,144.27115312499996
2019,85,136.31435710000002,130.09985372499997
2020,85,137.30243612500004,122.16131274999994
2021,85,138.40024402500015,126.01427509999994
2022,85,155.50652932500032,151.40022729999995
2023,85,207.33914045000006,258.98569422499986
2024,85,236.04897030000006,221.24416952500013
2025,85,292.5778850000003,265.254939625
2026,85,304.129477025,237.69954549999989
2027,85,352.71488175,293.2152370749998
2028,85,291.7385268500001,250.2790114249999
2029,85,256.1102937250001,230.65643452499992
2030,85,285.6252826500001,259.9880477749998
2031,85,216.77032680000022,258.47324420000007
2032,85,300.6007456249999,276.1200943499999
2033,85,247.12430959999992,272.768281075
2034,85,229.53810202500006,237.70982819999975
2035,85,247.1372019499999,201.32586747499985
2036,85,281.9705283500001,274.71573892499987
2037,85,262.2859657500002,226.57368214999985
2038,85,256.5930481500003,212.53285529999988
2039,85,186.53348800000015,212.31759597500002
2040,85,178.05488484999995,153.3890571749999
2041,86,147.8244125750001,130.37054849999998
2042,86,98.49440707500007,112.89899159999996
2043,86,121.28723902499999,132.88555419999994
2044,86,111.70077294999996,157.47040350000003
2045,86,157.1267624000002,169.86148669999997
2046,86,181.34743134999997,197.71421345
2047,86,185.79616607500017,253.40557832499996
2048,86,264.4209571500004,209.03544597499996
2049,86,316.371639425,226.0500253500001
2050,86,287.22941915000035,293.1821857000001
2051,86,292.569445725,256.40187334999996
2052,86,259.90811782500003,263.66707302500004
2053,86,296.5568925000001,246.47931090000006
2054,86,280.8232873750003,271.02832109999997
2055,86,254.49132502500012,299.5301491499999
2056,86,262.97050642500005,292.8608481999999
2057,86,290.3864390000001,210.88453092499992
2058,86,302.29377130000034,215.25270955000002
2059,86,277.56818480000027,179.23671297499996
2060,86,230.69111212500013,222.15919690000004
2061,86,237.1598573249999,223.70180272499982
2062,86,215.2587382499999,200.85711437499987
2063,86,182.56486022500002,195.94800972499985
2064,86,163.20014472500003,175.9772851749999
2065,87,158.093676775,148.60551724999988
2066,87,137.39009215000004,144.41262727499992
2067,87,156.64728015000009,149.605901625
2068,87,129.62304852500003,127.60338487500002
2069,87,187.37102887500012,182.97470662500007
2070,87,165.27864112500015,165.77432515000004
2071,87,228.31661505000022,251.85201612499992
2072,87,268.2274521000001,204.67743202500012
2073,87,301.7818617000003,237.21625407499994
2074,87,287.6366759,250.57635142499987
2075,87,315.43556605000015,313.62641459999975
2076,87,270.73964909999995,216.78823742500003
2077,87,233.47762182500009,205.00558882499996
2078,87,260.5581084500001,313.928697975
2079,87,243.19552104999997,303.00922042499985
2080,87,242.87842647499997,307.61948402499996
2081,87,221.16501432500007,221.29163232499985
2082,87,214.90916530000004,222.40379955000012
2083,87,215.79872959999994,219.52502184999983
2084,87,227.61166857499998,204.79157794999986
2085,87,263.1473592250002,243.5703603999998
2086,87,240.78453509999997,233.57850449999995
2087,87,246.06922202500033,182.00756317499992
2088,87,185.10187615000007,143.22425224999995
2089,88,134.8305028250001,142.56746197500001
2090,88,184.75737385000008,147.10084679999994
2091,88,142.76738155,128.999692825
2092,88,127.62259490000001,151.66423657499996
2093,88,139.93954427500003,136.7259410499999
2094,88,166.6158851749999,237.42060127499997
2095,88,196.7191130500001,209.8990018499999
2096,88,304.5061381750003,250.42241674999985
2097,88,265.4536234000002,304.41615495000013
2098,88,320.5064962,260.994601775
2099,88,296.05508145000016,375.4132906999997
2100,88,291.1354965750004,261.92969405
2101,88,284.4781060500002,265.92674525000007
2102,88,260.42597735000044,240.04169297499982
2103,88,288.8406061250002,209.7857821749999
2104,88,222.29807202499995,276.610009475
2105,88,278.5685964500001,254.96715304999992
2106,88,313.9064030750003,268.68573422499986
2107,88,255.3675603500002,186.43856534999998
2108,88,264.1870132000001,251.42110357500007
2109,88,241.4532107250003,240.94252392499993
2110,88,214.02230020000042,162.57793722499997
2111,88,208.78649912500012,192.0192677
2112,88,155.0211191250001,167.85522394999992
2113,89,136.97422519999995,176.74878059999998
2114,89,121.19913512500003,144.5102084499999
2115,89,159.6410485000003,132.97500467500004
2116,89,152.6107567250001,130.65405685
2117,89,157.88162192500008,104.31622995000004
2118,89,227.79658037500033,168.3395616749999
2119,89,219.46002217499998,216.77072194999974
2120,89,280.8507080750002,214.64076282500008
2121,89,203.44449760000015,241.720668575
2122,89,301.0676959250003,279.3131953749999
2123,89,232.12738302500003,363.4618171999999
2124,89,305.2439903999999,324.70826332499996
2125,89,228.45270945000004,291.04345487499995
2126,89,233.56361959999998,253.70919067500006
2127,89,266.19819875000024,229.29365035000012
2128,89,212.99272130000003,250.61817480000016
2129,89,227.8080059750001,200.8125536499998
2130,89,208.22015247500013,175.84074854999997
2131,89,250.20521892500005,186.34029905
2132,89,238.7123897750002,210.87330897500013
2133,89,250.15249777500003,208.73588802500004
2134,89,214.3311719250001,196.61396469999997
2135,89,211.5472278000001,179.25780097499987
2136,89,182.35454707500003,160.99425382499993
2137,90,148.2947834750001,141.29621209999993
2138,90,157.55204732500005,172.01670742499994
2139,90,150.84878892500012,159.39571137500002
2140,90,171.68614770000005,138.61671412500002
2141,90,136.79590950000002,153.608748425
2142,90,178.56573602500004,136.9249334
2143,90,168.45833162500003,189.04225854999993
2144,90,180.41960082499992,217.21844742499997
2145,90,187.01229717499996,176.61626499999988
2146,90,269.5526330750004,251.05173352499997
2147,90,301.633535625,271.55534120000016
2148,90,285.050483575,247.58350512500004
2149,90,266.42225605000016,226.46089637500003
2150,90,325.37036155000027,228.5131668500001
2151,90,233.9341264250001,221.6115233749998
2152,90,240.6869499500005,237.54911284999994
2153,90,195.73381557499994,201.75916454999978
2154,90,217.9250494250001,208.35296774999995
2155,90,194.94338090000002,178.6101756
2156,90,207.3625248000002,214.75816972500002
2157,90,194.66617680000013,234.09273549999986
2158,90,190.30605402500004,247.93052667499984
2159,90,159.51389665000005,187.3514710249999
2160,90,146.13857702499996,206.51188125
2161,91,148.0273288250001,137.08151465
2162,91,150.64953647500005,115.85458969999999
2163,91,141.7849276500001,114.17178990000005
2164,91,146.5571021500001,116.33981587499997
2165,91,176.471634225,141.640810525
2166,91,169.44096032499993,169.90325272500004
2167,91,194.18183852500013,155.57094077499997
2168,91,193.59779415000008,197.71230072499998
2169,91,230.42791920000013,181.03200254999996
2170,91,206.0725073750001,246.1019409499998
2171,91,225.65788872499996,295.19597562499996
2172,91,193.68714685000015,270.6539546
2173,91,181.54537704999996,248.084319425
2174,91,214.58344930000027,240.55009202499997
2175,91,263.12449615000037,179.3475140000001
2176,91,226.80561625000007,169.78463762499996
2177,91,173.17636394999988,199.54484029999992
2178,91,183.86557762500001,167.19682195000001
2179,91,190.29166440000012,189.4534549999999
2180,91,178.00453935000016,197.75963272500013
2181,91,210.69960927500017,197.42978607500007
2182,91,179.82744744999997,164.05859107499995
2183,91,173.43619812500003,187.53940469999998
2184,91,158.11796557500003,172.75768995
2185,92,156.15364402500006,155.433985375
2186,92,132.50995054999999,172.82698407499998
2187,92,113.34039482499999,145.9825194499999
2188,92,156.53402842500026,131.80624802499997
2189,92,159.42280250000005,148.45045139999996
2190,92,177.40247290000005,217.92168800000005
2191,92,193.84911007500034,199.2916639000001
2192,92,203.08860412499985,294.25783814999994
2193,92,202.03286752500009,304.40982862499993
2194,92,261.1739045250001,288.3153054999998
2195,92,195.53026867500012,310.7816031750001
2196,92,232.91915047500004,339.6853119499999
2197,92,295.0385765000001,284.11367682499997
2198,92,308.22874570000005,282.63043085000015
2199,92,277.45544585000016,257.7176262749998
2200,92,290.49760632499994,280.4353322749999
2201,92,272.7900272750003,287.28779000000003
2202,92,237.28486822500008,241.03761174999988
2203,92,221.38324237500007,255.84546004999993
2204,92,223.25562555000022,254.98726829999976
2205,92,257.98866922500054,286.76719142499996
2206,92,214.73099450000012,222.4606333999999
2207,92,163.26244974999992,169.0308341
2208,92,157.29414997500004,168.26207612499994
2209,93,152.24053422499992,137.021125325
2210,93,129.84868077500002,141.55930897499985
2211,93,139.49481882500007,123.4501642249999
2212,93,158.1628797000001,138.3576879249999
2213,93,139.10088785,170.00798175000008
2214,93,153.74128077500006,190.60919339999992
2215,93,191.56021080000016,172.4892898499998
2216,93,244.85677642500002,201.51800547499977
2217,93,246.72113577500016,296.4842930750001
2218,93,307.47869340000034,294.3110514499999
2219,93,294.65020107500015,285.64576757500004
2220,93,234.1810771250004,301.0040325499999
2221,93,282.51629307499996,267.2062633499999
2222,93,294.67737492500004,271.4611545000001
2223,93,265.18699120000014,311.52413372499996
2224,93,230.2763065500003,331.6381360499998
2225,93,249.98319357499997,317.6633678249999
2226,93,243.64942090000002,193.3911029249999
2227,93,232.44493032500012,263.45397292500013
2228,93,294.054789275,265.3526033500001
2229,93,259.90195662500014,285.43770609999996
2230,93,216.9287563750001,228.40339529999994
2231,93,199.5756811250001,218.12271332499995
2232,93,188.95892017499995,190.31702
2233,94,146.80616642500001,131.16884277499994
2234,94,162.58980935000014,138.728475875
2235,94,135.7351861750001,129.90295615000002
2236,94,159.00818392500003,116.44877297500004
2237,94,161.0553218249999,139.92250142499995
2238,94,180.10370030000018,159.136432
2239,94,195.99887382500003,135.88082025000003
2240,94,278.6659617000005,239.10959945000002
2241,94,340.36713302500004,238.86201804999985
2242,94,225.41624735000005,265.131882025
2243,94,295.86329900000015,282.7441549249998
2244,94,273.6043193000001,260.87070135
2245,94,216.3469014000001,241.77349460000002
2246,94,263.17045702500036,291.873533325
2247,94,289.004041175,302.4663565750001
2248,94,252.44482342500012,167.69001699999995
2249,94,260.4767177999999,285.20006172499996
2250,94,248.6591037,237.63860199999993
2251,94,199.546075775,226.75305932499992
2252,94,197.50532952500018,261.5493203249998
2253,94,263.93823490000017,223.54590582500018
2254,94,253.66799252499993,221.92417879999982
2255,94,193.69516840000003,190.50162209999996
2256,94,153.36963585000007,202.60050445000002
2257,95,151.15829667500003,153.96593599999994
2258,95,144.08288067499993,132.44399162500002
2259,95,154.66745322500003,153.7977827249999
2260,95,157.44665687500012,160.00984019999999
2261,95,156.2562173,160.81849127499987
2262,95,160.77669727499998,209.88898734999987
2263,95,198.8335140000003,202.10926290000003
2264,95,251.35553972500009,245.35168527499988
2265,95,295.7751104250003,262.9303568499999
2266,95,291.10151720000084,318.93151102499996
2267,95,318.0937114000001,292.2738821749999
2268,95,252.7802501500001,243.57772809999994
2269,95,216.4453539,238.3719460000001
2270,95,251.8412989750001,180.14988865000015
2271,95,240.8329878500001,216.63716062499998
2272,95,246.12160202500007,261.3544786499998
2273,95,236.8873694500003,226.76423947499978
2274,95,230.1692180249999,220.82717059999982
2275,95,271.566080675,217.64719630000008
2276,95,249.98162085000013,249.74160719999998
2277,95,250.26535760000002,221.68147014999983
2278,95,234.302661075,238.01941945
2279,95,171.86883162500015,205.54003997499996
2280,95,154.89543580000003,189.960723775
2281,96,170.0359938999999,137.17767615
2282,96,139.93740555000002,148.4616014
2283,96,164.25237800000005,119.83906417499993
2284,96,193.05286870000003,131.58730519999992
2285,96,165.6153429500002,147.97484817499998
2286,96,210.10460172499995,217.51476950000006
2287,96,245.2855697250002,238.47998607499983
2288,96,241.76363262500013,267.7247954249999
2289,96,243.066512075,308.5561125249998
2290,96,249.10197564999984,260.94166444999985
2291,96,234.8941256249999,264.58145914999994
2292,96,244.02524865000026,264.1884787999999
2293,96,275.46499262500004,261.84906885
2294,96,242.103533075,243.5364834999999
2295,96,243.28453362500022,296.878142075
2296,96,218.71688432500036,299.57203364999987
2297,96,190.595691375,260.97207905
2298,96,158.40638667499996,272.8448657
2299,96,200.11755159999996,267.69820349999986
2300,96,179.94333772500016,244.97501284999984
2301,96,263.104150075,271.94834962499993
2302,96,201.26392967499982,200.59815752500003
2303,96,233.0866607500002,205.738915875
2304,96,183.7702224000001,174.99962417499995
2305,97,177.06776302500026,146.98113589999997
2306,97,134.55196535000013,163.36403724999997
2307,97,131.30877500000008,176.45603347499997
2308,97,181.33274835000003,138.17146474999998
2309,97,139.9496037,152.76524099999992
2310,97,140.87614985000005,159.9878328
2311,97,193.22836407500012,165.43506674999998
2312,97,224.05223805000017,172.446385175
2313,97,210.7740439500001,250.30298112500003
2314,97,208.4045585250002,271.21224429999995
2315,97,231.57801505000023,311.67026637500004
2316,97,244.18985770000006,200.0643428749999
2317,97,254.1378366,224.1136865499996
2318,97,253.8273204250001,192.11467285000006
2319,97,240.20574832500012,184.41212582499986
2320,97,212.5011741250002,235.2069962749999
2321,97,204.45804682499988,226.581671975
2322,97,192.36726449999998,227.26022169999987
2323,97,219.27768592499996,194.02433674999995
2324,97,210.23901525000014,259.26334087499987
2325,97,221.11619837500007,264.16376107499997
2326,97,195.6013958750001,209.63408272499998
2327,97,206.86724280000004,172.41666777499992
2328,97,163.20323864999995,218.3310207999999
2329,98,128.04346305000004,169.21848715
2330,98,159.73941457500018,151.43018592500002
2331,98,143.201460925,121.651982425
2332,98,142.43679177500002,160.741668475
2333,98,137.56214830000013,130.43224259999994
2334,98,113.56121392499996,155.12146727499993
2335,98,168.4392124500002,182.79772717500003
2336,98,203.0528568500001,197.90287147499998
2337,98,198.70374885000012,241.88845675
2338,98,230.67326237500012,214.05737362500005
2339,98,251.57060530000018,222.89504890000006
2340,98,249.24225747500012,256.95826627499986
2341,98,266.80018442500017,209.72404887499994
2342,98,241.734174925,214.0612541000001
2343,98,184.632660625,255.02097892500007
2344,98,260.3459342250004,222.714685475
2345,98,212.02379667499997,176.00439962500002
2346,98,199.94964287500022,196.30423067499996
2347,98,177.9434066,183.86376017499995
2348,98,169.76170237499997,195.82655625
2349,98,213.44125365000008,166.95746689999993
2350,98,185.96773235000023,190.00843477499998
2351,98,149.27166417499996,132.68984619999986
2352,98,117.79136057500007,174.13393952499996
2353,99,114.19323862500002,142.66564797499998
2354,99,141.43796252500005,139.65221807499995
2355,99,129.71580357500002,142.11055187499994
2356,99,124.30773567499998,152.70739894999997
2357,99,168.16861385000004,169.451867575
2358,99,171.32061572500004,187.58976084999995
2359,99,180.72890972499994,228.18735249999995
2360,99,224.2810776500002,251.18883555000014
2361,99,260.57288874999995,299.9899833999999
2362,99,243.49842202499994,283.92564534999997
2363,99,181.29401130000008,293.5803951249999
2364,99,273.67836692500003,271.491553725
2365,99,222.2783917750002,321.708974475
2366,99,314.5940007750005,361.41472964999997
2367,99,289.25577660000016,310.61443212499984
2368,99,264.72726910000006,303.6402944749998
2369,99,232.05453292500016,251.35972454999992
2370,99,218.95105217499983,253.4351679249998
2371,99,186.79227087500016,235.56295799999995
2372,99,283.29576792499995,274.30705349999994
2373,99,209.92535210000017,260.4761745749999
2374,99,227.04399097500027,224.12953240000002
2375,99,220.6980799750002,240.00590470000003
2376,99,232.57367082500008,198.39949647499998
2377,100,192.215392325,167.48372477500004
2378,100,178.0282028750001,165.415593
2379,100,188.72963172500033,176.89836467499993
2380,100,166.3293148250001,157.27753382499986
2381,100,198.66905997500038,203.4305676749999
2382,100,202.86308952500002,191.28460429999993
2383,100,198.28743067500005,219.430641825
2384,100,264.37092522499995,240.17152929999997
2385,100,245.35011684999995,287.75759297499985
2386,100,288.3058155250002,264.4318871999999
2387,100,288.000902725,237.1059151249999
2388,100,317.4164660500003,317.22988507499997
2389,100,269.92888122500017,242.1714679249999
2390,100,318.8933870000003,257.84960247500004
2391,100,303.3551291000002,281.1451257
2392,100,279.18460885,304.6591202999999
2393,100,286.00876245000035,248.57852044999993
2394,100,273.2146512249999,259.0058027499998
2395,100,233.37168110000022,261.99650447499994
2396,100,254.43722442500018,217.33329287500004
2397,100,255.32810670000006,195.53618567500007
2398,100,249.86255712500002,182.28972742499977
2399,100,203.40480194999998,160.33823869999998
2400,100,206.5333481500001,163.14235760000005
2401,101,157.87570812500013,128.34985419999998
2402,101,153.70550360000016,159.54536869999998
2403,101,147.60836427500004,164.60517065000005
2404,101,156.89804745000012,131.90056189999999
2405,101,192.03355062500026,132.25270049999995
2406,101,163.45586114999992,158.14074479999994
2407,101,233.66829482499986,173.2603884499999
2408,101,265.0267079000002,230.10939025
2409,101,312.1687283500002,243.90682212500008
2410,101,250.92616107500018,228.01133262499982
2411,101,276.9787816750003,248.981228775
2412,101,263.98969725000006,260.624972275
2413,101,252.08268887500017,372.09135620000006
2414,101,250.96142287499998,189.0128580749999
2415,101,194.75669462500002,166.2485075999998
2416,101,225.9208201500001,203.85437564999995
2417,101,227.3734611,246.028254075
2418,101,177.02337904999985,247.43323612500004
2419,101,198.8166020500002,270.54184442499997
2420,101,214.39228380000014,240.52932112500002
2421,101,264.001665275,235.68726624999977
2422,101,246.23705872500048,211.46378902499987
2423,101,178.035547975,190.20997277499987
2424,101,184.42905495000014,185.91987717499993
2425,102,149.8926422,143.32981804999997
2426,102,202.6296056500003,135.936172875
2427,102,125.47275717500007,136.713700025
2428,102,117.87039165000004,130.77835042500004
2429,102,135.7898829,138.35125077499998
2430,102,192.3044383250004,151.72463775
2431,102,211.28321132500002,188.33487792499983
2432,102,285.5607599749999,205.44516462499996
2433,102,198.95354115000004,261.5734266750002
2434,102,271.82266532499995,283.5915084249999
2435,102,360.1287916500006,302.087761075
2436,102,214.7712144750001,336.62598295
2437,102,229.31006387500008,298.04685304999987
2438,102,217.33015217499985,268.10161254999997
2439,102,239.9533685250001,209.3951595
2440,102,244.17124555000015,174.77135527499996
2441,102,239.77308225000007,254.12889334999994
2442,102,248.4016868500002,284.8025400749999
2443,102,271.1812381000002,318.1658578499997
2444,102,275.11266954999996,260.22601835000006
2445,102,196.12492435000001,276.8834401749998
2446,102,196.28169720000005,237.85987559999995
2447,102,162.50806660000015,256.7464146249999
2448,102,131.92363737500006,162.96473152499996
2449,103,184.79038035000005,208.9310804749999
2450,103,140.58198477499997,157.21831004999996
2451,103,178.79333340000017,169.57647322499986
2452,103,143.22300710000002,167.52536737499992
2453,103,178.19430160000022,177.2768600749999
2454,103,220.66996435000016,186.83139552499998
2455,103,220.32828849999993,231.12539385000014
2456,103,290.07751895000007,254.52784449999996
2457,103,278.42575707500004,262.1887087749999
2458,103,262.14187847500006,241.0068842499998
2459,103,337.85414622500053,316.9911801499999
2460,103,317.7746242999999,308.3898318749998
2461,103,277.1769713500001,251.08975979999994
2462,103,287.8043930500005,285.0704556249999
2463,103,275.2174233000002,240.41547307499997
2464,103,272.1676582500003,227.7858093499999
2465,103,264.289499725,202.32628515
2466,103,190.25442492499997,187.62732642499992
2467,103,234.10572365000013,242.0170394250001
2468,103,210.89822510000013,198.35811512499996
2469,103,257.29906245000006,208.44714955000003
2470,103,212.45782215000003,182.52113447499988
2471,103,204.88808282500008,220.26187785000002
2472,103,161.16296682500024,195.303857275
2473,104,144.25248287499994,156.1753537999999
2474,104,160.86773767500017,166.15100877499998
2475,104,157.3457344250001,153.09711377499994
2476,104,139.10270090000014,167.76575229999986
2477,104,152.4028696500001,152.8565037499999
2478,104,193.8796434250002,189.83466282499998
2479,104,162.42363975000004,185.3106169
2480,104,192.8664540750001,257.9698948249999
2481,104,282.1455187999999,197.285492525
2482,104,240.35274132500007,292.6043945749999
2483,104,240.53992242500016,340.8157319
2484,104,332.72732180000014,259.4211327499999
2485,104,178.70381432500025,227.08000464999995
2486,104,257.92741527500004,249.5352484249999
2487,104,212.30614845000034,205.89744129999994
2488,104,226.29716472500007,221.85466977500005
2489,104,191.46196372500006,188.62940614999997
2490,104,212.70016245,208.4307526749999
2491,104,194.69175147499993,166.3330954499999
2492,104,216.11219962500002,167.572380325
2493,104,215.90344977499984,183.86043445000013
2494,104,152.1773969000001,201.0593766
2495,104,145.54965247500013,152.00197592500004
2496,104,151.4845755,148.145187625
2497,105,180.1530420000002,156.54522412499995
2498,105,171.14868915000008,162.15075414999987
2499,105,130.4741062,165.74745217499995
2500,105,165.6753773499999,156.176373875
2501,105,160.46525635000012,149.80696610000007
2502,105,140.90019745000006,120.41280630000006
2503,105,163.68860650000005,156.4579989499999
2504,105,220.84557985000018,176.60677564999997
2505,105,235.26514167500014,238.63647105
2506,105,280.1126252500003,223.133461625
2507,105,280.313018025,285.02233882499996
2508,105,260.6734517250002,231.53207209999985
2509,105,200.71284784999995,183.2014118
2510,105,252.49286732500025,192.12864324999998
2511,105,224.7691976500001,185.66421739999987
2512,105,217.98738689999996,206.056767875
2513,105,201.58848655000003,201.40388985000004
2514,105,156.2886788499999,186.95907127499999
2515,105,226.23107002500007,188.73608487500002
2516,105,244.8564427750002,204.18084042499999
2517,105,214.25228600000014,194.60100312500003
2518,105,231.65598524999984,189.63936277499994
2519,105,123.34434430000007,140.97836715000005
2520,105,153.7122753750001,145.31510352499996
2521,106,108.36771912500011,137.4190240999999
2522,106,137.25069892500005,111.19447787499985
2523,106,125.870259,152.61450889999998
2524,106,136.22042340000002,116.34668694999996
2525,106,189.73873965000007,159.1864643
2526,106,179.454496125,224.05335677499994
2527,106,231.52920072500012,223.49523277499992
2528,106,207.1441971500002,296.6601466500001
2529,106,233.52948462500015,306.04604994999977
2530,106,224.6437305250003,315.6249590499999
2531,106,263.95414287499995,254.4325737999999
2532,106,254.68398020000024,319.45087094999985
2533,106,274.53734022500004,298.05955117499974
2534,106,351.8634383250005,286.05353787499996
2535,106,206.68277447500006,275.861253025
2536,106,222.20639625,220.8966184000001
2537,106,268.164818675,229.091130275
2538,106,229.36695637500014,257.20054374999984
2539,106,271.34428002499993,217.80033939999993
2540,106,255.48300732499996,223.7571608749999
2541,106,229.4604208500003,211.0114515999999
2542,106,252.9545686750002,197.262533275
2543,106,197.60523419999998,202.58356627499995
2544,106,146.7902531500001,175.76330779999995
2545,107,114.61998867500013,141.12194777500002
2546,107,105.37011172500003,110.481402675
2547,107,98.9205398250001,149.798452875
2548,107,154.79810272500023,152.93573619999995
2549,107,156.42225027500007,203.3262793999999
2550,107,167.23866280000004,190.51117864999998
2551,107,248.12981357500024,167.3374379000001
2552,107,275.28686000000005,217.56961094999994
2553,107,344.3412719250001,319.9118244
2554,107,245.94966865000018,251.2484168749999
2555,107,281.19264257500015,282.9042593249996
2556,107,385.26648797500013,306.5038817249999
2557,107,327.1783390749999,327.214667425
2558,107,301.52751795000006,302.94432714999994
2559,107,251.37059780000004,236.35089229999986
2560,107,269.9884037249999,279.50909624999986
2561,107,281.4697756250001,233.74975424999997
2562,107,277.2844151750002,253.49569454999988
2563,107,304.3347041999999,222.52362107499994
2564,107,234.4676922249999,239.0543387
2565,107,271.7701545000002,304.77940874999985
2566,107,229.89289605,217.298569925
2567,107,169.91707587499997,181.22285252499995
2568,107,157.89279280000005,163.2088378
2569,108,145.22485972500016,145.36719697500004
2570,108,173.02884202500013,146.0226012
2571,108,139.075670225,134.59401644999986
2572,108,140.40217832500025,168.97264470000005
2573,108,125.38687135000004,174.9779032
2574,108,186.96265830000013,148.56538612499992
2575,108,224.4818600500002,251.28519037499973
2576,108,206.86444302499993,258.38327435000014
2577,108,329.89887385000014,277.1487539750001
2578,108,269.1264376499999,309.4538094249998
2579,108,274.68661649999996,293.51835077499993
2580,108,315.27400057500006,291.10919165
2581,108,284.8361756500003,271.62807232499983
2582,108,228.68210842500005,240.03280194999974
2583,108,244.02712070000018,249.2426260000001
2584,108,247.13353882500027,262.9641137249998
2585,108,213.34281422500015,317.6840093999998
2586,108,246.05257014999998,207.5451258
2587,108,199.09315189999995,269.5666363999997
2588,108,260.7865634250001,205.02418497499986
2589,108,249.80305845000004,194.65848997500007
2590,108,221.789549175,196.71801572500004
2591,108,201.00803049999996,187.03913384999998
2592,108,197.73245615000008,154.3627201
2593,109,137.8586365250001,144.50827435000005
2594,109,137.679146575,142.5466033
2595,109,146.28170360000007,171.05381905
2596,109,174.94726880000002,148.74214602499987
2597,109,174.96676015000008,178.75765329999996
2598,109,172.12505555000016,254.3884256999999
2599,109,221.50598517500018,205.99601559999988
2600,109,238.41000475000016,265.73170117500007
2601,109,274.18092855,291.6286715250001
2602,109,360.3645901000003,268.48643245
2603,109,332.0065548749998,336.7754355999999
2604,109,325.21944045000004,320.2162677999998
2605,109,376.5894030000001,284.9101787500001
2606,109,340.7319968750001,313.6835292499999
2607,109,304.81314917500015,301.74223800000004
2608,109,360.9455894750003,276.8169170749998
2609,109,274.53778564999993,201.0107753249999
2610,109,278.49497140000005,282.39266949999995
2611,109,271.60770505000016,189.43793767499992
2612,109,224.50515737500018,214.35300844999983
2613,109,329.7116783,230.69819805
2614,109,241.6756079750003,227.9040735249999
2615,109,221.6235845000002,171.61349082499993
2616,109,180.71614270000023,159.47459747499994
2617,110,178.27313052500023,188.28989682499997
2618,110,160.16635410000004,179.39542070000005
2619,110,152.17086207500006,140.98431987499998
2620,110,174.55566237500017,157.84467715000005
2621,110,189.46446137499998,152.74795684999998
2622,110,178.00623977500015,198.8350361999999
2623,110,203.45896287500005,191.3903741749999
2624,110,286.43594365000024,236.4917680250001
2625,110,299.7214531750001,268.2846054499999
2626,110,282.2716762000001,316.2230702249999
2627,110,408.447891575,329.1962746249999
2628,110,325.2103992750001,308.47802815
2629,110,306.2943268250002,281.2586892249999
2630,110,283.7357377750002,259.28809172499984
2631,110,346.7481288500003,307.18391162499984
2632,110,265.30993232500026,310.94817854999985
2633,110,320.39403117500007,302.905137875
2634,110,258.6354442750003,393.91235212499976
2635,110,247.38293502500022,329.68229797500004
2636,110,237.1387220499999,257.35877467499995
2637,110,227.61498087500013,280.5726181250001
2638,110,265.9887450750003,248.16009439999993
2639,110,184.58049385000015,229.488484025
2640,110,183.37194029999995,252.037328725
2641,111,185.85080487499997,164.3315644500001
2642,111,184.80357975000015,179.65372035
2643,111,178.74328002500025,173.9033821999999
2644,111,165.0138774500001,124.16249739999998
2645,111,148.97054812500008,189.40960834999996
2646,111,152.63176555000007,205.24331922499994
2647,111,167.52507307500008,192.46740289999997
2648,111,181.48355739999997,218.4505621749999
2649,111,204.20625470000024,228.02215700000013
2650,111,269.3219687750001,309.95544514999995
2651,111,204.75977502500015,294.46100549999994
2652,111,333.38396295000007,311.73144425
2653,111,324.3214473250001,294.08561769999994
2654,111,295.1928888750003,229.8609908749998
2655,111,317.88092135,274.1481222499999
2656,111,283.08224910000007,272.605210975
2657,111,330.28199922499994,295.43846254999994
2658,111,303.5177612750001,304.6672141
2659,111,299.11950420000016,329.02494407499984
2660,111,265.07150419999994,249.42951972500018
2661,111,324.7074633000002,227.94396642499996
2662,111,314.9912256250002,234.41274787499992
2663,111,241.26084402500004,230.49170407499992
2664,111,175.2745571000001,174.29019105000003
2665,112,173.40723510000007,152.73830889999994
2666,112,162.21219142500001,202.97767255000002
2667,112,124.63304939999992,147.4890857250001
2668,112,155.53808875000016,144.3289526499999
2669,112,149.15527065000006,199.04375090000005
2670,112,170.65922270000007,208.737601525
2671,112,171.35960140000026,170.47624987499998
2672,112,235.18023215000005,181.392551025
2673,112,238.9512077250003,271.9604168249998
2674,112,186.58624425000002,229.11514405000008
2675,112,246.2185236500003,234.78858167499982
2676,112,235.64063325000023,195.25246755000003
2677,112,290.5177067999999,282.9077205499999
2678,112,257.18563437500006,290.7568592000001
2679,112,276.730412925,301.287404925
2680,112,269.9903827000001,274.74912612499986
2681,112,312.73396307500036,250.178230025
2682,112,246.0236781500002,268.162475025
2683,112,228.78524677500013,310.7771588999999
2684,112,288.19567982500024,211.71783884999996
2685,112,232.52849160000008,240.7708764499999
2686,112,312.2963238250001,197.19772707499996
2687,112,286.34364049999994,242.95904919999998
2688,112,207.7987102500001,214.07424644999992
2689,113,167.9326647500005,183.90678657499996
2690,113,147.5796559000002,146.77754692500002
2691,113,155.3016304750001,139.186748175
2692,113,155.56077402500006,126.13626324999996
2693,113,147.16558017500003,167.6495641
2694,113,232.13051497500015,228.78178932499992
2695,113,231.68930505000037,268.40713285000004
2696,113,303.51806172499994,239.13361977499977
2697,113,282.67729975000003,360.3363023500002
2698,113,269.44338727499996,328.8520111
2699,113,321.5025006750002,254.54732304999993
2700,113,319.67080327500014,304.4738923249999
2701,113,300.8936227750003,340.81707824999995
2702,113,306.0226062000002,364.13012164999986
2703,113,297.55108272500013,255.84665037500002
2704,113,279.9006037500001,232.4183666
2705,113,284.58606280000004,256.49067369999983
2706,113,338.1394713000004,262.52846672500004
2707,113,279.76853367500036,245.4877297499999
2708,113,253.30937320000027,272.100658175
2709,113,297.46440632499997,264.1612456749999
2710,113,278.5856221500001,209.4254825000001
2711,113,200.42556932500003,162.55114064999987
2712,113,213.2682003000002,150.65112502500006
2713,114,121.65467944999999,139.4059902749999
2714,114,127.73486427500012,128.82307807499996
2715,114,179.7794978500001,125.97035445000006
2716,114,116.394939625,131.0800148
2717,114,153.9572964499999,164.55473419999993
2718,114,166.82925030000004,173.76904170000006
2719,114,218.27676805000004,257.2197898249999
2720,114,234.69106859999988,209.29243855000004
2721,114,292.2383105249999,313.51839574999985
2722,114,265.4311068500001,355.49484122499985
2723,114,209.96067597499993,338.2100381249999
2724,114,329.8415899999999,278.03580920000013
2725,114,315.96806317500005,326.4177241
2726,114,266.0998987250001,277.342067625
2727,114,272.5601385250004,270.39842662499996
2728,114,245.32194705000023,280.9316366749998
2729,114,242.19190577499995,298.57117912500007
2730,114,191.65000125000012,294.9423839499999
2731,114,203.72379050000023,254.7807527499998
2732,114,249.84958229999987,248.34024182499996
2733,114,229.93508650000027,281.66095737499995
2734,114,237.3342072999999,194.06001705000017
2735,114,201.70971462500012,175.439103925
2736,114,206.87369792499993,142.02881394999997
2737,115,174.39567020000004,165.77502005000008
2738,115,160.67399752499995,146.52006167500005
2739,115,156.45299827499997,135.36712834999992
2740,115,157.5653457500002,167.3048807749999
2741,115,159.7191379500001,144.71263952500004
2742,115,195.12817682500014,195.4412322749999
2743,115,216.4464591000002,241.82085834999998
2744,115,223.02002505000024,254.65538897500014
2745,115,303.51411987500006,232.18853099999995
2746,115,285.40060635000015,252.8802203749998
2747,115,297.54133137500014,286.3428993
2748,115,281.27626727500007,248.63751900000005
2749,115,229.3990070999999,255.85025997500014
2750,115,308.34294522500056,309.240173875
2751,115,211.7501825500002,257.4721394999998
2752,115,280.4600885999999,286.83134554999987
2753,115,293.74523209999995,302.96868497499986
2754,115,256.32563087499994,228.29234169999987
2755,115,233.54212227500005,234.78830457499996
2756,115,275.100773075,264.780203175
2757,115,243.89342700000032,224.02561197499995
2758,115,258.93322975,245.20847765000008
2759,115,175.59804255000026,205.04523654999988
2760,115,177.7236247500001,188.79649779999994
2761,116,152.03574220000002,166.28028135
2762,116,153.02242075,133.39467642499994
2763,116,167.26886835000005,144.2071460249999
2764,116,190.347592325,120.56234050000002
2765,116,184.27412707499997,183.15772557500003
2766,116,195.3889958250002,219.34692152499994
2767,116,214.86505060000007,173.21568437499985
2768,116,181.35672767500023,265.76259652500005
2769,116,270.1902784250001,310.81765625
2770,116,285.86934542500006,360.2577043749999
2771,116,278.22062875000006,320.3374634499998
2772,116,300.5815890750001,311.29140459999985
2773,116,257.9421071250002,292.14271287499986
2774,116,266.81260322500026,211.532659825
2775,116,303.6791759250002,236.73521465000016
2776,116,271.519376225,264.1283476999999
2777,116,281.1111019500004,263.8873129499999
2778,116,265.11396245,278.27133509999976
2779,116,262.92531495000026,200.92120617500004
2780,116,224.016509875,212.30293795
2781,116,249.7054430250004,224.04535357500012
2782,116,252.175221625,212.35591947499995
2783,116,176.65596154999992,149.418222325
2784,116,172.417098575,136.645226225
2785,117,156.29238677500007,166.27854022500003
2786,117,176.97401370000006,159.05566364999996
2787,117,192.87308515000007,192.94213255000003
2788,117,188.54144100000036,128.53587912499992
2789,117,160.58225685000002,213.0833344749999
2790,117,174.76754407499982,196.75149229999997
2791,117,216.70033245000008,214.5953375499999
2792,117,221.7192360500004,237.04874137499993
2793,117,238.5803626500002,273.57365319999997
2794,117,267.49494550000026,330.3768782999997
2795,117,282.5133298249998,298.3079526750001
2796,117,314.95565379999994,241.0174953
2797,117,264.33067325000013,277.558012125
2798,117,261.08609870000015,240.8081670750002
2799,117,285.75515280000013,299.3691522
2800,117,302.6125381250001,240.50617209999984
2801,117,293.88188695000036,311.6082286249999
2802,117,266.97600430000017,233.29068869999986
2803,117,267.30358717500013,208.54901787500006
2804,117,265.81058192500024,225.24585832499986
2805,117,240.3728971000001,256.10156219999993
2806,117,175.33242007500013,193.5007012999999
2807,117,199.1857046750002,231.00212160000004
2808,117,202.32397107500014,178.72733977499993
2809,118,147.7252981500001,149.5635583499999
2810,118,163.11908105,160.28305514999994
2811,118,139.9758862,156.90810667500003
2812,118,141.40098767500007,166.90101017499995
2813,118,154.34369232500012,162.7425936250001
2814,118,144.97057547499998,249.11646869999996
2815,118,180.81985207499991,188.34646144999996
2816,118,207.28977987500025,243.03408670000005
2817,118,175.3579585,254.84667217500007
2818,118,256.663727375,320.73508315000004
2819,118,246.92472775000007,354.7098566499999
2820,118,321.7070891500002,241.42188387500005
2821,118,306.5853169999999,227.83308319999998
2822,118,248.4253109250002,321.14004305000003
2823,118,280.0130473,279.98203965000005
2824,118,226.789500025,185.66308880000014
2825,118,276.34580047500003,237.39524367499996
2826,118,219.34610067500006,254.11854600000015
2827,118,232.1739033250002,204.5197813499999
2828,118,243.94056104999999,259.8119848749999
2829,118,190.16234867500006,191.036441075
2830,118,179.8450658750001,220.29450524999993
2831,118,205.21669645000026,178.42650707500002
2832,118,154.4043941500001,153.8125590499999
2833,119,159.639380925,188.47312702499994
2834,119,148.1449661250001,205.44943780000006
2835,119,153.88744787499996,126.341982675
2836,119,165.45289022499998,147.28000494999992
2837,119,153.46375262500015,166.93497630000005
2838,119,190.29260550000006,202.20543627499993
2839,119,192.52368694999996,190.38865687499998
2840,119,188.80157622500028,195.49213360000005
2841,119,213.85363552499996,266.38442645
2842,119,223.18818982499994,291.70035845000007
2843,119,242.4614960750003,314.2924672749998
2844,119,254.71027330000018,313.1464636
2845,119,348.5647046,272.59814324999996
2846,119,241.80208227500003,261.75531185
2847,119,303.5812889250004,225.13375489999996
2848,119,276.0063107750002,268.84533105
2849,119,233.11633600000005,349.95359269999983
2850,119,272.8541715750001,262.58018239999984
2851,119,289.5966288999998,264.24484764999994
2852,119,242.11413292500006,213.32025164999985
2853,119,319.9635492750002,200.00154230000004
2854,119,275.7165593500001,199.74785869999982
2855,119,213.1504270750001,217.40638504999993
2856,119,160.66462835000004,172.83933205000005
2857,120,149.0730713500001,144.57639719999997
2858,120,153.34440724999993,164.16837927499992
2859,120,155.7247441250001,163.75573564999996
2860,120,160.83219692500015,139.96329322499997
2861,120,124.49702715000004,154.27012604999996
2862,120,211.14577125000017,208.64899367499999
2863,120,169.07952087499996,220.95138897499993
2864,120,207.33886334999988,254.07665995000005
2865,120,311.51483635000017,246.22653899999995
2866,120,279.01197522500024,202.14083642499986
2867,120,224.00978894999994,332.2928651249998
2868,120,278.2130326500002,307.9296904999999
2869,120,277.71897069999994,306.0718620499998
2870,120,299.1347153750002,317.0822411
2871,120,336.34012557500023,254.89032977500005
2872,120,321.321147475,321.66132097499997
2873,120,325.8816345500001,330.27738927499996
2874,120,273.9769629500003,339.7948023
2875,120,271.1229376500001,306.33834827499993
2876,120,245.69170927500028,225.60593132499994
2877,120,243.88974532499998,305.57447464999984
2878,120,276.26788345000034,255.3421858999999
2879,120,190.14724985000012,223.61715400000003
2880,120,135.66869140000014,198.98319760000004
2881,121,163.4965433000001,205.99832109999994
2882,121,123.79986152500008,182.56451125000007
2883,121,177.96777192499994,223.81618489999994
2884,121,144.74760505000012,184.93922534999996
2885,121,183.1177416500002,197.25256660000002
2886,121,175.1643388000001,220.67366367500006
2887,121,180.17712660000007,187.7924792500001
2888,121,210.73480532500008,239.2816011
2889,121,237.48522242500016,285.43260614999986
2890,121,260.0081681500001,220.84335290000004
2891,121,234.69237737500026,273.89022280000006
2892,121,247.71234395000016,304.2800399
2893,121,320.18662592500016,339.41822950000005
2894,121,309.2022554250001,416.95888822499984
2895,121,293.09722135000015,283.2023214000001
2896,121,257.40244297499993,290.3929603999999
2897,121,281.8804365250001,258.97413757499993
2898,121,229.87755257500012,229.46666487499985
2899,121,231.9122476500002,278.3150708750002
2900,121,294.24462570000003,290.2837450999999
2901,121,304.0823997000001,252.362039825
2902,121,222.8358462000002,213.18554195000002
2903,121,187.38086732500008,219.96466087499994
2904,121,163.52640884999994,193.95560032499998
2905,122,152.32839692500013,194.11374704999986
2906,122,173.44642984999993,184.07550929999985
2907,122,166.66120765,163.88056637499994
2908,122,150.5119726000002,175.32345115000004
2909,122,196.94120312500027,211.74215262499996
2910,122,169.529900075,224.17256449999996
2911,122,244.54773577500004,199.91216887499996
2912,122,246.69920927500033,229.6968308249999
2913,122,260.35186432500007,246.24640079999998
2914,122,356.25354267500006,274.04464812499987
2915,122,322.952225775,320.13007419999997
2916,122,261.6491119750003,318.1509299500002
2917,122,281.43764185,289.6593210999997
2918,122,258.84375627500026,242.23344617499993
2919,122,195.99450032499993,281.48717537500005
2920,122,235.3026346500002,227.629222775
2921,122,270.7130618,262.39028645000013
2922,122,264.07817465000005,280.59571709999994
2923,122,249.67451680000005,254.55133197499995
2924,122,255.2497718000002,228.27256317499993
2925,122,231.06226937500008,251.0418199
2926,122,242.22493667500015,249.8027296749999
2927,122,196.11453735000015,236.92051432499989
2928,122,191.46944610000054,181.2337316749999
2929,123,170.46510002500014,161.8647305249999
2930,123,183.19021310000008,129.63284287499994
2931,123,149.65963105,191.03948235000001
2932,123,152.94448920000008,151.95076539999997
2933,123,216.352090475,168.22191125000006
2934,123,175.34253967500018,215.95285007499996
2935,123,213.8273138,258.01930392499986
2936,123,255.24287792500002,279.40312107499983
2937,123,279.28235465000023,260.5094015500001
2938,123,316.149254175,299.27846902499977
2939,123,330.61973777500026,265.60330075
2940,123,274.42837780000025,263.22011944999986
2941,123,291.2884020500004,252.9819807749998
2942,123,298.77507355000057,284.48214759999996
2943,123,290.44757915000014,300.1776656249998
2944,123,203.88765014999996,284.60136124999997
2945,123,261.0080757500003,237.68130794999988
2946,123,259.04261807500023,282.00865144999995
2947,123,280.8859968000004,354.2423849250001
2948,123,258.0436550500001,388.87758535
2949,123,286.44648192500006,281.23898500000007
2950,123,274.45754367500047,226.61225737499998
2951,123,217.2921758,183.49117569999999
2952,123,195.02577545000003,222.82760504999976
2953,124,146.14756085000005,191.23609422500004
2954,124,135.54622085000014,181.0742868999999
2955,124,138.36281075,134.128452075
2956,124,132.68786497500005,155.48181717500006
2957,124,157.59091092500017,147.33665230000003
2958,124,202.931033325,158.17326829999996
2959,124,195.26190167499988,206.75534430000005
2960,124,253.33881657499987,271.7052560249999
2961,124,221.0680749500001,306.8925468750001
2962,124,201.95057070000036,303.5020637749999
2963,124,313.564322575,286.1252955499999
2964,124,326.10318369999993,300.50228537500004
2965,124,274.0372943749999,266.68789612499995
2966,124,232.57142204999994,277.9703330250001
2967,124,263.7953958250001,271.12895545000003
2968,124,252.3845872250003,272.1709034
2969,124,219.63131197500002,312.9429100749998
2970,124,253.11440360000012,230.51101629999994
2971,124,193.27530057500013,244.87392237499992
2972,124,256.59900819999996,240.9513430749999
2973,124,285.9958058000001,270.4007106499999
2974,124,234.80799894999998,207.98847997500002
2975,124,245.53697325000002,256.1705779749999
2976,124,174.8690871250001,210.8325809499999
2977,125,208.9035194250001,174.53584479999998
2978,125,131.1852867500001,171.79755695
2979,125,143.0104890500001,175.867149925
2980,125,169.83072877500007,160.569021
2981,125,184.55521747500012,134.59281764999997
2982,125,191.62387065000001,169.523424325
2983,125,178.4234984749998,190.29652972499994
2984,125,222.15897110000014,192.24418820000002
2985,125,245.49154015000002,263.8233567
2986,125,235.60175172500016,307.5214455249999
2987,125,248.40342032500024,250.48144414999996
2988,125,256.15541737500007,318.8679818749998
2989,125,246.11284055000021,246.19072689999993
2990,125,236.99083890000009,238.17646854999995
2991,125,237.8022394750002,233.16171105000006
2992,125,244.07418167500032,210.17903002499983
2993,125,192.908640625,237.1975842500001
2994,125,270.7253191500005,204.6244118750001
2995,125,206.79104079999996,236.57886000000008
2996,125,269.5273312249999,218.18539844999992
2997,125,224.5249635249999,223.13458017500005
2998,125,211.94419870000038,200.03022112500003
2999,125,201.09452109999998,198.0774484249999
3000,125,186.52589197500015,196.61602239999985
3001,126,211.30079707500008,145.68938137499995
3002,126,170.51103230000012,147.50254032500004
3003,126,150.91623702500004,147.9658582499999
3004,126,176.83762112500006,116.37233642499993
3005,126,168.85125737500007,165.3032858999999
3006,126,163.94150987500007,187.72171277499996
3007,126,186.13663165000008,201.72673747499994
3008,126,200.14888180000008,224.5279046999999
3009,126,211.78710357500006,232.1385092999999
3010,126,224.00780670000006,288.9375835999999
3011,126,294.9909649750001,318.3228408
3012,126,368.5122053250001,310.87553764999996
3013,126,262.01964957500013,267.5099743749998
3014,126,286.55810267500004,270.3205183249999
3015,126,275.67597930000056,246.89556634999985
3016,126,241.7989387249999,188.71942447499976
3017,126,240.2318549750002,180.75603859999995
3018,126,263.127846125,241.59363039999994
3019,126,272.90053752500035,222.09597369999994
3020,126,243.85595075000015,264.87499822499996
3021,126,250.92172815000035,229.8815026249999
3022,126,221.68162775000042,262.1696469000001
3023,126,203.05090285000034,201.286380075
3024,126,179.93310957500057,180.00969552500004
3025,127,141.03560667500005,143.15105975
3026,127,147.32375355,136.74176244999998
3027,127,138.58209290000013,155.872626975
3028,127,179.54338252499997,124.53772167499989
3029,127,162.7231686,119.15838122499994
3030,127,186.13533172500004,162.715503225
3031,127,243.43759155000004,223.64381685000004
3032,127,259.49604429999994,212.6748058999999
3033,127,266.50688060000004,264.97434599999985
3034,127,260.99011110000026,289.08115892499995
3035,127,270.2991804000002,302.73905672500007
3036,127,357.9504103500004,290.97962287499996
3037,127,364.03697679999993,398.29968540000016
3038,127,317.122953375,364.2939236750001
3039,127,262.33359307499995,317.13172032500006
3040,127,266.55932627500033,306.6842479499999
3041,127,351.9112033250003,275.0693806999999
3042,127,275.0073322999999,275.1018758000001
3043,127,342.425657625,312.8579536749998
3044,127,353.1139521250002,270.5665765250001
3045,127,272.06110957500005,274.4643381249999
3046,127,240.46570787500028,231.89435060000002
3047,127,198.5919891750003,190.0260166
3048,127,185.88589957500017,173.450215825
3049,128,168.15823615,178.05311020000002
3050,128,184.52508035000005,165.95644872499997
3051,128,163.50155805,165.49037994999992
3052,128,148.038240475,181.59692717500005
3053,128,159.84366772500002,199.37846769999993
3054,128,203.53929292499998,175.94090059999996
3055,128,220.2703731250004,225.0984297249999
3056,128,263.2880140000001,261.4275087499998
3057,128,253.94461222500016,268.49488690000004
3058,128,243.52857982500004,246.22254007499987
3059,128,309.94019882500004,337.6846818749995
3060,128,297.74220425000055,338.087540125
3061,128,305.10133500000023,356.44350849999984
3062,128,303.6321114000002,364.7430044249997
3063,128,331.40653885000006,296.53997197499973
3064,128,315.8675420500001,277.57562729999995
3065,128,308.1382602750001,293.37361787500004
3066,128,301.22921725000003,318.4188462249999
3067,128,288.39637772500043,325.68400054999995
3068,128,234.16474142500002,324.42183232499997
3069,128,342.08689324999995,269.3858974500001
3070,128,290.81365787500005,296.9497348
3071,128,221.62841497499994,198.08758802500006
3072,128,208.5464329750002,185.48110157499994
3073,129,190.28031275000015,190.93712397500005
3074,129,153.22115995000001,201.74674687499996
3075,129,179.83943465000004,225.7252589
3076,129,175.76500077500012,177.51802095
3077,129,158.00839120000006,178.79441524999987
3078,129,223.66427159999995,175.5725201499999
3079,129,245.34797400000014,175.800720325
3080,129,263.6945434750004,196.03872817500013
3081,129,223.30220725000018,227.29529802499985
3082,129,313.84128547500006,246.77431494999985
3083,129,354.2407923500002,291.9170741999999
3084,129,302.2431056749999,344.71534245
3085,129,335.18963322499997,284.3665606999999
3086,129,336.0879914000002,330.2628993499999
3087,129,295.0958536499999,317.41548365000017
3088,129,353.9441631000001,274.4669523499999
3089,129,278.62404755,290.96389282500013
3090,129,310.2995145,344.82708165
3091,129,327.19125852500014,212.31075732500005
3092,129,269.0969102750001,239.23915747500016
3093,129,266.2638044500001,289.23160509999997
3094,129,204.2015846250002,294.943656625
3095,129,268.9044826750001,218.7118883
3096,129,217.5927843000001,201.29592135000001
3097,130,158.07623457500011,156.79287202499995
3098,130,201.77391704999997,143.94844697499994
3099,130,134.6241695250001,180.30104747499993
3100,130,147.537454025,166.010051875
3101,130,193.95545912500017,165.81446304999997
3102,130,199.16240222500005,205.71863630000001
3103,130,219.03152875000015,238.417573825
3104,130,273.2718737250001,261.3987027250001
3105,130,290.0332318250002,217.817354625
3106,130,308.40936477500014,260.66689674999986
3107,130,304.54371967500015,283.064820625
3108,130,261.03665679999983,259.58110027500004
3109,130,294.130656075,304.1173825249999
3110,130,310.2612231750003,315.74614322499986
3111,130,269.62885415,303.68591052499994
3112,130,221.6081280000002,267.2483215249999
3113,130,320.39399512500006,276.28838499999995
3114,130,237.14363020000008,301.8552410999997
3115,130,234.86088074999998,307.08348887499994
3116,130,344.1668103000003,263.73036847500003
3117,130,285.43697807499984,211.51986954999995
3118,130,292.07419362500013,225.46601197499984
3119,130,221.71945167500013,216.95679280000002
3120,130,172.8609151500001,194.85752317499998
3121,131,150.23976277500003,173.09152884999995
3122,131,172.41480460000008,157.54893259999992
3123,131,204.3777141250002,143.3690473249999
3124,131,198.06148615000006,148.35866679999987
3125,131,167.21213685000004,114.04342254999997
3126,131,230.97494895000008,175.50284192500007
3127,131,182.97503050000006,243.77088535000004
3128,131,222.13072494999992,216.31194537500005
3129,131,257.9386288000001,301.0799995499998
3130,131,288.03338367500027,279.29252949999983
3131,131,309.43292402500055,378.83314344999985
3132,131,252.3139266750002,218.44084225000012
3133,131,213.64774252500018,260.2428902749999
3134,131,337.88478480000003,289.8931342999999
3135,131,260.09048312500016,328.0606255249999
3136,131,290.5409674250001,272.06892272499994
3137,131,233.96941767500022,326.2836666249999
3138,131,280.20137327500015,247.3257416250001
3139,131,323.49727357500024,227.95250207500013
3140,131,234.6511207250002,264.8079129499999
3141,131,264.20456322499996,281.510896475
3142,131,260.43224105000013,229.9476445749999
3143,131,267.561517725,239.51033932500007
3144,131,219.65454199999996,204.28020074999995
3145,132,160.61349580000004,118.61709714999998
3146,132,150.3824738500001,147.10578735
3147,132,121.86283179999992,143.84016947499993
3148,132,167.3951076000002,147.322111275
3149,132,214.41174005,173.1797209499999
3150,132,214.6801264,204.0841168
3151,132,239.80855725000006,147.87047805000006
3152,132,224.6151810750001,207.03910532499987
3153,132,238.360142,198.71456247499998
3154,132,272.2439886,286.0535533
3155,132,352.9832927500003,332.64269355
3156,132,331.5666623750003,283.05284900000004
3157,132,271.5062177000002,265.465376525
3158,132,235.31625367499998,290.244915725
3159,132,287.7709221000002,245.64436620000004
3160,132,263.0937639250001,308.1911467
3161,132,240.03631537499993,396.86297539999987
3162,132,264.0741139500002,302.7464580249998
3163,132,274.4371005250001,294.48235127500016
3164,132,263.01383675000005,271.6379308249998
3165,132,302.8534497500003,225.30848365000008
3166,132,248.80109305000016,225.37951540000003
3167,132,246.09481025000008,180.978558425
3168,132,222.208351325,169.41079689999998
3169,133,167.6652171500001,175.8246774499999
3170,133,168.37401365000005,196.2104483999999
3171,133,168.87093692500002,142.33848469999998
3172,133,151.90336427500011,186.24689085000006
3173,133,152.28786580000002,166.56506064999996
3174,133,156.67827510000004,178.63881362499998
3175,133,233.42001782500017,167.302010625
3176,133,241.026594875,182.411718775
3177,133,289.6899837499999,247.0465339999999
3178,133,269.92245860000014,265.2030990499999
3179,133,265.7736728500002,289.6596979000001
3180,133,259.01221987500014,281.1636533999998
3181,133,322.1776765750001,299.40465497499997
3182,133,305.03532895,227.16605187499988
3183,133,309.20360770000025,280.81875549999995
3184,133,246.54401512500013,285.81019527499996
3185,133,293.79788897500043,304.16857035000004
3186,133,255.61215595000016,320.210879075
3187,133,237.21816067499992,252.9205478999998
3188,133,266.3696180249999,234.65488874999994
3189,133,278.66920862500035,235.22043422500005
3190,133,224.9000688499999,196.6991670999998
3191,133,188.23964682499985,183.72966679999996
3192,133,151.15476480000007,191.80952357499993
3193,134,129.41610844999997,137.73139615
3194,134,120.21788670000011,156.25221985
3195,134,140.3417024750001,145.38119282500008
3196,134,110.4778774250001,144.20394094999995
3197,134,163.08557840000012,169.41889254999995
3198,134,195.54134107500022,214.53914394999987
3199,134,268.5870129750001,235.5665210500001
3200,134,242.0106603500002,250.54726044999984
3201,134,283.5263105500001,282.65871154999985
3202,134,282.5037913000001,316.6909558499999
3203,134,366.1669129499999,307.60134285000004
3204,134,354.1859286250001,319.05705272499995
3205,134,316.98748735000004,322.50213010000004
3206,134,370.5014054000002,275.95464165000004
3207,134,289.84076877500036,315.0741954749999
3208,134,260.59761540000005,306.1826444749999
3209,134,292.0293125000001,320.5845255499999
3210,134,291.1105369499999,365.65398995
3211,134,256.8759772750002,338.24282885
3212,134,264.47332067499997,281.83050832500004
3213,134,268.64238175000037,313.4256731999999
3214,134,252.6687587750003,273.89875817500007
3215,134,210.4189582250001,197.62692279999987
3216,134,153.03628712499997,177.00870324999988
3217,135,175.8304712000001,156.67938965000002
3218,135,202.61726737500015,169.46333514999998
3219,135,187.06716862499997,134.50830447500002
3220,135,150.79535205000002,152.8655032
3221,135,184.06891097500005,252.38487024999995
3222,135,215.97764230000007,214.54096940000002
3223,135,202.79238142500003,208.8665293499997
3224,135,221.55581285000017,308.55315835
3225,135,234.06779019999988,282.87263302499997
3226,135,336.29693255000035,280.8066867
3227,135,258.16471602500013,259.384258325
3228,135,300.75357150000013,254.23897134999987
3229,135,274.01149245,310.06830199999996
3230,135,304.7061828499999,304.11897324999995
3231,135,237.8631865000005,340.4925419750002
3232,135,271.07917719999995,313.0091960249997
3233,135,245.11114872500002,307.7846029499999
3234,135,217.20757497500014,302.78046164999984
3235,135,252.48821237500022,341.79222937500003
3236,135,314.56389255000045,259.0935615249999
3237,135,253.18327462500008,237.63489197500007
3238,135,358.6604352500003,308.34304624999993
3239,135,242.59022617500023,202.20077830000008
3240,135,228.6529973000001,221.80322974999996
3241,136,176.31678902500005,170.55458644999996
3242,136,188.2529842250003,144.55767309999996
3243,136,152.50604585000013,153.178169475
3244,136,187.31051752500005,177.82060207499995
3245,136,212.1588778250001,146.08443239999994
3246,136,179.75599640000019,189.09333379999993
3247,136,197.88076665000003,232.07212145
3248,136,265.25174945000026,225.50489220000009
3249,136,308.9870119000006,315.6597816499997
3250,136,314.73668920000017,305.60406050000006
3251,136,332.64817602500034,313.150108875
3252,136,297.92181200000016,389.5653770999999
3253,136,233.9046836,368.09368389999986
3254,136,315.6289541499998,339.1170713750001
3255,136,313.3867895000001,357.05316897499995
3256,136,279.50481819999993,258.516635875
3257,136,297.0564549500001,303.00903114999994
3258,136,302.6532614749999,262.57078010000015
3259,136,233.55838215,289.61338522499994
3260,136,303.49161997500045,346.99743012500005
3261,136,283.0233078749999,293.247902025
3262,136,278.18650894999985,226.905527475
3263,136,253.92653785000005,220.46179990000007
3264,136,163.23348747499995,194.22136785
3265,137,213.87208139999996,196.36209412499994
3266,137,149.87838902500005,152.114682275
3267,137,130.62053469999995,138.19652642500003
3268,137,184.40113967500014,160.98136894999996
3269,137,172.246060275,228.3165032999999
3270,137,157.36463257499992,180.98535282500006
3271,137,207.31350322500015,276.73885570000004
3272,137,243.77334987500006,271.91299484999985
3273,137,278.4474426500002,315.9365164999997
3274,137,344.1369148750003,317.142949725
3275,137,383.4295910750003,346.46166792499986
3276,137,309.217500425,401.5186492749998
3277,137,267.3346493750002,360.49751462499995
3278,137,386.54621817500026,275.94051122499985
3279,137,414.74706720000097,348.41183805000003
3280,137,280.0692763500003,338.9844211249999
3281,137,320.66192565000006,290.8865346
3282,137,257.9262530750002,293.03466394999987
3283,137,232.19696505000013,262.8740107
3284,137,262.90813050000014,344.32305905
3285,137,330.44461877500044,250.19902767499983
3286,137,271.3768095750005,250.4358688249999
3287,137,242.28824519999995,232.2580488750001
3288,137,216.9653600500002,188.751318625
3289,138,180.84496015000002,180.88801545
3290,138,160.66572072499994,212.25114089999994
3291,138,147.15832612500006,143.78046014999993
3292,138,178.54336600000005,137.10514232500003
3293,138,163.9778346000001,167.30162777500004
3294,138,136.74579365000025,184.5811828749999
3295,138,158.74190127500003,182.2655592749998
3296,138,291.97396757500013,222.45573082499993
3297,138,301.69928427500014,283.2294290249999
3298,138,312.33942067500027,327.68342147499993
3299,138,315.4486315000004,307.0840148
3300,138,267.811088025,279.12659637499996
3301,138,320.4942762750005,273.08011209999995
3302,138,255.50090670000003,262.0142282500001
3303,138,257.0235472000004,307.60825775
3304,138,232.1003491250002,233.440999525
3305,138,248.38767815000028,231.71047710000005
3306,138,231.3804377000003,240.7731091749998
3307,138,326.2960117000002,247.40074502499982
3308,138,317.5433939000002,265.13422297499983
3309,138,348.1895461500001,264.35429024999985
3310,138,247.5721456500001,294.4289145
3311,138,246.49076212500006,198.38420075
3312,138,181.70512875000009,158.67422957500003
3313,139,148.60237605000015,167.74436580000005
3314,139,192.57068897500005,164.61951522499993
3315,139,188.01982767499993,189.6061818999998
3316,139,153.73338312500005,170.96232605
3317,139,140.31514180000005,162.21191617500006
3318,139,183.96804142500002,183.84517682499992
3319,139,184.5174314250001,232.24589320000007
3320,139,229.95637202500023,219.38364632500003
3321,139,231.75631354999985,231.48699397500008
3322,139,271.5687654000001,294.59759777499994
3323,139,354.41065897500033,253.63919342499986
3324,139,304.8736029500001,290.6421391999999
3325,139,267.6257415,232.63715722500012
3326,139,234.35676602500013,265.31734170000004
3327,139,247.99713659999998,294.8343982749999
3328,139,297.94231969999987,336.6732159249998
3329,139,343.88776387500013,267.807928425
3330,139,335.31582870000034,243.70626490000004
3331,139,305.7388092500004,246.6078614750001
3332,139,241.41556760000014,280.03625754999996
3333,139,271.09977110000017,235.74173674999983
3334,139,265.8951855500002,168.18396944999992
3335,139,260.862399125,194.33380584999998
3336,139,174.64194902499992,177.26400214999998
3337,140,185.71665357500012,202.11456307499992
3338,140,207.17337010000006,195.8542368749999
3339,140,149.99029864999994,159.551191975
3340,140,161.66914267499996,145.615578275
3341,140,140.43439100000012,135.80059179999992
3342,140,159.89978052500007,218.92487599999987
3343,140,203.74789562500018,193.3625986499999
3344,140,210.53823969999996,195.7810503499999
3345,140,231.55049895000025,300.41272797499994
3346,140,242.87036764999988,228.9639065999998
3347,140,257.6751931250001,303.5369293000001
3348,140,285.9825167750002,291.63792839999996
3349,140,220.253700325,295.6085837749999
3350,140,260.02134245000013,264.495102
3351,140,310.40269405000026,297.1712704749999
3352,140,239.93143627500004,289.6493819499999
3353,140,306.62621827500016,272.6089082749999
3354,140,240.84168302499995,231.05751707500016
3355,140,261.94648635,332.19503617500015
3356,140,284.5042668750001,290.5790460500001
3357,140,284.9795565750005,261.77762147499993
3358,140,223.19835440000026,266.0438677999998
3359,140,210.21732135,240.53019980000005
3360,140,213.07942132500006,180.95204972499988
3361,141,123.25098810000016,173.73964475000008
3362,141,124.65244675000005,153.00321549999998
3363,141,150.72133375000004,181.21949602499996
3364,141,187.51652535000005,188.734309
3365,141,166.4881439500004,159.90299312500002
3366,141,186.38802370000025,207.42053204999993
3367,141,222.08934527500008,232.15751514999988
3368,141,230.805726175,315.01819954999974
3369,141,325.11830769999995,323.226137475
3370,141,305.2705182750002,283.60421047500006
3371,141,361.33081047500025,288.20093027499996
3372,141,384.8107531500003,368.0250247249999
3373,141,301.9460486500004,390.75830675
3374,141,361.4682223000001,393.19718285000005
3375,141,465.1159238000006,366.7397631249999
3376,141,392.2017597499999,313.5755179499999
3377,141,352.4577845000002,320.9334306749999
3378,141,394.3785311499999,331.2244735
3379,141,337.49367002500054,354.8810941749997
3380,141,295.6383880750001,344.63866352499974
3381,141,315.3835307499998,358.5575680999999
3382,141,299.2331129999999,349.1740686249997
3383,141,274.23870197500025,351.27656369999994
3384,141,184.0475681250001,179.57882730000003
3385,142,171.7147311249999,185.68689252500002
3386,142,188.75294527500006,180.3465862
3387,142,184.92057517500007,178.783248475
3388,142,183.9018269500001,186.999477775
3389,142,173.2310698750003,228.14266199999992
3390,142,222.0900369,187.16137590000005
3391,142,225.91183810000012,197.18952667499985
3392,142,281.36814722500003,290.01467957499995
3393,142,361.3695015500002,281.0890325000001
3394,142,330.81323539999994,266.0862807249998
3395,142,334.3116516250003,291.74780175
3396,142,295.7269288750001,331.69124684999997
3397,142,314.8758515750002,239.58944122499986
3398,142,275.0345420000002,326.3936046999999
3399,142,331.057721625,385.38100767499986
3400,142,315.311078625,310.69999292499995
3401,142,389.8019555000002,278.0327322250001
3402,142,316.48998590000025,292.11585779999996
3403,142,314.32221190000007,325.4718964750001
3404,142,290.9149839500001,308.4767811249998
3405,142,314.7414599750001,315.29514570000003
3406,142,242.8642079500001,242.41009677500006
3407,142,205.2973925500002,218.60412619999983
3408,142,184.78584940000013,201.49490654999988
3409,143,198.66631375000028,229.90501415000003
3410,143,188.99629452500005,206.70399339999994
3411,143,205.70917017500014,216.51298952499997
3412,143,181.71785327500012,174.23721815000005
3413,143,191.69466300000016,170.96687085
3414,143,213.01942247499994,203.29360402499998
3415,143,198.7958265250001,258.15686867499994
3416,143,250.40388392499992,186.37090014999995
3417,143,275.9927238500002,275.02442514999984
3418,143,343.4349198000007,298.3625321499999
3419,143,361.3193438500001,375.16356482500004
3420,143,329.9595211500001,399.57997632499996
3421,143,436.3865638500001,354.84055657499994
3422,143,385.79397912499996,277.9616529
3423,143,280.3464901,253.1010878750001
3424,143,270.9215854500001,276.31860137499996
3425,143,321.5124158750002,355.97442384999994
3426,143,361.18381220000026,322.12979065
3427,143,302.1937108750002,245.96885434999996
3428,143,335.7005308250001,276.9633110249998
3429,143,262.87826564999995,208.37715700000007
3430,143,261.3740863999999,221.75742950000006
3431,143,245.6412697250001,261.811410025
3432,143,257.2488082750004,206.04042457499986
3433,144,179.85711685000018,211.06365609999995
3434,144,211.1741515750001,160.2380589749999
3435,144,159.41645992500025,157.84912500000007
3436,144,210.69221195000014,149.3069700499999
3437,144,174.56773429999998,176.07784955000002
3438,144,216.7701359500002,181.28971997500005
3439,144,232.0377561000003,185.9940615750001
3440,144,240.3549294000002,239.93980592499986
3441,144,275.130119175,336.2048466000001
3442,144,338.83546337500104,271.3278660999999
3443,144,378.03607077500044,309.2854738000001
3444,144,449.5458496000001,288.6436912999999
3445,144,356.2001430500002,285.92303259999983
3446,144,310.5046325250002,270.0992967499999
3447,144,362.6667761000002,261.40422717499996
3448,144,344.32194537500027,265.63490425
3449,144,342.99653530000035,325.78602545
3450,144,296.97595165000007,361.0418819749999
3451,144,307.25443170000005,314.06747959999996
3452,144,226.42481757500008,292.9179280499999
3453,144,317.47160177500007,262.176460875
3454,144,284.7750490000001,235.17455297499993
3455,144,222.74902215000026,220.58890327500006
3456,144,172.2004253250002,196.25098222499997
3457,145,186.13121087500022,195.334925475
3458,145,156.44361947500008,210.52118795000004
3459,145,180.64608169999997,152.112435375
3460,145,130.43649957500003,190.34603627499993
3461,145,147.991519375,169.2599788249999
3462,145,203.0475713500001,191.98126560000003
3463,145,191.8493110500001,191.3593214
3464,145,204.46560465000027,259.88793979999997
3465,145,273.2512393000003,296.4755704500001
3466,145,324.5731472250004,287.07780339999994
3467,145,255.72304642500006,339.54292654999995
3468,145,315.99793950000026,294.52276585000004
3469,145,301.5750855750002,343.73915112500003
3470,145,275.8868294750001,254.68428442499993
3471,145,297.84310425000047,268.18961902500007
3472,145,253.99860942499998,325.95567497499985
3473,145,194.11018100000013,246.54772422500008
3474,145,223.920367275,233.87530112499985
3475,145,242.54663082499997,247.59982017499976
3476,145,266.84821545,212.81194105000003
3477,145,229.29066497500034,212.47316005000005
3478,145,264.6599504750001,222.20172894999985
3479,145,196.85770267499998,169.11161847499994
3480,145,166.51575952500022,172.80778917499993
3481,146,142.675759825,157.67724090000002
3482,146,166.35527525000015,141.59760464999994
3483,146,147.76025575,126.93200727499999
3484,146,147.43273255000003,152.1944612499999
3485,146,142.90367564999997,174.230407425
3486,146,189.65747672499992,160.48362582499993
3487,146,197.45780310000006,156.93353080000003
3488,146,208.26967992500002,182.1775106999999
3489,146,239.65975577500018,181.382355525
3490,146,231.54636570000005,228.87453864999998
3491,146,241.06767187500003,299.3327244999999
3492,146,250.03252202499988,273.63234452499995
3493,146,231.7800435250001,302.95574522500016
3494,146,250.6835432000001,267.70032312499995
3495,146,255.08031070000015,245.92724154999996
3496,146,204.57840275000007,231.71377229999985
3497,146,198.72554532500004,228.17389674999984
3498,146,184.064069975,248.55595209999998
3499,146,208.44986045000033,211.59180694999986
3500,146,267.9582408000002,218.09492484999993
3501,146,213.30956872500008,252.08351154999994
3502,146,199.79682547500047,174.15998007500005
3503,146,181.73152927499987,190.4686450249999
3504,146,171.25412720000037,179.18575852499993
3505,147,137.5488203750001,175.94999799999988
3506,147,184.39783580000014,164.10723434999994
3507,147,173.10474437500008,147.32591760000003
3508,147,168.6523518000001,155.20888957500003
3509,147,192.48655342500007,158.73893487499998
3510,147,190.19665877500006,203.45725957500002
3511,147,225.29817165000003,212.478116575
3512,147,158.93671500000033,218.18062629999986
3513,147,236.74389134999993,210.11650739999988
3514,147,247.70520972499995,274.379818375
3515,147,214.47484830000013,316.09703899999965
3516,147,191.43997619999988,213.8978965749999
3517,147,260.22723975000014,213.97035052499996
3518,147,267.45781224999996,285.4436075000001
3519,147,265.62802710000017,178.800993175
3520,147,244.42067207500014,195.87263405
3521,147,243.1990169,196.76233445000008
3522,147,284.8095825,184.05184407500002
3523,147,236.12633289999997,218.40195745000005
3524,147,260.6162869,166.33971952499996
3525,147,271.8773604250001,189.67615957500016
3526,147,217.6396198250001,163.10635985
3527,147,208.08287505000004,175.6150833000001
3528,147,165.71357050000006,169.962886
3529,148,147.79695160000006,193.524677775
3530,148,150.8401362250001,193.01473700000008
3531,148,130.4105012,179.20567012499987
3532,148,182.6434494250002,172.21469072499997
3533,148,159.04436497500006,158.72018079999995
3534,148,220.00199995000025,201.33030722499996
3535,148,224.97338450000004,185.8666064749999
3536,148,228.32949295000006,239.599334525
3537,148,243.50346400000004,262.595620275
3538,148,304.1819430750001,188.31327642499977
3539,148,337.8957755250001,225.1107794499999
3540,148,318.63274642500005,270.94720744999984
3541,148,363.7641872750004,262.706390675
3542,148,323.0700820999999,323.2369499749999
3543,148,245.6306678250002,257.57323117500016
3544,148,290.48418245,278.9381218250001
3545,148,328.8922837250004,287.9887730749999
3546,148,288.17433312500003,254.60262557500008
3547,148,252.06286415,234.52691985
3548,148,235.71551990000006,236.47599462499986
3549,148,243.18910697500002,292.2636001249999
3550,148,196.7011829000001,250.39469499999998
3551,148,225.86513572500007,241.52688589999997
3552,148,206.72066399999989,203.21718545000002
3553,149,167.22025800000011,164.54918082499984
3554,149,134.0350931750001,135.34497677499994
3555,149,159.73888700000032,147.77972524999998
3556,149,159.4687028750002,148.520640725
3557,149,217.58929085,192.52531069999998
3558,149,205.56346652500002,215.8790292749999
3559,149,251.12377579999998,186.65910222499986
3560,149,199.0029661500001,233.0438426
3561,149,227.69156227500008,265.63248065000005
3562,149,244.38670187500003,240.8944841999998
3563,149,251.17566670000025,291.9208845249999
3564,149,386.4312290000001,345.89694740000004
3565,149,288.1985414750001,333.8246352499999
3566,149,320.2983966500002,413.81294207499985
3567,149,270.4125005000002,416.67883674999996
3568,149,304.1154913,350.553550125
3569,149,264.36629730000004,415.96481335000004
3570,149,323.3573641000001,281.0114472749999
3571,149,287.99846165000014,280.8177842249999
3572,149,240.7298696000001,258.51886932499986
3573,149,248.27501827499987,278.7553508749999
3574,149,292.26130242500005,257.49701545
3575,149,246.09148040000028,248.55894234999988
3576,149,204.44525465000015,202.86184329999998
3577,150,200.11917664999999,177.9811919
3578,150,173.0782202250001,185.71171252499988
3579,150,221.369652975,203.42883295000007
3580,150,155.08864667500018,209.72073959999994
3581,150,182.90000050000015,240.63438172499997
3582,150,204.58809944999985,208.6928404
3583,150,183.96176772500007,232.68494722499992
3584,150,284.1282450500004,239.33718069999992
3585,150,227.36945085000028,305.4524340749999
3586,150,278.00626882500023,320.1107296749997
3587,150,242.32761635000003,261.69037274999977
3588,150,276.06197380000003,276.1149329250001
3589,150,376.5492232250001,253.29228194999985
3590,150,341.89251987499995,354.9118455749999
3591,150,352.8216220750003,342.40988914999986
3592,150,325.657895275,296.10666142499997
3593,150,336.5718540250001,299.0041250500001
3594,150,331.1618643500001,288.77635454999995
3595,150,370.8122177250003,301.28096640000007
3596,150,249.25128990000002,239.8039762999999
3597,150,319.91093590000025,244.11259565000003
3598,150,245.87739625000012,244.10542194999982
3599,150,241.71645480000007,241.96986672500014
3600,150,209.98251450000004,179.61653015000005
3601,151,177.4397402000002,174.1960269
3602,151,176.98456915000028,197.31531217500003
3603,151,199.55958655000018,141.34149082499994
3604,151,200.62448540000003,115.06296024999995
3605,151,190.18412852500032,172.83045802499998
3606,151,221.65238337500008,145.9005198
3607,151,263.32661750000045,178.64561319999993
3608,151,278.1855152500001,222.72487075000018
3609,151,324.44486395000007,234.73874960000006
3610,151,285.0779718250003,268.89488479999983
3611,151,273.70299120000004,318.61952392499995
3612,151,314.9436783750002,384.1183797999999
3613,151,344.38808112500067,349.32211889999996
3614,151,283.45164185000016,394.5337065499999
3615,151,380.2240853500002,305.6008036999999
3616,151,308.5373611499999,306.8530903499998
3617,151,381.83441592500014,292.1985127500001
3618,151,256.0849509750001,337.4882998999998
3619,151,346.8259633750001,390.80578447499977
3620,151,326.323490125,370.03102164999996
3621,151,336.3028694000002,423.88202227500005
3622,151,296.9233943500002,324.899872675
3623,151,250.53820099999984,278.44620570000006
3624,151,248.31562457500016,249.05665905000004
3625,152,239.41533519999996,247.37300404999996
3626,152,212.74742617500007,208.7998245749999
3627,152,178.4961084250002,163.08302022499996
3628,152,192.32001574999998,183.89564367499995
3629,152,211.34690847499996,191.776907375
3630,152,208.87228397500024,207.82459734999995
3631,152,206.44112820000004,210.68635889999993
3632,152,271.8857154000003,250.693376425
3633,152,246.75863842499993,281.9874564749998
3634,152,284.3605346249999,388.5634648499997
3635,152,419.7285701000004,394.74544164999986
3636,152,347.81279397500043,400.69718124999986
3637,152,402.5725169499998,420.6910487250001
3638,152,328.0239049250001,390.34220780000004
3639,152,324.20973195,406.43704839999987
3640,152,302.3157622749999,369.19825672499985
3641,152,315.1009444750002,419.0857090249999
3642,152,338.6079298500001,381.19037445000004
3643,152,329.03839162500026,390.16750434999994
3644,152,312.26333947500007,269.8847749000001
3645,152,277.0044018250002,296.14507855
3646,152,254.70111032499977,232.06081127499993
3647,152,249.26461935000003,214.78492904999982
3648,152,192.916165475,281.816463275
3649,153,213.06995755000003,212.9693115
3650,153,171.0723755250001,219.054419475
3651,153,141.57374687499998,177.232890825
3652,153,180.9517952249998,216.63189757499993
3653,153,154.3463399750001,200.91604784999998
3654,153,194.65282680000007,178.41125452499995
3655,153,228.41764637499992,191.80817797499998
3656,153,224.65373630000005,222.5113322999999
3657,153,196.3071054500001,284.2039337500001
3658,153,308.39683972499984,290.450486875
3659,153,306.107147075,297.3104086499999
3660,153,292.9204544999999,281.29118902500005
3661,153,379.1500590750001,319.2552618999998
3662,153,299.2122322750002,317.26868735000005
3663,153,297.13239082500013,306.0009061999998
3664,153,225.973348675,271.79772447499994
3665,153,304.612478325,439.6472870499998
3666,153,290.7544179000003,327.4585985249999
3667,153,310.82055745000025,248.99997832499992
3668,153,234.81575590000006,304.89252954999984
3669,153,299.2434512750002,326.87662885
3670,153,257.74612067500004,251.72567222499995
3671,153,264.74081120000017,315.3804106
3672,153,221.1043673500001,248.6790542249999
3673,154,274.85712917500007,186.058373925
3674,154,250.49286180000038,213.55761774999996
3675,154,168.06680334999993,162.55469207500002
3676,154,190.40483375000002,229.14189844999993
3677,154,155.97073957500012,206.87944457499998
3678,154,246.20104860000023,174.37082730000003
3679,154,216.32505437500006,199.57921240000002
3680,154,192.17847904999996,215.53859814999998
3681,154,245.74001692500013,289.84732617500003
3682,154,286.23575965,295.51994185
3683,154,329.9448223000001,267.88454334999994
3684,154,318.8331114999998,348.22795184999984
3685,154,272.4137515500001,315.8232347249998
3686,154,258.3100007000001,366.10305752499994
3687,154,258.54816152500007,335.91129397500015
3688,154,266.6843667999999,267.1352481
3689,154,260.1589630750001,278.2993964249997
3690,154,261.63616625,290.76212747499994
3691,154,263.3391817750003,333.97547065
3692,154,271.6738998250001,235.22229485000014
3693,154,274.02146555000024,277.72265592500014
3694,154,248.38470672500006,214.88990342500006
3695,154,201.665958525,239.02844422500004
3696,154,192.3116747000002,185.77758400000005
3697,155,187.68049165000014,166.75342254999993
3698,155,198.3590051500002,113.54624125000001
3699,155,142.23710967499994,161.91483542499995
3700,155,142.74615847500013,202.08357147499999
3701,155,234.58206417500008,198.91671134999996
3702,155,243.03011355000052,208.87302082499988
3703,155,249.02250060000011,181.6553029499998
3704,155,272.48856557500005,312.5610197750001
3705,155,287.24784837500016,303.47091145000013
3706,155,313.3320261250003,255.1656819749998
3707,155,315.61868362499996,425.37506124999993
3708,155,358.25492890000055,304.4338787999999
3709,155,342.8762127750002,296.6493863249999
3710,155,286.1694241750002,339.7399408499999
3711,155,321.71886207499995,288.45984545
3712,155,246.67870115000008,365.5401797250001
3713,155,291.78795220000023,313.3190940499999
3714,155,327.45211807500016,240.27065714999995
3715,155,315.5462886500003,301.626103575
3716,155,224.77376952499992,325.94065837500006
3717,155,282.0696441750004,279.54640382500014
3718,155,240.6739910749999,266.00138607499986
3719,155,201.341409725,217.45648999999986
3720,155,166.5862160250001,197.01101609999995
3721,156,181.34153595000004,164.20393110000003
3722,156,148.32921452500008,193.75863304999996
3723,156,178.74927052500001,174.50651965
3724,156,205.12347135000002,164.65681504999998
3725,156,166.1817687999999,242.73243074999993
3726,156,216.8220257500001,221.48378814999984
3727,156,225.6917986750001,251.56003947500005
3728,156,206.75261212500016,290.2250538749999
3729,156,288.57744990000003,307.10433617499984
3730,156,252.15405610000005,338.863281775
3731,156,353.4483269250005,309.53856735
3732,156,296.4585312000003,303.89111809999986
3733,156,346.2765849750002,388.9267942999997
3734,156,338.6304466500003,304.61110297499977
3735,156,370.1587940500002,309.6091553
3736,156,352.9320058250001,289.87420747500005
3737,156,267.3184428250001,299.5581533249999
3738,156,233.32493695,282.34068827500005
3739,156,278.8614825000002,231.14507694999998
3740,156,270.3253299000004,254.6265092249999
3741,156,223.62569615000004,253.07115467499997
3742,156,259.60226887500016,252.64423334999998
3743,156,197.77559427500015,253.04448705000001
3744,156,184.50820355000025,207.3592864499999
3745,157,234.16547822500036,216.81699377499996
3746,157,176.85683310000022,191.49916977499998
3747,157,129.4630624,167.4139615499999
3748,157,165.00449735,199.64847697499994
3749,157,190.77704632499996,208.662795975
3750,157,146.63475434999998,235.86225839999992
3751,157,217.69574022500018,272.7094200249999
3752,157,252.39742690000003,240.2969657250001
3753,157,291.19196635000003,224.77836997499992
3754,157,339.5590263500002,235.40202804999996
3755,157,348.54337097500024,286.6076188999998
3756,157,324.49511177500017,347.5407898249998
3757,157,264.460164225,324.21431557499983
3758,157,291.31875072500014,276.12930852500006
3759,157,344.8674664750002,293.1558837499997
3760,157,295.0298665000001,326.1755177999998
3761,157,301.73338029999996,310.05870119999986
3762,157,279.09514934999993,326.4004493499998
3763,157,250.48771427500006,261.62822315000005
3764,157,221.4614854750003,285.17092912500016
3765,157,239.02838957500003,255.38081272499986
3766,157,235.09929082500014,250.81428772499999
3767,157,242.3489465250001,189.08086542499987
3768,157,190.29334799999987,218.10224269999998
3769,158,201.88771440000022,171.4043645999999
3770,158,183.52902085,198.6403133
3771,158,202.59354982500003,155.2569870999999
3772,158,174.98378817499997,163.4500834499999
3773,158,179.88162592500026,181.65686892500003
3774,158,174.34744787500003,161.56322759999995
3775,158,187.7336156000001,257.3386949
3776,158,184.60587419999996,264.9467964499998
3777,158,245.09682492500005,381.0841231499999
3778,158,255.90685195000015,294.3300267499999
3779,158,295.9447682000001,392.9455783749998
3780,158,342.63182272500023,229.6121502999999
3781,158,404.47078872500015,289.25951800000007
3782,158,348.50446735000037,305.145357475
3783,158,303.8973209000003,340.4751675
3784,158,370.7476670499999,322.577473475
3785,158,316.53909442500003,310.2080965250001
3786,158,258.44505580000015,327.9428516749999
3787,158,292.54876655000055,324.7879133749999
3788,158,277.62814249999997,328.89048629999996
3789,158,304.1487266250002,279.3255591249999
3790,158,331.0567570750002,228.87572034999988
3791,158,316.3165658250001,252.16381864999977
3792,158,258.55857147500006,259.71767267499996
3793,159,200.4579296000001,222.6863646
3794,159,159.08923749999997,189.68333217499992
3795,159,226.03250230000006,192.77810657499992
3796,159,184.89409042500006,177.24121014999994
3797,159,153.70980695,191.8078792749999
3798,159,146.1755425,238.3261041
3799,159,192.81251937499997,194.67673309999995
3800,159,265.19464225,224.0016232499999
3801,159,321.70193914999993,219.4463280999999
3802,159,315.6107688500005,314.8443568749999
3803,159,320.2000382250003,345.36009850000005
3804,159,365.91763015000004,298.2164900000001
3805,159,350.6233494500001,310.4787407999998
3806,159,325.0519237749999,277.59837005
3807,159,325.36287297499996,325.51100432500004
3808,159,389.9506347,277.0880625499999
3809,159,344.8129291500002,314.5113309000001
3810,159,362.5544832500004,277.3037893749997
3811,159,297.34381514999984,255.7987821999999
3812,159,305.42464960000035,281.1112162000001
3813,159,269.54421184999995,232.8433532249998
3814,159,263.43876815,228.21083459999986
3815,159,261.76303720000004,257.43728705000007
3816,159,255.03733770000025,196.30075214999994
3817,160,208.7147646000002,220.27164877500002
3818,160,194.904296025,208.30757180000012
3819,160,176.71246532499993,168.73940452499994
3820,160,156.5240434,213.08780807500005
3821,160,212.30919532500002,177.4080678499999
3822,160,205.06283202499995,198.2666195499999
3823,160,226.79672445000006,208.58357612499998
3824,160,217.51777702499982,238.41964840000009
3825,160,205.10134132500013,210.88432324999997
3826,160,252.33414790000023,265.51865624999994
3827,160,273.00313355000003,244.56828677499985
3828,160,316.72685610000036,299.73021052499973
3829,160,246.29342547499996,271.80283437500003
3830,160,317.73360270000006,241.83709262499997
3831,160,328.5772477500003,290.9372193749999
3832,160,275.440674625,280.9416409249997
3833,160,319.765363875,243.13411899999994
3834,160,293.2867492250001,237.05034989999984
3835,160,286.9178730750001,198.99613712500002
3836,160,273.2433467500003,222.7141469749999
3837,160,276.83595812499993,255.23191004999987
3838,160,203.0129340499999,231.26995655
3839,160,203.502355375,204.26593185000007
3840,160,189.6335160000002,181.40141984999988
3841,161,177.20720907499992,274.8532622
3842,161,200.1204825750002,175.55344027499993
3843,161,194.48263582500016,192.87774654999993
3844,161,249.19482067500002,258.8560107249999
3845,161,193.6083490750002,214.63332994999993
3846,161,222.84916874999996,225.8163553999999
3847,161,224.54258760000002,203.4801329749999
3848,161,219.73406732500004,238.9620046249999
3849,161,256.4998684750002,251.01396289999994
3850,161,242.2583970250002,251.14763532500007
3851,161,251.10658480000015,272.8913537
3852,161,311.44707774999995,273.46954574999995
3853,161,278.5091940000001,236.08154759999996
3854,161,262.97156494999996,221.7355971999998
3855,161,322.2451418000002,169.71554975000004
3856,161,262.6111789749999,252.83163512499993
3857,161,269.93426102500007,296.7884527749999
3858,161,305.37035852500026,264.52793819999994
3859,161,286.25396747500025,314.3671289749999
3860,161,288.77476910000007,219.76695547500003
3861,161,288.86372270000015,235.37612584999994
3862,161,263.769140825,248.88844555000009
3863,161,216.09068532500027,213.1203087
3864,161,220.17585162499995,216.15407659999983
3865,162,164.8346805750001,154.402349325
3866,162,156.43172872499997,189.44948184999993
3867,162,175.83815595,178.7256606250001
3868,162,178.85417627500013,173.09083015
3869,162,187.01838885000018,223.89141984999998
3870,162,188.1453468750002,181.83332360000006
3871,162,214.50772287499996,238.702617275
3872,162,199.03860597500005,294.1522676249999
3873,162,289.58149825000004,254.7083963000001
3874,162,320.99475887500006,326.0940113999999
3875,162,351.7903085500001,282.2191758000001
3876,162,383.7772849000007,355.45842392500003
3877,162,294.3350846,280.7037856749999
3878,162,393.6880980250005,303.1775861250001
3879,162,339.22056665000014,281.60914450000007
3880,162,333.30669690000013,408.60177839999994
3881,162,374.05049225000056,393.2201582999998
3882,162,301.15064915000016,359.04683469999986
3883,162,283.4587063250002,364.3908052749998
3884,162,327.36097405,361.4367795249999
3885,162,298.7319639250002,277.2672887249998
3886,162,255.32166007500012,281.663161275
3887,162,237.46777627500052,253.97339847499995
3888,162,197.1431803000001,247.2096382999998
3889,163,268.05049370000074,252.15800317499992
3890,163,227.66151034999996,198.925821175
3891,163,176.32613172500015,184.76108067499996
3892,163,195.5943974249999,220.61957747499986
3893,163,196.61547269999994,176.46133285000002
3894,163,249.57075852500043,193.75492457499985
3895,163,247.65648897500014,220.3680011999999
3896,163,312.2328497750002,290.98530992499997
3897,163,338.62794520000017,235.410074075
3898,163,254.46315507500012,302.2893171749999
3899,163,304.72829270000005,305.74323459999994
3900,163,326.2927116,308.5902475999998
3901,163,295.9181252500003,350.7461501749998
3902,163,405.1515082500005,367.7419586000001
3903,163,380.63121435000005,348.22311775000003
3904,163,384.9754459000002,379.984549025
3905,163,318.21972612499997,299.95266457499986
3906,163,392.59848342500004,335.7731926500001
3907,163,332.7791261500001,296.56721074999984
3908,163,274.4186732750003,316.204942325
3909,163,295.61184607500013,312.50175995000006
3910,163,247.03964579999985,318.58252022499994
3911,163,281.4503375000006,179.0565567249999
3912,163,231.12295627500015,172.71943994999995
3913,164,235.08004760000006,190.85826637499997
3914,164,223.70741067500023,140.34649594999993
3915,164,201.022641275,208.51689392499998
3916,164,197.817915925,169.24589312499998
3917,164,201.77786117500023,228.38739242499992
3918,164,162.90230284999993,196.21337127500007
3919,164,193.50693872500014,249.10741435000003
3920,164,257.8872306,233.52102682499995
3921,164,268.37907200000024,281.6825980249999
3922,164,249.00519157500017,279.94233909999997
3923,164,390.77482875000044,335.48593162499986
3924,164,335.66407737500026,300.675540825
3925,164,370.50174689999994,281.29427565000003
3926,164,344.5969916250002,273.9282765249999
3927,164,337.0338416000001,341.13781329999983
3928,164,342.53215872500004,291.05124334999994
3929,164,345.042914225,323.7377034750001
3930,164,338.53756192500003,247.36678902499983
3931,164,380.08315225000024,291.44423547499974
3932,164,375.7065219500005,296.7923182999999
3933,164,301.72551819999995,250.09364929999998
3934,164,238.54055045000004,330.7884250499999
3935,164,258.57610002500013,266.2495688249997
3936,164,208.2968308250001,232.14867519999996
3937,165,167.3389373500001,195.683715975
3938,165,195.97608332500005,195.18399617499998
3939,165,168.14762607500018,157.6160722749999
3940,165,180.518765075,198.46148482500004
3941,165,186.6301169499999,213.38024087499997
3942,165,206.112239725,177.08406767500006
3943,165,204.25335725000014,221.57836079999996
3944,165,222.31808272499995,223.86399094999996
3945,165,272.4007297,280.4522970999999
3946,165,284.49496704999996,327.57833565
3947,165,313.5252946750005,362.8727077499999
3948,165,349.9071070750001,342.487908825
3949,165,296.27603987500015,374.4963702499999
3950,165,237.54486830000002,330.8749028000001
3951,165,307.40858145000004,241.80266115000006
3952,165,249.59113877500005,335.88393245
3953,165,262.9438815,344.923928225
3954,165,332.231064275,328.7709652750002
3955,165,269.22434109999995,294.463279025
3956,165,349.672256125,295.68472822499996
3957,165,296.84498620000033,309.28275074999976
3958,165,252.16209330000044,264.38759852499993
3959,165,243.57903690000012,267.9081359249999
3960,165,211.33176010000003,227.3851334750001
3961,166,205.65568525000012,248.84168284999993
3962,166,182.97356270000012,193.72634242500004
3963,166,166.77509337500004,203.03218284999997
3964,166,200.5203964750002,166.79106732499997
3965,166,198.04979412500032,210.48845734999992
3966,166,220.90552765000004,198.48107334999986
3967,166,216.91682857500004,265.29216549999995
3968,166,244.39031275000036,268.64645134999995
3969,166,303.5372749750005,311.90307900000005
3970,166,213.717673325,290.24943202499975
3971,166,323.173773,335.80692329999977
3972,166,298.509302975,314.34088269999984
3973,166,344.7072808,294.767759875
3974,166,320.03496127500034,262.5887906
3975,166,368.50792212500033,322.2806037749999
3976,166,307.1134724750001,297.3897296
3977,166,343.34625455000037,243.80603125000005
3978,166,353.6738085500002,285.73692457499976
3979,166,247.36417787500008,244.23083222500009
3980,166,316.1349751500001,225.04103782500005
3981,166,384.72636757500004,245.90602392500017
3982,166,301.7153876,240.39996782499995
3983,166,246.35867827500016,237.98809017500002
3984,166,221.86216380000002,164.12354662499996
3985,167,170.73804529999995,218.26148102499997
3986,167,223.86059877500014,180.29363132500004
3987,167,155.5846622249999,204.91231704999984
3988,167,173.93628005000005,192.09458977499997
3989,167,212.49991822500013,187.11441557499995
3990,167,169.64517622500006,214.04902042499998
3991,167,195.12832857499993,182.631871575
3992,167,241.57508760000002,184.77930345
3993,167,240.35793520000004,254.9112641750001
3994,167,280.6261952250002,261.3196284500001
3995,167,373.2234788500001,373.57378219999987
3996,167,263.07554200000027,383.46784657500007
3997,167,282.47958195,319.512510625
3998,167,283.55862920000027,309.67476215
3999,167,260.0876060250002,297.70605127499994
4000,167,286.1410511500003,308.45986512499996
4001,167,332.9519727500003,261.9149332249999
4002,167,337.2243825000003,322.0111339250001
4003,167,358.73029472500025,268.3873796499999
4004,167,291.5498695500002,260.4194220999999
4005,167,295.1751358,279.68530502500005
4006,167,221.15361377500005,309.204862875
4007,167,191.90111635000028,269.0758462249999
4008,167,154.64027259999983,215.95183704999977
4009,168,187.8049066750002,243.759268025
4010,168,174.0832371250004,184.2367322249999
4011,168,209.25766137500017,192.067233025
4012,168,218.2182807250001,190.63843202499993
4013,168,212.91776672499998,236.80305267499995
4014,168,183.51915437499989,199.78204275000002
4015,168,200.7767767250002,200.87781837500003
4016,168,219.4771349500001,171.45196814999986
4017,168,297.4626037250002,233.7908101249999
4018,168,258.0009929749999,325.79811782499985
4019,168,271.97176655000015,392.7602216249998
4020,168,285.7107487249999,412.524369075
4021,168,242.12883429999994,333.8705697749999
4022,168,281.4046172000001,301.23388022499984
4023,168,262.9281976500003,379.97396487499987
4024,168,301.095376675,319.86164404999994
4025,168,287.5328732000001,315.8739712249999
4026,168,308.75296870000057,354.21884785000003
4027,168,287.98750900000016,354.95165177499985
4028,168,281.8587710500002,307.47027492499984
4029,168,298.280073075,250.98915749999986
4030,168,205.39222597499997,301.62267414999997
4031,168,254.75011055000004,231.31528579999983
4032,168,193.56455870000016,190.20889889999995
4033,169,231.93948470000038,230.4566958999999
4034,169,209.14288030000034,180.1150037
4035,169,188.32638837500008,211.95438979999994
4036,169,222.20861515000007,261.4062326499999
4037,169,217.86329442500028,205.76610414999996
4038,169,250.59171124999995,241.67711159999993
4039,169,309.45862345,223.31780337499995
4040,169,290.68198375,239.1879721749999
4041,169,258.01251212500006,291.30452305000006
4042,169,272.16435930000017,359.78552614999995
4043,169,359.65880262500025,299.18912642500004
4044,169,427.6478189500002,377.97828997499977
4045,169,320.56915565000065,339.55933229999994
4046,169,292.2986797000004,353.09796795
4047,169,459.10384685000054,405.85429540000007
4048,169,395.967851375,358.1349373750001
4049,169,341.60971552500007,434.9356338500001
4050,169,300.4397585500004,305.39268897500006
4051,169,305.60059064999996,373.2340188749998
4052,169,333.3438260249999,325.6738462999998
4053,169,298.18062050000003,327.48492477499997
4054,169,378.280907475,348.67047167500004
4055,169,270.61133795,268.75382999999994
4056,169,191.40534465000013,213.61634565
4057,170,190.34080779999994,153.06217850000004
4058,170,204.42662767500013,202.13220409999997
4059,170,230.16089790000024,173.852068825
4060,170,251.39709047500014,163.83568354999994
4061,170,217.51992157500024,170.25149560000006
4062,170,241.5829416500002,216.45580737499978
4063,170,208.62006497500005,214.4233529499998
4064,170,275.4348223250002,226.33433200000002
4065,170,307.87385725000024,256.1945635250001
4066,170,336.18423340000027,222.18092395000002
4067,170,234.6097645750002,288.85973614999995
4068,170,329.9720009,381.1385124249998
4069,170,378.988749,396.0644779249999
4070,170,304.3169588000002,405.4403241499999
4071,170,307.61611702500005,371.4584514249999
4072,170,352.2640715749999,357.1387024500001
4073,170,331.54388730000005,449.2595719750001
4074,170,318.0118269250002,401.26598734999993
4075,170,318.47161937500016,401.74549984999976
4076,170,272.22704857500014,277.7506274499999
4077,170,260.10314190000025,330.0595776999998
4078,170,268.0429260500003,347.5662520999999
4079,170,278.7375545250001,256.1486636249999
4080,170,232.84168942500008,253.75388097499996
4081,171,213.46773070000006,219.60518449999978
4082,171,183.00758142500007,158.16081352499998
4083,171,215.52184075000014,234.29277899999983
4084,171,177.31851669999998,202.90316434999988
4085,171,208.4153265249999,205.60764614999994
4086,171,195.97458464999988,210.347342975
4087,171,239.4678643250001,271.78222452499995
4088,171,228.64536660000005,293.6853478250001
4089,171,297.23466702500014,320.4221437
4090,171,317.70724575000025,336.77186925000007
4091,171,356.0819034500001,407.979099875
4092,171,412.8486027500001,298.38625624999975
4093,171,369.44630180000013,330.68115264999994
4094,171,352.2928172000002,405.14987302500015
4095,171,454.15928565,370.5242289749999
4096,171,447.4461463000007,327.0834386249999
4097,171,327.92885715,359.97300952499995
4098,171,398.01081402500023,314.02921852500003
4099,171,375.72028785,379.823058125
4100,171,365.92893530000003,352.40219505000005
4101,171,370.82799167500013,315.5164566000001
4102,171,282.00977935000014,277.19201989999993
4103,171,263.49722780000013,266.0441399749999
4104,171,215.09211715000015,243.0111011749999
4105,172,168.11143532500023,210.011361175
4106,172,175.63913565000033,219.20629452499992
4107,172,190.51295677500008,205.42225157500008
4108,172,136.63075537499998,199.34687252500004
4109,172,211.0089077500001,180.79451359999996
4110,172,268.68613272500033,218.69374029999997
4111,172,226.7825281250001,269.4633283
4112,172,258.61740265000026,241.81575407499992
4113,172,357.38405217499985,266.78650329999994
4114,172,336.1653920000001,341.5405541749999
4115,172,383.94505055000013,277.0345081499999
4116,172,314.7401343500002,297.569499675
4117,172,351.4666778750001,385.45523072499986
4118,172,309.71026242500017,386.61811807500004
4119,172,297.3419204500002,358.1388595999999
4120,172,358.6419836250001,324.53605737499987
4121,172,312.5362782500001,277.0993625500001
4122,172,283.5062032249999,318.14907389999985
4123,172,368.7166181500001,312.88795052499995
4124,172,345.57500585000014,332.2550094499999
4125,172,324.4289706500001,313.59207342499974
4126,172,238.24248387500006,281.93785662499994
4127,172,263.65454332500013,277.083185225
4128,172,250.04900124999995,186.87952105
4129,173,207.94933267499988,187.38793424999992
4130,173,162.09967860000006,169.43733849999998
4131,173,206.91625474999995,177.48678272499987
4132,173,164.36560585000024,137.532912
4133,173,188.19196147500006,206.53906925000004
4134,173,206.830410525,208.4811236999999
4135,173,229.53751875000012,227.99583034999972
4136,173,296.7389859249999,234.4690444750001
4137,173,248.4706646000001,276.56353805000003
4138,173,300.87998560000057,274.29128427500007
4139,173,355.1439249,342.63568324999994
4140,173,334.73155464999985,270.3857539249998
4141,173,307.89351327500015,349.93362325
4142,173,291.944805575,268.66130577499985
4143,173,370.32719462500006,277.41605297500007
4144,173,337.6844394250003,303.04655927499977
4145,173,329.25419639999996,256.92287110000007
4146,173,247.55489549999987,312.54089869999996
4147,173,277.7174878000002,282.14606994999997
4148,173,293.7809135499999,285.52674645000013
4149,173,273.7769835500001,314.231911225
4150,173,340.04622607500005,240.38947775000008
4151,173,251.24358230000018,252.2162985499998
4152,173,249.52227907500006,218.08335687500002
4153,174,200.20679237500013,155.29669657499997
4154,174,175.29510404999994,229.2803697999999
4155,174,174.96500897500005,162.37935150000004
4156,174,214.17890817500006,169.03961754999992
4157,174,164.9238697250001,190.60217324999996
4158,174,201.77612332500013,176.3292125999999
4159,174,203.24917447500025,216.52083062500006
4160,174,253.77735427499988,251.30090822500011
4161,174,294.4314486500002,195.09340834999995
4162,174,266.97480095000003,214.54123152500006
4163,174,233.00385137500007,348.081687225
4164,174,265.3580144000001,302.031784275
4165,174,268.00017515,268.4810744750001
4166,174,346.62737905,304.93705547499997
4167,174,321.52198350000003,325.82750200000004
4168,174,360.25815240000014,266.0156975750001
4169,174,269.3507186,325.710124225
4170,174,264.8390544250002,306.8905997749999
4171,174,240.4165426000001,226.84445027499999
4172,174,240.2207855000002,281.23162295
4173,174,305.52217877499993,241.53555269999976
4174,174,256.6170582,237.10462224999995
4175,174,199.950573475,213.94431634999987
4176,174,210.09020495000004,235.12016257499994
4177,175,150.94171132500023,176.96255079999986
4178,175,182.66806492500012,189.87629217499995
4179,175,161.4253152500002,146.311226025
4180,175,149.0724265249999,180.5560899250001
4181,175,156.25862447500003,167.24695695000008
4182,175,187.43959220000008,172.974974525
4183,175,199.39654307500004,163.80313357499995
4184,175,217.88894904999995,203.23078402500016
4185,175,211.0599402750001,258.08241372500004
4186,175,284.0477233,311.23487875
4187,175,324.3308803250003,306.0715111249999
4188,175,310.96067262500037,330.5512038
4189,175,373.0399627250001,290.22387437499987
4190,175,271.7805542749999,261.8616746
4191,175,300.18984712499986,273.58462507499996
4192,175,264.15214772500013,258.06898584999976
4193,175,273.4510514750002,249.3791715999999
4194,175,292.3703193,293.2917066
4195,175,225.1901135000001,316.1423156249999
4196,175,293.28541765000006,249.84468672500006
4197,175,251.95911425000014,202.625248575
4198,175,221.02109915000005,239.39710567500003
4199,175,164.0363425750001,220.46004932499991
4200,175,170.64731315000012,169.38913794999996
4201,176,158.03327177500023,153.55300140000003
4202,176,148.2748852250001,173.08494042499984
4203,176,176.94418795,159.43915179999993
4204,176,177.46200955000006,164.74221262499998
4205,176,152.22523735000004,206.03746112499996
4206,176,151.20520309999992,205.90940519999998
4207,176,211.09684602499988,202.37703535000009
4208,176,229.35542927500018,224.604911
4209,176,295.3284759500001,233.18611042500015
4210,176,279.15531414999987,231.93493170000005
4211,176,322.19806802500034,257.47707342499996
4212,176,284.2312146249999,334.69813892499997
4213,176,303.357595,410.60614999999973
4214,176,360.62893470000046,394.1249604
4215,176,299.7217187750001,315.825347375
4216,176,267.39876140000035,391.57428779999964
4217,176,356.49132130000055,295.3954290999999
4218,176,400.7567626000002,287.830636025
4219,176,326.411247775,272.16746159999985
4220,176,292.0149670250002,245.58895619999979
4221,176,252.09201584999988,274.8379626499999
4222,176,270.18798997500033,300.0852679999998
4223,176,210.2694762000001,228.74122092499996
4224,176,215.00339702500037,190.8667658249999
4225,177,178.39369060000018,183.0927162
4226,177,176.4342847750001,141.61702802499997
4227,177,155.19167300000004,169.36725780000003
4228,177,161.87796682500002,180.85734174999993
4229,177,226.3928865000001,191.11808520000002
4230,177,238.56682045000014,182.17112917499995
4231,177,208.07441832500018,234.70225252500006
4232,177,313.40811807500006,212.58753100000007
4233,177,267.8746802250002,272.88486657499993
4234,177,296.83185317500016,339.724907925
4235,177,285.5483803500001,313.1706762749999
4236,177,325.55154882500005,374.5623360999998
4237,177,308.5975166750002,439.3697749499995
4238,177,369.97479527500013,358.49464217499974
4239,177,370.53490275000024,347.11650784999995
4240,177,359.08060405000015,280.17274067499994
4241,177,451.8145943000002,366.0463974249999
4242,177,278.4239815000003,329.3873395500001
4243,177,392.83032615000064,321.54709815
4244,177,316.8596583000002,321.8915143249999
4245,177,243.4002982500001,338.0169430500001
4246,177,229.22236822500028,278.7444856500001
4247,177,225.4256690000002,218.05154544999982
4248,177,157.0011729250001,232.5386616749999
4249,178,211.93949665000008,205.32771594999997
4250,178,211.6194923750001,192.17286474999992
4251,178,187.83476287500008,134.651241625
4252,178,182.59631507500023,177.48276552499993
4253,178,154.6360421500003,177.09596027500007
4254,178,248.77914177500014,246.13117900000003
4255,178,232.07210147500007,253.08466237499997
4256,178,267.100377325,241.04367580000013
4257,178,280.9119078250001,302.1964831749998
4258,178,219.98780135000004,336.42883192499977
4259,178,376.80929922500013,339.16126825000003
4260,178,436.89394560000034,366.6733221999999
4261,178,348.0072219250002,322.816037625
4262,178,347.50481197499994,382.2102692749998
4263,178,371.6759362250002,438.1372750999999
4264,178,368.33004167500013,439.1072350999997
4265,178,341.56667272500005,306.5009955999999
4266,178,344.4228454749999,337.28796802499977
4267,178,323.25499425000055,333.89519537499996
4268,178,333.92762589999995,389.4120611999998
4269,178,285.33777755000006,272.96864995
4270,178,243.24810690000004,261.26395882500015
4271,178,259.5268281250002,236.34311052500016
4272,178,276.1129049750001,208.6286359000001
4273,179,210.4091666750001,235.33303872499994
4274,179,176.57742202500015,213.51920409999997
4275,179,187.72666242499992,206.20713432499997
4276,179,173.29689817500025,163.99103737499996
4277,179,205.404053225,169.22565882499993
4278,179,208.41856317500026,201.7599919249999
4279,179,247.37405937500006,202.97901329999985
4280,179,254.77347884999986,269.15006162500003
4281,179,311.857880925,339.2873328500001
4282,179,375.53463230000006,327.971758875
4283,179,338.248814275,347.78466637499974
4284,179,369.4516026000007,417.4307934000001
4285,179,268.45869642499997,357.64889977500013
4286,179,249.300738525,316.0045997250001
4287,179,274.492717075,329.0484704250001
4288,179,403.49519477499996,331.0096692999999
4289,179,378.6136881750005,317.42070185
4290,179,329.112421375,350.10664132499994
4291,179,398.4170757000001,334.52803754999985
4292,179,351.91442674999996,343.0624513250001
4293,179,343.54612097500024,339.2390997
4294,179,343.0275747500002,305.26628457499993
4295,179,275.0357285500001,326.43020894999984
4296,179,263.5125119000001,238.62268747500016
4297,180,247.82999292500048,208.41999767500002
4298,180,212.12820877500002,194.50656067499992
4299,180,183.0943704500001,149.35884744999993
4300,180,194.24953852499993,197.2698175249999
4301,180,190.98558029999998,238.70927989999993
4302,180,201.69853862500003,206.62817112500008
4303,180,238.24590830000005,305.6956779499999
4304,180,246.80083135000027,229.82023084999997
4305,180,280.07780604999994,284.79848067499984
4306,180,271.443632175,311.58630205000003
4307,180,368.86107270000053,336.5638506250001
4308,180,318.13099520000014,282.9511490250001
4309,180,309.97434822499997,266.7640248499998
4310,180,293.70454215,352.290603425
4311,180,355.3221966000001,319.6711541999998
4312,180,375.0367556250002,320.61133504999987
4313,180,376.3861825250002,320.2811473249999
4314,180,494.84581222500003,307.2432765999999
4315,180,341.5389306250003,344.6786996249999
4316,180,383.74020797500026,311.129988025
4317,180,323.7359339750002,275.2107178249997
4318,180,315.37115817500023,209.16739469999993
4319,180,280.69431852499997,255.2822965999999
4320,180,223.0407133500001,183.83604487499997
4321,181,178.12472395000015,205.23623592499996
4322,181,171.8814818000001,233.82532754999988
4323,181,160.98639024999997,205.82757912499991
4324,181,191.88935700000022,150.79382325
4325,181,197.7572624500001,231.77042954999996
4326,181,230.21157455000002,211.09012729999995
4327,181,228.18648120000017,196.45862699999992
4328,181,183.95798047500017,252.08875132499995
4329,181,246.83789677500025,353.022141675
4330,181,255.9699470749999,325.08309544999975
4331,181,408.6799778500003,333.832237675
4332,181,400.7953884000001,326.0323095499997
4333,181,399.6382068500001,286.5766764249999
4334,181,378.8401995250001,333.82769835
4335,181,257.8948673000001,244.1369416500001
4336,181,309.08523047500006,333.5998892749998
4337,181,300.83866267500025,293.38199877500006
4338,181,269.08975352500005,229.0315526249999
4339,181,294.5127943250001,357.59379255
4340,181,318.70400730000017,331.63784427500013
4341,181,358.3260677,284.46685439999976
4342,181,283.4253486,243.3925061000001
4343,181,205.6507160249999,262.672659025
4344,181,215.68982780000005,221.1545265499999
4345,182,219.32140842500024,141.4134582249999
4346,182,145.41149270000005,214.79852584999983
4347,182,162.29213369999988,186.89597585
4348,182,192.33508587499998,199.55250187499993
4349,182,150.44608764999987,193.839193675
4350,182,192.53512977500014,218.18304742499996
4351,182,207.7859365500002,195.27187184999997
4352,182,238.9595322,270.9266269
4353,182,301.9640230500005,301.8352291749999
4354,182,286.6903226500004,305.6399747499998
4355,182,337.67950697500027,326.9399527999998
4356,182,262.6115817000001,362.9962547499997
4357,182,250.31925530000007,388.2793648999998
4358,182,276.2369177500003,428.1281989999998
4359,182,256.69389702499996,368.258381275
4360,182,271.951127725,308.88199207499986
4361,182,275.14061795000003,230.1369047999999
4362,182,300.35003037499996,310.4979706999999
4363,182,289.2090790500006,286.645620975
4364,182,237.8163937000001,246.46979239999985
4365,182,238.14165090000003,239.37479439999993
4366,182,286.07990874999996,247.32694624999993
4367,182,233.69468609999996,221.60163822499987
4368,182,277.2047500250002,174.8169186
4369,183,203.319745575,158.1490093999999
4370,183,162.7242664,192.23322725
4371,183,190.39187110000003,167.92887787499998
4372,183,187.26797372499993,176.05818015000003
4373,183,184.79840735000022,229.11544375
4374,183,204.71819697500015,252.79493247500005
4375,183,215.36517690000017,258.530161875
4376,183,227.00372100000016,291.9695273500002
4377,183,243.38389005000016,258.7198049000001
4378,183,281.47999729999987,274.58360945000015
4379,183,327.5145608500001,411.6656063500001
4380,183,399.30092717500054,391.5782832999998
4381,183,367.23099027500007,375.9826312749998
4382,183,344.59270052500005,467.99377255
4383,183,374.0027634000002,447.62588879999976
4384,183,413.4273061500003,384.69883267499984
4385,183,381.5752500500005,365.72699217499996
4386,183,407.9058884000002,380.9484662499999
4387,183,353.5230986500002,381.05442475
4388,183,390.1250660500002,362.6815537749998
4389,183,340.20948360000006,294.0587198499999
4390,183,329.6709622000002,283.8126680249999
4391,183,191.0557369500001,190.52745357499998
4392,183,231.60035480000028,241.3325491249999
4393,184,172.29567482500005,191.88148040000004
4394,184,165.2954302250002,194.44374804999993
4395,184,164.55352155000014,203.2959306749999
4396,184,199.489053975,173.19991134999984
4397,184,184.24516257500002,238.93164619999982
4398,184,189.28983195,311.1858570999999
4399,184,206.05284632500022,254.4084378249999
4400,184,301.20736432500007,267.9018225499999
4401,184,309.61621445000037,303.894204475
4402,184,326.0494943750002,291.29351227500007
4403,184,249.52776214999994,368.380391475
4404,184,347.3548725750002,312.3805085749998
4405,184,316.6818196750001,352.14452482499985
4406,184,364.1522139500004,375.9883178750001
4407,184,344.16387410000027,381.01392842499985
4408,184,345.0913239000003,284.57887447499996
4409,184,344.5218697250003,277.50503782500004
4410,184,292.4904004500001,252.32661099999999
4411,184,376.0457865000001,336.92361849999986
4412,184,300.2865016000004,347.3972536499999
4413,184,359.34109900000044,292.1343950499999
4414,184,270.64425795000017,274.785758225
4415,184,307.8560406500002,259.71151837499997
4416,184,257.70642125000006,239.79958272499994
4417,185,207.10435630000006,224.40798954999997
4418,185,219.6011436749999,213.80833732500002
4419,185,204.89165737500002,207.49438954999994
4420,185,177.94496695000012,221.439748975
4421,185,189.389615375,232.587495
4422,185,202.89543972500041,170.22976254999986
4423,185,306.0488518,203.43832844999997
4424,185,182.8247966500001,266.4291294
4425,185,253.86454472500031,280.62136764999985
4426,185,298.3146457250002,322.81302537499994
4427,185,252.25701780000014,278.926736325
4428,185,270.73299050000037,274.3368373499999
4429,185,263.2986156500001,317.33631954999987
4430,185,331.01059687500003,339.9799718749998
4431,185,253.27000087500014,258.48497815000013
4432,185,301.2839121750002,330.26620345000003
4433,185,270.4431534500001,312.5334432249999
4434,185,300.42376905000015,249.48834389999996
4435,185,294.9253028750005,304.7983923
4436,185,198.01533195000005,318.32965307499984
4437,185,242.90772112500008,301.220178925
4438,185,292.0499800000002,245.28754614999986
4439,185,251.03923847500016,229.98988769999997
4440,185,220.18486740000003,167.451274275
4441,186,187.71882887500033,227.63553842500005
4442,186,212.23957870000007,223.73998694999992
4443,186,183.7369787000003,183.92849954999997
4444,186,233.2796992750001,144.56912562499997
4445,186,174.4171094250001,152.59356375
4446,186,216.62342440000026,212.90994629999994
4447,186,221.94307690000005,242.67937747500002
4448,186,225.16590942499988,266.229111125
4449,186,336.2154322,281.72736224999994
4450,186,268.3763336000002,292.52359364999995
4451,186,365.67674430000045,250.08310587499977
4452,186,334.748626575,359.6033931499999
4453,186,292.4723506250001,448.62662194999973
4454,186,295.4788242750002,335.90588830000013
4455,186,309.41619672499985,284.28821617499983
4456,186,243.38979659999995,317.15217047499993
4457,186,256.591282075,329.70686975
4458,186,305.0414662500002,328.50275447499985
4459,186,398.11913830000026,293.4369822999999
4460,186,302.7490258000001,298.66605912499995
4461,186,259.62341515,316.52960249999995
4462,186,298.54485467500035,270.82104504999995
4463,186,298.9953161750004,210.2522993499999
4464,186,163.8631664249999,224.87913642500007
4465,187,165.55664617500022,204.8289089
4466,187,199.06230257500053,205.612618775
4467,187,170.76446655000012,190.73434437499998
4468,187,179.97979972500016,166.76952294999998
4469,187,236.30512947500011,165.18656524999997
4470,187,211.669855225,167.60223622499996
4471,187,237.07462810000007,172.03609867500006
4472,187,261.7753061750001,226.627908875
4473,187,287.7203004,257.4850864
4474,187,374.06639305000044,354.9872701749999
4475,187,361.74656092500027,296.49946427499987
4476,187,314.2662473250002,327.33836897499987
4477,187,295.47416395000005,319.97870925000007
4478,187,273.755275675,299.882267875
4479,187,336.94330807500063,271.05496737499993
4480,187,272.07357680000035,346.80699902499987
4481,187,293.97432155000007,326.1299835749999
4482,187,283.3923353,339.53935899999993
4483,187,280.53624090000005,361.12683427499996
4484,187,275.0594333250002,318.0144102249999
4485,187,277.2180153500001,263.2503471000001
4486,187,297.53862452500016,235.87842612500003
4487,187,269.9154420750002,287.4130444249999
4488,187,175.4831603,228.81078812500007
4489,188,230.2356969750001,228.80935455
4490,188,210.98158192500006,160.488416825
4491,188,233.01144527500009,155.19479617499996
4492,188,203.43876127500002,182.76054872500004
4493,188,207.2582352,225.15280685
4494,188,163.08121210000007,209.70193755000003
4495,188,214.57264397500012,209.33329489999994
4496,188,215.44815135000013,216.32542027499989
4497,188,296.1523708750006,259.86920102500005
4498,188,298.65560485000015,272.8946615750001
4499,188,283.19368487500014,377.7448245749998
4500,188,357.8587781749999,313.0580953
4501,188,313.764080875,304.88288532499973
4502,188,343.2803881000002,308.4612393749999
4503,188,265.2451801250001,317.01318327500013
4504,188,210.92177272499984,353.859448325
4505,188,299.0690429250002,306.253760125
4506,188,360.9625577500001,367.8036520499999
4507,188,311.49914712500026,344.2894832249999
4508,188,305.1888443750005,331.630342175
4509,188,297.4562914250002,276.56785537499997
4510,188,289.9859161999999,311.5572330999999
4511,188,276.68616647499994,270.15920512499986
4512,188,228.42079287500005,180.49028070000008
4513,189,224.0844555250003,158.43912595000006
4514,189,234.86280500000004,137.00144732499996
4515,189,209.6338035000002,168.329165675
4516,189,197.65762957500053,188.55869014999996
4517,189,208.1673868750002,173.20866972499994
4518,189,228.32868345000026,228.36419737499995
4519,189,170.12050907500017,187.99953625
4520,189,223.9009930249999,250.9075024249999
4521,189,224.02499534999995,233.43683357499998
4522,189,309.9803008999999,266.17001029999983
4523,189,330.0341439,347.8881423749997
4524,189,267.4351778000002,369.9960884999997
4525,189,341.9130412500002,328.3038638499999
4526,189,359.9712017500002,239.84209902499992
4527,189,321.31263405000016,308.9231452499999
4528,189,279.26574377500054,347.68411779999985
4529,189,299.3349633250001,303.18233787499986
4530,189,341.8715956,277.5832837500001
4531,189,406.27790077500015,300.62256955
4532,189,373.3039648250001,354.67982504999986
4533,189,406.01437265,351.32915724999987
4534,189,274.47492342500004,213.1777195749999
4535,189,283.9614551500001,241.25885609999986
4536,189,210.21382535000004,219.154776825
4537,190,212.80027035000052,191.6289707250001
4538,190,160.59834039999993,211.593238525
4539,190,155.41235967500012,203.86646792499994
4540,190,221.3189377000001,185.08556025000004
4541,190,190.19562485000034,204.7650165999999
4542,190,202.74690912499995,242.1903159249999
4543,190,212.97470527499996,221.19729892499987
4544,190,296.84609275,231.7839835749999
4545,190,278.9300986249999,343.9894302749999
4546,190,344.9302739,322.26402775000014
4547,190,360.9207225000001,389.37796479999975
4548,190,377.7039584000006,371.55075087499995
4549,190,411.376695575,456.56344455
4550,190,372.86554792499993,376.75853987499977
4551,190,311.1269157750003,374.1900905499999
4552,190,335.9045332249998,376.8579146499998
4553,190,368.4409888,306.0483303499999
4554,190,377.55328975000043,457.9818400749997
4555,190,374.4638290749999,451.4744866499999
4556,190,376.4916938000001,343.94183894999975
4557,190,348.83312450000045,339.3848479500001
4558,190,308.178577075,265.31840495
4559,190,283.54664415,346.32521115
4560,190,247.2301596000001,275.26428747499983
4561,191,241.61337085000025,220.11783249999996
4562,191,219.5183533,269.8504656499998
4563,191,190.1196897750001,166.71434899999997
4564,191,196.9877420000001,167.79883674999996
4565,191,236.87026692499995,238.85884302499989
4566,191,205.76450325000002,236.44732850000005
4567,191,234.10094257500026,261.46562885
4568,191,281.2724666250001,304.9599017250001
4569,191,310.786983375,245.10858432499998
4570,191,349.0726421000005,332.48259740000003
4571,191,373.9569216750002,402.08328389999986
4572,191,443.02027882500056,349.40217827499976
4573,191,365.62483097500063,438.26442804999976
4574,191,399.54484572500013,439.1402621
4575,191,411.1360272500003,454.30764179999994
4576,191,421.7523632749999,420.45740132499975
4577,191,430.7798225499996,437.71662432499994
4578,191,381.09564477499987,464.9600289
4579,191,435.5196307250005,413.6457624499999
4580,191,399.5059470500008,444.27839695
4581,191,292.29257817500013,357.6288898249999
4582,191,273.8281921750002,335.8892425
4583,191,324.21213167500014,247.45714900000007
4584,191,240.15947652499995,289.98562487499987
4585,192,253.82185722499997,235.3177293
4586,192,228.6601386250002,237.08742842499993
4587,192,205.64339235000025,210.635478525
4588,192,236.39835767500017,173.7676061499999
4589,192,234.6569266500003,244.6564234499999
4590,192,245.104227825,196.40971710000002
4591,192,237.19853437500004,227.8896345249998
4592,192,278.824023175,249.63040297500004
4593,192,388.72383249999996,312.79655059999976
4594,192,313.5596427,342.53437085000013
4595,192,367.3751565250002,409.77784005
4596,192,347.6522164999998,350.7379990999999
4597,192,354.6099080750003,340.1039553499999
4598,192,392.7924640750001,494.93123239999966
4599,192,345.60920535000037,404.60704157499976
4600,192,396.9390229750005,403.66972537499987
4601,192,316.0498422749998,427.191913225
4602,192,434.0673234499999,444.113623525
4603,192,493.01600597500067,425.5570612999999
4604,192,333.7873275250003,357.59701422499984
4605,192,384.2137169000001,311.12486312499993
4606,192,363.1478731500002,276.6408209749999
4607,192,278.274840775,254.17938654999983
4608,192,206.96119865000009,271.0540810249999
4609,193,212.2084581750001,216.06925287499996
4610,193,204.08955747500005,218.13380537500007
4611,193,243.46844585000025,194.82403174999993
4612,193,197.1090294749999,157.55282062499987
4613,193,188.09702767500016,183.90731600000004
4614,193,332.16570587500007,202.49242492500008
4615,193,230.20680940000022,227.77113302500004
4616,193,361.2735932500005,199.91831852499988
4617,193,301.8764519000001,278.5992411499999
4618,193,392.24629905000006,331.42439517500003
4619,193,384.00087610000014,358.2951067749999
4620,193,333.7871904250005,287.974073425
4621,193,345.81885097500003,322.61732685000004
4622,193,344.22334590000014,360.35226432499985
4623,193,398.0513574,334.328547875
4624,193,379.27832249999994,418.54772542500007
4625,193,378.419680275,380.066299275
4626,193,413.44303667500003,269.3088453499999
4627,193,382.73274615,284.33265392500005
4628,193,365.7122011250002,293.87049712499993
4629,193,271.6090277750001,315.16433507499994
4630,193,244.17268175000004,329.8034874
4631,193,258.07766640000017,301.6609631250001
4632,193,209.11734812499992,259.32673187500006
4633,194,235.1266941250003,230.7852671000001
4634,194,151.54932062500004,170.81385889999996
4635,194,189.57858662500024,222.20220004999993
4636,194,223.5797822250002,207.30735835000002
4637,194,169.5978149500001,180.68982752500017
4638,194,213.16502535000035,213.35917915
4639,194,314.1854268499998,261.7954489499999
4640,194,289.699633175,295.17668819999994
4641,194,349.46430172500004,318.1938337249999
4642,194,323.3389472499999,338.5915210999999
4643,194,292.56501567500004,332.39458360000003
4644,194,381.630297475,383.8672918500001
4645,194,367.449213925,449.7338952249996
4646,194,312.55356265000006,366.591106825
4647,194,375.3200602750005,298.14628229999994
4648,194,351.0186143750001,339.6866759249998
4649,194,379.34281297500024,404.60642745
4650,194,385.8149641000003,324.671719925
4651,194,332.7778496000001,336.28525985
4652,194,361.24074535000057,316.36462167499997
4653,194,289.1194062000001,255.44203807500003
4654,194,277.17288132499993,288.6965042249999
4655,194,230.77132787500005,276.350683825
4656,194,248.0025612500001,203.00109095
4657,195,204.22186357500024,212.70925657499993
4658,195,215.1326803000001,195.41013695000004
4659,195,230.46655219999994,158.53239272500002
4660,195,185.5626895250001,165.48688247499996
4661,195,165.6638015000002,184.84877389999988
4662,195,165.7920824749999,164.52761295000016
4663,195,305.88932772500016,202.32150430000002
4664,195,222.63744522500002,183.12741945000005
4665,195,278.4299305000001,246.39789389999987
4666,195,312.57026014999985,301.05988297500005
4667,195,287.97580552499994,291.868970925
4668,195,302.5566081000001,365.2022429499999
4669,195,314.36255527500003,300.4184111750001
4670,195,337.88956892500016,330.4896229
4671,195,336.759155925,282.996324675
4672,195,313.96233514999983,330.4624373749998
4673,195,307.66066565000017,334.8852041499997
4674,195,381.85008845000016,277.3604228749999
4675,195,399.0326780500001,343.1304772249998
4676,195,360.1396693500009,324.1996986499998
4677,195,320.85044652500005,299.0034887249999
4678,195,301.21466167500023,232.5920182000001
4679,195,277.053899525,221.2534482750002
4680,195,271.27713085000005,192.39459945000002
4681,196,207.4374758000004,212.24307189999996
4682,196,206.1344098000001,187.42286729999984
4683,196,188.30242777500033,192.32329662500007
4684,196,194.2896237000001,226.45253039999997
4685,196,163.7644842750001,220.96935919999993
4686,196,208.9102448999999,203.36146542499995
4687,196,215.53962552500042,188.92837995000008
4688,196,249.1646083000001,229.0468261749999
4689,196,249.6089283250002,234.66963932499988
4690,196,314.18104065000034,291.32217932500004
4691,196,318.5102048000001,285.11433892499997
4692,196,352.4476185,282.87632465
4693,196,367.0426955500006,285.6504647499999
4694,196,347.9486516000002,259.8541635499999
4695,196,284.4465801000002,410.99087225000005
4696,196,278.4930634,344.66805995
4697,196,284.4874059000004,399.35714792500005
4698,196,298.48206077500004,384.159292725
4699,196,261.0924362500001,313.6910486749998
4700,196,268.93310022500003,223.97073669999986
4701,196,273.614369525,232.82238707499988
4702,196,275.14534565,249.9483212750001
4703,196,256.4563081250002,211.45864082499997
4704,196,215.27593662499987,191.70026324999998
4705,197,152.5960495000001,154.43606430000006
4706,197,144.58449107500007,165.23705129999993
4707,197,159.21777687500014,181.86357727500004
4708,197,171.04572800000008,198.19891344999994
4709,197,159.59723237500012,163.4552810749999
4710,197,188.05471162499995,192.79065392499996
4711,197,249.90942455000004,248.5932589750001
4712,197,270.4897716000002,243.68672342499985
4713,197,242.16767470000028,309.2505227999998
4714,197,294.38381202500005,276.4355444249999
4715,197,320.7924222500001,286.01674120000007
4716,197,337.8598286000002,334.52921735000007
4717,197,346.48054360000015,380.3586892249999
4718,197,316.67737895000016,357.1442039749999
4719,197,415.95295595000016,418.48263320000007
4720,197,340.9825772750001,336.18650242499984
4721,197,326.63953875,275.5981477499999
4722,197,299.0496483000002,251.09461585000014
4723,197,305.91216807500007,230.34148697499992
4724,197,365.0320094500004,278.89652965000005
4725,197,268.99805457499997,323.1376415500001
4726,197,312.5225239,281.35120499999994
4727,197,209.98771302500026,194.41907689999982
4728,197,265.19211897500026,231.6659565
4729,198,194.21874064999997,179.6291276999999
4730,198,200.79976070000015,153.3914803749999
4731,198,166.86637062499992,179.06404129999996
4732,198,190.9566444,199.16309494999987
4733,198,143.49510904999994,163.21201795000007
4734,198,191.1945207000001,230.29600087500006
4735,198,175.340262525,260.8578699749999
4736,198,231.3607407250001,300.6880850999999
4737,198,298.80550355,286.5562967249999
4738,198,309.355299875,377.2899250999999
4739,198,375.014421475,272.7184710249999
4740,198,320.23478677500003,292.3785696999998
4741,198,319.71415422500013,344.69641432499986
4742,198,280.3953278749999,354.3993984749998
4743,198,297.27805112500005,283.7879799750001
4744,198,377.80360477500017,283.62120382499984
4745,198,295.54500770000027,323.49345085000004
4746,198,278.30164462500034,288.333343025
4747,198,288.26693042500017,373.28692980000005
4748,198,243.73554877500018,265.3385541
4749,198,340.19551372500035,271.36981409999976
4750,198,265.1589419500002,242.96337392499987
4751,198,239.61304080000016,217.47083342500014
4752,198,230.93733007499992,191.87750465000002
4753,199,196.21608075000012,195.90543710000003
4754,199,154.99980092500013,169.12917527500002
4755,199,167.13096397500004,181.90197354999992
4756,199,185.38142092500004,232.25666034999986
4757,199,184.03398372500004,195.57920180000002
4758,199,225.31926527499985,211.20965022500005
4759,199,211.31201617500017,174.5579977999999
4760,199,245.69047732500013,233.14356199999986
4761,199,262.9875126750006,246.32984777500005
4762,199,340.72394199999985,380.41562977499996
4763,199,312.9438891499999,338.49724357499997
4764,199,414.073693425,331.7557612749998
4765,199,298.347829025,398.29610120000007
4766,199,326.9213259500001,253.60704354999996
4767,199,355.46512552499996,296.78287824999984
4768,199,321.50605825,268.66027332500005
4769,199,335.17526875000004,275.8258597499999
4770,199,329.74582577500007,314.81445605
4771,199,346.0305877250006,320.6417639499998
4772,199,263.63219575000016,296.59710107499996
4773,199,294.9580481499999,393.8587493000001
4774,199,344.668384325,365.60259622499973
4775,199,218.64910802500026,198.76963082500012
4776,199,215.68964154999995,248.65398509999986
4777,200,230.50600385000024,212.57163665000002
4778,200,273.96746825000037,202.27775777500005
4779,200,177.699563575,154.58349214999998
4780,200,166.83089579999995,193.35127767499995
4781,200,211.41236167500003,213.28076409999997
4782,200,273.6604618250001,213.231017925
4783,200,197.39896219999991,223.4727196249999
4784,200,252.84825875000024,245.35476934999986
4785,200,340.54092297499994,297.96516475
4786,200,402.01308650000055,274.143643425
4787,200,324.7400233250001,342.39362144999996
4788,200,389.57241542500003,287.5477586749999
4789,200,292.47240217500007,468.32597824999976
4790,200,315.18174567500006,312.5381527249999
4791,200,437.81070577500054,291.4105153499997
4792,200,384.45723639999994,341.9558628249997
4793,200,382.55792629999996,327.74569265
4794,200,388.71946247500034,302.3699972249998
4795,200,373.11263462500006,306.2044055
4796,200,427.4158732000001,297.35395572499993
4797,200,334.336777475,366.1441093500002
4798,200,322.7781180000001,401.90420519999986
4799,200,338.5620393,274.2611006749999
4800,200,315.4808999750002,228.87874989999995
4801,201,236.03846172499993,191.32756169999982
4802,201,210.31672505000023,267.42081874999997
4803,201,149.80725117499998,177.42479795
4804,201,161.32603534999993,175.64587965
4805,201,227.05939535,166.885322275
4806,201,228.67035887500015,224.09928779999984
4807,201,244.19278525000013,214.55691527500008
4808,201,288.614651675,260.10140889999997
4809,201,318.9194116000002,336.1104433749998
4810,201,228.04133152499986,335.0138933499999
4811,201,314.0125210000002,386.00799220000005
4812,201,398.7899063750001,350.4140429250001
4813,201,331.88366232499993,330.54243142499996
4814,201,296.015648,421.84537622499977
4815,201,409.14760605000026,352.5588321499998
4816,201,397.18578434999995,311.5875689249999
4817,201,340.22149350000007,439.0746196749999
4818,201,321.9213889000001,436.3688317749999
4819,201,375.06042555,527.1833927749998
4820,201,370.5566544750002,460.99742454999995
4821,201,406.1761143750002,291.904020175
4822,201,312.3346749250002,275.5121965500001
4823,201,305.1094371250002,286.61200785000005
4824,201,276.99413797500017,286.90405870000006
4825,202,273.77243745000015,196.7404527999999
4826,202,192.12261840000016,187.77619194999994
4827,202,182.39752005000017,193.54435807499996
4828,202,200.55578934999994,218.10375479999996
4829,202,219.39681592499988,239.9928953999999
4830,202,148.86524629999997,282.97492187499995
4831,202,246.65590304999995,225.61331417499989
4832,202,253.3483123499999,249.60011177499996
4833,202,302.00964150000004,356.78344867499993
4834,202,329.44449465000025,307.3292471499999
4835,202,406.53540912500017,265.1210778499998
4836,202,426.60404932500023,333.36659732500004
4837,202,434.51426430000026,423.4150614249999
4838,202,244.268203675,453.93098984999983
4839,202,352.84109665000005,393.67591322499993
4840,202,350.0872942250005,332.10109439999997
4841,202,480.14908962500056,400.73283074999995
4842,202,370.05641709999986,383.6673965750001
4843,202,344.58546600000034,380.01169609999977
4844,202,411.8844641500003,341.19202924999985
4845,202,278.4760428000002,279.26332667499986
4846,202,306.6035496750003,283.0622051
4847,202,238.66349767499992,224.6066903250001
4848,202,259.01432572500005,255.0919353750001
4849,203,205.3685541749999,192.51413659999997
4850,203,255.99819135000007,250.61959409999997
4851,203,187.4176217249998,216.73452037500002
4852,203,176.03456362499998,203.62965152499993
4853,203,201.78585799999996,195.66001119999999
4854,203,267.781448875,217.61843279999988
4855,203,187.298506525,199.33744647500004
4856,203,259.2405541249999,283.610189925
4857,203,229.3547551000001,266.7981404749999
4858,203,277.70328745000006,286.47872485000005
4859,203,301.5035793000006,369.75398317499975
4860,203,325.18091234999986,345.754076475
4861,203,303.34873585,304.44356544999994
4862,203,312.92026422500084,334.58091372499985
4863,203,286.65087862500013,347.6523818999998
4864,203,345.41488492500014,365.77450869999996
4865,203,336.1572098000004,389.23568782499996
4866,203,408.6992133750001,394.1606168000002
4867,203,430.1036250750001,342.7511908
4868,203,355.9037106500001,311.0410891999999
4869,203,358.67972407500037,315.9406302499998
4870,203,385.47056515000025,256.27492005000005
4871,203,241.61996304999985,240.51576067500002
4872,203,239.2030879750001,220.2316674750001
4873,204,124.52655437500007,172.78619542500002
4874,204,185.86974969999994,197.22938742499997
4875,204,220.04237134999985,196.7719383750001
4876,204,153.43275717499986,182.15168035
4877,204,204.31325782500016,190.55111455000002
4878,204,163.4273920749999,221.66217827499992
4879,204,208.81460212500014,217.26324697499984
4880,204,285.95269695000036,292.039879875
4881,204,245.2451737499999,342.3354828249999
4882,204,320.0809205500001,315.136156775
4883,204,365.78829017500004,369.20240480000007
4884,204,381.7199339749998,289.49143290000006
4885,204,256.57936734999987,298.19175185000006
4886,204,416.64609002500003,482.31225339999975
4887,204,359.4973298750001,388.34452010000007
4888,204,395.25554647500036,407.4161317249999
4889,204,311.9900822750001,402.121863575
4890,204,380.4155559000003,417.75088344999995
4891,204,338.04000000000013,439.86951809999994
4892,204,347.13533752499995,432.4359343749999
4893,204,265.5927452000001,410.1349689249999
4894,204,386.18268150000023,240.44217607499988
4895,204,286.0436981750001,221.40241177500008
4896,204,205.98147125000008,210.64921960000012
4897,205,256.87223157500017,239.1478863499999
4898,205,205.64637742499997,190.87309222499988
4899,205,246.68612842500025,169.05538355
4900,205,181.02038937499992,208.77491354999984
4901,205,191.14374145000002,202.93843837499992
4902,205,213.86468829999995,263.25870172500004
4903,205,264.8393343499999,245.5062763749999
4904,205,223.5166871750002,274.38917242499986
4905,205,324.3550867250004,258.8121794499997
4906,205,287.4990940500003,323.01715842499993
4907,205,284.9021047000002,317.93468847500003
4908,205,398.06624442500043,317.92963054999984
4909,205,396.5723437749998,429.646153375
4910,205,345.67914010000015,428.2322942249997
4911,205,403.02019219999977,351.4184945999999
4912,205,465.98610607499984,393.8182636499999
4913,205,364.12546272500003,435.36088852499984
4914,205,316.04222117500024,301.47778755
4915,205,290.7631750750004,325.49838024999985
4916,205,374.4372053500001,335.948695425
4917,205,299.744932125,266.7694366
4918,205,280.00926082500007,316.13144402499995
4919,205,221.51915872500004,249.828713675
4920,205,236.35278750000015,324.39880259999995
4921,206,212.48347962500014,223.78128042499998
4922,206,237.01586695,190.27368660000005
4923,206,154.35659480000004,213.7399459749999
4924,206,185.36693277500012,218.61553567499993
4925,206,192.5746733500001,189.0084579749999
4926,206,223.40101729999998,233.79287829999987
4927,206,173.82787477500005,234.515830525
4928,206,276.34579887500007,263.5121795749999
4929,206,261.1930722999999,305.56711129999985
4930,206,267.9785029750003,273.32281344999996
4931,206,262.1875664750002,353.58807479999984
4932,206,399.2955293499999,486.8138280999999
4933,206,312.881511825,400.22109562499986
4934,206,306.0623872499999,343.91534720000004
4935,206,335.15007585000023,365.82182369999987
4936,206,318.411717375,313.76617202499983
4937,206,392.66068052500066,338.83772577499997
4938,206,373.03686187500017,322.00829384999963
4939,206,311.46012440000027,341.0332175499998
4940,206,315.0594651000001,331.65976479999995
4941,206,355.5099680500005,349.18015704999993
4942,206,320.34704912499996,376.027810275
4943,206,247.55417040000026,255.6791802250001
4944,206,258.291909775,272.065133525
4945,207,218.84671377500027,194.7308918999999
4946,207,168.56456572500008,191.122080475
4947,207,213.25002245000002,205.52878354999999
4948,207,198.73823815000037,160.4253159499999
4949,207,219.73310300000014,212.42006327500002
4950,207,227.37584150000004,206.81780892499978
4951,207,225.46954089999997,209.82213360000006
4952,207,258.66235462500026,277.5866882500001
4953,207,331.36746645000017,344.6954624
4954,207,274.3570641,332.27373042500005
4955,207,360.89667710000003,305.71192707499995
4956,207,267.19749875,330.04447385000003
4957,207,289.32549220000004,355.8642697249999
4958,207,275.0618341500001,417.8999219499998
4959,207,290.6867289750001,392.7658065249999
4960,207,331.33615755000017,340.826700275
4961,207,414.6547661750002,295.48167294999996
4962,207,335.0579090000002,380.34673787500003
4963,207,352.75408570000013,312.8467385249999
4964,207,325.79599817500014,316.67190309999995
4965,207,335.7523337000001,345.9341500250001
4966,207,347.08727890000006,230.74365779999994
4967,207,247.77022990000034,168.7843508999999
4968,207,208.01739685000015,196.08012232500002
4969,208,218.05724724999993,240.03457269999996
4970,208,204.02689725000042,171.857685975
4971,208,181.1325146250001,202.84765062499994
4972,208,215.72731872499992,148.8620153
4973,208,197.0281901250001,197.27539907499988
4974,208,195.7172175249999,233.68129022499988
4975,208,193.08805882500013,240.00586769999995
4976,208,284.7010323000002,252.62342779999994
4977,208,315.05663344999994,268.5017337749999
4978,208,400.7590481750001,308.8084347500002
4979,208,408.5754263500003,421.229069
4980,208,431.19048430000043,421.0302106499998
4981,208,376.8762167750001,385.6290698000001
4982,208,282.15147337500014,332.00983422499996
4983,208,317.6175584250001,376.6535861999999
4984,208,339.536590025,281.03401887499984
4985,208,313.06176077500015,325.70390062499985
4986,208,308.14901700000013,270.45190772499984
4987,208,330.4214219750001,286.7477116749998
4988,208,324.89553627500027,305.73286059999987
4989,208,255.98738755000016,272.09043997500004
4990,208,322.8099977250001,301.8109153500001
4991,208,267.38411250000036,231.79538875000006
4992,208,203.79776292500011,224.20398345000007
4993,209,188.92091267499995,210.16285757499995
4994,209,165.88521207500003,174.2684568
4995,209,231.94314347499989,189.61140565
4996,209,213.71367165,168.83410830000008
4997,209,173.65211067500016,206.73057007499997
4998,209,180.4233991250002,179.998830475
4999,209,245.94288540000014,211.17022812499988
5000,209,267.82934255000004,204.81195917500008
5001,209,210.91753632500004,233.8826191999999
5002,209,289.03730795000024,271.573994325
5003,209,320.8670985000002,319.3398598999999
5004,209,343.34664677500007,272.8293918499998
5005,209,372.21499885000003,303.01487102500005
5006,209,308.7851458000001,265.37605062500006
5007,209,321.08337465,401.48576434999995
5008,209,319.2678083750002,352.4445772749998
5009,209,290.59551227500003,353.22913052499996
5010,209,298.5731117500003,362.994851475
5011,209,342.2145303250004,294.3507357000001
5012,209,295.34756770000035,271.01344094999985
5013,209,321.49443660000014,253.41094940000005
5014,209,262.1630618000001,263.9976227750001
5015,209,246.1955644500003,263.03754314999986
5016,209,175.4102943250001,194.35477682500004
5017,210,213.14321307500012,181.31448220000004
5018,210,251.1907543500002,200.2725842999999
5019,210,173.44886030000006,186.448548325
5020,210,144.81829660000017,183.3314228499999
5021,210,183.76864907500016,160.69817740000008
5022,210,175.9823999250001,196.9226567249999
5023,210,244.6420651750001,237.85585222499995
5024,210,171.267048525,262.9460633249999
5025,210,262.0981484000002,250.97074267500005
5026,210,348.56331987500005,259.36808047499983
5027,210,279.2230127000001,318.58266075000006
5028,210,293.757229125,273.3084214749998
5029,210,308.3326636500001,295.06828782499997
5030,210,286.449498275,258.3131614
5031,210,279.1642320500002,326.03597157499996
5032,210,271.8826503500002,304.26952035
5033,210,311.88049210000054,415.02214619999967
5034,210,332.8087045750002,431.75635832499995
5035,210,338.6359885500003,406.7019281249999
5036,210,282.5957658250002,318.34329750000006
5037,210,348.83066812500044,363.02626884999995
5038,210,317.56339510000015,312.76575262500006
5039,210,273.4418115500001,259.04912757499994
5040,210,226.64925352500012,181.66143329999994
5041,211,241.2000398500001,200.50498342499986
5042,211,215.71864130000003,186.04515842499993
5043,211,191.1883466750001,184.12134144999996
5044,211,182.0849617500001,238.11567615
5045,211,272.8989989500004,188.86403142500004
5046,211,240.460851425,222.975950275
5047,211,282.55244215000005,207.91111645
5048,211,305.18512372500015,263.149362875
5049,211,284.28471537500013,244.4441080749999
5050,211,342.64731357500006,349.3916961499999
5051,211,276.3524308000003,378.477972725
5052,211,320.0863827249999,356.79158114999984
5053,211,322.0678535500001,402.8403302999998
5054,211,399.7195730000002,411.17271294999983
5055,211,373.82287127500024,361.07881352499965
5056,211,375.72401082500016,335.3571426749999
5057,211,361.8533829500003,277.97053765000004
5058,211,343.68883744999994,347.112141725
5059,211,360.4030909500002,272.87397947500006
5060,211,323.05219945000005,367.32855815000016
5061,211,248.8573765750001,273.49358537499995
5062,211,304.74871822500006,354.2918095499997
5063,211,279.114610525,261.976114775
5064,211,268.5598703250007,207.59298854999992
5065,212,206.59644765000007,218.72049404999996
5066,212,179.91238115000016,168.36213465000003
5067,212,138.97222212500003,151.5083526749999
5068,212,178.50395237499993,196.13569810000007
5069,212,131.8631693000002,218.10983589999987
5070,212,191.79521085000027,215.39987664999984
5071,212,251.89936990000058,237.88198549999993
5072,212,272.43021560000017,261.5085011
5073,212,304.2386787500002,266.0717895499999
5074,212,320.9692409250001,292.91896622499985
5075,212,314.2599283000002,308.5809273749998
5076,212,302.6535697500001,323.61766762499985
5077,212,281.13558479999995,372.78612625000005
5078,212,361.29925940000015,324.96626422500015
5079,212,258.5424305,371.3794256749999
5080,212,270.00470259999986,384.56037744999986
5081,212,392.06598575000055,354.4040837749999
5082,212,288.89482932500016,347.30560167500005
5083,212,291.10816240000014,338.06478030000005
5084,212,338.74892767500023,297.4469606749999
5085,212,238.950025175,274.2671089749999
5086,212,264.4997535250002,300.38165165000004
5087,212,247.05149072500035,279.78261695000003
5088,212,193.02410242500025,261.9617946499998
5089,213,218.6975660000001,229.11653617500002
5090,213,187.61349882500002,174.98135612499996
5091,213,207.58851682500023,179.7508376250001
5092,213,206.47887022500035,180.67005287499998
5093,213,169.76689492500014,190.27001994999992
5094,213,174.02668405000014,202.44033865
5095,213,203.56392415000016,231.92405077499978
5096,213,245.84188035000003,308.6197661249997
5097,213,289.34431862500014,342.3241297750001
5098,213,375.8866616750005,361.94934847499985
5099,213,330.91320752500025,314.0656731749999
5100,213,378.1165275750001,331.71926862500015
5101,213,343.26742984999987,340.89738105000004
5102,213,443.6406550999998,326.4657122499998
5103,213,321.1679441000001,266.57406382499994
5104,213,301.19712797499983,351.60460374999997
5105,213,337.53288975,390.590827525
5106,213,297.8712748500001,421.99782104999997
5107,213,243.87779570000004,371.7363655749998
5108,213,293.6894260500002,370.1280346249998
5109,213,303.14996057500025,364.459540875
5110,213,281.9084014250001,365.01814364999984
5111,213,232.8000638000002,277.11418495
5112,213,277.42459384999995,225.29889442499976
5113,214,273.2523661250003,225.3705082499999
5114,214,246.04720035000025,192.05626385000005
5115,214,228.86271765000035,198.24898932500005
5116,214,187.2354991750001,221.70736634999992
5117,214,227.949760525,203.97687047500006
5118,214,248.2466961,229.67561862499986
5119,214,303.80926845000033,205.20040735000006
5120,214,254.83038747500012,190.0841595999999
5121,214,334.07067967499995,281.380806075
5122,214,367.9794756499999,330.957938075
5123,214,323.40681185000074,341.8349697499999
5124,214,365.5550018750002,398.68980732500006
5125,214,374.9752754000001,298.70914192500004
5126,214,400.13653972500026,356.33189000000016
5127,214,334.08843252500014,345.19013180000013
5128,214,391.3245401250001,382.600861375
5129,214,459.56921469999986,361.5613764
5130,214,342.69663182500005,315.85285317500006
5131,214,458.59803932500006,410.99770007499995
5132,214,400.0781599500002,341.2271828249999
5133,214,364.23713797499994,310.2749995999998
5134,214,352.33204624999996,275.3591116749999
5135,214,342.3405126250003,265.95529615000004
5136,214,290.3826986,234.8597646749999
5137,215,244.90261502500036,232.81549900000002
5138,215,173.40576562499996,232.8346401
5139,215,235.4345824500001,179.29703747500002
5140,215,208.5952799000001,214.36863892499997
5141,215,209.85618017500005,201.64277402499994
5142,215,261.8801787000001,193.37286927499983
5143,215,233.4727545,234.18126452499996
5144,215,252.17611187500023,217.48846634999995
5145,215,344.94423667499996,306.28348647499985
5146,215,259.2503954500001,365.23026159999995
5147,215,356.1255890500002,297.7250343249999
5148,215,403.23352667500023,361.0003700749998
5149,215,379.8525339250001,342.301828225
5150,215,464.85317532499994,387.7011120999997
5151,215,296.72721709999996,364.3042181249999
5152,215,389.6939378,404.9186154
5153,215,278.0774337000002,352.6882246000001
5154,215,304.7789895750001,406.65959140000007
5155,215,286.7671333000001,355.435800175
5156,215,300.52399995000087,348.1851028750001
5157,215,304.2236488749999,310.65336675000003
5158,215,370.05062950000024,343.1154030750001
5159,215,344.5986822250002,232.30124145000008
5160,215,245.13559877500012,186.14713524999996
5161,216,299.18374232500037,209.46272322499996
5162,216,214.96129732500017,217.94739757500008
5163,216,196.28484747500016,232.43830389999994
5164,216,208.26986385000015,191.67933804999998
5165,216,203.65037267500003,143.99037937499997
5166,216,197.957773025,183.80793465000002
5167,216,179.86299960000028,244.06723294999995
5168,216,200.83980660000006,283.46553835
5169,216,265.23444025000003,277.2008020249998
5170,216,276.7947780750001,259.32695655000015
5171,216,297.44654720000005,286.15151879999996
5172,216,272.0766355999998,331.16627912499996
5173,216,302.30491782500013,366.34688142500005
5174,216,326.42610442500006,375.9344675499999
5175,216,305.1916387750001,315.7655809749999
5176,216,348.3611215000003,393.28996917499995
5177,216,329.8467020250001,368.3662779750001
5178,216,280.71112452499995,328.3832222499998
5179,216,324.60002545000015,298.5024610999999
5180,216,296.9559000250002,262.6134602999999
5181,216,241.51521475000027,293.59721620000005
5182,216,275.943130825,354.72287067499997
5183,216,267.3679499250002,261.3040939500001
5184,216,188.88790532499996,245.71854589999987
5185,217,182.84504527500007,187.47745084999988
5186,217,228.41308377500016,256.3626690499999
5187,217,180.4722072,196.46257077500005
5188,217,174.85174452500024,198.902089375
5189,217,159.84533180000025,150.87729764999995
5190,217,203.50761577499986,166.22705042500002
5191,217,207.36180645000007,214.9818859249998
5192,217,236.77263905000012,249.88498514999998
5193,217,309.96402467500025,284.932455975
5194,217,287.3622845750001,259.578565975
5195,217,272.1484624000003,285.4726432250002
5196,217,285.7959585750002,296.7271939499999
5197,217,313.61743115,378.4545480999999
5198,217,282.5754136999999,324.4801889749999
5199,217,317.19129642500025,296.90893262500003
5200,217,303.2540483,248.98920537499993
5201,217,334.797213725,329.20637794999993
5202,217,305.529798225,332.403094625
5203,217,287.1908065000001,309.89488074999986
5204,217,370.22552017499993,338.3616343249998
5205,217,308.4611513000002,277.90186934999986
5206,217,252.17752624999997,225.99261930000006
5207,217,216.15482935000003,258.3956328500001
5208,217,222.0521645250003,219.04284929999986
5209,218,213.65344140000025,175.62925322499987
5210,218,167.23106120000017,203.68402922499996
5211,218,167.97922932500018,167.61267649999996
5212,218,138.90416954999995,196.431940275
5213,218,202.72864090000007,208.84692662499992
5214,218,255.68471220000026,180.83995509999994
5215,218,247.64113835000006,247.13323842499994
5216,218,285.7033815000001,254.45017392499977
5217,218,292.65883325000027,258.79628667500003
5218,218,336.7335725249999,343.8835611249998
5219,218,376.5268246500001,299.12961274999986
5220,218,414.73845867499995,337.14660897499994
5221,218,395.64823112500017,417.5993417
5222,218,498.2570381250001,410.37127015
5223,218,405.9044786000004,444.95792014999984
5224,218,469.3823125499996,496.0767006999999
5225,218,420.2744192000007,367.7960850999998
5226,218,398.59816647500054,363.0871486499999
5227,218,369.22219517500014,376.2008931749998
5228,218,385.0942497500005,382.51294384999994
5229,218,356.44865555000007,314.8467352250001
5230,218,323.6767603000001,340.6048108499999
5231,218,300.69513272499995,284.09951984999975
5232,218,282.0268276750001,193.8729156750001
5233,219,195.55869695,257.31774740000003
5234,219,163.20788017500007,222.96051175000002
5235,219,142.36408599999993,178.106931875
5236,219,205.4140605249999,218.7093841250001
5237,219,221.57340900000014,205.28824570000018
5238,219,249.50170125000022,233.30546660000016
5239,219,220.168697775,266.39891984999997
5240,219,280.5213234250003,250.43698015000012
5241,219,310.10493755000016,304.43635455000015
5242,219,380.046847375,356.02922079999996
5243,219,450.19564660000026,389.8826775
5244,219,425.46983242500016,324.9846831499999
5245,219,461.0113210000004,406.43144955
5246,219,378.0976173000004,403.48251604999996
5247,219,480.1187000500002,458.98854359999984
5248,219,501.34482457500036,542.8627215499998
5249,219,502.8324951500004,363.01659957500016
5250,219,497.1735762000004,433.37360012499965
5251,219,405.4300685750002,334.6260251999999
5252,219,359.23276917500044,407.28427345000006
5253,219,337.8438556999999,363.9074324499999
5254,219,332.6313342750003,382.15464089999995
5255,219,284.61867367500037,320.6264997249998
5256,219,239.41462269999988,282.8599863750002
5257,220,277.1254555999999,265.83175972499987
5258,220,203.5518038750002,244.58378594999996
5259,220,262.24600089999984,224.2703721
5260,220,232.3493593500002,242.51622267499988
5261,220,264.99184295000026,174.86386167500007
5262,220,228.35114265,189.6454740749998
5263,220,255.9257043250002,228.94269274999988
5264,220,296.1671082250001,298.3584867999997
5265,220,401.03834384999993,304.094857175
5266,220,346.023408775,458.13946014999993
5267,220,424.0935447000001,379.28881355
5268,220,416.4221086249999,383.77449987499995
5269,220,402.7606278249999,420.7574227499998
5270,220,374.4535384750002,466.1843427749996
5271,220,392.1878254000004,437.581800175
5272,220,395.27102787500013,430.87103770000004
5273,220,362.68269920000023,394.0562333250001
5274,220,372.9479464750001,367.6269061249999
5275,220,356.8485524000002,370.08009219999985
5276,220,371.52132447500014,342.4629536500001
5277,220,468.4823419500003,390.44707322499994
5278,220,316.43443735000017,363.309011975
5279,220,336.17902467499994,364.05236414999996
5280,220,274.5149696000001,314.32309689999977
5281,221,237.32810945,256.1835218499999
5282,221,268.19283870000015,246.46248932499992
5283,221,204.03799397500003,168.73819867500015
5284,221,243.59244649999997,147.15559842500016
5285,221,238.79017492500026,210.78124520000003
5286,221,234.0811787250001,253.8560789499999
5287,221,248.9412233500001,237.63095412500002
5288,221,285.99840340000037,293.1006396749999
5289,221,301.72188895000016,371.42730534999987
5290,221,374.5049719000002,347.372719725
5291,221,383.70149185000037,484.2830914499998
5292,221,457.7373568500002,420.13398789999985
5293,221,382.7723603500002,387.27994979999994
5294,221,402.7312260750001,433.13415910000003
5295,221,425.8245664000003,464.64086425000005
5296,221,358.8532837500001,401.3107109749998
5297,221,502.6503157500005,450.7141347250001
5298,221,371.9300369000001,437.3489087749999
5299,221,407.8168010000004,349.3064490499999
5300,221,412.39215132500055,391.8308591749999
5301,221,342.11346310000044,337.73629254999986
5302,221,303.6046978750001,284.4623814749999
5303,221,336.83235077500024,315.1827636749999
5304,221,286.2385101000004,251.69588429999976
5305,222,230.07248735000024,256.4194039250001
5306,222,194.15833137500042,245.99074374999998
5307,222,204.04661175,229.51669005000002
5308,222,179.64720470000017,208.65258262499992
5309,222,200.172853975,222.7113572500001
5310,222,184.651616225,276.013635925
5311,222,208.60965647500018,332.9597256749999
5312,222,251.329272725,277.3102948999999
5313,222,292.67562524999994,410.317794075
5314,222,309.98382752500015,396.7835955999999
5315,222,425.88099914999975,374.9422961999999
5316,222,394.9373271000007,489.69170414999996
5317,222,475.3312491500001,466.92449335000003
5318,222,423.5071121250003,440.29823192499975
5319,222,411.4930732750005,474.76666499999953
5320,222,479.6939064750004,438.31381527499997
5321,222,450.67808937499973,480.3294032499999
5322,222,441.067019575,402.9383587
5323,222,429.6006135750008,329.6412119249999
5324,222,376.7131340999997,395.87914472499995
5325,222,466.60266237500053,391.9468671999999
5326,222,331.3832164250001,330.015674775
5327,222,285.1109075500001,394.491584625
5328,222,279.1131296250003,284.81344367500003
5329,223,263.36169830000017,277.1241054249998
5330,223,204.38111689999988,245.7313455499998
5331,223,193.7297658,230.36878329999996
5332,223,231.6449109250001,239.24962634999991
5333,223,184.82479550000016,249.6125285499999
5334,223,243.09009047500018,257.29730822499994
5335,223,260.29253430000017,308.4181585499998
5336,223,270.9798549250003,272.006627075
5337,223,309.4388739499999,333.3761757750001
5338,223,434.6627665250006,319.90926227499983
5339,223,367.61059932499984,333.19416497500015
5340,223,355.9144609249996,517.8566298999999
5341,223,404.4147575000001,380.38620652500015
5342,223,472.97432545000083,418.6829091999998
5343,223,351.92990265000014,343.0910987750001
5344,223,393.3468026750001,442.320686575
5345,223,381.3177984500003,437.64996655000004
5346,223,350.24752865000016,431.42640407499994
5347,223,382.3086679499998,386.08069147500004
5348,223,349.79688722500055,388.04519559999994
5349,223,411.12299485000057,369.61258669999984
5350,223,387.29011300000013,290.3825110250001
5351,223,316.3559538000002,247.41194952499973
5352,223,216.237417225,278.6540287749998
5353,224,266.1389070250001,247.42593885000005
5354,224,225.78328552500008,229.9807578249999
5355,224,284.8250853500002,250.96144172500004
5356,224,176.77843040000022,248.00901475
5357,224,241.53168225000007,218.4296520999999
5358,224,303.90041135,210.57977822499996
5359,224,227.217471175,197.97563982499994
5360,224,269.98297047500023,211.80611984999987
5361,224,325.98041987500017,287.6477308249998
5362,224,333.88504524999985,292.21021577499977
5363,224,365.3397231250003,356.1846538499998
5364,224,355.1349375999997,270.4707161
5365,224,469.1556955000001,295.348660175
5366,224,377.0788808249998,464.39104677499995
5367,224,347.32448387500045,341.74536632499985
5368,224,336.90958345000035,408.0617732999998
5369,224,366.62903702500023,352.8314027
5370,224,415.93618020000054,395.29510144999983
5371,224,415.8473940000002,430.56582745000014
5372,224,340.91810907500036,340.22663420000003
5373,224,312.722782575,317.0162424
5374,224,300.2899685000001,348.7207548749999
5375,224,322.6843561249998,314.430001125
5376,224,298.6830953000001,269.5230356249999
5377,225,229.99664677499987,238.32243682499995
5378,225,220.47001914999998,267.92117014999997
5379,225,164.57801645000012,193.1106653500001
5380,225,218.55577580000028,222.0492123250001
5381,225,252.8347944000001,192.2428022
5382,225,182.63519722500013,252.90902084999993
5383,225,242.53161675000024,309.1510631999999
5384,225,240.5666361500002,353.0795232749998
5385,225,325.31489717500045,303.35021555000003
5386,225,299.06888652500004,331.098838975
5387,225,397.0257993750005,460.65538357499963
5388,225,454.17993737500035,388.54380039999995
5389,225,384.37504312500005,517.4656868249997
5390,225,469.5360511250001,440.5328758
5391,225,549.5742609249999,410.0402527999996
5392,225,519.0773600250003,355.0647452500001
5393,225,417.7812913249999,476.30720375000027
5394,225,417.87332852499975,323.6867528999999
5395,225,528.7130956000002,454.93592894999995
5396,225,324.69229895000024,331.63210305
5397,225,413.40967832500013,400.065374075
5398,225,383.68003542500014,324.73456444999994
5399,225,365.78145337500007,310.1357222999999
5400,225,346.55399142499994,280.03770699999995
5401,226,266.6013573250002,273.86457507499995
5402,226,213.49974809999986,256.99951755
5403,226,196.4680198750001,246.26230750000002
5404,226,168.7745934999999,218.6743206000001
5405,226,194.25027350000025,216.95431467499986
5406,226,256.1625377750001,294.75260935000006
5407,226,306.17777652500064,245.25479137499997
5408,226,327.8450005500001,295.22105565000015
5409,226,442.12560840000015,331.37487037499966
5410,226,364.1162318500005,286.04059587499995
5411,226,303.9258479499998,368.70237314999986
5412,226,324.60404899999975,420.25653962499985
5413,226,366.41611945000017,500.236024425
5414,226,380.34655974999987,480.6457588249998
5415,226,508.9846283999997,520.9435249750001
5416,226,508.2613571250002,383.2240853499997
5417,226,529.3418432000001,480.9201794999999
5418,226,467.58176692500024,490.68932175
5419,226,412.6405368750005,359.66885742500006
5420,226,362.1784416249999,483.6157919499998
5421,226,333.8279667750007,428.82737137500015
5422,226,397.6090124000001,373.7164643499998
5423,226,346.6351437000002,278.50061504999996
5424,226,289.9515029000001,257.5082322
5425,227,290.7069344249999,240.1586592500002
5426,227,223.67099392500012,235.71982902499985
5427,227,204.95861600000012,234.02262862499992
5428,227,250.22456167500002,191.65368857499982
5429,227,188.32370170000002,196.01453149999998
5430,227,217.83204997500013,242.70627599999997
5431,227,323.03425562500024,280.6153698
5432,227,275.18654737500026,375.1607366499999
5433,227,262.81785475,361.61175067499994
5434,227,342.65130842499985,357.119493775
5435,227,331.83563442499997,397.6655538499999
5436,227,345.0667244000001,325.48875615000003
5437,227,454.861874475,358.6013553749999
5438,227,400.96474715000045,381.26334005
5439,227,334.79515864999996,363.3884663750001
5440,227,329.7762131499999,339.5634589250001
5441,227,353.1962676750003,366.93762712499984
5442,227,467.7448619500003,442.4571996499999
5443,227,469.2042177000003,362.93895120000013
5444,227,403.0680357250003,329.24452909999985
5445,227,353.4349056,280.479903475
5446,227,374.5395258750001,298.108671275
5447,227,293.59164835000007,219.59800869999998
5448,227,294.8045940500001,240.2224960249999
5449,228,213.68524227500012,226.25737360000014
5450,228,248.3368089000005,204.34226187500002
5451,228,196.29199787500022,209.19120717500005
5452,228,232.5029128000002,183.936336875
5453,228,209.03872812499998,193.91428912499978
5454,228,248.37695875000009,218.266677425
5455,228,252.55914959999993,233.1844081249999
5456,228,349.821046175,251.0378177249999
5457,228,313.66186770000047,322.90111534999994
5458,228,415.02225002500035,373.76191355
5459,228,385.64335615000033,378.04577452499984
5460,228,403.12656702500044,394.4850446249998
5461,228,392.8193776750005,382.62233842499984
5462,228,377.45346022499984,415.8961179999999
5463,228,435.2069612500002,387.004873125
5464,228,464.872254275,324.95773970000005
5465,228,455.32375370000057,447.63622752499964
5466,228,381.2494810750001,354.1074652750001
5467,228,425.2884197750002,438.8704716500001
5468,228,490.7113929000004,376.49035072499987
5469,228,462.04437412499976,368.153518675
5470,228,358.6822455250003,301.6576123499999
5471,228,302.98223230000025,319.53417342500006
5472,228,318.13018979999987,339.77278072499973
5473,229,272.7506573500003,298.7440888000001
5474,229,232.60810499999997,220.45162874999994
5475,229,216.86630215,180.618035825
5476,229,212.629858,210.27587727499986
5477,229,218.313755975,197.93129342499992
5478,229,251.00583389999997,197.042389225
5479,229,253.98842402500014,261.6855626000001
5480,229,308.0991769500001,241.99857697499976
5481,229,392.53088339999994,359.20005149999986
5482,229,360.854762575,367.4114158
5483,229,484.1080672250001,318.3530246000001
5484,229,467.5591364250002,317.3980270249999
5485,229,430.5217793500002,397.71956784999975
5486,229,504.9350428750004,314.064356375
5487,229,496.2675521000004,422.63911770000004
5488,229,356.0238734750003,350.47328367500006
5489,229,403.7743949249998,340.99506897500015
5490,229,347.4698830750001,382.0331200249999
5491,229,465.8956650249999,393.05736374999987
5492,229,430.88018814999987,366.0767739249997
5493,229,307.6362423500002,338.32665720000006
5494,229,261.242922875,396.6926668749999
5495,229,256.6367265000004,270.293050975
5496,229,252.9733987750002,218.01202227499985
5497,230,257.05651760000006,186.48827590000013
5498,230,226.12571667500026,225.58310360000002
5499,230,200.5775709000001,242.66186187500003
5500,230,192.1953913000001,196.1530703749999
5501,230,248.206265075,179.5174284250001
5502,230,217.97593942500012,211.66673717499992
5503,230,256.86937800000004,223.50802235000015
5504,230,265.9368681000005,202.37603719999981
5505,230,308.7874175500001,308.29972112499985
5506,230,311.16452125000035,344.4859648749998
5507,230,306.7082328000002,371.98006215
5508,230,405.0878708500003,362.18415694999993
5509,230,360.94219627500024,414.6156928749999
5510,230,543.4988167249999,423.95536152499994
5511,230,350.61841290000046,410.6905423999999
5512,230,409.4532474500003,330.86134695
5513,230,371.9173396500003,329.799380175
5514,230,319.2133566250001,296.28193072499994
5515,230,354.16782887500005,358.4885100999999
5516,230,332.03752857500007,287.8668285749998
5517,230,392.17654697499995,257.2982434249999
5518,230,374.8984456500003,271.782245775
5519,230,262.46516132500005,269.70563742499985
5520,230,271.55076555000016,266.41161112500004
5521,231,276.19035175000005,191.5073328499999
5522,231,231.59647505000027,242.395057125
5523,231,195.54723322500033,183.60211657500005
5524,231,221.395088925,157.21229072500003
5525,231,230.72741857499994,200.55655347499996
5526,231,206.68703035000019,220.39611367500007
5527,231,243.14003365000002,246.56451077500012
5528,231,242.74673052499998,249.12983649999995
5529,231,267.3856540500002,236.04734649999978
5530,231,252.53078314999993,336.210427375
5531,231,343.8149416500002,427.5966413
5532,231,386.2655178750001,404.6107529499999
5533,231,359.02367822500037,366.2722280999999
5534,231,298.566085475,322.3645159749999
5535,231,391.8951833250004,427.84680927499994
5536,231,364.9741653250002,422.89210072499986
5537,231,342.3736487499998,401.44323069999984
5538,231,295.9700742499999,347.86564157500004
5539,231,371.0909903750003,332.45903347499996
5540,231,365.6665866500002,357.067179825
5541,231,342.17864810000003,326.5360292749998
5542,231,333.7441649500003,330.5665681500001
5543,231,268.5480386250001,259.46648217499984
5544,231,194.75118540000005,232.8955867250001
5545,232,184.8081858500001,213.27661512500003
5546,232,222.33230132500017,220.23006649999996
5547,232,197.41800002500003,194.52650964999995
5548,232,254.0183061250003,178.79501982499997
5549,232,243.56965922499995,224.36659584999984
5550,232,264.76819135000005,263.2368408499997
5551,232,319.08027832500045,233.01409935000004
5552,232,298.09408990000037,281.5936067500001
5553,232,299.0617281000001,378.26156884999983
5554,232,273.81904710000003,396.95469347500006
5555,232,349.99773357500015,312.19412607500004
5556,232,409.0954093250001,392.0042012749999
5557,232,456.8742052500004,477.0326189000001
5558,232,438.59766142500064,402.406818725
5559,232,377.41301597500035,390.0314230750001
5560,232,454.3382010250008,361.1661067999999
5561,232,486.7301716999998,401.97359355000003
5562,232,399.67505707500015,353.16809555
5563,232,448.36592037500026,332.36189800000005
5564,232,412.9047465250003,358.0597491499999
5565,232,299.0395709750003,417.6367763999999
5566,232,330.72857972500015,330.94263139999987
5567,232,280.5868415250002,252.17784904999996
5568,232,254.47968692500024,193.34341632500013
5569,233,200.4096901750001,212.6019730249999
5570,233,213.57240085,221.1602817249999
5571,233,217.84062610000015,247.6399262250001
5572,233,169.14955702500015,234.37293302499978
5573,233,258.8003497250003,187.59373105000003
5574,233,310.3482386750002,235.04943027499993
5575,233,289.73455617499997,263.390969575
5576,233,281.9176097500003,257.9062229
5577,233,280.21519222500024,290.4553193750001
5578,233,341.14594075000014,369.85159039999996
5579,233,408.1103288000001,313.94791039999996
5580,233,358.3428990750009,457.06346734999994
5581,233,391.1309199000001,381.0550625999998
5582,233,340.56016600000015,390.23111034999977
5583,233,379.35315049999997,434.2821453249999
5584,233,451.490461525,292.86435044999985
5585,233,344.0945582750004,403.13573229999975
5586,233,345.42552032499975,331.06662877499986
5587,233,323.56140264999993,346.56653225
5588,233,363.68593115,355.97202649999997
5589,233,364.5134155750003,342.66588957499994
5590,233,370.50872300000026,335.976178525
5591,233,246.8868880249999,347.37068732500006
5592,233,229.79631062499988,272.86971557500016
5593,234,251.668104975,248.52549792499983
5594,234,185.71437357499997,225.74892547499994
5595,234,199.40264087499997,152.5803664
5596,234,216.810138975,206.8596552749999
5597,234,203.3102740000001,167.85801147499978
5598,234,215.35541287500007,269.34476484999993
5599,234,258.6364799250002,218.26241712499987
5600,234,249.5458509,235.2457702750001
5601,234,324.6559957000003,336.4852840249999
5602,234,292.1880389750004,378.55689452500013
5603,234,364.3712256750007,298.78238905
5604,234,369.0192066250001,386.23251082499985
5605,234,384.5881921750005,338.7503556749999
5606,234,290.5341291000004,334.682913125
5607,234,408.9405511000007,409.5542332749998
5608,234,403.2223768500005,360.5382618499998
5609,234,464.79485210000075,328.65984274999994
5610,234,303.245343075,363.49545335000005
5611,234,384.44122725000034,355.43355622499973
5612,234,331.0817504000003,317.67019690000006
5613,234,312.7005170000001,312.34621545000016
5614,234,265.8563331000004,303.3557025250001
5615,234,178.22817470000007,212.11776290000006
5616,234,245.07263294999993,198.547617025
5617,235,237.36449137500017,194.05141937500008
5618,235,210.99187862500008,233.33109497499993
5619,235,226.04678782500008,202.38884029999997
5620,235,196.46095012500024,190.77036352499996
5621,235,192.11647722500012,219.14414874999997
5622,235,241.36726972500014,217.36185397499986
5623,235,264.61241552500053,313.20719914999995
5624,235,329.83115785,278.0053376249999
5625,235,330.9035447500004,296.5812403499999
5626,235,377.7277753,304.2331458999999
5627,235,411.80751537499987,363.66520649999995
5628,235,369.3099427000001,380.55788189999987
5629,235,339.85160980000023,448.4715312249998
5630,235,458.7836766500003,353.1666407250001
5631,235,416.2691586500002,397.9430743500001
5632,235,359.3798350000002,312.57867902500004
5633,235,351.67089802500004,380.2063107999998
5634,235,395.8980572000003,330.5615762499999
5635,235,359.2027140250001,351.0871202
5636,235,359.3003670000003,332.8434716749998
5637,235,393.357624425,344.5889754249998
5638,235,284.1424970500001,274.4066617999998
5639,235,279.86963325000005,305.450661575
5640,235,292.31205475000013,266.4403378
5641,236,232.4707324750001,236.37052837499996
5642,236,227.87036282500014,193.1232053750001
5643,236,212.18676115000028,226.87979089999982
5644,236,201.53032640000004,190.665281675
5645,236,223.08168625000013,183.39195317499986
5646,236,211.84615879999996,230.36098897499994
5647,236,198.796734775,298.37320244999984
5648,236,249.8209631000003,274.395193675
5649,236,325.21295895000003,303.741899925
5650,236,299.47859225,310.55992097499995
5651,236,326.5182559749998,346.32275397500007
5652,236,311.38673967500006,316.96501727500004
5653,236,362.79889779999996,361.05801074999994
5654,236,313.5432255000003,385.87247852499996
5655,236,336.39945337500023,355.24182424999975
5656,236,379.1590323250002,398.23880394999975
5657,236,452.74171512500004,409.8775947250001
5658,236,324.0606238999999,370.6844268999999
5659,236,346.78869765000024,363.49199917500005
5660,236,366.0908850750001,287.78365222499997
5661,236,299.08759062500013,266.05897500000003
5662,236,340.2476116250001,311.20738122499995
5663,236,348.9645592000002,292.57746344999987
5664,236,289.64886467500014,247.9856641249999
5665,237,204.42591052499995,208.41208864999993
5666,237,217.67350967499996,216.7380312749999
5667,237,265.209414525,235.11041224999997
5668,237,241.21418959999997,242.12941624999988
5669,237,225.2588267499999,243.83722597499985
5670,237,219.43505797499998,226.96559842499988
5671,237,203.1935621750003,241.02889055
5672,237,224.85208997500018,263.603646275
5673,237,290.88204850000056,283.28963807499986
5674,237,245.79637532499999,395.3763696000001
5675,237,315.5268459750001,325.92869577499994
5676,237,383.6589133000002,296.1283456500002
5677,237,328.6645858750003,331.18972517500004
5678,237,302.7755744750001,341.5783043749999
5679,237,321.3403982250002,277.0622319999999
5680,237,376.4613603499999,319.416159525
5681,237,310.72790155000007,309.99515127499996
5682,237,293.09813450000024,310.3107643000001
5683,237,310.54250137500026,301.9898939499998
5684,237,249.24694795000028,250.19990694999996
5685,237,253.37613380000005,289.54251202499984
5686,237,267.66918820000024,306.255648275
5687,237,212.37409430000022,257.69162674999995
5688,237,255.47197030000027,196.64875567499996
5689,238,243.34935335000011,124.24569489999995
5690,238,223.91798964999992,202.87939987500005
5691,238,160.53616227500007,191.736649875
5692,238,179.80296640000003,162.70151762499998
5693,238,206.6247462500001,156.83256535
5694,238,189.65431447499998,173.59851447499983
5695,238,195.2329298750002,173.98698389999993
5696,238,246.4558369499999,223.68249304999995
5697,238,215.26319795000006,214.70324065000017
5698,238,274.76214319999997,317.1494839999998
5699,238,438.8757146500002,256.7433159999999
5700,238,371.40540837500015,272.58150019999994
5701,238,348.52211355000026,325.38653645
5702,238,291.61343749999986,244.71154929999994
5703,238,288.8298496,278.27242314999995
5704,238,339.82469044999993,203.6858585499999
5705,238,368.5858529000001,247.3085955
5706,238,334.4666833250003,264.53318817499996
5707,238,323.0208940500001,275.1714556249999
5708,238,288.9044994249999,324.805874075
5709,238,264.49677017499994,351.68060219999995
5710,238,240.406446325,303.42112784999995
5711,238,238.6414750500001,302.74370012500003
5712,238,172.52292922500004,224.03281572499992
5713,239,204.65750407499996,198.71598967499995
5714,239,191.43945855000013,134.59945814999998
5715,239,181.64958825000025,179.50615077499998
5716,239,193.75207370000015,162.804497625
5717,239,193.38281670000026,167.96702812499998
5718,239,247.54443442500005,267.1268213499998
5719,239,246.36799080000003,228.71908927499987
5720,239,286.98626419999994,263.3680103750001
5721,239,315.57541662500006,318.0297365249999
5722,239,267.871167175,278.172755175
5723,239,311.57045347500036,327.73722542499996
5724,239,356.69286052500024,334.61206199999987
5725,239,345.3597583999998,355.97931724999984
5726,239,348.915382725,355.49489427499987
5727,239,344.82625955000026,350.70695542500016
5728,239,392.9995500749999,386.8377771249999
5729,239,407.20472287500024,306.3815069500002
5730,239,365.0323534000004,362.0700370249999
5731,239,391.2468552250001,420.0957399999995
5732,239,301.1286064500001,344.72404079999984
5733,239,308.9757286750006,265.80785115000003
5734,239,279.9332903750001,318.8205481750001
5735,239,283.00039122500016,269.5724328
5736,239,257.01120397500046,254.70123337500002
5737,240,235.6618452499999,192.01478155
5738,240,188.06573822500002,216.493033825
5739,240,180.92069119999988,171.27604652499997
5740,240,217.14863555,171.81784819999996
5741,240,186.43038067500007,233.98795722500006
5742,240,256.961945075,257.02330462499987
5743,240,235.43697240000012,283.84836347500004
5744,240,289.9597502749999,307.27510054999993
5745,240,267.06820032499996,356.1126301999999
5746,240,316.46698060000006,334.8072349
5747,240,416.69802437499993,349.64010484999994
5748,240,339.9138409249999,406.9569736750002
5749,240,396.05864210000027,414.6374833749999
5750,240,399.0038361749999,380.67277667499985
5751,240,410.8598663,380.4144100499999
5752,240,389.333190025,406.22251629999994
5753,240,354.09220920000007,302.1066359749999
5754,240,458.27516487500026,467.9221585499997
5755,240,345.98712497500014,383.5889444749997
5756,240,302.75366870000005,397.504947625
5757,240,364.258057275,418.88906922499996
5758,240,269.83119715000015,396.1634530500001
5759,240,270.42807057500016,318.3088498249999
5760,240,249.6989260000002,266.33478767499986
5761,241,269.37619650000016,255.09687369999986
5762,241,206.46689052500014,291.0522212999999
5763,241,194.36193432500008,243.80198169999994
5764,241,237.0362009250003,197.70407045000002
5765,241,229.6188752500004,270.07485445
5766,241,204.72685820000018,251.71387065
5767,241,286.860798625,307.6896750499998
5768,241,294.68593257500015,273.0183449999997
5769,241,395.76936255000027,308.0838802
5770,241,424.71235509999985,357.7763755999998
5771,241,374.76501762500016,395.62857892500017
5772,241,349.8492535250001,479.81724059999954
5773,241,388.32020655,370.036162275
5774,241,434.95962415000054,394.2801835499998
5775,241,395.9943019750003,449.9085203000001
5776,241,377.2181898749999,432.3779567
5777,241,477.65434802500005,486.2423095250001
5778,241,386.8548445499999,408.3993196250002
5779,241,380.78186727500076,370.65558909999993
5780,241,318.23454262500024,312.98510627499985
5781,241,301.31662300000005,340.7552719
5782,241,332.8993593250003,339.56614370000005
5783,241,241.37517047499998,268.896203325
5784,241,321.7120571750002,322.0095556000001
5785,242,258.3758395500001,242.93917517500006
5786,242,196.78283707500015,240.779064525
5787,242,164.96906645000007,284.3169939249999
5788,242,195.88481832500008,216.25727030000004
5789,242,237.445949025,225.51045594999997
5790,242,277.28115495000037,274.27015335
5791,242,236.16324010000002,293.03220974999994
5792,242,335.8303285500002,250.01863117499997
5793,242,312.92825660000017,303.4306988000001
5794,242,301.2743686499997,329.3177415249999
5795,242,358.3102483750001,411.1711587499998
5796,242,409.8941829499999,332.5033002
5797,242,420.32718105000015,398.26637930000004
5798,242,338.23138825,288.442675125
5799,242,409.78414239999995,384.240723375
5800,242,384.6940319249999,406.9787945749997
5801,242,371.985502175,427.73713395000004
5802,242,324.88687210000023,434.3372055499998
5803,242,424.1924205500003,320.18018152499985
5804,242,363.86341590000023,398.4210039499999
5805,242,281.53301085,371.9719626500001
5806,242,291.92152302500017,320.426480125
5807,242,282.42781312500006,340.97731817499994
5808,242,302.87213347500006,238.32299847500008
5809,243,176.69248460000003,196.71150762500002
5810,243,251.4926968000001,236.31717764999996
5811,243,209.79438469999997,216.923138075
5812,243,153.93760040000018,215.32579742499985
5813,243,216.22057477500016,185.09074349999986
5814,243,202.88363630000015,207.84678702500008
5815,243,291.0766934750006,261.93876434999993
5816,243,274.83930150000026,367.740750625
5817,243,346.1099089749999,300.0808819
5818,243,333.02334602499997,357.38312085000007
5819,243,419.10253845000045,360.3423505749999
5820,243,400.07404985000005,503.26926337499987
5821,243,386.8406527750003,307.7262710250001
5822,243,408.89710325000016,314.767511075
5823,243,381.1733266000003,354.24611342499986
5824,243,396.42774920000033,325.41201702499984
5825,243,395.8281767000002,319.1725831750001
5826,243,268.18182924999985,403.06489252499955
5827,243,270.26023520000007,344.3838119500001
5828,243,377.49607690000005,416.551948025
5829,243,293.6053010750002,384.58018659999993
5830,243,305.2572628250001,319.06742785000006
5831,243,224.45877620000022,211.41500917500005
5832,243,244.89570220000041,240.7105166
5833,244,223.8760977750002,204.88853842499998
5834,244,189.93124870000014,217.68205317500002
5835,244,227.8032643,177.05893997499996
5836,244,185.3223540500001,201.57791599999996
5837,244,224.23446935,169.43642385
5838,244,220.23448792500017,220.9236367499999
5839,244,212.11197692500005,210.14227304999986
5840,244,235.09449785000004,216.48839702499998
5841,244,257.060083025,247.07928762499978
5842,244,283.7798345000001,302.02671335
5843,244,319.154249275,307.1048631749999
5844,244,292.4700150250003,295.35180130000015
5845,244,383.0300561250002,224.37011094999986
5846,244,292.0996295,340.33102877499994
5847,244,291.8814073750001,333.2176504000001
5848,244,292.4068368500001,305.2514608
5849,244,357.91033990000005,289.0195960749998
5850,244,274.0599383749999,261.2934043749998
5851,244,292.04310245,306.45656257499985
5852,244,355.5079249000006,292.193191275
5853,244,240.09049685000002,282.7066709250001
5854,244,296.6400252750001,292.3433597499999
5855,244,264.090541475,298.9105494749998
5856,244,215.4198047999999,275.7292707999999
5857,245,226.58098787500012,180.794943225
5858,245,166.61977377500028,197.45009002499987
5859,245,156.5320405250001,209.51411135000006
5860,245,184.1952027499999,185.14090015
5861,245,240.5394906250002,198.68305299999992
5862,245,183.97597144999986,181.50329987499993
5863,245,210.3840342500003,218.53609414999988
5864,245,239.78306472500014,256.1947446000001
5865,245,244.41242380000017,265.99174500000015
5866,245,277.15966212500007,234.52012015000003
5867,245,361.84136027499994,279.74665390000007
5868,245,364.38016462500036,270.48245589999965
5869,245,308.79800160000013,347.6015732999998
5870,245,294.2009936000003,300.75348505000005
5871,245,264.1245892500001,266.358215125
5872,245,336.3915384000005,265.12199209999994
5873,245,299.625648625,357.97042860000005
5874,245,286.40917702499996,294.48296474999995
5875,245,305.23702397500006,279.5288457249999
5876,245,316.7146747250001,271.96230837499996
5877,245,349.24436392500024,282.3215549999999
5878,245,316.58583282500024,239.55334192499993
5879,245,244.95239627500013,289.5007832499998
5880,245,193.13428497500007,191.06560170000006
5881,246,184.232683575,221.2072013249999
5882,246,160.59221940000023,154.61766924999998
5883,246,155.7761881500001,208.5008079499998
5884,246,188.76898254999998,187.5603126
5885,246,187.21128822499992,214.10253037500004
5886,246,194.63804007500005,253.10924047499998
5887,246,211.18321459999999,219.67616537499998
5888,246,245.07034332500007,223.64509502500016
5889,246,176.69507792500013,266.6664091249998
5890,246,313.99476372500027,294.15702020000003
5891,246,226.40018180000007,325.74670189999995
5892,246,390.2419654250005,306.9583139249998
5893,246,357.1378474750002,288.86326345
5894,246,342.84036577500046,313.82558582499996
5895,246,414.77563275000045,359.59192665
5896,246,314.59521685,336.9333845749997
5897,246,308.332407825,368.85413907499975
5898,246,282.8794429999999,326.19237334999997
5899,246,314.46678932500015,327.81997040000005
5900,246,376.0314366750002,310.01968669999974
5901,246,410.88623255000016,253.87814867499986
5902,246,329.00682427500027,293.3851427499998
5903,246,301.62713237500014,231.67713054999993
5904,246,234.21064792500022,247.00788589999982
5905,247,179.16673267500013,209.04312247499993
5906,247,166.06777965000038,195.17691960000005
5907,247,216.06872959999998,195.46962000000002
5908,247,232.11420727500013,184.69301127499995
5909,247,223.76514022499995,202.23917929999993
5910,247,228.79768255000016,240.09927457500004
5911,247,259.28619019999996,232.2053025749998
5912,247,270.5978546750001,209.2810570250001
5913,247,300.31345277500014,294.32199150000014
5914,247,350.86367090000005,295.0738392999999
5915,247,353.3660012,352.5376843749998
5916,247,414.66520957499995,353.42030065000006
5917,247,419.7969239250004,402.30702975
5918,247,394.0377129749999,330.84748867499997
5919,247,380.7650455999998,502.89416524999984
5920,247,325.2017581750002,487.74354622500005
5921,247,328.28075252500014,403.3739845
5922,247,412.54999655000006,376.74948044999985
5923,247,436.578677075,390.10681752499994
5924,247,378.18909410000003,325.37167147499974
5925,247,327.92760292500014,299.3170200499999
5926,247,296.182460825,340.394291625
5927,247,309.89861542500034,269.4885448499999
5928,247,274.6392620999999,299.4233489749997
5929,248,171.5696794500001,228.48189692499992
5930,248,152.60041087500014,218.746921575
5931,248,215.30086170000004,166.48222074999995
5932,248,230.57624704999995,223.12460122500005
5933,248,199.4671602750002,206.87094385
5934,248,164.49040775000066,233.88684424999997
5935,248,221.08645795000007,292.5773708250001
5936,248,346.33515340000014,298.78526687499993
5937,248,312.11813800000004,350.21405544999993
5938,248,323.5702692750001,340.22531030000005
5939,248,384.8932960250004,281.232785625
5940,248,314.1497791250001,291.7147709749999
5941,248,359.07316087500004,299.6300586999999
5942,248,316.7683214250002,324.56356329999994
5943,248,306.54810327499985,389.6819578500001
5944,248,323.85645615000004,378.55953657499987
5945,248,405.32794762499987,369.2296751749998
5946,248,325.15830644999994,353.74788550000005
5947,248,396.9064047750001,352.4654073499998
5948,248,378.151078125,372.94344442500017
5949,248,343.1285888000001,322.18488469999994
5950,248,307.45314392499995,270.63117679999993
5951,248,337.54030772500016,297.94757189999973
5952,248,228.757228275,304.2393475999999
5953,249,211.01235457500013,145.37312272499992
5954,249,267.69028500000013,171.76273407499997
5955,249,204.59218802500015,182.53927705000007
5956,249,222.1351396500001,197.6393690249999
5957,249,228.531359375,211.6584469999999
5958,249,220.56561385000012,215.4561912500001
5959,249,281.10226175000014,231.08248249999983
5960,249,315.7597233249999,306.9805656249999
5961,249,353.1983867250002,326.85721679999995
5962,249,411.6408347749998,377.3351078249998
5963,249,326.89216790000023,389.15885007500015
5964,249,333.06758617500066,326.7936130249999
5965,249,329.83848884999986,350.3448930249999
5966,249,373.7716951250005,324.28240800000015
5967,249,385.7750937000002,339.08537157500007
5968,249,443.39628110000007,350.0286162749998
5969,249,350.3573082499999,348.89454587499995
5970,249,429.32842212499986,371.90972404999985
5971,249,381.7454049750001,357.02784964999995
5972,249,287.40642477499983,388.66401037499975
5973,249,311.7122633000002,354.91053332499985
5974,249,333.99646212500016,365.37002079999996
5975,249,294.6429740499999,260.1889590499999
5976,249,264.37599312500004,222.8835403750001
5977,250,186.5949489000003,209.70916224999993
5978,250,214.80559490000027,161.810861675
5979,250,169.78162080000004,134.100867525
5980,250,177.50135982499984,170.79197744999988
5981,250,214.66647187500007,207.74927025000005
5982,250,262.59344695000016,193.7723948000001
5983,250,288.01618647500004,220.18878089999993
5984,250,273.64367469999996,239.76159069999989
5985,250,357.55822032499987,290.83039805000004
5986,250,339.49969584999997,334.13644579999993
5987,250,438.5516961000006,395.64383305
5988,250,404.25069890000054,394.9224479249999
5989,250,344.7814579750002,346.6557039999999
5990,250,310.1338331500001,314.872764525
5991,250,381.4453978750001,422.8832896250001
5992,250,393.9722003750003,420.690105925
5993,250,408.67884805000017,322.992529525
5994,250,302.6554074500001,378.266276125
5995,250,283.2944683499999,318.4577174500001
5996,250,363.9987153499999,296.7429278000001
5997,250,355.5304498500001,362.32552772500003
5998,250,312.3441391000003,315.9194540499999
5999,250,277.55533372499985,257.26271572499996
6000,250,268.4964010250002,229.27907922499986
6001,251,230.3163308250002,196.87479522499984
6002,251,189.5097321750003,196.99439284999997
6003,251,217.6347893750002,238.50995142499994
6004,251,197.45755379999997,156.27849757499996
6005,251,199.48876117500004,172.26636967499988
6006,251,179.2111146250001,252.8979458
6007,251,219.40184357500016,220.4712898749998
6008,251,200.68893977500002,257.1981806750002
6009,251,225.87169150000022,297.9714365
6010,251,246.20502537499996,364.97617554999977
6011,251,304.38539490000005,263.0071542500001
6012,251,340.73288572500053,364.39962247499994
6013,251,429.1909459250003,365.8259694499998
6014,251,378.96756340000036,377.4234630499998
6015,251,311.49617727500055,392.54834627499986
6016,251,373.57936247500004,361.06444339999996
6017,251,374.76998537500015,301.61970755000004
6018,251,325.79379622500005,361.927763925
6019,251,278.2864172750001,298.7760726499999
6020,251,318.94294927500033,371.55451274999973
6021,251,251.42992847500025,332.01782242500013
6022,251,205.73037717500017,348.0613480749999
6023,251,216.80670195000002,258.09714382499993
6024,251,212.84122407500013,296.2727869999998
6025,252,202.53477447500018,176.04363707499994
6026,252,215.7528064999999,212.67631592499998
6027,252,216.16576040000007,170.1360891
6028,252,201.43510410000005,190.10375527500003
6029,252,218.4725534750002,153.70344902499997
6030,252,216.636934925,192.252980575
6031,252,261.95231805000003,190.3676092000002
6032,252,264.1640386250001,263.37320034999993
6033,252,343.60566887500005,243.087226025
6034,252,346.253537625,294.6142601749998
6035,252,364.66745007500026,260.88508125
6036,252,312.5418169750002,339.3709689499999
6037,252,379.60726147500026,300.1338619999999
6038,252,386.8808544750001,264.2423040249997
6039,252,437.16300830000023,338.8518762249999
6040,252,426.0904019000002,366.97895504999985
6041,252,332.2185174500001,430.1317948000001
6042,252,350.67377145000023,400.7142824749999
6043,252,281.6246507500001,358.10441425
6044,252,345.0784994750003,406.15215515
6045,252,337.5339572500001,402.2436403000001
6046,252,326.3047425250001,253.86621622500007
6047,252,309.6152778249999,248.7952057
6048,252,207.40990580000002,131.64736112500003
6049,253,202.31393127499993,189.3604874749999
6050,253,213.88852592500012,153.17899155
6051,253,208.2417936750002,193.4397832999999
6052,253,166.829209275,178.98378877499994
6053,253,213.231199925,182.98193097499995
6054,253,256.8875140250001,237.37802635000014
6055,253,242.3979354750001,272.514937625
6056,253,249.918518275,332.03003142499983
6057,253,291.3173213500005,296.41943534999996
6058,253,342.25321610000003,323.49767054999995
6059,253,337.07068975000004,388.9827714249998
6060,253,331.66377705000014,368.3280395500001
6061,253,335.8914806749998,352.10493959999997
6062,253,394.4653053750002,463.0613961249998
6063,253,345.4902576500003,358.0172026749999
6064,253,448.40733042500034,393.8945387499999
6065,253,394.10326212500036,312.444066175
6066,253,375.68693992499993,343.1970562250001
6067,253,442.07762890000095,312.1472408499999
6068,253,346.3960207000001,308.42085395
6069,253,371.9300443249999,312.0454746749999
6070,253,301.8450681500001,303.9847666249999
6071,253,245.79754485000032,325.5464288999999
6072,253,253.43164322500007,280.35496722499994
6073,254,221.97988697500006,198.70917344999992
6074,254,200.4173887000001,207.93809847500003
6075,254,182.6394973500001,249.3864579999999
6076,254,187.19457384999987,186.83406252499998
6077,254,239.0234140250002,216.26646925000003
6078,254,226.49643747500022,211.833535125
6079,254,220.89936172500012,280.9624238000001
6080,254,274.3026516000001,309.4497545500001
6081,254,311.0944933750002,323.64097204999985
6082,254,399.82622070000093,337.0228697000001
6083,254,354.3154741500001,313.75189997499984
6084,254,372.56012867500004,324.13196875
6085,254,338.9550840999998,417.18367987499994
6086,254,380.4549602500001,381.5185960749999
6087,254,294.3046843500003,335.3001282999999
6088,254,390.9025695,392.3538110499999
6089,254,395.9723004750002,483.89810944999977
6090,254,333.7867785000002,389.80376135000006
6091,254,271.5348519500001,385.8721025250002
6092,254,266.0428300750001,403.3495391749997
6093,254,268.1764196250001,317.0259345999999
6094,254,277.41766387500024,260.89269705000004
6095,254,231.2404018000002,228.50016905
6096,254,198.77383192500008,224.76046399999996
6097,255,199.28930524999998,203.8841677999999
6098,255,194.30534680000025,189.5065393499999
6099,255,211.8817838750005,175.4583983249998
6100,255,193.23382657499994,170.56876014999995
6101,255,168.63214457499998,223.51254537499995
6102,255,252.7279069000002,269.98260712499996
6103,255,300.36702540000033,282.48956810000016
6104,255,305.68289885000024,286.0681541749999
6105,255,399.452698225,341.7223137999997
6106,255,307.06979455,420.67349979999995
6107,255,359.15334202499974,267.18583720000004
6108,255,403.3573211000001,395.65232582499993
6109,255,347.74085525,350.19249489999993
6110,255,361.08923145000034,323.17288945
6111,255,354.6195034500004,438.3171769749997
6112,255,287.78154222499995,306.4571405249999
6113,255,351.03641675000006,418.73372137499973
6114,255,352.2139026000001,336.96922700000005
6115,255,403.7607358,352.6534433249998
6116,255,340.76679145000037,314.13844639999985
6117,255,353.8433031750001,265.3726366249999
6118,255,346.6432656749999,310.2748014250001
6119,255,256.9189321,274.6440034000001
6120,255,271.99839395,236.73099224999982
6121,256,189.63550502499987,198.05354237499995
6122,256,158.851355275,201.022384575
6123,256,190.55604742500003,196.28107644999994
6124,256,163.90665292500012,198.92638582500007
6125,256,190.9967889,212.17402385000003
6126,256,207.27887195000005,237.99206334999997
6127,256,181.07146799999998,193.25774282499987
6128,256,270.7460910750001,250.98254729999982
6129,256,238.27289017500016,322.6332862999997
6130,256,337.1786809250001,346.76904564999984
6131,256,377.5533724750004,272.86389360000015
6132,256,384.9796056000001,366.12104175
6133,256,371.3697672750002,316.79196520000005
6134,256,352.06162115000006,331.0664272749999
6135,256,412.34414462500024,342.4787416749996
6136,256,451.2637663249999,359.18179115
6137,256,376.6221550500004,407.10163522499977
6138,256,394.31943362500044,393.1051904249998
6139,256,379.53540157499975,353.4827895499999
6140,256,355.40596227500015,382.57614172499996
6141,256,257.9450558,440.88262612499994
6142,256,275.98283662500023,373.79587964999985
6143,256,274.65959217500017,246.80085214999986
6144,256,248.5643941250001,194.96206704999975
6145,257,206.3429384500001,204.65491617499995
6146,257,212.06989827499993,190.59487817499996
6147,257,231.52606807500013,204.56435392499998
6148,257,166.53128267500006,197.82522862500002
6149,257,224.93509525000022,235.05323414999992
6150,257,178.80178017499986,249.90354987499995
6151,257,243.02568165000005,271.580728325
6152,257,282.6671491999999,301.707200175
6153,257,326.84250717500026,284.15656747499986
6154,257,319.49323982500005,375.8047902749999
6155,257,314.26431230000003,367.3644184499999
6156,257,340.1135026500002,477.7692858749999
6157,257,329.37427187500003,384.81725925
6158,257,328.07133077499975,424.94396012499993
6159,257,388.2972117500002,383.68457164999995
6160,257,562.7496982500003,343.4167752749999
6161,257,353.8587954000004,365.0566066250001
6162,257,430.3371237000002,392.415892625
6163,257,399.6316614500004,307.1616415499999
6164,257,405.2900748999999,373.9996238499999
6165,257,350.73077997500036,379.66925934999983
6166,257,338.43898735000016,282.20167122500004
6167,257,295.1393707,269.85408637500007
6168,257,272.2152223000002,225.16560932499976
6169,258,210.12093507499998,231.31908509999988
6170,258,161.36343180000006,201.37184309999992
6171,258,199.73586254999998,124.40011024999993
6172,258,192.56410215,171.11731177499985
6173,258,195.4963378750002,208.35967857499998
6174,258,201.598841375,168.68803172499992
6175,258,211.45860220000003,278.6859056500001
6176,258,275.2396851750002,207.65172172499996
6177,258,244.2224441500003,314.70440372499996
6178,258,218.0149375750001,327.9375716999997
6179,258,298.2150234750002,366.0904825499999
6180,258,377.78017065,336.1351059
6181,258,352.2812038750001,383.8814425249999
6182,258,356.5291544249999,345.183852175
6183,258,336.5767148000002,329.2522097
6184,258,372.29827547500025,320.5556163999999
6185,258,345.19776412499994,314.77245589999984
6186,258,377.9986053250003,351.70562469999993
6187,258,386.5131195750002,330.3937309999999
6188,258,327.16143539999996,339.83196592499985
6189,258,265.0345250500001,342.07323705000005
6190,258,298.90653812500034,324.3321071249997
6191,258,279.4716360750002,320.1619225499999
6192,258,211.84217985000026,208.11493420000016
6193,259,206.62342430000004,239.212127275
6194,259,160.85652740000018,209.84959429999995
6195,259,127.49545707500012,234.73210137500007
6196,259,167.54713444999987,207.19748897500006
6197,259,171.1706758250001,177.58476007499996
6198,259,193.50909937500006,166.43110067499993
6199,259,205.9168508500001,188.39966982499988
6200,259,152.25538195000013,210.80544410000013
6201,259,261.0537375000001,251.05155957499989
6202,259,304.3382295000001,227.75591884999983
6203,259,361.5168883250001,259.40223579999997
6204,259,310.1357577750002,317.71379082499993
6205,259,391.9090831750001,300.43584365000004
6206,259,416.9591788000003,296.04449472500016
6207,259,374.9505668750004,278.56686799999994
6208,259,397.0767238750001,310.6965558249998
6209,259,410.72918222500005,361.53362094999994
6210,259,337.26534515000014,230.02205605000006
6211,259,319.50361717499993,316.50110739999997
6212,259,319.04549902500025,356.47516562499993
6213,259,333.6064177750004,280.92109700000003
6214,259,271.6600132750001,248.815273875
6215,259,281.60420295000006,195.69200895
6216,259,202.19564885,199.23963005000002
6217,260,180.69229970000038,188.358800425
6218,260,177.08475757500003,149.2895890499999
6219,260,206.19266385000014,171.31550232499993
6220,260,171.86790344999997,202.17171434999995
6221,260,153.5481804750002,196.18794917500003
6222,260,181.14450865000018,192.14544910000006
6223,260,282.9518002250004,291.2744460999999
6224,260,224.95503317500012,259.6636541500002
6225,260,279.75825640000016,329.4463895250001
6226,260,295.11782867500006,337.53591509999984
6227,260,332.6152897000003,293.95414160000007
6228,260,323.97969872500005,305.703439475
6229,260,364.84058315000016,274.576621675
6230,260,322.22810192500015,311.20854205
6231,260,328.90183877499993,320.26550824999975
6232,260,308.1516722000001,351.62364089999994
6233,260,307.9565284000002,343.7724573749998
6234,260,290.2978102249999,321.92361969999996
6235,260,342.49314592500036,283.7296305249999
6236,260,379.6385874750001,296.87503702500004
6237,260,423.89323290000004,287.79118259999984
6238,260,294.97133455,270.172489375
6239,260,301.14631027499996,241.51031885000003
6240,260,199.11079587500012,195.34736805000003
6241,261,156.73444154999999,169.5286078499999
6242,261,196.60710995000034,183.84860570000006
6243,261,208.85313079999997,187.09014132500002
6244,261,206.63760770000033,155.5425828500001
6245,261,189.75293110000018,202.39072992499985
6246,261,216.81833145000007,215.1181709999999
6247,261,290.37806322500046,218.56468479999992
6248,261,262.82891755000014,249.38974104999988
6249,261,235.80376782500002,301.18035439999977
6250,261,296.04803092500026,229.45607189999998
6251,261,237.96764655000004,259.8991480750001
6252,261,275.3785974249999,377.445621125
6253,261,329.6744359250001,399.09020629999975
6254,261,278.6793542750002,329.45126074999996
6255,261,366.01224407500024,364.6409364750001
6256,261,329.6132898500001,386.8025605249999
6257,261,289.5363972749999,416.8684750999996
6258,261,255.32873994999997,350.75447605
6259,261,228.96800867500008,345.88091002499993
6260,261,326.9096895250002,360.284182425
6261,261,254.23813252500045,327.29249627499973
6262,261,246.6975236,274.66779749999995
6263,261,263.1290402500002,335.2155601499999
6264,261,230.71279225,270.37111755
6265,262,230.8640354250001,172.25606415000004
6266,262,198.0447484500001,144.2746403249999
6267,262,165.24306427500002,168.356539175
6268,262,203.66635715000007,127.52165607500004
6269,262,194.09015814999995,205.18876662500008
6270,262,205.02968015000016,227.68976207499998
6271,262,277.1839107250003,205.23192792499992
6272,262,298.0001099000002,205.33980554999988
6273,262,221.11140544999986,320.0650591499999
6274,262,377.3568802250001,279.79026269999997
6275,262,393.18746279999993,334.7733895250001
6276,262,313.53812755,317.5574818750001
6277,262,371.69511294999995,366.5667715499997
6278,262,329.075512225,343.3585883249999
6279,262,333.31039010000023,359.58357534999993
6280,262,332.81866955,385.99342880000006
6281,262,260.4382689249998,366.30013797500004
6282,262,287.0747946250001,345.575384825
6283,262,322.3974639500001,320.126634375
6284,262,328.6835896750001,276.1945262499999
6285,262,332.4614391,283.65507264999985
6286,262,337.86997205,257.86484155000005
6287,262,251.52786777500006,277.16108774999987
6288,262,218.90095705000022,200.08614582499993
6289,263,187.8512224750001,166.36422822499992
6290,263,163.134082975,229.04766699999993
6291,263,173.70441054999995,184.92004187499992
6292,263,165.56266465000016,165.33796870000003
6293,263,186.21373867500023,211.43955149999988
6294,263,233.38455084999998,223.8260960249999
6295,263,259.9071923749999,189.5556804750001
6296,263,255.8660607500004,216.92692359999995
6297,263,251.332071575,304.9286923499998
6298,263,276.3428382000001,301.481277075
6299,263,312.1729042250001,355.3738194250001
6300,263,313.93116905000016,307.49276382499966
6301,263,301.07379932500027,331.2175619
6302,263,328.9951849000005,325.45255072500004
6303,263,298.5508702500001,401.7031449749998
6304,263,337.9761750250003,422.4935838250002
6305,263,353.54014385000016,338.99634149999997
6306,263,338.27446372500003,364.9191383750001
6307,263,280.43846009999993,328.3717555999999
6308,263,338.1247381999999,318.6709804249998
6309,263,290.57911915000005,333.50139997499997
6310,263,307.6082269000002,344.08304549999997
6311,263,292.8064568750001,251.2434176999998
6312,263,264.7439878000001,225.6339531500001
6313,264,224.89456360000008,160.25886222500003
6314,264,177.09557502499985,204.8004565
6315,264,196.32557544999997,177.76983294999997
6316,264,218.68005452499983,210.18384160000005
6317,264,212.81249910000008,226.64448194999983
6318,264,189.22366410000012,226.84243157500003
6319,264,237.7995116999999,238.40313097499973
6320,264,304.3896432750004,234.8397576750001
6321,264,250.07355585000022,285.3510517000001
6322,264,377.4451762750001,278.33759402500016
6323,264,365.22342642499996,313.24782345
6324,264,280.97331747500004,335.5138955999998
6325,264,378.790907025,346.4229128999999
6326,264,410.0413860750007,315.89683129999986
6327,264,361.797772,326.28080754999957
6328,264,388.8391762750003,355.94088299999987
6329,264,379.61071127499974,333.0246272749998
6330,264,375.0435265250002,279.8556564500001
6331,264,354.8367684000001,293.11378952499985
6332,264,305.5918645000001,326.94508887499995
6333,264,370.2059913000004,386.81140360000006
6334,264,338.2035411750003,294.32967484999995
6335,264,332.57139502500024,255.41851137499978
6336,264,198.85110567499993,201.00172517499985
6337,265,218.48123230000027,227.71978352499997
6338,265,181.5797361250001,178.63762062499995
6339,265,197.5992651750003,179.1749878
6340,265,181.61084412500009,182.12497432499995
6341,265,204.8345958,193.34233105
6342,265,256.8590361250001,212.62961997500008
6343,265,232.64910970000014,218.3782719250001
6344,265,228.89419235000017,274.27210822500007
6345,265,293.3523904500001,286.109259125
6346,265,335.1049845000001,351.37485084999986
6347,265,294.43699777500007,345.7197856749998
6348,265,323.3892792249999,298.0497035499999
6349,265,345.3725211250002,229.136611525
6350,265,345.7900086000001,364.3252934499998
6351,265,362.2031398500002,282.83790894999964
6352,265,329.6770347000001,357.8039454499997
6353,265,366.43333152500026,356.25575672499986
6354,265,324.1515139500002,316.3019558249999
6355,265,298.4123912000002,364.60565520000006
6356,265,301.4607914000003,277.4034847250001
6357,265,270.76194250000003,281.8772132749999
6358,265,278.1726091250001,276.73544485
6359,265,243.81193909999985,269.28005694999996
6360,265,176.33056087500012,239.45544667500008
6361,266,171.10376635000006,193.15637162499993
6362,266,192.05378629999996,181.67671907499988
6363,266,141.51997282499997,171.79644289999993
6364,266,166.0957893250001,180.39483582499992
6365,266,167.6658047000002,193.4130975999999
6366,266,169.48473197500013,185.24823232500003
6367,266,180.31634342500018,179.300277725
6368,266,244.47103635000002,182.7951672499999
6369,266,250.4999573500004,207.34091769999984
6370,266,329.19539795000026,283.7552054749999
6371,266,340.59872202500037,308.44657485000005
6372,266,320.4904814250001,322.4603241
6373,266,400.95217267500004,358.91602580000006
6374,266,290.8986986750001,353.26885567500017
6375,266,315.6198064749999,290.98297180000003
6376,266,395.34575907499993,265.12264747499995
6377,266,382.89493764999986,371.34818644999984
6378,266,366.0893026750001,328.777342125
6379,266,362.50947232499993,267.84087627499997
6380,266,363.62174852499993,337.4436675499998
6381,266,310.59409179999994,365.0382550500001
6382,266,259.6569400500002,311.6517198249999
6383,266,215.94393755000002,267.33851547500007
6384,266,215.7601456249999,203.40803947499995
6385,267,219.77421862500012,159.56228912499998
6386,267,209.95612757500004,187.47706387500006
6387,267,175.23231092500004,193.25729029999997
6388,267,205.51731175000032,166.60451709999998
6389,267,240.55471835000003,209.34112139999996
6390,267,173.41828997500002,210.69713844999998
6391,267,263.707463725,243.43682684999987
6392,267,297.80596535000006,344.76185839999994
6393,267,323.40708730000017,303.1295353250001
6394,267,338.0689739000002,348.10204840000006
6395,267,334.6650987999999,332.1600312500001
6396,267,319.5722169999999,286.24634645000003
6397,267,393.97958542500055,344.38865854999983
6398,267,405.67186715000025,307.33085829999993
6399,267,353.1739085250004,316.79847219999994
6400,267,385.576971425,340.638264425
6401,267,457.19315474999974,340.4608169500001
6402,267,409.6944153250001,318.7568856749998
6403,267,355.9424218249999,338.0949106999999
6404,267,379.80978002500007,299.54868390000024
6405,267,322.438938925,295.3045167749999
6406,267,266.152513975,254.88632079999996
6407,267,230.1762273999999,226.37506504999993
6408,267,208.6559006000001,189.684600925
6409,268,159.55203202500005,153.87339247500003
6410,268,220.5680239250002,159.32507639999997
6411,268,231.72670525000035,178.564452425
6412,268,220.0578892250001,174.658110775
6413,268,213.27677282500017,205.13877120000004
6414,268,183.99023242499993,199.40577047499985
6415,268,246.56631384999994,175.29089500000006
6416,268,270.10407525,238.86566492499986
6417,268,281.12641485,266.5097031749999
6418,268,317.72190420000015,406.73943832500004
6419,268,357.1896358500004,401.99788397500004
6420,268,303.5650227499999,261.7469018999999
6421,268,295.1936321000002,321.77059307499997
6422,268,369.75900870000044,312.70745962500007
6423,268,333.9859463250001,334.48065347500005
6424,268,380.06553672500013,238.48875765000003
6425,268,409.43009232500003,315.59731295
6426,268,298.3543624000001,238.04328485000008
6427,268,269.0607174749998,309.72643954999995
6428,268,269.5634992749999,333.5563408250001
6429,268,292.2999823000001,226.5748097499998
6430,268,299.2388678,255.17165419999986
6431,268,267.23697547500007,222.55136019999998
6432,268,207.56594174999998,171.679895225
6433,269,197.56525512500008,150.79088894999995
6434,269,218.37935290000007,171.30466917499993
6435,269,136.13512969999996,171.57781174999994
6436,269,168.60506495,148.67670944999998
6437,269,201.58878749999997,149.78681204999998
6438,269,155.08028582499998,245.44979662500006
6439,269,240.78524505000007,244.63166962499986
6440,269,184.48964572500017,248.71526647499996
6441,269,287.5697275500003,310.24890987499987
6442,269,253.9333874000002,390.1656184499999
6443,269,302.67834800000037,405.38367434999975
6444,269,345.00625770000005,400.45161995
6445,269,338.4572699500003,283.4108491
6446,269,327.6001473250001,333.75516587499976
6447,269,340.51892027500026,305.19793037499994
6448,269,402.7153747750004,314.3440092999999
6449,269,353.5841909500002,325.80816329999993
6450,269,289.26597427499996,306.79310899999996
6451,269,315.5420225999999,281.01413337499986
6452,269,334.27057572500007,274.3226694499999
6453,269,302.3972702500002,312.7658938999999
6454,269,222.2005665499998,306.7182317999998
6455,269,247.35647560000007,238.36575399999992
6456,269,254.77649787500042,204.98205854999998
6457,270,178.5939805000002,220.91354312500002
6458,270,148.42583852500002,163.95046115000008
6459,270,177.0631981500001,173.80888197499996
6460,270,208.56018960000014,189.45570795000003
6461,270,145.83408227500027,186.24369699999997
6462,270,209.2922641250002,214.60217374999988
6463,270,231.7259007500001,311.9418496999999
6464,270,227.90530557500009,297.30765245000003
6465,270,297.50341995000014,289.96951955
6466,270,252.42704814999996,332.0204467500001
6467,270,337.5857827000001,324.93724897499993
6468,270,306.822081825,307.8548764249998
6469,270,354.8410968500002,332.481572375
6470,270,311.69378862500014,345.0220697
6471,270,418.2914592000004,390.862612075
6472,270,369.1725391000001,298.36348892499996
6473,270,268.3695947000001,354.07429899999977
6474,270,311.35235375000013,297.1990020499999
6475,270,298.4265533250002,345.6684774499999
6476,270,305.1047733500001,369.31911222499986
6477,270,273.44146965000004,338.7754081249999
6478,270,248.3749894750001,313.010465075
6479,270,266.4591428000001,241.80967687500004
6480,270,277.02570110000033,189.90299282499993
6481,271,177.06910780000013,171.39446112500008
6482,271,148.26102779999997,166.47845202499997
6483,271,171.94872227500002,196.71248057500003
6484,271,171.30227050000002,185.14441202499995
6485,271,197.18783447499987,166.12793269999997
6486,271,189.10411980000015,219.04072459999995
6487,271,190.0320352749999,251.3982860999999
6488,271,265.14869542500014,231.71986052500017
6489,271,275.7148439500002,239.20814119999986
6490,271,303.5062340250001,348.4709601999999
6491,271,243.97651632500003,345.512283725
6492,271,275.454378075,338.12118045
6493,271,277.72946727500016,319.81313680000005
6494,271,328.31565887500005,283.64832757499994
6495,271,320.0394988500002,274.3161882249998
6496,271,354.5494651250002,333.8143032750001
6497,271,338.6829614750003,391.5076460250001
6498,271,318.0065766999999,363.7256814500001
6499,271,288.38975795000005,334.12375469999995
6500,271,323.98573082500013,219.00344042499995
6501,271,314.28281075000007,289.6228773250001
6502,271,247.609722575,245.5984127249999
6503,271,220.5005524750001,241.44349197499994
6504,271,207.618095225,197.6907710499999
6505,272,191.69348372500002,172.33119527499997
6506,272,185.58758160000008,165.45292185000002
6507,272,201.13068505000007,159.881802
6508,272,184.000650475,177.37971772499995
6509,272,174.23805040000025,174.45311137499996
6510,272,184.4353614000001,207.706438525
6511,272,187.73789499999992,220.33187880000008
6512,272,216.5805020999999,243.79883192500006
6513,272,220.50803235,273.4526645499999
6514,272,230.0200209249998,256.1814273499999
6515,272,265.06817132500026,341.46287567499996
6516,272,223.11958532500023,310.2351378999999
6517,272,300.065012325,318.4213879
6518,272,296.8586007,325.1487568749998
6519,272,283.31970125000015,314.286351525
6520,272,262.1209590499999,299.56440860000015
6521,272,345.245355875,314.38894925000005
6522,272,250.6545369500003,281.6791010999998
6523,272,271.27655522500004,284.52393684999987
6524,272,295.7485330499999,368.0312572249999
6525,272,340.8889521250002,329.8528459500001
6526,272,222.1401737000001,256.0864865249999
6527,272,230.71632112499987,268.8097604249999
6528,272,211.52563234999988,178.02683752499996
6529,273,170.42444860000015,137.40299919999995
6530,273,168.1810192000001,172.8015742249999
6531,273,207.31333840000008,198.79941444999992
6532,273,186.83583892499996,163.64414562499985
6533,273,173.6691686000001,210.11155137499998
6534,273,198.5471195000001,177.3411716999999
6535,273,210.14204402500005,219.7461705749999
6536,273,274.858623875,222.45196089999976
6537,273,326.6059531250001,247.06509570000011
6538,273,292.1229487250001,217.187022775
6539,273,275.0278397000002,322.774939075
6540,273,323.65223900000035,415.1835933499999
6541,273,329.4901978249999,279.5829216749998
6542,273,352.73386270000026,306.101242325
6543,273,310.4630028500001,330.9167501249999
6544,273,308.38570555000035,388.5078164499997
6545,273,324.82838082499984,377.7084820250002
6546,273,313.08152420000044,328.056043575
6547,273,302.57740632500025,346.6429484749999
6548,273,349.5437315000003,281.81252055
6549,273,272.6595873750002,347.64549754999985
6550,273,284.99165459999995,240.925844125
6551,273,214.12428729999988,236.374308275
6552,273,216.5649344750001,208.457559575
6553,274,161.50914297500006,175.05551295000004
6554,274,163.22634505,160.887003025
6555,274,176.10906402499998,141.88616932500003
6556,274,171.77559165000017,160.52402132499992
6557,274,197.50989980000003,178.3457784
6558,274,204.81063110000017,229.55413075
6559,274,219.1793856,234.25377404999998
6560,274,254.7405454000002,219.80392827500003
6561,274,252.3501990999999,216.32822897499983
6562,274,300.42428477500016,279.2411494500002
6563,274,454.6784992750001,328.9033029
6564,274,378.6875537250001,430.3667824
6565,274,366.1170140500001,352.5956639000001
6566,274,336.191686325,413.09714717500003
6567,274,362.971760025,382.56444274999996
6568,274,429.23582522499987,489.16577629999983
6569,274,489.78475320000007,502.76436242499994
6570,274,407.30921597500003,455.79723539999975
6571,274,382.2098469250004,400.09071635
6572,274,337.7443689250003,405.8562021
6573,274,364.61702552500003,411.74508227499996
6574,274,291.189559325,268.00887079999995
6575,274,235.19136830000002,244.25496652499993
6576,274,227.0846990000001,200.61741574999996
6577,275,231.68825959999998,211.1488173249999
6578,275,203.22609175000008,181.61557352499992
6579,275,190.00376900000035,158.28600584999995
6580,275,178.47854175000015,236.84660107500008
6581,275,181.9441289,159.64269345000002
6582,275,217.03542132500004,199.45260539999987
6583,275,259.8994991250001,205.09350772500005
6584,275,341.4420863499999,285.0405576249999
6585,275,325.29490980000014,298.2608715749999
6586,275,307.08321445000024,288.2226994249998
6587,275,310.1161723500003,387.01119497499974
6588,275,364.16558940000016,363.207405475
6589,275,378.9471736999999,470.8750834250001
6590,275,319.30972069999996,395.37387004999994
6591,275,434.3111136000002,475.6808599499999
6592,275,479.55833534999977,430.65718352499994
6593,275,382.3204873000002,404.9443047999999
6594,275,334.7234742999997,323.35606187499985
6595,275,331.7159723000002,314.0746490749998
6596,275,314.3388856500004,371.74744584999985
6597,275,310.3756172000002,401.85784724999996
6598,275,310.41154377500004,320.04958487500016
6599,275,256.1106672250001,284.65330637499994
6600,275,214.43577570000025,167.7305400249998
6601,276,178.9565043,181.33203172499998
6602,276,176.06573730000002,193.559508475
6603,276,190.5721828000002,159.57222952499995
6604,276,198.494619575,202.8358284
6605,276,214.76221350000003,177.63092047499998
6606,276,224.82470722500005,235.0469847
6607,276,291.2539602,230.75258907499997
6608,276,290.5160748000004,268.94194722499986
6609,276,273.71573334999994,336.1744141249999
6610,276,352.41204762499996,375.6614092499998
6611,276,330.50460020000014,355.1712249749999
6612,276,329.6174318250001,307.7159846499998
6613,276,457.04949760000045,349.36057222500006
6614,276,444.9683352500001,332.660510025
6615,276,347.0658501249999,426.8067553000001
6616,276,311.7435221249998,327.0350744499999
6617,276,372.21343680000035,296.92701124999996
6618,276,308.01935937500025,350.38299437500007
6619,276,292.85562307500027,357.18395512499967
6620,276,317.85032775,395.47810320000013
6621,276,363.64518279999993,251.84960845
6622,276,293.0507633750003,247.1994319499999
6623,276,215.78767217500004,292.46931425
6624,276,196.9020555500001,273.873340825
6625,277,223.08931782500014,188.82445510000005
6626,277,178.50298834999992,171.30312884999995
6627,277,168.6149097,215.95358654999995
6628,277,171.30419437500004,181.71718985
6629,277,201.736593175,178.5036078
6630,277,191.20460072500003,187.0697154249999
6631,277,277.1003651000001,261.52057544999985
6632,277,287.3995968750001,240.52007715000005
6633,277,315.765185125,231.87713987500004
6634,277,322.92789677500014,260.4042278
6635,277,355.38770939999995,314.0954449999999
6636,277,389.1668978250001,320.2951413999999
6637,277,355.7046290500002,289.08164072499994
6638,277,317.96512065,388.16881075000003
6639,277,308.19588580000004,312.4629420249999
6640,277,348.94500447500036,361.70033112500005
6641,277,251.1309925,359.657913175
6642,277,345.27522025000013,227.58699732499986
6643,277,330.90077437500037,329.66903964999983
6644,277,262.8687375,330.6377695749999
6645,277,267.7363085750001,306.0739469750001
6646,277,274.8736823750004,264.1450269250001
6647,277,207.0195295250001,265.3898120749999
6648,277,182.96346377499998,251.32928007499993
6649,278,168.92788687500013,164.80032677499997
6650,278,183.1920842000001,159.6879282999999
6651,278,199.96997892500002,151.87786082500003
6652,278,200.30288330000008,136.68729282499993
6653,278,181.40165720000033,198.20998647499994
6654,278,195.25568404999984,220.44503439999994
6655,278,223.18647897500009,207.00298684999993
6656,278,303.04298507500016,242.0407926999999
6657,278,286.73859925,265.29399299999983
6658,278,272.842633875,297.20705194999994
6659,278,267.133408525,325.6280092500001
6660,278,302.82089014999997,311.71861095
6661,278,211.8571654999999,235.24120079999986
6662,278,243.74315052499998,264.18118882499994
6663,278,315.15344470000014,302.2927310749999
6664,278,270.12614735,339.67714390000015
6665,278,285.87449129999993,291.60850839999995
6666,278,279.32753842500006,330.3376560499999
6667,278,329.8289502,241.69439227499987
6668,278,311.00972297500056,317.14640962499976
6669,278,272.8883869250002,238.18496532499998
6670,278,274.54871830000025,252.41254522499986
6671,278,220.60939557499998,251.26494124999988
6672,278,151.90004724999991,239.92010642499991
6673,279,183.28959017500011,175.14507272499998
6674,279,177.69861830000002,160.57879735
6675,279,169.89692942500005,161.86351944999998
6676,279,163.53465975000003,135.40803622499996
6677,279,149.34486975000004,160.43751649999993
6678,279,200.22070342500012,218.71328212499992
6679,279,206.31259775000004,213.68927252499992
6680,279,211.4705585750001,280.426060475
6681,279,253.16616660000034,275.59081284999996
6682,279,270.85894592500034,283.86157702499986
6683,279,278.58701270000006,245.31011040000007
6684,279,244.19223635,333.9585766249998
6685,279,229.84155460000017,320.0083505
6686,279,251.0372176750003,271.0232003
6687,279,262.9931505250002,309.13577630000003
6688,279,275.50806852500034,335.08005635000006
6689,279,265.7011342,326.1571044499998
6690,279,287.671146,263.5430207249999
6691,279,251.90276870000008,245.3663639250001
6692,279,246.38591247500028,279.7285226
6693,279,258.8365373250006,274.26757604999995
6694,279,305.4149099749999,267.16078849999985
6695,279,235.028419525,224.38632044999997
6696,279,169.7606462,179.73095024999998
6697,280,140.53773420000002,117.13305357499999
6698,280,177.22044542500004,140.95836835000003
6699,280,135.823584775,133.57810439999997
6700,280,144.54341624999998,148.62755847500006
6701,280,140.29480657500014,135.39529769999993
6702,280,166.1621088750001,178.29686475000005
6703,280,190.04156219999982,190.00422452499998
6704,280,234.24866942500017,224.71533022500006
6705,280,271.1399621250001,236.3924929749998
6706,280,208.53263165000016,238.35815300000007
6707,280,300.90551095000006,293.1007776999999
6708,280,255.56993655000008,249.04449572500016
6709,280,283.8503705250001,228.97601532499982
6710,280,257.09689845,307.72163002499997
6711,280,263.52950817499993,328.39618579999996
6712,280,381.4903711000001,283.172384575
6713,280,263.90497795000005,271.76354274999994
6714,280,243.7357029500002,218.34321950000006
6715,280,243.5460958249999,258.2876629000001
6716,280,239.45247005000041,270.42260480000004
6717,280,260.6503459750003,238.1170975249999
6718,280,165.00116459999992,233.87842487500006
6719,280,205.13444645000015,212.641420925
6720,280,153.447512125,177.882757025
6721,281,179.62951765,170.92368812499996
6722,281,204.07258167500004,130.65299265000002
6723,281,144.67777622500006,178.3292357
6724,281,140.66433842499995,160.07784515000006
6725,281,206.53093990000002,182.65165819999993
6726,281,224.3023450000001,216.60816032500006
6727,281,243.4564037500001,227.180250575
6728,281,248.54781915000012,263.07047149999994
6729,281,285.146147525,276.329585075
6730,281,291.2966730000003,288.8890571499999
6731,281,269.3142090500004,283.70279422500005
6732,281,309.14119945000004,348.05434357499985
6733,281,316.27692822500035,418.33796262500005
6734,281,272.51973189999984,401.9458901499999
6735,281,352.5402442500002,381.76333975000006
6736,281,253.47522467500028,348.14336334999996
6737,281,350.7166785500002,303.6026242750001
6738,281,256.49787582500005,314.66985675000006
6739,281,219.48447247500013,263.54175754999994
6740,281,233.40502402500016,351.7019308250001
6741,281,294.8060221499999,267.2715916249999
6742,281,231.78193012500014,322.9475862999998
6743,281,197.32495070000004,212.95289304999983
6744,281,177.6034619000001,145.715680125
6745,282,144.2923154,158.88763524999985
6746,282,165.66120120000016,140.40592017499998
6747,282,162.46849807500004,122.3127112249999
6748,282,162.02180537500004,171.011342275
6749,282,213.127904875,201.12265902499996
6750,282,236.00106705000027,205.01918764999982
6751,282,270.4528667750007,257.02352874999997
6752,282,225.3623878250002,279.8105084
6753,282,266.84645347500066,359.94787989999986
6754,282,240.21896715000037,293.732476075
6755,282,293.47673677500006,281.07665614999996
6756,282,347.8726227500001,321.90969359999997
6757,282,311.0921259250001,366.09287344999984
6758,282,275.6045251750001,308.8797144250001
6759,282,321.3224309750003,322.2961557750001
6760,282,298.6045439750001,329.27755575
6761,282,299.04220970000006,320.43708375
6762,282,288.5149581250001,330.308861625
6763,282,323.94019660000004,249.8713588750001
6764,282,266.66369095000005,261.6648028500001
6765,282,245.46351590000003,262.42484957500005
6766,282,230.77331940000028,229.6545519750001
6767,282,208.52990505000008,195.166609525
6768,282,173.81970180000008,204.17317144999993
6769,283,146.167708825,137.7313754999999
6770,283,146.4724888250002,170.96729
6771,283,175.7400466500001,203.19681879999985
6772,283,137.16589415000007,138.89345232499997
6773,283,146.1112332500001,165.06724552499998
6774,283,207.7431334500002,174.97791139999993
6775,283,241.73718682499987,207.43022080000011
6776,283,273.8376530750002,205.605013075
6777,283,271.3942649250001,284.70821429999984
6778,283,304.89650157500023,253.43907137500008
6779,283,266.9682502750004,326.79189662499977
6780,283,282.599971525,329.8915366750001
6781,283,269.08243874999994,287.70831934999995
6782,283,312.087555825,312.6870825499998
6783,283,346.55790777500033,280.38742365000013
6784,283,268.61751675000005,249.02033849999992
6785,283,236.93797945,285.2414977499998
6786,283,247.3345637999999,264.30801082500017
6787,283,253.532244225,242.84512447499998
6788,283,270.02121632500007,276.52777779999985
6789,283,281.36598487500004,262.4093359
6790,283,261.75966077500004,253.62182697499975
6791,283,196.58826205000003,211.86216887499992
6792,283,181.08075835000022,206.0737654999999
6793,284,204.83951235000006,191.50854694999992
6794,284,155.87908945000004,137.09475582499996
6795,284,197.96996202500003,153.101655925
6796,284,169.25173845000003,160.77122985
6797,284,155.02265972500012,145.41680187499998
6798,284,232.36380285000013,174.01604620000003
6799,284,220.6007302750002,227.00596214999985
6800,284,264.9354462500001,289.06684335
6801,284,266.19687742500014,266.2286865
6802,284,308.7662039750003,243.8886864249999
6803,284,334.0714601750001,345.45543180000004
6804,284,284.26479162500067,350.75193795000007
6805,284,277.60880625000016,234.22810912499995
6806,284,201.15564237500016,260.19754092500017
6807,284,255.52599477500019,275.1513544000002
6808,284,205.1959532750002,251.98280077500007
6809,284,235.8042605250002,257.15525917499997
6810,284,273.66471442500017,294.4647656750001
6811,284,254.19272397499995,271.36813252499985
6812,284,213.52126997499997,315.569989525
6813,284,277.54258114999993,251.39639989999995
6814,284,259.0271369750003,214.61916109999987
6815,284,222.46860120000014,250.55942929999992
6816,284,196.92674117500002,204.3956829
6817,285,206.28292387500008,172.0851243249999
6818,285,206.03467145000025,192.58828305
6819,285,219.49513242500015,188.04718712499994
6820,285,145.1431302500001,177.29070162499997
6821,285,207.96655747500017,157.14945137499996
6822,285,294.41465777500025,196.73448374999998
6823,285,272.78036765000047,191.9603028499999
6824,285,193.74574317499983,230.58630034999993
6825,285,204.274551475,373.1835987499998
6826,285,280.44674002500005,326.67581870000004
6827,285,293.92185240000015,339.7099484999999
6828,285,292.4356543500003,206.41019857499992
6829,285,248.96962595000002,242.09498804999998
6830,285,249.7994369499999,254.25500729999993
6831,285,309.340499075,215.455832075
6832,285,250.13622742500013,183.2863526999998
6833,285,250.64966077500017,254.39828102500005
6834,285,234.41658385000008,236.44829947499994
6835,285,204.36816284999992,253.31491194999984
6836,285,251.47556830000002,298.947964675
6837,285,228.6576689250001,337.63207799999986
6838,285,203.3125616999999,284.8083564500001
6839,285,202.32661407499984,224.93806237500007
6840,285,200.85683642500013,203.81815875
6841,286,191.95853497500008,213.46359694999998
6842,286,190.3664172,187.2891327499999
6843,286,175.60869760000008,139.93268882500004
6844,286,185.6216672000001,158.79368214999994
6845,286,175.25864045000003,184.90397512499993
6846,286,220.4487617250001,161.49757400000004
6847,286,210.32823164999988,218.66973085000006
6848,286,209.0017825750002,236.86195609999993
6849,286,221.73675537500003,201.93390330000008
6850,286,260.73961475000016,242.32327662499978
6851,286,222.41711460000005,282.5504600249999
6852,286,234.80673460000003,260.20916059999985
6853,286,263.558012575,283.2736656750001
6854,286,258.76633877500007,279.1801720499999
6855,286,243.10993107500005,240.74847532499984
6856,286,241.01796077500006,182.009323825
6857,286,216.8921433750001,224.53015505000002
6858,286,232.94486525000002,215.51336392499988
6859,286,229.44472964999994,227.0725694249999
6860,286,260.7210031000002,259.7953735750001
6861,286,275.1074946000004,192.51039325
6862,286,214.34072192500003,239.73083764999996
6863,286,258.93283845000036,249.84427979999984
6864,286,184.74677670000023,171.64851365000004
6865,287,261.0804380000002,139.67152102499998
6866,287,176.99310169999995,161.87928484999995
6867,287,169.97040530000007,194.47083197499992
6868,287,151.55860740000003,157.65757525
6869,287,130.54610255000009,135.51854604999997
6870,287,195.34968512500018,226.164691975
6871,287,215.56217880000014,186.48906242499996
6872,287,226.08657837500053,235.85726752499994
6873,287,226.58187430000004,275.44942275
6874,287,247.59639460000034,341.0403037000001
6875,287,263.92436502500004,252.8579752249998
6876,287,255.75105487500048,320.5937795
6877,287,266.29005512500004,249.69053770000005
6878,287,213.70957262500025,278.989299275
6879,287,265.4519424500001,292.15630667500005
6880,287,232.00951667500004,237.147648525
6881,287,303.1528339750001,253.78596794999999
6882,287,276.7091675750002,254.7460296999999
6883,287,279.0396282750001,274.80554400000005
6884,287,226.7432541500001,273.8048047
6885,287,264.1568724500002,237.6653547499999
6886,287,202.67728157499994,218.32325852500009
6887,287,215.75830447500022,192.3405085
6888,287,190.59507892499994,209.0922831749999
6889,288,151.3978766750001,161.64526590000003
6890,288,116.70923945000007,141.00951397499995
6891,288,162.39547287500002,191.79872077499988
6892,288,152.3997913000001,183.60546344999995
6893,288,171.2519312500001,174.04436100000004
6894,288,189.187554675,207.16750212499988
6895,288,228.02664259999997,229.8017013499999
6896,288,260.8098993500002,279.801817275
6897,288,280.343814475,251.40550140000005
6898,288,287.2006934000002,290.5573661000001
6899,288,297.3494820499999,210.73216530000002
6900,288,279.19297175000037,230.88977550000004
6901,288,352.5757993250003,315.083253025
6902,288,267.91965910000016,340.4335854
6903,288,327.77973480000014,366.78201845
6904,288,415.8379717250001,328.3951279999999
6905,288,367.3248126249999,347.79882145
6906,288,315.73569627500035,268.226581825
6907,288,298.36397700000003,337.9904995999999
6908,288,283.8117640500001,237.32271932499998
6909,288,287.9413477500002,267.4434358999999
6910,288,313.2738651000002,213.18614749999983
6911,288,272.80672327500014,214.4785579749999
6912,288,195.471625375,149.56662099999997
6913,289,158.35403672500004,161.13668072500002
6914,289,189.15833612500023,132.06867565
6915,289,158.17745277500026,169.59966034999997
6916,289,136.9361679,179.98163459999995
6917,289,186.32336965000005,157.23046152499995
6918,289,193.87972807499995,250.16099574999996
6919,289,207.69475885000003,239.92437667500002
6920,289,307.37351595,229.23264005
6921,289,270.3064714,309.38259417499984
6922,289,257.51227235,292.9468128749998
6923,289,290.9634767250002,320.16557350000005
6924,289,272.4425771250001,286.7447091749998
6925,289,336.20131192500014,313.23595917499995
6926,289,312.89705890000033,336.22645694999994
6927,289,304.892576275,290.3854506499998
6928,289,299.0214272500001,330.52196432500017
6929,289,293.88281640000014,328.4869691000001
6930,289,363.76209655000036,305.6470831249999
6931,289,309.6346596000002,318.6817885500001
6932,289,243.7362174000001,228.46331754999994
6933,289,275.4830470500002,250.12693474999992
6934,289,286.34175432499995,285.23691792499983
6935,289,245.49750840000019,248.42089379999996
6936,289,239.96754272500021,166.7831989999999
6937,290,155.6978644750002,168.34808894999995
6938,290,186.52228832500015,189.25208259999985
6939,290,190.4633963999999,178.4161482
6940,290,153.45255889999999,141.80775692500004
6941,290,187.26931067500033,161.74026595000007
6942,290,163.09284127499993,212.0924699249999
6943,290,195.66041272500007,197.00957462499997
6944,290,243.65794195,227.794491375
6945,290,245.14268917500004,264.0412922500001
6946,290,298.3198638000001,278.5131604249999
6947,290,322.1423526000003,340.477645875
6948,290,298.7832974,286.28402074999997
6949,290,320.21840342500025,332.01930112499997
6950,290,390.5731765000003,406.607649625
6951,290,317.6770193499999,363.0658627750001
6952,290,333.44197377499984,318.10833055
6953,290,398.2353260000001,279.22621784999984
6954,290,309.34057695,305.49765432499987
6955,290,304.44992560000037,341.16270754999994
6956,290,324.06384165000054,232.3279570499999
6957,290,311.52427677500015,249.89242972500006
6958,290,315.6977240750007,257.81032222500005
6959,290,266.16796460000023,206.5846342750001
6960,290,196.1929656000001,228.525932325
6961,291,166.1783018000002,174.9245932249999
6962,291,196.80259730000006,149.15458440000003
6963,291,185.68592235000017,161.7312173499999
6964,291,180.2676385750001,199.50386859999992
6965,291,208.64905852500016,178.32315945
6966,291,224.71470934999996,188.3467317
6967,291,246.48861750000003,210.163005375
6968,291,270.07577472499986,281.0638606749999
6969,291,276.6228375000002,299.48519104999986
6970,291,298.26285765,259.3259974000001
6971,291,404.23736927500033,281.781064475
6972,291,348.2022664,226.47457290000006
6973,291,287.0065933000002,351.49026424999965
6974,291,304.8686716500001,338.23326522499997
6975,291,243.71978545000024,323.2802666749998
6976,291,332.5722660250006,334.686482525
6977,291,306.74615025,292.2016357249999
6978,291,306.53706250000005,278.537891175
6979,291,302.0364976750003,263.96588607499984
6980,291,357.59150812500013,289.99607104999995
6981,291,309.7623372250001,324.53572712500005
6982,291,239.56509467500024,271.27249422499983
6983,291,248.52815805000006,204.09167569999997
6984,291,227.70891952500003,243.95300599999996
6985,292,162.1662439250002,218.08812540000005
6986,292,153.1710252000001,182.93603462499993
6987,292,196.03768559999997,199.75484647500002
6988,292,190.13549585000015,214.77111799999994
6989,292,173.75306832499996,208.69997419999987
6990,292,215.22067960000004,248.18295967499992
6991,292,183.13963702499996,188.15560440000002
6992,292,250.26813500000014,195.68027345000002
6993,292,211.87533357500007,241.98252765
6994,292,335.0331937750002,252.74634494999984
6995,292,288.9448309500003,276.5496821249999
6996,292,321.8722676500001,274.59994405000003
6997,292,340.59683925000013,307.18714707499987
6998,292,349.49005157500005,349.3744928749999
6999,292,320.7146251500003,387.8684531499998
7000,292,344.16375092499993,421.7808192750001
7001,292,287.91870962500025,303.017836975
7002,292,290.68372802499994,249.40214027500008
7003,292,245.44815692500003,279.25161497500005
7004,292,301.265495975,265.50412005
7005,292,275.97518790000026,281.2308888749999
7006,292,188.8647208499999,248.27504719999982
7007,292,176.83187049999992,239.14994885
7008,292,177.85406204999992,211.69452280000007
7009,293,173.82647217500005,188.5493822749999
7010,293,187.72914509999998,170.10460077499997
7011,293,192.20643035000012,178.55939312499999
7012,293,122.52851065000003,136.0377563749999
7013,293,129.698401625,169.98747105
7014,293,204.71453295000015,216.15867969999988
7015,293,217.86569837500002,222.716938025
7016,293,311.1456296500005,208.05932759999988
7017,293,274.3809474750004,242.1435346
7018,293,370.28165285,255.6934160250001
7019,293,260.5893809749999,324.79388289999986
7020,293,278.37402462499995,327.22827915000005
7021,293,256.7565275999999,242.81218547500004
7022,293,232.82843852500028,362.0923832249997
7023,293,225.5129296499999,256.7767646
7024,293,228.03284452499997,298.61152125000007
7025,293,233.41815145,269.7909166499999
7026,293,218.8286432999999,205.52476542499988
7027,293,240.8568474,286.06449162499996
7028,293,226.3774031750001,214.60874714999994
7029,293,268.1183909500004,230.84800752500007
7030,293,221.79437309999997,246.67279017500005
7031,293,176.49993207500006,176.69719442499996
7032,293,152.77347990000015,145.9373517499999
7033,294,187.48023375000014,218.214824025
7034,294,150.60188115000014,172.62432032499993
7035,294,141.73656360000007,162.66831302499997
7036,294,179.8687214750001,138.53142259999996
7037,294,167.54958515000007,200.29465812499978
7038,294,203.98171137500006,184.88404985
7039,294,185.36625740000002,212.55980269999998
7040,294,228.0048726000001,204.30748345000003
7041,294,216.964766375,180.86903962500003
7042,294,271.233277725,224.8956185250001
7043,294,302.2723042499998,255.40302852500008
7044,294,251.95615270000002,253.21027405000007
7045,294,251.45265260000008,308.31090192499994
7046,294,251.03756957500016,270.2765399500001
7047,294,170.12930112499998,251.41954992499979
7048,294,239.38166679999998,280.6080299749999
7049,294,233.72153487500003,229.00396457499988
7050,294,256.712527525,237.08372284999984
7051,294,232.3180521750002,224.00598567499998
7052,294,265.0793440000002,245.05807187500002
7053,294,223.6946411250002,193.886956225
7054,294,224.89566947499986,206.5967566
7055,294,201.70176155000001,207.64646905
7056,294,200.82733002500012,180.37602107499987
7057,295,174.78248472500005,160.3364166
7058,295,183.3660488750001,114.16034864999997
7059,295,162.2815394000001,140.25590812500002
7060,295,135.95769152500014,147.71079345
7061,295,155.40219622500007,162.88843922499996
7062,295,196.28041467500003,176.3150442
7063,295,201.4570177000001,209.0649597499998
7064,295,198.12372527499994,241.84502209999997
7065,295,245.4405858249999,274.7364385749999
7066,295,274.2704941750003,251.98858322499996
7067,295,258.78425915000014,249.91681262499986
7068,295,202.2216614000001,313.83916079999995
7069,295,199.753109425,285.98118347499997
7070,295,290.5197316749999,280.24660597499997
7071,295,308.2316165750001,210.51655077499998
7072,295,313.93368447500006,217.60150030000003
7073,295,290.4415496500003,275.70531329999983
7074,295,300.2208267000002,304.345708175
7075,295,328.3166626000004,312.98068824999984
7076,295,215.20584917500014,276.9184458
7077,295,249.42222910000012,304.5277792500001
7078,295,304.4491705250002,229.4842617999998
7079,295,256.11566892499997,182.30943310000004
7080,295,218.34120392500006,143.445851625
7081,296,154.187311025,148.43007782499996
7082,296,134.53969087499996,156.43266077499993
7083,296,154.54396512500006,179.32364580000007
7084,296,190.28783227500014,176.99171072500002
7085,296,182.92239402500007,185.58085965000004
7086,296,194.44611757499993,153.86977759999996
7087,296,234.4022298500002,190.4470702499999
7088,296,273.56624354999997,230.36086879999993
7089,296,333.36953190000054,257.1320652999997
7090,296,274.40685455000016,296.5335318749998
7091,296,276.0016459750001,238.4935928750002
7092,296,245.5230381749999,232.67198815
7093,296,311.34115040000006,191.57475070000004
7094,296,296.59146362500024,198.92868785000005
7095,296,283.23859577500025,211.6286367499998
7096,296,300.3370530750002,232.353348575
7097,296,267.1369864,269.66092597499994
7098,296,269.5385720500001,230.425787825
7099,296,286.0087160250001,225.42412037499983
7100,296,244.78731000000016,287.6059714999999
7101,296,233.90117985000015,247.92326194999995
7102,296,278.9392500250001,218.18237397499996
7103,296,175.16597885,246.45615287500004
7104,296,228.20825394999994,193.63334754999994
7105,297,145.07976932500003,156.6368766
7106,297,157.7385229,161.13674055000007
7107,297,146.6936228250001,159.7809468749999
7108,297,140.79569579999998,166.66230987499986
7109,297,163.59969510000016,184.78749514999993
7110,297,226.8372342750002,194.86665512499997
7111,297,197.28290832500005,210.78723502500003
7112,297,235.87566995000014,226.0252679750001
7113,297,258.2163059500002,318.68798294999976
7114,297,257.363327175,331.4329306249998
7115,297,274.13415272500015,281.7352688250001
7116,297,259.54546250000004,362.2907852750001
7117,297,239.3124463000002,299.981406425
7118,297,232.63353687500023,198.63035915000017
7119,297,228.83586760000014,264.045339575
7120,297,226.6248336250001,274.9041197749999
7121,297,231.6623917500001,276.53130805
7122,297,253.66452467500005,279.4359457499999
7123,297,271.2920809000001,219.58978979999995
7124,297,213.108251525,235.58500172500004
7125,297,260.1305471000002,243.07360915000004
7126,297,271.33548505000044,248.31263812500018
7127,297,206.3241100750001,218.47232579999996
7128,297,201.57271884999997,181.99743002499991
7129,298,190.66160667499997,163.68019274999997
7130,298,163.30122122500006,145.43231209999993
7131,298,170.92563997500002,185.4815456249999
7132,298,135.44147322500018,145.44239887499992
7133,298,185.01365920000012,163.96054427500002
7134,298,198.1889151250001,179.3889396749999
7135,298,248.48006999999987,220.48269067500001
7136,298,219.61068597500025,255.87421772499994
7137,298,278.89407567500007,316.0979478249999
7138,298,222.2607686,288.7995674499997
7139,298,267.88145264999986,353.5202493500001
7140,298,286.2861332750001,343.1490338999999
7141,298,320.5660401500001,316.8424927750001
7142,298,214.8669876500001,256.95785169999994
7143,298,254.717628525,314.34399834999994
7144,298,272.66013680000015,253.60609562499997
7145,298,256.0096984500001,234.64494867500002
7146,298,221.74934382500004,220.5618466749999
7147,298,224.35847359999988,284.4002280749998
7148,298,246.71610602500022,291.31835197499987
7149,298,272.9563268,212.17456707499997
7150,298,224.56906009999994,214.75960092500003
7151,298,216.12272855000003,222.77063947500002
7152,298,189.62989197500005,156.40319874999997
7153,299,202.87519357499997,133.39348264999998
7154,299,141.00368020000008,172.835257875
7155,299,151.16981680000015,191.295758175
7156,299,173.82830830000006,173.42407837499997
7157,299,158.5642585999999,143.47684407500003
7158,299,216.10660537499996,190.27912160000005
7159,299,159.93873412499988,243.62926587499987
7160,299,195.54520612499996,195.92145894999982
7161,299,278.4803932500003,245.42658777499997
7162,299,339.43005072500046,312.17101452500003
7163,299,353.82901460000016,365.7904074249999
7164,299,275.5513585000003,352.40341810000007
7165,299,278.5292040250001,302.1132070499999
7166,299,287.8666837750002,258.74300647499996
7167,299,208.74829565000016,212.488049475
7168,299,261.43601775000036,216.9575587499999
7169,299,255.06829565000027,207.641739975
7170,299,263.6728124250001,236.63315447499997
7171,299,282.924482925,292.0988746499999
7172,299,284.4087900249999,281.12906982499993
7173,299,214.9921109,299.3693887999998
7174,299,213.65688935,228.6586987000001
7175,299,148.51279867500006,212.52019942499993
7176,299,163.29554780000012,156.78732907499997
7177,300,136.46094850000011,192.43829365000008
7178,300,129.04287977500007,186.704882
7179,300,143.80625325000003,193.42838374999994
7180,300,117.75879837500005,211.657220075
7181,300,151.79359607499998,258.484827475
7182,300,178.25684842500013,201.70440767499997
7183,300,266.59681032500026,208.65255190000002
7184,300,259.84296989999996,221.4043649249999
7185,300,250.30730110000022,240.8304780249999
7186,300,311.7190637500006,211.2602622499998
7187,300,259.8721195750001,306.7866443250001
7188,300,226.65461367499992,253.096196175
7189,300,323.0180281250001,233.19642447499993
7190,300,287.02628577500013,185.17734344999988
7191,300,235.42713515000003,243.39887197500002
7192,300,251.62989467499986,250.33249332499997
7193,300,227.67615450000028,242.94650900000002
7194,300,256.0291921750002,213.08184784999986
7195,300,250.6931079499999,220.68226322499984
7196,300,263.2292243000003,270.2467708749998
7197,300,174.44560237500008,284.30400752499986
7198,300,170.35718202500016,223.95046067499993
7199,300,196.62126660000007,167.10493007500003
7200,300,189.25553955000004,192.21183754999987
7201,301,179.63687122499994,164.50475152500002
7202,301,128.6229696750001,133.00961749999993
7203,301,135.550196625,170.09182977499995
7204,301,172.577200575,186.77390824999998
7205,301,165.29021815000004,155.39736014999994
7206,301,160.92439087500009,185.27329234999996
7207,301,189.65638470000016,163.188928675
7208,301,212.43143024999986,243.8995247749999
7209,301,240.56492407500014,232.5295697749999
7210,301,274.1961450000001,251.88283814999983
7211,301,249.58974319999993,275.4899800499998
7212,301,259.15183805,229.55821482499994
7213,301,225.0556342500002,257.9708278000001
7214,301,246.26191305000006,200.88941850000003
7215,301,186.8984733250001,227.35629977499997
7216,301,261.19173580000023,299.8002797749999
7217,301,241.5214296500002,257.0712714749998
7218,301,243.3200195,298.90473202500004
7219,301,228.6344184,266.6901653999997
7220,301,236.58658705000028,232.4255909000001
7221,301,199.03825967500023,223.05005260000001
7222,301,210.9794339500002,194.42739914999984
7223,301,254.80076600000007,216.89910089999992
7224,301,191.66284879999998,196.966016375
7225,302,149.88893605000007,152.77063937499992
7226,302,117.22465157500005,145.3881404999999
7227,302,166.83869747499995,169.32428727499993
7228,302,181.49322995000023,131.55043030000002
7229,302,158.38948572500004,182.60822897499997
7230,302,218.35586740000002,175.9690985749999
7231,302,236.15229000000005,240.4839556749999
7232,302,240.12703257499993,294.01796325
7233,302,263.29599454999993,246.81654302500013
7234,302,276.22091537500023,346.43020332500004
7235,302,227.98831499999997,278.5786009999998
7236,302,316.4713618499999,307.22707057499986
7237,302,326.60942365000005,346.0323338249999
7238,302,301.5216820499999,337.39249140000004
7239,302,306.30439772500006,315.3534326749999
7240,302,238.79577944999994,278.4670650499998
7241,302,303.16150562500025,238.99720722499995
7242,302,322.51911682500014,280.65597552500003
7243,302,327.4159261750002,239.90418552500003
7244,302,294.1880058000006,297.84662797500016
7245,302,271.0925943,276.8882549499998
7246,302,221.3114341499999,251.52224737499984
7247,302,301.13530890000027,210.07520729999993
7248,302,170.31903265000017,184.04252954999993
7249,303,166.10091860000026,130.16184229999993
7250,303,162.12125187500015,138.584126175
7251,303,155.04195237500005,154.8372536249999
7252,303,166.2024105250001,181.94903044999995
7253,303,202.38587087500005,156.38614755000006
7254,303,183.85823289999993,221.60248069999997
7255,303,222.21976667500027,216.17255877499997
7256,303,275.93342825000013,261.9248829249999
7257,303,212.56922625000016,271.27391092499994
7258,303,289.6744682750004,300.49494974999993
7259,303,286.4921013750001,312.85069187500005
7260,303,271.1135367250004,279.78222725
7261,303,287.4421782750002,237.7127837750001
7262,303,208.17611242500004,315.43339919999994
7263,303,293.18696365000017,289.04060115000016
7264,303,299.0622300000001,304.37681012499996
7265,303,351.4874412749999,245.5598246000001
7266,303,284.7754989500001,306.640170025
7267,303,214.046964825,290.4529874499999
7268,303,265.64194325000005,244.55611800000008
7269,303,249.21498402499986,252.84549374999995
7270,303,254.7926141750002,253.89847444999998
7271,303,185.3801534500002,220.53030492499994
7272,303,187.51537625,173.37838204999989
7273,304,214.86116077500003,155.2547319
7274,304,155.02094562500002,166.46209444999994
7275,304,170.7481843250001,143.22780957499998
7276,304,134.53029402500005,176.51337892500004
7277,304,191.82355077500011,196.95837099999994
7278,304,209.82122552499993,160.24933327500003
7279,304,246.36003344999995,250.3503449249999
7280,304,317.34189560000004,221.19279129999978
7281,304,290.8127432750003,280.88603077499977
7282,304,272.23659322499987,240.20537127499995
7283,304,334.2616458500004,310.6729657249999
7284,304,315.9794824750003,284.8709719249998
7285,304,322.0839246999999,291.9794181999999
7286,304,267.33769357500023,266.89681525000015
7287,304,244.66516937500018,260.9051735999999
7288,304,242.78746172499996,331.35454097499985
7289,304,262.1103515000003,272.7625424249999
7290,304,253.12136197499999,274.0904714999998
7291,304,245.04085420000007,246.00484972499993
7292,304,232.02342217500018,242.40682795000006
7293,304,253.25577815000005,249.05376232499998
7294,304,216.44045740000004,232.7900444
7295,304,150.4669158,192.21251632500005
7296,304,181.129200425,164.5851370000001
7297,305,160.04782274999994,153.21042737500005
7298,305,152.97927327500008,150.67059337499987
7299,305,177.54865285000005,149.53318532499998
7300,305,168.48807682500018,159.0716065499999
7301,305,133.2923850750001,219.57924332499988
7302,305,177.5707559250001,199.02543709999998
7303,305,203.69499705000015,239.33138682499984
7304,305,254.22315732500002,261.23185417499997
7305,305,252.60919317499997,253.35966530000007
7306,305,301.9437684000002,348.648609025
7307,305,316.9561385500002,327.18800477499985
7308,305,351.0209084750003,313.2900674249998
7309,305,342.90306352499994,285.2679235249999
7310,305,244.6371099500002,318.1561767500002
7311,305,259.5447186500001,292.44347402499983
7312,305,226.3877771750001,238.1128745499999
7313,305,252.65937915000032,276.777629275
7314,305,259.04726262500003,228.84329877499982
7315,305,206.43971527500017,227.45718222499994
7316,305,221.509051975,178.8059899249999
7317,305,284.66178927500005,237.62763489999998
7318,305,243.36323362500008,199.97873579999998
7319,305,210.92920492500008,230.6386290249999
7320,305,184.4636699,194.55329997500002
7321,306,160.37508725000004,174.62097547500008
7322,306,170.2870446,160.66241390000005
7323,306,190.3021078250002,167.0986085250001
7324,306,148.149464175,208.37769224999997
7325,306,162.65786265000003,163.34857687500005
7326,306,173.10915219999987,181.02734402499993
7327,306,227.35172370000015,180.88974047499988
7328,306,193.95353254999998,246.05800534999997
7329,306,289.25326865000034,235.05922282500006
7330,306,290.0610808000003,219.75251405
7331,306,323.93519440000034,296.0189353
7332,306,294.94937007500005,272.5958831750001
7333,306,303.96930032500006,339.172739075
7334,306,324.87800890000005,338.38615114999993
7335,306,240.44134127500018,257.234092575
7336,306,250.49685072500012,220.05199719999993
7337,306,238.45390955,269.82439327500003
7338,306,177.2178397250001,243.10188955000004
7339,306,250.87415929999995,293.47651674999975
7340,306,282.6489665000001,203.7442463499999
7341,306,228.5445922749999,216.0421657
7342,306,245.62112280000008,251.78840097499994
7343,306,215.35545207500007,196.61568207499988
7344,306,177.3659034500002,165.74235402499997
7345,307,188.53538917500006,147.91531269999996
7346,307,161.99068557500016,177.62303335000001
7347,307,156.81789725000013,143.39468907499992
7348,307,152.32034010000012,163.24406067499996
7349,307,152.40651947500004,154.58678834999995
7350,307,193.71439072499987,185.756421875
7351,307,183.34095657500004,175.411884175
7352,307,182.29940740000012,192.77891184999987
7353,307,226.6397710000001,234.07199202500004
7354,307,267.3822546500002,241.11845737499982
7355,307,194.98265229999984,219.42954544999975
7356,307,230.6149589000001,194.43574997499996
7357,307,250.79070965,238.35044254999997
7358,307,257.61153660000014,236.2193073499999
7359,307,293.5135486500002,251.3398959750001
7360,307,234.1991037249999,233.547236875
7361,307,222.02705789999993,191.4880173749999
7362,307,240.95545905000012,212.67462982500012
7363,307,224.5210194250002,196.14081819999998
7364,307,263.29749022500005,275.29613217499997
7365,307,256.77810542500004,229.61972895000002
7366,307,199.49544602499984,211.97472215000008
7367,307,183.3768002999999,180.57707492500003
7368,307,181.90779252500022,195.11626597499992
7369,308,174.80156835000014,146.65276812499997
7370,308,167.79194905000003,177.8402274
7371,308,127.91929337500008,149.91888887499994
7372,308,135.28287692500015,175.69806644999997
7373,308,157.07113555,206.78687595
7374,308,137.74903435000016,155.43315884999998
7375,308,148.31226442500014,164.78607514999996
7376,308,177.9717613250001,189.39876380000004
7377,308,233.85971887499994,197.8419045999999
7378,308,242.18789802500007,256.0919893250002
7379,308,260.6075220750002,248.51827419999978
7380,308,299.54599420000017,263.55830172499986
7381,308,246.20774702500023,239.9082651999999
7382,308,248.3170227750001,294.49388170000003
7383,308,238.797618575,291.9597527499998
7384,308,254.30028940000025,253.3622374
7385,308,269.2609881500004,209.5055484250002
7386,308,236.00743915000024,215.82740097500016
7387,308,238.18515770000008,321.56094469999994
7388,308,219.97564437500003,322.51461037499996
7389,308,234.65671305000043,365.5925013999997
7390,308,212.55848019999993,191.74164502499997
7391,308,204.943100425,185.118510075
7392,308,174.6164337250001,190.79454707500003
7393,309,145.48628892499997,161.25793689999995
7394,309,139.00162685000006,178.01436462500004
7395,309,134.76461685000004,154.38563842500008
7396,309,130.78733497499996,187.83067222499992
7397,309,163.22954325000006,186.61138490000002
7398,309,234.55480405000017,179.61693464999996
7399,309,254.72567847500017,250.148172325
7400,309,231.06474644999997,242.99347022499995
7401,309,221.11330862500012,256.032877
7402,309,235.17776569999998,302.81890035000004
7403,309,235.49384545000004,332.0859929999997
7404,309,346.7164919250001,267.32100714999984
7405,309,269.03586695,306.5235784999999
7406,309,285.6099655000001,369.77450165000005
7407,309,219.67608982500022,316.7496938999999
7408,309,274.93811225,300.91565915
7409,309,263.4496559500003,308.3127677
7410,309,301.1384075750001,287.87009717499984
7411,309,382.3530417000002,283.5148950250001
7412,309,263.7041009000002,247.23249474999994
7413,309,231.67222167500034,236.43477602500002
7414,309,296.80005180000046,218.87823012499985
7415,309,205.22820714999995,171.25502385
7416,309,149.50865140000013,172.65237067499993
7417,310,114.30805534999993,148.53956340000002
7418,310,145.52508400000005,138.94863500000008
7419,310,147.27025127500002,155.6826299999999
7420,310,146.20953910000003,135.03169197499986
7421,310,164.06817880000017,175.3781701749999
7422,310,197.72544497500013,170.52239629999997
7423,310,262.86955797500013,218.39753910000007
7424,310,302.2564844750002,264.60171280000003
7425,310,242.49980435000012,286.988321525
7426,310,307.32189485000043,268.3660234249999
7427,310,242.64334592499998,282.51250682499983
7428,310,291.0132528500001,205.73288752499982
7429,310,296.3934432000001,278.50051812500004
7430,310,330.44185187500034,319.7129893249999
7431,310,295.0820517500001,369.01823762499987
7432,310,289.89595097500006,356.01158630000015
7433,310,318.50799055000005,378.47177567499983
7434,310,343.571713025,323.61141947500005
7435,310,309.874528025,257.713529375
7436,310,337.67991235000017,300.27980617500003
7437,310,247.94987020000013,251.81612047500016
7438,310,264.2526365499999,231.10660692499994
7439,310,263.11157529999997,181.93382359999993
7440,310,261.1995082250003,131.6017571
7441,311,170.24835945000007,150.71349844999983
7442,311,163.6116720000001,162.21605817499994
7443,311,170.92083287500017,171.1971172749999
7444,311,150.1800601250001,152.31597502500006
7445,311,179.62912102500007,154.104175025
7446,311,204.96882450000015,157.41807512499992
7447,311,250.80895677500007,194.60393864999986
7448,311,244.95389792500004,255.00684912500003
7449,311,275.55708192500003,239.21102084999995
7450,311,291.1272466249999,219.62670635000006
7451,311,279.54703300000006,284.30917992499974
7452,311,276.27405987500003,246.41059515
7453,311,268.008131825,294.7001525249997
7454,311,228.54513880000002,296.644959975
7455,311,253.62971307499998,238.79113904999986
7456,311,258.9480579000002,283.77571857500004
7457,311,276.8852014500002,252.06002007500007
7458,311,254.16208672500017,307.4118773750001
7459,311,271.45955360000016,351.68053942500006
7460,311,215.13541485000007,234.5773852999999
7461,311,232.34399200000016,253.30385249999978
7462,311,229.9403189000002,284.5712499249998
7463,311,191.93211335000007,225.87367399999997
7464,311,173.2854607000001,187.1928078
7465,312,149.1248854,145.72034559999992
7466,312,137.45942002500001,140.16177612500005
7467,312,147.39417404999998,131.31720362499993
7468,312,153.62756530000004,168.09878310000005
7469,312,144.85998094999994,153.4325232749999
7470,312,184.80283520000023,204.019095075
7471,312,164.66720855000003,202.42415775
7472,312,211.34092937499986,241.22688380000017
7473,312,251.56165625,249.61319942499992
7474,312,221.80727192499995,288.4007815
7475,312,351.65180145,298.00078555000005
7476,312,299.43239747500013,291.72749075
7477,312,340.4172226500001,266.63850242500007
7478,312,289.40192924999997,262.36049282500016
7479,312,283.17147615000044,285.927384575
7480,312,243.58212140000012,284.6852877999999
7481,312,261.3254839,283.27379892499994
7482,312,246.70978387500026,257.42392277499994
7483,312,261.56312137500004,258.75444602499994
7484,312,197.51966365000015,182.47751997499998
7485,312,289.58094265000005,183.28098662499985
7486,312,252.03558779999986,217.27202330000003
7487,312,203.60063570000034,178.09147667500002
7488,312,207.24677975000017,255.95694884999997
7489,313,192.98640807500013,203.54205547499998
7490,313,192.23751574999994,154.670699075
7491,313,201.30206210000006,175.4398623
7492,313,181.471018275,193.55083597499993
7493,313,184.92396612500022,216.707885875
7494,313,194.89572099999987,212.20631555000003
7495,313,220.6358864749999,218.631739825
7496,313,226.0312428499999,281.74369712500004
7497,313,222.05611662499996,223.42310030000002
7498,313,342.8908232250001,329.82693252499996
7499,313,251.0920235499999,287.18530009999995
7500,313,255.35980922499996,284.9232481999999
7501,313,262.3812175750001,339.6899991
7502,313,258.34967022500024,301.2525933999999
7503,313,252.40071322500023,248.67088722500006
7504,313,172.2924571250001,227.88102107500004
7505,313,213.2696731,230.76006794999992
7506,313,218.35539475000004,257.515381875
7507,313,275.9705761,211.60087705000007
7508,313,193.74794107500003,207.25418954999992
7509,313,208.44850057500025,185.58081579999995
7510,313,207.09442437500016,173.97584529999995
7511,313,194.9061405000001,186.12201992500007
7512,313,141.3855497500001,159.55644895
7513,314,163.15439594999998,169.55266685
7514,314,158.933286925,163.5988248
7515,314,124.57520490000006,143.3012789
7516,314,147.01534222500027,191.789438
7517,314,161.2821638,133.6851443749999
7518,314,175.4693930749999,178.4144757
7519,314,220.0263449750001,241.922928475
7520,314,214.81554812499996,213.27194767499992
7521,314,272.5915424500001,220.19357797500004
7522,314,209.68169372500003,250.09714427499998
7523,314,287.25260440000017,279.11817469999994
7524,314,281.60810864999996,207.64209627500003
7525,314,233.224715075,171.44798112499996
7526,314,255.88525612500018,240.811944425
7527,314,214.7147800750002,172.45682304999983
7528,314,221.20163297500028,187.54109072500003
7529,314,249.0699255750001,234.560604475
7530,314,214.70357662500004,252.01838495000007
7531,314,202.4517186,250.09314047499998
7532,314,255.77826665000015,257.107990525
7533,314,287.8450364500003,276.0211952000001
7534,314,269.8662319500001,244.28831362499977
7535,314,254.031753125,194.003581575
7536,314,234.31073527500027,175.9040651249999
7537,315,164.48470365000006,176.45943774999995
7538,315,195.59406165000019,150.17582190000002
7539,315,158.72946377500006,182.23885804999986
7540,315,165.476761275,180.495174525
7541,315,188.7080124000001,177.22442327499994
7542,315,166.78283805000027,188.6211523
7543,315,190.34820390000039,222.3753461
7544,315,233.3685835,243.70687074999998
7545,315,263.621163825,317.8589433000002
7546,315,212.54513897499993,247.94342097499992
7547,315,271.8924223000002,268.73528959999976
7548,315,276.58982627500006,255.66099457500002
7549,315,210.53240222500003,181.68261277500005
7550,315,178.67067984999997,164.8110780249998
7551,315,239.36332565000038,215.59814097499998
7552,315,167.84420115000006,193.15583632499997
7553,315,189.12583347499998,224.53262437499995
7554,315,211.18430759999998,242.7625052249998
7555,315,162.086296925,258.1900231499999
7556,315,221.15423494999993,266.3549596999999
7557,315,271.59192852500007,247.6440190499997
7558,315,176.69882597500006,251.94138837499992
7559,315,196.82989262500018,207.50343084999997
7560,315,160.7481698750001,160.26612087499996
7561,316,166.49003097500002,147.744928475
7562,316,131.7064191250002,143.55272432500004
7563,316,174.55805920000012,160.92738220000007
7564,316,168.5434800000002,126.476766575
7565,316,172.83024940000007,154.75980184999992
7566,316,148.5989364,190.70326537499994
7567,316,203.5114402999999,199.3676693
7568,316,222.39581755000012,253.71443659999977
7569,316,286.5747893,212.61384824999982
7570,316,326.81520585000004,248.33344704999993
7571,316,274.19052277499986,295.8537921749999
7572,316,308.2261929,271.78589017499985
7573,316,294.4460860500004,301.74142719999986
7574,316,293.5281886,257.32214992499985
7575,316,202.19552334999992,330.55686425
7576,316,226.94501607500018,260.74553025
7577,316,268.9525845500002,247.96294855000002
7578,316,224.8267154500001,198.82094680000003
7579,316,251.1008178000002,217.64913332499995
7580,316,225.07047497500025,255.0119043749997
7581,316,218.2133878000003,264.28101399999997
7582,316,245.06286907499998,241.32377182499988
7583,316,199.29996497499997,208.14569399999996
7584,316,187.9525577000002,173.53192687499998
7585,317,120.31053135000002,127.82948204999997
7586,317,124.99230140000006,123.23326867499998
7587,317,136.41720112500002,151.44410375
7588,317,141.8921169250001,172.4633712999999
7589,317,164.88731990000002,138.613184925
7590,317,192.5478827999999,186.73058087500002
7591,317,290.8248684500004,223.34834492500005
7592,317,298.5772200750001,281.232616875
7593,317,275.66545167500016,207.2007706000001
7594,317,319.3516337250003,259.7071395
7595,317,296.85723122500013,242.77135362499985
7596,317,236.36372557499993,294.78092379999975
7597,317,292.4996692750001,252.49188280000004
7598,317,278.1104007500001,244.99812729999982
7599,317,283.15013890000034,279.99987339999996
7600,317,227.34152705000017,223.92091994999996
7601,317,275.57460402500004,217.75339624999992
7602,317,272.94893172500014,227.97161739999996
7603,317,256.7057841999999,267.42826677499966
7604,317,255.5457960250002,310.41161147499986
7605,317,277.81901767500005,221.10720149999986
7606,317,229.70167232499995,225.65506204999988
7607,317,215.91709382500005,192.55107769999992
7608,317,183.28166075000007,155.69024132500002
7609,318,156.27172735000016,165.7731457249999
7610,318,197.38980397500006,169.43347084999994
7611,318,183.58191320000012,119.67857225
7612,318,151.44106720000002,150.5060431999999
7613,318,160.41475365000022,164.05995130000002
7614,318,181.24854019999998,135.06110322499998
7615,318,228.58942550000023,207.21502434999988
7616,318,290.522442475,212.52310945
7617,318,227.95913617500042,221.59564117500003
7618,318,228.58643990000013,293.98212517499996
7619,318,254.89867084999992,334.4242579499999
7620,318,312.41667962500014,279.71343317499986
7621,318,328.12796325000005,213.4369565249999
7622,318,271.4079870250003,319.66677925
7623,318,181.83279172499994,284.1496399749998
7624,318,254.33398947500027,268.49308679999984
7625,318,263.2440708000001,281.682635725
7626,318,268.4154482500001,280.3012429
7627,318,248.91439667500038,255.21961537499973
7628,318,212.32179732499992,241.51481652499984
7629,318,189.05399085,312.95931629999984
7630,318,245.44243860000023,302.33081070000003
7631,318,167.81750264999994,153.26399964999996
7632,318,210.18124432500002,182.48828189999995
7633,319,147.36067390000005,154.816124225
7634,319,167.98297327500018,140.75239452500006
7635,319,145.18021355000002,157.70823217499992
7636,319,130.71116754999997,140.6570026
7637,319,155.12190499999997,200.19957117499996
7638,319,166.736269825,164.65102505000002
7639,319,231.9672219500002,247.259520825
7640,319,222.7782301500001,251.54641167499977
7641,319,254.92183469999986,310.80483014999993
7642,319,328.7751564750002,296.31510099999997
7643,319,342.2295827500003,349.63897122499975
7644,319,276.12812780000013,352.4770035
7645,319,250.34203305,258.3987428749999
7646,319,266.8692163250002,255.8507071499998
7647,319,321.4802354000001,254.01881982500015
7648,319,255.70000982500017,203.28101897499988
7649,319,281.87415550000003,223.64734684999985
7650,319,283.0419694250005,229.15879804999997
7651,319,231.89077965000013,260.26016045
7652,319,293.0042415500002,209.36393842499987
7653,319,184.68365744999997,214.2577302999999
7654,319,246.28532675000028,238.79663647499996
7655,319,222.5593443250001,226.5676321
7656,319,190.84896325000005,145.5287332249999
7657,320,162.15853979999994,165.92625522500003
7658,320,141.3340243,136.1699777
7659,320,132.64578857499993,144.57481962499995
7660,320,123.20019335000003,147.065456125
7661,320,167.92044717500005,153.94213840000006
7662,320,211.1339421500001,171.28323982500004
7663,320,204.8952064000001,243.38619537500003
7664,320,230.39951015000014,214.25122180000008
7665,320,217.51076927499997,278.850913575
7666,320,294.9079985000002,260.113389225
7667,320,344.45087877500015,275.21008925
7668,320,253.58197132499993,239.11715309999977
7669,320,275.054991075,253.59120270000008
7670,320,232.3129623500002,220.19442362499987
7671,320,236.91402132500014,237.900997125
7672,320,274.286270075,252.79274214999992
7673,320,233.9062100250001,322.5557480750001
7674,320,277.89467577500017,282.057742175
7675,320,301.8652755750002,264.96555364999995
7676,320,287.8214320000003,246.28353607500003
7677,320,246.12350067500006,288.10564619999985
7678,320,250.36430822500026,176.14943670000008
7679,320,169.85032382500012,155.19309914999997
7680,320,128.985903225,107.55710682499995
7681,321,175.02500815000008,164.83783287500003
7682,321,153.14672070000023,170.923785575
7683,321,140.3601315000003,141.9825980249999
7684,321,163.17307475000007,135.001569025
7685,321,178.2866889500001,144.22628957499992
7686,321,157.51450815000004,155.73356225000003
7687,321,219.26064397500022,184.2346380999999
7688,321,174.54292982500004,248.94265709999996
7689,321,224.54718774999998,187.87304502500007
7690,321,237.9261894,242.21303200000006
7691,321,269.25786192500004,308.29233139999974
7692,321,318.0565926500001,317.9054918999999
7693,321,254.69068642500022,344.55001972499997
7694,321,283.5824526999999,260.0693485249998
7695,321,235.10994337500017,273.483941525
7696,321,273.0807957500001,260.9933056499999
7697,321,201.46409637500005,232.5502323500001
7698,321,253.50061710000006,270.23749525
7699,321,249.05544235000025,258.9144633249999
7700,321,256.4711864250002,221.63796962499978
7701,321,219.49137387499997,225.71942737499975
7702,321,230.94485952500014,193.111627075
7703,321,173.7053069500002,187.94137495
7704,321,184.1933858000001,157.74350732499997
7705,322,119.89396827500009,127.48575015000003
7706,322,124.94084262500006,154.79807382499996
7707,322,109.89731315000009,172.12005262499997
7708,322,147.26073552500011,190.06857250000002
7709,322,167.28360042500015,172.42092467499998
7710,322,140.999198225,167.82917522499997
7711,322,191.7869697999999,174.24054554999998
7712,322,195.5392000500001,261.9809190249999
7713,322,197.54558927500028,195.08667537500006
7714,322,240.52029082499996,234.11437877500015
7715,322,285.1348553250002,274.422134875
7716,322,285.9289527000002,262.9612635499999
7717,322,242.70318387500024,207.526389375
7718,322,200.71623385000015,219.9675025249999
7719,322,216.5114645750001,205.3442404249999
7720,322,224.04361485000004,226.45868335
7721,322,217.53224520000015,239.12213419999995
7722,322,216.0230485500001,268.0102538
7723,322,216.2750807500001,229.710093375
7724,322,194.21350870000003,267.80994080000005
7725,322,194.79413407500004,277.5567189249999
7726,322,282.8354659500003,255.03195262500003
7727,322,194.00835842500018,155.21608107499998
7728,322,151.56659384999998,141.44518284999998
7729,323,135.1408381250002,129.463851525
7730,323,137.265846975,102.04211662499996
7731,323,151.46332482500003,132.46038299999998
7732,323,152.28334085000012,195.85708982499995
7733,323,179.5525397500001,165.1769202249999
7734,323,166.69469942500007,216.6623576
7735,323,228.66478034999994,225.00961694999998
7736,323,238.28319515000004,255.90555382499997
7737,323,238.59111802500024,240.51459140000003
7738,323,259.4393187249999,246.1289258
7739,323,316.90103052500024,288.1793880749999
7740,323,297.057792425,277.9856477499999
7741,323,259.3971169750002,289.1972911500002
7742,323,243.98112492500016,212.847450725
7743,323,310.0351293250001,208.3382295749998
7744,323,289.1800021750001,246.60781357499988
7745,323,244.47311652500022,259.58396042499993
7746,323,302.3375306500002,266.06661770000005
7747,323,228.78926715,317.0133380499999
7748,323,249.7556736250002,275.58991584999995
7749,323,243.15251925000013,293.25625027499996
7750,323,183.2670982749999,277.05349217499975
7751,323,187.19013034999992,195.00603837499995
7752,323,165.5457643750002,194.42987415000005
7753,324,158.3007992,131.32100629999996
7754,324,150.9810113000002,137.10411722499998
7755,324,143.9840342500001,131.15510604999997
7756,324,124.31398007500009,140.47086385
7757,324,143.0462387500001,157.425237025
7758,324,148.91673824999992,213.11454229999987
7759,324,238.4354588000001,260.5818551749999
7760,324,196.67389897500013,240.0452849749998
7761,324,228.98812500000022,301.01245497499997
7762,324,282.55105407500025,244.8982363999999
7763,324,286.30972172500026,279.197551875
7764,324,295.41308589999994,308.34492245
7765,324,255.08085400000004,270.84753050000006
7766,324,266.7116693000002,284.26637107500005
7767,324,247.65249865000004,258.640981725
7768,324,234.033374375,261.36853675
7769,324,286.37843137500045,287.6424577249999
7770,324,278.435869075,244.96058009999982
7771,324,291.1713309250005,246.37300939999994
7772,324,255.10744347499997,227.09346555000002
7773,324,274.3487188750002,266.40175565000004
7774,324,243.5556463,252.69773490000006
7775,324,261.7754607999999,264.8016450000001
7776,324,184.41049547500006,201.56150872499995
7777,325,190.52428107500015,133.4941344249999
7778,325,162.62753570000024,144.46402127500005
7779,325,139.6335003000001,118.60153167499995
7780,325,189.60524315000004,142.66748274999998
7781,325,145.468111625,193.42894519999993
7782,325,197.60974690000012,169.36106302499994
7783,325,205.52933372500001,224.93374807499998
7784,325,228.25265794999996,258.77057545000014
7785,325,243.12235532499994,233.3118012000001
7786,325,235.07717017500002,299.42279797499987
7787,325,263.45761970000046,343.4599488749999
7788,325,315.35220882499993,272.0040561249999
7789,325,338.91944175000003,279.6844124500001
7790,325,292.3601707250001,233.5254789
7791,325,244.19709685000026,269.6253224999999
7792,325,233.31396580000012,196.823897775
7793,325,224.545694475,202.54409475
7794,325,290.2336845750001,211.47394902500005
7795,325,284.0592011,254.924783875
7796,325,226.3240758750002,271.84208314999984
7797,325,306.8232446500002,225.02875402499993
7798,325,226.82739059999994,241.85272630000003
7799,325,218.46469650000012,172.63290154999993
7800,325,185.51550677500012,213.29355317500003
7801,326,205.03851410000004,172.58903214999995
7802,326,150.9679613500001,181.22978977499997
7803,326,134.4260343500001,174.10451794999994
7804,326,176.69826867500018,154.791688475
7805,326,139.70816180000008,136.07413220000004
7806,326,160.2688794250001,150.56451867499993
7807,326,191.03287244999996,142.04296169999992
7808,326,226.28220870000018,223.14467174999993
7809,326,172.2798635000001,180.1312580500001
7810,326,218.7750095749999,240.33561650000004
7811,326,251.1954716750004,295.2714361249998
7812,326,252.90885477500007,293.3446403
7813,326,250.8531673250002,210.7792658499999
7814,326,284.3030744000001,205.2657955749999
7815,326,212.20876867500021,278.2571952
7816,326,210.5028435500003,317.229383925
7817,326,198.52514457500033,198.85627135000001
7818,326,208.69611312499998,264.07228532499994
7819,326,194.7277729250002,213.93945077499998
7820,326,236.9588950750002,199.93905382499992
7821,326,217.61450785000008,178.2423996
7822,326,182.94743372500005,176.71728847500003
7823,326,176.543080025,155.11547552500005
7824,326,159.7343998,147.91437584999994
7825,327,119.10676472500015,157.48668075
7826,327,140.681173875,171.97022669999996
7827,327,165.60984035000013,147.61092947500003
7828,327,135.53168549999992,145.339108625
7829,327,159.4936122750002,149.85381734999993
7830,327,147.76989387500012,137.6329832
7831,327,187.94857377500023,190.09179760000004
7832,327,202.60624745000013,224.12719292499997
7833,327,248.30560530000002,193.24879975000005
7834,327,207.4485043250002,199.7368274499999
7835,327,274.047159875,259.9802575500001
7836,327,260.84090514999997,261.6984352999998
7837,327,272.4855041250002,255.17872162500007
7838,327,238.25790722500022,196.19826412500004
7839,327,208.39441100000028,213.294718
7840,327,229.24318012500004,184.05719814999986
7841,327,223.58275660000004,226.29329127500014
7842,327,199.11748537500029,265.65102487499973
7843,327,247.445456425,196.26901464999995
7844,327,224.76996735000017,242.70533330000006
7845,327,239.0644112999999,272.7219414
7846,327,206.6055002500001,230.503313125
7847,327,187.18363692499997,169.3496341749999
7848,327,165.8521604,140.26274867499995
7849,328,134.63858212499997,115.09715462500003
7850,328,132.84310135000004,150.48100705000002
7851,328,156.12928597500013,125.55592670000001
7852,328,115.00176857500006,143.40053382499997
7853,328,157.61852255000014,138.18702547499998
7854,328,157.40616015000012,185.350861175
7855,328,194.10199970000008,149.21769352500004
7856,328,261.4111149750001,171.0110873000001
7857,328,260.3130440000005,249.93582897499988
7858,328,239.82293427500005,243.26869177499987
7859,328,280.6165723500003,232.44619072499987
7860,328,282.77794885000003,206.39865622499997
7861,328,248.05165077499993,199.27414100000004
7862,328,181.41380765000002,198.70199517500015
7863,328,196.59188050000017,221.03509359999993
7864,328,182.9787170000001,275.24847185000004
7865,328,236.18890985000007,198.33890622500007
7866,328,218.8794729000002,196.3112233999999
7867,328,278.4432769,234.41379714999988
7868,328,252.93665237499997,231.9043704
7869,328,169.219629375,214.18715089999984
7870,328,185.21526265000006,207.98075259999996
7871,328,186.26654834999997,220.9614565499999
7872,328,163.2586163750001,176.10746269999993
7873,329,160.57292575000025,130.43613157499993
7874,329,158.9919306750001,155.55335227499992
7875,329,132.5393083500001,147.6723193249999
7876,329,158.06011120000005,153.72009114999997
7877,329,141.88409087500014,158.53182779999997
7878,329,176.127340025,177.64834839999992
7879,329,158.33604742500015,136.29684664999994
7880,329,201.93093812499984,231.80631047499983
7881,329,220.6443570500001,223.52419049999986
7882,329,258.747127975,247.93177687500008
7883,329,255.89060512500015,265.7248334000001
7884,329,316.39080375000003,280.44954132500004
7885,329,266.29856105000005,227.41385524999998
7886,329,241.74134840000008,191.8286165249998
7887,329,255.7216302000001,212.19584119999973
7888,329,250.54042219999994,174.8238595249999
7889,329,210.4420994749999,175.04952444999986
7890,329,243.75387602500038,217.59849527500003
7891,329,187.12240552500003,207.55979412499988
7892,329,185.11115559999996,191.119506075
7893,329,214.66478700000005,231.33570650000001
7894,329,187.35156655000037,187.17555560000002
7895,329,158.84343905,202.0213727499998
7896,329,155.31526912500007,162.65878197499998
7897,330,141.754848175,124.93867194999999
7898,330,145.88041922499997,132.61824667499997
7899,330,151.73682192500024,105.96676052500001
7900,330,153.996645225,143.58551817499995
7901,330,151.24268177500005,176.3685808499999
7902,330,138.03928982500003,193.981845825
7903,330,216.4799131250001,199.44965877499993
7904,330,249.38563810000036,164.87938450000019
7905,330,273.9488266000001,235.58869172499985
7906,330,305.7287200250005,414.6929135249999
7907,330,289.29969115,267.98048129999984
7908,330,217.52467812500026,269.1695408250001
7909,330,239.93873597499993,277.50402802499997
7910,330,237.84756242500004,267.8969769999998
7911,330,258.895704325,219.6195449249998
7912,330,289.7917220250001,289.3646221749999
7913,330,282.01853800000026,228.5926141249999
7914,330,249.8276418000002,259.4851082499998
7915,330,286.49108130000025,288.23318689999996
7916,330,235.9789337750002,247.86688004999985
7917,330,285.55151817500007,222.14055877500016
7918,330,283.5045137000001,207.57863614999997
7919,330,216.83182457500016,199.04207544999988
7920,330,168.39572292500006,198.79167854999992
7921,331,154.9289754250002,146.97521622500005
7922,331,111.3890015750001,147.30893049999997
7923,331,162.51535335000005,119.02852314999998
7924,331,128.219167575,172.51114837499995
7925,331,179.89693259999996,189.166506025
7926,331,188.52329057500015,227.944544675
7927,331,299.70163370000046,226.2325528500001
7928,331,290.01134227500006,218.69196337499992
7929,331,323.62608235,320.67237420000004
7930,331,275.32640575000005,298.42711307499985
7931,331,253.49995682500014,279.0133254500001
7932,331,266.23428562500015,257.3984928749999
7933,331,265.17156957499986,295.2723771750001
7934,331,251.39422009999998,273.889874325
7935,331,292.50775120000014,292.9242686749999
7936,331,286.6016836000003,249.76842830000004
7937,331,263.4691972250002,230.63643197499977
7938,331,299.92094185,296.30827177499987
7939,331,237.008066375,270.77576894999993
7940,331,233.91662287500031,255.30113324999996
7941,331,277.2608079000001,227.04477645000009
7942,331,221.0237047500002,224.03095175000004
7943,331,239.61820017500003,178.7778577
7944,331,190.70191910000017,176.5086650249999
7945,332,136.09912337500003,170.8195367000001
7946,332,165.45526732500002,183.78167465
7947,332,170.74996915000003,198.544073325
7948,332,127.82976327500009,136.04572727499993
7949,332,186.71910317500013,148.51316317500002
7950,332,213.37660922500012,196.44348214999997
7951,332,234.97808785000018,249.5140155250001
7952,332,237.13820779999992,278.3614658250002
7953,332,252.00023734999996,270.3369967749999
7954,332,326.28266152500015,260.82137652499995
7955,332,332.49467452500005,298.38847267499995
7956,332,261.7335675999999,261.99604509999983
7957,332,240.77112667500018,254.44364584999997
7958,332,230.40177392500013,283.9765017249998
7959,332,279.69850710000026,248.42004539999988
7960,332,259.29966030000014,230.23217849999992
7961,332,267.3502935,274.78582264999994
7962,332,325.2040436500005,267.93073722500003
7963,332,247.86832335000014,277.20355089999975
7964,332,300.5377318000001,197.1052738499998
7965,332,327.48467099999993,259.41798552500006
7966,332,255.18672154999996,235.21983199999988
7967,332,209.14027944999995,201.54127085000005
7968,332,167.8537292250001,202.89871879999998
7969,333,138.40037472500003,209.56945775
7970,333,163.38791490000003,173.79731164999998
7971,333,189.73243755000016,130.81402252499998
7972,333,132.3695835000001,171.95292767499998
7973,333,176.14287147500005,152.39448947499994
7974,333,191.37871970000003,165.90783602499994
7975,333,217.82388367500002,191.4163528749999
7976,333,249.03213149999996,259.8983752749999
7977,333,320.12070640000013,269.6303121499999
7978,333,290.04937177499994,326.26736872499987
7979,333,364.356833375,312.24274892499983
7980,333,241.55561970000022,312.75551392499995
7981,333,234.7300486000001,238.4627401999999
7982,333,246.53805444999983,263.95948739999994
7983,333,254.6653488500001,244.987174925
7984,333,225.5875010249999,254.47207779999997
7985,333,248.94480380000044,265.4628797749999
7986,333,265.2403636500002,308.1169376999999
7987,333,261.31575115,277.111357575
7988,333,250.91512620000003,307.5316175999998
7989,333,268.1994730000002,298.428703875
7990,333,270.16925805000017,318.55810577499994
7991,333,261.5822291500001,216.08023584999984
7992,333,226.03796855000013,151.51086232499995
7993,334,163.82159337500025,161.57643915
7994,334,139.37767685000017,151.57077662499987
7995,334,153.53725367500002,132.7093963249999
7996,334,174.79886537500005,183.96475712499995
7997,334,192.20093222500014,191.38424815000002
7998,334,175.02879005000017,225.17699174999996
7999,334,202.65987312500013,163.1288825499999
8000,334,238.40071212500027,268.216551925
8001,334,259.6948325250004,238.2479356749999
8002,334,356.98151162500017,311.9466159750001
8003,334,352.8257008250001,328.5483904749999
8004,334,334.32933942500006,241.4921151499999
8005,334,311.74829869999996,244.21326804999995
8006,334,300.15749602500017,272.91636245000007
8007,334,280.8601106749999,284.9867147749999
8008,334,292.3198849750002,297.9485749999999
8009,334,285.8824288500001,250.22278427499998
8010,334,239.52774060000002,265.2037010750001
8011,334,258.15658207500036,236.125227025
8012,334,237.39778472499995,191.57373342499997
8013,334,208.7809751750002,200.155445175
8014,334,259.7772345000001,262.74575552499994
8015,334,230.61115412500016,173.47181137499987
8016,334,185.32602867500003,142.30800709999994
8017,335,170.5766559500002,135.33560542499998
8018,335,137.5856733500001,125.84007787499999
8019,335,165.7885850500001,115.72234967499995
8020,335,132.36244792500008,125.37912722499988
8021,335,115.75541240000013,154.84384860000003
8022,335,162.84683294999996,198.03133729999985
8023,335,214.4704327250002,241.6116518
8024,335,216.45209180000018,213.26688125000004
8025,335,226.7420298,250.94562697499993
8026,335,288.01406465000014,319.4693061249999
8027,335,257.78067502500005,263.08878549999986
8028,335,297.8747100500004,236.9123646
8029,335,215.11279860000005,248.64293327500002
8030,335,192.6178881250001,246.96144902499998
8031,335,241.89493865000017,221.99099837499978
8032,335,238.72633200000024,241.14763565000004
8033,335,224.99520522500006,200.81237729999987
8034,335,228.03933752499992,242.0904089749999
8035,335,255.96728370000005,252.39773830000001
8036,335,197.3051316750003,225.88111122499993
8037,335,213.09167495000003,248.61272145000004
8038,335,296.4112663000002,211.10486922500002
8039,335,160.96935332499993,208.55352474999995
8040,335,148.023055425,219.63923095000007
8041,336,167.41918049999998,180.89045475000003
8042,336,146.98750585000022,152.65064594999993
8043,336,120.10030974999998,163.3852414749999
8044,336,119.60443265000004,124.8131955249999
8045,336,139.18531650000025,155.05916462500002
8046,336,172.26579809999993,163.59594450000003
8047,336,170.03105432499996,215.13412012499992
8048,336,178.60563415000007,217.98844867499994
8049,336,228.50067812499987,252.13064540000008
8050,336,237.99114362500023,252.39258534999988
8051,336,273.37979010000015,252.8773729749999
8052,336,300.9656850500002,231.5137679249999
8053,336,251.25921592499986,274.18587332499993
8054,336,275.81137812500003,250.11406029999995
8055,336,240.43429872500008,224.86445489999994
8056,336,224.16371350000026,256.7337494
8057,336,223.02382997500018,229.97803904999984
8058,336,314.9752857750001,243.21805967499984
8059,336,316.44655075000014,256.55475792500005
8060,336,292.978018475,245.03174812499992
8061,336,261.05107460000016,246.04982790000014
8062,336,259.4239480750002,315.9588489499999
8063,336,252.19202415000012,243.86290284999995
8064,336,142.44479914999997,140.52619185000003
8065,337,149.31992097500006,148.50379904999994
8066,337,127.69769725000003,136.20575327499995
8067,337,128.0548927,147.12066417500003
8068,337,121.7501897999999,161.80431779999992
8069,337,158.174786825,168.2490562250001
8070,337,233.58749992499997,230.47882167499995
8071,337,253.06163202500016,191.4454052
8072,337,266.5856836249999,209.14502422499987
8073,337,241.04971827500006,274.48133285000006
8074,337,309.36559217499996,270.44417667499994
8075,337,303.07117562500025,260.7496629749999
8076,337,292.1977751500003,221.13838144999986
8077,337,297.735426,269.0746424
8078,337,337.6049364250001,242.18607712500003
8079,337,246.69325915000007,245.03565042500003
8080,337,285.3078856,253.44038114999972
8081,337,251.750807225,253.3135244999999
8082,337,226.456392025,268.7561179999999
8083,337,263.68657532500015,281.17923795
8084,337,249.4436894499999,332.5549123999999
8085,337,258.3591181500002,226.3540868499999
8086,337,239.53552545000025,281.531703475
8087,337,181.48522362500006,224.31027085
8088,337,187.84295527500007,175.3421611000001
8089,338,136.27997377499995,129.37166525000004
8090,338,171.82647965,153.18397080000005
8091,338,135.73501467500003,124.05586122499997
8092,338,144.56090277500016,181.08428162500002
8093,338,160.101866025,156.9344032749999
8094,338,158.98734615000006,207.48889539999993
8095,338,262.9478330500001,245.18612517500003
8096,338,250.81835142500017,261.21026775
8097,338,313.84293075000033,224.69024977500004
8098,338,239.40364154999997,263.219142
8099,338,275.4499124250002,273.3422896750001
8100,338,260.5287903750001,367.2884616999999
8101,338,333.43821530000014,248.00315767500004
8102,338,259.3740541000001,281.97360232499994
8103,338,238.5356437250001,283.98412662500004
8104,338,249.0692185750001,261.62550254999996
8105,338,358.47817855000017,235.2779543000001
8106,338,350.23897747500007,245.63979755000003
8107,338,264.3979943750001,262.80768932500007
8108,338,315.271405475,257.9452883250001
8109,338,273.98589917500016,261.9674920749998
8110,338,246.5309332499998,252.698806225
8111,338,245.85964255000002,194.73812567500002
8112,338,216.2296319250002,186.31863229999988
8113,339,141.0213220000001,208.89725225000007
8114,339,192.19527637499996,192.10010094999998
8115,339,159.77306287500008,169.80363264999997
8116,339,126.91400109999995,147.89907419999997
8117,339,141.29285460000006,152.84607769999997
8118,339,189.75268185000022,187.731898425
8119,339,272.7113310499999,273.8102658249998
8120,339,272.11820202500064,281.30580184999997
8121,339,264.91803804999995,348.98045234999995
8122,339,274.682497325,340.147132275
8123,339,263.68134345000016,338.305100975
8124,339,246.11385852500018,285.6521271499999
8125,339,285.992901875,299.2216281249998
8126,339,248.7320567000001,286.4613026499999
8127,339,230.06392975000026,248.54071559999988
8128,339,281.5944183250001,262.2175661500001
8129,339,302.729340375,205.5560372499999
8130,339,278.97337820000007,211.9848992499999
8131,339,266.4294718250001,247.70480747500005
8132,339,276.9176506250001,237.04105222500002
8133,339,273.1452802750003,232.23893962500006
8134,339,237.55709950000022,197.40521889999997
8135,339,238.7651692749999,220.33699689999997
8136,339,248.11892004999999,208.07671609999997
8137,340,150.09862677500018,183.3744557249999
8138,340,187.05145247500022,166.74784595
8139,340,183.96184997500004,149.28930835000006
8140,340,148.13591055,179.91108812500005
8141,340,145.10958075000025,169.16007917499996
8142,340,166.82589667499997,218.1474412999999
8143,340,228.57914375000018,241.42399882499984
8144,340,255.22728435000008,253.87992585000012
8145,340,225.47357327500006,278.5326162000001
8146,340,252.04582540000007,290.26295522500004
8147,340,242.1194097500001,257.267555225
8148,340,240.6339007500003,312.9508775
8149,340,257.2291280750003,262.02699554999987
8150,340,224.47687929999992,268.24945299999996
8151,340,244.31780984999986,227.59148970000007
8152,340,203.34345347499982,194.35899442499993
8153,340,226.476919125,263.6348332249999
8154,340,294.298376675,276.4072942999999
8155,340,224.6526941250002,265.68790237500014
8156,340,259.0010562500002,235.0558837249998
8157,340,254.1984274750001,276.74370972500003
8158,340,290.28151217500016,231.49185514999994
8159,340,179.1571868000001,195.40294092499997
8160,340,176.0874379249999,174.00864344999997
8161,341,211.41921335000012,220.4079980499999
8162,341,200.26188320000014,214.48353914999987
8163,341,172.6654620250003,174.70225484999995
8164,341,198.54072857500012,168.35677257499998
8165,341,199.46373437500023,213.65638052500003
8166,341,229.50985582500005,203.72003142499986
8167,341,223.0173451250002,178.5397092
8168,341,312.6816598749999,326.12528052500005
8169,341,307.542532175,326.5474409999998
8170,341,327.17065387499997,289.5029818249999
8171,341,293.9913210750001,259.86013289999994
8172,341,285.2541857000001,325.8432972749998
8173,341,246.32756122499995,299.7625109999999
8174,341,281.67082625,222.89059279999998
8175,341,271.80415167500024,267.9057065999998
8176,341,237.477362225,240.54276327499986
8177,341,219.12463242499996,273.126817275
8178,341,237.66851282500005,254.63312577499997
8179,341,248.5033809250001,201.85311279999985
8180,341,308.8464668000004,241.8910851999999
8181,341,273.07367617500034,225.82628564999993
8182,341,204.31948307500005,225.86912842499999
8183,341,191.48321265000018,239.66930397499985
8184,341,171.1486405,173.38535337499997
8185,342,147.04036955,173.24160699999993
8186,342,152.39370730000002,135.17495725
8187,342,128.80388292500012,121.26958334999995
8188,342,160.7315807250001,128.13589845000007
8189,342,146.7308788250001,152.78732337499991
8190,342,216.01093097500018,181.40637852500004
8191,342,188.95546870000015,202.90303702499997
8192,342,188.72674139999984,216.64437595000004
8193,342,229.99482275000008,226.48325712499985
8194,342,257.1260615750001,248.1394658749998
8195,342,217.14259772500003,221.25403440000014
8196,342,192.36665125000016,203.66094832500016
8197,342,204.5279218249999,187.97410365000002
8198,342,256.6259440749999,250.64652559999996
8199,342,220.75639750000013,214.41146632499996
8200,342,259.61450887500024,210.7455014
8201,342,193.96677587499994,245.31860269999987
8202,342,240.768175675,242.96669835000003
8203,342,255.88117834999997,240.32811547499995
8204,342,228.55586297500014,229.09721142500015
8205,342,255.79015874999993,267.1387198999999
8206,342,243.497208225,230.71488959999988
8207,342,196.99215172499999,195.19987990000004
8208,342,186.91261405000014,185.3666020499999
8209,343,156.28153827499997,163.85652397500002
8210,343,150.62025885000014,149.6536935499999
8211,343,151.0331856250001,142.75814997499992
8212,343,132.2520772750001,176.54906879999982
8213,343,166.22143807500004,166.29931944999993
8214,343,150.145640425,176.48776680000003
8215,343,192.72387920000023,178.80986127500006
8216,343,198.1924679750002,204.01599647499995
8217,343,256.8459836750001,166.74450174999998
8218,343,293.8594198750002,204.12699567499988
8219,343,314.92427530000015,240.92567465000005
8220,343,252.93692027499998,278.667768175
8221,343,208.40692632499997,181.05029102499992
8222,343,242.0401363749999,202.84659739999984
8223,343,218.49453209999996,173.36945932499992
8224,343,215.16237630000006,193.8298743999999
8225,343,223.7398509750001,194.47095079999997
8226,343,200.6548551499999,292.32390262499996
8227,343,226.97844727500018,313.806439975
8228,343,278.31660327500003,288.7068767499999
8229,343,244.4238440750001,255.3913628749998
8230,343,213.6851835500001,218.7508974499998
8231,343,231.7741517,222.53327102500003
8232,343,171.499375875,161.17123239999995
8233,344,123.60849807500001,164.85898557499993
8234,344,172.49860992499998,136.66732109999987
8235,344,154.89833010000018,146.73809495000003
8236,344,196.71025547500008,175.79192579999997
8237,344,222.04691345000006,167.27807294999997
8238,344,211.09976250000017,207.12509077499996
8239,344,234.32944202500005,206.93027174999995
8240,344,235.1941434250001,216.4482516000001
8241,344,285.6222299750001,238.64653364999995
8242,344,324.40780910000035,257.7956665999999
8243,344,222.60697237500042,251.47664762499994
8244,344,253.6939713499999,361.55993569999987
8245,344,256.0702919750006,356.139245425
8246,344,225.40570242500004,339.39901727499984
8247,344,267.9112566000001,310.9569334499999
8248,344,214.1029471500001,243.46207837499998
8249,344,284.9377033000002,279.8098894749999
8250,344,258.2250729000001,248.10145154999987
8251,344,249.8273929249999,274.12747977499976
8252,344,283.813852675,298.91382469999985
8253,344,246.4355686000003,286.71554295
8254,344,215.97862432500006,204.4443839750001
8255,344,177.87971115000016,214.18759695
8256,344,206.6536750750001,210.12227167499992
8257,345,157.27893055,138.74031809999994
8258,345,176.9776824500001,162.95266954999994
8259,345,174.12792030000008,180.72184772499998
8260,345,176.94721080000005,195.94222172499988
8261,345,187.79679245,212.199841475
8262,345,150.36581515000017,197.38273477500002
8263,345,231.3060263250003,229.49705784999992
8264,345,211.47532204999993,263.57361459999976
8265,345,253.3572414249999,265.7257388249999
8266,345,235.84883740000004,270.2446112249998
8267,345,246.5634538000004,277.71165582500004
8268,345,346.2187590750002,271.3606963
8269,345,275.54591302500006,260.0895048
8270,345,263.366227925,216.3492395749999
8271,345,238.31102462500007,267.06211105
8272,345,234.72089495,246.300621325
8273,345,264.14684855000013,217.92720217500008
8274,345,253.97655354999984,315.9160464749999
8275,345,320.9645148000002,245.72536655000002
8276,345,342.57289605000005,254.23177917500004
8277,345,244.0541944500003,250.24054485000002
8278,345,257.81965755,267.01636244999986
8279,345,247.0198815250002,227.654625475
8280,345,218.59119867500021,243.69873972499994
8281,346,165.40266280000003,229.90246947500003
8282,346,223.60073837500005,183.09421932499984
8283,346,167.09374327500024,186.59009922499985
8284,346,178.51070609999994,157.0014048
8285,346,194.18211405000005,162.44516834999996
8286,346,244.91800465000023,218.51039612500006
8287,346,258.5495655000001,170.71826334999997
8288,346,318.27008462500027,253.34041492499986
8289,346,250.917835525,272.78053315
8290,346,283.20367265000016,300.4553998
8291,346,230.4640701749999,318.0242009999997
8292,346,257.16534690000015,296.7882964499999
8293,346,217.31340942500015,261.94161425
8294,346,201.05451870000007,247.81728629999998
8295,346,245.40542037499998,260.22031582500006
8296,346,230.87068315000022,303.174400775
8297,346,201.44478260000005,270.23456527499997
8298,346,173.47699410000016,235.7880660999998
8299,346,239.44267097500028,258.1590039749998
8300,346,243.87260699999996,278.251212425
8301,346,241.21770232499986,252.6337374
8302,346,222.96195267500013,270.520829175
8303,346,208.0014839250002,214.15127345000002
8304,346,193.39348215000018,173.8623302250001
8305,347,183.692589875,146.36027824999996
8306,347,173.84457360000027,142.49089395000004
8307,347,200.94689000000028,139.99176805000002
8308,347,209.28027002500022,168.0773878249999
8309,347,180.61511477500005,176.65649737499996
8310,347,200.9370461499999,177.77236724999995
8311,347,224.69934710000013,209.3918176999999
8312,347,320.6823666250002,257.94164257499983
8313,347,279.24423210000003,243.7906988250001
8314,347,346.85518625000003,232.1846996000001
8315,347,312.618865875,259.89480854999977
8316,347,273.90015807500026,247.40657352499986
8317,347,265.86393482500023,249.0284501999998
8318,347,331.8836728000002,255.51988422499994
8319,347,259.72402517499995,244.0912785499999
8320,347,233.87429317499993,292.9837523
8321,347,235.96224974999987,241.45770327500014
8322,347,272.0147369,295.1626589499999
8323,347,238.02700962500015,242.54699279999994
8324,347,284.86699824999994,263.6915971749999
8325,347,258.7967784250004,263.4969066750001
8326,347,287.6888510750001,247.87546040000012
8327,347,243.87647117500035,198.59668319999986
8328,347,182.02549897500006,163.45170817499996
8329,348,184.79716945000007,146.21243507499997
8330,348,180.99260465000003,167.55139257500005
8331,348,176.32785792499993,171.190699525
8332,348,183.54712897500008,202.86951767499986
8333,348,193.30520002500003,174.65095814999992
8334,348,160.30603069999995,201.7087379499999
8335,348,260.0212814500001,280.9928602499999
8336,348,245.73157672500022,261.82180489999985
8337,348,208.4236451750001,255.50351559999996
8338,348,292.66460265,235.90682767499993
8339,348,291.3775805249999,315.58427665
8340,348,262.965548475,384.47973217499987
8341,348,228.69074644999995,351.6898554249999
8342,348,263.14087530000023,277.10094677499995
8343,348,263.8066241250003,277.9764179
8344,348,276.80010085000026,220.57895157499996
8345,348,251.19798439999994,225.25231975
8346,348,334.5868648000002,248.14702735000003
8347,348,224.29472907499996,286.3682226500001
8348,348,191.00503045,282.71769499999976
8349,348,250.89809585000006,321.26526805000003
8350,348,227.84371565000015,240.27059907499995
8351,348,250.9192989500001,267.251664075
8352,348,231.55453942500003,257.98920117499995
8353,349,172.68595730000013,195.71271289999999
8354,349,155.63221140000007,187.3859351000001
8355,349,156.4623931000001,159.9695320749999
8356,349,172.12583050000018,176.59806342500002
8357,349,219.20194027500008,171.444718625
8358,349,265.90612117499995,214.31134447499997
8359,349,253.57598740000003,211.81369882499988
8360,349,239.12188214999986,210.18895464999974
8361,349,262.49554815000005,235.6824074499998
8362,349,274.3066503750003,297.494717375
8363,349,308.06133067499985,224.85679607499992
8364,349,276.7283316750001,231.05736937499998
8365,349,273.7832297250002,174.99302569999986
8366,349,268.34070165000037,201.62948272499997
8367,349,281.9508286250003,259.25174692499974
8368,349,242.1060434000001,237.3264178500001
8369,349,245.75303480000002,222.59734752499992
8370,349,233.6929021250001,236.29046944999982
8371,349,310.7232921500002,265.30371935000005
8372,349,264.6282277500001,239.20830667500002
8373,349,233.15754310000005,332.22400894999964
8374,349,238.4096804,243.57515319999996
8375,349,183.9691787750001,205.42528687500004
8376,349,140.93816180000005,177.408632125
8377,350,156.31329802500017,143.57903525
8378,350,162.48527170000003,151.97704109999995
8379,350,174.6312764750001,171.43075015000005
8380,350,146.7115466500001,172.68996975
8381,350,172.34809452500014,152.56390652499996
8382,350,156.87827227500009,186.45358844999998
8383,350,190.36129807500012,192.12904692499993
8384,350,194.5311224500001,189.59075637500004
8385,350,244.8511344000002,218.04501324999967
8386,350,233.8184054250002,306.53122194999986
8387,350,228.50932050000034,276.68922147500007
8388,350,246.9570060250004,378.9639352999999
8389,350,278.0027504250004,229.4109799750001
8390,350,278.0684227500001,272.2529377499999
8391,350,223.21139402499998,227.82424667499993
8392,350,265.31966560000046,203.29106494999996
8393,350,228.74421970000014,284.69817260000013
8394,350,289.0487099000004,277.9277001999999
8395,350,240.09054940000019,280.2102567249999
8396,350,255.42720240000017,257.53376525
8397,350,294.0473291750001,307.05909135
8398,350,293.59805040000015,242.13868889999998
8399,350,214.20906675,248.16073459999976
8400,350,166.73694702500006,168.04378044999999
8401,351,152.4612411000001,155.08682795
8402,351,136.85712507500003,165.92248412500004
8403,351,118.18180667500009,149.03271345
8404,351,151.83387687500002,162.45472045
8405,351,163.85411632499998,165.60025619999988
8406,351,246.97326652500027,201.13511187499995
8407,351,205.8885001250002,252.69141414999973
8408,351,259.52390920000045,266.2098871999999
8409,351,291.29409245000033,208.94616117499993
8410,351,291.69893057499996,224.46930439999988
8411,351,309.4057105500003,291.4214714999998
8412,351,213.6261421499999,391.680984575
8413,351,271.8693550250001,294.531511775
8414,351,277.4535572000001,243.8123235
8415,351,249.6166401750001,281.98548534999986
8416,351,227.3054752750001,274.80695449999996
8417,351,252.8597627500002,246.66331825000006
8418,351,300.90013217500024,259.8273231249998
8419,351,324.4063005500001,311.5886818750001
8420,351,282.8847748500001,304.61639872499995
8421,351,229.0729465250002,269.62708912499977
8422,351,216.3999637500002,203.65120194999983
8423,351,218.29593722500016,167.838898525
8424,351,206.60716105,191.5625544249999
8425,352,165.19569700000005,171.5154777999999
8426,352,134.98976144999995,161.30805604999995
8427,352,143.63434347500007,161.99247279999986
8428,352,162.9277685,194.2538692749999
8429,352,199.71367310000016,179.42016684999993
8430,352,183.216898525,231.07498049999998
8431,352,223.3677213250004,243.7380154
8432,352,271.5419736,297.41153699999995
8433,352,335.524654075,261.4367835749998
8434,352,318.97028285000033,291.1014439749997
8435,352,387.32916862500025,261.74653907499976
8436,352,254.18507987500013,301.14160849999985
8437,352,352.9062269250003,322.6168393749998
8438,352,327.73001125000036,293.1656307499997
8439,352,246.63836832499987,313.4772519749997
8440,352,370.0631704500002,361.7167719249999
8441,352,268.90746340000004,301.73530772499987
8442,352,259.14445872500005,267.19697767499986
8443,352,300.3539332500003,266.28896849999995
8444,352,245.634494925,252.09786114999991
8445,352,214.24584825,238.2532840999999
8446,352,286.64645155000017,251.08186997500007
8447,352,213.77639667499997,234.21254579999987
8448,352,184.01551744999995,187.1767673
8449,353,140.51401027500023,186.8805731
8450,353,130.95773072499995,166.573331325
8451,353,174.47292962500012,163.76528979999998
8452,353,178.95597419999999,154.0650945
8453,353,200.88329857500008,174.76055462499994
8454,353,224.82561370000002,221.94994517499998
8455,353,227.01619002500007,233.1342075500001
8456,353,292.6803641500001,231.1472416250001
8457,353,323.55736982500025,203.82176402500002
8458,353,323.85909812500023,223.15850012499993
8459,353,323.2767188250001,288.72243904999993
8460,353,279.7670814000003,290.68739112499986
8461,353,243.51336437500018,283.593934225
8462,353,259.46611355000016,257.12871702499984
8463,353,247.51753247500005,269.083301225
8464,353,203.6564146750001,261.17986669999976
8465,353,260.56694752499993,270.459258225
8466,353,257.6766236000001,329.0647339499999
8467,353,264.47435999999993,279.17779662499987
8468,353,290.4740079750003,355.07011502499984
8469,353,276.96607807500004,296.5276295999998
8470,353,277.7301897500001,259.84721555
8471,353,350.4078285750003,276.91699812499996
8472,353,234.23407757499996,220.20437612499995
8473,354,185.63893030000003,141.49730942499994
8474,354,146.93843844999998,161.77025732500005
8475,354,170.5426441000002,215.51285702499996
8476,354,172.80853512500005,205.781968925
8477,354,215.35203287500002,217.88780064999992
8478,354,252.9725174250001,192.8230176249999
8479,354,314.87360550000017,234.73060767499987
8480,354,296.39409557500005,230.57298505000006
8481,354,313.13282097499996,297.92425360000004
8482,354,383.63654314999997,236.5073696500001
8483,354,279.812601075,329.3570298249997
8484,354,281.6945019500001,285.1458032999999
8485,354,273.5688720249999,277.106056225
8486,354,249.12203210000013,264.0040247500001
8487,354,257.82212367500006,283.5312207499999
8488,354,270.3022452750002,291.29512427500003
8489,354,227.5295317500001,287.35038077499996
8490,354,276.12501525000005,249.55564679999986
8491,354,247.25580480000013,300.14910874999987
8492,354,230.94035035000024,251.86828374999988
8493,354,322.2533854249998,264.03258887500004
8494,354,260.5877802750001,268.42065324999993
8495,354,248.65866122499995,267.5793021999999
8496,354,216.865147225,277.58460887499996
8497,355,232.26925282500002,207.26114749999994
8498,355,212.84718847499994,206.215127275
8499,355,166.31926580000004,226.25376199999997
8500,355,224.1473523500002,216.5878632749999
8501,355,204.0921246500003,218.88900937499994
8502,355,189.0200658750001,218.25516617499997
8503,355,237.77070277500002,280.0722727000001
8504,355,354.2621953500005,230.42780755000013
8505,355,292.40079605000005,249.49055857500002
8506,355,311.7409018750003,282.5880153999998
8507,355,311.8719089250001,300.6410663249999
8508,355,250.7321618250001,272.9943534
8509,355,246.164398225,233.17586474999996
8510,355,170.70739567499987,317.6384277999998
8511,355,269.5039110250002,323.2679368249999
8512,355,213.71358355000012,287.6825876999999
8513,355,238.230728575,230.79165285
8514,355,325.0797316750001,252.93499447499988
8515,355,320.1311403000003,229.27985634999987
8516,355,241.56840627500014,266.2157872749999
8517,355,269.76435562500006,280.688580025
8518,355,187.55640762500016,210.49497252499998
8519,355,208.90373612500002,235.812463375
8520,355,179.0988455000001,184.46124727499995
8521,356,178.2970340750001,163.65975492499996
8522,356,170.0125449250001,164.47506425
8523,356,146.064682425,192.70362822499993
8524,356,161.97136507500016,174.55788230000005
8525,356,168.2174839000001,168.48685489999997
8526,356,172.62678022500015,201.59474624999993
8527,356,222.75249025000016,235.71961225
8528,356,272.1375057749999,258.759077475
8529,356,276.21579504999994,254.2184711999999
8530,356,192.99391530000025,255.84607262500003
8531,356,248.53409895,222.26063944999984
8532,356,231.05763937500032,290.45347015000004
8533,356,272.89636214999996,298.2624732750001
8534,356,202.8745542500002,219.25400502499986
8535,356,159.1489269500001,193.828959
8536,356,180.8832164750001,195.4360779499999
8537,356,273.6338935500003,203.083460025
8538,356,289.5386773000002,273.7664068249999
8539,356,244.15199837500006,205.734987625
8540,356,242.10070589999998,272.9177485250001
8541,356,241.86507037500002,231.66291707500014
8542,356,209.9544229750001,218.22180987500002
8543,356,200.97881729999995,206.52508669999997
8544,356,186.5200938000002,182.62702725000005
8545,357,163.00939362500003,173.42364015
8546,357,134.9470248250001,163.45346574999994
8547,357,140.78163052500008,177.6235945999999
8548,357,142.0400770000001,153.22253307500003
8549,357,202.40958847500008,163.23345150000003
8550,357,158.50370202499994,198.79223087499992
8551,357,200.40941340000015,209.21129462499994
8552,357,191.27465832500025,196.58473612499972
8553,357,259.30816597500007,257.73781562500005
8554,357,211.8890693250001,327.25838657500003
8555,357,223.83166755000002,315.4620002750001
8556,357,244.29139994999997,251.48842182499976
8557,357,231.14199385000055,246.35601200000008
8558,357,191.25281185000006,284.85174812500003
8559,357,192.48863262500012,225.81507525
8560,357,213.94422657500007,161.50964475000012
8561,357,245.47077819999987,201.30453169999993
8562,357,267.69029505,346.95683674999975
8563,357,225.66814475,260.45071637499996
8564,357,258.04947565000015,217.06425729999995
8565,357,244.53464500000004,238.67832977499984
8566,357,282.009516,186.11181454999974
8567,357,170.19085230000002,206.33007802499986
8568,357,178.35763155000032,155.92910849999993
8569,358,152.71376877500012,150.2217321
8570,358,121.01054357500007,132.10028555000002
8571,358,158.74334050000004,160.44663449999993
8572,358,157.85997835000012,150.10113959999984
8573,358,155.53052462500006,146.27010544999996
8574,358,222.11187422500004,180.0071281249999
8575,358,216.44288897500002,195.07027437499994
8576,358,234.44745790000024,229.65812885000008
8577,358,239.93599830000005,288.97695709999994
8578,358,278.0037250250004,290.40767245000006
8579,358,256.01434727500003,292.192610075
8580,358,268.78380652500016,197.9798659500001
8581,358,259.4736719499999,196.04418934999984
8582,358,293.19953132500086,237.29280155000004
8583,358,208.7852122,268.97177457499987
8584,358,221.25616915000035,237.3841747500001
8585,358,238.28353267500006,227.05267579999995
8586,358,230.59086220000023,250.2594940999998
8587,358,223.13970415000014,273.4910638749998
8588,358,247.67630060000027,250.03949097499995
8589,358,234.08299059999993,254.10126282499994
8590,358,210.85222894999998,233.46982352499992
8591,358,210.96635995000014,198.50686642500003
8592,358,184.0280105000001,180.40851127500002
8593,359,181.24559695000002,162.30383064999995
8594,359,162.57084917500012,148.48875115
8595,359,143.30111135000016,131.99196750000004
8596,359,164.82573837500013,182.86076542499995
8597,359,142.84680855000016,159.76431444999992
8598,359,189.32963305000015,169.67733962499995
8599,359,176.79248145000003,167.58280292499998
8600,359,164.60384840000023,216.61845872499995
8601,359,177.28185935,259.13448682499984
8602,359,207.30496382500007,244.25685447499984
8603,359,237.07909047500007,225.13317737499995
8604,359,238.72151055000018,223.182177875
8605,359,240.81695552499994,240.3755876249998
8606,359,229.1707300250002,198.79013132500006
8607,359,202.78389410000017,219.74220287499998
8608,359,171.27890172500003,207.39266954999982
8609,359,229.42805495,232.4171787250001
8610,359,199.0687593250001,225.8128735249997
8611,359,244.46854857500017,252.71799894999998
8612,359,233.03674532500008,247.42941820000016
8613,359,257.9323693500001,165.2793247249998
8614,359,214.58694114999992,250.11755757500003
8615,359,216.92459010000005,171.2729264499999
8616,359,193.79022247500006,157.50918217499992
8617,360,129.959670275,141.74129557499992
8618,360,155.9212364250002,144.51567487499995
8619,360,121.14268077500006,155.62287795000003
8620,360,167.6685484500003,194.21185379999991
8621,360,139.08290900000014,197.75726917500003
8622,360,151.93681567499988,210.0026474249999
8623,360,175.82138292499985,169.86694162500018
8624,360,223.42749027500014,220.46566245000005
8625,360,224.97988757500016,218.83867527499984
8626,360,262.8361215750001,304.90370792499994
8627,360,213.16121125,305.96790274999955
8628,360,272.79944922500005,321.142391975
8629,360,181.12900805000004,268.24848967499975
8630,360,218.99381192500027,215.2201109249998
8631,360,210.62471772500012,265.244789875
8632,360,216.47689189999986,260.11800805
8633,360,256.56470242500006,216.2835853749999
8634,360,249.83162732500017,242.77701947499992
8635,360,276.2506044500002,206.2839984999999
8636,360,323.25910205000014,262.96426105000006
8637,360,237.613650225,258.49509132499986
8638,360,231.74718235000006,243.83605447499986
8639,360,159.3621968249999,162.11423237499997
8640,360,181.1733240750001,186.09869179999995
8641,361,167.8208400000002,174.43199614999997
8642,361,189.89037755000012,165.301164675
8643,361,166.03459022500004,149.97771212499987
8644,361,221.88460254999995,187.59171832499993
8645,361,165.8454953250003,137.1458627250001
8646,361,237.64110702500014,162.97410909999996
8647,361,184.35408402500016,213.40846424999992
8648,361,258.6234401,278.879121175
8649,361,292.02467217500026,284.94690835000006
8650,361,231.31072977500003,299.0891667249999
8651,361,281.23892112500005,275.29835055
8652,361,276.15415387499996,254.35113902500012
8653,361,238.30828452500012,285.0560582249999
8654,361,261.04237397500003,272.83964749999996
8655,361,199.16517765000012,266.06629502500004
8656,361,221.05754057499996,274.7721575999997
8657,361,208.07615935000013,267.797207775
8658,361,244.50455697500007,263.91258059999984
8659,361,195.45293770000006,265.14740222499984
8660,361,253.64205792500007,242.8363532499999
8661,361,264.8938665750001,207.24784094999995
8662,361,245.13751082500016,254.49184834999966
8663,361,271.27413082500016,211.0570983749998
8664,361,201.62242915000036,184.40379597499987
8665,362,210.31967305,216.85812779999998
8666,362,184.02906617500003,212.31133307499994
8667,362,162.73506132499998,167.86913420000005
8668,362,156.01333552500023,204.75915985000003
8669,362,164.12391482500007,180.72295312499995
8670,362,202.49422700000002,272.5406792499999
8671,362,225.0670011750001,223.50937799999977
8672,362,274.3632645250002,233.62752282499997
8673,362,249.53766127500012,253.145040675
8674,362,262.447446125,245.57903354999976
8675,362,343.4832122500001,320.4385802250001
8676,362,254.53706560000018,312.90108854999994
8677,362,190.56930575000007,249.99752532499986
8678,362,222.35271610000007,270.08777179999987
8679,362,222.09285019999993,209.13294914999994
8680,362,241.20303100000024,261.5026651750001
8681,362,185.0082811,215.2380439499999
8682,362,273.22410567500026,275.46697659999995
8683,362,216.07259119999998,248.69884849999988
8684,362,292.0543103000001,297.7222843999999
8685,362,285.2420160250007,225.84400134999984
8686,362,235.19968122500023,239.06752379999995
8687,362,192.35344332500011,178.13416829999989
8688,362,180.53969715000005,165.11667049999994
8689,363,115.01604522500006,182.3130446
8690,363,158.37134787499997,135.98608467499992
8691,363,149.86698395,170.52675107500005
8692,363,152.02228747500016,150.28097602500003
8693,363,163.86994120000028,137.59709287500002
8694,363,235.78582260000002,138.2663465
8695,363,202.16265290000004,158.82443477500016
8696,363,212.0795074250003,197.41973072500005
8697,363,212.6633623249999,191.50692497500006
8698,363,283.73721337500024,234.21719482499986
8699,363,363.92168017500006,290.01789837499996
8700,363,322.3258774750001,259.60457369999983
8701,363,256.129554325,243.41498629999995
8702,363,224.58384427500005,265.95594772499993
8703,363,249.59908885000021,208.22130364999984
8704,363,239.26406257500008,214.27657944999987
8705,363,266.7848508000001,215.46947104999998
8706,363,211.57257722500003,173.070676825
8707,363,229.89781647500018,251.7144999250001
8708,363,247.07280959999994,272.68270925
8709,363,247.3482186250003,249.80183562500008
8710,363,219.81250157500023,227.79326404999978
8711,363,166.64743105000042,205.07656124999994
8712,363,142.39116670000004,247.94487004999993
8713,364,203.67631355000003,185.59442219999994
8714,364,193.44838532500026,165.09402989999995
8715,364,167.5921961000001,192.12887067499997
8716,364,175.17100842499997,198.35156409999996
8717,364,180.79517005000002,216.51397084999996
8718,364,188.37498330000022,216.34865037499986
8719,364,199.8577992000001,236.24610814999994
8720,364,218.32706247499993,197.74651005000004
8721,364,222.15018062500025,239.79168519999996
8722,364,245.51939927500032,313.79548832500006
8723,364,272.0029607750001,212.86386212500005
8724,364,247.7338310000003,219.75154037500008
8725,364,213.35373587500027,251.9724667000001
8726,364,264.3317973750003,230.23004997499996
8727,364,240.5914143500001,200.51059107499998
8728,364,258.86076185000024,227.750814
8729,364,226.8451559000001,257.7495050999998
8730,364,246.6001142750003,253.09651777500008
8731,364,254.31009389999997,209.91854059999997
8732,364,290.51741477500013,282.38205784999985
8733,364,233.67184007500003,250.1225206000001
8734,364,181.75613852499993,198.75878254999995
8735,364,180.02331467499997,188.5009306999999
8736,364,169.75652472500008,190.18296380000004
8737,365,163.53573905000016,163.5717972749999
8738,365,164.66669685000014,172.55227020000007
8739,365,152.16201057499998,184.63304997500006
8740,365,161.99244117500007,167.58407927499994
8741,365,179.47306594999998,166.20903114999996
8742,365,177.25852112500002,154.06183034999998
8743,365,242.47343990000002,248.11844765000006
8744,365,245.40182059999995,228.01468279999995
8745,365,201.03843347499992,246.49114560000004
8746,365,259.10029357499997,292.39323194999986
8747,365,265.5003494750001,302.24510454999995
8748,365,224.50054509999993,328.31526834999994
8749,365,258.4825769749999,272.40198054999985
8750,365,217.10348865000003,271.0977801750001
8751,365,202.91685829999994,190.92508544999993
8752,365,234.39650442500013,236.99566780000004
8753,365,146.53754935000018,245.9749850999999
8754,365,167.75510682499987,265.91466340000005
8755,365,196.23951050000034,290.75818497499995
8756,365,238.35127855000007,307.002065575
8757,365,214.67439342500026,282.90394494999987
8758,365,194.64677997500016,207.9209911249999
8759,365,236.0043951000002,190.08171127500003
8760,365,218.83360027500038,198.68366350000002
