hour,day,reserve_up_MW,reserve_down_MW
1,1,180.8748626750001,177.56554872500004
2,1,184.52598205000007,131.40136415
3,1,134.53043870000002,140.414684625
4,1,113.15174047500005,124.92358087499996
5,1,165.99648457499995,143.42146235
6,1,163.74449852500004,199.07542449999994
7,1,186.63032885,212.4562472
8,1,213.73037802500022,187.32984702500005
9,1,232.4141463000003,180.89604317499993
10,1,216.2445458750002,242.96310424999996
11,1,193.38508097500016,196.8571685750001
12,1,234.63583950000015,248.82373604999992
13,1,278.66245974999987,231.2121476499998
14,1,246.53160777500023,250.19861552499998
15,1,237.09714872499993,208.24597422499988
16,1,221.32091212499992,246.60444267499992
17,1,219.9837386750001,202.884575725
18,1,217.90216930000014,275.7610606499998
19,1,245.23403767500008,214.91033170000003
20,1,273.8454908999999,217.2903034499999
21,1,184.78196675000012,228.02502277499985
22,1,269.8058431000005,243.22656187499996
23,1,161.9986607750002,188.69057965000002
24,1,155.450837425,147.77138372499994
25,2,101.61932379999995,135.5395329499999
26,2,151.0977226,152.557366575
27,2,136.21481985000008,146.94078277500006
28,2,137.23290105000012,133.5589573
29,2,149.58950632499995,116.73104117499996
30,2,169.00347585000003,181.75512357500003
31,2,182.9314450249999,214.17832447499995
32,2,196.4255936500001,223.1550646500001
33,2,240.9220436500001,256.01225252499995
34,2,251.49755365000044,222.82168785
35,2,254.80256507500013,249.2853952250001
36,2,295.01688590000003,238.70271694999983
37,2,225.15588480000014,279.5394276000002
38,2,371.6495394750003,258.1001261249998
39,2,245.30365180000018,291.96697747499974
40,2,276.503039175,255.53420004999992
41,2,229.73868732500003,190.71347017499994
42,2,311.5977824749999,237.84940274999985
43,2,242.84329630000013,264.3537589750002
44,2,230.7216016500002,227.87142064999978
45,2,233.67131194999996,235.894866025
46,2,202.65689240000015,231.80177642499993
47,2,187.0950245250001,247.74572172499995
48,2,183.1060661250001,140.0261223999999
49,3,163.99424585000003,168.32997144999993
50,3,128.6841202750002,119.0884827
51,3,170.23507442500014,137.14415144999992
52,3,128.316310975,143.883194625
53,3,147.07206607500018,191.97595082499993
54,3,208.2379831500001,197.6841852499999
55,3,239.1607499000001,235.3698638250001
56,3,269.2353165500001,258.3577528750001
57,3,295.74830095000004,290.71894632499993
58,3,227.12175707500006,263.0598299000002
59,3,237.0390650500001,319.6500962499998
60,3,290.37103475000004,278.860825975
61,3,252.8399170500004,270.15133754999994
62,3,203.1241652000001,236.83801957499998
63,3,299.51944534999996,195.55548027499998
64,3,224.45100125,240.0852224
65,3,241.35144255000017,194.14691829999998
66,3,253.7043314500001,239.03419624999998
67,3,387.7843237750001,207.64948687500004
68,3,253.23536717500002,259.88909260000014
69,3,241.51113767500016,247.50347130000006
70,3,240.14743237500016,208.81443020000006
71,3,175.35536992500005,195.66992412499997
72,3,162.69618457500007,186.54832894999993
73,4,186.23183570000012,167.75365955000007
74,4,126.517707075,160.71439887499992
75,4,132.43510279999998,127.78352082499998
76,4,116.01921777499999,160.17706987499997
77,4,150.91010027500008,155.1388289749999
78,4,187.61479337499992,207.04908629999989
79,4,210.0476152499999,230.88362732500013
80,4,276.19444745,311.61256417500005
81,4,314.5600398750001,270.86420449999997
82,4,231.59334877499992,340.5189322499999
83,4,244.05196635000004,338.9184392499999
84,4,282.7217648000001,302.9311567750001
85,4,260.24972335000007,201.7324555500001
86,4,419.0887999000002,240.40567467499983
87,4,237.66474484999998,264.3411695499999
88,4,245.78693255000007,250.57684365000017
89,4,241.6386735750003,218.39167597499997
90,4,241.6618777000003,252.45155882499984
91,4,244.83680897500017,258.08397219999983
92,4,274.4476864250005,205.0086251250001
93,4,256.82788302500023,220.3528539
94,4,279.74846325000016,254.286251925
95,4,199.08645140000016,179.10711892499995
96,4,168.373453825,180.48130907499998
97,5,168.5077899000001,177.23073742499994
98,5,132.103338275,119.91835332500003
99,5,150.8182418500001,119.41054629999991
100,5,153.50602995000034,168.97298702500004
101,5,200.08833412500007,152.08430522499998
102,5,200.28423845000003,171.8395069999999
103,5,212.90140755000007,226.3661947
104,5,196.73399972500022,320.58743845000015
105,5,297.8265520750001,298.05827767500017
106,5,256.57953610000015,247.21859152499985
107,5,279.8262666,274.38911780000007
108,5,288.6723700000001,314.50935525
109,5,307.96623059999996,254.40940094999985
110,5,254.08976724999997,253.17936569999995
111,5,210.85503407500028,298.26773345
112,5,276.99710445000005,307.21501132499986
113,5,228.37476639999994,234.71108050000004
114,5,214.98958932500022,218.4787884999999
115,5,296.5109474250004,237.37302664999987
116,5,330.304883375,270.59332047499987
117,5,272.87635529999994,276.99362702499997
118,5,229.44455254999997,216.0141848749999
119,5,196.2973795000003,168.65661882499995
120,5,144.41473757500012,151.22667342499997
121,6,143.25701280000004,141.005785075
122,6,134.35639642500024,139.82748812499995
123,6,160.197570375,159.066632025
124,6,187.18527565000022,121.53482002499995
125,6,190.93857437500012,140.42680697500003
126,6,231.57136130000015,207.8559566
127,6,211.12283472500002,220.7330524749999
128,6,210.53520732500013,222.356241425
129,6,272.64490382500003,322.73938414999986
130,6,250.111729125,271.28898565
131,6,297.41425485,227.24113180000003
132,6,303.4170412750001,224.19157325000003
133,6,231.327740275,300.29401372499996
134,6,225.15409867500023,229.8007033999998
135,6,218.61545812500003,235.6636734000001
136,6,208.05537935000032,231.2291884500001
137,6,222.72478662500015,318.94384322500014
138,6,226.70964402500007,296.0731911749999
139,6,257.81021595000027,273.50961252499985
140,6,267.0433958500001,237.24318799999975
141,6,246.0869326500003,221.50937437499985
142,6,225.11843412500008,173.32015020000006
143,6,220.45645355000005,180.06001294999993
144,6,201.46922122499998,175.19114952499996
145,7,139.9730489000003,156.98027835
146,7,152.4866818750001,153.96578184999993
147,7,104.2356497750001,148.609547625
148,7,129.96913739999997,159.66927419999996
149,7,166.13068005000014,143.04504497499985
150,7,152.0262241000001,208.21453897499998
151,7,209.57685099999998,191.78484610000004
152,7,222.09968074999995,230.3671962499999
153,7,241.49777432500014,223.068878725
154,7,328.48526549999997,257.9709570750001
155,7,234.466120875,271.23366349999986
156,7,304.7992327999999,293.7439971499999
157,7,186.57466217500007,266.889241075
158,7,164.22917434999988,216.53630867499987
159,7,199.89154127500024,216.59578935000002
160,7,228.78454205000003,203.1104663
161,7,216.36015700000002,212.2359877249999
162,7,233.98135237500006,265.45590410000005
163,7,229.0637927499999,187.33993337500004
164,7,213.83699300000018,184.44180610000018
165,7,234.843579675,261.185641825
166,7,236.69538282500014,203.32620917500003
167,7,164.02904625000014,211.6099811
168,7,161.15717824999996,182.226888
169,8,135.65377315,153.05383917500004
170,8,171.39830690000014,152.89886499999994
171,8,143.3608725250001,149.08251345
172,8,147.8593282000001,133.68849865000004
173,8,151.09642182500005,210.737228125
174,8,208.82036387500023,139.56035057500003
175,8,174.58546675000028,162.77217997500003
176,8,222.7352252,184.51450162500004
177,8,203.10980310000048,259.2333629000001
178,8,207.72886622500036,254.39097517499982
179,8,189.51732729999998,171.60974110000006
180,8,244.12927810000008,262.60270572499996
181,8,244.20317200000022,210.59336417499998
182,8,271.9527494999999,196.3709998749999
183,8,232.18144290000035,254.44197074999997
184,8,236.48248539999997,204.551588925
185,8,185.92736085,219.72546617499995
186,8,227.14518922499997,194.42263637500005
187,8,232.36794152499994,251.85756524999988
188,8,171.88123245000008,236.23697777499996
189,8,203.86517635000007,241.97909520000007
190,8,173.87311254999986,189.052807375
191,8,181.87926602500005,144.79062632499995
192,8,156.64744294999997,145.229153175
193,9,113.66268442499998,123.77683994999995
194,9,152.2753619,100.53353190000004
195,9,120.85190672500005,109.47747259999994
196,9,116.10074529999996,157.019377825
197,9,182.7121890250002,209.48571192499998
198,9,205.60724147500002,253.86314972499991
199,9,223.61701362500025,230.48594335000004
200,9,316.93511290000015,203.88993995000004
201,9,261.14703375000016,314.38683079999987
202,9,269.19252172500023,306.50381604999995
203,9,290.0368381500006,269.76120242499985
204,9,277.0490659750003,239.18262664999995
205,9,251.60886915000006,232.18736665
206,9,239.64267985000004,258.5199514
207,9,203.72068699999988,219.42949679999998
208,9,335.848147475,196.88585309999985
209,9,283.9618192999999,262.0637797250001
210,9,194.63726810000003,245.6680010249999
211,9,271.64497775000007,240.80128232499987
212,9,266.6885237250002,264.07247102499997
213,9,267.3986745999999,225.78210484999997
214,9,215.18633680000022,193.43905262499987
215,9,198.84580607499998,147.89963409999993
216,9,172.6631677250001,159.62582007500004
217,10,160.37851762500006,157.63722704999998
218,10,148.943817575,128.55161712499998
219,10,124.60295547499997,122.44387895
220,10,139.96221562500006,135.84434872499997
221,10,180.4749276500001,163.1913865749999
222,10,293.15461945000004,191.26600804999998
223,10,215.01188345000057,196.65835114999985
224,10,333.4495214,286.2650329500001
225,10,291.87881445000016,271.887491225
226,10,327.0637541000003,258.6463306499998
227,10,286.40371295,263.93092935000016
228,10,282.9959582499999,235.21022287499997
229,10,297.81739460000006,233.45408285000002
230,10,250.19198772500005,218.17292674999987
231,10,199.94298077499997,189.108067425
232,10,265.67791292500027,275.8820769750001
233,10,222.49322022499996,280.66837062499997
234,10,301.47459630000026,221.81998175000015
235,10,280.81120154999996,247.47549767499999
236,10,213.621845425,320.117340775
237,10,264.74953962500007,203.396115975
238,10,205.6184980249998,177.91255332500015
239,10,203.90690285000005,183.13399785
240,10,169.68335277500006,167.42708234999992
241,11,169.17915167500013,162.4121676749998
242,11,144.86285310000008,145.4614598
243,11,174.85154822500033,150.06075765000003
244,11,109.11003177500007,140.30707919999986
245,11,164.83350700000005,168.73176242500003
246,11,246.50371177500023,188.12285272500003
247,11,225.62230307499993,183.5227913749999
248,11,253.16013050000026,167.01401702499993
249,11,327.0185930000001,302.8474461499998
250,11,283.27329172500026,272.39482209999994
251,11,349.2942173000006,311.9390513999998
252,11,302.80377575,231.77085659999997
253,11,229.16635187500003,179.3336032250001
254,11,295.9276334,278.21056709999993
255,11,305.00772010000003,274.38160202500006
256,11,214.56581460000012,213.65514034999995
257,11,281.7604588000007,216.21342949999996
258,11,213.42397549999995,235.76875375000003
259,11,273.1520373000001,269.3394540499999
260,11,281.1579575499999,199.9697618499999
261,11,210.39304214999981,233.90302710000003
262,11,213.0832983500002,240.095566675
263,11,176.70775415000003,152.392270875
264,11,169.64344882500018,147.921782425
265,12,205.14076902500003,157.61589252499994
266,12,110.40289482500003,166.26593365000008
267,12,116.701794225,143.46241612500003
268,12,153.01049347500003,159.5782318999999
269,12,208.1454472500002,181.2682257
270,12,206.64820235,198.2469045499999
271,12,228.342463875,250.56423667499996
272,12,248.31509330000017,256.21424547499987
273,12,267.46905542500036,312.29289352499984
274,12,249.88623762500004,270.89596715
275,12,305.78011950000007,271.23939474999986
276,12,302.2775701000001,327.94175905
277,12,228.48235850000026,276.47944705
278,12,245.39105694999984,250.08921777500007
279,12,197.62279410000005,261.29259374999987
280,12,242.70579225000046,263.3682041249999
281,12,216.7615351,191.07019032500017
282,12,229.7566720500002,236.08549287500009
283,12,277.4290912500002,245.68467407499992
284,12,267.5722860249999,180.7566308499999
285,12,281.65185859999997,243.18377007500004
286,12,199.20857367500003,210.9624906749999
287,12,148.18315185000006,169.10543817499996
288,12,197.83555552500002,158.305057075
289,13,136.90431254999993,194.11266589999997
290,13,153.15813322500003,152.66661064999997
291,13,136.62576345000008,153.03253219999996
292,13,139.12674215000013,183.08470299999993
293,13,158.877155125,218.20400704999992
294,13,186.8057533,180.74333969999998
295,13,253.37874910000016,231.47358304999995
296,13,286.67350887500015,240.84535577499997
297,13,301.5556798750001,288.909158375
298,13,326.97515845000044,331.51964432500006
299,13,265.28154160000025,315.4644296000001
300,13,232.15478805000004,278.3146286499999
301,13,267.9413878249999,259.9598955749998
302,13,220.712143925,231.84842579999986
303,13,265.9963447000003,280.19188105
304,13,257.9302287499999,254.37783824999974
305,13,259.4660024000001,231.09943484999988
306,13,257.95446562500007,263.09943095
307,13,315.36213620000024,233.16344564999997
308,13,274.57776160000014,279.40286842500007
309,13,289.3219405250007,234.4817773749999
310,13,242.37911865000007,207.22708674999996
311,13,174.49539692500025,156.01869292499993
312,13,138.11354152500013,169.69451627499998
313,14,144.2132384,177.33115605
314,14,149.67956625000005,134.70848305
315,14,144.14630445000006,159.032160875
316,14,167.24394727500004,132.76644664999998
317,14,133.69985685000017,150.57456607500004
318,14,180.76063490000016,200.78966652499997
319,14,192.76717992499994,190.72917677499993
320,14,223.1966171500001,236.64463914999988
321,14,258.7858202500001,232.83132427499993
322,14,312.44973274999995,204.27342199999987
323,14,282.7926579500006,296.74910232499997
324,14,273.69264575,295.59658097499994
325,14,258.9939211749998,245.40303042500008
326,14,218.31438815,160.61229759999986
327,14,181.64070822500014,210.2561736249999
328,14,284.7745076249999,234.99067809999997
329,14,220.47288219999996,214.78690395
330,14,290.94036552500023,311.38158324999995
331,14,208.82864280000035,241.20824487500005
332,14,226.47114230000005,267.6848084999999
333,14,199.676399225,190.72385030000012
334,14,194.34353164999985,253.62081387499993
335,14,151.00488629999995,172.389339875
336,14,174.9905544000001,141.266848725
337,15,180.6550777750001,167.204465825
338,15,133.0587511750001,118.81715930000006
339,15,118.00770535000001,183.2853983249999
340,15,140.5079567250001,117.31008044999999
341,15,138.11534654999997,152.40781464999992
342,15,169.4495461000002,190.71663584999993
343,15,149.64757597500025,168.756541475
344,15,197.86235335,234.83072102499983
345,15,238.69868129999986,261.21780117499975
346,15,202.41575920000008,186.55993255
347,15,217.06093335000003,287.160185125
348,15,232.2039969499999,203.03910725000014
349,15,248.08523804999996,196.46441449999986
350,15,260.97432960000003,243.74247055
351,15,217.2337055249999,229.11170994999998
352,15,240.9364932750001,267.03712325
353,15,243.0842678000003,258.8805110249999
354,15,211.71173577500008,272.03645724999984
355,15,321.99990260000004,291.4865225750001
356,15,233.89878732500017,271.44199147500007
357,15,235.35778729999998,213.9269468500001
358,15,196.88446477500017,140.81573177500005
359,15,184.12956762500008,182.9088999
360,15,130.46773850000002,172.31498204999997
361,16,116.26523267500002,118.69829229999999
362,16,139.54631332499994,126.42152272499993
363,16,146.47469994999994,144.99802554999997
364,16,151.80897350000006,178.67293637499995
365,16,142.93262724999994,154.14869462499996
366,16,185.86048660000014,211.94426867500002
367,16,279.81102210000057,224.89617990000008
368,16,221.8035098249999,269.76609847500004
369,16,310.6324007500002,235.08090367499997
370,16,238.9547163749999,215.25186537499997
371,16,246.0717275000002,251.33765540000005
372,16,293.70295840000006,338.2531988499999
373,16,268.42281755000016,200.15289589999978
374,16,247.188287225,313.82936157499984
375,16,267.04987657500004,265.71620469999993
376,16,241.1815122000001,254.77546860000007
377,16,230.27684162500015,287.61691224999987
378,16,285.90290157500004,249.11952462499988
379,16,262.0921677500001,253.5313866749999
380,16,312.7881971,253.75858242499982
381,16,233.26700355000008,265.901599825
382,16,240.38179987499996,270.83823707499994
383,16,158.6594299499999,189.39676122500003
384,16,195.80412174999998,118.82699329999994
385,17,184.38132297500005,145.08147545000003
386,17,162.297031775,138.50613239999996
387,17,145.384391475,137.00598509999992
388,17,134.98987770000002,166.21552542499995
389,17,187.648448625,171.73549610000003
390,17,239.77502994999992,212.00004382499998
391,17,170.373456575,272.7527893749998
392,17,267.12183527499997,255.39326445000012
393,17,285.830870525,258.99648434999995
394,17,304.81804235000027,257.84351355000007
395,17,253.89989755000005,327.08305495
396,17,232.01696067500018,290.4510864
397,17,255.55245192500013,327.98755349999993
398,17,242.39121860000012,190.28458287499987
399,17,292.05779747500003,220.30457037499997
400,17,250.0148577000004,236.41032560000008
401,17,256.31564775000015,262.91123914999986
402,17,227.1118161500001,251.8782259750001
403,17,301.905274375,313.4454528
404,17,236.3278262000003,272.95311997500005
405,17,267.83686557500016,233.3700769749998
406,17,222.63625067500004,249.300263075
407,17,195.0391831250002,173.516627025
408,17,174.10285435000011,154.0095336249999
409,18,183.6407311250001,162.32304849999986
410,18,181.54019115000023,155.73341452500006
411,18,147.6490074750002,154.87085987499992
412,18,170.21264077500007,164.56607822499996
413,18,177.40653630000017,219.6633700499999
414,18,197.58884335000005,227.5807824499999
415,18,321.80923485000017,231.83670100000006
416,18,243.8272405000002,256.8467027500002
417,18,272.758143525,277.02992429999983
418,18,329.6184988250003,253.5154243249999
419,18,226.4200381999999,290.65809887499995
420,18,241.30271187500006,353.0585241749999
421,18,235.27546572500012,281.83114415000006
422,18,203.05691857500005,288.03131099999996
423,18,197.70877950000033,274.2334961749999
424,18,257.18740427500006,235.32891795
425,18,193.36296705000012,210.754049125
426,18,274.9367424999999,196.96899260000006
427,18,259.6450956000002,294.3690045
428,18,274.427513225,216.05433644999977
429,18,274.53749170000026,219.1775717
430,18,256.1491079250003,347.55669049999983
431,18,182.1084774500001,198.02078789999985
432,18,170.94195835,201.18965919999994
433,19,200.672404025,157.22708087500004
434,19,144.49089515000003,169.96427365
435,19,173.3956341000001,117.01348477500002
436,19,163.9919899250001,174.75573407499996
437,19,186.26384149999996,180.89973877499997
438,19,198.1518862250001,219.05607812499994
439,19,290.43342377499994,259.8300027249999
440,19,302.315980725,295.02335652499994
441,19,306.79128952500025,238.39646027500007
442,19,345.1320920000003,287.38886809999997
443,19,291.72064392499993,301.8258215499999
444,19,224.43102762500013,307.28534434999995
445,19,224.27473340000026,270.363419525
446,19,285.9936214499999,249.18024485
447,19,263.81925637500024,271.733059725
448,19,255.46457682499997,199.00383842500003
449,19,255.08306492499997,231.64110237500012
450,19,264.3143249500002,277.80355152499976
451,19,232.6149776500002,302.45120460000004
452,19,265.6712737749999,233.12518047499998
453,19,191.71444232499994,198.71368802500007
454,19,247.2614629499999,229.3643628999998
455,19,223.64887952500032,220.3148258
456,19,192.328408825,181.321118275
457,20,174.2162314750001,122.70749307499995
458,20,152.99187055,121.11792027499993
459,20,124.90159097500012,158.5278328999999
460,20,177.80369687500007,140.246919375
461,20,176.597663875,166.68534227499998
462,20,216.10343212500013,162.94906685
463,20,223.99694270000015,235.78299587499993
464,20,237.52845454999994,231.18810180000003
465,20,258.7851375750003,286.8265012999999
466,20,322.5661381000002,301.7685596999998
467,20,305.30024842499995,263.93384147499995
468,20,344.769939,224.50037915000013
469,20,233.72543410000014,231.84902114999994
470,20,214.73496910000023,278.73106232500004
471,20,240.10643254999997,274.40554222499975
472,20,241.51133222500007,242.63489944999984
473,20,220.4128314499999,234.48568922499976
474,20,264.86975685000004,203.76429305000005
475,20,238.88612025000037,203.53760454999997
476,20,272.9606294000001,274.918586
477,20,278.7316517750002,243.70132667500013
478,20,208.43060217500016,226.7597899
479,20,228.12911370000018,178.79093207499997
480,20,168.43709385000005,185.21413935
481,21,196.82142215000027,190.55446622500003
482,21,151.60357232500013,193.02708189999998
483,21,210.05937767500006,157.23345792499993
484,21,156.22397867499996,149.46871184999992
485,21,171.19864832500008,169.037749775
486,21,125.3212474250002,199.27400162499993
487,21,247.02090950000002,185.60095439999992
488,21,170.37058165000013,221.92523399999993
489,21,291.7939671000001,230.72792194999985
490,21,293.1734149500002,231.94753202500007
491,21,285.02028559999997,274.54393977499996
492,21,226.73816907499997,325.1269009499999
493,21,247.93888700000022,228.13837155000004
494,21,230.24083170000011,215.5923791000001
495,21,251.88772627499998,206.0871987
496,21,202.074115425,213.24670572499997
497,21,208.7634405000002,166.4785459750002
498,21,234.58011570000014,217.49820567500004
499,21,192.43583327500005,272.595832
500,21,213.96655152500009,192.0311700500001
501,21,227.94937427500008,274.7587987999999
502,21,242.56510762500017,242.1288472249999
503,21,218.736777175,202.30690892500007
504,21,220.04673760000006,197.32576690000005
505,22,183.35317470000007,180.02538924999996
506,22,160.40668332500002,159.644166225
507,22,152.41749089999996,177.54797692499994
508,22,192.33030712500002,176.95025629999998
509,22,227.11832582500006,194.613276125
510,22,151.9372650000002,200.00763817499995
511,22,217.89356652499993,213.68973624999992
512,22,257.50911047500006,211.36306225000004
513,22,231.65080585000004,202.5498463749998
514,22,247.0868657499999,224.57738397500003
515,22,208.99100097500013,241.63861962500002
516,22,202.88430585000015,259.11565229999985
517,22,287.8758718,206.4090594499998
518,22,272.48632599999996,225.53422532499985
519,22,186.8826690500001,264.53918637499993
520,22,250.95120915000004,288.0749426250002
521,22,278.2024337750002,225.05052627499998
522,22,203.0422240000001,193.65540987499992
523,22,268.26061482499995,204.0751402749998
524,22,273.14998585000046,208.77017910000012
525,22,258.80906445,295.92304742499994
526,22,232.68357367500013,245.0660933999999
527,22,187.55334857500017,196.66146587499998
528,22,183.98034612500015,171.02152082499995
529,23,164.7713904250001,204.68993947499982
530,23,143.56345280000002,191.78972949999996
531,23,151.49360607500006,140.0449119
532,23,152.98357882500005,182.31298040000001
533,23,149.13885252499995,179.49060379999992
534,23,251.60601005000012,215.14722074999992
535,23,223.6607972999999,217.36362137500015
536,23,221.73392880000034,261.60558257499986
537,23,306.1519200000001,231.8138232999999
538,23,324.21029195000017,284.5977186249999
539,23,297.84349692500007,221.61351854999978
540,23,310.41063505000017,290.60846720000006
541,23,287.95118785000017,296.6219956999998
542,23,322.21578292500055,330.2786762999999
543,23,290.5739462499999,325.80992234999985
544,23,332.04072877500016,223.80976169999985
545,23,280.864838975,262.93189357499983
546,23,253.88366374999998,276.725226275
547,23,303.13076590000054,236.39443467500007
548,23,310.054396725,276.32511305000014
549,23,229.39767352500013,271.907476975
550,23,217.81531600000022,185.78441347499992
551,23,237.2762327499999,187.89674019999995
552,23,187.68773225000004,188.41748350000006
553,24,211.35438177500015,149.5706982750001
554,24,187.7226383250001,166.39994227499994
555,24,179.97261249999997,151.2765381
556,24,152.06263989999997,166.930587725
557,24,226.21828379999988,168.01290199999994
558,24,233.7401142750001,233.77217160000004
559,24,193.69211030000017,235.51833494999994
560,24,209.4299589,295.57675499999993
561,24,273.72989364999995,266.49119965000017
562,24,270.44777022500017,255.1350768749999
563,24,339.7390522250002,301.4388723999997
564,24,293.6792035499999,289.7070605000001
565,24,317.43058229999986,259.426797975
566,24,232.30999045000016,277.01304572500004
567,24,301.91587060000023,264.713087675
568,24,213.2282227750003,228.8870526249998
569,24,231.92552920000008,261.971809775
570,24,266.79127105000015,282.38216557499993
571,24,262.76681220000023,241.8628893249998
572,24,265.08050489999994,283.0147327500001
573,24,257.5616377750001,257.6984056749999
574,24,238.3123435250002,240.256277525
575,24,209.14756497499982,180.51758297499987
576,24,131.11700365000007,177.5675066749999
577,25,134.75075290000012,166.57562625000003
578,25,152.05200327499995,147.56952712500004
579,25,116.861482325,161.62281912499992
580,25,150.30085947500004,145.14160459999994
581,25,178.89293145,134.20356047500007
582,25,185.55924539999995,187.30775434999998
583,25,259.16018490000016,220.90583637500004
584,25,276.0724661000002,284.4544227250001
585,25,285.247027325,277.11594967500014
586,25,268.73132484999996,389.76370995
587,25,296.2171564,306.44541082499984
588,25,288.99483257500003,270.0105326500001
589,25,261.3795063,262.6588428000001
590,25,257.33727470000025,269.46028982499985
591,25,250.1951339500001,217.84885445000015
592,25,250.53534210000026,255.967075675
593,25,227.74761100000006,236.12565814999982
594,25,290.25452247500016,311.60966222499974
595,25,303.21721532500004,251.6021334999998
596,25,253.2738581500002,270.9436585999996
597,25,286.9676182,219.64412137499994
598,25,196.82757250000003,259.3595226749999
599,25,196.51834885,204.21934222499993
600,25,147.04716554999993,163.42232497499995
601,26,98.08031919999999,178.61796624999994
602,26,139.2433560000003,143.50809057499993
603,26,127.94264224999999,175.66978062500007
604,26,194.87130179999997,121.32377575
605,26,175.66561175,176.50094259999995
606,26,193.5551723750002,187.68376617500002
607,26,213.68244074999996,242.1376910499999
608,26,273.93113297500014,268.85154654999997
609,26,263.24216970000043,259.68520724999996
610,26,286.13212540000006,257.32606895
611,26,341.04509565000023,243.91281137500008
612,26,344.4798260500006,253.84285332500008
613,26,248.4295743000003,243.96313482499994
614,26,297.12847485000015,297.6883401749999
615,26,265.75819965000005,194.84679974999992
616,26,243.31098177499996,217.55746165000005
617,26,267.4047864500003,289.055788475
618,26,195.4143094250002,253.59955297499985
619,26,275.1168041249998,284.4773410749998
620,26,196.24521232499995,284.91912455
621,26,239.22211717500005,262.13377705000005
622,26,164.223152775,251.64658909999991
623,26,180.71346237500012,197.60410285
624,26,175.95163342500024,176.272636175
625,27,169.37638624999994,162.638500375
626,27,149.86490287500018,126.91592027499993
627,27,135.90520892500004,156.982843575
628,27,124.89713077499994,150.11461709999986
629,27,125.38620577500001,147.99820442499998
630,27,217.3353318250002,184.349363025
631,27,258.2711800999999,239.46052707499996
632,27,247.940745425,234.13957375000004
633,27,283.80391235000036,270.21571449999993
634,27,313.1992949500001,289.080694225
635,27,282.9784090500001,312.928155975
636,27,251.8172792250001,267.2314319000001
637,27,316.8399731000001,253.21522740000006
638,27,273.21344107500016,226.01162287500006
639,27,217.31165057500016,232.2668402749999
640,27,172.75979527500016,207.063185675
641,27,260.1010566500001,242.40386832499996
642,27,214.05373757499993,242.0370650750001
643,27,236.257814625,220.26441005000007
644,27,242.95606622500026,278.03397735
645,27,235.0920261500002,202.3568398499999
646,27,212.00839062500012,197.66713604999998
647,27,186.5532560000002,230.00339797500004
648,27,142.84345180000014,176.97904617499992
649,28,145.36020535000029,176.57244462499978
650,28,110.79067215000006,147.75365899999997
651,28,139.2658256250003,146.46371524999998
652,28,145.89036317500006,138.48307959999997
653,28,181.59646375000028,132.28900170000006
654,28,190.73524502500004,169.121090525
655,28,211.4360630500001,154.03586655000004
656,28,224.61914632499992,191.07214429999985
657,28,245.9210210250002,203.99251099999998
658,28,239.3436189500002,235.69961387499998
659,28,293.5484725000004,312.46542159999973
660,28,329.78933917499995,288.7389907249998
661,28,218.86127007500005,257.50440214999986
662,28,241.8268296750001,215.26473487500007
663,28,201.93163070000003,214.3941021249999
664,28,200.75076350000023,209.32040064999998
665,28,211.00848367500032,237.58104527500006
666,28,196.76104814999988,251.1487584250001
667,28,260.3778461750003,221.35997852499975
668,28,234.79020195000015,204.43144497499998
669,28,208.76230120000017,276.04985149999993
670,28,226.8929442750001,171.90970177499992
671,28,168.72909892499996,175.91655557500002
672,28,152.89205087500002,161.016827525
673,29,152.26296105000014,126.32926864999993
674,29,129.57696732500006,113.60323884999998
675,29,144.79262954999996,118.06378437500001
676,29,140.17626952500012,132.69774322499998
677,29,141.2665129,142.56533252499997
678,29,187.0901766,179.33287912499995
679,29,202.82511344999992,164.98925944999996
680,29,208.52830964999993,188.26368845000002
681,29,218.99682050000024,155.20645205000017
682,29,201.64145717500003,220.02433089999994
683,29,221.63090377500012,206.64119049999985
684,29,234.54411250000027,226.7432679999999
685,29,229.46527779999997,256.151717775
686,29,259.01399307500003,242.58585115
687,29,195.0547595,194.852012325
688,29,206.97340472500002,278.3515279749999
689,29,225.04527452500008,247.00627102499993
690,29,189.76700700000023,281.996306525
691,29,204.5386253750001,262.26348060000004
692,29,233.94790615000008,255.45710257500005
693,29,266.56142009999996,224.57601912499996
694,29,214.81245242500006,176.13573607499995
695,29,177.10488697500014,187.72681262499987
696,29,136.53202870000013,134.59521557499994
697,30,99.30077550000007,101.03053035000002
698,30,140.38113634999996,139.419686
699,30,143.97398365000006,156.99379127500004
700,30,146.54429857500006,121.84513487500001
701,30,156.15307310000009,168.72626244999992
702,30,190.0592905750002,180.5572121
703,30,274.3806662750003,225.78497414999993
704,30,270.68578712500016,235.1791130250001
705,30,241.70520092499993,247.51361024999977
706,30,216.30604760000023,264.60203464999995
707,30,218.2629053250002,315.8812746749999
708,30,291.1216950249999,275.547232925
709,30,261.1267716000003,252.86642987499994
710,30,294.71165707500006,192.80841837499992
711,30,206.0813495750002,288.97208045
712,30,223.8716160750002,217.94381972500003
713,30,226.86061915000013,247.952940625
714,30,289.8733310750001,230.57651837500003
715,30,219.8592148500002,263.66318455
716,30,228.33607082500015,253.74823989999996
717,30,278.1583245500002,234.88281972499988
718,30,232.42347407500014,209.00355762499993
719,30,215.8392055500001,190.2998625499999
720,30,184.73649617500018,165.26232315
721,31,143.77496889999998,148.48125479999987
722,31,154.26906525000007,148.89994355000002
723,31,162.41881339999992,148.11430952499998
724,31,124.93652567500004,144.77616445
725,31,175.60414025,158.5165981
726,31,214.640202675,197.9695254999999
727,31,242.31076720000004,254.96567902499976
728,31,247.07817402500018,203.8284706999999
729,31,215.27135355000024,221.50115449999987
730,31,338.5506960250001,284.2152829999999
731,31,273.5622712499998,321.2105054499999
732,31,260.4186894750001,306.4585420000001
733,31,323.1357530000002,258.171858
734,31,241.0286395250002,243.73141474999983
735,31,239.03887192500002,242.1611408749999
736,31,202.58172552499997,240.6648162749999
737,31,207.96479787499993,180.79366622500004
738,31,211.20382797500002,242.33868817500007
739,31,234.67286002500012,280.98821817499993
740,31,261.04466105,244.54597699999994
741,31,197.260365675,259.46426779999996
742,31,220.8508884250001,213.00723924999988
743,31,201.83503294999997,169.91187457499993
744,31,138.9308340250002,186.29871827499989
745,32,132.27817345,142.817880075
746,32,143.1762129000001,148.242428975
747,32,118.00472217500007,162.10412102500004
748,32,145.16022695000004,164.34634464999996
749,32,165.43286220000005,167.61200052499996
750,32,195.98089565000015,158.027145475
751,32,197.23401282500004,215.92315507500007
752,32,231.81988847499997,261.676096
753,32,274.45657292500005,249.65373652499989
754,32,322.7251012750002,222.39592709999988
755,32,228.0928498500001,266.20338985
756,32,319.4063642500006,221.35237109999986
757,32,249.82132167500018,247.71783494999997
758,32,254.8220216750001,217.51997129999995
759,32,289.43120992500025,234.17905257499984
760,32,223.67837730000053,278.76355904999997
761,32,198.87021862500018,256.2837223000001
762,32,227.31686164999996,221.69555332499982
763,32,280.0063875000003,349.729596425
764,32,224.1593654000003,238.764562
765,32,279.2912009499999,197.7357407749999
766,32,229.26923567500003,215.1449257499999
767,32,185.57191257500006,194.20660014999999
768,32,144.817708225,150.69527237499994
769,33,164.72490622500004,167.22446222500008
770,33,170.99245717500014,160.13982649999997
771,33,119.98407347500003,176.03622257500004
772,33,181.88445547499998,129.90684240000002
773,33,161.77444267499996,149.15612784999993
774,33,209.47818637500043,175.64334162499998
775,33,227.91309222500013,212.13229337500013
776,33,267.64265005,288.67584364999993
777,33,290.2335792250002,299.4102272999999
778,33,256.92786277500016,293.7340705749998
779,33,325.05079690000036,258.29799887500013
780,33,297.5448816500001,319.5752731249996
781,33,253.80062102500005,247.293280175
782,33,236.25098367500007,283.9993851249999
783,33,249.16245892500018,209.07309825
784,33,235.23183847499996,237.34417422499996
785,33,238.07456037499998,225.97541134999983
786,33,248.7255082749999,244.90268192499997
787,33,225.52305132500015,381.072611325
788,33,204.7907115500001,282.4547553749999
789,33,246.50091667500007,195.04056185000007
790,33,189.2104492750001,224.13172727499995
791,33,170.78613905000026,155.83167277499996
792,33,154.88000662500002,139.490875975
793,34,133.64373427500016,142.07112827500004
794,34,193.8342728500001,130.48003882499998
795,34,143.10863600000013,119.26817909999986
796,34,150.32173435000016,126.23673254999997
797,34,145.1804093500001,189.78000559999995
798,34,215.93234097500002,161.1842252
799,34,196.26306875000012,200.41077322499999
800,34,304.30747007499997,235.74644744999983
801,34,281.1802675250002,257.60273814999994
802,34,288.2491528500001,264.02996459999997
803,34,253.8024711750003,314.9219488250001
804,34,307.98440922500004,234.80487032499997
805,34,256.9505185250001,286.49935385000015
806,34,260.9075745500003,273.31354105
807,34,227.74134072500024,210.11915562500008
808,34,204.2716215750002,203.87047235
809,34,164.23742195000008,218.58655025000013
810,34,208.6579842250002,201.033488675
811,34,268.074209475,232.13621367500014
812,34,236.98821987500003,224.67216664999995
813,34,250.6154558500001,271.5482553
814,34,246.2802065000003,262.14518545
815,34,155.48759877500007,213.4814172000001
816,34,198.2622071500001,201.44461735000004
817,35,154.93231300000002,167.91908402499996
818,35,192.30747927500025,158.8759795499999
819,35,130.82514874999998,144.0865191499999
820,35,137.59126624999996,139.9568636250001
821,35,201.9215074250003,144.83215645000007
822,35,196.4676173750001,172.340803
823,35,217.12212832500012,218.20944387500003
824,35,249.53937927500016,228.76237045
825,35,218.12028685000018,251.29331049999996
826,35,256.8591087000003,272.54945104999996
827,35,282.33248685,278.38069429999985
828,35,250.45893680000017,244.14899895000002
829,35,249.08849665000037,218.08995664999986
830,35,194.0648089250002,215.92859024999984
831,35,240.69850904999993,270.05532299999993
832,35,188.41543275000015,212.39608267499995
833,35,202.8134530000001,203.79767359999988
834,35,229.7218777500001,217.9159733749999
835,35,219.85207587500017,271.0318522750001
836,35,228.0793369750009,268.01488432499974
837,35,209.14636510000003,245.01276672500006
838,35,190.91308737500032,237.28310439999996
839,35,233.2278287000001,168.04185067500003
840,35,156.976516775,210.70852179999991
841,36,121.75671704999993,165.83395252499986
842,36,153.78967632499996,136.983983525
843,36,130.71865602500006,134.18986712499998
844,36,171.04983182500015,152.20076669999992
845,36,220.1858557750003,175.28562967499997
846,36,215.5949830750001,212.36674594999988
847,36,189.5861872500001,202.65505664999998
848,36,183.7068918000001,187.54991277500005
849,36,233.97208687500012,219.74908295000006
850,36,228.44374505000022,199.168103475
851,36,307.3235342000001,238.12545222499975
852,36,185.936771625,262.6600484750001
853,36,234.78424320000016,307.08381015
854,36,202.00529175000014,211.96437150000003
855,36,267.9460016499999,317.58790475000006
856,36,224.15438864999993,197.51460932499998
857,36,253.98227135000013,233.56564165000003
858,36,279.0472489000002,225.63311207499996
859,36,223.5390232000001,245.96608982499964
860,36,239.4199680750002,209.90607657499993
861,36,219.7878976000003,229.48931142499984
862,36,164.5659372249999,220.13979827500003
863,36,190.71843090000033,173.69557690000005
864,36,187.55912507500034,195.653641375
865,37,151.01185252500005,153.87428902499994
866,37,142.37163485000013,125.23033955
867,37,138.24275649999998,136.91462957499996
868,37,179.89417967500012,161.75610792499998
869,37,180.05317895,135.60672392499995
870,37,187.77435642500018,244.92584805
871,37,219.4437761250001,263.462641575
872,37,246.14160917500016,250.04779579999996
873,37,260.61378750000006,275.92698985
874,37,281.92058210000016,313.25759385000003
875,37,206.71221022500026,307.6429635249999
876,37,284.9897700250001,300.16703865
877,37,312.07291347500006,293.98233497499984
878,37,311.1144256,216.90591402500013
879,37,229.8925432500002,290.0240695249999
880,37,248.39260630000012,322.0005030999999
881,37,266.30947405000035,245.94763132500012
882,37,273.8972761000001,254.42729587499988
883,37,265.83290102500024,269.0217579249999
884,37,288.6744272000003,247.39749642499999
885,37,220.2627893,227.53962947500008
886,37,226.69483107500008,226.25610629999989
887,37,204.85542212500022,213.93985614999997
888,37,191.73780395000026,156.1743085249999
889,38,193.55226060000004,174.33423205000003
890,38,152.6703124000001,146.75455429999988
891,38,176.78088620000017,211.00048955000005
892,38,156.7231387250001,172.89081264999993
893,38,178.18648162500017,208.92385512499993
894,38,201.7067538750001,172.47525979999992
895,38,265.5885182999999,199.53529744999994
896,38,203.91831612499993,294.38698185
897,38,322.24191075000005,264.72473277500006
898,38,300.688971325,325.342566525
899,38,275.9962027500002,338.75976037499976
900,38,256.10255412500015,265.031101925
901,38,238.54133422500007,238.18692492499991
902,38,209.6770169,312.411253375
903,38,220.58512522500007,262.5936517749999
904,38,214.51898444999995,243.4311908499998
905,38,279.86159262500007,177.55277602499996
906,38,251.0571459750001,294.72339447499996
907,38,235.76310002499986,258.2876355500002
908,38,231.90618242499994,293.3102882249999
909,38,242.7842616000002,225.23157284999988
910,38,170.02565219999988,199.88693177499994
911,38,161.05083267500032,145.51663409999998
912,38,148.57504310000002,144.66580099999993
913,39,150.38632552500007,142.784694425
914,39,115.49610070000006,144.42317662500005
915,39,131.9303611500001,146.956188925
916,39,214.99080460000002,151.94834147500003
917,39,117.13301850000005,151.2080948
918,39,208.4483070500001,209.75017722500002
919,39,229.87512402500016,209.19140525000006
920,39,242.79896797500032,188.1320628750002
921,39,225.7977442250003,291.44228042500004
922,39,283.60546025000014,255.31929792500006
923,39,291.3565762750002,300.0992825249999
924,39,250.28180022500015,197.92733947499983
925,39,242.16052879999998,195.820838525
926,39,182.89756327500012,269.501891
927,39,227.20686650000016,241.44089370000006
928,39,266.48777347500004,234.91345582500003
929,39,245.07908790000016,212.36965439999994
930,39,237.22638027500005,260.9035265499999
931,39,293.6547048750001,258.0851044749999
932,39,284.398588775,243.66080050000005
933,39,254.01005162500002,213.58574810000005
934,39,242.09736922499997,224.13710064999998
935,39,204.40010042500035,228.41892064999996
936,39,181.70655652500008,191.250176275
937,40,191.05515602499997,183.82575967499992
938,40,125.67351940000006,148.88502752499997
939,40,164.199735175,164.37213880000002
940,40,193.368008475,183.02419077499988
941,40,150.63839472500013,186.02246519999986
942,40,210.91283415000015,192.16180387500003
943,40,227.35491047500005,216.5127141000001
944,40,298.43047052500026,266.04860214999997
945,40,283.2735872500001,229.42344355
946,40,312.36738259999987,220.36232112499988
947,40,300.30294542499996,287.27121255
948,40,332.32726467500015,276.72726509999984
949,40,231.24657907500028,227.149511575
950,40,277.4863967500001,227.9943655249999
951,40,279.96414159999995,283.5770309749998
952,40,216.55304840000014,261.82975949999997
953,40,212.8722710250001,226.61720652500003
954,40,253.92814237499988,230.8086283249998
955,40,273.8443858000002,243.67896539999987
956,40,254.08609405,297.08040905
957,40,226.93410655000008,292.20427715000005
958,40,200.06166680000013,201.36127097500002
959,40,169.36954600000013,170.10209732500005
960,40,152.86666707500007,169.28565637499992
961,41,112.68259127500002,123.23840727500004
962,41,143.37950905000002,99.99380212499992
963,41,127.57205140000005,112.67872015
964,41,132.83184957500015,149.05097204999998
965,41,168.9996249250001,135.2904179249999
966,41,169.23043989999996,179.44938957500005
967,41,239.24263895,244.6029142499999
968,41,283.23047565000013,226.64508994999989
969,41,242.31884687500022,269.7853852000001
970,41,264.8976288749999,343.4988311499999
971,41,261.9864966500001,261.21164017499996
972,41,224.0426858750001,275.3074525749999
973,41,238.34357145000018,226.9532233749998
974,41,236.52169572500003,278.38069464999995
975,41,220.72731115000028,244.65046394999996
976,41,237.942292125,242.20297837499982
977,41,228.05682387499996,260.8249845249999
978,41,204.29906319999986,278.8364969249999
979,41,310.0145920250004,266.44948742500003
980,41,171.69880227500028,243.18732382499996
981,41,227.99863757500006,222.4941661249998
982,41,271.45534622499997,234.28218734999996
983,41,166.63766810000004,157.95293182499995
984,41,145.81141619999994,178.61769099999998
985,42,149.53254102500006,142.2494499499999
986,42,122.28844907500012,141.795078825
987,42,110.46623537500002,122.80116817500007
988,42,120.86821745,128.34654182499997
989,42,145.56347520000008,164.31442727499999
990,42,167.8864525250001,201.85189989999995
991,42,180.32134085,189.51302319999996
992,42,185.22358080000015,202.21466977499995
993,42,269.75717177500024,205.68971279999997
994,42,243.69392740000006,191.80915127499998
995,42,252.04288682500024,239.18821102499993
996,42,272.2737883249998,239.22115509999986
997,42,229.97358844999997,234.60063802500014
998,42,215.32064934999994,224.66689054999986
999,42,221.08893252499996,229.80942549999997
1000,42,210.22192195,180.7224619
1001,42,178.41873044999994,271.4914061249999
1002,42,230.41451885000018,225.672795475
1003,42,213.01185282500023,194.08418294999984
1004,42,265.44078444999997,218.42029582499976
1005,42,205.6938740750001,222.58916057499994
1006,42,203.44780365000014,224.92502124999996
1007,42,141.58476182499993,173.37828230000002
1008,42,159.32548102500004,167.160974975
1009,43,138.00577077500014,148.89965365000003
1010,43,101.54596410000006,132.40451859999996
1011,43,144.83791157499996,139.05363734999992
1012,43,135.71265775000015,154.17450557499984
1013,43,135.8104817250001,178.3369780499999
1014,43,200.19094280000002,156.79672165000002
1015,43,213.69734472500016,168.66259897499998
1016,43,217.05917699999992,204.9282630749999
1017,43,238.1806367000001,219.23783424999988
1018,43,228.18151090000026,235.8984708249999
1019,43,279.28098750000004,236.73010889999983
1020,43,206.9870484000002,217.82615222499993
1021,43,288.16637854999993,159.1045046000001
1022,43,231.17500537499996,247.88389810000007
1023,43,228.7703104250001,213.17288655
1024,43,265.47851115000003,206.81665195000005
1025,43,206.0037999750001,255.64335577499997
1026,43,187.18890245,220.66350584999998
1027,43,246.4999959999999,225.31894320000004
1028,43,207.34229570000014,222.30213529999992
1029,43,300.1068011750001,158.4560396750001
1030,43,218.66458537499992,253.55158055
1031,43,177.12896517500008,195.31152997499998
1032,43,188.36190822500004,146.60288499999993
1033,44,150.52719654999999,149.47397052500003
1034,44,106.51571452500005,124.261724775
1035,44,141.58671720000004,154.2042865749999
1036,44,162.5044520000001,145.49355994999993
1037,44,200.3147481750001,253.01902832500002
1038,44,190.85283162500005,241.61910832499996
1039,44,242.6992977000001,224.2487050999997
1040,44,242.09571427500015,266.170202475
1041,44,300.68877697500005,254.94585667500007
1042,44,314.2888203750001,236.64089427499994
1043,44,236.18870750000008,254.0604242
1044,44,298.33204115000024,261.22192140000004
1045,44,319.4846336500001,230.94826900000004
1046,44,292.82878602500034,254.85135359999992
1047,44,264.0903604000001,268.9545162499999
1048,44,238.69138550000008,276.41173677499995
1049,44,279.82424667500004,325.847650875
1050,44,196.97551777500013,283.21392650000007
1051,44,192.6870927999999,249.95417170000013
1052,44,295.2716251750001,210.60513537499992
1053,44,182.43600787500014,292.6354363499999
1054,44,193.35330010000007,181.79159317500006
1055,44,204.5543865250002,205.6001049
1056,44,156.65749730000005,172.3692008499999
1057,45,159.942838075,141.18537867500004
1058,45,116.79105567499998,132.53656490000003
1059,45,156.61240227500008,148.37101115000004
1060,45,142.5102213750002,120.22777042500003
1061,45,134.57257202500014,140.41773997500002
1062,45,156.08572892500007,182.35792282499995
1063,45,240.5705810000003,256.14164732499995
1064,45,252.9962354000001,264.59918729999987
1065,45,309.91043147500017,260.87883052500007
1066,45,309.938170325,297.60324657499984
1067,45,315.5096282250001,285.26961664999976
1068,45,309.36530677500014,310.6185721500001
1069,45,243.69655110000022,287.2045729749999
1070,45,266.0574056749999,187.8317277499999
1071,45,203.45317095000001,241.12734879999982
1072,45,252.41667737499995,223.69430499999996
1073,45,222.53704750000006,186.17827049999983
1074,45,192.1713846500001,231.26859359999986
1075,45,239.9024299750002,236.71696794999994
1076,45,275.59736179999993,215.20153395000006
1077,45,265.6475246999999,218.86442820000008
1078,45,220.49281537500016,202.82740205000013
1079,45,194.72421862500028,183.717829725
1080,45,171.884547925,199.9886993749999
1081,46,179.56751812500025,179.472427375
1082,46,143.72558150000003,138.54208664999993
1083,46,149.14248950000012,120.72681060000005
1084,46,156.0665276000001,181.46724880000005
1085,46,188.09814497500008,193.15086735
1086,46,174.18836725,178.692328575
1087,46,208.19184252500014,219.7298790999999
1088,46,249.4637059750005,278.343317
1089,46,262.45844295,264.72085384999997
1090,46,367.1645804500002,298.36978884999985
1091,46,344.1606585750002,269.1887530750001
1092,46,271.5000960750001,283.17072032499993
1093,46,229.00902845000005,246.24151075
1094,46,309.384300875,232.24778602500007
1095,46,280.9936956250002,235.82607257500013
1096,46,237.96949170000013,270.7158545750001
1097,46,265.24087687500014,218.90734447500012
1098,46,200.9712308000002,280.79804972499966
1099,46,224.08142765000008,258.5444775749999
1100,46,269.11654010000024,267.4713339749997
1101,46,225.83289370000014,242.80148062499995
1102,46,248.53703260000006,204.98935719999997
1103,46,210.3074156750002,230.77460344999992
1104,46,234.46490395000012,187.981832425
1105,47,185.070776325,218.62920317499993
1106,47,192.74993254999993,158.38139012499988
1107,47,163.02871475000012,201.20569992499992
1108,47,155.55549495000014,178.31826387499999
1109,47,217.5311193500001,170.2287010999999
1110,47,257.5630065250005,304.31459035
1111,47,181.55460290000002,247.98079592499982
1112,47,257.5919912000001,240.22946204999994
1113,47,276.4247906250001,254.3924325249999
1114,47,282.75669695000033,249.79748567499996
1115,47,288.64131844999986,265.83661992499987
1116,47,263.58203115000015,273.2892373
1117,47,250.86013820000014,233.0529593499998
1118,47,311.26009767500017,233.58572067499995
1119,47,261.41727270000007,222.3191831750001
1120,47,200.57958592500015,228.5109216499998
1121,47,236.50807615000025,196.27888152500003
1122,47,246.1406329500003,224.8927494
1123,47,279.064364875,253.11307019999998
1124,47,200.32163565000013,254.3350223999997
1125,47,249.92179114999993,275.9149753499999
1126,47,220.20694129999993,229.63312707500015
1127,47,229.70749197500032,248.27746854999995
1128,47,181.89584060000033,197.90918207500007
1129,48,158.6290507500001,159.82483034999998
1130,48,155.5737015750001,147.82433767500004
1131,48,147.17652827499995,159.3566816
1132,48,162.49118445,134.92281005
1133,48,163.54966565000004,144.483627775
1134,48,154.9181944,182.38314790000004
1135,48,200.0688834,220.46821857499998
1136,48,193.44387347500006,207.11822802499987
1137,48,269.95838157500003,251.28781647499994
1138,48,299.7212335750001,301.12063197500015
1139,48,306.1852181500002,314.1023717999999
1140,48,178.30940000000012,246.3272353250001
1141,48,312.1424187500001,278.30048180000006
1142,48,246.32810630000066,196.66515239999998
1143,48,304.2947474250002,232.47221167499993
1144,48,214.90980387500008,278.8916020499999
1145,48,210.41936085000026,210.79186534999994
1146,48,203.46720670000008,214.82862662500008
1147,48,212.70816147500003,250.661312525
1148,48,252.88160602500017,244.76971602499992
1149,48,179.40710500000006,231.99541807500003
1150,48,248.4966954500004,244.349783075
1151,48,156.43427645000008,158.74636489999997
1152,48,129.47479104999996,146.44131817500005
1153,49,166.11148852500014,163.44161814999995
1154,49,95.01142227500003,123.86706284999988
1155,49,160.85218327499996,117.56203729999999
1156,49,116.967580175,143.99974504999994
1157,49,123.86957317500007,191.49587752500008
1158,49,158.78500522500005,147.22844635
1159,49,184.47669347500008,186.551430875
1160,49,209.33956700000005,238.24840762499997
1161,49,232.10327842500004,224.78338682499998
1162,49,283.9550717000001,222.5396918999998
1163,49,264.35725457500007,297.1679376750001
1164,49,301.2497871250001,256.67444037499985
1165,49,219.9550070750001,263.74317542499995
1166,49,184.9754815500001,183.7212352749999
1167,49,161.03206642499998,197.93919309999998
1168,49,182.943940875,150.66125432499996
1169,49,197.16127149999994,182.9740883
1170,49,219.36075962500013,217.49758515000013
1171,49,248.45595897500016,217.3289628
1172,49,234.15665154999996,179.64447099999995
1173,49,255.91242680000002,229.6693163
1174,49,198.0841762,206.19878922499993
1175,49,196.80303017500012,132.0298189999999
1176,49,132.61401742500007,160.99562302499993
1177,50,120.64657085000002,157.53235809999995
1178,50,137.74159052500008,137.698376175
1179,50,102.45936820000009,118.727108225
1180,50,113.15504715000003,165.32023732500005
1181,50,144.43441134999998,150.6548386999999
1182,50,198.46243975000016,146.683589875
1183,50,218.8667106500002,211.88984477499991
1184,50,182.89861082500016,230.15398792500002
1185,50,177.07866492500017,233.24885612499997
1186,50,227.6084223250001,254.2801673000002
1187,50,187.49168392500013,215.62844785
1188,50,224.1593265000003,182.74017554999995
1189,50,195.3337197750002,249.01254379999995
1190,50,248.41634277500015,203.52093830000007
1191,50,177.29498087500008,221.19536442500004
1192,50,243.46259282500012,198.78869675000004
1193,50,211.35018337499986,193.91440662500005
1194,50,234.89209252500004,225.23657872500004
1195,50,213.3433151000001,225.80994252500008
1196,50,258.255281325,235.87536205000004
1197,50,255.80167425000025,218.14798417499983
1198,50,171.44981257499992,151.14716852499996
1199,50,153.54145280000006,170.43094207499996
1200,50,142.7718807000001,166.46685537500002
1201,51,118.18880529999998,129.2774984249999
1202,51,194.50103455000004,121.89773129999999
1203,51,162.38319200000012,121.75699320000004
1204,51,141.12386114999998,154.99735657499997
1205,51,146.19761462499997,139.95789297500005
1206,51,188.54560635000004,179.00797422499994
1207,51,157.873744725,231.50237779999995
1208,51,246.79471909999984,229.97045072499998
1209,51,272.1328378500002,301.7120341499999
1210,51,252.783361475,238.9556768749998
1211,51,222.50473577500003,281.2128712749999
1212,51,281.1767078750001,264.642403275
1213,51,341.35063377500006,247.36990287499998
1214,51,270.1147098000001,260.37472664999984
1215,51,226.04900545000004,233.50005302499977
1216,51,190.0686276750002,176.89478442499998
1217,51,210.90445239999997,238.55005362500015
1218,51,213.01252195000035,227.80437287500004
1219,51,275.2466934000003,266.7632278
1220,51,213.45467335000006,287.31864410000014
1221,51,219.602361775,236.09346429999994
1222,51,162.00363462500005,248.96394359999994
1223,51,179.22267497500007,184.68544277499993
1224,51,195.98873887500014,141.61413575
1225,52,124.02042895000005,157.801745625
1226,52,147.89434185000007,146.06096559999997
1227,52,168.20291460000004,121.59930242499999
1228,52,255.85733075,147.60397819999997
1229,52,180.27639322499988,151.91951740000002
1230,52,254.57960989999987,201.9270193999999
1231,52,221.64757155,262.8868356499998
1232,52,322.972151275,213.87577112499997
1233,52,317.6956331000001,293.42072295
1234,52,339.77912432500034,310.9562881249998
1235,52,301.78809667500025,199.18039215
1236,52,255.6135190250003,300.1817306999998
1237,52,264.2883215749999,274.54095889999996
1238,52,265.4063995750002,231.50740187499986
1239,52,262.226756775,200.70640867500003
1240,52,190.17545532500003,258.27956765
1241,52,219.04847487500007,186.03004730000004
1242,52,197.77188530000012,307.20479629999994
1243,52,270.04490455,238.98123687499995
1244,52,230.7503276000004,227.47840167500004
1245,52,259.2899573750001,242.6022632499999
1246,52,198.42288314999996,191.62540322500007
1247,52,215.18182489999998,219.3377005000001
1248,52,140.57910287499996,175.37813702499994
1249,53,182.07271710000026,171.16400737499998
1250,53,142.2234993250001,157.67666979999996
1251,53,170.55655262500005,123.51404304999994
1252,53,191.89831625000022,162.42447189999996
1253,53,169.67557525000018,201.10946074999998
1254,53,189.4389938500002,209.45094540000002
1255,53,202.2397161250001,232.11933837499998
1256,53,227.74387355,205.579399975
1257,53,293.46103779999993,320.32014779999986
1258,53,322.50759912500007,238.1452046499999
1259,53,296.927825675,259.2388783499998
1260,53,263.2994511250002,307.34659742500014
1261,53,227.92423140000005,216.91352187499996
1262,53,254.26206515000032,240.72766532500015
1263,53,248.99907507499995,255.34174240000004
1264,53,260.721073975,241.20502812499979
1265,53,214.04460867500006,208.46929167499997
1266,53,249.73672935000025,326.96506152499967
1267,53,235.4716096250002,239.94117257499994
1268,53,259.93014625,265.2095009750001
1269,53,203.71498177499979,233.69782592500002
1270,53,233.79394010000001,232.8021974500001
1271,53,188.6332329250004,174.37287477499993
1272,53,161.41675937500003,165.32685485000002
1273,54,168.79579315,146.63356362500008
1274,54,168.70508645000015,170.5568118249999
1275,54,153.15405427500005,137.099027925
1276,54,146.13138787500014,190.24844669999993
1277,54,163.21542257500002,158.93315297499998
1278,54,190.7475732750001,230.15913432499988
1279,54,225.3328761500001,251.08006634999995
1280,54,305.3414481000003,265.5999567500001
1281,54,269.0865255250003,251.71445507500005
1282,54,293.16137555000057,299.83772545
1283,54,216.11547655000032,286.26939129999994
1284,54,300.2519074500001,232.47037804999997
1285,54,355.7460910750001,270.6210609499999
1286,54,251.21168600000001,232.33885099999992
1287,54,250.6863375250001,324.1028560999999
1288,54,227.9519265,177.1037088999999
1289,54,213.44328942500005,264.37877349999985
1290,54,283.0417226000002,237.71769319999999
1291,54,225.50572219999998,245.7395510500001
1292,54,247.18390837500027,232.29944015000004
1293,54,287.87090640000037,258.414942075
1294,54,213.40111564999995,196.777439825
1295,54,199.20374799999996,226.76248397499995
1296,54,227.89548090000005,136.6939352249999
1297,55,162.8492066500001,125.62111445000001
1298,55,130.2818525500001,159.16312297499996
1299,55,143.64731297500006,140.33083792500003
1300,55,157.36437722500003,117.27866352500004
1301,55,169.5736202500001,174.2472859749999
1302,55,189.85939722500007,161.4285299999999
1303,55,199.0111081500001,236.69006117499998
1304,55,226.91333797500016,162.81799364999998
1305,55,251.18529892499998,238.11979042500002
1306,55,222.26723082500004,322.8200136999999
1307,55,243.40285727499986,271.064216925
1308,55,244.46604402499995,300.95384702499996
1309,55,214.2215363999999,233.08429939999985
1310,55,255.56199495000016,278.24721994999993
1311,55,278.34404235000005,212.92650389999991
1312,55,220.17976577500042,225.57618749999997
1313,55,214.92021257500008,230.76471807500008
1314,55,212.2145121250001,223.01565482500007
1315,55,252.60764072500007,271.0225194499997
1316,55,243.765541775,227.23817562500005
1317,55,254.94628862500008,246.40889477499988
1318,55,249.5453783750002,144.65576479999987
1319,55,206.73854027499993,186.98367125
1320,55,171.57502875000011,144.06540722500003
1321,56,172.840924825,143.71144245
1322,56,125.92512482500004,124.75619154999998
1323,56,105.00022072500002,134.043488225
1324,56,110.88374264999999,147.63650180000002
1325,56,147.662136825,150.27664872499997
1326,56,181.6846771500001,178.383809525
1327,56,193.19050404999996,126.11011159999993
1328,56,224.05134672500023,176.1943587250001
1329,56,276.98073635000014,193.51652257499995
1330,56,266.468564775,253.5908159499999
1331,56,224.84661899999998,267.93252662500004
1332,56,190.7493166750001,284.93851374999997
1333,56,234.50149832500009,212.56437589999996
1334,56,202.396185675,277.606837475
1335,56,187.50741587500016,238.774291075
1336,56,272.34571117499985,168.63607009999993
1337,56,247.55776947500033,235.23973554999998
1338,56,249.71153432499995,212.6876103499999
1339,56,234.8000327250001,289.7563792499999
1340,56,216.04346490000023,245.03984042499985
1341,56,211.75611432499988,200.09840714999996
1342,56,175.70990492500016,167.812511175
1343,56,178.81950947500013,156.93653012499996
1344,56,150.50972480000019,148.4744037249999
1345,57,130.06076617500014,186.9238354249999
1346,57,119.11426465000001,135.09070995
1347,57,83.56985450000009,116.627236675
1348,57,150.2097666,149.98281647500002
1349,57,142.47139287500016,164.25371247499993
1350,57,170.4774933500001,180.50830517499995
1351,57,208.08114490000014,229.30085792499992
1352,57,189.5112670750001,190.18138192499998
1353,57,217.11800675000023,176.91885799999994
1354,57,219.54304640000015,226.4276718499998
1355,57,200.32349525000018,219.90595119999983
1356,57,245.539680275,236.1838184749999
1357,57,256.54433740000024,256.60596882499993
1358,57,200.43384562500003,167.97602777499998
1359,57,185.35207107499997,180.06924457499986
1360,57,180.13486452500007,213.79537177499998
1361,57,187.98031570000015,217.91804744999996
1362,57,241.567485975,224.1941549749999
1363,57,228.6768426499999,185.32390747499983
1364,57,271.3345796000001,180.99778747500014
1365,57,246.7835934499999,259.09720887499975
1366,57,179.08501090000016,233.59741502499992
1367,57,169.89003477500006,253.723699075
1368,57,158.4108340750002,173.2897327249999
1369,58,146.79526272500004,188.07409439999998
1370,58,147.00810692499994,159.0476418
1371,58,122.586661225,143.62164579999998
1372,58,140.4721861000001,127.49629002500001
1373,58,137.7234199500001,197.89995562500002
1374,58,246.91783522499998,210.18459619999993
1375,58,230.40113392500004,228.34865187499986
1376,58,235.91087625,214.31744219999993
1377,58,270.993617425,226.12278620000006
1378,58,333.57737314999986,213.04843539999985
1379,58,224.21553797499996,252.60333997499993
1380,58,228.10252827499988,287.05633302499996
1381,58,240.00385675,289.7613367249999
1382,58,305.52307270000006,279.029620725
1383,58,247.65496097500034,253.50010415000008
1384,58,206.0276669750001,259.7093159
1385,58,300.18328635000023,269.03071447499985
1386,58,277.8285774750003,233.318464575
1387,58,261.5720095500001,229.7170570249998
1388,58,254.57399712500026,273.91411752500005
1389,58,289.34294924999995,299.05951577499985
1390,58,226.74715727499992,248.69969402499999
1391,58,230.84370754999998,165.12263647499998
1392,58,156.99238365000005,199.34037542500008
1393,59,180.25470200000007,180.166769725
1394,59,129.53728350000006,159.59769890000004
1395,59,148.74389692499994,143.2803858999999
1396,59,169.92985472500004,145.8415507749999
1397,59,178.96887817499987,167.73635937499995
1398,59,157.95927827500014,219.49386497499995
1399,59,232.56890489999984,231.9389493999999
1400,59,262.34610977499983,282.11934940000003
1401,59,274.30406819999996,278.686513375
1402,59,258.7158563500001,283.226671125
1403,59,280.54975057500025,299.39135005
1404,59,301.69992160000015,271.3472845749998
1405,59,297.71912850000007,214.62411685000006
1406,59,266.94333257500006,217.6080542250001
1407,59,307.4149004250006,272.721086175
1408,59,206.47780567499993,201.72565635000007
1409,59,284.1452382499999,211.50596969999998
1410,59,191.14451065000003,260.211779775
1411,59,252.35277892499988,220.32098442499984
1412,59,245.40901505000014,269.01814269999994
1413,59,222.3741836000001,285.2552323749999
1414,59,286.119549125,232.06664044999997
1415,59,195.02592217500012,187.2569858749999
1416,59,142.81788932499995,186.16092989999993
1417,60,191.56871490000003,196.71870002499992
1418,60,157.02982109999996,171.40976874999996
1419,60,121.69244050000003,134.66229205000002
1420,60,158.07269165000002,171.70601184999984
1421,60,140.46221035000016,176.57755654999997
1422,60,197.4075362500002,227.12849677499997
1423,60,242.89420142500012,190.73873002499988
1424,60,296.4080911000001,214.79897717500006
1425,60,266.516570325,228.25521887500014
1426,60,276.9119515250003,306.848096425
1427,60,224.29140127500003,265.79644112500006
1428,60,243.18196707500033,325.7400486999999
1429,60,299.42582365000015,287.38745200000005
1430,60,211.041597675,255.16443085
1431,60,248.15982387500023,225.7357768
1432,60,294.13905939999995,231.6232657
1433,60,255.55729422500005,192.32225167499993
1434,60,303.5959331,234.7168987499998
1435,60,251.7319216000002,237.34753882499993
1436,60,231.11399197499992,242.98111677500006
1437,60,266.8322353250003,211.41376635
1438,60,187.58602335,213.66976889999978
1439,60,216.1253386250002,220.52604002500004
1440,60,154.81253787500003,184.03211717499994
1441,61,167.3220889000001,232.75570672499998
1442,61,190.19151652500005,186.32493694999994
1443,61,170.39976892500016,128.70122767499996
1444,61,132.8366751750001,190.43441182499998
1445,61,172.84087022499992,195.02772954999995
1446,61,233.18862804999998,239.80059492499998
1447,61,235.556850025,270.61101599999995
1448,61,243.13915927500005,249.03999479999993
1449,61,282.79282175000037,267.07266407499986
1450,61,313.5605949500001,336.16436187499994
1451,61,337.72217457500034,280.80445154999995
1452,61,285.5513473500001,315.5680828249999
1453,61,250.24254135,295.0055349499998
1454,61,213.09827995000006,232.2783047249999
1455,61,243.38840902500004,243.26382322499992
1456,61,210.64509460000002,279.4523560750001
1457,61,203.05205604999998,227.22878302500004
1458,61,217.29998060000008,293.32024707500005
1459,61,230.96714539999994,248.0533597499999
1460,61,261.4816796750002,191.5380547750001
1461,61,270.3048415250005,234.49772142499995
1462,61,212.14547094999992,252.05976499999997
1463,61,187.56781262500027,167.06075464999998
1464,61,229.70900002500008,149.42946199999992
1465,62,141.20999497500017,143.18726642500002
1466,62,164.30432617500003,149.41010762499994
1467,62,136.59265292500004,171.27071164999998
1468,62,182.25203764999998,140.15869719999992
1469,62,146.73823097500008,152.82575935000003
1470,62,173.20659470000007,177.75646702499995
1471,62,161.95157627499995,188.72682582500005
1472,62,215.54331640000015,154.63093590000005
1473,62,273.9440497500001,229.78327559999997
1474,62,246.408834175,268.3361401749999
1475,62,220.03421187500018,292.13207417500007
1476,62,257.01243105000026,261.65121445000017
1477,62,213.25408210000018,218.6906464499998
1478,62,257.6669325250003,207.41712232499998
1479,62,240.43361557500032,172.53024207499993
1480,62,224.82049952500012,191.17588302499996
1481,62,208.9063853749999,196.9864964749999
1482,62,232.4090636249999,224.5407369749999
1483,62,261.35553564999987,261.73230105000016
1484,62,280.81729702499996,223.72344624999988
1485,62,181.79893447500018,237.80157450000004
1486,62,177.78890180000013,243.05472017500006
1487,62,214.03500035000008,207.60427192499992
1488,62,170.41073495000018,186.021219
1489,63,142.4205465,180.51358457499995
1490,63,180.5593947250001,177.526575875
1491,63,135.7084414750002,152.252617725
1492,63,145.83588602500012,134.16049619999993
1493,63,150.05099305000007,151.24304012499988
1494,63,173.01210595000012,171.83807597499998
1495,63,183.47772227500002,186.63272792499993
1496,63,258.637493125,225.36516362499998
1497,63,228.104276425,207.0155369750001
1498,63,215.27446519999995,232.8123891499999
1499,63,270.3320859000001,253.8535055999999
1500,63,212.87227580000012,286.7510751499999
1501,63,201.30334122500014,251.94787597499973
1502,63,183.1695601500001,186.53415834999993
1503,63,277.5042461,197.21907644999993
1504,63,218.50300477500048,214.72333474999994
1505,63,189.9073968500002,177.3627500249999
1506,63,158.20484425000004,199.7111539249999
1507,63,255.47673045000005,211.13584592499996
1508,63,258.6683564000002,250.21299682500006
1509,63,212.05564345000002,248.03966932499995
1510,63,143.363898125,171.46806932500002
1511,63,165.1682666750002,187.35310634999996
1512,63,137.27034444999993,121.61841680000009
1513,64,117.39980434999998,125.328056225
1514,64,124.09890380000006,113.99032299999998
1515,64,120.06949655000011,150.10704797499994
1516,64,113.29750465000004,158.70025297499996
1517,64,139.82778417499998,176.29187312499988
1518,64,192.03403182500023,239.78936470000005
1519,64,214.84110445000005,208.52226904999975
1520,64,222.59088862500028,221.05768544999978
1521,64,321.8386995250006,286.32066304999995
1522,64,282.24955215,282.708059675
1523,64,287.61163945,324.6392340499999
1524,64,309.8462973000004,245.26730509999985
1525,64,303.0867881750001,254.17988187499992
1526,64,246.9057828500001,234.99559912499996
1527,64,264.87449044999994,295.9400592499999
1528,64,253.22818582500014,280.620799675
1529,64,293.2397052250002,268.1062676999999
1530,64,276.3316131500002,276.43434720000016
1531,64,283.42818625000024,207.06959484999987
1532,64,220.21333794999993,149.44970515000017
1533,64,241.32525207500024,252.8268611499999
1534,64,254.22085460000005,222.3862582499999
1535,64,225.3295345000002,142.04802694999995
1536,64,160.52312067500026,136.94722854999986
1537,65,117.87313625000002,144.54127179999995
1538,65,113.28984572500005,156.0922973749999
1539,65,140.64602805,141.64604047499995
1540,65,153.68703997499995,155.48826807499998
1541,65,162.1669846500002,115.06536689999986
1542,65,202.2986388500002,246.35865030000002
1543,65,236.82585525000022,254.44131187500014
1544,65,260.7066040750001,288.8144083999998
1545,65,227.72960307500014,262.3101759499999
1546,65,298.43491032500003,314.6569855249999
1547,65,307.84310022500017,323.2329189999999
1548,65,290.4784480000001,262.657677475
1549,65,279.1979331000003,310.5286837
1550,65,289.8777025999999,313.5489837
1551,65,215.03541797499994,253.65275557500001
1552,65,241.42057837500016,236.608182
1553,65,282.7703158750003,242.8892971750002
1554,65,269.48299075000006,264.4377151500001
1555,65,300.3378600000005,270.3844287249999
1556,65,248.49621742500014,317.52054480000004
1557,65,329.8771009000002,205.43075869999996
1558,65,261.512558475,262.72632487499993
1559,65,215.39694517500004,192.05417462499997
1560,65,152.07636487500008,130.8429261999999
1561,66,160.32796075000005,140.919238625
1562,66,157.9574176250002,151.361772475
1563,66,139.24580042500003,128.4012602
1564,66,197.6475009750001,152.36032674999996
1565,66,157.5790798499999,188.5182186499999
1566,66,245.17919490000014,231.01474505
1567,66,271.41692355000004,244.40461222500005
1568,66,286.76764367500016,285.2339928749998
1569,66,231.30861647499995,284.37414117499986
1570,66,260.3612140500001,324.873338125
1571,66,357.7507084750007,357.7007822249999
1572,66,255.9503927749999,247.18461875000008
1573,66,323.98465757500014,217.35747049999986
1574,66,234.1094183500002,257.02961447499996
1575,66,217.2822743000005,254.22638749999993
1576,66,251.76158427500013,204.8644445000001
1577,66,223.3163434,221.19053847499984
1578,66,231.36484794999998,207.65813525000002
1579,66,273.6321516250002,246.30411075
1580,66,230.401412925,283.34539377500016
1581,66,228.20913237499997,238.37695515000001
1582,66,197.1229953749999,219.65200587500004
1583,66,198.98398292500016,216.52823682500002
1584,66,169.891595925,155.64594450000004
1585,67,156.01159392500003,178.01887452500006
1586,67,181.36942960000002,146.60709589999988
1587,67,151.649489325,187.13304342499987
1588,67,183.76585695000006,171.04962095000002
1589,67,176.551465775,190.843736725
1590,67,187.20104719999992,223.349389925
1591,67,249.08809047500029,150.19435674999988
1592,67,205.5298405750001,250.20427707500014
1593,67,303.050604175,212.8976940250001
1594,67,237.55893135,283.56410474999984
1595,67,292.0987081250001,300.70941119999975
1596,67,296.82556490000013,273.34747132499973
1597,67,229.79724407500015,309.3341113749997
1598,67,158.27370105000023,289.77417355
1599,67,284.9074797250001,240.52414709999994
1600,67,223.20955679999992,279.90763182499995
1601,67,261.0314222000004,240.83229677499992
1602,67,242.03570842500034,262.73696522499995
1603,67,223.86811717499995,201.31022019999997
1604,67,229.79795645000013,282.30589732499976
1605,67,228.64997462499997,239.03380964999997
1606,67,236.7626230500001,214.08661424999997
1607,67,161.7437901000001,204.09213452499998
1608,67,122.91723142499998,176.53024554999996
1609,68,148.57734955,149.24671087499993
1610,68,128.91674412500015,135.56915159999994
1611,68,135.76707490000015,174.8747282249999
1612,68,132.15430302500016,154.53900307499993
1613,68,171.1153498500001,165.328381225
1614,68,173.86835482499995,185.67046447500002
1615,68,177.0274800250001,258.25374064999994
1616,68,263.1429989750001,258.8978593749998
1617,68,248.1158141999999,236.85031564999977
1618,68,235.75078940000014,376.4996579249998
1619,68,289.07631815000013,346.59328837499976
1620,68,298.9441149999999,239.21169585000007
1621,68,259.99550015,255.51605847499988
1622,68,243.20585510000006,254.54543519999984
1623,68,239.71785015000017,254.3512066500001
1624,68,283.6705827500003,237.3331324999999
1625,68,210.7286932,218.89892154999978
1626,68,208.33789092500024,256.2107554749999
1627,68,270.7415310500001,256.98894475
1628,68,213.70693347500014,205.49978307499987
1629,68,231.66730422500018,274.924541
1630,68,191.35586927500012,215.05859132499995
1631,68,184.51515760000007,154.58315249999993
1632,68,120.9906915750001,191.45640599999996
1633,69,135.79463590000017,140.26431882499992
1634,69,151.113084125,160.24943649999994
1635,69,120.60446890000009,155.34908607500003
1636,69,142.47645902500005,153.18593932499994
1637,69,137.40745850000002,163.9756858999999
1638,69,152.98622730000005,195.56751124999997
1639,69,204.30476140000002,170.9288257999999
1640,69,201.04600867500017,262.8643395
1641,69,188.70179817499985,225.78318292499983
1642,69,244.48680157499996,212.90392072500003
1643,69,235.28848759999988,298.62998120000015
1644,69,262.74570245000007,228.33732100000003
1645,69,254.4561669750001,185.5568155250002
1646,69,200.331118775,211.83801810000003
1647,69,236.79722817500004,206.96105480000006
1648,69,210.73882005000007,208.88417662500007
1649,69,265.35773690000036,269.7898265999999
1650,69,205.75372557499983,224.08280150000002
1651,69,247.58599852500015,277.22364267499995
1652,69,231.494055475,180.36855029999998
1653,69,291.8374826500001,204.42041347499992
1654,69,153.39600202500029,253.8946192749999
1655,69,146.71080867500015,164.67514880000002
1656,69,163.39537272500002,158.20908167500002
1657,70,159.45397214999997,145.8575975
1658,70,127.74625047500018,164.67531499999996
1659,70,117.40463312500003,162.583793475
1660,70,165.1705073250001,154.88927822499997
1661,70,138.01718335000015,160.31838607499992
1662,70,184.90189742500036,150.0141049499999
1663,70,178.33603462500008,177.43827149999996
1664,70,214.724579075,198.36906574999995
1665,70,231.08162230000005,191.17477962499976
1666,70,216.021995625,192.09193394999988
1667,70,249.05206679999998,175.06649235000003
1668,70,257.7293513750001,332.65375007499995
1669,70,247.51922927500027,224.08599635000013
1670,70,251.4420061249998,254.42913189999993
1671,70,195.25447362500017,206.45408042499997
1672,70,209.64801239999997,187.49211560000003
1673,70,134.070617125,232.02346379999994
1674,70,211.47165732499997,156.185896975
1675,70,197.98853907500003,221.94991272500005
1676,70,208.43845892500008,224.73439017499993
1677,70,212.34096335000015,238.2479560499999
1678,70,206.19050825000028,256.6752608999999
1679,70,157.75643912500027,187.42665752499994
1680,70,144.43135410000002,183.72251812499997
1681,71,177.3161311,144.71606972499987
1682,71,137.6232543500003,137.02373437500003
1683,71,155.93094612500008,147.02003207500002
1684,71,162.1916395,157.77382967500006
1685,71,153.33665432500004,163.92541035
1686,71,179.13997315000012,168.28899669999993
1687,71,269.04121120000025,230.17932747499992
1688,71,265.29155180000004,308.9592163999999
1689,71,271.43590647499997,238.7715310999999
1690,71,245.75069302499998,302.30108880000006
1691,71,316.25728922500014,287.76640960000003
1692,71,294.79813932499997,259.71052042499986
1693,71,246.5006892250002,302.2764743749999
1694,71,277.9587719000001,281.51146547499997
1695,71,249.57913780000007,199.66668800000002
1696,71,251.72763830000002,195.37163227500002
1697,71,305.0605850500001,199.4114676
1698,71,185.52322180000007,221.6561014
1699,71,211.9245412000003,202.17409895000003
1700,71,296.265747825,257.346199375
1701,71,237.5039096250003,236.53663827500003
1702,71,192.86901549999982,189.57624629999987
1703,71,164.12029469999996,177.66663337499995
1704,71,169.24100382499995,162.334273375
1705,72,156.15199005000005,136.67668682500002
1706,72,129.28418210000012,140.35430967500002
1707,72,124.98431574999998,151.19225059999997
1708,72,131.7791863250001,133.45478504999997
1709,72,135.58261020000012,122.07791144999996
1710,72,260.7262350750002,223.38886849999994
1711,72,222.2085476500002,233.0689785999999
1712,72,285.71352902500024,235.89425524999996
1713,72,262.3078488750001,261.4303952999998
1714,72,294.03095605,304.43420100000003
1715,72,283.85256137500016,298.66616559999994
1716,72,283.78048632500014,289.21350330000007
1717,72,302.4902906,271.38884840000003
1718,72,306.8315426500002,274.56930242499993
1719,72,243.95097067500018,244.203920725
1720,72,260.46125467500013,315.12778410000004
1721,72,174.37759145,241.93826784999987
1722,72,199.0807711250001,216.82290327499993
1723,72,200.2779413,310.8434418999998
1724,72,219.78518107500005,280.84312769999985
1725,72,243.9748779250001,267.3125154249997
1726,72,260.01680849999997,228.68072452499993
1727,72,204.36167954999996,242.64509542499997
1728,72,197.39652225,151.55608619999992
1729,73,159.32490172499996,179.9628619999999
1730,73,158.60124300000004,132.10214517499995
1731,73,128.19365097500005,143.44352437500004
1732,73,119.846735925,177.60035987499998
1733,73,170.3398923000001,158.87453054999997
1734,73,151.04951200000005,169.61344264999997
1735,73,185.6459757500001,248.91486907500015
1736,73,325.4333438750002,285.9580020000001
1737,73,271.5472523500001,262.817160825
1738,73,307.35937600000017,295.28174342499995
1739,73,307.3422194500003,331.49361092499976
1740,73,316.5442250000002,291.34581384999996
1741,73,283.67370765000015,283.8547198500001
1742,73,266.05482652500007,302.46462544999986
1743,73,253.7324105250002,290.1131322249998
1744,73,208.73976380000002,285.90034732499987
1745,73,233.76258537500019,293.3286971750001
1746,73,266.04979385000024,251.19692405
1747,73,203.91799790000005,262.9336524749999
1748,73,249.01078690000006,281.3982150500001
1749,73,211.8079112,256.23069339999995
1750,73,272.37678612499997,203.63834480000006
1751,73,196.73697277500008,172.76290395
1752,73,205.92883855000008,212.40673520000004
1753,74,148.4095363,149.61201262499992
1754,74,145.45139585000013,130.83664484999997
1755,74,159.5215570000003,142.70636000000002
1756,74,182.1351970500001,170.17589817499993
1757,74,127.04659052500006,169.5652080999999
1758,74,153.31312885000017,204.94916867499995
1759,74,283.4477949500004,188.41544525
1760,74,226.31268720000003,275.1119331499999
1761,74,315.60068182500015,284.76981115
1762,74,200.84029072500016,288.98256734999984
1763,74,262.34281977499995,260.6307981999999
1764,74,242.13267337500025,310.59552805
1765,74,260.49387090000005,241.44904832499992
1766,74,329.29876430000013,233.50168932499994
1767,74,287.75977637500034,236.7011048
1768,74,225.47490950000014,204.66086315000007
1769,74,324.26675515,226.76348799999988
1770,74,181.7729662250003,241.4014958999999
1771,74,217.98294505000018,221.92975042499995
1772,74,271.2932558250002,274.09821239999997
1773,74,232.86083547500007,261.1562695750001
1774,74,261.7422141000001,210.88893034999973
1775,74,213.69797317500007,177.17570737499994
1776,74,153.73906680000007,155.80598692499984
1777,75,126.0912596500001,127.19220007499986
1778,75,136.19718009999997,162.76888005
1779,75,135.36670320000002,138.3662625
1780,75,116.22576960000009,139.263216175
1781,75,156.69375140000005,131.72703030000005
1782,75,184.10282095000008,149.15974065000006
1783,75,267.4010446000001,254.6518560749999
1784,75,312.29513082500034,276.1393990749998
1785,75,284.5414392750002,250.23401149999978
1786,75,261.7411752750003,336.63391067499987
1787,75,311.17583670000005,365.2728440999999
1788,75,267.4526881500002,329.95982742499996
1789,75,263.43443260000004,276.8216196499998
1790,75,285.87820887500015,259.8447556499999
1791,75,268.80078085,212.0241859250001
1792,75,271.24638027500004,252.4111004
1793,75,285.9587455249998,270.8536454999999
1794,75,234.7248011000001,262.1585967750001
1795,75,189.5363147750001,228.9930237
1796,75,276.5906074250005,203.98670139999993
1797,75,233.26572180000022,231.8552164250001
1798,75,243.26963997500008,210.8099860249999
1799,75,160.97921792499994,216.968726225
1800,75,177.04955617500008,157.30458132499996
1801,76,168.8411682750001,137.39736277499998
1802,76,150.94327082500018,125.69671344999998
1803,76,166.2730728250001,139.90165302499994
1804,76,149.05136077500003,162.20423397500005
1805,76,167.18058447500005,159.235245
1806,76,167.49604165000005,184.5033100749999
1807,76,182.49696319999995,197.84004287499997
1808,76,250.4004991500002,211.75275882499994
1809,76,253.41894855,231.08306409999994
1810,76,239.02460067500007,287.0915749249999
1811,76,331.6555008500003,276.175814475
1812,76,233.9856208999999,199.60580405000007
1813,76,243.16186017500007,292.11787137499994
1814,76,297.7318117000003,217.25276204999994
1815,76,179.76454817500002,161.62742802500006
1816,76,184.90719622500032,227.98223462500005
1817,76,199.61423622499987,227.00789977500003
1818,76,212.19273582499983,177.028020475
1819,76,203.99822805000025,206.53453549999995
1820,76,219.0854600250002,200.6083858249997
1821,76,209.5959054,210.26385902500016
1822,76,216.65504305000022,173.85985732499995
1823,76,166.08857784999998,183.315609075
1824,76,163.81232597499996,168.910059375
1825,77,167.5490763000002,147.54910234999997
1826,77,170.51477812499996,185.42352335000004
1827,77,147.02072102500009,154.53216489999994
1828,77,141.8578484000002,151.86632099999986
1829,77,147.55570125000003,181.79469905
1830,77,200.35997179999995,178.84323112500005
1831,77,222.07916775000007,195.30010295
1832,77,251.8119372750001,252.32096282499998
1833,77,230.02705550000044,197.65056629999995
1834,77,304.6368709750003,300.16940325000013
1835,77,264.6110520250001,238.5976977999998
1836,77,217.43279855,229.52860112499997
1837,77,330.08043537500055,276.21970139999996
1838,77,252.00098887500002,226.27946322499974
1839,77,285.9140407500001,175.81254155
1840,77,180.5404456750004,258.6467628499999
1841,77,220.3652725749999,223.13237637500004
1842,77,242.53736187500022,220.39030677499994
1843,77,210.7069027250001,245.92704022499987
1844,77,194.59165564999995,249.1676603749999
1845,77,232.58332822500017,236.759994925
1846,77,260.95704980000005,251.56075249999992
1847,77,226.22149497500038,209.31967752499992
1848,77,159.73488650000007,207.54566592499998
1849,78,152.58314912500003,168.958755875
1850,78,159.80275985000011,160.44336344999994
1851,78,115.86746692500004,149.35137662499994
1852,78,218.2508320750001,160.06128667499985
1853,78,195.5162353500001,157.30881205000003
1854,78,215.39936752500017,232.78138565
1855,78,230.16059597500004,254.97892762499993
1856,78,304.87466987500017,307.36125869999995
1857,78,235.32876735000048,251.82437384999992
1858,78,250.67494827500002,308.77176894999997
1859,78,278.2392699,251.55930794999978
1860,78,316.2635664000002,262.65234704999983
1861,78,277.09787147500003,246.00741307499996
1862,78,243.11995987499995,278.21003867499985
1863,78,194.749769625,279.15319455
1864,78,172.79049005000002,227.85228672499989
1865,78,191.50239160000015,234.52410497499994
1866,78,208.76778615000006,209.02614560000004
1867,78,205.82714844999987,235.14900479999997
1868,78,326.91349642500086,273.4897084999999
1869,78,260.4156508250002,195.42438040000002
1870,78,233.32656082500012,237.62472692499995
1871,78,189.7667003250001,177.31940415
1872,78,150.705010425,191.29548507500002
1873,79,136.72843302500007,123.82905964999995
1874,79,147.2963472250001,123.82580680000001
1875,79,152.29089827500007,126.07870067499998
1876,79,135.71152750000002,122.03382482499997
1877,79,107.26841432500004,183.463121725
1878,79,193.147244225,195.517699925
1879,79,200.9631378499999,232.6618496500001
1880,79,295.58009619999996,297.07497314999995
1881,79,259.65654137500036,239.64050487499998
1882,79,267.612672525,295.3547069499999
1883,79,241.74429945000009,256.2365396499998
1884,79,276.4099244999999,324.14403857499997
1885,79,260.97555155000015,270.9687349249999
1886,79,314.02141934999986,266.91465087499995
1887,79,233.7022946750002,237.9331837499998
1888,79,228.02817475000023,216.70204202500003
1889,79,154.81142734999992,201.5583705999999
1890,79,272.39656722500007,210.93197457500014
1891,79,197.47260407500005,210.044704325
1892,79,206.26496957499995,280.662289525
1893,79,288.76915670000005,270.21614597499996
1894,79,250.37884922500018,185.8160178
1895,79,175.92025389999992,197.4749915999999
1896,79,167.52979370000006,152.23019650000003
1897,80,174.22858867500008,183.062247525
1898,80,189.63463685000005,152.81380699999994
1899,80,154.8967515500001,158.22060644999996
1900,80,157.81252795,140.3188705999999
1901,80,177.28819167500012,163.63336737499998
1902,80,223.4202375499999,205.87412429999995
1903,80,225.2307454750001,215.6362034
1904,80,292.24051665000025,260.474594075
1905,80,298.4912765500005,215.57008355000013
1906,80,248.90321445000035,286.51169519999996
1907,80,261.9587823000005,278.6640190749997
1908,80,251.5365636250002,288.85414885
1909,80,277.96064927500026,219.48157425000005
1910,80,285.603477675,268.10304794999996
1911,80,236.45485852500013,244.28147842500005
1912,80,246.47259187499992,231.46038587499987
1913,80,299.01459465000045,246.37568764999992
1914,80,215.9533950000001,231.1310421000001
1915,80,236.1964380999999,213.22041895000004
1916,80,226.83582962500003,197.26024457500006
1917,80,271.6416521500001,217.37475254999987
1918,80,238.27703125000016,198.18266517499993
1919,80,155.00258417500018,170.79159942500002
1920,80,151.12136845000003,151.53453977500004
1921,81,146.09120017500004,201.855247175
1922,81,128.26885702500005,175.39915972499992
1923,81,170.479391475,109.90546217499994
1924,81,121.18961957500007,127.49591794999992
1925,81,145.21671572499997,161.34340442500007
1926,81,151.88042045000026,200.49577815
1927,81,224.3841346000003,186.01580487499993
1928,81,267.0075710750003,287.8673272249998
1929,81,290.20641424999997,272.15421472500003
1930,81,257.369198875,287.71427567499995
1931,81,280.26784537500026,236.40845234999995
1932,81,250.4981425500003,320.93550802499993
1933,81,204.96891677499997,247.9413926249998
1934,81,316.2526199250003,230.70525217500003
1935,81,175.64276337500013,231.22728397499998
1936,81,260.510261325,199.41227227499985
1937,81,271.9751988500002,275.42625732499994
1938,81,215.4307471250002,217.82002879999985
1939,81,235.69900734999993,245.76483024999987
1940,81,226.26693877500014,258.4879470249999
1941,81,280.3632650250004,289.7120174249997
1942,81,215.5670337500001,221.99640527500003
1943,81,170.00760270000012,133.22827524999994
1944,81,145.37630330000002,157.443173275
1945,82,180.47035392500004,189.55582129999993
1946,82,143.1699132750002,129.60162517499987
1947,82,132.11607737500003,137.46293472499988
1948,82,154.45253975000008,140.916932825
1949,82,125.49858552499995,166.5714564
1950,82,171.13298160000005,155.486909775
1951,82,269.8739924750002,160.276447
1952,82,246.9340712,253.49586567499975
1953,82,285.16512257500017,347.66626677499994
1954,82,265.6454156500003,286.53951830000017
1955,82,343.00880985000015,323.064167075
1956,82,302.73591220000003,237.676064925
1957,82,260.60874852500024,202.84818417500009
1958,82,266.83177862499997,211.49153032499999
1959,82,208.61678100000006,266.56260002499977
1960,82,244.13893037499997,290.7720907
1961,82,213.74927697500019,241.46012674999992
1962,82,250.15100757499988,218.522519225
1963,82,224.5993282500001,211.56732927500008
1964,82,242.5854106499999,240.53052317499998
1965,82,228.53838337500014,216.84080169999993
1966,82,177.59940740000002,163.90510382499997
1967,82,180.7159506500002,164.87191817499993
1968,82,158.2465467250001,144.17513007499997
1969,83,136.41595625000008,129.85137752499998
1970,83,127.99576765000005,198.89596227499987
1971,83,131.5531957000001,111.37752799999998
1972,83,154.40912740000016,158.37931414999997
1973,83,153.9070106750001,193.78184104999994
1974,83,149.7367124,155.32309125000006
1975,83,232.5254367500001,160.07409919999992
1976,83,207.06883325000027,193.94128497499997
1977,83,271.8667005499999,263.27136825000014
1978,83,215.25322242500005,313.57598752499996
1979,83,273.85220642499985,278.61366810000004
1980,83,269.97975367500044,268.31515680000007
1981,83,266.43349682500025,269.1812209749999
1982,83,271.2473681750005,246.27691527499996
1983,83,236.78333697499994,293.642344825
1984,83,172.28759902500002,226.8048751500001
1985,83,202.30141857499999,193.74436124999997
1986,83,158.8211115,176.5290200999999
1987,83,175.02388550000015,218.71152879999994
1988,83,174.2360498750002,195.6126776499999
1989,83,187.55639832500032,255.29776814999997
1990,83,210.29038324999996,215.80342177499995
1991,83,167.12992480000008,164.86145717499997
1992,83,181.6537272,131.66486542499996
1993,84,164.37544382500022,130.58142912500006
1994,84,111.24039522500001,157.6042323249999
1995,84,102.01763164999997,135.83629294999997
1996,84,142.35476335000013,120.29493889999992
1997,84,145.0939277,153.72596514999998
1998,84,151.288762275,178.867798075
1999,84,203.03072057500026,173.43179879999997
2000,84,220.90375577499998,214.628332575
2001,84,259.865745975,232.43411062499996
2002,84,194.91241880000013,283.077165425
2003,84,286.2491729000002,219.4066169
2004,84,273.40565737500015,225.76750837499992
2005,84,203.77853255000002,230.52151070000002
2006,84,166.47419589999998,236.40173622500006
2007,84,201.54103190000012,212.78462069999995
2008,84,177.8469168000002,174.756423175
2009,84,199.06139335,220.00829582499995
2010,84,213.23272680000014,214.9206918
2011,84,179.7096749000002,198.523404525
2012,84,225.80882720000005,195.3063473500001
2013,84,252.34535312500026,261.94552609999994
2014,84,180.81676499999992,183.91902452499988
2015,84,173.06717540000005,173.84389545
2016,84,144.73789567499998,137.01696019999997
2017,85,143.1902070750001,124.93631377499992
2018,85,98.19268077500007,128.75349744999997
2019,85,137.44717399999996,120.68601650000005
2020,85,127.32249340000011,139.29116915000003
2021,85,191.5383504500001,146.8995312749999
2022,85,197.65240192500028,171.17621695
2023,85,258.1207192500003,237.0890158249999
2024,85,224.38611032500012,262.82520487499994
2025,85,267.5988649500001,257.130441375
2026,85,276.5281569750002,207.53468627500018
2027,85,230.4517008499998,259.3381635499998
2028,85,297.76872917500003,199.29109657499993
2029,85,253.544545375,247.05036492500003
2030,85,193.792544175,330.2182057250001
2031,85,233.02174300000007,230.6420486749999
2032,85,281.80561995000033,224.68210029999997
2033,85,292.8412727000001,207.11990847499993
2034,85,198.04874197500013,190.62923384999996
2035,85,205.2354596500001,226.02516414999974
2036,85,217.9763827,209.20775077500014
2037,85,267.89257102500017,229.85907795
2038,85,200.05300630000028,252.611710425
2039,85,185.47920474999984,144.79276307499995
2040,85,176.97101277500008,140.3337381749999
2041,86,147.46244677500005,150.20007562499995
2042,86,135.85120267500008,154.79635305000005
2043,86,123.23023515000004,101.03328877499995
2044,86,136.07123840000003,153.64567157500002
2045,86,189.90233210000002,148.43707467500002
2046,86,240.61302262499981,201.18812895000008
2047,86,186.56624895000027,202.74427692499995
2048,86,297.3474253750003,300.11829387499984
2049,86,252.75113385000014,249.9077831750002
2050,86,298.95827367500044,282.0151844499999
2051,86,319.8951981250002,279.69245759999995
2052,86,292.4368960499999,262.61568087499995
2053,86,295.3451477000001,307.61459947500003
2054,86,277.6260957249999,284.470398425
2055,86,270.4042153500002,215.4569006499999
2056,86,262.12997922500017,302.02724794999995
2057,86,165.00511137500013,246.10909199999978
2058,86,201.2668760249999,200.33485202499992
2059,86,234.29970844999997,256.9759240749998
2060,86,221.76075417500005,253.1413812250001
2061,86,233.76521560000003,253.18150287499986
2062,86,205.66278617499998,224.1261824999999
2063,86,201.1508692000002,194.62722354999994
2064,86,169.79417139999993,149.55340167499998
2065,87,169.87037845000012,154.36439202499994
2066,87,118.91552522500017,163.85406672499994
2067,87,160.10583052500007,155.55862410000003
2068,87,145.5253065250001,135.72315877499997
2069,87,145.9626548250002,192.0261060999999
2070,87,167.5379152,224.98397522500005
2071,87,233.70204955000008,239.6451132
2072,87,245.16594807500024,315.3440519500001
2073,87,280.8890259499999,215.90527237499998
2074,87,305.1122179750002,280.8329465500001
2075,87,280.9790838750003,286.66018162499995
2076,87,223.58368420000005,199.65846507499987
2077,87,276.2912831750001,222.94012412499995
2078,87,289.8866932500003,280.8251636999998
2079,87,300.6361603500002,218.23717994999987
2080,87,252.3992774750002,268.61319845
2081,87,232.20713337499996,251.96078065000006
2082,87,228.21963100000005,227.6327807
2083,87,299.4802856750003,256.5688888499999
2084,87,252.72945814999994,220.42637207500005
2085,87,251.29948257500027,228.66598124999996
2086,87,206.78295957499995,222.14836542499984
2087,87,195.16716737500013,226.10590352499992
2088,87,152.0343953250001,149.10764432500002
2089,88,131.35129790000008,196.13609385
2090,88,151.4054836250001,136.93660662499997
2091,88,148.19600102500004,175.877760175
2092,88,152.50181182500012,135.31494932499987
2093,88,156.69473057500005,181.90658942500002
2094,88,243.60790025000006,202.26333097499977
2095,88,200.11814627500004,268.23552482499997
2096,88,216.09429492499987,331.31705472499993
2097,88,256.8036783249999,258.3031511249998
2098,88,314.88462185000003,328.85975782500003
2099,88,334.84128492500025,288.6534650999998
2100,88,273.9275201250001,311.88174124999983
2101,88,212.06276742500012,220.61243400000004
2102,88,240.60551837500014,255.9315221999999
2103,88,254.53653282500014,216.61914984999996
2104,88,235.01580192500006,252.47025970000007
2105,88,247.54673102500044,311.9956440999998
2106,88,247.8920294250002,230.1290169250001
2107,88,256.799350725,267.1451781999999
2108,88,296.4370595500002,276.28496934999987
2109,88,231.38277410000012,179.2618104250002
2110,88,191.04206705000004,216.0494347500001
2111,88,176.48846120000013,205.71471595000003
2112,88,145.19152482500004,122.07370677499995
2113,89,138.80318642499998,137.9311498749999
2114,89,163.074898475,130.06547379999995
2115,89,138.20638080000023,133.74003062499992
2116,89,148.6529106250001,142.51796659999997
2117,89,151.58605675000015,161.09597632499998
2118,89,224.32284022500022,194.85633802499984
2119,89,163.88649615000006,191.90481474999996
2120,89,247.82234022499998,231.007510525
2121,89,234.4736563000003,294.4586893749999
2122,89,281.19580607499995,402.3086023999999
2123,89,267.20606614999997,268.08820152500004
2124,89,301.5623570250002,269.21215040000016
2125,89,287.2144302250001,247.89204912499997
2126,89,252.60918000000012,262.582462275
2127,89,222.07005705000017,199.9274855
2128,89,251.66619642500012,219.59541734999985
2129,89,244.2783796750001,270.4702045999998
2130,89,230.17774977500014,245.79955459999994
2131,89,236.8670420499999,281.161068325
2132,89,284.5866286000001,179.742816275
2133,89,189.16474035000005,258.3789464999998
2134,89,211.33314377500022,216.97384969999996
2135,89,202.0024739249998,191.9850548499999
2136,89,173.30729562500005,168.43529404999998
2137,90,128.87665734999996,149.885267075
2138,90,165.67635455000007,152.77952890000003
2139,90,151.7477849750002,110.221769875
2140,90,124.75302167500007,160.07020309999996
2141,90,204.020457025,120.45187889999988
2142,90,174.8845379500002,171.03479804999998
2143,90,172.33202430000006,167.80473984999995
2144,90,214.64106525000005,194.095972975
2145,90,172.1096242750001,266.2913783750001
2146,90,259.78735735,266.6452510749999
2147,90,243.63026962500004,228.61317842499972
2148,90,264.95803037500025,292.5597800249999
2149,90,213.24953082500008,216.3619194750001
2150,90,254.39025245000028,263.36033079999993
2151,90,224.93128947500006,179.17355255
2152,90,236.08375640000003,197.68778784999998
2153,90,214.119060025,251.01025145
2154,90,209.9210913,216.56899855000003
2155,90,250.96614519999991,210.68505237499983
2156,90,224.32630070000033,283.030979025
2157,90,254.6059684500001,211.75871497500003
2158,90,195.88934200000014,186.93998265
2159,90,216.70165575000007,195.02971222499997
2160,90,145.2092372250002,158.806861625
2161,91,136.21789275000003,149.12025589999993
2162,91,135.9284108000001,120.0765602749999
2163,91,130.16302022500014,150.91633067499998
2164,91,116.60434004999999,122.3224828999999
2165,91,163.765337425,154.50937824999997
2166,91,177.91165805000009,181.95552157499998
2167,91,184.0974543000001,217.89790565
2168,91,202.12249785000012,299.82485977499994
2169,91,227.5839051750003,225.85876017500004
2170,91,285.9730930999999,280.37717922499996
2171,91,270.5470278500001,303.3107035999999
2172,91,224.23742680000018,244.9006309500001
2173,91,211.30441707500017,227.57345982499996
2174,91,207.92037135000015,201.57767287500002
2175,91,224.60097572500013,175.69610290000003
2176,91,220.18469027500012,171.193610525
2177,91,186.00484875000012,219.63514622500003
2178,91,230.475303425,194.88090880000004
2179,91,264.3402740249999,267.58140255
2180,91,157.20318494999998,201.486145325
2181,91,212.14733047499982,212.897615875
2182,91,237.4489713749999,184.2099974749999
2183,91,182.54608967499996,163.62085017500004
2184,91,168.654938475,173.68544582499993
2185,92,164.50423240000003,149.9669177
2186,92,123.9746911000001,152.02047704999995
2187,92,131.28921427500012,135.03729525000006
2188,92,145.28286937500008,160.89772222499988
2189,92,149.2958639500001,167.6952484749998
2190,92,237.01127637500008,183.25779692499992
2191,92,226.35201244999996,214.56573182500006
2192,92,262.47243232500017,276.855106975
2193,92,222.67632147499995,246.32227960000006
2194,92,233.8618874500001,348.44620529999986
2195,92,243.6922430750001,281.53603855000017
2196,92,243.53148402500005,252.02375275000003
2197,92,231.7794529500001,256.8008128
2198,92,235.23457735000005,272.755825875
2199,92,226.82673870000002,296.241235275
2200,92,214.3245169750001,216.76025007500007
2201,92,198.7360132250002,241.27991879999976
2202,92,234.78402732500007,215.33314392500006
2203,92,252.14981822500013,208.97218590000014
2204,92,228.07587265000018,215.3239665499999
2205,92,216.77470725000006,240.7615968000001
2206,92,217.6061187999999,192.60070202499998
2207,92,171.8997566,187.20459465000005
2208,92,156.64787850000002,120.15290632499996
2209,93,125.28448130000022,128.54070917500005
2210,93,139.35952060000008,152.5524084
2211,93,130.6349947500001,133.45924885
2212,93,166.770220875,160.47682429999998
2213,93,181.64888115000014,184.25939369999995
2214,93,207.06583457500022,214.21423049999999
2215,93,242.13682115000017,243.24536715000016
2216,93,239.22597817500017,203.5350715749999
2217,93,310.41186660000017,270.67356402499996
2218,93,204.43301692499995,289.62147802500004
2219,93,300.4352658500003,267.29640252499996
2220,93,219.83399137499987,294.8626297999999
2221,93,247.506546875,312.286584825
2222,93,305.54075260000025,231.7861380500002
2223,93,240.24107757500008,259.8943958999998
2224,93,229.43183952500004,251.83914019999986
2225,93,231.53236130000028,240.845344925
2226,93,308.8178066250001,221.8476528
2227,93,232.8788841000003,207.38344192499983
2228,93,257.4953216250003,200.36261375000012
2229,93,245.4116027500001,249.42233299999998
2230,93,187.65203702500008,246.44519842499994
2231,93,221.65077635000029,146.97548952499994
2232,93,195.42287307499993,167.51994852499988
2233,94,154.18494252500005,170.21378704999998
2234,94,144.66419440000004,169.92878642500003
2235,94,146.97304742500006,152.10463759999993
2236,94,153.71739977500005,134.22217172499992
2237,94,203.61248112500004,139.23804127499992
2238,94,150.36569382500016,174.95520242499998
2239,94,255.8830928250002,191.61456994999998
2240,94,252.56371970000032,242.24954152499976
2241,94,313.6281374999999,319.9268715999998
2242,94,302.0022172250001,276.68114417499993
2243,94,284.6978797750003,325.39504892499997
2244,94,252.46252422500007,260.461866975
2245,94,246.67372565000014,222.41267244999995
2246,94,217.66394430000005,257.850664425
2247,94,232.38357782500017,264.306352375
2248,94,270.89364972500005,229.1897293
2249,94,303.54370427500027,269.4773409999999
2250,94,218.80420187500008,223.97368924999984
2251,94,229.65708857499988,194.55770284999988
2252,94,221.14560442500033,299.03093295
2253,94,278.2692843000003,219.55241122499993
2254,94,258.9087600250004,262.91987312500004
2255,94,218.2081167249999,196.38811287499988
2256,94,185.93211380000028,165.67381854999985
2257,95,132.54794587500004,148.41378029999993
2258,95,133.325612475,150.88799504999992
2259,95,125.34867087500005,117.89799772500007
2260,95,122.24451735000005,120.26620087500004
2261,95,196.49682265,164.010832425
2262,95,175.81385957499995,167.089662525
2263,95,235.96576010000044,216.69480297500002
2264,95,254.76179639999998,251.8168369249999
2265,95,287.04634762500007,341.05994829999975
2266,95,267.96688022499995,283.0969780749999
2267,95,352.537084375,293.9117064750001
2268,95,285.8989194500007,316.0247976999999
2269,95,316.69770737500005,302.19297157500006
2270,95,266.432379525,229.29586884999992
2271,95,250.88080987500012,327.32628657500004
2272,95,224.61450632500015,218.44824797499996
2273,95,275.24852145000057,167.4558885
2274,95,254.27285295000013,238.97252457499994
2275,95,167.2378520000001,232.03210699999994
2276,95,225.02550047500029,231.75817452499987
2277,95,185.04200057499997,244.61170102499986
2278,95,220.38937592500037,262.08534742499995
2279,95,201.69754579999994,221.5395054
2280,95,147.90752957500013,167.51237202500002
2281,96,156.85112450000003,156.19236342499994
2282,96,129.13810290000004,151.60382327499994
2283,96,133.98615162500005,187.13096157499996
2284,96,158.69843859999997,127.76344682500005
2285,96,177.25853812499997,182.8091495
2286,96,219.6678199750002,197.6871226
2287,96,239.26676794999983,227.58847887500002
2288,96,217.20989377500018,282.525771725
2289,96,230.47251304999995,278.3935999999999
2290,96,280.7794008000002,210.10040350000008
2291,96,295.035072825,320.41319505
2292,96,214.84271442499994,267.67121434999996
2293,96,245.63548072500015,298.73705125000004
2294,96,269.006214575,222.956112075
2295,96,306.78677640000035,212.15441122499993
2296,96,211.02117119999997,216.14112835000003
2297,96,257.1104699750003,242.2362659750001
2298,96,245.73369870000033,157.75812707500012
2299,96,201.27992157500034,147.6715632249999
2300,96,231.73802235,196.25142465000005
2301,96,220.51167855,241.47260894999982
2302,96,190.85736267500016,246.74002317499992
2303,96,189.54336730000017,176.70403679999998
2304,96,150.41678097500017,139.09760299999996
2305,97,174.2919361250001,171.825554475
2306,97,116.99933264999999,136.84592507499997
2307,97,126.383492225,153.74751100000006
2308,97,137.49930952500011,162.74070604999983
2309,97,170.53271907500016,165.31530567500005
2310,97,181.09533610000017,191.859068325
2311,97,205.6475504500001,203.82062019999995
2312,97,239.10791002500014,198.586258
2313,97,269.4000011750003,222.85251840000006
2314,97,252.12966885000006,372.241472125
2315,97,302.6616863000006,235.1683313999998
2316,97,345.6491698250003,273.02679942500004
2317,97,238.85177895000015,229.76970667499984
2318,97,217.155814275,250.35531649999993
2319,97,205.43831567499987,197.45936167499994
2320,97,178.4696898750002,199.92760162499985
2321,97,202.38096287500008,259.7799478749999
2322,97,173.38995665000002,190.64671950000002
2323,97,202.6519533,228.99164317499995
2324,97,252.45430759999994,178.88017649999995
2325,97,254.53963165000033,203.29919322500012
2326,97,203.13579270000014,223.96525064999997
2327,97,185.02342447500018,211.531770075
2328,97,115.46303160000005,135.22586009999995
2329,98,176.7736254000001,154.46374007500003
2330,98,131.91498702500007,123.02028735000006
2331,98,106.97284060000003,163.34942454999998
2332,98,129.7237746500001,139.63314517499992
2333,98,158.72289507500005,151.26815662500002
2334,98,183.45904802500007,162.99477589999987
2335,98,173.90705245000004,204.1215248499999
2336,98,188.9876722250001,181.678603325
2337,98,223.42901287500027,219.1894518500001
2338,98,181.82326770000014,236.3960799999998
2339,98,236.80853054999992,210.7898186
2340,98,239.44750684999997,204.5136021749997
2341,98,191.68694467500023,253.1502129999999
2342,98,223.01026080000025,207.17840139999998
2343,98,234.84254170000003,198.4758024749999
2344,98,217.74201910000033,224.59011267500006
2345,98,215.46198895000015,154.02553852499994
2346,98,174.35977635,195.23634639999995
2347,98,233.45343337500015,180.79194627499987
2348,98,217.250953675,218.5367422999999
2349,98,219.91418524999992,182.67334670000005
2350,98,205.55125282500015,265.81446184999993
2351,98,161.29421497500005,177.84156259999997
2352,98,113.17678360000002,171.25766287500002
2353,99,123.67098135000012,146.404613
2354,99,148.9762200750001,122.934291425
2355,99,121.76406442500007,119.02795302500003
2356,99,151.4809209500001,132.57890940000004
2357,99,138.72549715000005,163.85212554999987
2358,99,186.26783845000028,173.46181219999997
2359,99,198.56530335000025,243.76426477499996
2360,99,245.52581550000014,210.62022927499999
2361,99,301.9369260500003,279.17722817499987
2362,99,287.9299384000001,242.01817679999994
2363,99,215.6416032250001,230.8943476749999
2364,99,291.595628225,290.86562989999993
2365,99,306.8699104000003,294.55776837500014
2366,99,280.0727293000003,286.5570813749999
2367,99,302.5236788750001,273.571446025
2368,99,225.57905292499987,231.3974067999999
2369,99,305.90977902499986,276.4048542249999
2370,99,254.03903482499993,223.78940697500008
2371,99,227.0401495250001,236.18020914999997
2372,99,249.2594852750001,221.2495689999999
2373,99,295.1701118750004,281.10523957500004
2374,99,236.88204140000005,184.598085525
2375,99,249.01490092500086,200.3479274
2376,99,166.20274267500002,174.74542444999992
2377,100,165.16323432500005,197.10605445
2378,100,160.19654304999995,162.40753857499993
2379,100,164.79253945000005,151.25172637500003
2380,100,209.36800015000017,161.22308005
2381,100,231.55078489999997,219.39915709999994
2382,100,213.29922157500005,197.39592140000008
2383,100,220.91047935000012,243.88590472499988
2384,100,282.8558395,270.1716072
2385,100,221.5191352249999,219.82259357499993
2386,100,274.2197653750004,394.04690685
2387,100,241.81955742500008,367.9419797999999
2388,100,246.7872322500001,312.2419274749999
2389,100,314.4802324750002,286.2443680249999
2390,100,260.38395627499983,306.04309227499994
2391,100,273.37624759999983,213.8397284
2392,100,282.9448522250002,203.89856775000015
2393,100,304.56724595000014,311.08811362499995
2394,100,243.53525050000007,248.44354595000013
2395,100,214.55311602500018,323.00196165
2396,100,183.93215277499996,289.81205787500005
2397,100,292.6081295500001,193.2254708750001
2398,100,216.00553592500006,193.76008435
2399,100,152.83109014999988,251.6789385499999
2400,100,173.30484800000008,161.41240557499998
2401,101,153.83274095000002,143.43847762500005
2402,101,172.63318817500004,159.34485109999994
2403,101,108.83775152500012,160.75572257499994
2404,101,183.3764501750001,176.863016375
2405,101,176.51372070000014,164.2159873999999
2406,101,180.06968502500004,163.29216934999994
2407,101,261.8461704750002,252.12870470000007
2408,101,243.64525005000007,267.876111775
2409,101,259.0480824500002,281.86843377499986
2410,101,328.0557404,235.95183202499987
2411,101,305.9179622000004,270.4143137
2412,101,280.38972512500004,247.29230102499974
2413,101,242.67594592499995,194.52732515000005
2414,101,293.63469170000025,250.6075176500001
2415,101,260.43936847500004,223.17641824999998
2416,101,205.973166725,263.5459333499999
2417,101,217.02172145000023,207.246250675
2418,101,230.87948517500007,176.88238530000004
2419,101,262.8241613999999,267.33835794999993
2420,101,198.69795895000016,216.64962627499997
2421,101,181.56600227499996,233.83711844999993
2422,101,179.991356325,232.31716952500005
2423,101,178.5957157250001,197.9936153499999
2424,101,162.12348405000006,157.68346495000006
2425,102,131.87831715000004,175.23265487500004
2426,102,148.27133024999998,165.81551857499994
2427,102,152.44269145000007,136.7976193749999
2428,102,183.11044585000013,137.92482450000006
2429,102,175.56639470000005,154.77220662500002
2430,102,223.01368634999994,193.13441807500004
2431,102,189.85375745,196.48735382500007
2432,102,248.08358592500002,263.07271879999985
2433,102,275.7038120500002,302.1057771749998
2434,102,254.773603825,283.95327197499984
2435,102,357.1285937250001,243.071727075
2436,102,284.01286224999996,264.1456939749999
2437,102,231.68410015000006,243.42362154999995
2438,102,185.6149610500002,237.53963847500003
2439,102,245.05743370000008,236.7978082499999
2440,102,243.00734647500022,274.20708897500003
2441,102,196.49259257499995,230.56451777500016
2442,102,183.02601357499995,214.60486572499997
2443,102,294.5673708499999,243.8261862500001
2444,102,246.47088314999985,232.17307899999997
2445,102,257.3658115000001,231.69217085000002
2446,102,266.7577965500004,198.41922759999994
2447,102,194.8605298500001,183.302383975
2448,102,141.33795512499998,161.80316392499992
2449,103,162.9622274000002,126.94344610000002
2450,103,153.33126677500007,167.77472857499993
2451,103,175.59960262499993,154.60452192499991
2452,103,172.72575659999995,170.68538975000004
2453,103,161.14820405000017,182.5087227250001
2454,103,199.17672275000035,192.97933977499997
2455,103,264.2831933000002,231.39642707499988
2456,103,279.5572959250004,235.95239442499988
2457,103,308.52996477500017,233.42526674999993
2458,103,311.7335232250002,242.57293884999982
2459,103,262.30837525,238.80139242499985
2460,103,223.31253127500034,312.05510855000006
2461,103,305.50616315000025,261.7001513749998
2462,103,261.35718292500013,240.39927442500004
2463,103,279.29026999999985,258.45542817499995
2464,103,223.8832159000001,193.9829911749999
2465,103,179.03702224999995,267.06412592500004
2466,103,240.38986904999996,194.63234839999996
2467,103,171.4423494000001,258.04246724999985
2468,103,229.85862797500016,217.014201275
2469,103,239.69542900000033,260.9681778499999
2470,103,211.18210845,277.13449297500006
2471,103,152.43410949999992,218.28756127499992
2472,103,194.9947263749999,191.2187683499999
2473,104,170.03603775000013,154.88281572499994
2474,104,159.59771265000006,161.8156636749999
2475,104,157.27468452500003,147.09569377499992
2476,104,138.01496330000003,135.396910875
2477,104,189.1738296250003,161.20858869999995
2478,104,160.03177830000018,164.3938173749999
2479,104,187.8329176750002,192.36113329999995
2480,104,194.99847267500002,212.07540625000004
2481,104,193.7917377750002,230.49552462499994
2482,104,218.4797103250001,265.38297247500003
2483,104,291.4759226000001,311.8499574749998
2484,104,241.34900645000005,280.31397657499997
2485,104,294.70043247500007,273.9621231499999
2486,104,222.21672042500003,200.54566750000012
2487,104,192.71370950000008,233.93524367499987
2488,104,249.11813547500003,219.88454597499984
2489,104,167.41424932499993,219.07493395000003
2490,104,190.7299668500002,210.66310849999996
2491,104,192.7009607,235.7936242749999
2492,104,193.9184615500002,237.5788084999998
2493,104,191.09253872499994,200.9451989749998
2494,104,210.96911524999996,216.59110742499996
2495,104,159.3028499,177.78997479999998
2496,104,163.53172332500017,147.94936402499997
2497,105,161.2315506500001,152.91501132499997
2498,105,122.83283984999994,170.29279455
2499,105,163.7317047000002,150.17636250000004
2500,105,134.21767205,161.30153624999997
2501,105,116.51496712500004,117.08008900000003
2502,105,130.04047325000008,208.43834744999992
2503,105,195.58675327500004,180.3091192249999
2504,105,194.11148885000006,215.02814047499993
2505,105,230.1590287000002,213.26379874999986
2506,105,233.07491600000003,245.7238991999999
2507,105,235.49589042500008,242.05606864999993
2508,105,251.01969474999999,229.68666974999985
2509,105,186.15531479999987,198.70179999999982
2510,105,195.88269610000015,232.942912475
2511,105,244.93516807499986,249.43052394999995
2512,105,244.5205970250002,256.27319877499986
2513,105,214.67591805,164.66755920000008
2514,105,245.11988060000056,216.639143225
2515,105,191.8397693749999,200.72770165000009
2516,105,204.77788974999999,210.50008562499994
2517,105,227.28757352500008,225.66002795000014
2518,105,211.6961214000001,182.026437175
2519,105,145.76441795000008,191.699472425
2520,105,146.13543245,154.68071367499988
2521,106,151.1639254500001,109.16129787499993
2522,106,128.47982280000014,149.2847232249999
2523,106,148.07836505,134.63058432500006
2524,106,152.70552460000005,133.82872717499993
2525,106,172.84756270000028,158.052512525
2526,106,193.27696342500002,177.618117975
2527,106,188.51984405000024,212.8457157999999
2528,106,239.95515637500012,231.14010357500007
2529,106,223.66129282500006,274.33702574999995
2530,106,249.06786317500013,319.27197514999983
2531,106,320.06166415000024,227.31103075000016
2532,106,242.2862834249999,227.23970640000002
2533,106,264.5122003000006,338.628083275
2534,106,303.00712212500014,237.94605962499995
2535,106,314.5315004250002,287.8274524000001
2536,106,231.05744642500014,209.47127709999987
2537,106,286.20770892500013,259.1227913499997
2538,106,203.13041342499992,261.384779675
2539,106,204.65484825000016,226.29360957500006
2540,106,259.5011757500001,263.6793836500002
2541,106,226.80335860000002,198.47342757500013
2542,106,182.08523669999988,163.73251215000002
2543,106,168.629217525,171.56062524999993
2544,106,159.29991370000013,153.88317467500002
2545,107,143.80542485,154.12354427499997
2546,107,127.30583402500001,155.61203067500006
2547,107,140.98057917500006,144.31543382499984
2548,107,168.9819027250001,167.28238399999992
2549,107,126.08078437500004,136.152468125
2550,107,195.33587515000022,165.5583054499999
2551,107,180.59453997500012,188.9479470249999
2552,107,263.70412910000005,219.22680722499996
2553,107,263.30355795000014,241.50728067499992
2554,107,253.657220575,267.43631552499994
2555,107,280.9711494000001,278.46404824999996
2556,107,263.89925202500007,322.30900802499997
2557,107,262.5299791499999,298.45719552500003
2558,107,285.0627083250002,383.42582012499986
2559,107,264.8939396000002,224.99210534999992
2560,107,258.3800692500001,279.8981535749998
2561,107,222.38104912499995,265.4626928250001
2562,107,229.91472615000004,291.8140736249999
2563,107,249.33175270000007,217.27853894999993
2564,107,281.98724827500007,275.3452504749999
2565,107,247.66849120000006,230.10144767499997
2566,107,226.4058912,245.79907939999987
2567,107,234.8548233500001,185.1650998249999
2568,107,176.72402370000006,202.27617322499992
2569,108,188.2599702500001,149.691425375
2570,108,187.60484610000003,115.63008775000003
2571,108,149.86734019999997,146.10385492500006
2572,108,140.70467074999996,147.0870931
2573,108,155.1791226500001,154.09428319999995
2574,108,190.05475525000014,212.82170675
2575,108,209.83310847500007,165.69082687499997
2576,108,254.79050462500015,283.2351147999999
2577,108,304.94195327499995,273.8381724999998
2578,108,277.78367060000016,329.03095207499996
2579,108,287.0886623000001,301.6329351249999
2580,108,291.9625803250003,259.36159255
2581,108,275.85386385000015,305.0675264499999
2582,108,229.59137527500008,268.13576067500003
2583,108,295.3701588750003,265.9300998
2584,108,252.19535610000008,221.11596330000003
2585,108,223.69328707500017,240.67659522499977
2586,108,253.00418865000012,232.34728639999994
2587,108,200.98849197500022,227.4276097999998
2588,108,310.3571541750001,287.73422734999974
2589,108,221.28588977500004,287.68659692499983
2590,108,251.95553927500032,177.47099149999997
2591,108,228.68452392500015,185.23904979999998
2592,108,156.33174002500007,173.849539475
2593,109,156.51893320000005,157.7670018
2594,109,175.6048516000002,212.8292227999999
2595,109,154.31623605000016,121.89453312500004
2596,109,165.73215565000012,145.5914196
2597,109,171.05158680000005,152.830882225
2598,109,206.12891179999988,196.1953486249999
2599,109,226.16986172499992,233.70900357500003
2600,109,234.8934890500002,318.70525357499986
2601,109,266.2068327500002,289.42175989999976
2602,109,287.08164,308.81907417499986
2603,109,235.41623840000005,274.3861794500002
2604,109,293.8632194249998,300.46721567500015
2605,109,335.70744372500013,269.19463509999997
2606,109,259.3413778499999,301.91301512499973
2607,109,328.88734894999993,291.44723464999987
2608,109,297.40145759999996,279.51287672499996
2609,109,204.85582362499997,246.72268084999996
2610,109,296.6638961000001,265.68116737500003
2611,109,294.94551507500034,264.22621802499987
2612,109,244.97463490000018,267.5914395749999
2613,109,275.2915889250005,285.1743554999998
2614,109,295.89740167499997,315.51938555000004
2615,109,160.68747480000016,197.3556904749999
2616,109,177.58611509999992,175.6866326
2617,110,162.27893065,168.66042132500002
2618,110,139.57293495000005,152.94842627499995
2619,110,146.1644534500001,147.644678725
2620,110,129.74994785000004,131.92883962499994
2621,110,167.59228422500004,158.16108014999998
2622,110,211.60127782500007,210.94862224999991
2623,110,203.7616545750001,188.5494945499998
2624,110,264.37418475000027,221.45981417499996
2625,110,309.44718785,212.30988827500013
2626,110,261.7257482249999,341.0400551250001
2627,110,386.67230640000025,360.44954595
2628,110,336.1910280500002,355.38124434999986
2629,110,309.62057052500006,336.40304349999985
2630,110,254.5506688250001,233.50262362500015
2631,110,281.9293592000001,263.6147819499999
2632,110,296.5370921000001,318.59946585
2633,110,322.34231987500027,283.5900176749999
2634,110,265.19021115,393.79440937499993
2635,110,301.66614785,255.7873351
2636,110,341.1847480500001,260.30564745000004
2637,110,280.6743393750003,200.07835562499992
2638,110,206.66114137500043,251.3442537
2639,110,242.49953220000006,199.2923945249998
2640,110,201.31526255,175.75998994999998
2641,111,167.56050975000005,201.61194924999995
2642,111,174.13034560000006,154.49903067500003
2643,111,165.29896305000003,188.94815262499998
2644,111,157.86500257499998,144.33854164999997
2645,111,188.73284732500008,153.05868845000003
2646,111,196.80515249999996,204.97451157499992
2647,111,167.7425827000001,184.40084584999988
2648,111,299.93691375000003,245.37068212499986
2649,111,274.3343402000003,206.48358672499995
2650,111,230.8068559500001,259.3068625499999
2651,111,237.0783277250002,367.09921574999987
2652,111,270.07260610000014,247.83751719999998
2653,111,319.80029355000045,270.45655554999996
2654,111,293.3655011000003,225.54550884999998
2655,111,264.3202660500001,292.28715987499993
2656,111,376.0303460999998,252.67459607500004
2657,111,316.50160977500013,280.7631631749998
2658,111,251.2354754499999,302.10442094999996
2659,111,269.54449757500015,294.28434000000004
2660,111,238.47495327500002,288.16082252500007
2661,111,267.2118777500002,278.87572535000004
2662,111,220.210799375,206.40936994999979
2663,111,184.54332572499996,208.9532593749999
2664,111,240.14103570000015,182.75005099999996
2665,112,196.0268798500003,225.68212404999994
2666,112,162.00381232499996,155.49201367499992
2667,112,168.60605965000008,194.64329672499997
2668,112,161.82268325000004,127.65344442500006
2669,112,160.75594897500002,141.98584474999998
2670,112,220.90381099999996,158.72810172499993
2671,112,188.7033424999999,207.5575364
2672,112,191.52378457499998,220.80244064999988
2673,112,250.89919217499988,222.58560232500002
2674,112,280.1090451250001,290.40035685000004
2675,112,375.44809307500043,301.163863675
2676,112,244.2068244250001,296.5234469249999
2677,112,309.9896864250003,282.6644407749999
2678,112,267.1628466250003,308.5903853000001
2679,112,272.6498850999999,263.4943977999999
2680,112,292.35263600000025,266.3873385
2681,112,255.77792665,251.5485756249999
2682,112,184.68396894999992,302.16950282499994
2683,112,224.37723827500034,338.60720715
2684,112,199.00543725000028,294.00621505000004
2685,112,258.1974043249999,232.50727
2686,112,179.96014185000018,320.4926024
2687,112,203.53388772500017,201.93618482499997
2688,112,162.29966567500009,216.93284972499998
2689,113,199.20049792500004,184.57921302500006
2690,113,169.19744892500003,175.24639092500001
2691,113,184.17628625000003,139.57579074999995
2692,113,179.35880297499997,156.24082694999993
2693,113,161.18865824999995,182.36431515000004
2694,113,239.8956164000004,171.59289702499998
2695,113,213.79394110000004,209.98164322499997
2696,113,218.57500820000004,258.69247029999997
2697,113,341.2897985250004,253.60300662499998
2698,113,287.67649100000006,273.1674811499999
2699,113,259.11644505000004,352.2770788249999
2700,113,303.8615929749999,328.2358770499998
2701,113,312.39557905000026,337.0066689999999
2702,113,287.53487535000005,305.6831924000001
2703,113,300.86469602500006,267.4691958000001
2704,113,319.5442089500002,206.551139375
2705,113,278.6155104250001,327.11282867499995
2706,113,293.9736542749999,285.34123815
2707,113,280.90205304999995,279.9881212749998
2708,113,307.95246962500016,289.02654182500004
2709,113,280.0786595500001,263.23013065
2710,113,244.5304971250003,207.58761132499993
2711,113,212.5546099999999,182.40792375000004
2712,113,192.64005064999992,198.57723184999998
2713,114,148.61280367500007,175.13452405
2714,114,155.60737390000008,160.95877035
2715,114,153.24170475000003,165.47212692500005
2716,114,146.16975800000006,134.32402617500003
2717,114,163.10714487500005,181.65380999999996
2718,114,161.26274097499999,198.82103942499998
2719,114,216.4550953750001,225.28185889999978
2720,114,216.76671065000002,207.54705862500003
2721,114,240.98951945000022,283.5260816749999
2722,114,215.56985677500018,240.63823495000003
2723,114,306.33318657500035,255.82623437499996
2724,114,303.0746663250002,340.043063325
2725,114,240.2462032000002,331.076484325
2726,114,293.9481858000003,357.69786952499976
2727,114,380.71752387500027,245.67232997499985
2728,114,244.04896632499998,254.61480797500002
2729,114,242.86102750000043,272.957163975
2730,114,262.67382290000023,266.52954109999985
2731,114,288.12333097499993,251.43701384999991
2732,114,270.1131280750003,291.17953694999983
2733,114,222.94723520000008,242.32228912499994
2734,114,176.1957934750001,232.14377632500006
2735,114,196.72606887499995,214.08163567499997
2736,114,218.51765715000062,177.78004657500009
2737,115,161.68080957500013,149.81416247500007
2738,115,118.01973897500008,126.74945547499996
2739,115,163.93378260000003,174.02896412499996
2740,115,173.54738567500019,160.176804625
2741,115,196.8134374000001,181.01567529999994
2742,115,165.73483782499997,168.04851374999998
2743,115,162.7120719250001,238.7476284499998
2744,115,242.24411647499994,231.304685875
2745,115,246.2471430250003,339.1267025249999
2746,115,281.6364087000002,269.08958027499995
2747,115,326.50215417500027,314.09966982500003
2748,115,379.9719447000002,326.77062069999977
2749,115,308.01225497500013,283.2213442
2750,115,240.99312880000008,261.8872030749999
2751,115,195.83601772500023,368.35314555
2752,115,350.4447851750002,232.06423877499998
2753,115,287.95337432500025,244.34071394999992
2754,115,231.4877379750003,204.919293975
2755,115,215.18449920000018,307.5681559500001
2756,115,224.9090868500001,206.72570097499985
2757,115,273.69885135000015,241.369500475
2758,115,213.17637345000003,214.63168862499998
2759,115,179.01650285000008,198.46966947499993
2760,115,142.12440995,168.77326849999992
2761,116,201.92749770000006,127.54288717499995
2762,116,158.29104670000004,162.96334827499993
2763,116,182.33192690000004,150.04117495000003
2764,116,166.9232148750002,177.9635267
2765,116,242.8419335500002,162.73486307500002
2766,116,184.076373025,170.93891865
2767,116,180.09514770000004,239.46644022499976
2768,116,269.28497527500014,310.880120475
2769,116,296.27935860000036,306.872062225
2770,116,263.9747301000001,282.08461624999995
2771,116,255.26180135000004,288.49646522499984
2772,116,278.6417401,240.36307665
2773,116,240.475592025,290.15199239999987
2774,116,298.14418997500013,239.12030114999993
2775,116,250.98614209999988,244.158775
2776,116,288.0412733999999,245.12011732499997
2777,116,276.91622095000014,262.2429495749999
2778,116,223.5012190000004,240.64313277499997
2779,116,220.10201679999994,259.9068575749998
2780,116,214.89267545000013,247.81803134999993
2781,116,254.6806319499999,223.1614277249999
2782,116,217.6883050000001,218.54667875
2783,116,162.86023500000005,241.90287507499994
2784,116,235.3591448250001,179.18981309999998
2785,117,141.01228000000012,160.43011782499988
2786,117,152.5152500000001,181.50260724999998
2787,117,175.88601600000004,143.8951008749999
2788,117,173.5141694500001,179.43519967500004
2789,117,203.20417725000001,209.27731804999988
2790,117,194.88352817500004,140.25552014999994
2791,117,212.736042,180.4983766750001
2792,117,228.63784175,248.50492640000007
2793,117,245.13026262500034,326.25122652499977
2794,117,278.30953262500014,301.943396525
2795,117,252.94223690000018,242.49436314999983
2796,117,258.59420437500006,321.173922425
2797,117,307.7224965500002,239.9228855
2798,117,331.11607322500015,315.2833705499999
2799,117,279.4762054000003,248.08098329999996
2800,117,302.05947952500003,251.56832617499975
2801,117,259.06586235000015,221.79888057499988
2802,117,240.19720312500016,266.99917075
2803,117,260.8760370750002,264.61108569999993
2804,117,247.40813590000022,240.81221974999994
2805,117,247.31369725000008,229.41627289999997
2806,117,216.07558057500023,274.5754405999998
2807,117,209.4697719750002,198.93241090000004
2808,117,169.04849055000022,157.991992175
2809,118,146.97176935000002,190.92831254999976
2810,118,127.00678007500004,162.32701184999996
2811,118,165.80676972499998,110.10379950000002
2812,118,181.94994072500003,177.41220184999995
2813,118,160.04100112500018,165.43255987499998
2814,118,221.47795682500015,179.4745848
2815,118,176.04628325,194.04294074999999
2816,118,207.50402562499997,225.50372152499997
2817,118,239.9118404750002,269.706043925
2818,118,258.2793990750001,259.34999867499994
2819,118,310.9159195250003,307.2994638999998
2820,118,296.0670290000001,259.50496147499996
2821,118,233.70527049999993,243.30764614999978
2822,118,219.8645432749999,266.75224322500014
2823,118,293.85000610000014,234.33163192500007
2824,118,247.51451802499992,190.07860597500013
2825,118,300.1139598000002,213.81926084999975
2826,118,261.56636732500016,265.3359471499998
2827,118,238.439594925,223.29948197499994
2828,118,223.79590614999998,280.63098009999976
2829,118,212.10475532500027,226.5342897499998
2830,118,179.44576540000025,173.77081044999989
2831,118,171.47326240000015,202.05559789999992
2832,118,191.06526857500012,159.75528945000002
2833,119,170.6319559750002,176.32317104999998
2834,119,110.579917825,168.69956297500005
2835,119,149.03127075000003,135.020191275
2836,119,149.43464002499994,162.02130634999997
2837,119,170.30207287500014,126.29899060000002
2838,119,185.70981410000007,177.32402087499986
2839,119,200.3033182499999,177.90948242500002
2840,119,226.9372164500001,199.50710335000002
2841,119,232.66173072500033,260.80778895000003
2842,119,278.58900887500033,231.27472392499988
2843,119,288.74673815,235.65821104999995
2844,119,223.62650480000008,274.1202178750001
2845,119,251.7165685,296.49813070000016
2846,119,251.69651525,219.45025909999993
2847,119,261.27338392500036,229.008685975
2848,119,217.8920618750001,255.64190517499998
2849,119,248.62404337500004,208.1808551000001
2850,119,258.7197340250001,217.00494902499992
2851,119,245.1017157250003,229.63510257499993
2852,119,295.90639245000017,244.30042732500021
2853,119,253.07245767500012,358.3945975999999
2854,119,207.12974447500005,225.03531317499989
2855,119,163.11161787500004,189.098547775
2856,119,170.26922965000006,200.1216292749999
2857,120,136.00242469999998,122.04291427499994
2858,120,173.15062987500002,158.507870175
2859,120,165.16339190000002,148.05343907500003
2860,120,170.0868789750001,163.71472327500004
2861,120,158.685426525,164.99495820000004
2862,120,205.70444250000008,206.07154359999993
2863,120,265.4670840500004,217.78560752499993
2864,120,215.3702851250002,254.8078216
2865,120,246.13429815000015,312.44234664999976
2866,120,272.8641876250002,235.65975872500007
2867,120,320.30128922500023,238.50116169999973
2868,120,335.0207628500002,329.34179822500005
2869,120,253.1850559250001,339.4149849
2870,120,279.82656210000005,262.26491947499994
2871,120,262.356129,267.64225247499985
2872,120,268.5276710500002,294.4167210499997
2873,120,270.9772125499999,322.1273883749999
2874,120,394.1982719250004,240.11675594999994
2875,120,245.00559277500014,279.04510925
2876,120,295.630453925,361.18009559999985
2877,120,288.47879742500004,191.6826739499998
2878,120,256.71883400000013,239.613842025
2879,120,188.96059730000002,213.7278950499998
2880,120,184.5851523500001,197.49008337499993
2881,121,231.8582276250001,204.17964494999998
2882,121,147.528087625,173.80280632499995
2883,121,164.47775415000004,209.30861107500004
2884,121,166.0918314250001,206.0176505749999
2885,121,164.5128193750001,173.9486332749999
2886,121,169.93901192499987,183.757899275
2887,121,220.62126482500003,247.31212682499972
2888,121,251.8311564750001,229.85968350000002
2889,121,295.09867847500004,240.215411625
2890,121,323.50562075000016,287.9026138499996
2891,121,205.3572669250001,269.5755853
2892,121,316.5612906750002,320.2719681
2893,121,299.24159242500036,276.38003217500005
2894,121,296.842527275,281.18731
2895,121,275.4732327250001,266.4797034249999
2896,121,291.690784175,249.99566267499995
2897,121,221.65205607500008,276.85626069999984
2898,121,314.93928307500016,243.02280074999982
2899,121,254.30505457500004,243.57250112499992
2900,121,262.0454889000001,222.95428084999995
2901,121,284.35987557499993,288.63396484999964
2902,121,216.17041032500015,230.74119512499988
2903,121,172.24266012500007,188.74632920000002
2904,121,191.6983378500001,186.07253769999988
2905,122,182.54693075000014,218.43911337499998
2906,122,170.999879875,202.03760737499994
2907,122,176.03132785,140.06424580000004
2908,122,179.0305370750001,126.603974625
2909,122,147.45469682500013,180.07704449999994
2910,122,179.7224993500002,225.3941886749999
2911,122,189.8040069500001,233.49021439999996
2912,122,229.34042490000002,236.0822046249998
2913,122,290.11779987500006,250.95975304999985
2914,122,322.3228745500001,308.710601075
2915,122,309.21032954999987,329.508665925
2916,122,318.0779867000002,294.24386747500006
2917,122,291.7745230500003,175.08075774999986
2918,122,287.7245286750001,316.3852607
2919,122,229.50932390000003,290.97129814999994
2920,122,246.4871217750001,262.3318051499999
2921,122,290.5313295750002,219.37787052499976
2922,122,220.00756255000013,260.70795777499995
2923,122,288.80877450000014,242.80683599999998
2924,122,243.00490675000003,303.62466607500005
2925,122,231.6726520750001,239.73698202499975
2926,122,251.216632825,192.79973224999992
2927,122,168.64567537500028,206.2066617999999
2928,122,191.80741632500013,224.72173217499977
2929,123,154.08946642500007,147.37004899999988
2930,123,163.64481047500013,159.05557809999993
2931,123,142.1129529000001,144.36883469999998
2932,123,160.404342525,158.54309197499998
2933,123,193.63144445000006,152.103683525
2934,123,212.70747085000013,217.45202717499996
2935,123,267.6502284250001,208.00055272499984
2936,123,243.5621085999999,273.42028210000007
2937,123,245.16414790000013,307.918743025
2938,123,286.584318,278.1423841249998
2939,123,281.59867495000015,291.20927465000017
2940,123,338.9756046500001,240.56423162499988
2941,123,264.60353882500016,324.1445178
2942,123,263.09721595,280.0180158249999
2943,123,231.7780208000001,269.27383342500013
2944,123,274.6976259250002,271.87666122499996
2945,123,274.1318399500001,324.20859635
2946,123,304.6640401000002,257.637412275
2947,123,265.14692087499986,242.6386993749998
2948,123,293.338449375,227.61269422499987
2949,123,226.06397775,249.30260219999997
2950,123,245.7027772750001,203.47141192499987
2951,123,239.70652165000007,214.92985077499998
2952,123,159.77549342499992,180.93334852499987
2953,124,168.81155305,163.92271215000002
2954,124,192.53430595000026,164.956806625
2955,124,169.4016387000001,150.90287604999992
2956,124,157.79597915000002,178.90607082499994
2957,124,150.41198924999998,192.6179507
2958,124,237.2505914500002,234.7093534249998
2959,124,246.48169690000003,235.5673658749999
2960,124,225.65673395,303.35758139999996
2961,124,347.0153695250004,242.74785817499983
2962,124,308.8246325499999,311.38743399999976
2963,124,311.0387121749999,311.4412549499999
2964,124,275.01959317500007,335.95987055
2965,124,208.71167085000013,294.43311982499995
2966,124,241.451215,282.55915274999984
2967,124,233.02850437500007,245.51814392499972
2968,124,265.2118546000001,291.25103442499994
2969,124,206.4376408750001,261.4146798749999
2970,124,268.05159024999995,235.50307687499998
2971,124,305.9224534000005,246.45997980000004
2972,124,229.62190997500016,206.38910334999989
2973,124,252.14529507500004,272.57141285
2974,124,221.01298940000015,256.37834332499995
2975,124,183.04203504999998,167.94642579999987
2976,124,190.179647175,232.7093673499999
2977,125,150.9749220500001,176.538938775
2978,125,172.2858990750001,152.9950161
2979,125,144.59526957499995,178.23895204999994
2980,125,135.39219185000007,136.67356840000002
2981,125,191.84781950000013,217.15639265
2982,125,254.4342608,190.472128075
2983,125,191.54518672500024,181.79853447500005
2984,125,226.27832510000013,175.73572105000005
2985,125,200.73155209999993,292.10045857500006
2986,125,255.4185141,249.098063975
2987,125,326.5094099250002,345.945509575
2988,125,277.9303312500001,231.22272840000005
2989,125,333.18942902500027,269.7555084249999
2990,125,212.63949730000007,239.41954139999999
2991,125,198.71198207499992,274.1059917750002
2992,125,223.11506765000013,259.019836825
2993,125,202.763400425,228.24209905
2994,125,208.91942107500006,235.38862050000006
2995,125,228.04495170000007,259.72301922500003
2996,125,265.1347990500002,246.88900082499987
2997,125,274.137873475,229.44427629999984
2998,125,230.19081177500004,214.13327045
2999,125,206.2284144000002,214.00386044999993
3000,125,158.7937588750001,136.26906504999994
3001,126,163.87654457500003,167.68829702499994
3002,126,144.79435062500005,141.36671952500004
3003,126,159.29133642500003,136.816945975
3004,126,158.8096123750001,149.05534515
3005,126,147.21062702500004,173.2090759499999
3006,126,181.11577640000024,179.942485475
3007,126,170.21466427500013,180.37556390000006
3008,126,178.43967762500006,203.6296483249999
3009,126,294.00242464999997,230.36099752499985
3010,126,263.2576140250002,259.5233298250002
3011,126,255.27927610000026,202.80141962500005
3012,126,231.49882244999992,275.3177462000001
3013,126,229.5673926500005,211.68969354999993
3014,126,251.5696265500001,356.016843775
3015,126,237.8897994500003,285.1386307500002
3016,126,237.78839300000013,244.11056822500018
3017,126,265.81619197500015,181.50260175
3018,126,205.29907392500004,215.7886586500001
3019,126,250.0349220249999,225.48865274999991
3020,126,292.71079510000004,260.1616269999998
3021,126,220.32033830000012,263.8322423
3022,126,173.294336575,264.934360725
3023,126,166.89042942500006,217.44816689999993
3024,126,190.14647875000009,169.35855794999992
3025,127,138.9175133250001,140.42472127499994
3026,127,162.53364757500003,158.81415274999992
3027,127,127.88912825,136.92160769999998
3028,127,125.02213562500015,174.35660157499996
3029,127,176.01325157500006,190.56626084999994
3030,127,171.26468777500003,215.20775475000005
3031,127,254.2516719249999,208.45696845000012
3032,127,273.9380727500003,242.96623447500014
3033,127,340.9675474250002,263.9542355000001
3034,127,277.272554,319.3022719249999
3035,127,253.00357692500017,293.19016562499985
3036,127,355.2968277749999,309.0383752249999
3037,127,257.00991597500024,355.5575512499999
3038,127,314.1450166000001,285.939702
3039,127,279.24260267500017,341.55719827499985
3040,127,249.68857807500024,254.1197971
3041,127,309.8422208750003,350.48857784999984
3042,127,258.1224327500001,206.21475214999987
3043,127,325.50014652500016,233.03334604999998
3044,127,311.97061027500035,206.01995599999978
3045,127,246.84288392500005,318.77277887499986
3046,127,250.21947265,214.0940146749998
3047,127,210.58349475000037,205.04419469999993
3048,127,184.27474452500005,126.03083215000001
3049,128,141.68292164999994,187.49355542499995
3050,128,146.36234295000014,162.340299925
3051,128,149.38016107500005,157.04212827500004
3052,128,157.30370122500005,138.67552517499996
3053,128,191.97205345000003,193.41062642499998
3054,128,183.12240495000003,180.50007384999998
3055,128,192.767129575,203.704418875
3056,128,263.58860555000035,325.508268875
3057,128,247.63810910000007,248.2180684999999
3058,128,281.9154581250002,300.05700900000005
3059,128,334.462519925,243.35780322499994
3060,128,254.86804930000022,304.4666021499998
3061,128,343.48598997499994,285.6325067000001
3062,128,316.1997636,281.02675627499997
3063,128,344.21012172500014,351.2365784
3064,128,331.4797280500002,272.84930127499996
3065,128,331.6296440500001,412.7666555249999
3066,128,334.43304952500046,350.80643082499995
3067,128,238.70529537499996,326.35492792499974
3068,128,315.54254270000024,256.44592142500005
3069,128,216.08394282500035,246.90811159999993
3070,128,202.75116582499987,202.21956732499993
3071,128,168.84442550000006,271.398947875
3072,128,196.55578730000013,196.58126287499982
3073,129,176.5625629249999,165.35629262499998
3074,129,181.75229040000013,144.93161247499987
3075,129,171.22295237500026,171.595169275
3076,129,165.19499257499996,178.27658574999998
3077,129,196.70592407500007,152.39409965000004
3078,129,182.5340970999999,179.04911152500003
3079,129,212.43306592499988,267.8636612499999
3080,129,298.5161596000001,204.7978918999998
3081,129,296.13905020000044,316.97501597500013
3082,129,325.6825451000002,375.37466704999986
3083,129,293.2556671750001,394.49902329999986
3084,129,335.27310930000004,385.48263010000005
3085,129,304.1442508750001,290.2765685999998
3086,129,323.8219622500002,330.56117867499995
3087,129,268.0583726250002,265.27458297500004
3088,129,329.48663202500006,280.85687899999994
3089,129,285.16333245,310.94355315
3090,129,333.93696982500035,282.48517380000004
3091,129,294.59204900000026,278.0776453750002
3092,129,271.8203527500001,313.58441849999997
3093,129,286.5302978750003,297.838870825
3094,129,266.8146399000003,206.77113285
3095,129,186.1653271000001,216.94789634999992
3096,129,209.76027779999987,196.01962037500004
3097,130,181.04203045,247.07274212499982
3098,130,151.0915898,146.029761775
3099,130,162.3541349500001,185.97110207500003
3100,130,163.47640127499994,175.7565621
3101,130,158.89359395000014,227.13937312499993
3102,130,200.57220977500003,220.28066857499996
3103,130,244.8482748749999,251.3806066749998
3104,130,224.60478720000003,289.910993375
3105,130,274.21336970000016,279.2116096749999
3106,130,377.4880743750001,224.91564090000003
3107,130,338.4044400750003,306.8393795999998
3108,130,363.90886565,319.34970569999996
3109,130,403.77857672500016,213.4339181749998
3110,130,334.22369262500024,310.7987071999995
3111,130,359.952879825001,351.5546305999999
3112,130,261.39207905000023,260.9019883499999
3113,130,310.9433604249999,262.0692792
3114,130,200.98468344999992,327.55573799999996
3115,130,307.16547525000004,246.93792812499998
3116,130,203.96306215000018,253.60423885000017
3117,130,258.78867084999985,226.7254259249998
3118,130,260.60132280000016,247.01804239999996
3119,130,201.42686182500006,240.092014025
3120,130,197.06383445000034,152.93900239999994
3121,131,168.71256845000005,157.666580575
3122,131,177.07074734999998,181.02224432499992
3123,131,162.06305277500002,125.17856920000006
3124,131,140.68975162500007,106.90936687499993
3125,131,102.4743632250001,181.39450764999998
3126,131,173.01589562499993,143.92811977500003
3127,131,276.5072531000001,255.6275264499999
3128,131,289.99362100000013,229.31574364999994
3129,131,320.24043057500023,257.52540094999995
3130,131,362.5795984750001,397.16085175
3131,131,238.94398217500003,281.3108735249998
3132,131,311.6667371500003,320.1049637499997
3133,131,230.40820847500027,344.38164997499973
3134,131,315.44651542500014,263.853955
3135,131,331.13027462500025,261.50804622499993
3136,131,301.6632158250002,332.634177325
3137,131,285.33337677500015,332.731581375
3138,131,295.4488659250002,274.128301525
3139,131,236.86794909999995,271.9969643249999
3140,131,307.9293740750002,342.2176479499999
3141,131,288.36953062500027,298.52279204999985
3142,131,225.85794947499994,305.4271778250002
3143,131,197.11172572500013,193.41493542499995
3144,131,178.0661435500001,189.0086919000001
3145,132,166.1569025000001,182.49631377499983
3146,132,170.4295094000001,165.4954924749999
3147,132,125.99003457500005,171.99599197499992
3148,132,152.16038107500003,155.44228529999992
3149,132,140.6813276750001,192.10433624999996
3150,132,188.776464325,193.31462062499998
3151,132,220.6601780750002,240.79331590000004
3152,132,230.15131095000015,200.96579602499992
3153,132,265.01234375000024,273.8266178750001
3154,132,324.01067290000003,347.0163321749998
3155,132,367.2050271000001,336.6708185250002
3156,132,317.5137452000004,267.18368740000017
3157,132,226.55536130000027,260.3779557999998
3158,132,214.24679042500014,257.6676164500001
3159,132,257.24389560000003,306.0947863000001
3160,132,269.27505000000014,236.92106269999982
3161,132,264.121217225,342.36183695
3162,132,292.70701780000013,336.78608355000017
3163,132,263.45757600000013,254.67770209999992
3164,132,208.74965337499992,220.4288878250001
3165,132,210.05747945000002,241.64572877500012
3166,132,263.427643075,262.070166825
3167,132,238.86386087500017,300.60925585
3168,132,202.69523352499994,142.128060425
3169,133,125.315512275,174.83461789999996
3170,133,164.00446087500018,152.09013407499998
3171,133,169.79966205000005,145.51561547499995
3172,133,140.65581767500004,201.63504537499995
3173,133,138.13381445000005,233.17425857499987
3174,133,178.31771457500008,197.8779629
3175,133,158.59147117500015,168.9643986499999
3176,133,233.6373948,242.53724167499996
3177,133,277.70263662499985,232.29168747499966
3178,133,310.77758525000036,323.21187522499974
3179,133,249.99044307500026,302.12803989999986
3180,133,296.46831710000015,251.40779129999993
3181,133,302.0520991000002,294.1002054499998
3182,133,241.61449440000024,189.719887975
3183,133,232.13605820000032,245.26442024999994
3184,133,215.66878077500007,351.26212344999976
3185,133,343.7503480999998,311.62972160000004
3186,133,255.15548702500007,283.47357179999995
3187,133,283.8046685500001,257.9558314
3188,133,304.49345585000026,296.6133186749999
3189,133,228.97164737500026,254.91724624999978
3190,133,178.821092275,290.0619649999999
3191,133,245.86387577500017,187.1339468999999
3192,133,185.06568197500013,204.71280289999982
3193,134,166.1216589,158.002873725
3194,134,144.561709575,124.1494124
3195,134,173.22426537500007,191.41434974999996
3196,134,156.89345117500014,170.02365675
3197,134,167.20371817500006,189.302778375
3198,134,204.67163980000004,216.8267685499998
3199,134,189.0549516000002,229.53622274999998
3200,134,238.26862592499987,253.899878975
3201,134,341.229738475,277.3848481750001
3202,134,294.88256982500036,336.2961272
3203,134,366.17619130000014,328.81094307499995
3204,134,336.1429766750001,285.274258375
3205,134,286.12359082499995,311.19438990000003
3206,134,296.78162222500015,341.71405257499987
3207,134,270.9751629250003,375.41166345000005
3208,134,341.2429401000003,289.4473359749999
3209,134,269.1726621999999,355.7388302249999
3210,134,256.19868714999996,233.95687367499977
3211,134,367.9403191750001,304.001203625
3212,134,276.75419692500014,345.36014535000004
3213,134,269.74451257500004,238.85474179999994
3214,134,307.71953727500033,264.59753287499996
3215,134,195.9258721250001,257.04590717499997
3216,134,183.04627967500016,152.5979438
3217,135,163.631339975,169.28150315
3218,135,139.6893438750002,169.98982704999997
3219,135,158.79293274999995,164.31702885000004
3220,135,157.88551597499998,180.21429712499992
3221,135,163.9877461000001,161.6493747
3222,135,237.89085402500007,215.17096377500002
3223,135,269.4055867999999,212.58112009999994
3224,135,302.45668395000007,245.3771175
3225,135,231.89918472500005,266.87191205000016
3226,135,275.29038250000025,275.0412929249999
3227,135,233.4123670749999,235.2294617749999
3228,135,236.01122689999994,311.19398065000007
3229,135,299.34441000000004,324.8407919749999
3230,135,259.2553880500002,288.64629234999984
3231,135,309.96990570000025,299.83757762499977
3232,135,332.5791153750001,310.7745373749999
3233,135,300.78920270000026,316.95566644999985
3234,135,251.70513795000045,259.4606715000001
3235,135,312.9985561,257.84783114999993
3236,135,359.47376865000024,272.04277294999997
3237,135,253.7875572000001,246.78033907499983
3238,135,281.4675109250002,211.3526986
3239,135,206.38010492500024,195.49530449999992
3240,135,179.73152692499986,226.4252732249999
3241,136,193.89359214999996,221.63328105
3242,136,157.97624462500005,135.67528607499997
3243,136,176.0113728,170.85615237499997
3244,136,176.30849167499997,126.93451092500001
3245,136,168.82009592500017,167.54441792499995
3246,136,189.788734975,238.92574092499996
3247,136,250.21438360000013,240.4863440000001
3248,136,255.20885685000025,242.3141693500001
3249,136,301.93254262500056,284.23461989999987
3250,136,333.1136265750003,313.88589920000004
3251,136,332.796981775,272.4890063000001
3252,136,377.1102288500001,283.55908575
3253,136,290.5647738500003,334.06959919999974
3254,136,291.70718392499987,310.8963384499998
3255,136,393.39336260000016,308.944583975
3256,136,303.71534787500036,348.6308572249999
3257,136,271.24069217499994,282.7495448
3258,136,335.58218745000045,322.07604132499984
3259,136,226.61011474999992,281.5858947250001
3260,136,229.48261952500013,304.5251336999999
3261,136,272.8016625,278.5800438000001
3262,136,304.82701097500023,223.02618944999992
3263,136,235.26058420000015,281.40434232499973
3264,136,169.76431337500014,146.08416300000005
3265,137,199.94345225000004,212.93214849999998
3266,137,185.65626650000016,184.44805337500006
3267,137,157.55289015000008,167.19058827499998
3268,137,144.41669322500005,186.61957092499995
3269,137,171.92904837500012,176.24622540000007
3270,137,231.35902912499995,212.68072279999998
3271,137,262.04413120000027,207.98655477500006
3272,137,258.14994005000017,266.63628825000006
3273,137,282.4913092250007,285.17854669999997
3274,137,301.00127992499995,213.13399007499999
3275,137,433.5001574500001,365.78575857499993
3276,137,352.1924329500002,391.01547822499987
3277,137,286.80203729999994,333.76990487500007
3278,137,316.88323205000023,273.7963077
3279,137,279.7332487250003,362.005253675
3280,137,366.04871370000035,357.19766549999997
3281,137,364.6729654500003,348.8968281499999
3282,137,354.0897887000001,318.87750774999995
3283,137,247.1665246,273.6079179249999
3284,137,233.30988432500018,336.066627375
3285,137,317.5840843750001,271.6868275249999
3286,137,233.2746472750002,254.60465035000004
3287,137,233.02284382500005,222.92099039999994
3288,137,195.60067635000001,175.18364812499996
3289,138,145.67137152500004,151.80718067499998
3290,138,141.27469347500008,198.7629864249999
3291,138,163.78077065000008,163.97836304999998
3292,138,153.95073585,187.91921044999995
3293,138,228.044571775,164.98368214999994
3294,138,203.87726789999988,241.4440783749999
3295,138,227.75171602500012,229.546094975
3296,138,296.8309248249999,222.642732325
3297,138,283.2900943000002,289.9243047499999
3298,138,330.5180750750002,305.08438512500004
3299,138,349.468998725,250.30506022500003
3300,138,372.58365330000026,386.6659044500001
3301,138,310.5876905,309.2150906249999
3302,138,293.0176276750001,251.15582985000012
3303,138,347.85175737500026,352.10168759999976
3304,138,328.20336002500017,295.9721231999998
3305,138,283.27226650000046,246.57068752500015
3306,138,259.5917968000002,243.96901277499992
3307,138,280.9353675,280.100905575
3308,138,245.8927578250001,238.62065522499978
3309,138,321.5097679750002,254.36982887499988
3310,138,227.150011575,288.91437784999994
3311,138,234.28296955000008,224.20299802499994
3312,138,228.7815703000004,186.0506181
3313,139,183.65297255000002,125.62752824999997
3314,139,174.89332642500005,160.83740317499996
3315,139,151.97829424999998,165.07121264999995
3316,139,178.71373540000005,183.42801844999997
3317,139,156.93387997500002,189.54888299999993
3318,139,137.28579082499996,162.57053014999997
3319,139,189.4687497500001,191.488254025
3320,139,250.9169488000001,233.63527679999999
3321,139,267.33030629999985,265.925749075
3322,139,246.1634051750001,253.89683117500007
3323,139,281.1705628000001,329.7723160500001
3324,139,281.1135435750002,298.0822703750001
3325,139,270.30886537500044,291.0745996749999
3326,139,326.22963782499994,180.10391585000005
3327,139,289.94136030000016,314.0168707749998
3328,139,284.8011007250003,244.23675347500009
3329,139,271.4030501500002,259.85136064999995
3330,139,279.52124999999995,295.43198729999995
3331,139,270.6521618000001,263.7836253749998
3332,139,264.95297225000013,276.35119584999995
3333,139,308.8440117500003,271.23647327499975
3334,139,254.85363397500004,196.8778614750001
3335,139,193.93519892500018,218.33195100000003
3336,139,162.86822559999993,192.4798994250001
3337,140,142.99651587499997,170.24208367499998
3338,140,155.93405535,147.33211799999992
3339,140,154.153044925,160.32550802499998
3340,140,188.93708810000004,148.77890244999998
3341,140,167.4075009,168.51616712500004
3342,140,173.77207045000023,147.78833450000002
3343,140,151.1861897,220.55333635000005
3344,140,228.06565335000005,156.5296098
3345,140,281.8816138250004,262.3742777750001
3346,140,236.52039115000002,298.7544239749999
3347,140,288.868007875,359.8983543749997
3348,140,340.31355010000004,268.2592684249999
3349,140,231.87811269999997,269.20642547499983
3350,140,299.41749167500035,260.04980887499994
3351,140,270.1003078000001,242.14932322500007
3352,140,311.12925425000014,259.290167475
3353,140,249.94356615000004,295.43122374999996
3354,140,348.63237715,295.2545549249998
3355,140,268.3689019000002,320.09865795
3356,140,231.9616441500001,322.0679377749999
3357,140,242.50784917500013,244.4181171500001
3358,140,266.9337858250002,286.016600525
3359,140,210.1674788500001,243.09223272499992
3360,140,217.58755312500008,204.62303229999998
3361,141,147.55084719999996,129.05231537499995
3362,141,176.80094145000004,161.19789575
3363,141,148.6195986250001,141.74407632500007
3364,141,171.691245425,149.648536725
3365,141,179.95452392499993,174.68367682500005
3366,141,167.33951985000004,220.27580814999988
3367,141,231.11353100000014,252.8596966999998
3368,141,237.63701429999998,264.86321747499983
3369,141,257.52022292500004,249.7873705999998
3370,141,342.2526010749999,274.8329815250001
3371,141,288.22125792500003,380.306307725
3372,141,282.77722810000023,313.8981111999999
3373,141,328.97316067500026,294.41817285
3374,141,428.5446408500001,364.25655482499985
3375,141,461.65841925000007,356.498168075
3376,141,359.76513179999995,431.0387653499999
3377,141,403.48854342500005,247.67634184999986
3378,141,383.0162401000001,367.59678582500015
3379,141,362.7246586750002,259.0169890750001
3380,141,347.2322241500002,285.89666064999983
3381,141,302.1931778750002,352.3854415249999
3382,141,241.2402555500001,281.61720442499995
3383,141,267.5067011000007,193.82088904999995
3384,141,191.192728775,219.12048307499998
3385,142,160.36595464999994,152.60019297500006
3386,142,168.92665657499998,167.26240047499988
3387,142,182.22700779999997,155.0450454249999
3388,142,182.19234700000004,157.45112957499995
3389,142,192.60507222500007,163.97189842500006
3390,142,203.26699607500018,203.24861392499997
3391,142,260.1661072250001,232.92491635
3392,142,259.02726920000043,265.6837314
3393,142,276.8139347750001,286.60823445
3394,142,309.1717824000001,306.12190875
3395,142,330.5255113,405.1472866500001
3396,142,344.7655401750002,295.13279522500005
3397,142,318.5016337000004,292.83471000000003
3398,142,334.6328276250002,325.27088747499977
3399,142,325.51041377500013,306.935975775
3400,142,330.6655913000001,371.0778324749999
3401,142,470.1657276500008,441.4714734
3402,142,407.31620255000064,305.44157855000003
3403,142,321.4307652,352.3335073999999
3404,142,283.22030280000024,273.54148829999997
3405,142,260.5648894000002,272.38314637500014
3406,142,306.040273425,203.59025682499998
3407,142,191.1189486250001,268.56167284999975
3408,142,149.93600042500012,191.800646525
3409,143,200.89021850000017,174.21756174999996
3410,143,172.79679620000016,183.57671934999996
3411,143,183.26048615000002,188.57688945
3412,143,216.11808992500028,243.163965475
3413,143,167.89948447500018,196.78446767499995
3414,143,190.98826390000022,186.791174625
3415,143,228.14301697500002,167.36232774999982
3416,143,236.19237769999998,238.734371975
3417,143,300.42878660000014,275.16189275
3418,143,328.5578874750005,361.1974447250001
3419,143,313.7675491750002,346.33341179999985
3420,143,306.22221730000024,372.7595818
3421,143,251.61128895000002,361.5238351250002
3422,143,304.45083230000023,252.04198494999991
3423,143,359.46488072500006,289.39824067499995
3424,143,341.35619115000026,265.96678195
3425,143,321.3020445750001,268.26397659999975
3426,143,279.8378062750001,284.08017652500007
3427,143,348.6719191000001,320.0244646750001
3428,143,266.6559426500002,237.9477281499997
3429,143,241.60016625000011,191.79914724999983
3430,143,317.55062042500003,263.83862882500006
3431,143,225.94388795000003,226.1674099999998
3432,143,243.73717605000033,170.77329479999995
3433,144,153.28749937500027,194.06863029999994
3434,144,170.9919966,163.71591747499997
3435,144,163.11615065000007,171.6950438249999
3436,144,168.1906733750001,176.0037718999999
3437,144,187.785958925,154.74100177499997
3438,144,182.42842017500013,216.56399937500004
3439,144,178.72965072499997,238.6428095499999
3440,144,335.76196655,298.65502354999967
3441,144,252.30599865000016,311.91805022500006
3442,144,306.1463994750002,234.53212890000003
3443,144,284.7264901750001,385.193864575
3444,144,257.0082132500002,360.6790679500001
3445,144,309.04192350000017,317.35522595
3446,144,326.8579871999998,283.14299955
3447,144,316.92964175,295.1972884999999
3448,144,334.0732256750003,317.18765029999986
3449,144,342.3515817250001,284.77641100000005
3450,144,348.007844,254.70263312500003
3451,144,285.9189013750001,276.9421240749998
3452,144,272.69140050000016,277.65084825000014
3453,144,207.35806595000014,224.39191887500016
3454,144,285.3092066249999,227.4911653499997
3455,144,207.2847965750001,246.49111392499998
3456,144,204.29895729999996,157.81573472500003
3457,145,151.9541878750001,186.42034612499998
3458,145,185.66626447499996,174.48729257499997
3459,145,195.71891407500004,150.7216737
3460,145,141.9465101,165.7854205
3461,145,189.4589401249999,176.45124777500007
3462,145,234.53684600000037,225.96592230000002
3463,145,232.43987765000008,215.25150087499992
3464,145,262.5894500000001,254.22528997499998
3465,145,297.1481899,327.68690819999983
3466,145,221.77988727499996,298.3923458999999
3467,145,366.9012565500005,426.7052837999999
3468,145,260.9979605250003,266.99690654999995
3469,145,273.98236212500035,217.74544389999986
3470,145,266.42665147500026,271.35331005
3471,145,330.2912300250001,297.77576635
3472,145,234.38542600000022,282.807674825
3473,145,254.68281202500032,232.70991004999993
3474,145,251.31634730000013,201.33466395000005
3475,145,257.73479217499994,213.94657519999987
3476,145,266.9036502500004,230.6855003499998
3477,145,265.7253839250003,227.63697329999994
3478,145,215.055143075,239.8262800499998
3479,145,176.02009190000018,165.71061944999997
3480,145,211.6101253,177.1236439
3481,146,187.4471407500003,172.143079325
3482,146,155.50152915,151.79228204999995
3483,146,178.14484557500015,144.55169305000004
3484,146,156.3203901500001,164.758960225
3485,146,187.3946467,142.11597227500002
3486,146,178.83352822500007,162.56341250000003
3487,146,154.96464747500028,179.46290177500003
3488,146,202.35482280000008,275.2047484
3489,146,204.84746685000005,314.0731894999999
3490,146,268.4844587500004,240.5485438749999
3491,146,243.38547545,262.708623125
3492,146,206.4835291000001,274.7789433999997
3493,146,259.811069425,277.4651707750001
3494,146,215.56582410000004,220.13829737499987
3495,146,242.70497572500003,216.1993506249999
3496,146,244.49847132500003,186.17004515000002
3497,146,207.16011255000012,244.66135294999998
3498,146,173.52107775000002,229.82991177499997
3499,146,217.40252737500012,291.23778182499996
3500,146,258.93831975,245.56318252499995
3501,146,176.5289663250002,211.45973277500002
3502,146,220.34934802500007,143.43050307499996
3503,146,221.7127721750001,194.81967619999995
3504,146,150.0447418250001,173.71700365
3505,147,179.35526025000019,129.19289514999997
3506,147,171.35017925000002,156.84186775000003
3507,147,132.6614786500001,161.113034025
3508,147,143.90332942500007,133.82104912499992
3509,147,148.7450717750003,131.5977548
3510,147,166.33674440000004,191.44923322499994
3511,147,176.0694704750003,174.57703512499995
3512,147,233.4346442000001,178.95325977500005
3513,147,261.751709675,245.01394332500007
3514,147,303.9333066500004,231.63327255000007
3515,147,227.227874875,269.9407429
3516,147,293.85212212500005,291.28273467500003
3517,147,280.60395100000005,230.8778549249998
3518,147,231.9863444500001,234.74198452500008
3519,147,204.9996586750002,241.61241382499992
3520,147,269.19562247500005,210.24330784999975
3521,147,268.31704925,248.6385823750001
3522,147,265.331569725,207.31702130000005
3523,147,265.7760898250001,195.1575460749999
3524,147,223.31191782500076,213.08471802500006
3525,147,222.90303544999995,276.525603475
3526,147,211.46333025000024,189.06539989999993
3527,147,190.02367012500014,183.57225997499998
3528,147,150.88014465000003,202.28201889999997
3529,148,160.0518757000001,143.01932324999999
3530,148,140.83254140000005,165.310704525
3531,148,177.74385292500006,135.01371565000005
3532,148,152.93497650000006,206.5878059499999
3533,148,179.38927922500008,140.82590559999997
3534,148,181.24132427500004,167.79721535
3535,148,205.40004542499992,186.7413805249999
3536,148,206.41394680000002,228.88808537499986
3537,148,256.41877495000006,262.9995016749999
3538,148,290.1315229500003,227.71329649999984
3539,148,266.90853507499986,236.5117690999998
3540,148,289.0778881000003,241.7579104249999
3541,148,290.49272777499993,242.71543152499981
3542,148,310.5101901500002,270.00832745
3543,148,304.38470147500027,269.69261929999993
3544,148,270.99848045000033,249.95420812499984
3545,148,308.96148760000034,290.6386733999999
3546,148,242.08717829999995,275.5218109500001
3547,148,240.4180687500004,254.80272017499973
3548,148,220.75572839999995,279.778881875
3549,148,245.84670027499993,262.5073855999999
3550,148,227.20566577500028,239.45415197500006
3551,148,242.86804530000006,225.48082742500003
3552,148,183.85592902500005,183.59011687499992
3553,149,174.50424779999997,173.4014238249999
3554,149,169.165327375,174.30402582499994
3555,149,192.3133500500001,139.98462112499996
3556,149,140.30065100000002,155.08854132499994
3557,149,168.90513222499985,146.42534177499994
3558,149,187.05109882499997,194.537701325
3559,149,236.7958912500001,219.42985592500003
3560,149,286.15268770000046,245.84826644999987
3561,149,304.86681482500023,289.85456640000007
3562,149,313.88242537500025,324.46729715000004
3563,149,470.5650773000002,309.4758123249998
3564,149,345.52440175000015,466.48556319999966
3565,149,319.7994391500001,304.12248860000005
3566,149,379.95497007500023,316.54149369999993
3567,149,272.06881840000017,307.1322867
3568,149,342.784951625,428.271285375
3569,149,267.04886812500024,262.08334707499995
3570,149,312.39746772500007,279.08651254999995
3571,149,334.1072830750002,270.9569321499999
3572,149,250.17439795000007,291.91446432500004
3573,149,276.8760324,349.7008413000001
3574,149,278.8221811750001,275.0518456
3575,149,200.42954527500007,154.72392042500007
3576,149,248.8022193500001,229.3725060749999
3577,150,189.63280732500007,186.26530302499992
3578,150,170.68299399999995,191.78823127500004
3579,150,166.05148707500004,183.9453631
3580,150,167.6813951500002,174.7742658
3581,150,184.60807815000007,229.65742084999994
3582,150,182.58555652499996,194.81775854999984
3583,150,180.46895427500016,262.626815475
3584,150,319.44952635000016,249.81319517499998
3585,150,240.0461769250001,328.27440845000007
3586,150,399.4684156500002,335.5231268499997
3587,150,301.95737720000034,386.54042067499995
3588,150,357.6134618250002,352.0584828999998
3589,150,365.6502794750003,303.38923489999985
3590,150,341.0469427749998,258.43483512499995
3591,150,262.28909827500013,279.8364386499999
3592,150,257.8254315250002,370.5911101249998
3593,150,269.8440679500001,368.582896575
3594,150,282.32628145,335.91688537499977
3595,150,292.3372301,384.1867433249999
3596,150,294.84946697500027,320.2880591249998
3597,150,285.16665602499995,314.1960734250001
3598,150,216.83541697500027,299.721221925
3599,150,231.64538997500023,227.92001704999996
3600,150,198.8973919249999,231.8995467999999
3601,151,209.34221732499998,210.78067422499998
3602,151,183.90160110000016,191.01556249999993
3603,151,144.50646537500003,129.62120417499995
3604,151,159.7103617750001,149.541114575
3605,151,202.55670000000015,183.981812325
3606,151,212.52670390000003,191.47712367500003
3607,151,212.431287425,222.365038525
3608,151,255.82311955000011,211.68020504999998
3609,151,237.08374507500014,286.17384019999986
3610,151,325.96380955000024,356.411847525
3611,151,306.4082811000001,305.192121125
3612,151,394.26548564999996,366.1092159249998
3613,151,329.61128755000016,277.484808025
3614,151,398.3707603250002,360.76135514999993
3615,151,303.38632759999996,395.5890644
3616,151,404.8854163250003,434.51833132499996
3617,151,341.59160365000014,314.06019244999993
3618,151,428.1737511000003,383.6318617249998
3619,151,243.63337520000002,441.0343126499997
3620,151,313.4362784000003,302.8790080499999
3621,151,320.9398447000005,275.0145404249999
3622,151,327.98512107500005,238.02128142499993
3623,151,294.49244172499994,304.85684142499986
3624,151,278.1838510750001,211.38205387499983
3625,152,213.11034417500014,266.84749925
3626,152,213.84505432500015,214.64345874999987
3627,152,171.41252682500001,213.359816625
3628,152,191.69385060000002,225.77123097499998
3629,152,226.40993027500002,228.907376925
3630,152,176.24353390000005,193.208854175
3631,152,252.45374762500003,228.566713375
3632,152,314.3153760000003,298.69396022499984
3633,152,301.043401325,271.15811732500003
3634,152,358.4031217500002,350.9605844249999
3635,152,377.0087736500001,416.68627284999985
3636,152,365.48636120000026,325.4584440000001
3637,152,408.3697473250003,343.5501045499999
3638,152,371.8276845750004,349.53488075000007
3639,152,286.9627029249999,314.38238089999993
3640,152,344.16325962500025,344.0533780249999
3641,152,293.229931275,453.9242196499999
3642,152,297.3229209000002,292.22423949999984
3643,152,341.91020460000027,314.37466447500003
3644,152,280.8032947750004,334.90000627499995
3645,152,241.44460402500016,276.5291425999999
3646,152,286.84939595000014,299.6262822749999
3647,152,300.9590341500001,241.5444768500001
3648,152,204.4677200250002,241.55445382499994
3649,153,220.24361447500007,262.36601852499996
3650,153,193.51843970000004,218.84558587499998
3651,153,149.28439769999994,190.02697515
3652,153,205.40195590000008,187.92896557499995
3653,153,188.6890516750001,175.92847342499996
3654,153,193.53091097500004,253.91602012499993
3655,153,245.81493525000036,200.35331402500015
3656,153,253.83511860000004,224.29064917499988
3657,153,234.22506295000005,309.79446637499984
3658,153,241.547835825,313.3438517
3659,153,311.04407075,341.5067914000001
3660,153,326.6344770750001,364.333409025
3661,153,326.604133575,285.60964457500006
3662,153,353.8643802749999,295.1158724999999
3663,153,261.77622650000006,347.1641856499998
3664,153,235.13001992499989,369.2103548500001
3665,153,315.98948110000026,263.49202587499997
3666,153,242.21711747500012,257.82230882499994
3667,153,297.79009090000045,294.14904365
3668,153,281.7302960500002,307.30290727500005
3669,153,258.91218334999996,290.2293932
3670,153,235.8154047750003,243.08110387500017
3671,153,208.88591810000003,257.74483242500014
3672,153,243.23090660000037,212.78464757499978
3673,154,273.96570110000016,253.44708322499991
3674,154,178.34562475000013,228.01109112499995
3675,154,235.49023637499994,212.55971072499986
3676,154,156.94221220000014,152.00243825
3677,154,172.33504317499995,187.04658977500003
3678,154,198.23530762500002,150.64292914999993
3679,154,212.4275491749999,209.56679345
3680,154,222.01257314999998,250.13624777499996
3681,154,264.094438575,267.1040158999999
3682,154,218.82036897499995,250.43553652500017
3683,154,280.19584747500016,322.0830558999998
3684,154,267.245298725,222.68154214999993
3685,154,291.0325287250005,275.5206973999998
3686,154,309.8379323250002,283.3186815749999
3687,154,264.4156977000001,286.0136809249998
3688,154,244.45130187499996,263.6920348249999
3689,154,223.94455025000008,344.22566539999985
3690,154,294.72193365000027,236.5592526749999
3691,154,342.3645148000003,235.38832859999982
3692,154,212.41834037500013,291.9159869750001
3693,154,235.08788912500023,234.52181672499995
3694,154,291.5840244750001,302.34547412500007
3695,154,263.2097434500001,225.0030837249998
3696,154,186.39910700000001,193.56450489999997
3697,155,142.82445782500008,181.19547742499995
3698,155,178.15650465000007,195.5426128
3699,155,171.35159495000008,181.61397509999978
3700,155,142.76769670000004,149.58394859999999
3701,155,187.085453125,185.48124782500003
3702,155,218.3770657,271.7931466
3703,155,225.34633930000012,207.79266835000004
3704,155,266.80200767500014,227.79126672500013
3705,155,282.6427769500002,231.83136917500002
3706,155,286.8023149000005,260.5309124249999
3707,155,323.4718126250002,301.3250437249998
3708,155,302.18806485,358.14986304999985
3709,155,284.05524442500007,343.13678349999986
3710,155,353.1209255750001,349.7513512249999
3711,155,312.8896740250001,293.28403994999996
3712,155,266.50500065000017,335.33618932499996
3713,155,357.9439205,247.00638512500012
3714,155,288.6711929999999,332.63218782499985
3715,155,206.82584005000004,240.4807262249999
3716,155,299.25357137499986,286.2228487500001
3717,155,287.30645100000015,246.36000972499988
3718,155,251.90839015,267.30266775
3719,155,220.57787717500005,240.31192482499995
3720,155,170.25114787500007,213.7583598749999
3721,156,156.79439900000014,155.51273654999991
3722,156,170.46390682500004,165.79194045
3723,156,165.78989977500004,171.22245609999993
3724,156,168.00526695000008,135.640271575
3725,156,161.11570792499998,194.2281156499999
3726,156,198.59481820000008,205.95664607499992
3727,156,219.54447125000013,245.88922207499996
3728,156,267.4744960250001,222.01556219999986
3729,156,277.3702178750001,286.37926255
3730,156,275.49535985,323.3536906
3731,156,286.4470206499999,310.13602249999997
3732,156,319.74805382500006,348.73430515000007
3733,156,337.1637149249999,336.3826022249999
3734,156,249.40282084999996,327.4650938
3735,156,311.6976833000001,266.5292414249999
3736,156,307.96255880000024,287.3159048499999
3737,156,273.7444691249999,265.04214677500005
3738,156,223.5351776750001,251.91421427499975
3739,156,247.1384919999999,263.598627875
3740,156,270.87431002500006,220.15537910000006
3741,156,295.24091175,236.60812477500008
3742,156,303.00873484999994,249.03581794999985
3743,156,226.8613828000005,181.37663687499992
3744,156,157.45286245,175.09126587500003
3745,157,197.78680509999998,192.46854667499994
3746,157,202.7408942500001,173.81015079999997
3747,157,183.1450648500001,163.33371295000003
3748,157,167.32002487500017,126.78438722499999
3749,157,167.97987265000006,179.10520402500003
3750,157,194.56317865000025,205.7454973
3751,157,177.0501529999999,235.89146245000015
3752,157,231.28091442500028,225.02577892499994
3753,157,224.8663898000002,323.2453869999998
3754,157,280.7982866,344.62697095000004
3755,157,350.3155288750003,326.1009775250001
3756,157,322.55087955000056,360.91976239999974
3757,157,286.6395531499999,376.3624366749999
3758,157,292.1416099,242.05503532500006
3759,157,314.51586417499993,390.57006425000003
3760,157,309.17992585000013,294.7726099250001
3761,157,414.2409546250004,250.751084025
3762,157,245.92815257500013,308.55460467499995
3763,157,309.8883258500002,243.9542883999997
3764,157,258.0220194999999,265.96498232499994
3765,157,276.8976646750002,290.6466766249998
3766,157,253.8026879250001,245.86163869999996
3767,157,198.64124069999997,217.25034279999986
3768,157,229.9537562000001,221.4108809999998
3769,158,189.84195750000012,200.8857306749999
3770,158,157.52614839999998,201.62385625000002
3771,158,119.61305935000001,176.23882784999992
3772,158,222.88026782500015,179.563260775
3773,158,206.3540685750001,173.913696775
3774,158,197.94060620000022,166.10534314999995
3775,158,220.44101867500024,193.74156102499995
3776,158,338.58852252500026,178.82238437499996
3777,158,282.75058297500004,333.84745202499994
3778,158,345.5053595500001,312.55783712500005
3779,158,375.458282575,277.4496488749999
3780,158,405.32535782499997,301.0913079249999
3781,158,331.355378425,412.67492757499997
3782,158,305.2158071500003,319.53868564999993
3783,158,300.94205765000015,304.46573854999986
3784,158,263.5385421250003,291.10671314999996
3785,158,333.9711179500002,282.7677479749999
3786,158,340.33953587500025,284.0824175749998
3787,158,256.79522342500013,264.73723107499984
3788,158,280.57712347500023,309.71132869999997
3789,158,296.01488892500004,341.7630283999998
3790,158,262.2415661500001,253.3029361999998
3791,158,166.6556622749999,218.15296062499982
3792,158,254.75567725000028,235.01759597499995
3793,159,182.73639597500016,209.98403582499998
3794,159,186.89595002500025,223.86107694999998
3795,159,204.33378195,155.19136012499996
3796,159,181.01212890000016,182.3854669249999
3797,159,199.85824254999997,174.14420445000002
3798,159,244.48588605000032,185.6454177
3799,159,199.02174035000036,221.58370674999992
3800,159,268.5676526250004,250.56945324999992
3801,159,358.2370760500004,247.23834392499992
3802,159,339.5583636000001,300.4214807000001
3803,159,349.6085716000001,363.79052585000005
3804,159,240.5401108750001,355.5311069499998
3805,159,303.1779198500002,258.71006545000006
3806,159,354.81723145000024,311.78495935
3807,159,331.23326100000014,354.3552886000001
3808,159,355.04208742500026,307.84171239999995
3809,159,348.029649025,287.70971584999984
3810,159,278.4800531750001,305.91852882499967
3811,159,347.08670400000017,284.45560347500003
3812,159,278.57080212500006,289.30495035
3813,159,229.68576147499994,291.2753110499998
3814,159,195.96077244999998,180.56714044999995
3815,159,249.11647962500007,215.19868074999994
3816,159,220.64905252500003,195.67647389999988
3817,160,193.97598532499995,235.27451852499988
3818,160,224.16387270000007,199.99805774999993
3819,160,213.91450350000036,211.7491304749999
3820,160,189.10824152499993,188.06581997499998
3821,160,191.00332890000016,174.04252219999998
3822,160,204.7407176000002,184.17197549999992
3823,160,197.7445378750003,191.1648657
3824,160,223.32929782500003,236.99765234999995
3825,160,288.5050761000001,251.45925572500005
3826,160,226.69663160000022,303.3267962
3827,160,242.29982597499995,289.53903997500004
3828,160,350.5341801000005,341.13962190000007
3829,160,276.081283275,276.863155075
3830,160,280.8466826750003,232.19511725000012
3831,160,289.37953637500016,254.75107145000004
3832,160,234.2344853,266.8501855999998
3833,160,290.33847352500015,320.6778336249997
3834,160,228.5643346,275.73981464999986
3835,160,273.85174020000005,284.62630649999994
3836,160,215.83957352500022,238.52538474999983
3837,160,245.3996815000004,308.17573135
3838,160,196.85032757500005,287.8413125249998
3839,160,236.02515305000014,225.944097575
3840,160,238.09885992500014,217.24251620000007
3841,161,188.9023688750001,188.07280187500004
3842,161,228.4705619,204.7304015999999
3843,161,188.30393475000028,187.76367747499995
3844,161,193.10801150000012,213.29574874999992
3845,161,203.15961182500033,196.37602180000005
3846,161,183.3034244000002,176.65032572499993
3847,161,202.99842690000003,188.72509639999998
3848,161,211.2948480250002,193.576613025
3849,161,261.01207527500014,207.9711416
3850,161,304.1264248250001,196.3204667499999
3851,161,289.709695975,287.30241524999997
3852,161,245.13974985000024,299.9400636
3853,161,269.53634059999985,333.65575202499997
3854,161,257.6795267250001,295.33717847499986
3855,161,262.9262867,317.5020400000002
3856,161,296.9669577000004,273.22957115
3857,161,203.93798425,257.70373737499995
3858,161,298.6342298000004,221.50463995000007
3859,161,264.2269317000001,236.83297387500005
3860,161,237.2986341250001,245.39766312499995
3861,161,239.15480605,246.8743074249998
3862,161,237.13125994999987,263.88266085
3863,161,228.01904090000005,243.72455919999982
3864,161,174.51832039999994,199.47978965
3865,162,188.2102572750001,160.13796337499997
3866,162,143.93520742500007,175.47558555
3867,162,174.26125187500008,193.24009645
3868,162,188.09089090000015,178.77917749999992
3869,162,178.9877186500001,222.6955637749998
3870,162,215.53739607500034,215.11804714999988
3871,162,233.9992436000001,277.90811070000007
3872,162,295.3386285250003,253.55833819999995
3873,162,251.808880575,320.44129255
3874,162,351.6841969750003,378.696733575
3875,162,287.0788024500002,336.0352996499996
3876,162,305.2445022750004,362.68623412500017
3877,162,350.4119598000001,328.37019625000005
3878,162,441.97128230000044,266.45875944999995
3879,162,366.0064050750002,306.2447962250001
3880,162,375.74889302500014,302.0153895999997
3881,162,323.19370375000045,347.946264325
3882,162,301.7381629250005,357.052698575
3883,162,304.87012752500004,306.11827382499996
3884,162,378.7956858250001,305.6404722499998
3885,162,350.4191609,334.8650976
3886,162,342.1968454250001,287.84173802499987
3887,162,228.033503675,284.0249571249998
3888,162,256.01686785000015,224.86832499999986
3889,163,203.63917090000024,201.374947875
3890,163,183.36063902500007,195.75959014999995
3891,163,222.8171272999999,233.38442442499996
3892,163,173.52938320000027,203.24214602499998
3893,163,208.99448445000013,211.91170302499995
3894,163,245.98375412500008,208.533953825
3895,163,217.5644518999999,269.6407616999999
3896,163,233.39470955000033,312.18972522500013
3897,163,274.91712282500026,305.30777049999983
3898,163,315.45040300000016,317.7967627500001
3899,163,435.56332487500003,333.64151515
3900,163,331.97512170000016,360.3817001249997
3901,163,320.7852553000003,332.62066492499997
3902,163,321.194659075,265.30278710000005
3903,163,525.3493668249998,348.730970375
3904,163,294.0348992000005,380.711433925
3905,163,483.06745905000025,409.7965290999999
3906,163,335.5476309500001,325.530399225
3907,163,337.70789112499995,289.108578475
3908,163,308.4144102,292.60275185
3909,163,381.4558667750001,300.5174199999999
3910,163,178.13166435000008,273.85783547499983
3911,163,254.6383529000001,214.42814102499995
3912,163,249.03670797500007,220.00880784999984
3913,164,219.16251462500014,169.09573149999989
3914,164,210.59229182500013,134.994358625
3915,164,196.77016967500012,174.473015025
3916,164,192.5291440500002,195.0557611499999
3917,164,211.91054777500025,195.34671297499995
3918,164,224.61831435000013,229.3897688
3919,164,240.81820222500002,250.08740880000005
3920,164,254.36638520000014,235.67593602499988
3921,164,241.33180455000007,343.7321167999998
3922,164,289.85111005000044,355.0424051000001
3923,164,340.75695347500005,370.49050617499984
3924,164,335.49779770000043,337.67316355000014
3925,164,287.0763650749999,303.96141364999994
3926,164,341.50597262500014,346.80417959999994
3927,164,355.1680948750003,284.57169367499966
3928,164,389.6111394750003,383.42423197499977
3929,164,310.17384937500015,319.522423875
3930,164,264.5270584250002,311.4989455999998
3931,164,347.0013306000003,272.00324017499986
3932,164,332.9839049750002,324.41056915
3933,164,329.4961118250003,346.127617725
3934,164,251.5562139249999,239.05593374999992
3935,164,264.2300464000005,253.00517
3936,164,170.71131592499995,179.4577809750001
3937,165,197.37058335000017,177.26673549999992
3938,165,185.08774732500018,180.29768699999988
3939,165,152.84670177499999,201.56355454999996
3940,165,161.12541467500006,177.09396232500006
3941,165,186.67473372500018,181.53527305
3942,165,215.83693545000034,223.42859619999996
3943,165,223.9053259250002,236.07508664999978
3944,165,258.9708189,245.03771142500008
3945,165,240.3837822500002,291.0362475249998
3946,165,325.63736040000015,313.6713963750001
3947,165,273.8679507000002,357.606661575
3948,165,287.76920225000003,296.34753232499975
3949,165,333.4166149750001,310.00766597500007
3950,165,276.211524875,328.1115274499999
3951,165,238.78088087500024,400.5050994499999
3952,165,273.32071417500026,289.30632555000005
3953,165,351.14633704999994,348.9409540749998
3954,165,244.13952060000008,297.6628822
3955,165,332.61383620000015,279.08794592499993
3956,165,295.10537790000063,271.43412717499996
3957,165,314.5466567000001,370.83963347499997
3958,165,242.97496737500012,239.07962067499983
3959,165,254.92580167500012,208.11240170000002
3960,165,193.67171215000008,184.53354179999994
3961,166,165.38663192500002,199.30669447500003
3962,166,200.0102251500001,229.0671956
3963,166,181.8455803250002,147.90943802500001
3964,166,214.09233667500013,162.50632504999984
3965,166,200.66067762500006,188.25770879999993
3966,166,208.720407675,265.00630962499986
3967,166,262.11284915,221.29338239999998
3968,166,269.247091925,215.56854657499977
3969,166,256.5693353750001,334.38082112499995
3970,166,423.73818192500016,308.5348417000001
3971,166,360.9178202500003,362.558545825
3972,166,342.7450109000001,230.6219846249999
3973,166,215.24855727500005,337.60493869999993
3974,166,311.70114232500055,291.8012084749999
3975,166,362.27666329999994,339.4808251249999
3976,166,228.0473857750003,310.077413975
3977,166,316.97859622500005,223.46127662500004
3978,166,319.3122803250001,332.18928132499997
3979,166,344.08141440000014,343.97583332500017
3980,166,285.78039490000003,263.1879816249999
3981,166,298.42002850000017,311.9772265249999
3982,166,278.94584074999983,281.10931539999984
3983,166,246.28756417500017,247.80245344999992
3984,166,226.5105040750003,213.30227859999988
3985,167,200.50428115000017,228.75375740000004
3986,167,194.17176495000012,122.89131312499993
3987,167,155.52572955000005,186.98068792499993
3988,167,195.56066435000008,181.698834375
3989,167,190.44738777499992,166.80884749999996
3990,167,147.45194385000002,202.7902925499999
3991,167,221.08803187500018,195.091449675
3992,167,177.72352150000012,235.83752147500005
3993,167,230.871775825,266.65343384999994
3994,167,325.55541840000024,258.22107659999983
3995,167,281.57778187499997,309.35363612499975
3996,167,267.0870203750002,293.97180405000006
3997,167,282.032549225,314.7327558500001
3998,167,287.74961907500006,248.82289352499998
3999,167,282.78264232500015,312.798137525
4000,167,334.15859740000013,353.3913914000001
4001,167,280.40996855000026,348.83217657499995
4002,167,389.110483325,240.74359272500007
4003,167,275.054100425,275.91086469999993
4004,167,266.0104871249998,266.58943780000004
4005,167,251.8881463750002,316.83815734999996
4006,167,308.77063605000023,395.3344381249999
4007,167,205.23757747500014,241.9128770000001
4008,167,214.12032622499999,249.70234005000006
4009,168,187.4348866500004,235.5316451
4010,168,196.715671975,216.548787275
4011,168,203.22386112500016,195.09304025
4012,168,188.6706463000002,158.94488620000004
4013,168,184.81844975000027,216.17890014999998
4014,168,201.7821103750001,160.92445009999994
4015,168,160.9424123000001,209.77190252499997
4016,168,227.70759520000013,269.4582357
4017,168,319.1388977500002,257.9631010999999
4018,168,258.6356420250004,222.22436092500007
4019,168,281.44910364999987,319.1229110249998
4020,168,242.62291887500024,311.17568192499994
4021,168,312.6280326250002,325.91441734999984
4022,168,269.0127694000001,302.3411709749999
4023,168,346.06868427500024,336.75967812499994
4024,168,393.7626082250001,353.012010475
4025,168,287.8280599750001,376.15822337500003
4026,168,295.4021979500001,305.0639052999999
4027,168,275.20189065,362.83166852500005
4028,168,254.0924538750001,270.5880599499999
4029,168,300.3012040750001,270.4432096999999
4030,168,341.58876335000025,254.46131250000013
4031,168,225.36301992500017,216.709183375
4032,168,198.55733652500004,214.9123495749999
4033,169,154.49287090000024,176.654190525
4034,169,189.43877445000018,162.92450045000004
4035,169,182.37385272500003,149.99752444999996
4036,169,143.37025637499997,190.01083795000005
4037,169,163.48152950000008,221.4876207
4038,169,222.01530867500026,194.47097655
4039,169,235.18634745000003,223.7915387500001
4040,169,244.0234775250001,262.95929724999996
4041,169,319.50839737499996,322.01295074999996
4042,169,373.42695957500064,309.840971925
4043,169,321.85869429999997,307.645278275
4044,169,266.24827752500005,305.33434687499994
4045,169,369.80696475000013,313.02099432499983
4046,169,319.9550077750001,335.2527455999998
4047,169,316.54579037500025,352.231102725
4048,169,406.7751919750003,391.85702395
4049,169,369.82848055,357.4254622750001
4050,169,383.12752717500024,371.6645302249999
4051,169,387.44005427500014,268.0592997749999
4052,169,323.06176545000005,319.47287335000004
4053,169,298.4214750000003,262.7381126999998
4054,169,265.89266455000035,310.91097939999975
4055,169,252.8787231750001,207.4898613749998
4056,169,215.59756515000007,196.6656449749999
4057,170,184.47937635,179.45029592499992
4058,170,191.45055300000018,184.59887880000002
4059,170,202.76792684999987,177.57864989999996
4060,170,208.68359372500007,202.8785521
4061,170,228.4481750500002,201.82756489999994
4062,170,231.87400234999993,170.5699820249999
4063,170,253.49818650000014,234.62562997499998
4064,170,280.3985534,296.6027730999998
4065,170,306.6862333250001,335.27406377499983
4066,170,382.2466972750002,204.6273842750001
4067,170,219.30739212500004,257.40345407499996
4068,170,334.70791807500007,288.4761844249998
4069,170,338.49111719999996,314.4354180749998
4070,170,297.8875274500001,376.69710847499994
4071,170,310.91600727499997,385.8645162999999
4072,170,358.74568912500035,345.3088297749999
4073,170,303.6285874250003,283.85696619999993
4074,170,338.333383025,358.55295694999995
4075,170,327.44341635,375.9165929749999
4076,170,310.2129764000001,372.84426014999997
4077,170,311.4044387,328.5975101749998
4078,170,265.48956105000013,254.73803585000013
4079,170,228.83958310000014,267.929154175
4080,170,301.7884365750002,226.36810594999992
4081,171,209.05880207499996,165.17771660000002
4082,171,198.74770047500004,215.27817407499995
4083,171,158.6231610250001,215.6509932
4084,171,175.35524745000004,184.907237625
4085,171,184.76805422500007,199.55077274999996
4086,171,211.75056050000038,267.15391399999993
4087,171,217.62180697499997,176.99796334999996
4088,171,261.2609463000002,277.89436130000007
4089,171,285.8166129000002,378.5324504750001
4090,171,311.17684465,294.1002981999999
4091,171,313.7764226000003,451.0964044749999
4092,171,326.05603702500014,370.3533651499998
4093,171,281.85449332500013,365.83947904999985
4094,171,294.9965485,429.98837407500014
4095,171,348.479630475,273.07850659999986
4096,171,273.8358686250002,350.0700675249999
4097,171,363.1453865750002,327.3469744
4098,171,462.6653846500005,304.08796367499997
4099,171,246.58976840000037,315.34406885
4100,171,276.8041487500001,341.8654402999998
4101,171,343.9690316749999,302.2190144499998
4102,171,287.86362025000005,332.999110075
4103,171,233.05738372500025,258.43687079999995
4104,171,207.09057654999998,183.71711612500002
4105,172,204.021182,224.68614084999996
4106,172,148.09415454999998,155.37217884999995
4107,172,147.8511437750003,237.73397545
4108,172,199.75659265000013,161.37152082499995
4109,172,187.64434407500033,206.33520734999996
4110,172,237.89437852499995,213.04586147499992
4111,172,227.45591675000014,162.50161349999996
4112,172,265.25879592500036,313.0701474749999
4113,172,324.05552739999996,273.07658325000006
4114,172,376.8617681999999,295.7590583749999
4115,172,316.3699842,358.79557857500004
4116,172,369.70731524999997,401.1382405249999
4117,172,250.89282157500008,392.9172704000001
4118,172,298.0359652500001,368.47027297499994
4119,172,321.0161004,338.68557154999996
4120,172,281.65608010000017,323.95737380000014
4121,172,233.11555152499997,309.25129654999995
4122,172,344.3505263750002,357.4314135249996
4123,172,279.3048450499999,274.94291554999995
4124,172,306.0718935750002,376.195524225
4125,172,289.08092445,311.478858725
4126,172,309.9808586500001,248.92605349999997
4127,172,220.97066167499992,230.3577632250001
4128,172,196.74947072500015,250.73062024999996
4129,173,162.35762225,266.10961607499996
4130,173,146.62367062500005,168.3146635249999
4131,173,202.26604935,215.08154139999996
4132,173,193.61907055,158.9298660749999
4133,173,200.7157581500001,206.55736465
4134,173,189.6846012500001,198.23472327500002
4135,173,205.63359644999997,270.45415157499974
4136,173,260.73580810000004,238.90108312499996
4137,173,230.8951392,358.17881147499963
4138,173,309.43351610000036,374.0482684749999
4139,173,333.619485975,325.1676216999999
4140,173,423.52127625000014,324.2264237999999
4141,173,308.4545200250002,306.39961559999995
4142,173,427.859831825,328.7250202749998
4143,173,352.0126890000003,310.2872397000001
4144,173,316.28343677500004,361.76248062499997
4145,173,266.252165775,354.42230889999996
4146,173,261.62935302500006,293.0981924249998
4147,173,253.07788059999993,216.38248994999998
4148,173,300.2490649249999,226.65969519999993
4149,173,260.516207,198.9134750999999
4150,173,249.83092635000008,245.10886087500015
4151,173,199.10990065,178.72484337500006
4152,173,186.56092389999998,210.11522800000006
4153,174,187.97772145000005,223.17368327499992
4154,174,175.1311601000001,212.28013294999988
4155,174,199.4109779750002,141.88117545
4156,174,163.59510004999999,191.72811664999992
4157,174,167.63411192499984,201.0962909999999
4158,174,205.94392722500015,164.53170149999988
4159,174,225.09625557500004,209.31215155000007
4160,174,236.73404225000002,263.4027851749998
4161,174,272.7218790500004,263.3010465999998
4162,174,272.5458853250001,252.4971134
4163,174,324.6028797000001,309.9082561999997
4164,174,287.7888819500002,311.8064583249998
4165,174,245.8558468750001,240.31414657500005
4166,174,305.5403870750001,306.65869732499993
4167,174,228.655903375,281.1905042249999
4168,174,288.9689049750002,270.89218860000005
4169,174,296.34492672500016,255.4737552749998
4170,174,249.6165769749999,251.24567724999991
4171,174,355.19196237500023,258.17805222500004
4172,174,264.5081172500001,244.16556607500002
4173,174,219.0053782750001,319.3446253249998
4174,174,215.43602330000004,256.1256853749998
4175,174,248.80675952500007,194.172002225
4176,174,201.38607592500003,171.706409575
4177,175,192.2728387999999,207.79885639999998
4178,175,156.72048202500002,157.35939555000004
4179,175,168.5047140250001,226.7541402999999
4180,175,183.78901500000018,154.07551327500005
4181,175,205.83248177500008,197.428794425
4182,175,191.48295584999988,212.49374492499987
4183,175,189.3391782750001,190.56309357499998
4184,175,230.09201940000028,213.5106968999998
4185,175,341.3493341500002,277.12957352499996
4186,175,324.1283424500001,269.09279584999985
4187,175,295.5278252500004,296.50669565
4188,175,297.2473276499999,290.8116068499999
4189,175,259.63081235000027,264.76463794999995
4190,175,314.0096110000005,254.02552547499977
4191,175,253.64452525000036,348.22410849999994
4192,175,282.1591937999999,239.5641590249998
4193,175,286.37463090000034,234.68326634999997
4194,175,194.11927167500028,315.69868857500006
4195,175,358.68862457499995,310.32458827500017
4196,175,259.1593079500001,278.79422940000006
4197,175,268.6914965750001,245.45387372500008
4198,175,208.6505208250001,207.01068127500005
4199,175,238.29062974999994,202.567889825
4200,175,193.08838695000014,185.36510174999995
4201,176,147.91538912500013,144.0491507749999
4202,176,172.63892717500002,162.61795217499994
4203,176,167.32362350000008,127.63587842499996
4204,176,178.59342010000017,191.73352227499987
4205,176,182.1735026,159.09092299999992
4206,176,234.02329585000007,220.59510007499995
4207,176,261.41000865,239.5707934499998
4208,176,236.9533811250003,241.85927190000015
4209,176,227.07399072500007,245.25630179999993
4210,176,259.0338153500005,274.3204332000001
4211,176,318.00837790000014,283.76913632499975
4212,176,386.97067010000006,283.40801262499986
4213,176,401.2732404250007,317.5477617500002
4214,176,319.8360845750001,346.4737748499999
4215,176,298.0897580500001,324.57195394999997
4216,176,318.55458857500025,328.11029284999984
4217,176,281.638216025,335.83601745000004
4218,176,369.37534077500027,358.9449838749998
4219,176,274.49976670000024,342.12138549999986
4220,176,307.5621431250003,280.1779457499998
4221,176,274.82520242500004,318.88725819999996
4222,176,280.77149707500007,265.53299994999986
4223,176,237.94660622500035,250.8368467749998
4224,176,255.18869382500014,215.0211787999998
4225,177,187.96348520000015,245.45146254999997
4226,177,195.90486632500009,191.3212466999999
4227,177,209.186841875,193.94884299999995
4228,177,185.32678930000017,252.45797909999996
4229,177,224.2229154000001,202.65578287499994
4230,177,239.8500716750001,201.9001868249999
4231,177,244.62744972500042,216.01606012500017
4232,177,220.63274732500005,223.46669207500003
4233,177,258.99959130000013,280.0400779999997
4234,177,341.3011937250002,277.8700931499999
4235,177,303.9275739500001,261.49722122499986
4236,177,365.3991980500001,323.63892119999986
4237,177,342.3178223000002,286.630724675
4238,177,372.8217631750001,366.41911582499984
4239,177,239.77839135000022,349.96501442499994
4240,177,315.1996144999999,344.10761864999984
4241,177,304.4133864,374.19780084999996
4242,177,307.22558875000004,303.41960589999997
4243,177,279.8981704250001,348.76802462500007
4244,177,226.8707272500002,297.99052732499985
4245,177,227.3385982250001,267.09529622500014
4246,177,257.2016907250004,282.39788320000014
4247,177,285.97930512500034,211.93002544999996
4248,177,209.1348759500001,221.17255497500003
4249,178,189.73156577499995,184.2096386999999
4250,178,160.40378895000026,198.46119449999983
4251,178,171.62102947500006,144.3781541
4252,178,179.71898645,214.42868084999986
4253,178,186.50939357500027,177.190292775
4254,178,220.0134619500001,184.24282209999996
4255,178,206.57630347500032,243.48901837499992
4256,178,353.9386161250004,280.556553775
4257,178,278.5486483500001,382.97535907499986
4258,178,353.5134132250006,319.759644675
4259,178,271.1036094500001,260.1285892249999
4260,178,374.85628852499997,308.03393985
4261,178,255.81366657500004,339.9839940499999
4262,178,340.75214732500024,358.4860554999999
4263,178,348.1695898250001,299.97883142499984
4264,178,389.2164813000001,359.6474634749999
4265,178,386.56642875000017,297.2888233000001
4266,178,367.3246679750004,341.24262020000003
4267,178,315.73218985,368.8566280749999
4268,178,292.980613425,260.0813991250002
4269,178,287.626177825,297.62789192499986
4270,178,262.4319023250002,239.179002075
4271,178,206.02457404999996,291.90454545000006
4272,178,208.70144267500012,210.23513902499997
4273,179,215.72546925000012,203.73405774999983
4274,179,181.49258825,188.77274342500004
4275,179,187.53147425000014,208.9696015
4276,179,166.5117979500004,157.48311345
4277,179,200.64780245000009,195.14763235000004
4278,179,199.86233825000016,212.37757409999995
4279,179,235.0794377750002,236.042225275
4280,179,262.6631730250004,256.20790722500004
4281,179,346.35792012499996,260.6393204999999
4282,179,310.3445058,271.9024068999998
4283,179,367.1098169750002,399.1033952499999
4284,179,314.4766343250002,329.94049174999986
4285,179,324.64764352500003,261.72834380000006
4286,179,392.32833197500065,342.4502987500001
4287,179,282.35372559999985,289.52478155000006
4288,179,432.5872593500001,377.9033416
4289,179,369.6680486750002,372.5280195999999
4290,179,358.8274790750005,313.53021092499995
4291,179,412.74483357500037,302.62437880000004
4292,179,260.23514180000035,346.8118357499998
4293,179,276.4484980499999,354.978901775
4294,179,294.18410287500046,280.570609975
4295,179,249.32726479999985,251.49311342499988
4296,179,157.0549412000001,226.54962469999987
4297,180,270.2696755750003,228.89891704999997
4298,180,234.32215910000008,138.399921225
4299,180,198.87746677500002,211.95749142499994
4300,180,237.14156087499995,195.65355042499988
4301,180,210.25750922500006,160.71086829999996
4302,180,219.7209767250001,229.34532967499996
4303,180,234.19229580000012,275.40020999999973
4304,180,318.32263032500043,233.10193424999983
4305,180,269.0283681,338.9908257
4306,180,285.81094252500003,332.7859876749999
4307,180,335.19130925,375.4899992249999
4308,180,462.4068891750003,362.36141410000005
4309,180,264.75803697500015,282.0210650249998
4310,180,411.2964085250005,309.28540292499997
4311,180,406.4029639500005,400.24457385
4312,180,386.9006394750003,302.3472158499999
4313,180,301.79761815000006,327.4121869500001
4314,180,389.71132265000006,362.81137019999966
4315,180,350.61664362500005,290.8343637999999
4316,180,272.137502175,272.64544747499997
4317,180,285.99900727500017,232.77984555000006
4318,180,321.1575242250003,298.3517160000001
4319,180,213.23893055000008,274.7514263499997
4320,180,258.3276347250001,268.87139389999993
4321,181,196.05145310000012,231.94919994999992
4322,181,172.4827131,202.76695572500006
4323,181,154.68198835000004,153.5273275999999
4324,181,183.00367085000002,199.24517299999985
4325,181,217.02965392500016,206.54927870000006
4326,181,228.81307227499994,213.732328225
4327,181,162.73880812500008,181.4439744499999
4328,181,278.5168238749999,247.18396469999993
4329,181,269.82876065000005,281.103892525
4330,181,288.1452962750005,311.32066582499994
4331,181,222.5528153250001,273.6171183249999
4332,181,279.4365762,298.5403123499999
4333,181,295.44955919999995,325.75914387499995
4334,181,308.3979870500001,261.15351557500014
4335,181,357.1848279250001,322.060756225
4336,181,257.641486775,362.61842752499984
4337,181,267.73427582500017,334.57792344999996
4338,181,299.91593720000037,261.3058533999998
4339,181,308.16606155000017,335.5042068
4340,181,276.7164348250004,314.072347325
4341,181,267.59034917500003,310.95222159999986
4342,181,239.06543747500012,235.03252917499992
4343,181,237.10720002500022,269.0812474249997
4344,181,229.9832260000004,208.4407903999999
4345,182,188.49004372500002,214.51714825
4346,182,208.7399402999999,162.71749497499994
4347,182,198.76883405000018,187.43290639999995
4348,182,206.47410347500016,207.57970147499987
4349,182,189.7788527,162.513375725
4350,182,239.4080096250002,218.74015955
4351,182,143.39090295000017,194.89847212500004
4352,182,207.34858882500023,222.6045345249999
4353,182,258.2055536749999,315.76534830000014
4354,182,317.078568225,254.87321227500001
4355,182,310.7165582250002,314.1870775499999
4356,182,374.48589470000013,356.0148807999999
4357,182,301.13254622500006,273.006260225
4358,182,313.0297211750001,301.90567937499975
4359,182,294.06060632500015,402.79125144999983
4360,182,295.50418080000003,313.41480194999997
4361,182,238.78334207500006,333.2034366249998
4362,182,364.68685015000005,285.5396093499999
4363,182,332.10570270000034,346.8772355499999
4364,182,267.86542350000013,322.0737555500001
4365,182,298.12542352500026,256.74707672499994
4366,182,275.9656899250002,240.04297992499994
4367,182,236.46460282500027,248.87786330000006
4368,182,190.5051367750002,224.98589135
4369,183,183.21456812500008,131.63325062500004
4370,183,177.47180637500003,179.39646127499987
4371,183,216.58242747499997,212.30704512499995
4372,183,156.2939684250003,196.43115094999996
4373,183,191.59711265000007,206.31454092500002
4374,183,170.5135324500001,157.9061024
4375,183,214.49698235000014,206.0005989249998
4376,183,268.3196365500001,295.2120255
4377,183,269.34993155,295.47716672499985
4378,183,284.7395284500001,336.77972317499996
4379,183,362.2218908250003,307.22043907500006
4380,183,320.7935758250002,283.159853
4381,183,368.5342192249999,372.58500762500006
4382,183,328.5741252750002,303.18539602500005
4383,183,357.4411732250003,410.54481722499975
4384,183,350.97511185000036,339.24586167500007
4385,183,417.5942807750009,199.373026775
4386,183,328.06577892500013,376.93446922499993
4387,183,266.59020927500006,320.166013625
4388,183,244.56587805000015,321.83958582499963
4389,183,248.88338135000004,315.9067255499998
4390,183,247.1900522999999,279.42444152499974
4391,183,263.5981965250001,215.68819934999993
4392,183,156.45588605,229.52697804999997
4393,184,204.64858187499993,215.02061774999993
4394,184,189.99521560000002,163.05847322499994
4395,184,194.83434844999994,216.43745119999986
4396,184,179.782440575,156.82943889999999
4397,184,220.4927989999999,219.56924757499993
4398,184,218.33704460000007,198.59018934999992
4399,184,256.047762425,256.8048261999998
4400,184,254.2894522750002,265.8050749500001
4401,184,235.68032352500023,303.57476840000004
4402,184,328.38247160000003,288.69284794999993
4403,184,293.7812037500004,362.5252000499998
4404,184,321.30773252499984,343.76167607499974
4405,184,330.8288512500002,421.2804420499999
4406,184,370.15976852500006,352.8182073500001
4407,184,479.428299425,273.60787295000006
4408,184,353.0881223500001,309.71951290000004
4409,184,380.43690902499986,289.6403777249999
4410,184,313.59245742500013,276.2348933749999
4411,184,281.1791940500001,306.1082941249997
4412,184,284.61417962500013,299.59930377499995
4413,184,267.4662580250002,283.4649116249998
4414,184,271.831776525,277.46026757499993
4415,184,207.985946775,242.137822125
4416,184,252.60128870000017,225.71261042499995
4417,185,235.4631321000001,164.54652722499992
4418,185,197.07278745000002,244.51042209999997
4419,185,173.61715650000008,196.19871067499997
4420,185,209.9723049500002,180.1529961
4421,185,200.47666512500018,242.30114557499996
4422,185,246.6460277,217.48929487499996
4423,185,238.2538797499999,167.3354243750001
4424,185,285.72707880000013,267.6680942249999
4425,185,296.02350827499987,265.43683057499993
4426,185,246.2068566500001,281.9622669499999
4427,185,313.44300354999996,316.919031925
4428,185,261.6925381500001,378.6244715250001
4429,185,303.81509337499995,286.92909430000003
4430,185,300.2168550000002,346.50176154999997
4431,185,322.88407705000054,289.78894342500007
4432,185,281.1481544,321.6739606749996
4433,185,239.83936862500008,340.4111005
4434,185,311.480460225,288.4491992249999
4435,185,290.3634559750003,327.8620978749997
4436,185,289.5809974750001,319.94833652500006
4437,185,279.67110624999987,216.61614785000006
4438,185,258.18203369999986,177.33797047500013
4439,185,211.78302660000008,159.29675
4440,185,211.80411647500011,199.67289807499998
4441,186,174.49294052500034,167.5056874
4442,186,162.03238797500006,158.52357564999997
4443,186,167.17284325000003,163.29105422499998
4444,186,178.59812512500008,127.64882152499999
4445,186,192.1844012000004,186.30858892499998
4446,186,225.79612997500016,215.2380543499999
4447,186,214.97269339999997,244.43003894999998
4448,186,223.77829000000008,239.54021245000004
4449,186,294.69642687500004,280.2563383999997
4450,186,285.6920805000001,363.3296741500002
4451,186,398.9228286249999,296.694181
4452,186,295.61116060000023,363.13005314999975
4453,186,314.0545742250002,285.467037325
4454,186,349.80733050000015,218.40116484999987
4455,186,299.36492305,363.02180532499995
4456,186,339.278071525,416.493236075
4457,186,414.0862956000001,326.90690177500005
4458,186,262.5801770250001,307.79693955000005
4459,186,335.5828931750002,254.78537749999995
4460,186,209.5723149750002,208.91452492499997
4461,186,237.37597072500012,311.98614434999985
4462,186,272.40983365,290.7758932249999
4463,186,223.94988245000022,207.84746852500007
4464,186,238.12200945000018,191.40099402499996
4465,187,160.808367875,164.65592107499992
4466,187,198.5885153500003,169.80403522499995
4467,187,192.06212090000008,215.51774777499986
4468,187,224.21386197500004,170.00216675000007
4469,187,154.31855502500005,161.52164027499998
4470,187,211.66414137500004,210.67618012500003
4471,187,258.2442308749999,208.48507502499984
4472,187,232.80818494999994,240.11619659999985
4473,187,344.645170625,287.50130942500016
4474,187,388.33132969999986,271.9404247249998
4475,187,334.17837385,321.5816796
4476,187,330.6245216500005,239.11619147499982
4477,187,361.84527215000014,317.5891058499998
4478,187,309.3825963499999,298.2815730750002
4479,187,326.289784475,330.0799356250001
4480,187,321.2354752500001,311.54245195
4481,187,316.92232149999984,352.40094207499976
4482,187,311.54096827500007,305.16951374999996
4483,187,353.3028600750002,326.36752490000003
4484,187,310.39210305000034,354.94644374999996
4485,187,325.6003560500001,363.05151104999976
4486,187,270.2549876000002,295.4086229249999
4487,187,250.27206170000017,190.1590453749998
4488,187,185.52013040000014,190.37780405000012
4489,188,196.2724210999999,195.49230282500002
4490,188,135.49238172500003,189.89045670000002
4491,188,183.3531745000002,191.56498030000006
4492,188,164.100041025,231.67633599999994
4493,188,134.69139900000008,171.1672745749999
4494,188,225.94305097499992,185.49122737500002
4495,188,194.06516502500017,206.14635252500005
4496,188,215.45608960000027,190.44738952499995
4497,188,299.35768617500014,294.627584525
4498,188,236.42499400000008,315.151595425
4499,188,287.2622164500002,284.84553589999985
4500,188,346.9504579000003,297.46015982499983
4501,188,265.62307237500033,241.5277215999999
4502,188,344.1872749750003,342.98878205000017
4503,188,386.5976731000001,327.5181351499998
4504,188,407.43099970000014,274.4666955249999
4505,188,278.56811812500007,345.3835038999998
4506,188,356.0930059000003,288.9676140999999
4507,188,248.89102954999984,359.60148957499996
4508,188,316.76902032500004,304.4288790499998
4509,188,315.6207395000004,295.8386423499999
4510,188,222.03362707500008,239.53420527500003
4511,188,301.92817722500024,208.68649272499997
4512,188,199.73185165000018,205.02436687499997
4513,189,204.6989767750003,170.87557347499998
4514,189,230.00478872500003,167.62642194999995
4515,189,147.27507892499995,161.81744689999994
4516,189,199.54403657500004,183.27144635000002
4517,189,181.01627627499994,211.25231959999994
4518,189,243.7460025500001,186.86767784999995
4519,189,226.41193635000027,216.17387602499994
4520,189,279.5316435250001,229.45871975000017
4521,189,226.5888610750001,333.15889245000017
4522,189,334.5428452500003,269.59247565
4523,189,241.5602823,338.15021764999995
4524,189,338.650269525,326.7673889999998
4525,189,287.4344504500001,325.5416419999999
4526,189,285.64548162500023,331.3616018250001
4527,189,346.28411962500036,318.5043025
4528,189,288.00975322500005,359.00931122500015
4529,189,278.8704160750001,300.22315407500014
4530,189,294.9128519500001,324.63165115000004
4531,189,321.4809764500003,326.90764812500004
4532,189,244.78522705,249.50659747500004
4533,189,358.3337221750003,330.893251675
4534,189,260.8570698,280.34696180000003
4535,189,279.0757770750001,242.49793422499985
4536,189,232.28220825000005,192.18941424999994
4537,190,214.66765885000007,155.456042975
4538,190,178.24978025000001,237.73368967499994
4539,190,174.21245437500016,191.57156282499983
4540,190,156.90441642500005,205.49117797500003
4541,190,172.8891360250001,236.60310909999998
4542,190,270.1341582500002,202.297007025
4543,190,310.1700775500001,245.07926650000002
4544,190,302.66685565,253.2532565249998
4545,190,343.60834295,299.6570477749999
4546,190,340.17304012500006,413.16645247499997
4547,190,340.4037435500004,325.00729637499984
4548,190,396.07772562500037,328.9797823
4549,190,489.1199081249997,402.9707338249999
4550,190,346.47070142500047,356.9218112000001
4551,190,360.9520946000001,405.91677827499996
4552,190,421.12336457500044,493.38132252499986
4553,190,447.9515793500003,311.0063727249999
4554,190,489.27950520000013,371.33454712500003
4555,190,307.1630152749998,317.66763872499996
4556,190,355.98394880000006,330.23478804999985
4557,190,334.3028170749999,384.8856714249998
4558,190,370.33441762500007,329.9549454749998
4559,190,280.333745175,329.72467259999985
4560,190,233.67662707499977,223.00253694999998
4561,191,211.20380550000021,211.80900727500006
4562,191,225.59163932500041,242.27855099999996
4563,191,194.29881127499988,223.01353924999995
4564,191,183.78939854999996,226.76951572499996
4565,191,217.26070205000008,199.89702477499998
4566,191,240.45217159999999,227.60985779999976
4567,191,285.4305130749999,227.04777432499992
4568,191,300.80603892499994,264.15424634999994
4569,191,313.9024858,348.10652952500004
4570,191,313.66285330000017,356.15948234999985
4571,191,359.4264625249999,315.5515065500001
4572,191,396.49500485,452.6989902749995
4573,191,392.8666049249998,370.44377129999987
4574,191,434.7348702000005,349.6007565
4575,191,474.8848066249999,386.1539917
4576,191,376.17645842499985,486.052367625
4577,191,447.2021325749999,416.932643175
4578,191,434.72886057500045,396.1221003999999
4579,191,344.58974382500094,458.97982977500004
4580,191,345.0705317249999,434.68586519999997
4581,191,378.91349197499994,349.7812700249998
4582,191,374.40561442500007,339.2040508249997
4583,191,294.4327050750004,315.7249885499999
4584,191,242.15073060000017,258.1300555999997
4585,192,253.90584222500013,251.45718155
4586,192,208.87556757500016,182.80392094999988
4587,192,179.23441620000017,209.58122682500004
4588,192,222.91958094999995,250.73391867499998
4589,192,213.1364937250001,203.85590315000002
4590,192,249.10662637500036,222.75787855000016
4591,192,324.68136012499997,162.24628555
4592,192,312.92010592500014,312.45625567499985
4593,192,332.5919083500004,393.227776975
4594,192,344.5549888999999,331.97391487499976
4595,192,418.0123967250006,359.43082315
4596,192,373.59471072500037,433.29691482500004
4597,192,372.2001571000004,372.2911837749998
4598,192,337.1627391500001,344.82983935000004
4599,192,424.17628935,351.73822584999994
4600,192,313.6476749250001,428.1412036749999
4601,192,413.61097465000034,446.54896614999996
4602,192,362.817293125,388.6948387499999
4603,192,338.03997400000026,327.2942416249999
4604,192,359.5068334250004,407.064109675
4605,192,302.7958245499999,408.0487054749998
4606,192,318.085145075,345.917779225
4607,192,242.1637329500001,267.20448015
4608,192,295.98460677500015,237.42572197499996
4609,193,271.6625126500002,193.83784787499994
4610,193,231.89079189999995,233.51904589999987
4611,193,254.0236414500001,157.09019245000002
4612,193,242.81163672500003,224.91237162499996
4613,193,265.71111725000003,266.50669569999997
4614,193,261.7429343,264.1707690999999
4615,193,269.07218210000013,295.42920507500014
4616,193,298.0349553750001,257.62167394999983
4617,193,337.5827572250003,335.29693432499994
4618,193,322.155261825,438.77559644999997
4619,193,342.1631432000004,325.7960833000001
4620,193,385.43711262500017,422.1995741249999
4621,193,364.50070035000033,461.807464225
4622,193,398.99159550000013,393.46810147499986
4623,193,358.42521317500007,418.2909819999999
4624,193,410.32450577500094,308.01329737500004
4625,193,425.35209562500035,407.6644078249998
4626,193,261.8527311250001,314.03011432500017
4627,193,299.7888243,338.8536272749999
4628,193,349.87482002500013,313.51064937500007
4629,193,359.1523618500003,317.0714399
4630,193,318.3241236500004,375.7703276499997
4631,193,273.05683505,309.53181912499997
4632,193,246.482956925,239.90890465
4633,194,239.9502188500001,214.37671077499985
4634,194,223.508237075,192.529784875
4635,194,196.94834810000017,240.53520042500008
4636,194,186.91313930000013,210.7949388
4637,194,187.9921015499998,237.165036225
4638,194,251.7638138250001,174.891471525
4639,194,250.48499747500009,222.36936725000004
4640,194,251.54147892500004,260.04517857499974
4641,194,258.44136642500007,263.95898404999997
4642,194,377.89397629999996,397.2431572749998
4643,194,394.4273703250001,377.5736281749999
4644,194,389.87645305000024,336.48301697499994
4645,194,336.7874366250002,343.4969173999999
4646,194,427.3430627750004,356.08660314999986
4647,194,316.92501170000014,379.751166025
4648,194,294.48426904999997,287.3763074999998
4649,194,350.55100009999995,387.0851329249999
4650,194,358.10143985000013,302.58479172499995
4651,194,318.1360800750001,295.1294962500001
4652,194,260.68607242500013,351.5155123499999
4653,194,316.9741329750001,326.88943072499995
4654,194,353.23033155000024,282.8660666749998
4655,194,252.92117547500004,248.53988104999996
4656,194,263.1150150000002,246.0644240499999
4657,195,206.31510890000013,221.02835240000002
4658,195,197.47099622500002,185.3543129
4659,195,168.3292318750003,158.94096369999994
4660,195,164.18363857499992,198.29343694999997
4661,195,204.48316599999998,197.74953342499992
4662,195,222.5032396000002,197.96685897499987
4663,195,221.10468352500004,206.4706577499998
4664,195,253.9535202750001,227.56430827499975
4665,195,345.127423675,332.848586875
4666,195,335.54345432499997,256.52111795
4667,195,304.10328215000004,351.4287633749999
4668,195,358.874030025,374.2566073999999
4669,195,320.2947281,280.2558864250001
4670,195,308.8112440500001,349.7577796249999
4671,195,333.82773160000033,344.521896275
4672,195,335.0062086500002,301.0304052249999
4673,195,270.6655256000001,316.92815034999984
4674,195,367.77168855000014,298.8062592250001
4675,195,300.0348569250001,277.26555797499987
4676,195,294.37615392500027,303.2242808249999
4677,195,307.4428513999999,292.6787372499999
4678,195,300.74632825000003,250.69759395
4679,195,247.42354932499993,271.1390071499999
4680,195,239.56168652500014,249.60093652499987
4681,196,187.912229975,238.38396142500005
4682,196,214.22824725000032,244.63985014999997
4683,196,173.31982557500007,205.21939337499992
4684,196,211.06704640000007,191.31181194999994
4685,196,196.84117565000003,220.9985042749999
4686,196,227.68997745000013,245.67573997499994
4687,196,206.19861595000015,208.18188800000007
4688,196,257.31199997500005,224.45509015000005
4689,196,227.21415347500027,236.99803639999988
4690,196,257.6358504750002,335.15426417499987
4691,196,316.9006082249999,326.500972575
4692,196,365.55197499999997,272.02728777499993
4693,196,352.1487885,270.7308116250001
4694,196,322.28588937500035,248.44791277500013
4695,196,333.44997832499996,335.7811202749998
4696,196,299.6936507500001,281.1456802749999
4697,196,250.4669882999999,246.46685962499987
4698,196,380.3543936,339.50356002499996
4699,196,309.672487475,257.3431042499999
4700,196,292.23805785000025,372.3059806499999
4701,196,283.1295141500002,313.17618697499995
4702,196,268.4232071000005,181.838132375
4703,196,208.07453937499997,171.0300435499999
4704,196,163.69100654999994,168.32386322500003
4705,197,167.54373780000014,191.90723257499997
4706,197,131.00292329999996,163.41146752499992
4707,197,179.58602792500005,190.573461275
4708,197,181.14715179999996,181.80781587500002
4709,197,231.34519047500004,215.62419642500006
4710,197,231.4806063000003,237.35032972499982
4711,197,257.9432879750001,257.4488355499999
4712,197,289.45149582500045,262.51542007500007
4713,197,292.734933025,225.7597860499999
4714,197,302.43105872500024,382.2127723
4715,197,359.85307082500026,273.9305382249999
4716,197,284.2458761750001,330.93121125000005
4717,197,361.4630279250001,288.52391797499985
4718,197,356.1757467750002,340.61890434999987
4719,197,365.69353177500034,497.6707169499999
4720,197,304.65710355,370.43617410000013
4721,197,302.5043867249999,308.9466414
4722,197,370.5656728500004,343.63693624999974
4723,197,346.2872071000002,246.7435307249999
4724,197,359.8563728000003,263.56539959999975
4725,197,266.0340946250004,301.30598475000005
4726,197,269.2461819250001,234.5780652499998
4727,197,186.02915992500044,241.67691504999988
4728,197,179.14550314999997,193.667021675
4729,198,170.15189642500007,134.790527175
4730,198,221.5991945750002,186.40444002499999
4731,198,200.16514995000006,170.02811710000003
4732,198,174.58063974999996,219.64905269999997
4733,198,173.4665091,178.11010377499989
4734,198,228.55851160000026,184.636007675
4735,198,245.8368673249998,202.27134102500003
4736,198,267.1228437250005,294.45276394999996
4737,198,290.16213090000025,278.46519159999986
4738,198,256.4260732250001,325.4409755750001
4739,198,357.8144440250002,328.4693989000001
4740,198,300.30010075000024,343.5159925000001
4741,198,399.7204523750006,307.45760694999996
4742,198,265.0231800250001,448.1603878499998
4743,198,517.180859,317.00416567499985
4744,198,383.6133701000001,296.80006367500005
4745,198,378.1752275750001,236.2476065499998
4746,198,290.0352958750001,339.7619798249999
4747,198,294.73350634999997,275.19910720000007
4748,198,258.60227705,291.29233322499994
4749,198,287.3092251,317.6480052999999
4750,198,232.13960320000024,243.88991247499996
4751,198,189.08686807500007,250.43827442499997
4752,198,223.86303924999987,223.67122650000002
4753,199,230.11429542500005,167.15165682500003
4754,199,134.453577725,192.63065459999996
4755,199,182.77659037500024,179.8934417249999
4756,199,190.60914322500008,193.2159329249999
4757,199,256.65039015000013,163.74344062500003
4758,199,170.36895535000002,236.14113072499998
4759,199,229.64957095,206.02050957499995
4760,199,276.51576367500013,231.82000377500003
4761,199,224.12351107500007,288.351716975
4762,199,309.6688525250002,351.1404133999999
4763,199,326.97982449999995,416.8428120499998
4764,199,259.417917675,352.8328907
4765,199,273.86533325000005,275.0872696250001
4766,199,347.7715567,339.5213624249999
4767,199,316.80612892500005,366.9152366250001
4768,199,340.2673461750006,312.18599170000005
4769,199,302.83468895000004,243.74525247499992
4770,199,298.191012075,261.00796167499976
4771,199,359.44193729999995,399.5542816499999
4772,199,281.77156457500047,347.59991627500006
4773,199,284.7946702500001,290.56638095000005
4774,199,254.15883607500027,244.59869434999993
4775,199,230.3216931750002,226.21590170000013
4776,199,165.98014502499998,258.6349266000001
4777,200,200.44993409999984,240.52185360000001
4778,200,166.22352715,236.9469436749999
4779,200,188.55949487500015,156.134463675
4780,200,198.34283952500022,181.07441865000004
4781,200,208.42245492499993,234.16078414999987
4782,200,207.19394285000027,286.680477675
4783,200,197.6561093500001,278.0518716750001
4784,200,330.0992664500003,277.9278359750001
4785,200,274.9356382000001,363.65238380000005
4786,200,320.9656066250006,327.080546725
4787,200,323.06378914999993,436.86170159999983
4788,200,422.2910342250004,304.62434102500004
4789,200,281.12936295000003,413.2737507749999
4790,200,274.2466231499999,372.3372098999997
4791,200,325.27121295000006,378.0831551749998
4792,200,343.4912182750003,275.50861555000006
4793,200,397.3124174500002,326.4873926749998
4794,200,361.3007263500002,338.176265275
4795,200,359.0071683250001,374.39162914999974
4796,200,363.59503040000004,340.9753222749998
4797,200,334.57766574999994,311.3875910249999
4798,200,244.7013249250003,273.1310207999999
4799,200,256.56467947500005,301.48114572500003
4800,200,274.7385633500002,261.88743094999995
4801,201,205.50548322500015,232.23195017499995
4802,201,213.0050773000001,199.33276845
4803,201,137.93526590000022,169.4122007499999
4804,201,176.2999126749998,236.28438177499987
4805,201,187.552299175,183.63819005
4806,201,226.66430852499997,242.15002540000006
4807,201,274.0641669000002,255.98649392499996
4808,201,265.5780649750002,241.2360005249999
4809,201,329.07761329999994,274.50354577499996
4810,201,364.1377708500006,375.9310610749999
4811,201,368.3273888750002,396.9071128749998
4812,201,357.9767803249998,421.31545517499956
4813,201,303.23990830000037,365.5057334249999
4814,201,344.56747570000005,434.21904194999956
4815,201,427.4022969500003,392.91815165
4816,201,495.3112862750012,345.953872025
4817,201,354.9416524000002,304.6232293999999
4818,201,310.017711525,434.93865839999984
4819,201,410.9696573499999,328.009821025
4820,201,342.6711159750005,336.45674102500004
4821,201,317.9716960500001,308.56935169999997
4822,201,300.368526,262.46030107500013
4823,201,318.48250832499997,275.05045534999994
4824,201,224.75299525000017,220.25820354999985
4825,202,205.3534908750001,202.3692502749999
4826,202,160.13526912499998,182.15168882499998
4827,202,190.6987329250003,212.64175372499997
4828,202,191.03271334999997,171.77290807499998
4829,202,199.41975112499998,180.59038729999997
4830,202,254.70513380000006,192.04766740000008
4831,202,255.8053890000001,218.43915057499999
4832,202,287.05595640000007,234.9046527750001
4833,202,302.6507735500003,283.2897591249997
4834,202,381.0805422500005,304.370043525
4835,202,360.5780561500004,265.38663165
4836,202,375.0801705250001,396.2175382500001
4837,202,363.4749033000001,311.74190250000015
4838,202,343.5375194750002,464.2481533749998
4839,202,357.6870653000001,399.10128110000005
4840,202,328.6679988000004,405.9935327749998
4841,202,317.6410830250002,371.828059025
4842,202,303.37774900000005,359.94695307499995
4843,202,355.8526657000002,389.72483632499996
4844,202,347.4327855250002,360.8113875
4845,202,294.84035920000014,318.8913485999999
4846,202,339.75357825000003,271.0337194749998
4847,202,328.6985244750003,276.4875851249999
4848,202,275.09212242499996,227.01611802500003
4849,203,257.438879875,240.78462784999982
4850,203,255.17899670000048,181.57328382499992
4851,203,213.85650415000026,210.230206975
4852,203,198.6884849500002,173.96153777499998
4853,203,222.7569236750001,178.1163769749999
4854,203,147.10592227500013,231.88959622499988
4855,203,240.5096496750001,183.13407825000007
4856,203,263.50163932500004,272.8738966499999
4857,203,295.01545392500014,327.282991275
4858,203,287.10045407500024,279.81766015000005
4859,203,361.6514135250001,413.92924734999957
4860,203,360.67347675,342.4882817500001
4861,203,340.5018566750001,348.3834328249998
4862,203,333.79004017500006,376.36117764999995
4863,203,323.323184975,359.29085485000013
4864,203,253.80170385000008,353.5470336999998
4865,203,459.48636745000005,344.4394044249999
4866,203,343.3098470750001,368.09718377499985
4867,203,323.9333897000001,338.8468505499998
4868,203,308.43496495,281.38299657499994
4869,203,304.20480705,338.46130062500004
4870,203,347.349024125,239.0320187000001
4871,203,269.24207207500035,301.185826925
4872,203,200.2811471500001,254.0663096999999
4873,204,252.07838834999993,218.83099259999995
4874,204,229.35342680000002,161.697587925
4875,204,140.1977962250001,181.81338337499992
4876,204,268.5349510750001,239.994302125
4877,204,204.37903245,212.33153972500003
4878,204,197.9834746749999,235.54725304999994
4879,204,295.6436270749998,261.7053985500001
4880,204,244.61726247500002,371.84311594999997
4881,204,358.4812620750001,243.01075099999997
4882,204,268.54762575000024,306.78452177499975
4883,204,401.31848742499994,362.71665339999987
4884,204,371.3318755749999,346.1903818499998
4885,204,394.7877629500001,440.08928534999984
4886,204,473.38617472499993,356.1783438750001
4887,204,357.6070244499999,400.5851458000001
4888,204,365.634876675,368.0366050749999
4889,204,419.20602362500034,381.77498719999994
4890,204,387.1527718750008,345.69408487499993
4891,204,260.054457125,378.523164
4892,204,314.9322836250003,352.16912665000007
4893,204,356.8278738249999,294.63739080000016
4894,204,326.08231160000014,325.70755830000013
4895,204,295.2532969,236.18950352499996
4896,204,188.90916327500014,225.57145879999996
4897,205,156.85721867499998,198.9165914999999
4898,205,138.54111782500007,203.59503659999987
4899,205,191.88855699999993,210.4704539999999
4900,205,194.47421207500014,234.69455779999987
4901,205,236.12259630000023,171.24105697500016
4902,205,314.15366697500076,233.91760622499987
4903,205,250.76715324999986,344.6365484500001
4904,205,260.86381445000006,294.791367225
4905,205,308.3397970750003,280.89931254999993
4906,205,348.7286927500005,262.7864470249999
4907,205,324.02809867500025,352.9707335249999
4908,205,331.52182135,356.53377292500005
4909,205,400.4051104500006,390.2594158999999
4910,205,449.2079066,282.1118907
4911,205,359.4961396750002,414.0471073749999
4912,205,355.90850812500037,398.00433017499995
4913,205,267.0291632000003,268.72632917499993
4914,205,300.6428595000002,353.9232923999999
4915,205,348.0668830000004,323.76324562499985
4916,205,252.49510760000013,354.2447547500001
4917,205,321.1134663,330.96781550000003
4918,205,347.21704227500015,314.6545322249999
4919,205,282.32808307500005,217.45073017500005
4920,205,205.79599535,288.2523116499999
4921,206,165.89404557500006,214.82286615000004
4922,206,212.73869440000027,227.37599495
4923,206,200.25980579999987,207.97477984999995
4924,206,204.73392010000032,171.78194574999998
4925,206,194.91634705000007,201.22788142499996
4926,206,241.1247579250001,209.07174377500007
4927,206,264.31742825000015,237.800230175
4928,206,297.3721755250001,266.6130733499999
4929,206,273.2013503,365.50171764999993
4930,206,337.5971008250001,345.5207940000002
4931,206,387.2540722750004,318.6792391
4932,206,358.71474375000025,357.70136712500016
4933,206,385.67223927500015,342.3418721500001
4934,206,371.8584893250003,391.0224358999999
4935,206,442.952249700001,301.37781437499996
4936,206,309.3464813500001,356.03722014999994
4937,206,371.8675514750002,344.15592215000004
4938,206,316.86558345000014,521.6768358499999
4939,206,308.10837240000006,412.1615610499998
4940,206,342.8386809000003,348.013478125
4941,206,367.2740179000003,327.87054424999997
4942,206,313.3244123250001,258.93376245000013
4943,206,195.63802927500012,307.5360407249998
4944,206,267.80169374999997,217.878954775
4945,207,235.4686812750001,225.3243943999999
4946,207,188.60374592500023,178.80755994999996
4947,207,174.70122342500008,154.47264649999994
4948,207,171.87857047500012,177.50370717500005
4949,207,209.50196455000005,179.64005779999997
4950,207,271.57766672500003,189.3495819000001
4951,207,241.26483237500017,239.8513730249999
4952,207,333.93478030000006,271.0361277499999
4953,207,320.1837757750002,229.69534654999984
4954,207,391.5116441250001,385.6272542249999
4955,207,367.13003190000006,395.982886775
4956,207,392.137996275,442.3816862999997
4957,207,270.31622222500005,289.28387540000006
4958,207,334.70970337500023,281.6235146249998
4959,207,300.02982057500003,341.6210697250001
4960,207,321.15572977500005,353.4320783749998
4961,207,281.9289850750001,370.85639717499987
4962,207,262.492879875,377.1976012499998
4963,207,301.034296425,337.5328257
4964,207,322.42087930000014,295.22098792500003
4965,207,240.22070700000017,282.13158315
4966,207,267.72215987500016,283.3116558749998
4967,207,205.68665762500024,201.95855609999984
4968,207,208.89968942500002,215.9694013749999
4969,208,186.56908857500014,252.05629347499996
4970,208,167.50970990000008,184.464027675
4971,208,185.54923462500003,197.16813454999988
4972,208,190.147365,161.7724220249999
4973,208,246.88107325000038,199.59407832499997
4974,208,232.79958310000004,198.4207085750001
4975,208,188.16785627499996,230.91105837500012
4976,208,232.50450402500002,291.2556289749999
4977,208,275.9569257000001,289.5691260499999
4978,208,321.0814599,364.5724556499998
4979,208,405.7880904000001,409.444628675
4980,208,376.81345005,387.53902074999996
4981,208,304.45852672500007,352.41728194999996
4982,208,391.5615233499999,388.1055649
4983,208,330.6452744499998,334.8169304249999
4984,208,347.89022070000016,334.82208794999997
4985,208,373.80407597500005,332.790384275
4986,208,375.650399475,284.191039275
4987,208,340.1661696750001,347.66369269999996
4988,208,304.58923125,374.3617102999998
4989,208,239.2327176500002,253.50395227499985
4990,208,256.329840725,309.30764579999993
4991,208,278.99412090000044,222.08981185000002
4992,208,258.31009645000006,224.72977904999996
4993,209,233.41214245000026,182.00104009999993
4994,209,188.3508788000001,177.82307245000007
4995,209,168.11443500000007,205.64870630000001
4996,209,192.40901317500024,151.44248817499988
4997,209,183.16362430000015,148.154633
4998,209,239.00629190000024,229.3936939749999
4999,209,198.47085507500012,196.15173930000017
5000,209,233.37809007500022,259.5801331749999
5001,209,269.4004887750001,298.4922983499998
5002,209,293.3168156500001,289.2985549999999
5003,209,317.75990320000005,335.3136696999999
5004,209,315.8579065,282.17588969999974
5005,209,253.8799674250002,315.9402549499998
5006,209,278.1467410250001,313.9392588750002
5007,209,380.57823347500005,296.529212475
5008,209,264.2753340250002,259.6321773249998
5009,209,342.5863865750005,258.9520497750001
5010,209,267.5917075250001,290.9531690749999
5011,209,267.7687526750002,286.1135256000002
5012,209,269.3432376,346.519735
5013,209,266.16358682500004,265.3697661499999
5014,209,282.30337270000024,291.4894742750001
5015,209,244.36958692500008,267.437231825
5016,209,209.7007487,237.77770784999979
5017,210,190.52260727499998,175.7001602
5018,210,208.17511052500006,247.51980757500002
5019,210,201.29127487500014,191.82227524999996
5020,210,202.60969577500003,164.10900564999992
5021,210,171.06763304999998,219.48955314999992
5022,210,182.5515823250002,228.01197070000006
5023,210,251.62001142500034,247.602343325
5024,210,263.93440552500005,252.68025029999984
5025,210,319.9369670000001,246.00950575000013
5026,210,213.15937332500027,300.51948095000006
5027,210,296.71207735000013,263.4849668499999
5028,210,244.795604875,330.5491980499998
5029,210,257.5362110750002,415.84602162499954
5030,210,393.45500027500054,287.0796541000001
5031,210,325.8297816500003,292.72495609999993
5032,210,317.0216598000002,358.5818918499999
5033,210,312.8583685000001,299.3276899749999
5034,210,263.70257760000004,318.21409665
5035,210,279.6333168,321.2494485250001
5036,210,304.221801775,338.4351607
5037,210,293.9349435250002,264.26935492499996
5038,210,319.11446894999995,270.3896159000002
5039,210,240.8283234,227.19390867500007
5040,210,224.59509945000005,230.96578974999989
5041,211,220.64127445000025,151.6257521
5042,211,166.53434657500048,183.40700605
5043,211,219.19620307500037,183.75806229999984
5044,211,177.09877069999993,170.39252232499996
5045,211,197.45601690000024,191.21312922500002
5046,211,224.1994456,251.15684642499997
5047,211,281.86117897500026,254.3616377250001
5048,211,262.0424485999999,292.07513599999993
5049,211,359.60301587500027,334.7326119249998
5050,211,269.92483717500005,350.33068605000005
5051,211,352.69046262500024,370.62588757499987
5052,211,342.5892289000001,380.4289306
5053,211,449.194406975,382.6387626499999
5054,211,355.7201683250002,411.8653766000001
5055,211,357.7145089000003,285.3523847749999
5056,211,390.48570337499973,422.03566865000005
5057,211,357.20631734999995,444.95379287499986
5058,211,333.3672414250001,364.4661353749999
5059,211,366.496599575,317.3316586999999
5060,211,350.8718853499999,329.44552170000003
5061,211,325.09377052499997,355.6028142249998
5062,211,329.9742329250003,339.62764082499996
5063,211,248.83844512500008,279.339891875
5064,211,208.36848067499997,252.71312184999994
5065,212,207.85222702499993,253.28285249999993
5066,212,151.19691917500012,197.72398379999987
5067,212,179.472683475,161.87279092499992
5068,212,238.01731965,162.75650184999992
5069,212,245.73736362500017,175.4271523999999
5070,212,198.83925825000017,223.42821765000005
5071,212,203.91633362499988,244.02301047499986
5072,212,368.5723354000002,250.48233640000007
5073,212,286.51468287500023,269.5759075749998
5074,212,252.83810385000004,381.22879354999986
5075,212,300.7631576250002,335.0509618000001
5076,212,323.4491088750003,462.33358432499983
5077,212,357.44531619999975,310.5611868000001
5078,212,343.94269672499973,376.42348444999993
5079,212,396.90506012500055,401.68116262499996
5080,212,347.9781411000002,365.35161097499997
5081,212,345.9681549250001,380.4299246749999
5082,212,386.05253055000003,395.88550652499987
5083,212,302.59928822500007,334.7936839500001
5084,212,359.4546336000001,303.51086152499994
5085,212,379.0616709000003,362.97660237499974
5086,212,303.57261465,249.91337035000015
5087,212,288.872291175,349.727815825
5088,212,259.06765112500034,237.80117779999998
5089,213,207.52085680000005,201.29082962500001
5090,213,180.62288685000016,213.196715225
5091,213,224.71031175000002,198.38414382500008
5092,213,193.5645500500001,180.60759374999998
5093,213,271.1596036250003,188.75507687499993
5094,213,242.82971465000023,209.73128612499988
5095,213,215.04595582500002,225.33900287500003
5096,213,279.91325942500043,285.9331410500001
5097,213,314.99786470000015,391.12375374999976
5098,213,415.07142650000026,356.5746266499999
5099,213,430.1197393249997,440.90809772499995
5100,213,437.78385167500073,397.4595004749999
5101,213,322.49407322499997,301.2397403000001
5102,213,394.20834442500075,364.3759348999999
5103,213,347.3116572000003,397.88429507499995
5104,213,403.66084802499995,356.06585905
5105,213,423.4044013750005,374.32656295000004
5106,213,320.60678302500094,456.78355624999995
5107,213,363.9739733500004,326.9990782250001
5108,213,311.89116420000005,349.877367725
5109,213,337.1432946500003,307.57596067500003
5110,213,363.57288192499993,263.9142933250001
5111,213,203.37960495000027,239.83896735000013
5112,213,243.48748970000003,195.5434332999998
5113,214,236.94756110000003,216.8076362749999
5114,214,209.5515604500001,184.47032929999995
5115,214,175.62735909999998,206.17711522499997
5116,214,186.28037507499994,202.90518789999993
5117,214,178.48454315000004,244.06789219999996
5118,214,213.36819939999998,238.44116389999996
5119,214,213.02585424999995,290.6486974999999
5120,214,295.35774242500014,257.6955812749998
5121,214,330.31200835000055,294.515913525
5122,214,358.9079886000001,323.12573900000007
5123,214,435.5017475750002,335.03677384999986
5124,214,361.35276535000037,376.667414175
5125,214,339.3219834500005,352.80652669999995
5126,214,416.3289645250004,348.9168258
5127,214,380.49852087500005,361.2905232749999
5128,214,381.22739477500033,354.1001884249997
5129,214,360.5697803999998,354.24011457499995
5130,214,406.08270252500057,413.96112957499975
5131,214,335.47223027500024,309.125699725
5132,214,338.9587690250004,345.1949820749998
5133,214,325.77010262500005,319.8699758499999
5134,214,311.82883967500015,327.37522342500006
5135,214,302.122742525,301.4534157749999
5136,214,239.38380704999994,278.40001082499975
5137,215,257.04455755000004,290.11712375
5138,215,191.65015595000014,138.1494121249999
5139,215,184.7512975250001,211.2887953249999
5140,215,193.58555412500002,233.70453940000004
5141,215,194.15701749999994,205.1457449749999
5142,215,266.87107832500004,228.68233149999992
5143,215,288.3697579500001,224.21121972499986
5144,215,244.4170606,264.4444730750001
5145,215,289.9770845250001,341.44231344999986
5146,215,341.5459427499999,339.5223574999999
5147,215,364.33775887500036,376.5317477
5148,215,328.32850947499986,442.0845929249999
5149,215,390.14171365000004,282.4165964000001
5150,215,301.77825362500005,318.92862320000006
5151,215,335.2382875750004,313.33988832499995
5152,215,387.27558755000064,380.38127514999985
5153,215,274.91058974999993,305.18167704999985
5154,215,333.0943019500003,305.76897485000006
5155,215,312.3003566250002,303.583247575
5156,215,300.1592303250002,392.711584925
5157,215,285.0323433000001,273.152210275
5158,215,278.29542812500017,274.75134447499994
5159,215,306.29892582499997,307.2344607499999
5160,215,211.65412015000013,194.18870607499986
5161,216,231.60570569999987,263.1411537249999
5162,216,204.77075889999992,220.49742857500001
5163,216,221.85856982500013,212.82294237500003
5164,216,224.12079532500007,206.24129317499998
5165,216,180.0657205750001,205.52856195000004
5166,216,256.58178410000045,250.93748575000012
5167,216,212.00259994999993,243.467752025
5168,216,279.77897225000004,296.0544855999999
5169,216,269.9085439500001,239.72436847500006
5170,216,276.9152897250004,269.81496437500005
5171,216,342.04351152500016,312.366705575
5172,216,304.09684492500025,333.73157005
5173,216,271.18697287500015,417.55175692499995
5174,216,292.97836117500015,293.7615191749999
5175,216,290.63057467500016,366.27223164999987
5176,216,251.72936154999996,310.4950426250001
5177,216,311.55592272499996,252.0996725249999
5178,216,321.25434372500007,323.4492832000001
5179,216,285.10531207499986,326.16515660000016
5180,216,293.45540232500014,324.941361925
5181,216,204.6393097250002,293.6463839249999
5182,216,287.42844215000014,271.72918704999984
5183,216,227.03188015000006,213.67456237500005
5184,216,202.77919595000012,235.64757242499985
5185,217,164.68559910000005,194.78520087499996
5186,217,219.47006185000015,169.50040105000002
5187,217,171.025684275,164.90232679999997
5188,217,244.51280707499993,195.90242554999998
5189,217,196.54411050000033,205.53676330000002
5190,217,161.10986069999998,191.9804438249999
5191,217,213.74521030000008,210.73914100000002
5192,217,268.1671117000001,234.45980412499995
5193,217,268.6530168750003,355.47078884999985
5194,217,270.50226772500014,280.0368605999999
5195,217,269.6422894250003,341.59413354999987
5196,217,299.6891292250001,256.19462999999996
5197,217,323.8207854250003,339.22676732499997
5198,217,329.2371323750001,332.0223372999999
5199,217,346.49130660000014,296.8799027999999
5200,217,356.23308722500036,400.15487307499995
5201,217,327.47347107500013,441.3405196
5202,217,465.29386635000037,368.095640475
5203,217,295.5391354500004,354.10885270000006
5204,217,279.48594615000025,289.05064474999983
5205,217,288.8288842750002,407.08618480000007
5206,217,301.45890810000003,249.6520981249998
5207,217,250.11768537500024,243.94572152499995
5208,217,186.55428590000005,215.62976537499998
5209,218,207.5194818250002,195.64522207499985
5210,218,201.80859837500043,189.78567912499994
5211,218,178.42320827499995,171.25152219999995
5212,218,202.89363882499998,201.36761319999997
5213,218,225.00840037500015,215.65389064999982
5214,218,268.90542795000005,206.2374697749999
5215,218,250.21089995000017,238.5701864749998
5216,218,286.30525375000013,240.09704014999994
5217,218,381.5989077500003,362.2534728999999
5218,218,376.8494369499999,324.0149949499999
5219,218,359.3032183250002,395.91066137499996
5220,218,417.8628649000003,424.39438562500004
5221,218,408.27617967500055,452.71377582499986
5222,218,406.3484613750004,462.6982697499999
5223,218,446.2605004750003,405.46606935000017
5224,218,403.16550495000035,501.64931137499985
5225,218,348.8791309750003,493.21709979999986
5226,218,323.22677557500015,361.7998146749999
5227,218,378.56333995,398.2579647249999
5228,218,432.39461125,351.4647707749999
5229,218,312.9962928250002,376.34029335
5230,218,326.84278107499995,333.66802014999996
5231,218,264.6581075000001,313.62095447499996
5232,218,238.0714952250001,264.49515047499983
5233,219,225.53317444999993,203.7148140499999
5234,219,220.2721831249999,270.50747520000004
5235,219,191.2612647750003,192.784912825
5236,219,197.95546332500004,245.68711214999996
5237,219,170.86804540000003,207.31104642499986
5238,219,217.19290187500002,228.133504475
5239,219,221.480747925,291.3493155499998
5240,219,261.1854289499999,341.4141334500001
5241,219,277.2478673250002,354.15967212500004
5242,219,426.7398979250002,407.58817407500004
5243,219,453.73154480000045,372.18965719999983
5244,219,489.774884325,425.177230925
5245,219,378.3896890999998,411.56515257499996
5246,219,408.0365097750001,513.2648027500001
5247,219,552.4059986000002,436.06041329999994
5248,219,464.7819048749999,412.5273643999999
5249,219,387.37804905000064,463.2160458999999
5250,219,435.09248687499996,400.5989884999998
5251,219,352.3949301250001,388.51946972499996
5252,219,373.3017202999999,374.3536546249999
5253,219,364.22876942500056,420.55818745000005
5254,219,310.38433017500034,349.89889270000003
5255,219,410.969907025,304.3934951249999
5256,219,278.6244966750001,270.2118744999999
5257,220,275.45849420000013,236.20419432499986
5258,220,212.11341794999987,210.1833274249999
5259,220,210.789856,185.87115420000003
5260,220,168.62862795000007,224.58076739999996
5261,220,249.4795907750002,199.80875645
5262,220,198.66532734999998,244.7088907499999
5263,220,270.24097377500016,206.0994382
5264,220,272.518686475,301.1725425249999
5265,220,384.8545514750001,375.84806470000007
5266,220,400.1756566250003,379.25398302499985
5267,220,465.1818782000007,405.08361597499993
5268,220,377.6872925,428.9002809749998
5269,220,436.32128252500047,366.65500512500006
5270,220,487.8156125750003,335.312444775
5271,220,422.8011059500001,466.64645167499987
5272,220,379.5928426500004,436.4167087249999
5273,220,539.6672670750005,399.05534284999993
5274,220,409.1720437500004,395.249401325
5275,220,386.63715109999987,422.53077062499983
5276,220,342.4065288250001,337.02464674999993
5277,220,359.1653642000004,382.93629502499994
5278,220,379.4842611750002,255.68197142500014
5279,220,327.7128816750002,264.12913215
5280,220,285.0319649249999,300.3156093499999
5281,221,208.14485667500014,239.33847559999998
5282,221,235.97712222500033,204.0291271750001
5283,221,198.66896635000006,211.13756917500007
5284,221,225.07185694999993,201.70519145
5285,221,268.5513221000003,250.39595902500014
5286,221,228.80846334999984,252.3405585249999
5287,221,252.9867475500002,278.91010227499976
5288,221,286.43700850000016,331.91880430000003
5289,221,302.55240724999993,320.26147957499995
5290,221,339.36515482500045,322.5040757500001
5291,221,377.75949425000016,406.76883162499996
5292,221,349.98315137500003,438.6222959249999
5293,221,460.7265481750002,507.21506344999995
5294,221,432.8231232500002,428.337341875
5295,221,472.28548845000046,446.70733852499984
5296,221,356.8062920749999,376.1391064500001
5297,221,361.2113843,444.5843366499999
5298,221,340.2968185000002,376.5521851
5299,221,318.2876217000004,410.4383641500001
5300,221,304.5741774249997,356.7914839499998
5301,221,440.92061830000034,418.2011659999999
5302,221,416.41557190000026,400.0601582249998
5303,221,325.4136585499999,341.8618640499998
5304,221,265.09393325000025,288.9787453
5305,222,233.95307145000015,266.9005434999999
5306,222,209.48685815000016,258.63100332500017
5307,222,226.38447312500023,236.64638894999996
5308,222,221.2663803000001,181.84571422499982
5309,222,232.52378717500034,241.11376219999994
5310,222,221.3494037249999,241.78020512500012
5311,222,337.65115805000005,272.53905754999994
5312,222,361.189427025,321.1309083000001
5313,222,293.527128025,270.021591825
5314,222,484.57136712500073,347.71252859999987
5315,222,554.9307464000008,449.00811742499985
5316,222,348.3372141750003,547.870181075
5317,222,449.76701325000005,426.64933077499995
5318,222,486.9579118499999,441.84752027499985
5319,222,404.6069578750001,563.645335425
5320,222,439.66633734999994,400.208575525
5321,222,428.9701298500005,406.92545074999987
5322,222,383.7952374250003,383.98640125
5323,222,405.66837672500054,395.22903477499995
5324,222,407.16104422499996,353.4195598000002
5325,222,379.2649772999999,339.7083545250001
5326,222,298.59820855,348.8093277999998
5327,222,350.7831243750003,282.07006507499983
5328,222,277.2133705750004,309.4575358500002
5329,223,316.09792062500003,240.4200909749998
5330,223,211.59638602500024,186.70132775000013
5331,223,183.98423452500015,192.9835906
5332,223,160.67208675000012,246.80653850000002
5333,223,213.61880525000015,203.29714707499994
5334,223,218.2874189249999,218.32109994999982
5335,223,244.49077605000008,266.9673595750001
5336,223,280.2825449750002,307.68247772499984
5337,223,324.7416711250005,356.8607887249999
5338,223,392.1388263250001,349.96776747499985
5339,223,340.84083572500015,434.12147004999974
5340,223,373.586035925,410.81888342499997
5341,223,424.4856366500002,257.511564
5342,223,442.57616829999984,310.0378933499999
5343,223,382.9952087249999,373.19970539999974
5344,223,381.8002509500003,330.68414425
5345,223,408.4892062500002,465.0809956500001
5346,223,492.84593805000026,266.71475860000004
5347,223,345.70326965000004,418.9586310249998
5348,223,275.05423517500014,392.905749475
5349,223,312.1490427499999,388.1655409249999
5350,223,313.42523377500015,292.93655115
5351,223,209.59390305000002,259.1186484999999
5352,223,300.41173447500023,308.6071369749999
5353,224,277.4189439500002,281.28035055
5354,224,212.86328392500008,158.2972961999999
5355,224,238.3199147500004,239.65173342499992
5356,224,176.56686615,211.20046797499998
5357,224,212.29210655000023,217.80675367499987
5358,224,250.5042167750002,240.93899225000004
5359,224,240.8207157,232.1748486999998
5360,224,251.28200895000026,259.55599827499987
5361,224,290.6568762999999,227.759033925
5362,224,248.923926325,413.25477214999984
5363,224,450.3110356250005,406.25794132500005
5364,224,303.3353953000001,406.6498869000001
5365,224,334.1430497250001,424.9241633749998
5366,224,359.5187488500002,385.77734907499985
5367,224,359.3817454250002,385.33325890000003
5368,224,349.3660450000001,441.4570457749998
5369,224,420.9856124749999,393.4397599999999
5370,224,408.9710762750001,356.90669767500003
5371,224,350.57872270000007,309.249055975
5372,224,354.04443032500023,351.9081052999999
5373,224,299.0413960000004,474.65369332500006
5374,224,272.601889275,347.7564588250001
5375,224,223.08325380000014,324.2759873
5376,224,183.05006445000004,236.28123219999998
5377,225,215.25083857500013,250.87237857500003
5378,225,197.70265297500006,196.01118739999987
5379,225,230.2034204250001,198.34023197499988
5380,225,202.06890650000017,272.412356225
5381,225,302.15700537500015,226.1088730249998
5382,225,277.310184625,252.8463591999999
5383,225,288.9771308750003,245.12930692499984
5384,225,259.65276005000004,366.99808284999983
5385,225,292.18200525,326.77801169999987
5386,225,360.68208807500014,349.570267725
5387,225,380.0175211750002,402.2154371499997
5388,225,357.622451725,549.4894921499998
5389,225,333.58747265000017,482.57811917500015
5390,225,369.0471474249996,418.4138654249998
5391,225,460.3243220250006,521.8213203749999
5392,225,436.83479947500007,446.49738372499996
5393,225,498.47058194999977,477.9887896749997
5394,225,470.03872850000056,404.2181698000001
5395,225,525.3161335250002,428.2884472250001
5396,225,340.08690992500027,466.8331406499999
5397,225,448.590235225,305.24230542500004
5398,225,294.0466132250001,450.39863349999985
5399,225,350.55688382500034,255.56329492499998
5400,225,252.7430521250003,306.8917288499998
5401,226,272.88546757500006,236.79117592500003
5402,226,230.988738275,238.3622891000001
5403,226,214.38871885000003,192.86818899999986
5404,226,203.70806237500005,246.62628217499997
5405,226,280.37149915000003,319.0768005749999
5406,226,207.73405215000025,274.1857664749998
5407,226,345.3497115250003,365.3314458
5408,226,430.2419160000004,290.6459988249999
5409,226,267.76388320000035,306.0153273999999
5410,226,413.12829617500006,437.02731142499977
5411,226,370.26129010000034,331.44994610000015
5412,226,354.6155168750006,343.49165852499993
5413,226,439.74986857500005,400.24494589999995
5414,226,451.6743056999999,391.7076893999998
5415,226,512.4995319500003,351.4238588999999
5416,226,413.39156175000005,460.6156884749998
5417,226,472.4246930250001,418.3732083499997
5418,226,397.56818917499993,425.4238437499998
5419,226,324.1697210499999,339.07566165000014
5420,226,410.2280363250005,371.16940354999997
5421,226,428.52136910000024,344.9823679
5422,226,270.464811025,352.1737885
5423,226,307.1916243500001,303.0953644000001
5424,226,213.3227555750001,347.901580275
5425,227,213.44566202500005,188.01730039999998
5426,227,252.98105827500007,241.52250272500007
5427,227,228.25367964999992,233.02751147500004
5428,227,218.46950067500015,161.72601574999996
5429,227,186.29399237500013,216.29204934999993
5430,227,267.96427915000004,306.41357974999994
5431,227,308.55165190000025,273.0835326750001
5432,227,302.9171415,288.6112771249999
5433,227,423.88911847500026,278.7140058750001
5434,227,431.7430729250001,321.0512760249998
5435,227,412.22119082499995,371.4887793749999
5436,227,394.2791629500001,437.03035232499985
5437,227,372.4045433250002,363.7884915249998
5438,227,403.9447001750001,408.6767888249999
5439,227,394.0327526750001,381.7541716749997
5440,227,486.13927497500094,454.68281925
5441,227,317.04287292500015,415.0879218000001
5442,227,376.4674619750001,430.422878925
5443,227,391.33570955000056,414.07085154999993
5444,227,397.1577131750007,298.6894699999999
5445,227,449.2338156000002,383.18216937499994
5446,227,349.0770286000003,270.92716454999976
5447,227,329.8736639499999,351.9360336999997
5448,227,245.99388632500018,267.67864902499986
5449,228,223.22474505000014,279.8451113999999
5450,228,207.15921635000024,133.76036444999994
5451,228,220.21599275,162.01496939999993
5452,228,226.61206672500015,204.3351626999999
5453,228,186.54144382500021,218.0789034999998
5454,228,266.1608008000002,261.9363285999999
5455,228,257.0816184,200.7664029000001
5456,228,277.89450395000006,267.209283575
5457,228,377.51147030000016,326.6344380249999
5458,228,417.6222790500002,317.2642036499999
5459,228,314.16389074999984,374.41408440000015
5460,228,335.77919067499994,290.29631935
5461,228,416.169017975,333.09358870000005
5462,228,490.93019727499984,412.3356976000001
5463,228,379.2325649000005,371.3964213499998
5464,228,440.8212176500003,446.52247812500013
5465,228,354.02546797500025,347.91768755
5466,228,471.9272306750006,352.1463697749999
5467,228,281.22494180000035,414.80997365
5468,228,385.5214474500003,252.17613527499998
5469,228,311.1684593500001,409.77276835000004
5470,228,266.39171582500006,311.6391325500001
5471,228,265.72764530000023,292.37651905
5472,228,249.244262575,257.49692515000004
5473,229,249.7225344750001,238.42002719999988
5474,229,250.432244175,188.14449487500002
5475,229,213.5042815000004,132.50033272500005
5476,229,195.00575534999993,180.26975507499998
5477,229,212.01444655000023,251.52285427499996
5478,229,211.85758427500036,193.4373095499999
5479,229,338.11973157499995,274.5798075999999
5480,229,335.4313285250003,266.70592507499987
5481,229,277.78096457499987,329.5598590999999
5482,229,353.54453132500026,434.4076908500001
5483,229,397.17088597500043,424.1808288999999
5484,229,383.17468202499987,448.46118364999984
5485,229,417.0931304750003,341.5369565750001
5486,229,382.7630387249999,409.92127552499994
5487,229,429.4035481,403.27146874999994
5488,229,456.7517171750003,434.85095817499996
5489,229,445.12146942500044,310.56049005
5490,229,423.96188397500043,377.65068467499987
5491,229,390.0054545999997,373.7405238250001
5492,229,341.443475775,331.994644375
5493,229,379.9082936750003,382.31546902499986
5494,229,307.66642145000003,324.20606907499996
5495,229,311.18737105,302.5952723749999
5496,229,233.61263199999993,300.38733327499995
5497,230,294.11937472500017,220.87314804999983
5498,230,248.39054979999997,195.37520174999992
5499,230,201.7712817499999,169.72419397500005
5500,230,195.632963875,205.21271589999992
5501,230,249.20119990000035,168.31525070000012
5502,230,278.58244594999996,246.61761762500004
5503,230,247.338515025,238.86599592499994
5504,230,236.9524003250002,304.769409475
5505,230,235.92635087500003,299.3820048000001
5506,230,395.40461940000023,371.15664142500003
5507,230,353.2023248500002,394.5893085
5508,230,414.29390692500044,373.90255964999994
5509,230,359.265227825,309.380540475
5510,230,338.3358263000003,400.52577537499985
5511,230,342.9788756500002,393.897508075
5512,230,343.59075572500035,372.2317153749999
5513,230,345.42842487499996,356.65645170000005
5514,230,301.2847499500004,325.4917057749999
5515,230,340.77018525000017,270.53634834999997
5516,230,327.35298939999996,292.7028543999999
5517,230,223.36566542500006,393.22095535000005
5518,230,334.676076575,341.97995629999997
5519,230,314.7556314750002,254.66422087500004
5520,230,229.71564572500006,281.0110817000001
5521,231,254.36526692500001,201.83082775
5522,231,224.73836092499988,271.8174150749998
5523,231,182.96053717500016,236.8975829000001
5524,231,226.20631870000014,206.83217584999994
5525,231,194.7620492000001,160.53435987499992
5526,231,239.61665697499996,202.15929792499992
5527,231,230.744153725,184.69018935
5528,231,265.2309630000002,273.16445799999985
5529,231,294.15109177500005,278.73869749999994
5530,231,362.0637203500002,299.3103873749999
5531,231,376.76706567500014,307.20729329999995
5532,231,384.214711075,276.2061745249998
5533,231,327.5229979000002,359.9853682999999
5534,231,299.7822321250002,356.67701057500005
5535,231,411.5849992750001,387.00159769999965
5536,231,369.56649734999985,371.994260875
5537,231,310.5725718000002,336.368510575
5538,231,342.0043551500006,331.4572066999999
5539,231,314.49856665000004,318.13003597499994
5540,231,337.1026169250006,301.6120031500001
5541,231,333.83537695000024,337.0440938749998
5542,231,315.5101357750002,265.96599187500016
5543,231,214.51458887500004,285.2528062749999
5544,231,272.6616923499999,177.7747564499998
5545,232,220.62451922499997,203.213182475
5546,232,191.62643379999986,247.06735712499997
5547,232,252.28525907500045,199.27385429999993
5548,232,177.28765872500003,203.3602420749999
5549,232,185.12702129999997,178.84391412499988
5550,232,245.04544165,251.92743304999982
5551,232,280.13528287500037,249.76545540000006
5552,232,357.0758667,324.38914887499993
5553,232,304.7741244250001,356.77589232499986
5554,232,338.2113213750001,304.215706825
5555,232,406.11001514999987,413.0270565999996
5556,232,491.36507902500006,438.16803179999977
5557,232,423.9325513250004,408.30437084999994
5558,232,390.9766066500008,398.8319121250001
5559,232,444.19941677500003,430.1809028
5560,232,380.2266015,364.2301162749998
5561,232,480.4762886500006,440.3356560999997
5562,232,400.43437670000014,303.6202109249998
5563,232,505.14977572500004,304.96818054999994
5564,232,421.6520243499999,404.01765277500004
5565,232,324.2097943250001,302.791076275
5566,232,348.693860875,365.7908624749997
5567,232,350.2971307250001,289.022056325
5568,232,211.58956502500024,241.07745267499988
5569,233,240.72198577500006,250.1731709750001
5570,233,255.12047530000018,248.0900891249999
5571,233,185.59386192499994,263.3859825499998
5572,233,205.57116579999985,208.20984525000006
5573,233,264.26711015000006,246.8814190999999
5574,233,273.0263984250001,292.839454375
5575,233,262.9594882000001,322.66235474999974
5576,233,293.6344093000003,357.6730827750001
5577,233,300.7865073250001,349.2404926999998
5578,233,417.122077025,360.24199115
5579,233,527.123485025,366.13701327500013
5580,233,350.68623345000015,367.0674674249999
5581,233,485.2106176500005,450.1653458999998
5582,233,369.54002670000034,445.7604300999998
5583,233,378.8145959000001,433.86629607499964
5584,233,395.4881914750003,387.60539327500004
5585,233,369.26623567499996,397.35004985
5586,233,355.3576687,482.70099830000004
5587,233,330.88573395000003,279.5283889000001
5588,233,346.3383127,355.32642284999986
5589,233,310.3716258750002,304.51804489999995
5590,233,264.71928735000023,351.01091325000004
5591,233,297.834017125,229.51165995000002
5592,233,191.4116691750002,293.6183073499999
5593,234,197.6717254500001,220.82902859999984
5594,234,266.4255193,230.00851824999998
5595,234,178.97007800000011,239.47294974999994
5596,234,205.26423885000008,231.13975427499992
5597,234,203.19405905000016,223.7535059
5598,234,266.91180292499996,248.166050525
5599,234,265.638150475,229.9667009749999
5600,234,340.0285438000002,339.81748092499987
5601,234,365.0668295500002,358.9834236749998
5602,234,314.08915189999993,307.3963987249999
5603,234,374.5389911,354.95885014999993
5604,234,359.78382057500016,262.9945283749998
5605,234,371.5271504250006,399.542954575
5606,234,346.0724936749998,370.7775646499998
5607,234,292.5641634250006,303.41849719999993
5608,234,431.2380201250004,329.007794975
5609,234,360.31030177499997,344.3143162750001
5610,234,380.19467385000087,412.4342077499998
5611,234,295.9265897000002,353.58150837499994
5612,234,383.9489690750002,330.64272484999987
5613,234,327.40660222500026,310.700785825
5614,234,272.25748687500015,261.63199000000003
5615,234,212.1698894500002,263.6318925749999
5616,234,208.447997375,214.23979637499997
5617,235,233.5801326750002,199.94985764999998
5618,235,229.59273315000036,169.2339616749999
5619,235,246.00907252500014,200.19009562499997
5620,235,200.08563550000005,180.11355799999998
5621,235,203.4567971500001,176.0525873999999
5622,235,244.09599985,230.94641977500018
5623,235,257.955783525,259.4991813749998
5624,235,314.15486665000014,314.8365596750001
5625,235,268.7628728000002,336.0604224499999
5626,235,262.64724857500016,340.6990290499999
5627,235,420.3109155750004,366.86503772499975
5628,235,396.14624237499993,383.9745794500001
5629,235,467.15880537500027,319.7744801
5630,235,374.8182223500003,324.0508496499999
5631,235,368.0851979000004,407.96189642499957
5632,235,343.0799896499999,348.37644322499983
5633,235,367.26375082500016,346.8353711750001
5634,235,317.69454370000005,376.20294279999996
5635,235,266.5773410499999,353.60856145000014
5636,235,308.44564049999985,380.28858912500016
5637,235,367.8679829499999,390.61017560000016
5638,235,328.5144421250001,251.24876827499992
5639,235,289.4421521750002,271.69832307499996
5640,235,243.13785357500024,237.14856084999985
5641,236,168.10536245000003,187.973256925
5642,236,237.53800007500018,179.87618602500004
5643,236,185.50318202500023,136.87231767499998
5644,236,196.34896464999986,270.50941709999995
5645,236,239.71894542500002,235.5142648499999
5646,236,215.69203727500002,203.7582873499998
5647,236,276.83272987500004,251.00510522500008
5648,236,286.470889875,310.32376439999973
5649,236,362.42952622500025,352.9563826
5650,236,367.0824895000006,415.44466702499983
5651,236,318.2226995500002,422.776082825
5652,236,349.88834032499983,398.770699475
5653,236,334.4594701750003,321.27315629999987
5654,236,394.6703819250003,253.6885631
5655,236,327.38217575000004,420.6745839749999
5656,236,271.0179913000002,401.33736799999986
5657,236,376.48288845000025,326.47419709999997
5658,236,328.269968425,338.3647062749999
5659,236,326.37819805000015,303.09502305000007
5660,236,246.1563741750002,364.8288387000001
5661,236,298.1813715999999,293.6964157
5662,236,260.5145863500001,242.58278259999997
5663,236,272.67668677500023,209.88107239999988
5664,236,204.01099762499996,248.81895294999987
5665,237,191.64116210000003,195.70461625000002
5666,237,189.80524604999994,192.0902174749999
5667,237,176.44051262500005,236.34227127499992
5668,237,204.05869079999997,180.17107972499997
5669,237,217.03288560000007,203.99191847499998
5670,237,212.6619544750002,214.52371842499997
5671,237,253.5810853750001,201.81295304999992
5672,237,241.98103515000028,221.97797785000012
5673,237,290.4561225000002,240.48228632500013
5674,237,315.40552190000005,368.08670392499994
5675,237,366.5458851000001,302.684840475
5676,237,405.43029775000014,275.5066897749999
5677,237,278.03821855000007,377.78800279999984
5678,237,325.7058207250002,322.68568115
5679,237,309.422469725,316.16996122499995
5680,237,281.5846246250002,258.06823395000004
5681,237,330.5140111500002,324.6389328749999
5682,237,340.6580109500001,288.7522827
5683,237,279.5542433500002,272.120488625
5684,237,250.7348375500001,314.50867285000004
5685,237,255.3712643500001,310.7564604250001
5686,237,361.662986275,253.7623319249999
5687,237,198.64221582500005,160.1783743250001
5688,237,177.5276801500002,184.98332602500005
5689,238,258.4296011000001,239.38447169999995
5690,238,191.77569160000002,177.66240894999999
5691,238,197.19761482499985,199.36117405000005
5692,238,177.95484997500023,175.58821415
5693,238,172.854221275,199.97967729999993
5694,238,192.07670067500024,228.47565267499982
5695,238,206.47714417499992,238.83910754999994
5696,238,219.20398410000007,230.50773172499976
5697,238,224.6830175750001,220.29507389999992
5698,238,272.860987125,276.56299419999993
5699,238,245.38140197500013,319.84221347499977
5700,238,286.54640767500007,359.9738066249997
5701,238,274.0607325750002,315.1707537249998
5702,238,259.784441,289.40750137500004
5703,238,261.8277194500002,321.9494324750001
5704,238,351.7988770000003,318.15398212499997
5705,238,317.4634701750004,312.2640264
5706,238,295.7380420000002,307.4853067749999
5707,238,318.03353167499995,338.74107475000005
5708,238,330.08555764999994,296.09099364999975
5709,238,262.224020925,295.88779909999994
5710,238,272.3871843750002,254.8100431750001
5711,238,255.30392825000047,241.20356722499983
5712,238,188.57385505,192.48640644999995
5713,239,168.75743142500008,179.31889465000006
5714,239,190.7330537500001,188.72151222499997
5715,239,193.95789597499981,173.0139451999999
5716,239,162.77311102499993,191.22417459999997
5717,239,200.07751837500012,186.15559515
5718,239,194.41971362500004,256.1265492999999
5719,239,230.84555685000018,288.6894917250001
5720,239,316.27376865000053,248.820677175
5721,239,330.4145135750002,300.8512087249999
5722,239,315.11290097500023,306.4524061249998
5723,239,327.08380120000015,350.4464991499999
5724,239,274.63763960000045,253.37587482499987
5725,239,283.26365607500003,268.2053713749998
5726,239,394.06342200000006,301.9635933499998
5727,239,407.42030642500004,340.0751821249998
5728,239,415.1476089749999,399.7247114249999
5729,239,412.79987237500006,460.4223157249996
5730,239,364.1952773500002,370.7653619749998
5731,239,484.8962638749998,327.8907517000001
5732,239,389.19605370000005,382.114032
5733,239,324.8353868000004,360.15511679999986
5734,239,333.874185525,263.33108047499985
5735,239,293.80832832499993,237.08923592499985
5736,239,234.56287535,253.28075942499993
5737,240,238.70653455000013,230.31554300000005
5738,240,185.76248522500003,199.83542489999996
5739,240,191.46206724999988,172.65369914999997
5740,240,211.64632787500025,165.6665437999999
5741,240,206.062167725,253.59802477499994
5742,240,229.4023894250001,289.56364982499974
5743,240,253.48116580000038,266.2443728249999
5744,240,309.7061682250004,299.8712728999999
5745,240,282.15882182500013,340.2316125250002
5746,240,339.16163807500027,315.8384186749995
5747,240,382.53436890000035,371.3643296749998
5748,240,319.1434873500001,370.9888860999996
5749,240,330.1050439000003,490.20772822499987
5750,240,374.9970768000001,409.45893305000004
5751,240,355.2875591749996,388.02726275
5752,240,394.06524260000015,361.47533439999984
5753,240,368.56501912500045,454.68997922500006
5754,240,356.3187855750001,323.8458433999998
5755,240,338.29022262500035,362.10646939999987
5756,240,328.9163786250001,351.1964109
5757,240,306.81062972500024,419.61326392499984
5758,240,291.29833145000003,286.7535736499998
5759,240,276.5615502500002,233.44476502499992
5760,240,219.80210007500006,211.6601779249998
5761,241,227.1774230500002,222.17110069999995
5762,241,238.6558259500002,242.46738492499992
5763,241,245.1803354000001,208.01836242500002
5764,241,187.68413317499997,256.36462959999994
5765,241,253.2947033750002,203.74280915000003
5766,241,209.61305372500019,247.53691337500007
5767,241,243.35216047500012,282.54332409999995
5768,241,296.8211984500004,293.6674521249999
5769,241,315.8625272250002,429.05351102499986
5770,241,338.17750779999983,374.9838148
5771,241,308.88123717500014,315.27098005
5772,241,352.4229094499999,342.6005668250001
5773,241,349.0944006500001,383.5419973500001
5774,241,383.5503908500001,362.9861103500001
5775,241,313.88965689999975,363.46190817499996
5776,241,314.4856369749998,341.34125100000017
5777,241,379.6699457750001,323.189853875
5778,241,284.5220206,423.63235805000005
5779,241,354.75029467500053,335.50125092499997
5780,241,369.07430392500044,348.0630664
5781,241,353.0191452249999,336.5877008250002
5782,241,322.6313759750001,307.09149349999984
5783,241,299.42046954999984,325.5633509500001
5784,241,231.5596769500001,234.15446559999998
5785,242,265.35132450000026,260.7404142749998
5786,242,209.4628039250003,241.3204969250001
5787,242,179.75024867500002,267.0020772499999
5788,242,279.95344385000004,233.57103725
5789,242,254.51868322500002,189.51641477499996
5790,242,282.34042027499993,248.7367917499999
5791,242,271.60587290000035,264.57030745
5792,242,340.7613595750002,383.82232087499995
5793,242,325.94592720000014,305.21270652499993
5794,242,293.7097698500005,337.69685349999986
5795,242,317.5180680000004,424.3800370999999
5796,242,406.03015392500015,416.55877402499993
5797,242,335.7551541749998,360.49921832500013
5798,242,328.7653941750004,392.68386639999983
5799,242,379.7963655000003,381.95594697499973
5800,242,327.0288860250004,401.5849232999998
5801,242,270.7862211500002,421.20370437500014
5802,242,308.892210675,439.42465022499994
5803,242,262.9108114749999,379.21958427500016
5804,242,268.63810197500015,452.91505389999986
5805,242,282.9210563999999,318.18740555
5806,242,338.50805587500014,304.4943178
5807,242,269.7306781500002,273.2529784999997
5808,242,257.89229587500034,270.36754895
5809,243,260.12506642500017,207.93250682499973
5810,243,259.6674538250003,215.6198407
5811,243,201.33079199999997,228.99344809999985
5812,243,188.28483205000015,187.912263875
5813,243,187.62982440000002,180.46766747499996
5814,243,250.89046739999986,255.58192262499992
5815,243,223.1984193249999,245.79754829999987
5816,243,304.019570975,303.7485996749999
5817,243,400.55096872499996,439.30781542499983
5818,243,388.0509096499998,325.0756937499999
5819,243,348.4324365500004,396.89377950000005
5820,243,440.3514589999999,364.846993875
5821,243,383.32405432500013,382.84131824999986
5822,243,296.375373825,328.4072867499998
5823,243,366.6800716500003,349.89521494999985
5824,243,467.74402662500046,370.131960725
5825,243,321.7028620000001,319.5768321
5826,243,299.65053090000015,338.2076789250001
5827,243,340.30742017500006,342.541658675
5828,243,358.8455337250002,283.24296435
5829,243,269.29239137499997,309.06949462499983
5830,243,287.8993764000001,299.30876867499995
5831,243,219.60011505000017,230.73222219999997
5832,243,265.405306575,235.09911972500004
5833,244,189.99436527499984,188.07554614999998
5834,244,192.2668063500003,222.17926635
5835,244,158.7999220250002,233.20733124999992
5836,244,220.24707545000027,167.59332187499993
5837,244,207.27029750000014,209.917386825
5838,244,191.84416767500016,240.74306217500006
5839,244,229.09528227500013,197.80265112499993
5840,244,206.75905474999982,257.6819858749999
5841,244,409.5109820000001,283.1346435749999
5842,244,336.82866215000007,298.1258589249999
5843,244,302.88630695000006,352.84326632499995
5844,244,331.10381307500035,293.8699457749999
5845,244,266.6318674250003,272.56394872499993
5846,244,392.61959897500003,273.96735872500005
5847,244,344.73347967500024,278.46331775
5848,244,397.0585921500001,298.938139375
5849,244,415.98566190000014,341.79275019999983
5850,244,364.6783246250001,348.0238844
5851,244,317.3468410000002,220.3421307
5852,244,377.49844357499995,347.3098590999998
5853,244,362.8615618500005,281.67195970000006
5854,244,272.7875830249999,259.8173465499999
5855,244,283.02221579999986,204.83933430000016
5856,244,183.20691622499993,222.03988745000004
5857,245,200.746377275,196.13244107499992
5858,245,223.4275224,172.64454627499987
5859,245,192.27355335,173.74143450000008
5860,245,239.8291752000001,187.44844489999988
5861,245,142.4253337250001,207.7457302749998
5862,245,197.48030765000004,202.1356657749999
5863,245,210.14621312500014,194.7847734499998
5864,245,202.52835952499998,244.540470175
5865,245,276.3808046500002,256.4992388499999
5866,245,337.4969961999999,284.84595397500004
5867,245,277.811077375,353.89422615
5868,245,301.33540934999985,306.27951999999976
5869,245,246.93763582500014,281.929266175
5870,245,319.81711055000005,277.44314542499995
5871,245,365.8588819000001,350.5888859749999
5872,245,289.93742330000043,258.53997104999985
5873,245,267.3776720000002,321.1549881249999
5874,245,273.8386020000001,275.1589090999999
5875,245,346.7219528750001,265.77018232500006
5876,245,342.3173390500001,342.7312851249997
5877,245,309.06741402499995,331.4421082999999
5878,245,277.00426375000006,320.065816575
5879,245,204.60691272499992,252.08870127499995
5880,245,228.75054602500038,188.33125975
5881,246,209.78983792499997,165.93971184999992
5882,246,171.73646702500008,195.091092775
5883,246,217.4969590250002,246.69962902500004
5884,246,207.51448017500007,152.58727972500003
5885,246,157.84578319999997,155.11685569999992
5886,246,239.63018620000003,172.19462417499994
5887,246,252.70158822500014,202.60266500000006
5888,246,214.4837263500001,198.8294604749999
5889,246,237.51883554999995,285.65097212500007
5890,246,303.048981325,311.64257947500005
5891,246,267.7701899500002,302.88556177500004
5892,246,285.07393800000034,296.0652446999999
5893,246,315.1115426000002,430.95447190000004
5894,246,394.56235155000047,332.0099429249999
5895,246,304.56005362500036,370.9259175749999
5896,246,316.6521635750003,397.45851605000007
5897,246,373.71449144999985,382.89377945
5898,246,308.05370137500006,427.6356676999998
5899,246,363.10981342500037,313.0181152499999
5900,246,300.4845386999999,259.8276816250001
5901,246,308.93807657499997,258.1797942
5902,246,352.92060322500004,287.6679045750001
5903,246,212.28368652500006,283.56931872499996
5904,246,240.14303812499986,236.87187540000002
5905,247,179.85753207500002,190.61791294999995
5906,247,176.44484620000003,202.03645162499993
5907,247,174.36220537499992,219.8337289749999
5908,247,211.152848075,171.9908160249999
5909,247,217.4897472000003,224.15143104999984
5910,247,228.26135362499997,271.73042362499996
5911,247,307.5732394250001,271.1017867499999
5912,247,296.1993727999999,348.8422578499999
5913,247,309.44581840000023,320.13242839999975
5914,247,413.4801754500003,366.48311822500006
5915,247,288.374600125,388.287815625
5916,247,413.4265802750001,396.1862034999997
5917,247,439.29447900000025,409.13523847499994
5918,247,348.83473700000025,476.93387879999995
5919,247,440.4357601000003,368.6575571999999
5920,247,341.66701180000035,397.9091456249999
5921,247,334.13976182499994,525.0140849249996
5922,247,430.6792869999999,417.07007195
5923,247,394.6487894500003,357.33429242499983
5924,247,321.70871107500045,362.1980236249999
5925,247,310.5473078,306.08828349999993
5926,247,260.56828112500006,241.91516117500012
5927,247,301.43756635000017,330.7794193
5928,247,190.38858100000004,247.8395429750001
5929,248,171.50932492500004,173.71564024999995
5930,248,191.09337890000003,219.00212054999997
5931,248,190.2279991250001,210.85682107500003
5932,248,192.1000498250003,173.77942877499999
5933,248,248.38293392500003,213.85604454999998
5934,248,195.3315854000001,250.71363795000008
5935,248,299.6979084999999,258.8081267
5936,248,300.83096360000025,309.1677039000002
5937,248,317.1127287250001,269.8330647999998
5938,248,308.11383420000004,303.63047322499995
5939,248,420.6253379250004,326.50641125000004
5940,248,330.98207879999995,321.30417664999993
5941,248,350.53355915,324.21310244999984
5942,248,330.5690142250001,283.25376025
5943,248,375.7669558750001,282.19259222499994
5944,248,330.76649925000015,309.82879972499984
5945,248,310.3326702500001,309.73879805
5946,248,373.55415710000045,443.1706946999998
5947,248,294.5548460500004,325.6700466750001
5948,248,352.4445949500001,251.92130759999998
5949,248,282.901083525,321.14372607499996
5950,248,219.56536322499997,240.3936301749997
5951,248,247.17309510000004,229.77311912499988
5952,248,257.45160445000005,225.03075290000004
5953,249,229.11614632500016,221.88504424999994
5954,249,168.07976597500004,176.81727090000004
5955,249,179.96468107500004,159.8114468
5956,249,140.96108477500013,192.63412687499988
5957,249,193.03906954999997,215.82904749999994
5958,249,188.3465029,204.94225079999984
5959,249,293.8762879500003,274.8898485499999
5960,249,303.99307152500023,278.9826016999999
5961,249,276.78324650000076,317.68339964999984
5962,249,349.80413860000016,320.1552447999999
5963,249,336.52890230000014,299.480608025
5964,249,318.3363784749999,463.2677751499998
5965,249,292.75372960000004,307.5801481249999
5966,249,368.54652025,391.1262691999997
5967,249,285.64076380000046,433.62485637499964
5968,249,460.5373028500005,348.50762009999994
5969,249,317.815470425,306.4426627249999
5970,249,426.3148194000005,348.27564817500013
5971,249,348.8877059000001,286.5856590750002
5972,249,320.19187302499995,401.6755678000001
5973,249,375.6388055000001,289.628604275
5974,249,376.8663854750001,362.55703232499997
5975,249,267.71014770000016,228.05304457500006
5976,249,286.6335349750001,201.23381562499995
5977,250,217.8338189000001,202.42570922499996
5978,250,223.86351112500057,197.94385849999998
5979,250,199.36171087500009,196.29724922499997
5980,250,217.38791650000007,159.9478004
5981,250,225.4801043500001,172.16380252499994
5982,250,264.2729001250001,281.74568384999986
5983,250,246.19852137500004,295.5262824250001
5984,250,299.9419847749999,297.1480888
5985,250,333.5904751000004,327.8677342
5986,250,249.50954314999984,333.11658145
5987,250,490.6169628500004,378.8418770249999
5988,250,377.61535920000006,409.90507652499974
5989,250,377.6061958749997,281.81545585000003
5990,250,368.01797472500016,330.9698051999999
5991,250,423.3075298750003,385.51641604999986
5992,250,349.7178591750004,373.1953969749999
5993,250,442.03533437499993,352.074221275
5994,250,361.5738021750003,334.63174675000005
5995,250,410.8695755000001,371.692151825
5996,250,329.6666576750001,396.5277222499998
5997,250,327.2941072000003,339.579962775
5998,250,276.6694579500003,285.74124600000005
5999,250,260.0316186,250.83284874999978
6000,250,233.06143260000005,210.4222810249999
6001,251,214.8915786500001,245.48807922499998
6002,251,197.93440507499994,230.06510737499997
6003,251,175.680373825,208.7470741999999
6004,251,206.84791944999998,217.62347462499986
6005,251,221.89934597499996,213.12740082500005
6006,251,236.78048412500007,263.05912435
6007,251,280.43710962500023,224.26314452499992
6008,251,241.4947848250003,319.94585144999996
6009,251,258.0766360000001,323.8366220999998
6010,251,324.978115625,336.3979062000001
6011,251,332.7930227000004,321.2078719999999
6012,251,357.40524287499994,336.268545325
6013,251,369.42702595000026,334.2583620999999
6014,251,320.9255540500002,414.1928557999999
6015,251,489.3134081999998,387.67934415
6016,251,313.992309275,350.92522080000003
6017,251,383.36830110000017,359.98198285
6018,251,303.66004822499985,330.84064572499983
6019,251,304.80336765000004,254.90509944999997
6020,251,331.62434235000023,314.292651275
6021,251,280.3085563499999,261.22500395000003
6022,251,324.62962970000024,278.07717427500006
6023,251,251.64681857500005,224.27364404999992
6024,251,233.71785340000002,202.71747295000011
6025,252,236.21334599999994,247.74898812499987
6026,252,239.23971457500005,166.31879559999993
6027,252,151.55429689999988,212.54133862500004
6028,252,140.23679640000006,214.871333125
6029,252,228.5910992750001,149.50370422499998
6030,252,201.3916591750001,207.3776587999999
6031,252,219.86557267500007,214.48075002499994
6032,252,255.66877519999997,287.08533627500003
6033,252,291.1713113249999,269.3799453250001
6034,252,292.0280953750001,334.7835889
6035,252,375.2211741250004,320.2898529500001
6036,252,344.68597812500036,300.9784608500001
6037,252,333.77594037500006,364.8244811249999
6038,252,292.8739403000001,321.300469325
6039,252,323.3568593,338.13949232499994
6040,252,400.21464387499987,305.9769810250001
6041,252,334.5846648500001,317.1564610749999
6042,252,327.08481520000043,274.48415480000006
6043,252,421.9369219500003,268.4746792249998
6044,252,303.5357825000003,350.2135725749999
6045,252,298.73085190000006,295.10290657499996
6046,252,255.12784600000018,285.86913487499993
6047,252,216.62976402500027,192.96048202499986
6048,252,208.58358442500003,178.92477927499993
6049,253,202.55235189999993,167.097332225
6050,253,190.330459775,147.64576152500007
6051,253,208.76476372500008,139.00133892499997
6052,253,226.33707497500018,160.69523715000005
6053,253,192.44138164999998,169.18225087500002
6054,253,181.105398325,215.633528575
6055,253,236.80339017499995,257.779399975
6056,253,299.12414720000004,343.0232389249999
6057,253,303.59563382500016,350.44548914999996
6058,253,406.55898937500024,373.3289481499999
6059,253,326.6750695999999,255.28748727499993
6060,253,284.04111292500045,362.6923300999998
6061,253,328.17396520000017,411.73606359999957
6062,253,314.3972486000006,430.839054975
6063,253,394.2617820250003,276.5647393
6064,253,327.0812544250001,320.05304679999983
6065,253,257.8103170500001,372.51521224999993
6066,253,354.4460081250003,303.73093965
6067,253,292.0123115,393.8663355000001
6068,253,385.73015017500006,296.7261235749998
6069,253,279.3811093750001,282.36516342499993
6070,253,292.2283993500002,283.070714275
6071,253,214.69753297500006,219.45000242500004
6072,253,218.74876125000003,222.76607532500006
6073,254,226.44584637500017,194.90418645
6074,254,205.72024542500003,237.59657234999986
6075,254,177.08024402499998,160.2781973
6076,254,157.67345587500012,224.86585159999993
6077,254,215.81633587500008,226.68600234999997
6078,254,259.2601526000001,254.40814045000016
6079,254,276.8865288500002,253.56038512499995
6080,254,231.95071427499997,326.06216772499977
6081,254,377.29666687500014,325.2981178499998
6082,254,304.7534411000001,352.19497812500003
6083,254,355.0696587250002,240.07211854999994
6084,254,393.8915106750002,264.78377109999997
6085,254,370.67096085,373.06845074999995
6086,254,392.9738937250004,392.45157604999986
6087,254,399.36609312500036,366.4059818249998
6088,254,392.9024117500001,374.26983275
6089,254,336.20684932500006,354.80705680000005
6090,254,324.13564330000014,369.96612524999983
6091,254,283.1273549250003,323.7513492
6092,254,304.1084170000004,281.3751043499999
6093,254,433.1972078750001,247.8975023499999
6094,254,262.1027563750002,342.1748105499999
6095,254,253.207730325,213.17319557499977
6096,254,233.7079404500003,195.60678585000005
6097,255,226.48999175000023,209.88009745000002
6098,255,220.47389117500006,169.4334338999999
6099,255,223.78825307500017,197.0992146
6100,255,210.27871377500026,210.50915422499992
6101,255,226.48032887500005,188.35869257499996
6102,255,233.96550709999997,207.15069490000002
6103,255,284.4162338000006,209.47532937500011
6104,255,326.1194352750002,302.5643654249999
6105,255,318.2378975250001,301.28596545000005
6106,255,297.233865475,289.63001929999996
6107,255,270.6159759250002,326.6096713500002
6108,255,407.4348615750002,351.8408231249997
6109,255,351.14525842500007,467.49543952499994
6110,255,354.8987685500001,427.9987263499999
6111,255,299.91916537500015,337.7628481249998
6112,255,388.0078635499999,390.34110302500005
6113,255,445.7765820000001,366.55497479999985
6114,255,342.0737612500002,455.6105040750001
6115,255,324.698725825,329.5260929999999
6116,255,316.671731475,350.53539772500005
6117,255,309.7137422750001,330.39641192499994
6118,255,356.6447531,312.7551387
6119,255,291.8351646000002,207.43690130000007
6120,255,183.35770094999998,225.18082817499976
6121,256,202.8406318999999,161.01107327499992
6122,256,198.48811272499995,181.81780497499994
6123,256,209.32317169999993,240.68061167499994
6124,256,204.39304970000015,181.45569289999997
6125,256,220.38700592499987,223.3687617
6126,256,253.82728400000008,184.59066149999995
6127,256,314.5759795250002,257.1749578000001
6128,256,317.7232025750003,295.21717065000007
6129,256,314.9787592250001,419.71339594999995
6130,256,362.1745026000001,329.520893775
6131,256,321.3153625250002,349.00501807500007
6132,256,360.76425677500004,357.31314759999975
6133,256,291.5299755499999,373.4885784749996
6134,256,396.0918967500003,352.90635529999986
6135,256,466.61905997499986,403.84055982499996
6136,256,419.57171702500045,329.6344587999999
6137,256,409.1988125250002,397.09458429999995
6138,256,366.11275264999983,398.1726931999999
6139,256,330.4889029000002,348.5868736749999
6140,256,344.1592855250001,437.8853574750001
6141,256,381.7958959,362.8906707
6142,256,337.59038142500003,339.13491402499994
6143,256,284.74645355000007,283.60240189999996
6144,256,251.82530577500017,233.20125412500005
6145,257,240.21010920000012,230.72446214999997
6146,257,203.00852840000022,204.7536389
6147,257,194.56476547500012,216.45481102499997
6148,257,157.02708119999988,193.12246925
6149,257,220.8129625000002,244.54494219999992
6150,257,223.67268479999996,168.64425294999998
6151,257,240.07748262500007,243.70061019999974
6152,257,325.81931377500035,296.8276525749999
6153,257,265.5892862500004,323.5624546
6154,257,367.38733047500017,343.48590935
6155,257,327.8848326750001,348.343266825
6156,257,371.9563830750003,414.27304867500004
6157,257,427.5635781999998,360.5522718749999
6158,257,331.96960975000036,442.64212935000006
6159,257,351.6852323750003,382.3392886999999
6160,257,497.3964530750008,359.29757747499997
6161,257,390.56925072499996,382.8906997499998
6162,257,401.85894715000063,263.70769669999993
6163,257,327.26415685000023,388.4925099499999
6164,257,330.0555618250002,406.63682477500004
6165,257,411.9361590750001,329.115889175
6166,257,281.7238205000001,270.561256125
6167,257,280.69547130000024,236.43105887499993
6168,257,223.3908038750002,238.5614630999999
6169,258,263.6256742750001,256.131796625
6170,258,161.28831882499998,171.66171645000003
6171,258,140.27114835000017,183.85989115
6172,258,165.01908197499995,196.68689300000005
6173,258,223.85722680000015,167.2253711499999
6174,258,214.0185217000003,225.95375299999998
6175,258,221.44843692500012,193.82485072499998
6176,258,225.93534182500008,213.6964821249998
6177,258,298.1189228249998,355.64018905
6178,258,338.87740867500014,313.21248222499975
6179,258,298.707276275,295.5488881749998
6180,258,323.19307385000013,313.50449682500005
6181,258,328.7384751000004,385.1390836999999
6182,258,350.560744525,359.688102825
6183,258,396.6249988750004,360.69915157499986
6184,258,439.7618719500002,317.36825227500015
6185,258,364.59801995000026,300.7349344499999
6186,258,390.9839898750001,327.93848617500015
6187,258,361.35049115000015,421.3157792249999
6188,258,355.91827902499995,350.78173254999996
6189,258,357.06461902500007,403.63915217499994
6190,258,266.76974105,283.09019112500016
6191,258,262.17037155000014,243.12380339999987
6192,258,211.59802730000013,205.9817471999999
6193,259,250.91236802500003,212.43963685000006
6194,259,185.8729211000001,170.57084742500007
6195,259,247.73805227500003,199.87913500000002
6196,259,175.93661460000027,189.31337424999998
6197,259,208.63701725000013,181.27567195000003
6198,259,220.64574789999998,228.36647705000001
6199,259,230.18000520000027,230.61825169999997
6200,259,214.05600687500032,191.68474069999996
6201,259,241.76002707499998,221.43816749999982
6202,259,297.85559072499996,298.37066309999983
6203,259,363.83913487500035,367.6872079249999
6204,259,385.6525496500002,297.09391607499975
6205,259,264.5436859750002,319.8441049499999
6206,259,318.2895678749999,288.68186147500006
6207,259,336.4505198750001,284.40972112500015
6208,259,352.31142442500004,350.29112472500003
6209,259,386.6339896000001,336.2127195
6210,259,310.00719730000014,264.60005622499995
6211,259,307.72217992500015,330.61024109999977
6212,259,381.72047970000017,323.31867064999994
6213,259,343.2804615250001,251.51976459999986
6214,259,272.8270333500005,231.2359503250001
6215,259,259.1869017250004,224.08090854999998
6216,259,193.74407027499987,175.88747889999996
6217,260,150.92869024999993,191.97216992499995
6218,260,185.29940480000002,208.6952176499999
6219,260,201.978755375,144.02455527499995
6220,260,155.53841492499998,183.59032607500004
6221,260,200.15222025000003,162.71888205
6222,260,233.85488117499995,206.5150471999999
6223,260,283.14164447500025,260.8583980749999
6224,260,317.2804001250004,263.3053384499999
6225,260,274.4853214750001,361.49283467499987
6226,260,284.587351075,280.5434855999999
6227,260,388.52002707500026,278.225038225
6228,260,320.4195361750002,364.17275029999985
6229,260,380.14040160000013,358.9212778
6230,260,279.7588737250001,376.2096678999999
6231,260,316.94341887500025,378.7416028749999
6232,260,360.6328398750002,308.6401782999998
6233,260,413.0684372500003,235.68098822500002
6234,260,285.888949775,318.912966375
6235,260,344.6716355250001,326.8292629000001
6236,260,294.49594260000003,314.89482032499996
6237,260,345.26155705000025,257.621114425
6238,260,293.45387589999984,264.63233577500006
6239,260,193.92941125000021,247.48284217500003
6240,260,159.07389097500007,183.72959114999998
6241,261,151.86446762500023,221.81121320000003
6242,261,204.66970445000007,173.47287924999995
6243,261,203.98952929999996,164.6570055499999
6244,261,193.47617935,221.55873984999994
6245,261,237.8040380999999,151.469311025
6246,261,218.17447847500011,212.92088037499988
6247,261,251.979786575,211.57752607500012
6248,261,352.8191828500002,258.2862606999998
6249,261,262.7628699000002,249.68763204999988
6250,261,292.8326437500001,338.1044467250001
6251,261,286.07237597500006,339.86320459999985
6252,261,363.58873177500004,363.59841282499985
6253,261,364.594988375001,369.1016450999998
6254,261,353.6485963250003,273.13989487499975
6255,261,280.88373055,425.60709634999995
6256,261,397.61932482500015,390.9728053749999
6257,261,340.82338040000013,315.1063589249999
6258,261,311.90780402500036,306.861156575
6259,261,307.67877730000004,306.87016402499984
6260,261,302.7731911000001,295.80703897499984
6261,261,352.6915140750005,276.2150343499999
6262,261,326.7437255500001,254.19636655000005
6263,261,205.83228292500002,318.2067555749998
6264,261,229.3547135000004,212.04801220000004
6265,262,237.72468840000028,227.66592547499988
6266,262,210.77374770000011,248.88408934999995
6267,262,222.4168125,187.65054017500006
6268,262,163.29163920000008,203.89066937499996
6269,262,158.78293147499997,184.056310125
6270,262,185.34865285000012,205.96894499999996
6271,262,249.71986435000008,267.44241967499994
6272,262,316.29814287500017,287.80917304999997
6273,262,293.36650932500044,325.4351710249998
6274,262,348.11453607500005,312.3176302999999
6275,262,283.2638331750002,377.1114173499998
6276,262,375.18904905000056,394.9619549749999
6277,262,339.98436630000015,250.51730834999995
6278,262,354.3240052749999,352.7864477999998
6279,262,461.38729172500007,354.47752567500004
6280,262,297.5452190750002,325.1608364499998
6281,262,317.177899775,392.63975419999986
6282,262,333.7054830500001,295.95025829999986
6283,262,348.3987429250001,314.6341798499998
6284,262,287.9674737250001,299.4698799499999
6285,262,263.26207645,290.5882456749999
6286,262,254.51088652500022,267.6538875250001
6287,262,271.9293925,271.4076288249999
6288,262,183.76748865000013,223.55780447500007
6289,263,165.44992120000006,182.7116487250001
6290,263,197.9711481249999,177.2146253749999
6291,263,174.89063972499997,179.67587067499994
6292,263,168.24436090000006,190.876640675
6293,263,186.43546282499997,157.09520597499994
6294,263,234.98330757499997,228.57587479999995
6295,263,225.2382817250001,195.94411297499994
6296,263,350.7999795000003,246.68265549999995
6297,263,249.354953075,311.57014167500006
6298,263,304.171308725,357.026591275
6299,263,379.50505610000016,294.99502102499986
6300,263,418.5127891750001,371.0977451749997
6301,263,316.09818607500017,398.23161162499997
6302,263,402.6322077750003,378.447603375
6303,263,380.62722737499973,370.8524873750001
6304,263,313.24281982499986,405.6280586249999
6305,263,345.4611778750001,318.231551225
6306,263,226.17993600000008,399.5595282249999
6307,263,345.4591141250005,381.3030616
6308,263,307.23319810000004,365.86495772500007
6309,263,341.9221841500005,359.7991752249999
6310,263,295.75290777500027,317.93618247499995
6311,263,318.75169159999996,223.079483525
6312,263,206.755517725,208.45180737499993
6313,264,215.59307410000008,193.50312032499994
6314,264,164.47429157500014,189.7511753
6315,264,165.007123375,174.915062725
6316,264,135.35241467499998,222.01036969999998
6317,264,210.16910920000007,165.1800033
6318,264,236.07811680000017,240.9563246499998
6319,264,273.31103559999997,249.11495044999992
6320,264,222.72791725000013,292.025279225
6321,264,358.90273047500006,319.55731460000015
6322,264,347.52647475000003,294.05716144999997
6323,264,473.5156843500004,451.4606523249999
6324,264,333.18833647500014,332.7356362999998
6325,264,380.45533787500017,299.07458155000006
6326,264,390.7199661250006,344.67896475
6327,264,365.73599072499985,346.51804749999974
6328,264,284.85400292500003,414.18517805000005
6329,264,396.83418640000025,351.74516474999984
6330,264,300.8418621000001,344.40270530000004
6331,264,387.2792365750002,316.30244155000014
6332,264,364.48312785000013,306.13823920000004
6333,264,299.7421669000006,313.13879522499997
6334,264,291.8197505500001,241.58740845000005
6335,264,258.60019487500006,250.57881737499997
6336,264,188.15910747499987,214.75556145000007
6337,265,217.5296187500001,232.85453199999992
6338,265,188.90535682500007,155.54379449999993
6339,265,163.49354802500008,147.21259565000003
6340,265,181.18284607500019,231.27102074999993
6341,265,209.42511975,209.24576444999994
6342,265,192.50350845000008,156.81824200000003
6343,265,175.565289475,176.7483640000001
6344,265,259.71671415000014,294.2789153000001
6345,265,289.0553069000001,288.8471625999998
6346,265,330.71581832500027,276.490948475
6347,265,277.7581966500001,424.1001290500002
6348,265,332.70166860000023,262.50833772499993
6349,265,297.6672344249999,326.4551571249999
6350,265,307.3484694000002,299.3481527249997
6351,265,342.256303675,400.7110661750001
6352,265,332.19312055,298.46114915
6353,265,267.495982825,339.32430209999995
6354,265,378.3775718999999,324.58156429999997
6355,265,325.3199521000001,287.08505862499993
6356,265,244.98804410000008,293.41652734999997
6357,265,360.7726963499999,283.39299917499994
6358,265,244.6802251750001,263.01757657499996
6359,265,250.52724052499997,296.6547596749998
6360,265,182.6422145000001,231.494476625
6361,266,193.13050454999984,187.538204625
6362,266,178.18844177500006,169.645900025
6363,266,207.80953282500008,148.34454510000003
6364,266,164.01942317500004,196.21075562499982
6365,266,195.20406242500002,183.208549625
6366,266,210.55244882499994,221.52397340000002
6367,266,203.03180797500013,191.51744010000004
6368,266,170.33340912500012,249.69867679999996
6369,266,261.51965442500006,218.025579425
6370,266,278.89991555000006,295.11036407499984
6371,266,337.8735515500001,357.1627976
6372,266,370.26282682499993,296.8485936749999
6373,266,313.57654860000014,294.2748789750001
6374,266,325.9071075500002,308.6276159500001
6375,266,324.3611212500001,296.8088678500001
6376,266,310.33434335000004,338.06972169999983
6377,266,383.1842609500001,291.5815123499999
6378,266,264.0887701500001,378.8679869250001
6379,266,389.28951467500053,385.7637967500001
6380,266,324.22687570000016,315.13798637499997
6381,266,357.015578375,247.754542
6382,266,281.1961628000001,340.6743359999999
6383,266,199.74570465000022,215.4068244999999
6384,266,203.4812608999998,238.3367041749999
6385,267,165.75926302500005,164.77499612499994
6386,267,177.44578405000001,194.11234729999995
6387,267,182.551561,178.1192173249999
6388,267,199.04033255000033,178.50101762499995
6389,267,221.41239145000011,182.68453939999995
6390,267,215.2951067499999,185.2777913249999
6391,267,227.77818625000035,250.50216422499994
6392,267,294.48812385,297.31995627499987
6393,267,274.695672025,337.97239032499994
6394,267,293.34018345000027,299.75785505
6395,267,428.0751747000003,342.79384612499985
6396,267,276.201585625,363.28858012500007
6397,267,366.5253609000001,365.15958934999986
6398,267,347.1311632000002,312.33671100000004
6399,267,398.5697149250002,358.9683676249999
6400,267,290.11734557500034,363.3805898999999
6401,267,386.60218825000004,378.70894132499996
6402,267,333.12074902500024,288.0345523499999
6403,267,350.3465005250007,335.87851022499984
6404,267,312.9948613250002,286.16879425000013
6405,267,277.4002877250001,341.7392242500001
6406,267,217.53617807500018,262.80851647500003
6407,267,245.35836372500006,219.61580284999982
6408,267,234.6531794500003,212.46999512499988
6409,268,215.5855815,172.46620962499992
6410,268,118.43710262500004,192.92581652499996
6411,268,186.59342200000026,173.44177370000003
6412,268,198.27956207500068,195.21131389999994
6413,268,148.5600690999999,201.02761279999993
6414,268,197.81967905,228.23931637499993
6415,268,305.8131231000002,177.9267637000001
6416,268,240.43990594999985,278.3401871999999
6417,268,287.6787555000001,306.1341271000001
6418,268,230.08969220000012,368.9943039
6419,268,276.1748557500002,300.96203797500004
6420,268,334.4589803750002,300.267968775
6421,268,393.80009865,338.181999625
6422,268,353.25441475000014,338.65613734999994
6423,268,329.15426552500026,253.34116200000003
6424,268,384.22464980000035,304.862389825
6425,268,385.78536555000073,358.6174286999998
6426,268,346.45011597500024,305.572485575
6427,268,283.34554715000036,299.47008225
6428,268,267.0735185250002,297.64565887500004
6429,268,264.7700201250001,248.99731814999998
6430,268,278.79924187500046,226.79123702499987
6431,268,219.27484357500003,222.97391694999982
6432,268,245.80165357500005,212.19196885000008
6433,269,211.5331648250001,175.30054512499999
6434,269,138.72134265000005,206.04354612499998
6435,269,150.6568557750001,171.676683325
6436,269,157.80523812500007,147.9003980999999
6437,269,213.9725016750001,182.8564788
6438,269,211.79103897500016,188.967733125
6439,269,247.6635295000001,256.87330115000003
6440,269,296.4933103000001,219.33136272499996
6441,269,242.4448065500002,318.55658782499984
6442,269,379.0766850500003,288.4353132
6443,269,317.8154885250001,322.8368332
6444,269,342.8252636500001,312.87388730000004
6445,269,365.6388463500001,261.948860275
6446,269,299.7198341750002,275.63452892499987
6447,269,282.93080380000026,264.75759509999995
6448,269,340.7901866999999,305.3718654999999
6449,269,338.9210859749999,300.1322352749999
6450,269,298.64184237500046,309.4404828999999
6451,269,279.54684407499997,287.70930465000004
6452,269,341.58356187500056,330.4478076749999
6453,269,283.15395457499983,282.44930677499985
6454,269,334.5888840749999,269.017866725
6455,269,202.22330395,208.08490092500017
6456,269,193.08368422500044,212.12941845
6457,270,229.017656875,187.29283735000004
6458,270,160.6821399000001,130.62923117500003
6459,270,172.1767930000001,156.2671322
6460,270,242.81823987500042,151.273123575
6461,270,221.51757800000013,179.11547954999995
6462,270,220.13364900000016,196.41008702500005
6463,270,259.1089650249999,273.6041539749999
6464,270,277.35755640000036,276.23514902500006
6465,270,284.3385055250004,286.5419458999998
6466,270,358.01133172499993,366.2327882
6467,270,360.5654710499999,345.14550717499986
6468,270,283.601928225,392.40323587499984
6469,270,320.3506346750004,269.65226044999986
6470,270,298.02874245,327.4359920999999
6471,270,281.4129991249998,356.659946925
6472,270,340.9768793500003,301.27225777499996
6473,270,305.213223275,337.31880182500004
6474,270,328.5129876250003,348.10589919999995
6475,270,323.2744491500001,350.0572566249998
6476,270,322.0591174,391.274040625
6477,270,340.8247882500003,340.94923177500004
6478,270,254.6329304250001,227.598724825
6479,270,295.52178852500015,246.772674725
6480,270,260.80854560000023,175.93356384999998
6481,271,212.7280223500002,227.26260585
6482,271,180.59817060000012,184.14527769999992
6483,271,162.74925500000015,179.93686817499997
6484,271,153.81534287500014,172.94424717500004
6485,271,206.56787447500028,195.43576270000005
6486,271,195.2572175500001,208.27431760000007
6487,271,267.3919751750001,225.41838254999976
6488,271,233.18222064999995,248.69878817499998
6489,271,349.1896792000005,295.2185462
6490,271,288.44269205,306.65728705
6491,271,356.4685222500007,344.5763605499999
6492,271,349.22385427500035,393.54807790000007
6493,271,364.50002292500017,267.10878039999994
6494,271,412.56217159999994,323.1505049499999
6495,271,403.1530895750003,309.60476637499994
6496,271,317.4956549750001,285.7997348499998
6497,271,329.24267380000026,337.9341974999999
6498,271,378.83634897500025,326.91353257499986
6499,271,261.3186909250004,348.70058167499997
6500,271,298.8135642750002,264.5379857000001
6501,271,220.29904092499993,318.2108568999998
6502,271,222.88706522500019,242.98348409999983
6503,271,244.90202950000008,217.83950390000012
6504,271,185.2356205250001,217.76297354999997
6505,272,156.31631217499995,202.39186022500002
6506,272,199.37983905000004,147.16688209999995
6507,272,152.58850975000004,175.24828577500003
6508,272,162.9737904750001,186.53558190000004
6509,272,173.61660382500025,181.151954575
6510,272,229.94730267500006,208.26639669999994
6511,272,192.91754562499997,178.4142937499999
6512,272,203.93890020000015,254.70759395000005
6513,272,288.02445125000025,337.18710769999984
6514,272,342.7592201750002,311.23175992500006
6515,272,367.69062102500015,273.791990325
6516,272,255.47016640000027,298.56222847499987
6517,272,307.609991825,271.17327127499993
6518,272,306.16619115000015,279.29155367500016
6519,272,332.3900443750003,296.5322970749998
6520,272,310.17432677500017,313.74814555
6521,272,391.37405727500015,336.73849069999994
6522,272,302.9800459000004,298.5185420999999
6523,272,320.41939625,393.70722490000014
6524,272,309.55076857500023,243.33913597499992
6525,272,272.5065115999999,287.7635962999999
6526,272,200.82407494999998,225.05450314999996
6527,272,216.34994517500002,229.62688442500001
6528,272,230.78973634999994,165.69681832500004
6529,273,190.60547270000012,177.69654197499995
6530,273,182.7496715750002,225.02892172499986
6531,273,154.86950667500008,154.9912422
6532,273,158.93142795000006,171.31655869999992
6533,273,178.16763490000005,169.62035752499992
6534,273,181.81534437500022,168.15960374999986
6535,273,184.7199951,213.00075234999997
6536,273,199.86095705000028,273.4978941
6537,273,225.87604262500005,253.8382674249999
6538,273,290.1144524750001,282.7207102500001
6539,273,293.49398807499995,289.8886819749998
6540,273,396.43864985000016,341.710599475
6541,273,295.213409575,250.07541694999983
6542,273,316.12342694999995,398.8404202249999
6543,273,312.8305787250001,400.1064806500001
6544,273,360.2921313500002,274.42726592500003
6545,273,326.17893095000045,441.013583875
6546,273,392.655230875,370.789126925
6547,273,380.55762342500014,424.76110552499995
6548,273,381.5625195,315.2202739500002
6549,273,334.9221874750003,364.617727875
6550,273,248.31046767500007,324.0085399500001
6551,273,222.71256735000026,211.94066254999998
6552,273,199.28542264999996,205.17417604999991
6553,274,140.26152015000008,201.5011672
6554,274,140.639769425,166.07899422499992
6555,274,143.62441622500006,162.12589567499992
6556,274,151.23256892500007,177.78659180000008
6557,274,191.2011342,168.38541162500002
6558,274,257.7730485000002,198.91834987499993
6559,274,240.22435272500005,260.72297857500007
6560,274,273.52498660000003,286.90413769999986
6561,274,369.5257692000007,353.97158617499986
6562,274,300.5604828500002,319.0165211499999
6563,274,352.63208865000036,413.3138372750001
6564,274,321.40773577500005,381.74680002499997
6565,274,361.32496982500015,369.3265450250001
6566,274,357.41737794999995,437.0002291499999
6567,274,393.34355105,426.9457282000001
6568,274,413.3634075499998,423.0391018
6569,274,415.57587489999975,377.59315524999977
6570,274,443.52528075000066,417.23063185000007
6571,274,358.57571342500046,354.57105479999996
6572,274,331.55309075000014,452.17720644999997
6573,274,448.9855875000002,374.7770654999998
6574,274,307.6590812500002,254.49731809999983
6575,274,265.28703010000027,271.5605461
6576,274,202.1840286500003,240.25697350000002
6577,275,148.62675837499987,192.079905625
6578,275,201.29457394999997,160.83440992499996
6579,275,217.4898709750001,203.559777775
6580,275,151.5002289000003,204.45247072499996
6581,275,271.8622523,217.55856467499984
6582,275,214.09001602500012,158.01021744999997
6583,275,192.25988507500006,308.90918542499975
6584,275,230.22261302499993,318.8877580249998
6585,275,312.24882282499993,268.3267328499998
6586,275,321.51454285000045,388.4420181499998
6587,275,360.081953075,296.1634107499999
6588,275,376.8768477250002,322.62372579999976
6589,275,462.95928865000076,392.64924390000004
6590,275,442.14996310000015,339.04110387499975
6591,275,402.4903749000002,398.88883947500005
6592,275,336.64100017500004,351.16390904999986
6593,275,447.7494859500001,361.4413951499998
6594,275,394.04689772500024,378.991783625
6595,275,345.62276867499986,382.16231367500006
6596,275,459.3755777500005,359.64258392500005
6597,275,259.1631924249999,316.80709052500015
6598,275,335.6798678000001,319.80550117499996
6599,275,236.03396614999986,245.9763824
6600,275,271.36096390000006,241.53282322499996
6601,276,237.01276215000019,210.02807079999994
6602,276,217.7967541,179.05265020000002
6603,276,217.7873161250001,169.56864924999996
6604,276,179.67521570000008,144.12155682500003
6605,276,201.7809860750001,214.53054197499995
6606,276,212.68188807500013,185.53160117500005
6607,276,238.85954222500004,199.76321484999986
6608,276,274.612657625,266.17491522499995
6609,276,299.1380120500001,314.0380246499998
6610,276,300.38857587500013,428.81289895
6611,276,365.8145287750002,359.65904374999974
6612,276,363.09101302500005,448.5781884249998
6613,276,300.7416506999999,335.2531809249998
6614,276,383.33727735000065,314.44241537499977
6615,276,425.11303110000006,330.348568225
6616,276,414.61931227499997,523.9769766999998
6617,276,413.89775835,337.607570325
6618,276,378.35260952500016,293.138284375
6619,276,375.49900242500047,367.0213103749999
6620,276,343.10136792500015,279.866515575
6621,276,284.8332046500002,283.508454425
6622,276,246.93000402500027,269.4515407250001
6623,276,210.75464362500009,223.57349087499983
6624,276,180.4368016250001,190.30757135
6625,277,171.81108295000013,202.358851925
6626,277,195.41436290000001,211.00335060000006
6627,277,233.9555516499999,165.255426075
6628,277,152.1733098000002,182.1725044999999
6629,277,195.66809812500009,175.19395077499996
6630,277,188.6735199250003,194.69959310000002
6631,277,235.80916075000005,269.86202337500015
6632,277,266.7469185000001,261.708739425
6633,277,258.2158855500001,258.056534425
6634,277,320.64545262499996,326.0035091749999
6635,277,309.3403389,289.16328617499994
6636,277,363.81826905000025,349.56618719999994
6637,277,306.2111975249999,309.1948668249999
6638,277,381.20272397500014,279.6309618999999
6639,277,280.26848447500026,320.9865413249998
6640,277,294.19577735000036,320.814994575
6641,277,335.04375717500017,313.81373425000004
6642,277,365.44705402500017,343.3823437499999
6643,277,339.1674194750002,290.47032064999985
6644,277,335.7883305250005,320.00775907499974
6645,277,309.726582075,270.7582625249998
6646,277,232.56883112499997,247.46257642499995
6647,277,176.25336977500007,241.57588320000002
6648,277,170.3709192249999,212.11674717499994
6649,278,178.60837830000025,139.69268634999992
6650,278,198.79891630000003,185.01238652499998
6651,278,191.09755605000015,170.34088780000008
6652,278,200.6205415500002,212.45305934999993
6653,278,162.70568950000006,176.41856019999994
6654,278,214.29881090000015,227.912746625
6655,278,240.61959502500014,215.81640600000003
6656,278,280.2577710249999,306.38613505
6657,278,253.47446770000005,297.2987779249999
6658,278,352.57327760000044,297.63470467499985
6659,278,297.99987105,336.93160850000004
6660,278,317.43868422500054,404.2554505249998
6661,278,275.7426549750001,237.99898174999987
6662,278,274.9043586500001,219.40227587499982
6663,278,314.013167625,303.4347509250001
6664,278,287.7955023,304.0854004999998
6665,278,284.8595491000002,383.9342822
6666,278,323.39030222499986,277.38533397499987
6667,278,236.82894535000048,281.90741055
6668,278,299.6718341500001,318.4755031749999
6669,278,241.93425640000004,274.47805764999976
6670,278,235.79245517500013,210.3045650999999
6671,278,209.78298705000006,163.10732617499986
6672,278,191.21275912500005,181.06543142499999
6673,279,228.66435837499998,202.24549659999985
6674,279,158.93329085000016,163.3132370250001
6675,279,183.31949172500015,138.28567250000003
6676,279,174.25561847500018,165.99263509999997
6677,279,196.98914312500006,153.55624432500002
6678,279,190.37938497500005,159.64660564999997
6679,279,220.19438830000013,211.23121712499994
6680,279,273.148600125,208.26489909999992
6681,279,235.0540706750005,307.69958670000005
6682,279,308.6511035500001,232.79191350000002
6683,279,396.3841075750003,269.17749955000005
6684,279,230.09939789999999,331.7056954
6685,279,209.07152612499993,294.574560175
6686,279,249.49476855000012,324.83759302500005
6687,279,243.0347493250003,224.55956372499986
6688,279,226.05814190000004,256.9018047749999
6689,279,197.84634554999994,238.94316207499998
6690,279,222.6458669500001,268.863514225
6691,279,252.25736822499988,260.0530459000001
6692,279,263.3483223250002,234.8146621500001
6693,279,198.2061746750004,294.6713398749999
6694,279,242.25520752500012,203.74785827500008
6695,279,249.55233837500015,212.71625982499984
6696,279,200.96555395000024,174.00717972500001
6697,280,140.14261407500007,183.6683422
6698,280,149.53073967500006,195.34752804999997
6699,280,157.9825661500002,104.98309582499994
6700,280,200.7974788750001,179.83848519999992
6701,280,203.00523490000015,159.19139937500006
6702,280,187.14268727500004,170.46534702499991
6703,280,194.9707481750001,191.35236022500004
6704,280,192.0208664,208.16609740000007
6705,280,219.86746572500013,282.89756315
6706,280,221.52444840000032,233.20559577499995
6707,280,361.8805733750004,280.4736773499998
6708,280,278.16534385000017,303.4549546999999
6709,280,253.00109677500015,269.995571625
6710,280,228.41952295000002,241.2432659749998
6711,280,311.69067147500016,247.52738735000008
6712,280,283.3392679000001,342.429587525
6713,280,233.6018505749999,253.97659104999997
6714,280,270.10043790000014,263.5571321249999
6715,280,241.42200052500013,226.15039654999984
6716,280,230.94667182500012,342.3815206749999
6717,280,289.11466847500026,287.8792126999999
6718,280,277.8570003250001,218.87138955000017
6719,280,209.06224927500023,178.91950009999996
6720,280,189.42256592500013,161.23759629999998
6721,281,124.69345035000015,153.06390770000002
6722,281,150.85576007500003,180.50880159999997
6723,281,147.61389515000008,189.43771255
6724,281,129.6254674750001,159.67708004999997
6725,281,189.37983570000011,168.93307252499994
6726,281,218.72965187499994,227.70552529999992
6727,281,209.4728647,238.46216660000007
6728,281,252.17741867500018,274.48360602499986
6729,281,266.080532425,255.27145254999976
6730,281,313.5367348250001,326.278448425
6731,281,232.9352561500002,287.848238425
6732,281,294.85242359999995,308.64319429999983
6733,281,319.34214577500006,381.38138915
6734,281,372.11083125000056,321.12039925000005
6735,281,300.19569444999996,246.73360864999992
6736,281,244.67012574999993,316.8780182500001
6737,281,288.73416535,357.60619547500005
6738,281,341.7018814500001,245.18231942499983
6739,281,241.17221105000016,319.0584569749998
6740,281,280.86179167500006,319.181914
6741,281,271.7000637999999,300.8766957
6742,281,247.6688000250001,247.71899439999999
6743,281,199.8501943,237.01017975000002
6744,281,173.53217572500006,183.629899675
6745,282,187.56868155000035,191.63662632499992
6746,282,190.87663190000023,141.71648812499996
6747,282,182.09159274999996,150.26796292500003
6748,282,150.3727964250001,165.54660454999998
6749,282,210.68536277500027,204.53829457499995
6750,282,182.60473982500002,254.06794567499998
6751,282,232.39966527499996,314.75124832499995
6752,282,276.78755872499994,276.5350236750001
6753,282,290.98638267500024,279.06957842500003
6754,282,261.1180810750001,289.1096175
6755,282,319.95371605000025,291.9416878250001
6756,282,269.92795080000013,415.64686072500007
6757,282,297.6282499500003,296.3384459749998
6758,282,378.76217967499997,347.00730645
6759,282,326.10441227499996,330.18832099999986
6760,282,353.54485475000024,401.40857999999986
6761,282,267.998214825,245.12234947500005
6762,282,278.9131199750001,322.1231786749998
6763,282,243.893094475,248.297461725
6764,282,312.0899158000003,242.53097157499997
6765,282,311.3295388249999,256.92650662499994
6766,282,271.41070045000004,234.4822407499999
6767,282,210.54980610000013,197.40561832499998
6768,282,209.0997146000002,150.05828894999996
6769,283,177.56054222500012,166.65139397499996
6770,283,142.12969950000002,153.12055775
6771,283,138.8354315750001,133.5188497499999
6772,283,205.87107692500004,194.62437759999997
6773,283,210.75657437500018,172.12273067500007
6774,283,228.53224917499998,242.01684687499989
6775,283,176.12452682499998,238.59321227499998
6776,283,225.95926567499998,277.3327718249999
6777,283,344.85402257500004,232.1570191250001
6778,283,287.9614089750003,275.9784614
6779,283,255.206238075,341.3993562999999
6780,283,311.5732772750003,348.39420867499996
6781,283,283.972284875,251.8906937749999
6782,283,254.67272990000004,281.53299742499996
6783,283,305.1795603250002,236.1615597
6784,283,308.09134632500013,318.42883532500014
6785,283,260.77998167500004,174.657742625
6786,283,239.55468479999996,251.70331559999988
6787,283,253.06675905000031,250.7450056250001
6788,283,270.58689777500024,267.9790174999999
6789,283,223.15416229999994,230.91322747499993
6790,283,232.07056324999996,257.8686848749998
6791,283,254.27660630000017,203.94780714999987
6792,283,212.65374057500037,160.55618537499993
6793,284,174.31747010000004,148.03403439999988
6794,284,177.3126807000001,138.30226687499996
6795,284,172.62146980000006,152.00022264999996
6796,284,156.27337612500003,165.10434274999994
6797,284,147.15758830000007,165.805616875
6798,284,177.2217881250001,202.3092011500001
6799,284,254.5597398500003,217.01083849999998
6800,284,243.03425890000005,251.47473862500004
6801,284,301.6798475250006,295.4844568000001
6802,284,265.65159715000004,301.9746051999999
6803,284,324.6727891250002,275.846981725
6804,284,324.22971915000016,302.9610632749999
6805,284,215.268022975,243.05356709999995
6806,284,242.9561551000002,305.99011582499986
6807,284,233.587443625,261.76721147500007
6808,284,293.4945743250001,321.85441527499995
6809,284,338.58242514999995,193.65670177499993
6810,284,273.74524840000004,222.15793024999996
6811,284,170.24871990000003,251.8151711249999
6812,284,270.0671637750001,302.3174385
6813,284,284.93832802500015,269.629882625
6814,284,180.62495069999994,215.65351802499998
6815,284,195.54373140000013,245.24424345
6816,284,245.69471310000011,186.5782094999999
6817,285,226.3967498500001,207.40975967499992
6818,285,223.14408372500026,184.376621275
6819,285,200.71735672500006,222.71859992499998
6820,285,183.75949342500024,168.93484717500002
6821,285,176.90432109999995,152.58191514999996
6822,285,210.2446361250001,190.6939165749999
6823,285,256.7066748000001,238.99929387499986
6824,285,287.55925837500024,217.67736020000007
6825,285,285.6558666500001,243.15565642500002
6826,285,300.0034289000001,285.0052041
6827,285,304.7292994750001,328.2202784
6828,285,313.694749625,273.45967847500003
6829,285,331.3595225500001,238.7039412250001
6830,285,222.7286816500001,254.59007270000012
6831,285,215.23730602499995,308.65842479999986
6832,285,299.1657805250003,254.9697836499999
6833,285,250.00898262499987,265.432355775
6834,285,256.2819173250002,195.574886025
6835,285,262.42234437500014,275.691717025
6836,285,242.771617575,300.335803425
6837,285,231.72664367500016,254.91496027499988
6838,285,243.7195503750002,245.841084825
6839,285,212.06865947500003,185.97622365000004
6840,285,157.93313912500017,144.36094980000001
6841,286,153.3919752250001,181.56210582499995
6842,286,157.99622885000002,179.9902733749999
6843,286,211.9471561750001,160.9196924499999
6844,286,222.94181557500002,211.61017364999995
6845,286,194.2171068500001,137.04031300000003
6846,286,216.04710970000036,204.97306337499998
6847,286,210.41262800000015,215.99795769999992
6848,286,178.11069822500008,273.77247019999993
6849,286,247.5138948750002,208.91739932500013
6850,286,226.65675972499986,280.276953425
6851,286,229.45888327500006,251.22124567500003
6852,286,323.4001793250004,260.05735659999993
6853,286,210.96333202500028,221.23535672499997
6854,286,216.88365837499995,213.56413407500008
6855,286,247.8324403500004,214.73786417499997
6856,286,274.18857792500035,262.0972598999999
6857,286,179.17584107500005,303.41857885
6858,286,225.92238100000034,249.750741425
6859,286,300.7343904750001,280.2256659249998
6860,286,251.89129830000002,223.74585942499985
6861,286,257.14760200000006,262.3410742750001
6862,286,224.57052767500005,200.01828077500016
6863,286,204.08575417499998,220.48541515
6864,286,255.75129405000004,186.95148502500007
6865,287,174.27495269999997,172.86370339999996
6866,287,206.7873247500003,201.231181825
6867,287,145.92056555000016,194.70173922499995
6868,287,169.28251982500004,187.90104099999996
6869,287,133.53619055000013,162.1260157499999
6870,287,228.77248847500036,206.8414945499999
6871,287,205.995780975,204.84043172499986
6872,287,271.5890377750003,227.48971639999982
6873,287,235.03576960000015,275.4724796749997
6874,287,234.79076522499997,209.19178757499998
6875,287,266.1273844750001,251.12617262499987
6876,287,326.6749944500002,246.52076677499997
6877,287,223.3047444000001,265.52078752500006
6878,287,253.59551980000023,259.49766685
6879,287,293.1209382750003,254.97136517499996
6880,287,251.98312317500012,306.619578875
6881,287,305.24790882499997,286.55417482499985
6882,287,274.58100040000005,320.21527319999996
6883,287,290.373655125,338.98734585
6884,287,285.22144945000036,253.14988315
6885,287,275.32995385000004,369.3691198749999
6886,287,269.7356873500003,254.21687224999988
6887,287,156.68510835000012,203.15749299999993
6888,287,158.68170937500003,163.74115047500007
6889,288,147.48802925,174.75635749999987
6890,288,132.8587461000002,129.64435567500004
6891,288,144.94967375000004,154.93263639999992
6892,288,178.58467470000014,183.4391338999999
6893,288,200.98407262500015,131.65637229999993
6894,288,156.77194002500016,217.02565559999994
6895,288,256.2584624000002,256.7133703749999
6896,288,244.65550480000036,269.94741787500016
6897,288,279.67078432500057,250.75008094999987
6898,288,297.97851020000013,271.61466462499993
6899,288,324.62342167500015,298.0215187999998
6900,288,394.12613697500024,309.12970397500004
6901,288,340.4880539500002,316.93931594999987
6902,288,288.121051575,259.5664279499999
6903,288,458.8552297500005,258.37141639999993
6904,288,329.4413280500004,325.0864753749999
6905,288,290.5057266750001,254.131144275
6906,288,253.53786150000002,288.4318661499999
6907,288,286.11770910000024,300.48706782499994
6908,288,390.12202309999986,303.21377655000003
6909,288,298.0248100750001,301.5114788499999
6910,288,279.09213952500033,207.17361209999999
6911,288,240.73576587499994,230.375814075
6912,288,200.14444347500006,147.27315830000003
6913,289,171.50761037500013,154.34921494999998
6914,289,132.25493260000007,148.6149986
6915,289,191.11624745000017,151.7058104749999
6916,289,156.54460180000012,221.0940657249999
6917,289,149.4227140999999,142.10923027499996
6918,289,216.78882150000032,194.4970144250001
6919,289,201.98504699999992,213.21812605000017
6920,289,173.34533642500008,245.2672948749999
6921,289,278.60933345000024,334.0644997249999
6922,289,221.08995364999987,325.92703304999986
6923,289,207.7021564500001,337.69142735000014
6924,289,296.9959431750002,329.13624552500005
6925,289,255.8872443000001,303.77416519999997
6926,289,371.89427395000035,345.32303652499996
6927,289,252.65932642500007,311.85818130000007
6928,289,388.79690922500004,337.42865362499987
6929,289,252.08461742499998,296.99981419999995
6930,289,287.65799012499997,249.36060272499992
6931,289,255.3341140249999,281.4171695749999
6932,289,262.91905527500006,315.5822104999999
6933,289,284.7602485250002,268.67248372499984
6934,289,213.94821492500014,215.01202029999985
6935,289,265.7751652000002,207.65149012500007
6936,289,285.3959156500001,152.97197252500007
6937,290,162.0709568999999,175.74153744999995
6938,290,154.84705035000013,166.95071730000006
6939,290,154.16155342500014,157.10054832499998
6940,290,166.02260967499996,146.35784857500005
6941,290,177.38723735000008,195.1908269
6942,290,251.14090059999995,186.13406542499996
6943,290,217.0259510750003,302.4726212999999
6944,290,244.37483597500005,249.82174092499986
6945,290,332.6913780000003,255.844689175
6946,290,304.8639524,287.75807425000005
6947,290,320.293488925,359.1742298999998
6948,290,416.8089207000005,363.0428426
6949,290,346.98922455000013,289.2384727
6950,290,302.9531862250001,280.1789616999998
6951,290,277.130030225,365.87191585
6952,290,342.96794494999983,332.546870075
6953,290,363.1155063000003,309.21777217499994
6954,290,352.02866997500007,424.57101779999994
6955,290,265.71041712500005,323.366062375
6956,290,285.439336475,315.2273840249999
6957,290,355.8397622750001,305.2482025749998
6958,290,241.47579062500006,255.86417199999983
6959,290,226.47027209999993,239.1331265999999
6960,290,207.93519712499995,193.0582057749999
6961,291,249.33265015000018,160.79484617499998
6962,291,153.78795949999997,175.34205050000006
6963,291,130.14950860000002,166.94712639999995
6964,291,152.82623660000016,174.997824225
6965,291,220.81647685000007,205.8947518249999
6966,291,206.69382215000013,150.63416995
6967,291,264.5988916000001,244.65609227499985
6968,291,245.3445958750001,250.4594759000001
6969,291,256.6506678250001,238.82808237499978
6970,291,262.6158187,314.5542017999999
6971,291,316.2652989000002,349.5258685499999
6972,291,308.5355312500001,206.83540647500007
6973,291,305.31487252500045,275.3592779749998
6974,291,345.7479329750004,285.57912357499987
6975,291,260.28338010000004,314.4797240499999
6976,291,395.23906625,263.82554795
6977,291,280.27954642500015,364.3977324
6978,291,321.67465240000024,189.02923090000002
6979,291,243.89846700000007,302.3659908250001
6980,291,264.8330226000002,352.35350512499986
6981,291,339.4977151000003,346.866523675
6982,291,253.9483213250001,220.4795643499998
6983,291,242.48684517500035,226.87999340000005
6984,291,219.1157161000001,210.8040934
6985,292,174.34799805000006,167.58781644999993
6986,292,184.34698559999993,162.46597665000002
6987,292,194.7602401000001,153.563098525
6988,292,136.590162675,147.0479406
6989,292,189.0243058499999,166.4224933
6990,292,221.91201437500004,216.82541402499993
6991,292,254.32871387500026,272.2848172999998
6992,292,252.36856065000006,227.31724404999994
6993,292,300.8090195500002,386.633749425
6994,292,345.56739930000015,315.2670213749999
6995,292,355.2201625750001,338.14341627499994
6996,292,305.6670150000002,296.57569027499994
6997,292,334.5446919500001,263.75448112500004
6998,292,301.1997319500002,357.64681714999995
6999,292,292.3005560000001,318.404942275
7000,292,294.27497270000003,273.8144179750001
7001,292,250.06620940000005,299.0297775999999
7002,292,261.18932602500036,325.77621437500005
7003,292,211.8764397750001,288.2382394999999
7004,292,241.24007897500024,276.8638938249999
7005,292,237.02894285000005,267.3649706500001
7006,292,230.49169387500004,195.686131875
7007,292,230.98631790000024,178.80482677499998
7008,292,213.88764502499984,182.64185989999993
7009,293,149.13286007500002,155.94029609999996
7010,293,176.46928874999998,179.42430530000001
7011,293,150.76447055000006,174.50317834999996
7012,293,158.79410052500012,168.24052019999993
7013,293,163.1098571000001,160.67614027499988
7014,293,223.30087157500026,236.10575850000004
7015,293,237.2379024500001,236.93033627499995
7016,293,277.5863221000002,228.40970685000002
7017,293,302.2289753,239.8422567249999
7018,293,269.03038007500004,270.066816975
7019,293,311.8261726000003,289.3160155999999
7020,293,228.4903329,268.0905359499999
7021,293,231.7744318249999,233.39707642499997
7022,293,305.44793315000004,287.66839500000015
7023,293,259.7768521250002,233.93820067499993
7024,293,259.2576903250001,243.088386625
7025,293,227.94274932500062,275.8812554
7026,293,248.89533240000014,271.0643552749999
7027,293,180.62765095000003,215.33077372499991
7028,293,333.2049696249999,279.8933383000001
7029,293,272.46813084999997,201.62657755000015
7030,293,193.3093258500001,179.12269922499988
7031,293,228.43422985000018,194.68666
7032,293,190.34609374999988,173.98198365000002
7033,294,141.58425545,189.8376216999999
7034,294,122.52242974999996,167.66074715000002
7035,294,166.20008412500005,192.12697442500001
7036,294,145.3166096,171.08200527499997
7037,294,153.0576894250001,190.28589667499995
7038,294,201.61370829999993,178.58573484999997
7039,294,218.76288307499996,191.55227649999995
7040,294,217.98810765000002,207.67438525000006
7041,294,262.0083557000005,256.2365500499998
7042,294,241.6873299,218.472615825
7043,294,273.62086527500026,347.7242678749998
7044,294,260.4908116000002,249.2280497249999
7045,294,228.05976672500015,185.85538367499976
7046,294,229.7720726500001,272.4870992249996
7047,294,210.15485869999998,221.52989587499994
7048,294,232.55983304999995,227.0594685250001
7049,294,215.5416895000002,248.63662909999994
7050,294,230.6467718500001,242.40088719999983
7051,294,250.44383337500045,222.72380410000005
7052,294,216.00021295000002,229.95160742499988
7053,294,273.6355814500001,204.72348692500006
7054,294,190.77103857499992,221.64112985000003
7055,294,156.8360485250002,158.70116739999992
7056,294,180.29556632500012,159.85708684999992
7057,295,143.03932617499993,118.961015675
7058,295,141.51320842500004,172.37792139999996
7059,295,146.02598177500008,194.75611419999998
7060,295,158.65259435000002,160.33632934999997
7061,295,165.95815572500013,150.04078174999998
7062,295,291.15220015,217.60281437499998
7063,295,211.5410707250002,267.61928335
7064,295,212.59054000000003,248.83278307499987
7065,295,260.75525092500015,238.9788349749998
7066,295,253.55939635000033,277.8993242249999
7067,295,215.37044132500003,279.13344307499995
7068,295,270.175706325,253.30714125000011
7069,295,306.7724462750003,287.1618072249999
7070,295,303.2663422249999,293.9286623249999
7071,295,274.6934514750001,283.7483174749999
7072,295,265.8755175999998,283.0640968
7073,295,225.82037735000011,274.93611032499985
7074,295,231.2677607250004,229.69286562500008
7075,295,262.882937375,311.3354529
7076,295,295.80051422500003,268.1084663999999
7077,295,265.57134390000016,224.03530167500003
7078,295,213.23131707500022,224.2238005750001
7079,295,229.9014179500001,204.87692629999998
7080,295,161.80890097500009,149.42410667500005
7081,296,160.04066310000002,191.67075384999987
7082,296,137.68345212500014,120.67393869999995
7083,296,147.2755448500001,147.99828464999996
7084,296,166.2472938749999,150.4173325499999
7085,296,164.92713582500022,175.44726757499996
7086,296,217.4070084000003,210.83311782499993
7087,296,215.8372466750001,206.3475793
7088,296,233.8785211,319.36814752500004
7089,296,255.62485262499996,224.15093659999997
7090,296,238.37364230000014,231.49911785
7091,296,261.5213411250003,295.082521425
7092,296,280.3151756000001,223.27788705000006
7093,296,333.1349662000001,350.35279159999993
7094,296,241.36185242500005,298.12753202499994
7095,296,291.0060121500001,277.0840766499999
7096,296,282.1762325000002,293.06060230000014
7097,296,305.86850432499995,283.86686622499997
7098,296,241.82536182500013,219.84136847500002
7099,296,257.0698730250001,219.71885487500003
7100,296,273.99996754999995,235.36944099999988
7101,296,257.05774387499997,223.99084970000007
7102,296,234.02705215000006,255.73527647499992
7103,296,174.410110525,222.403078425
7104,296,179.8970981000001,179.65216089999996
7105,297,160.03881290000018,152.113605425
7106,297,170.60366282500004,158.09608002499994
7107,297,134.91621632500002,124.75706692500003
7108,297,147.89347325000017,151.63735567500004
7109,297,168.44345735000007,172.29791422500003
7110,297,144.31885612500002,194.20427329999998
7111,297,201.5462529750003,233.11280390000002
7112,297,231.49876475000013,306.53472397500013
7113,297,310.00418857500006,361.4371604750002
7114,297,288.84390047500005,254.42052662500004
7115,297,344.02172517500003,263.59507232499993
7116,297,328.70998882499987,249.65550354999982
7117,297,294.79084755000014,258.6824299
7118,297,249.2923445750001,263.15362400000004
7119,297,236.6038561250001,285.7209349999999
7120,297,281.59504795,295.6040617250002
7121,297,241.73981480000026,191.65247809999994
7122,297,297.8301605500002,200.0276725999999
7123,297,285.83558517500023,231.78644034999988
7124,297,296.8298829500002,234.53998759999996
7125,297,253.67281565000025,250.66569587499993
7126,297,263.74026262500024,233.78376464999997
7127,297,207.39679172500007,169.590274975
7128,297,153.662329375,132.47905730000008
7129,298,157.27094927500002,174.82171879999993
7130,298,149.81458440000006,153.41546214999994
7131,298,131.69722802500004,142.9978379750001
7132,298,128.26042895000006,126.21740745000002
7133,298,183.69542212500008,147.519337
7134,298,206.4174928000001,197.66742204999989
7135,298,271.03855997500006,226.90504614999986
7136,298,308.5912170500004,270.33220417499984
7137,298,287.88762815000007,206.03290362499993
7138,298,291.03209352500005,324.67041047499987
7139,298,298.9339544999999,323.53241782500015
7140,298,267.03148682500006,291.07437234999986
7141,298,262.9730104999999,222.59621389999995
7142,298,274.7618629750001,286.2742871499999
7143,298,280.82066145000033,296.20890885
7144,298,227.76101960000028,294.767571975
7145,298,249.4251037500001,253.0286932499999
7146,298,218.8584181250002,264.30852182500007
7147,298,330.0395290500004,273.34047407500003
7148,298,264.92354582500013,275.5525761749999
7149,298,259.5945509000002,242.7592576999998
7150,298,230.25860300000028,218.3475677749999
7151,298,157.78443642500008,217.624404025
7152,298,169.9781407000001,186.38106614999995
7153,299,150.98323,150.68891145000003
7154,299,159.244927975,155.57633499999997
7155,299,157.4369487000002,162.154536775
7156,299,148.4130664000001,165.81187867500003
7157,299,184.49522290000007,181.63506614999983
7158,299,187.75562685000023,194.7613590749999
7159,299,220.5637251500001,268.9241708749999
7160,299,296.7489303750001,329.14857257499983
7161,299,279.4576847750001,261.1940765249999
7162,299,284.43359380000004,247.12282572500004
7163,299,264.28092232500023,368.1627826750001
7164,299,260.07330300000024,357.6204826999998
7165,299,316.8585496500002,225.3717612750001
7166,299,233.61303332499995,237.33854497499976
7167,299,237.18880770000004,229.37442007500016
7168,299,308.43415655000064,265.1767493750001
7169,299,248.3709930749999,284.8910044250001
7170,299,239.45603180000012,244.62771867499987
7171,299,259.26296922500006,285.37069325000016
7172,299,278.2105541500001,267.88022085
7173,299,224.91009872500018,223.50957812500005
7174,299,224.92376787499987,231.37414449999994
7175,299,172.848108325,190.1914354
7176,299,184.818158675,159.6309001999999
7177,300,164.13793817500022,194.223267675
7178,300,175.30148352500007,155.36902122499995
7179,300,160.70546645000005,181.35777359999986
7180,300,182.6061986750001,159.84279780000003
7181,300,202.17861820000002,178.021564125
7182,300,150.50678987500004,256.76607585
7183,300,248.60330017500013,218.99429194999988
7184,300,249.7173225749999,242.02096997499993
7185,300,224.00194665000004,244.48748242499983
7186,300,249.07310807500022,225.55927735
7187,300,226.61407962500004,302.2608167499999
7188,300,213.43653432500005,291.83299712500013
7189,300,250.42222077499994,243.54147017499992
7190,300,246.64323415000007,300.52584587499985
7191,300,225.61387867499997,265.32699197499994
7192,300,290.52813355000006,209.3095043500001
7193,300,268.2804795500001,219.707720875
7194,300,313.71251597500003,281.43052812499974
7195,300,216.6324457500001,260.96754315000004
7196,300,262.03175165000016,288.56027725
7197,300,203.76313,203.04791869999988
7198,300,202.73366785000013,166.43509604999997
7199,300,172.53408407500012,177.90990487499994
7200,300,189.4171248250001,174.34543119999998
7201,301,165.69803945000024,162.54934465000002
7202,301,141.83972565000016,157.722041
7203,301,114.41786262499997,127.67077180000004
7204,301,146.20977982500023,149.0541151249999
7205,301,183.59465829999996,182.292262375
7206,301,198.81665535000008,160.96104647499996
7207,301,219.784719,204.26482139999996
7208,301,200.56084357499986,195.20988962499996
7209,301,288.745359475,256.08243997500006
7210,301,226.36009845000024,302.43882354999994
7211,301,295.5496431000001,299.65976602499995
7212,301,285.04387072500015,297.3962997499999
7213,301,259.6738907000004,245.61553422499995
7214,301,222.55126050000013,243.60039579999977
7215,301,254.10097959999996,254.89065837499993
7216,301,201.59000229999987,257.9597300249999
7217,301,247.12209280000002,237.44164410000002
7218,301,250.01864009999997,228.11179722499998
7219,301,269.15965352499995,256.36680379999996
7220,301,191.663315,311.50265142499984
7221,301,218.96298410000006,262.49167142499994
7222,301,282.75062962500004,204.69877952500008
7223,301,190.44667402500005,173.52804129999996
7224,301,158.2047219750001,143.1136325000001
7225,302,116.88410179999994,139.168794025
7226,302,120.01286315000004,170.00765419999993
7227,302,136.7736230500002,125.1862242499999
7228,302,132.54898035000016,158.96303857500004
7229,302,142.61535972499996,171.86803827499995
7230,302,169.6370821500002,219.82260782499992
7231,302,231.1305997249999,214.94242084999988
7232,302,267.4012172250001,249.38939352499983
7233,302,309.71196927500023,239.0603800750001
7234,302,191.5302334000001,321.2985983249997
7235,302,302.56916667500025,247.64442742499978
7236,302,343.0597744749999,321.0638025999999
7237,302,297.827237125,368.65814445
7238,302,252.99687709999984,245.16052027499993
7239,302,278.0249201250001,307.8477918499998
7240,302,308.41678187499997,328.21700797500006
7241,302,263.18274355000005,274.6757288250001
7242,302,267.5704695000004,357.2853001999997
7243,302,249.90842922500013,267.6896017749998
7244,302,282.1347564,259.65959827500006
7245,302,244.74697435000024,234.25175259999978
7246,302,221.16069525000015,260.12888165000004
7247,302,237.94798087500027,191.49405557499995
7248,302,212.4683230000001,252.56637219999985
7249,303,87.06947802500005,159.21956
7250,303,160.30387532500004,108.43939622499991
7251,303,135.22261857500007,160.01240902499995
7252,303,135.98653697500018,185.53788294999998
7253,303,117.01347987500006,182.9263737749999
7254,303,180.01080007499985,203.62178169999993
7255,303,234.00650732500014,226.71054482499997
7256,303,270.8263894999999,253.86531777500016
7257,303,237.31803077500012,262.6878069499998
7258,303,302.6744496000001,216.37763362500016
7259,303,270.765938275,291.28694417500003
7260,303,271.862416125,312.963196325
7261,303,271.2587472499999,305.86603134999996
7262,303,330.11138322500034,243.23480982500004
7263,303,280.47122327500006,302.68048147499997
7264,303,249.01985845000004,200.59825415
7265,303,202.09335705000018,355.4341875749997
7266,303,280.15888250000023,244.484678375
7267,303,269.9541200750002,309.1620032249998
7268,303,263.75898807500016,294.5328862499998
7269,303,209.56198190000018,324.70456352499986
7270,303,221.10822867500013,241.18642109999996
7271,303,189.40703609999997,166.00244160000003
7272,303,175.41785487500005,151.17897365
7273,304,162.01494600000012,160.081704775
7274,304,144.276369075,139.5717075249999
7275,304,187.02460400000007,138.9206948
7276,304,170.55200995,164.28762054999993
7277,304,140.8497033000001,201.3342156249999
7278,304,201.19534225000018,199.8612874999999
7279,304,208.33442577500026,221.86297729999993
7280,304,226.36451970000002,254.70323729999996
7281,304,254.3831861000001,280.6499253999999
7282,304,289.78746830000006,304.39709874999994
7283,304,247.63839532499986,387.9083208249999
7284,304,311.0898855999999,276.15683780000006
7285,304,263.8356505500005,225.13559444999996
7286,304,328.9927705,255.1894795499999
7287,304,296.6952958500002,261.3508815500001
7288,304,248.58030475,221.62730187499983
7289,304,289.25449380000015,287.4232721999999
7290,304,221.5350092249999,276.24942250000015
7291,304,222.82101929999993,308.40438889999996
7292,304,249.8423405750002,213.15097652499986
7293,304,256.82856487499987,216.11349809999984
7294,304,231.85192162500016,221.20021732499993
7295,304,229.06467379999995,156.714118725
7296,304,193.30390365,135.921045825
7297,305,146.7531909500001,184.288135275
7298,305,152.57709965000026,139.10541529999986
7299,305,191.28016685000023,128.30588187499993
7300,305,140.95353185,159.56460779999998
7301,305,152.0764450000001,188.32210242499997
7302,305,224.96141232499997,155.15983597500002
7303,305,253.22613677500036,253.59590057499986
7304,305,295.343015475,303.94799012499993
7305,305,292.08703262500023,401.64971127499985
7306,305,324.3562598,304.8277179749999
7307,305,399.3566841750003,296.45470082499986
7308,305,255.6737145250001,272.5422236249999
7309,305,234.42679232500012,249.18309915000003
7310,305,358.08780692500017,244.453654325
7311,305,318.3624245500001,231.6502561
7312,305,234.17588057500018,236.42390177500005
7313,305,227.92482925,249.1079378499998
7314,305,269.6444642500002,283.5627011499999
7315,305,254.14301037500007,269.58644472500015
7316,305,241.08542207499983,223.05320084999997
7317,305,258.98708127500004,244.70653204999996
7318,305,228.71117305000013,189.1467239000001
7319,305,224.74516272500006,217.862422325
7320,305,166.32668467499997,165.60763067500008
7321,306,193.5337422000003,194.37568782500003
7322,306,132.19731080000008,155.51450585
7323,306,166.66557915000027,125.38419699999994
7324,306,152.68133737500006,128.48285932500005
7325,306,144.70698462500008,147.36484649999994
7326,306,177.60178127500012,223.26090082499996
7327,306,214.01548309999998,178.66056364999997
7328,306,302.8177512000001,271.67089234999986
7329,306,314.6957773000002,291.0731903249998
7330,306,315.16096475000023,224.88687574999997
7331,306,269.68639254999994,312.13487735
7332,306,261.147863575,305.8576484749999
7333,306,285.0931114500002,275.3075171249999
7334,306,260.9418691249999,231.40674385
7335,306,272.98587972499996,207.69336079999988
7336,306,299.5265542499999,265.450316125
7337,306,304.55141285000013,223.32834957499995
7338,306,242.31210812500012,252.62428219999987
7339,306,276.36846249999996,241.201600575
7340,306,254.4627589750001,180.66006189999987
7341,306,226.16689734999994,306.0401532499999
7342,306,204.0499290750001,236.44139599999997
7343,306,163.91714357500018,171.75346169999997
7344,306,181.41796232499996,155.95252597500001
7345,307,174.3263785250001,166.32106489999995
7346,307,155.56658117499995,174.54618472499982
7347,307,146.12030087500005,174.18198829999992
7348,307,143.56812587499996,150.42736449999998
7349,307,174.83311404999995,173.89207052499995
7350,307,168.0437738750002,164.97529984999989
7351,307,191.44353912499986,171.6483220749999
7352,307,273.42126082500005,226.8084577749999
7353,307,218.96019815000017,256.51986800000003
7354,307,280.7933978750002,280.8672106000001
7355,307,251.83224742500005,294.9943523250001
7356,307,260.84611984999987,224.100558225
7357,307,252.82738350000022,235.7845644749999
7358,307,243.21601459999988,220.08217232500004
7359,307,210.8296235750002,225.24855740000018
7360,307,236.30739577500015,226.06603530000018
7361,307,267.76335025000037,199.04625387500005
7362,307,265.4628157500001,217.22282915000002
7363,307,267.6558945250001,254.78351342499997
7364,307,243.89896727499996,253.9628366749999
7365,307,239.01401644999993,233.62199505000012
7366,307,218.42123340000023,159.79528219999992
7367,307,161.78716425,195.38406744999995
7368,307,163.89864657500007,168.93945010000004
7369,308,143.59801120000006,135.792865525
7370,308,137.76996590000005,148.18868955000005
7371,308,175.9054875500001,146.11501667499994
7372,308,137.8835450250003,151.18964802499994
7373,308,167.40696702500009,138.94955639999998
7374,308,142.4646911750001,189.20298934999988
7375,308,186.58968050000016,191.64878822500003
7376,308,211.42533382500028,167.68689725000013
7377,308,215.01778140000008,215.75125137499987
7378,308,211.78721932500014,306.79538157499996
7379,308,325.88363287500056,232.37458399999983
7380,308,264.5192349750001,268.9376502249998
7381,308,246.30697462500024,258.12518452500007
7382,308,245.20893132500018,260.24405679999984
7383,308,254.4127304000002,240.1866691499999
7384,308,208.313832725,275.5361702249999
7385,308,246.17981770000014,303.0827157499998
7386,308,297.5631513500002,273.1115002749998
7387,308,283.34276995000016,253.89367190000013
7388,308,273.15877635000004,237.023691525
7389,308,269.517578825,223.87604997499983
7390,308,216.29105675000002,192.8817332499999
7391,308,140.88836835000004,146.73634882500005
7392,308,169.36565100000013,149.88655219999998
7393,309,148.1331897250002,169.14888614999984
7394,309,170.71215850000016,147.3760057499999
7395,309,154.11238780000002,126.34622779999998
7396,309,166.7416877750001,181.68702194999995
7397,309,171.52153072500005,187.8610630249999
7398,309,168.68627507500003,187.66236907500002
7399,309,243.27666710000022,196.37892814999992
7400,309,271.54148065000015,227.44456535000012
7401,309,305.26363227499996,280.1540035749998
7402,309,287.10953670000015,282.9557734750001
7403,309,235.55420044999977,305.56049697499986
7404,309,272.4195214750002,318.4088553999999
7405,309,315.4312484750001,286.01330787500007
7406,309,255.55335100000016,327.83938029999996
7407,309,294.3949624250003,270.2916564000001
7408,309,358.72339537500034,254.46829957499983
7409,309,265.1278411000003,290.61948114999984
7410,309,299.20110320000026,312.104178925
7411,309,251.01376782500012,270.11748692499975
7412,309,281.25715570000006,210.89382692499998
7413,309,282.3277417500002,270.0904623749998
7414,309,251.97066207500018,263.0809790000002
7415,309,173.47960632500008,213.16976737499994
7416,309,192.20211520000004,145.32077327499996
7417,310,166.65055250000012,178.470642225
7418,310,168.83577447500033,126.52897012499993
7419,310,117.29664547500013,165.92201919999997
7420,310,137.98567615000002,132.93214755
7421,310,211.13192055000013,150.8017481999999
7422,310,226.35599372500005,199.31129142499992
7423,310,235.0036251750002,177.10183637499998
7424,310,230.1265679250002,318.93288349999983
7425,310,257.24837739999987,245.56740869999987
7426,310,249.66642712499998,238.26770659999985
7427,310,278.60887372499997,321.7632569
7428,310,320.78514040000016,365.07330897500003
7429,310,354.6684152250002,366.27260365000006
7430,310,326.6495665,341.8150817749999
7431,310,323.3776521750001,313.700449275
7432,310,282.7644591000002,387.1955107499999
7433,310,237.19087495000016,285.32033494999985
7434,310,281.5903665000002,299.07337394999996
7435,310,309.14368424999986,255.61935612500002
7436,310,250.67288725000023,290.5351761249999
7437,310,254.33787052500003,292.96120500000006
7438,310,231.59575345000007,265.3799498000001
7439,310,180.902626975,207.88990429999996
7440,310,199.67051857500027,176.7364589999999
7441,311,172.28932784999992,142.57538627500008
7442,311,150.15794832499995,156.91707762499993
7443,311,135.40791522500007,185.57381120000002
7444,311,164.61817285000018,122.82089792499993
7445,311,196.15548857500005,162.26536892500002
7446,311,216.78519595,169.068241375
7447,311,242.52721640000033,207.82023787500006
7448,311,184.5983577749999,285.1214097000001
7449,311,306.45865352500016,257.2259468000001
7450,311,358.0096595,270.38770315
7451,311,283.448780175,326.01682809999977
7452,311,297.4192473750003,328.8591459999999
7453,311,293.85754347500006,247.40584182499992
7454,311,238.7666614750001,279.6785505250001
7455,311,230.1034556750003,257.94570554999984
7456,311,316.49056965000005,280.6841791499998
7457,311,285.4208522500001,283.0809278999999
7458,311,269.7788532000003,246.63041654999995
7459,311,285.57830625000025,280.90318987499995
7460,311,260.0846261000002,279.32344672500017
7461,311,311.28489442500006,251.5482010499998
7462,311,219.41460412500004,196.1127896250001
7463,311,175.66670557500015,184.3495888
7464,311,150.0544608500001,185.44619589999996
7465,312,191.0992390500002,185.46357329999995
7466,312,136.55836997499995,148.47770964999998
7467,312,170.69155335000022,150.16224512499994
7468,312,173.36263020000018,147.63992302499997
7469,312,173.7512317,160.01323949999988
7470,312,241.19664777500003,190.72567214999992
7471,312,236.3870385250001,208.979808575
7472,312,259.27116020000017,294.07398807500005
7473,312,203.33223447500038,251.39082765
7474,312,291.2564296500001,226.69053812499976
7475,312,236.53709605000012,239.7891583000001
7476,312,285.3600073500003,289.16551815
7477,312,266.78688722500004,259.1567349249998
7478,312,303.50645940000004,290.20230649999996
7479,312,215.47342462499995,296.80449057500005
7480,312,295.19726437500015,229.333276625
7481,312,210.09895675,261.68868465
7482,312,245.83033849999995,267.09521064999984
7483,312,233.13208102499993,226.43499154999978
7484,312,216.00939312500014,280.58445272499995
7485,312,260.6198307750001,239.17955815000005
7486,312,213.06106119999993,158.93743662499986
7487,312,180.09006540000019,214.96686022499983
7488,312,183.4320953750002,187.51758417499997
7489,313,159.47806710000003,183.802018175
7490,313,174.18715530000017,206.771655725
7491,313,168.00801120000023,169.4198764749999
7492,313,234.9340208250007,152.41674740000002
7493,313,181.02663544999984,189.78354304999996
7494,313,204.87457770000017,185.7756595999999
7495,313,201.17707752500013,192.93938729999996
7496,313,213.57983574999997,256.9076552249998
7497,313,328.90438422499994,228.7891482749999
7498,313,300.8217063000001,306.28577925
7499,313,233.59736217500006,251.98707870000004
7500,313,244.34507972500006,283.5611476999999
7501,313,266.1733135750001,271.888105925
7502,313,237.06388377500014,242.41678329999988
7503,313,241.79812555000018,213.867956925
7504,313,198.4946611250001,200.67194619999998
7505,313,238.28447757499998,258.0969022249998
7506,313,228.3557223999999,302.7310270999999
7507,313,230.64325977500016,240.79288419999992
7508,313,266.23896272500014,259.297084925
7509,313,279.51109035,242.0933149
7510,313,201.18330950000004,166.35025037500006
7511,313,188.46396782499994,148.334989775
7512,313,182.04869947500006,196.34013549999997
7513,314,147.18704895000008,181.67562192499986
7514,314,171.5275793250001,152.01912382499992
7515,314,191.07686907500005,150.29423497500002
7516,314,166.5760290000001,181.59497270000003
7517,314,112.94211715000009,136.4579200499999
7518,314,206.80041690000002,174.44294462499994
7519,314,217.64011662500042,224.16755232499986
7520,314,235.5017356749999,217.6413394499998
7521,314,204.93766224999996,272.9897136999999
7522,314,252.33288570000013,299.5800450999999
7523,314,224.55713412500006,324.2958273999999
7524,314,158.25203037500003,264.26788414999993
7525,314,279.87085957500017,215.15300555000016
7526,314,241.25057297500018,253.3872404
7527,314,243.43453150000005,215.8753314999999
7528,314,198.38238597500012,239.1419629749999
7529,314,214.11514442500015,178.2463139499999
7530,314,244.79577962500022,243.4371327499999
7531,314,216.31173380000027,247.69859129999986
7532,314,181.0111825250001,306.54758142499986
7533,314,268.4798358500001,208.99260054999996
7534,314,237.12330682500016,203.688759
7535,314,163.068364175,137.23569649999993
7536,314,181.15382647499996,187.38433522500006
7537,315,210.22926607500006,189.01537565
7538,315,191.38657442500005,165.92662615
7539,315,138.84567154999996,155.13364077499992
7540,315,147.03864197500013,160.40426724999998
7541,315,137.96414307500018,174.4766828999999
7542,315,144.977396925,191.71182975
7543,315,229.15640932500003,263.3338053499999
7544,315,192.908543975,191.98248015000007
7545,315,235.6902856000006,295.84850074999997
7546,315,277.89408607500013,235.07135387499986
7547,315,262.9485234000001,253.37796049999997
7548,315,250.86729337500017,247.16225240000009
7549,315,190.46022827499996,216.1704335499997
7550,315,222.14986392500035,266.640812375
7551,315,221.5381743000001,244.11508457499986
7552,315,212.40545890000033,220.458253975
7553,315,233.9457942,184.57510042499996
7554,315,221.15442292499984,186.67627924999988
7555,315,249.13602822500013,254.68449339999984
7556,315,228.92463655000023,277.92038812499993
7557,315,230.79169369999988,250.665335025
7558,315,222.8279620250004,226.145538525
7559,315,167.9932225500001,236.28472167500001
7560,315,129.98104462499992,179.67279999999997
7561,316,147.9255008,157.72816650000004
7562,316,142.05316770000022,135.60569754999997
7563,316,142.640882125,130.97068782499989
7564,316,147.69728472500015,124.97474030000006
7565,316,187.738424825,177.50949314999994
7566,316,202.69019105000012,230.88318774999988
7567,316,246.89999015000006,220.64223422500004
7568,316,175.669605575,239.55854327499998
7569,316,282.2899673500001,223.3919102249999
7570,316,260.135516,257.0493884750001
7571,316,316.51386467500015,239.0801414
7572,316,340.6222074250002,300.2026687249999
7573,316,231.56601675000007,289.14000822500014
7574,316,272.3270021750001,269.9535567749999
7575,316,222.90574742500002,276.0396229249999
7576,316,246.04112907500004,293.967879475
7577,316,256.22086790000003,224.74060062500004
7578,316,277.2654953250003,290.04565395
7579,316,322.0071602749999,284.44031702499996
7580,316,196.39592935000002,269.69518724999995
7581,316,190.90609537500006,221.854301325
7582,316,218.302672075,228.5513092749999
7583,316,207.8320444499999,193.3424167249999
7584,316,158.7890159250001,153.00754545000007
7585,317,165.65620335000006,200.68588672500005
7586,317,182.21610685000002,160.990976425
7587,317,140.98543820000017,148.84987517499997
7588,317,151.70126052500007,167.77951657500003
7589,317,136.300209425,204.1561649249998
7590,317,208.07830710000007,230.28012419999985
7591,317,227.4670285500001,225.45569382500003
7592,317,239.29777225000015,276.1723831249999
7593,317,324.00266130000006,288.56633877499985
7594,317,369.188423025,231.61775364999988
7595,317,294.8157130750002,201.57716232500007
7596,317,275.0398216250003,275.775576525
7597,317,300.1267482500002,330.6116130999999
7598,317,267.30979175000004,341.17650412500006
7599,317,251.2054212250004,253.11253432499996
7600,317,296.72355904999995,288.5029306
7601,317,279.5180064500002,278.63447347499994
7602,317,265.9924223250001,271.9840563999999
7603,317,272.044635125,203.33324342499992
7604,317,250.9632952250001,302.8789468749998
7605,317,263.2244174250002,259.2987364499999
7606,317,204.87892955000024,207.81424459999988
7607,317,189.2355310000001,226.1613541749999
7608,317,174.62341672500006,149.69715790000004
7609,318,189.43922894999994,127.43893670000003
7610,318,168.90323210000017,120.6515829
7611,318,138.91046462500003,156.10493467499995
7612,318,176.86501070000003,149.55080809999987
7613,318,215.56279790000028,142.89785064999995
7614,318,194.8287835000002,134.72380277500002
7615,318,201.21284285000013,195.90398504999996
7616,318,259.40869805000005,200.44663084999985
7617,318,281.08865615000013,257.85980985
7618,318,283.6861428750004,292.79994864999986
7619,318,334.96250782500005,303.33279089999996
7620,318,286.765246825,287.85661065
7621,318,263.85438447499996,294.09371017499984
7622,318,243.1456213500001,260.24250202499985
7623,318,278.2736487250002,244.84111457500006
7624,318,224.38252422500022,211.0110724999999
7625,318,231.66617632500015,289.189076375
7626,318,221.50721982500056,255.00944212499985
7627,318,292.49056635000005,310.5409362500001
7628,318,237.31722285000006,269.76359014999986
7629,318,288.5439890250002,248.39354344999987
7630,318,197.8491598,243.8564918999998
7631,318,192.21418512500009,165.4234515499999
7632,318,173.337445075,188.62184252500003
7633,319,107.36984520000007,146.96913399999994
7634,319,145.39822462499993,148.22993144999992
7635,319,152.77404145000006,146.82942624999998
7636,319,155.7462135500001,167.66285379999994
7637,319,147.64861210000015,141.31540634999996
7638,319,190.0488700000001,224.05658424999987
7639,319,220.59533242500007,276.4472893999998
7640,319,251.3770458249998,262.4682730499999
7641,319,253.47748967500007,271.2115586000001
7642,319,245.2220695000003,395.41616727499985
7643,319,268.58757055,286.94224429999997
7644,319,303.8850797000001,263.0724093500001
7645,319,250.58375077500006,248.30809770000008
7646,319,198.7199032000001,324.28821185000004
7647,319,315.65799364999987,230.3131104750001
7648,319,264.18264547499996,245.6916368499999
7649,319,235.39232325000012,244.12274642499995
7650,319,297.7933076000002,327.08832617499996
7651,319,242.97749092500004,222.1007154749999
7652,319,302.40513810000004,283.6212537499998
7653,319,248.9728461750002,276.41936484999985
7654,319,246.1048454000001,208.24541222499994
7655,319,226.22834122500015,205.05736182499993
7656,319,161.054817325,176.82378477499998
7657,320,147.6880091000001,140.83506289999997
7658,320,169.2286276500002,137.4801725
7659,320,133.9198456,144.597171125
7660,320,183.6026304,159.07695902499992
7661,320,179.824842425,165.72995989999998
7662,320,179.8689976749999,185.46470764999995
7663,320,249.69633380000005,269.1469941749998
7664,320,210.7040655250002,257.7557445499999
7665,320,296.30426635000015,275.70644292500003
7666,320,336.0383470750002,301.56153145
7667,320,260.4322529,320.9505213250001
7668,320,263.0546496749999,286.873423625
7669,320,250.36111925000057,258.6306873249999
7670,320,272.6574411500001,294.1189823750001
7671,320,271.70793715000065,257.13860242500016
7672,320,210.49448854999997,261.485522
7673,320,314.28048095000037,233.7205848499999
7674,320,246.4253571750001,286.4553936499998
7675,320,241.4692131250003,335.2601478749997
7676,320,240.6747095500004,292.7369676249999
7677,320,263.7502877,277.3981306749997
7678,320,202.04829180000002,223.214882625
7679,320,196.00775175,135.18395985
7680,320,181.20420960000004,202.99105017500005
7681,321,189.6024509250001,152.25436104999994
7682,321,157.39157470000015,151.81299384999994
7683,321,128.83841819999995,166.95795675
7684,321,186.69249425000015,144.44379064999995
7685,321,197.90132882500006,198.62690012499996
7686,321,196.19476822500005,172.70274125
7687,321,212.43610937499986,242.87703664999995
7688,321,259.81571247500017,188.73792699999996
7689,321,269.28451727500016,235.24058630000002
7690,321,326.08348837500046,275.2069585250001
7691,321,289.7501226000003,215.25864390000012
7692,321,298.88779035000005,279.04357444999977
7693,321,223.98596679999991,232.4651202
7694,321,201.93565595000027,251.04590009999993
7695,321,218.6698684999999,280.82898820000014
7696,321,220.19886327500006,238.95614912499985
7697,321,224.83999677499997,201.63954059999992
7698,321,271.43745134999995,222.17271192499993
7699,321,299.6325167749999,265.4979340499999
7700,321,277.2678680500002,239.9180444249999
7701,321,181.1137934000001,233.79984302500003
7702,321,198.01705362500022,193.726979525
7703,321,162.59209762500006,171.55055587500004
7704,321,139.11841447500007,156.19646622499997
7705,322,133.47558372500006,164.73304685
7706,322,118.89265342500002,128.94636425
7707,322,138.21948130000015,150.08785734999995
7708,322,171.33409335,153.437443675
7709,322,185.94826805000002,134.21101365000004
7710,322,205.94263757500005,145.31056732499994
7711,322,164.979673075,158.36132327499996
7712,322,243.58675765000015,240.4366480999999
7713,322,191.70756839999993,198.0009742000001
7714,322,292.25667822500026,254.06426850000005
7715,322,222.13853262500032,256.22761047500006
7716,322,267.11487705000025,228.78856962499998
7717,322,181.68190437500002,189.66316115000006
7718,322,204.33699535000025,204.43295485
7719,322,236.52649802500002,207.93555019999997
7720,322,217.741640325,212.15022827499993
7721,322,216.975612375,194.72895887499993
7722,322,269.39435050000003,240.7649848499999
7723,322,235.14948092500026,203.05717005000002
7724,322,268.63067867500007,250.5143678249998
7725,322,256.6971224749999,283.966228375
7726,322,224.48502655000013,155.96601644999998
7727,322,171.39928455000012,188.86978549999992
7728,322,138.52733962499997,137.05902787499997
7729,323,143.72130470000002,141.3551461999999
7730,323,171.2129236,117.818977575
7731,323,136.21889467499997,129.616796725
7732,323,138.4453003000001,118.05897754999998
7733,323,198.8633841750001,164.65899837500007
7734,323,229.05004969999993,142.24693465000001
7735,323,227.0960431000002,257.40070497500005
7736,323,227.39353197499997,258.77483394999973
7737,323,236.63294640000032,279.9154176249998
7738,323,285.6711510000003,299.7595828000001
7739,323,238.7355402500001,300.13829157499987
7740,323,306.7337646500007,299.50902035
7741,323,293.7701736749999,280.5172043
7742,323,238.6940859499999,270.4156911249999
7743,323,296.621585825,268.4363530249999
7744,323,249.01645969999998,244.97253804999997
7745,323,254.152518325,320.08774679999965
7746,323,318.841654275,252.74559982499994
7747,323,236.3737238249999,242.60951112500004
7748,323,293.8059933499999,259.8335019750001
7749,323,298.7007710000002,251.78591337500012
7750,323,226.10523832500022,165.13473794999993
7751,323,171.9190805750001,190.4022234999999
7752,323,224.81376402500004,180.88131217499998
7753,324,140.49709692500002,119.93838285000004
7754,324,151.89953375,138.43347799999987
7755,324,145.25221315000005,140.48897525000007
7756,324,153.98090272500016,173.33930287500007
7757,324,187.69271435000002,195.77065859999993
7758,324,214.4678049000001,173.59797229999998
7759,324,240.25637252500016,251.72073089999998
7760,324,304.6881637250003,263.88363775000005
7761,324,234.22625692500014,295.889866075
7762,324,319.6757087000001,230.55059065000012
7763,324,247.23663380000028,269.68883662499996
7764,324,264.144385025,292.00313937499993
7765,324,344.04497277499996,308.4484704250001
7766,324,290.954082675,311.5156819250001
7767,324,247.8980137249999,268.3620544249998
7768,324,281.64944687500025,251.96981677500003
7769,324,179.7523710500001,272.26199962500004
7770,324,266.10321380000016,281.558621375
7771,324,285.8391759000003,306.43272502499997
7772,324,218.05227130000014,209.42071392499986
7773,324,300.4728824750002,227.19096055000006
7774,324,273.78433715000017,283.08319692499987
7775,324,161.2870835500001,203.78706992499997
7776,324,178.96310152500007,123.737748125
7777,325,135.44993040000003,177.92858712499992
7778,325,149.5179811,179.57473557499995
7779,325,141.21088722500002,142.45957362500002
7780,325,161.79595200000006,147.23834085000004
7781,325,174.799129375,147.87640304999996
7782,325,218.65889850000005,209.864295475
7783,325,166.03149535000003,259.33080485000005
7784,325,246.501505225,234.94067772499997
7785,325,200.0514549749999,252.96577967499982
7786,325,279.36617082499987,285.3103494250002
7787,325,317.55317607500024,300.4984545
7788,325,230.02588910000011,307.9336536750001
7789,325,187.86935250000016,289.5789176499998
7790,325,324.8702970250001,215.88221520000013
7791,325,222.37002915,208.3497340250001
7792,325,257.1090055499999,217.73134737499998
7793,325,210.31189037500002,238.3844232499999
7794,325,213.74227000000013,185.706485525
7795,325,284.13060620000016,284.71966552500015
7796,325,284.6016016500001,237.34711354999996
7797,325,240.3286161249999,268.195630575
7798,325,256.3473314500002,260.0317954249998
7799,325,163.86519199999995,178.45283607500005
7800,325,146.11421412500016,147.07585814999993
7801,326,143.24931872500005,141.92863260000001
7802,326,167.68875550000013,171.19427309999998
7803,326,177.35832045000015,153.50703280000002
7804,326,170.18135475000017,165.69709062500002
7805,326,166.08708265,147.19954369999996
7806,326,185.87328727500002,223.1707022
7807,326,208.07136012499996,205.4806512249999
7808,326,233.29189557500015,219.74459549999995
7809,326,229.60986375000027,179.7044909999999
7810,326,242.75004232500004,230.78949590000005
7811,326,310.1849547249999,291.08990195000007
7812,326,246.20558499999993,288.6107123749998
7813,326,242.73900762500008,218.44768982499994
7814,326,212.49864147499989,238.82462835000007
7815,326,234.20176895000003,185.11782597500002
7816,326,188.29323120000004,206.93896285000002
7817,326,185.10117065000023,149.85674957499995
7818,326,224.07999592499985,223.631915375
7819,326,217.1996617750003,254.66330750000003
7820,326,182.90106947500038,256.8658854249999
7821,326,196.2183572,177.4529857999999
7822,326,186.59686909999996,164.39446494999999
7823,326,188.2241463250001,177.12939125000003
7824,326,151.6434061500001,138.33467482499992
7825,327,159.59034879999996,126.79444657500007
7826,327,159.01901207500012,150.0772079
7827,327,154.23900407500008,144.20795197499996
7828,327,129.5336946000001,121.26285244999991
7829,327,139.20319742500007,114.58190667499991
7830,327,215.66612915000002,161.65375890000007
7831,327,210.15227065000016,169.3139197750001
7832,327,240.3261257000001,224.27111034999996
7833,327,284.4449706500003,218.74681827499984
7834,327,259.56591177500025,225.96901647499988
7835,327,255.30806207500004,275.672542625
7836,327,212.90003359999994,230.32659369999988
7837,327,217.20962284999993,203.07735392499978
7838,327,246.63945200000012,208.86972774999987
7839,327,191.15953970000004,246.23639417500004
7840,327,179.7094397749999,275.43334297499996
7841,327,212.52915294999997,209.7439178999999
7842,327,214.57843275000025,242.20998314999997
7843,327,237.4157214750001,237.61969622499993
7844,327,242.08842037500023,242.75104469999997
7845,327,234.1665967499999,169.98052134999995
7846,327,196.27671510000022,207.892872275
7847,327,235.80244822500015,174.900618625
7848,327,165.66279707500001,212.1895601999999
7849,328,172.69214632500012,158.83118370000005
7850,328,148.93992070000002,144.02030989999994
7851,328,172.82484842499997,152.88537635000006
7852,328,154.8164905750001,139.84844647500006
7853,328,170.92155989999998,139.60428277499994
7854,328,145.68097562500006,167.7835351
7855,328,204.57421910000016,194.41202277499988
7856,328,240.3737022499999,186.86152737500004
7857,328,161.3545883999999,251.13145222500003
7858,328,287.61774902500025,248.97104302499994
7859,328,219.02744842500016,286.0572933499997
7860,328,242.49905607500014,259.44574739999996
7861,328,197.0843785250001,235.90977157500004
7862,328,220.1321639250001,257.34300627500005
7863,328,268.94290895000006,233.71595970000007
7864,328,204.50768625000012,197.323307925
7865,328,186.50697182499988,223.00429682499993
7866,328,272.0210468500005,294.1342486499999
7867,328,228.83362467500012,255.1318521999999
7868,328,182.61232094999997,280.3543409249998
7869,328,261.7385793750001,201.58574782499997
7870,328,189.11305852499999,181.102274275
7871,328,200.7476281750001,185.2620186749999
7872,328,133.96320882500004,137.90377449999994
7873,329,149.19322399999996,157.5916621749999
7874,329,103.89534262500004,141.08368805
7875,329,123.13502922500001,124.21382102499992
7876,329,168.8369102000001,153.15243652499998
7877,329,142.53512990000013,125.48881534999998
7878,329,118.13664270000021,195.58379492499995
7879,329,194.48830105000013,137.98913335000003
7880,329,171.09182565000012,181.4800793
7881,329,198.60806410000004,167.86705389999992
7882,329,229.64213197500007,282.2116261250002
7883,329,292.90623692500014,236.7613405499999
7884,329,248.70350209999998,217.01682157499994
7885,329,172.7143622000001,279.88470442500005
7886,329,238.80570307500022,211.60294535
7887,329,237.88709790000001,174.02266040000006
7888,329,215.37821725000015,148.6668916000001
7889,329,212.32135625000018,187.36886212499988
7890,329,322.7020470750001,265.59828144999994
7891,329,234.5694976000002,272.5372193249998
7892,329,149.07997350000016,240.79108519999988
7893,329,278.03149692500045,247.65131594999994
7894,329,230.16715682500018,282.79981725000005
7895,329,197.49495837499992,152.0590153
7896,329,187.7461780000001,138.637924425
7897,330,133.26516987500003,133.61090317499995
7898,330,142.2559652750002,153.39319060000003
7899,330,127.34362165000009,175.23938519999993
7900,330,163.83780107500007,130.5445801749999
7901,330,165.37319587500002,181.3636792499999
7902,330,174.33228200000002,189.88531104999998
7903,330,232.55789497499995,312.095576475
7904,330,235.57783612499986,206.52787922500005
7905,330,192.64982895000009,304.72957787499996
7906,330,342.9889734250007,298.190801575
7907,330,242.16772272500003,239.65819535000008
7908,330,319.6444918000001,271.65488952500004
7909,330,301.7535763500004,310.01030489999994
7910,330,239.64328577500004,305.09080665
7911,330,215.29867005000017,283.5347517000001
7912,330,258.5971340750004,291.2482863749998
7913,330,232.08649290000005,295.2161572000001
7914,330,261.31415370000025,240.79702400000002
7915,330,283.732795775,240.70193770000003
7916,330,261.7841646250002,264.972330825
7917,330,247.11554742499996,206.40915599999988
7918,330,213.16003915000007,215.48192749999987
7919,330,214.7147458249999,185.035122175
7920,330,188.45723305000007,143.30794917500003
7921,331,169.39157647499994,156.48856312499998
7922,331,139.8333186500001,135.09938017500002
7923,331,164.28184930000003,156.2138447499999
7924,331,173.1574772500001,186.818805725
7925,331,198.67183100000017,198.44734824999992
7926,331,186.41462594999996,258.061696525
7927,331,276.59845680000046,219.3176427749999
7928,331,289.38845925000015,226.41688244999995
7929,331,251.6332802500002,271.8225895249998
7930,331,308.1573857750001,296.8086497250001
7931,331,313.1240815499999,279.82083012500016
7932,331,317.01755222500014,299.83122042499986
7933,331,256.8420515500001,345.322916975
7934,331,256.2419802750001,270.9315995750001
7935,331,278.9304285249999,287.3145240499999
7936,331,314.24109834999996,313.78893265
7937,331,266.5210691500002,340.5311680499997
7938,331,285.47342437500004,223.7380781249999
7939,331,250.36556427499994,256.9925222999999
7940,331,254.58959067499998,300.2162009500001
7941,331,216.4140047500002,201.8575444000001
7942,331,227.6246591250002,245.3567787
7943,331,229.37149175000002,209.1904612749999
7944,331,153.20801614999993,204.5683102749999
7945,332,162.42394592500017,198.6448441
7946,332,166.11765045000007,184.51142154999997
7947,332,156.6325161,133.32195220000006
7948,332,185.9597675,207.17683857499995
7949,332,180.30040527500006,227.61941532499992
7950,332,224.34010485000005,176.22394844999997
7951,332,220.49484264999984,208.14616304999993
7952,332,271.3916477750002,212.94950939999984
7953,332,251.11215944999998,315.68912994999994
7954,332,273.9940996250001,301.91288529999997
7955,332,306.67593290000025,360.12440097499996
7956,332,308.5319493500002,281.1385923999999
7957,332,233.23045282500027,326.0290750999999
7958,332,319.14213747499997,280.6134269249999
7959,332,276.3611809250001,240.1980397499999
7960,332,234.81963805000015,219.50990097499997
7961,332,220.61737797499984,239.02959892500013
7962,332,271.40777135000025,263.10090032499977
7963,332,331.6584648750003,224.72378957500007
7964,332,286.5941344000002,256.8605363999999
7965,332,246.30255229999997,208.096829425
7966,332,265.463610125,185.8621585249998
7967,332,182.90275030000026,216.76199254999992
7968,332,218.9417098750003,141.2458760499999
7969,333,142.18450984999998,149.82013499999994
7970,333,157.27005635,186.94347569999985
7971,333,136.04204995000006,152.78856140000005
7972,333,171.9568140250003,147.82680722500004
7973,333,178.4420573250001,193.89140802499998
7974,333,247.474920875,184.02652184999994
7975,333,238.56913245000007,248.46274375
7976,333,254.90101344999994,316.21668347499974
7977,333,246.2914054000001,287.211599075
7978,333,277.2650950999999,316.7851214499999
7979,333,279.32213202500037,260.41307605
7980,333,353.4651828,255.45965777500007
7981,333,285.29439607500024,260.835580225
7982,333,246.71037705000003,301.29661954999995
7983,333,240.3089032000002,217.43675425000006
7984,333,285.6372395249999,239.11318037499993
7985,333,275.23972035000014,262.762401825
7986,333,241.20124072500005,254.33516237499995
7987,333,290.17807777500013,299.7527245499998
7988,333,277.4552548500001,265.3060186749999
7989,333,250.29192737500003,246.54345515000006
7990,333,279.4908130750001,227.89325607499975
7991,333,205.04800707500002,166.80439494999996
7992,333,178.7926124500002,180.35996807499995
7993,334,157.2292673500002,172.91474565
7994,334,141.50553387500008,178.3074391
7995,334,168.52070257500023,141.48112630000003
7996,334,173.10384742500003,150.11399915
7997,334,161.26937202500017,140.20874414999997
7998,334,193.458100925,219.85450522499985
7999,334,235.47615452500008,285.46712587500014
8000,334,297.6063499000002,210.50565064999995
8001,334,294.49076012500007,343.77683564999984
8002,334,241.9474384749999,348.99659892499994
8003,334,329.2337635750001,302.188079975
8004,334,381.4252335750001,256.94118687499997
8005,334,280.0289549500001,228.57731022500013
8006,334,270.57321697500004,193.063731575
8007,334,201.36927077499996,303.50224004999995
8008,334,216.95751565000006,290.0200962749999
8009,334,227.67504512500005,211.13593829999996
8010,334,232.2363789000001,254.1823772499998
8011,334,233.15857162499987,227.37572747499996
8012,334,243.3223592000002,219.70388405
8013,334,220.82162870000008,241.45823757499994
8014,334,182.6304265250002,234.82231555
8015,334,213.6373189250001,210.77934179999994
8016,334,134.40925785,181.55399622500005
8017,335,124.68112750000006,134.722340725
8018,335,176.54329287500013,163.68656385000003
8019,335,169.72206720000005,129.3014213749999
8020,335,147.97999730000004,157.584456875
8021,335,190.50195017500016,169.87727382499995
8022,335,213.55524822500018,161.33339007499995
8023,335,207.37189187500007,194.32732245
8024,335,164.9073324000001,186.79145582500007
8025,335,242.6836898749999,216.49679402500004
8026,335,242.00514515000026,208.15895567500013
8027,335,269.32438257500024,326.304301025
8028,335,285.0489806750001,284.451579575
8029,335,297.9973919500002,273.3374107749998
8030,335,203.77464145,228.78878417500002
8031,335,245.3294564250001,261.3223269749999
8032,335,235.58795027500003,231.49737054999994
8033,335,275.494263525,220.3256682249999
8034,335,226.77232557500008,235.67814122499988
8035,335,298.45748217499994,212.74042577499984
8036,335,238.99900612500008,254.4873006749999
8037,335,206.5449307500002,233.688454675
8038,335,183.61799252500003,229.68924430000004
8039,335,171.76242240000005,244.4052089249999
8040,335,172.75296977500005,159.54571712500007
8041,336,148.49449642499997,153.78594395
8042,336,150.98789822499992,175.0405936749999
8043,336,147.73147212499998,148.75433312500002
8044,336,164.90886167500003,147.27995255000002
8045,336,147.81096307500013,168.96353192499996
8046,336,180.42222117500046,170.96081350000003
8047,336,184.65770759999995,189.926277625
8048,336,223.51694552500004,241.39476619999994
8049,336,207.3297647,244.30499255
8050,336,277.24186305,210.35226092500005
8051,336,270.14922452499997,326.84676679999995
8052,336,252.81110469999982,299.587111125
8053,336,244.34310870000007,267.0281581999998
8054,336,219.28110682500017,242.54426837500006
8055,336,232.5533770250003,204.95028945000007
8056,336,206.02712975000014,204.21845257499984
8057,336,256.93098499999996,289.10318267499997
8058,336,254.13225112499998,211.65574775000013
8059,336,231.6808093749999,234.91983342499992
8060,336,217.87481600000015,230.981775475
8061,336,227.57957490000018,214.8577181249998
8062,336,213.9920715249998,215.32652054999977
8063,336,205.99566707500009,181.78489769999993
8064,336,166.27766652500026,140.22276712499996
8065,337,140.50030147499996,136.55172735000002
8066,337,149.85838702500013,147.31403519999998
8067,337,131.4723858,162.2233274749998
8068,337,151.29956155000002,166.30863182500002
8069,337,155.7418869750001,212.49751074999998
8070,337,229.68655785000016,194.55681909999993
8071,337,264.44028555000006,218.335791475
8072,337,247.44691745000011,236.09526242499982
8073,337,261.1546850750001,298.2756282249999
8074,337,250.872348475,325.6166556499998
8075,337,277.7024831999999,256.51895977500004
8076,337,232.66871590000025,229.21630634999983
8077,337,272.22977284999996,247.16300897500003
8078,337,243.82097800000022,301.7581823249999
8079,337,255.6058674250001,315.6345205499998
8080,337,314.3213974500006,245.7608462999998
8081,337,259.9830430500001,259.09187247499995
8082,337,334.76344625000036,269.1686509999999
8083,337,289.0665340000003,311.2146317249997
8084,337,246.35300307500026,324.208853125
8085,337,236.34375727500012,229.07367460000006
8086,337,207.72942929999996,254.97664784999978
8087,337,159.677597825,220.41031040000007
8088,337,141.95893352499994,151.57640107499984
8089,338,139.46771025000004,149.91775619999996
8090,338,152.1220087250001,186.11251974999988
8091,338,147.86091807500014,144.22161595
8092,338,167.88159995000007,146.85072264999994
8093,338,172.42334977500008,148.45981639999994
8094,338,210.73788360000003,259.427408625
8095,338,180.66159712500007,238.79503062499998
8096,338,260.480441125,305.2528162
8097,338,238.92165592500012,252.23893129999982
8098,338,278.2681991000005,229.686820375
8099,338,302.6647247750003,318.93021150000004
8100,338,266.12004107500013,296.29431762499985
8101,338,310.0254901500001,326.25627505
8102,338,297.793168625,256.1624312749999
8103,338,268.0696718750001,302.6753915249999
8104,338,216.82271332500022,277.2913105000001
8105,338,267.02731377500004,203.47092035000003
8106,338,255.87198340000003,273.33651232499994
8107,338,278.53321499999987,262.17633679999983
8108,338,224.78841072500035,313.842716225
8109,338,241.35378335000001,269.40016330000003
8110,338,278.15943855,288.4386567749998
8111,338,227.70224532500012,168.77851825
8112,338,169.1370819250001,208.23394087500003
8113,339,182.5495707749999,192.97659652499993
8114,339,221.242019025,157.20993164999996
8115,339,172.2651577000001,164.100837775
8116,339,164.06276987500007,157.94851225000008
8117,339,196.221707225,150.24587087500004
8118,339,201.30235552500002,166.43441252499986
8119,339,217.27656022500014,241.87818879999992
8120,339,205.9645174750003,249.50165379999993
8121,339,224.43911532500024,286.08810689999996
8122,339,311.1044514500003,242.6396994750001
8123,339,227.83698232500006,273.4161864
8124,339,327.65591387499995,352.55566032499996
8125,339,285.95653292500015,278.49369875000014
8126,339,206.44760237499992,290.07783892500004
8127,339,230.05814254999999,320.5391692750001
8128,339,267.657522375,231.98347677499996
8129,339,207.2247136000001,245.9469392
8130,339,338.67982855000025,299.5872721249999
8131,339,272.730176575,309.3676898250001
8132,339,296.1060350250003,281.12073104999996
8133,339,292.30659490000005,289.4627552500001
8134,339,203.72959782499981,255.45164192500002
8135,339,247.10062275000013,183.33028712499998
8136,339,173.22014187500008,158.9777616249999
8137,340,194.22013410000005,168.70039177500007
8138,340,218.02408372500008,219.53564994999996
8139,340,156.05638489999995,196.80066989999995
8140,340,154.16030875000013,147.29681014999994
8141,340,214.945124125,202.98873069999988
8142,340,243.16456327500003,187.07193189999998
8143,340,178.8880076750002,222.20076745
8144,340,198.42233199999993,229.96637084999998
8145,340,288.5115646250001,298.92308729999985
8146,340,295.8773551750003,291.79333752499986
8147,340,321.33283792500015,290.8623710749999
8148,340,261.27382710000006,268.00925752499995
8149,340,264.58235605,267.5341958750001
8150,340,211.16804172500036,261.88649854999994
8151,340,213.2895752000001,263.3985374749998
8152,340,238.23382690000008,251.69451447500006
8153,340,236.31694,244.17114067499995
8154,340,300.7314915750002,227.04296077499993
8155,340,303.37028432500017,247.82876605000007
8156,340,227.76796079999988,263.6194401
8157,340,229.08240482500008,240.90991452500003
8158,340,215.38513585000015,256.8498784249998
8159,340,215.11280640000018,199.080002
8160,340,188.01100770000008,184.99706952499986
8161,341,168.44816555000008,197.66212962500003
8162,341,224.04882145000008,203.81037922500002
8163,341,195.64449177499984,179.09051407499987
8164,341,235.26734029999994,168.56413762499986
8165,341,187.4155220500001,186.51438172499996
8166,341,207.31890484999988,183.19186365
8167,341,218.4101775249999,306.5986198749998
8168,341,234.81753865000002,258.05455219999993
8169,341,277.3591107750001,298.78772490000006
8170,341,359.17420500000003,279.3442994500001
8171,341,304.57555445,281.58180685
8172,341,310.7464666000002,237.63757507500003
8173,341,280.96453312500034,264.55058717499986
8174,341,277.171492175,290.38126809999994
8175,341,255.52614369999986,225.95888214999985
8176,341,251.33035022500013,272.99051387500003
8177,341,236.49323500000008,216.01793504999995
8178,341,312.60570214999996,309.2678972499998
8179,341,356.237199775,244.79103765000008
8180,341,273.1528554250004,249.68359877499972
8181,341,278.25365247500054,243.49167599999993
8182,341,265.39898845000005,238.99947822500008
8183,341,183.26066635000012,174.82737877499994
8184,341,159.86909347499991,175.910733
8185,342,164.22296885000006,174.20024162499993
8186,342,147.0765763500001,153.84897335000002
8187,342,117.53360797500007,112.626658025
8188,342,142.20928395000018,136.93800820000004
8189,342,161.00914890000007,176.93057395
8190,342,167.7236257750002,153.67323672499992
8191,342,179.32545475000003,215.53266092499993
8192,342,298.05680429999995,213.752298275
8193,342,229.8584835750001,214.1757883
8194,342,302.40855800000014,305.00359044999993
8195,342,283.69559394999993,325.1985649499999
8196,342,222.49577047499992,227.21231984999986
8197,342,252.78492630000042,228.33396599999998
8198,342,183.13245582500014,240.08570905000005
8199,342,242.34423312500041,189.53786497499993
8200,342,247.15526082499986,246.52405519999985
8201,342,147.27603860000005,234.02851969999983
8202,342,240.77466317500023,234.0026557749999
8203,342,258.36267212500024,227.4583962000001
8204,342,246.30642277500027,205.2510961749999
8205,342,289.5705847000002,210.6710927250001
8206,342,220.17684355000011,264.25457062499993
8207,342,169.32082305000012,178.68722212499995
8208,342,180.41530005000016,185.81696924999997
8209,343,123.69359687499997,136.68319705000005
8210,343,143.06291072499997,164.62488194999997
8211,343,134.96152475000008,127.10634382499993
8212,343,155.28964262500008,166.49044024999998
8213,343,176.8714746500001,180.57143239999994
8214,343,150.67626965,191.5566331749999
8215,343,166.07515992499998,167.17492592499994
8216,343,251.832286175,227.46209572499987
8217,343,268.2804249000001,218.73383395000008
8218,343,265.71226157500007,301.37012374999983
8219,343,267.6237125500002,279.24756719999993
8220,343,299.7477843500003,216.6931486499999
8221,343,252.83357627500004,205.73808585
8222,343,226.2367952999998,239.79398247499995
8223,343,224.56370430000027,226.48456089999996
8224,343,174.8660436749999,230.730621875
8225,343,246.53961980000003,221.09505077499983
8226,343,261.6845268000003,273.20830394999996
8227,343,232.28884230000023,235.81474002499988
8228,343,209.5059751500002,304.73479412499984
8229,343,254.44178622500021,295.4387336249997
8230,343,186.87209395000016,247.98370274999985
8231,343,226.14273324999994,176.86780060000007
8232,343,129.91024730000004,169.91162917500003
8233,344,144.46779597499994,138.385588625
8234,344,139.02925892500002,167.427420975
8235,344,149.51252302500012,178.55909557500001
8236,344,174.27225942500007,129.06164905000003
8237,344,171.78007662499994,149.53523145000008
8238,344,189.12985920000014,248.14970787499988
8239,344,289.28163539999997,207.22435595000013
8240,344,270.01299700000004,240.1048594499998
8241,344,284.21994830000045,284.517775625
8242,344,260.22007787500013,272.85478724999996
8243,344,211.9681713750002,333.5941141249998
8244,344,279.32073562500057,263.8106775750001
8245,344,293.6006474750001,268.731597575
8246,344,269.38127105000024,282.7606255500001
8247,344,258.6202420500001,281.99780547499984
8248,344,277.8205705499999,258.65660545000003
8249,344,252.9131405500002,254.14218634999995
8250,344,291.9404729250001,277.74570977499985
8251,344,251.01567444999995,226.35945787499986
8252,344,237.43620077500026,241.4326400999998
8253,344,336.4378163500003,184.41340352499986
8254,344,278.6627490500003,229.55650024999983
8255,344,236.31087650000012,199.4679576999999
8256,344,180.01155027500008,203.1975978999999
8257,345,175.5675061,197.91611130000004
8258,345,197.14677157500003,176.23803739999997
8259,345,172.47703990000002,178.61244957500008
8260,345,183.64523037500007,180.5269635499999
8261,345,234.75068757500003,205.95498649999996
8262,345,195.53723342499993,189.35274744999998
8263,345,243.58510292500046,297.32708929999995
8264,345,206.77112537499988,296.7760667000001
8265,345,250.19127567500016,296.34075550000006
8266,345,316.67533205000007,240.82584977500002
8267,345,245.9716391500001,230.30121117500016
8268,345,252.3012079,340.9423768000001
8269,345,281.2804257,312.68016234999993
8270,345,296.1222461250002,282.8125601749998
8271,345,229.48498145000002,187.1769940249999
8272,345,223.3156596500001,288.275296875
8273,345,209.80243382499992,241.11865400000008
8274,345,325.63046584999995,266.5611657999998
8275,345,278.15690950000004,256.91191107499986
8276,345,200.35726322499994,260.4304571
8277,345,258.81393067500034,266.9955588249998
8278,345,267.49355292500036,233.6368948999998
8279,345,196.40006465000005,244.2418147749998
8280,345,254.74755950000008,201.85574160000004
8281,346,206.7751237999999,192.3591524750001
8282,346,183.89349872500014,195.15361859999996
8283,346,185.0447397250001,195.31129189999996
8284,346,195.75491522499996,159.97177854999995
8285,346,203.21396827500018,180.10157134999997
8286,346,230.57063812500013,219.18136607499991
8287,346,298.11898482500044,270.57005125
8288,346,250.00072502500004,263.93394862499997
8289,346,293.99656495000005,235.75257075000002
8290,346,288.5938736250001,286.4094436499998
8291,346,346.3885417500002,280.6918243
8292,346,278.8549150000001,249.29621347499997
8293,346,248.80913307500018,216.21144319999996
8294,346,212.1686219500001,247.98423855
8295,346,309.02947772499994,294.38529247500014
8296,346,225.4491465000001,278.91875327500003
8297,346,223.5589334,220.5246570250001
8298,346,264.56239805000007,254.21256402499998
8299,346,259.62375872500024,187.86669347499992
8300,346,341.1841935749999,254.04454515000015
8301,346,239.22008592499992,253.26800020000005
8302,346,196.2719754750002,292.8129362749999
8303,346,212.60620402500024,253.9726168249999
8304,346,174.15837435000003,184.7317841749999
8305,347,160.38747530000006,150.55811722500005
8306,347,131.24236435000012,163.08914349999995
8307,347,155.73512370000014,131.48092559999998
8308,347,146.866553375,166.7045502749999
8309,347,179.22654647500008,129.0753315
8310,347,191.32634562499982,149.13900339999998
8311,347,279.5064614999999,206.5433048750001
8312,347,264.7936786500003,291.7233817749999
8313,347,350.9885553250002,286.59259675
8314,347,307.8871885750002,218.26214129999985
8315,347,309.98437962499986,393.7210894500001
8316,347,252.85488980000028,300.02310984999997
8317,347,228.8886018750002,240.77467782500008
8318,347,206.1446878499999,249.05480049999971
8319,347,235.00921885000002,199.07996447499994
8320,347,244.2193974750001,256.64451009999993
8321,347,163.88870392500016,340.7938951249997
8322,347,297.72586785,233.7247645499998
8323,347,298.6163267249999,221.4018317999998
8324,347,274.5767293,300.32393354999977
8325,347,254.14450877499985,278.3921738749999
8326,347,231.50192315000004,263.33950094999994
8327,347,242.47392127500044,192.6212061249999
8328,347,131.52832910000004,226.00823212499995
8329,348,159.03168110000007,143.21569174999993
8330,348,173.66676132499995,123.58771842499999
8331,348,130.38958385000004,168.65250070000002
8332,348,160.69657637500018,159.1639018499999
8333,348,158.33652102500002,171.15510572499988
8334,348,207.36272797499993,210.51788645000005
8335,348,224.64949407499992,214.31698585000004
8336,348,243.88284129999988,246.79662367500015
8337,348,333.73897007500034,280.12854685
8338,348,239.4310734500001,226.20302244999993
8339,348,291.59818295,359.5560649999999
8340,348,275.45385355000013,348.014959425
8341,348,306.6071110500003,283.5461266999998
8342,348,223.11682660000002,244.96084249999996
8343,348,286.03944457500006,259.32714905000006
8344,348,296.5755093,235.4328888749999
8345,348,317.8064935750002,309.5150163999999
8346,348,270.02804507500014,265.20236279999995
8347,348,285.0117476500002,259.87770954999996
8348,348,305.86849285000017,250.14333909999993
8349,348,284.4168382500002,250.56218677499987
8350,348,195.56179795000025,254.603337975
8351,348,235.38168047500008,186.93381042499993
8352,348,236.02458935000033,191.74986389999998
8353,349,173.13137135,195.17018372500002
8354,349,208.94070950000025,211.00800909999992
8355,349,176.91421669999994,204.6766675499999
8356,349,164.14242747499998,185.50383895
8357,349,185.93510080000013,198.77026245000002
8358,349,255.96634029999996,196.21971539999993
8359,349,240.5277719500002,261.71207879999974
8360,349,196.5923103,252.3669146250001
8361,349,236.2223703250001,271.334036125
8362,349,284.6516988000001,312.93887342499994
8363,349,319.08308657500015,245.98430489999984
8364,349,306.79584839999984,264.8380146250001
8365,349,240.42136485000015,239.46466707499977
8366,349,230.87392337499995,253.13254794999983
8367,349,230.16277727500005,245.69877732499992
8368,349,235.78817377500027,192.29359757500004
8369,349,256.62274597500016,229.03451270000005
8370,349,238.88046209999987,267.0186582249999
8371,349,198.91908875,269.3261214999998
8372,349,220.74551770000016,208.28137440000006
8373,349,301.933361925,213.6561501750001
8374,349,271.0213711000001,221.209144525
8375,349,206.96581547500003,193.49965585
8376,349,204.79031432499985,186.57965067499987
8377,350,132.51003582500013,196.56098732499993
8378,350,176.84006549999998,143.89730812499988
8379,350,145.1749825250002,165.9296003999999
8380,350,154.79355062500002,102.23538045000001
8381,350,193.88358884999997,162.53273375000003
8382,350,178.55120982500026,219.99696334999993
8383,350,190.3448495750002,228.77552957499995
8384,350,194.44285050000025,173.90937147500009
8385,350,227.8138679500001,264.69738389999986
8386,350,268.73037042500005,264.8733844000001
8387,350,251.416295425,248.15965895
8388,350,286.10231947499994,293.87628000000007
8389,350,203.03385627500003,219.57358282500007
8390,350,200.4882469750002,246.0886124000001
8391,350,202.19002457499994,185.67078902499972
8392,350,214.768450625,237.6439974499998
8393,350,241.8145301750003,244.35951872500004
8394,350,266.8155412750002,319.2941318999998
8395,350,211.68903397499997,315.9937232499999
8396,350,323.469505725,227.22273349999986
8397,350,245.88673897500001,263.57969019999996
8398,350,254.00497245000014,279.175162075
8399,350,213.3108543,185.34695547499993
8400,350,173.95192507500002,176.01444772499988
8401,351,166.40594082500002,142.05215022499993
8402,351,175.23629239999997,131.39787650000005
8403,351,159.85920570000002,182.839423475
8404,351,181.4190085250001,213.06366212499995
8405,351,177.02896594999999,182.70218439999996
8406,351,175.10503927500014,182.66033434999986
8407,351,260.733102775,242.6181208499999
8408,351,295.52355947500035,223.06358382499997
8409,351,293.44113290000024,255.16864430000015
8410,351,217.7911581750002,323.06212589999996
8411,351,280.52208610000025,205.33905290000007
8412,351,280.1724452999998,301.03957330000003
8413,351,209.24114424999993,306.38907067499974
8414,351,297.2822035749999,249.94007162499992
8415,351,253.5914765249999,291.6468853749999
8416,351,268.0811084500002,218.73724562500013
8417,351,258.32880380000046,254.2201438749998
8418,351,305.51211615000045,320.5252450250001
8419,351,286.9804575500004,280.31076542500006
8420,351,318.57990402500025,283.22027372499986
8421,351,286.57093887500025,294.260505275
8422,351,234.7011831750002,267.3734226249999
8423,351,208.9526356750003,259.9393297
8424,351,166.79281770000006,176.3568017
8425,352,173.06073912500005,172.38045167500002
8426,352,105.34897665000007,147.127730025
8427,352,138.40894032499995,133.09258109999996
8428,352,162.14221502500004,214.15812242499987
8429,352,193.79626179999997,201.54541604999991
8430,352,234.90331785,244.86552889999996
8431,352,243.20403950000002,262.03997830000003
8432,352,251.0347737000001,259.3489204499998
8433,352,292.3242632500003,265.9406426499998
8434,352,287.6511128999999,265.223736
8435,352,280.2182275000002,263.08103359999996
8436,352,277.85148407500026,255.4495003749999
8437,352,274.48719917500017,269.87417960000005
8438,352,262.868823975,285.91039325
8439,352,273.86750837500017,300.46356212499995
8440,352,265.24488532500027,233.67917502499984
8441,352,233.9850831500002,317.7640637249999
8442,352,273.583435075,249.94350500000007
8443,352,310.4147087000001,308.38122174999984
8444,352,269.0893632500002,263.5634420749999
8445,352,262.84210665,300.12252580000006
8446,352,320.4598708500001,283.81741134999993
8447,352,192.08249450000022,207.97291950000007
8448,352,186.80099807500022,169.30046717499994
8449,353,196.10370319999998,156.90044504999997
8450,353,190.11796242500003,176.21049300000004
8451,353,171.90593267500006,161.7776465999999
8452,353,240.27525500000002,199.508901875
8453,353,162.6367343,207.06615434999998
8454,353,226.31262462500018,182.99308359999975
8455,353,251.93068237500012,306.62269834999984
8456,353,272.3511094500001,231.539827625
8457,353,287.4131133750004,284.06645722499985
8458,353,302.98787717500016,286.52717440000015
8459,353,338.2156004500006,318.0101064249999
8460,353,254.05193367499984,206.7422266999999
8461,353,229.95964580000026,308.09198022500016
8462,353,252.47313330000003,273.59250892499983
8463,353,248.70077640000017,306.2728745249999
8464,353,311.7985592250001,213.33806132499996
8465,353,265.67485870000013,257.65012530000007
8466,353,281.3127536250002,360.7736746999998
8467,353,277.27863752500014,323.259314075
8468,353,293.6653167750004,208.90801902500004
8469,353,287.75068242500015,288.9529389749997
8470,353,277.8131606000001,277.3445610499999
8471,353,261.68516732499984,215.73906714999993
8472,353,198.13352790000016,219.17318087499996
8473,354,220.00286140000003,212.11837537499986
8474,354,173.91555055000003,190.62284322499988
8475,354,196.70144644999996,178.12268947500007
8476,354,241.30667597500013,164.68763157500004
8477,354,210.49980637499993,211.25714992500002
8478,354,212.6643743250001,229.02736582500012
8479,354,255.28923205,270.80242962499983
8480,354,243.625370175,282.8090264
8481,354,247.52456662500015,296.3524408749999
8482,354,233.0483605250002,274.4625616
8483,354,320.265823875,308.8996132749999
8484,354,344.0114062249999,211.72349494999997
8485,354,311.92057535000015,338.37964164999994
8486,354,302.2023316000001,237.8596398499999
8487,354,220.65288212500025,188.98103700000019
8488,354,284.12697997500027,190.3192344999999
8489,354,257.8067328500002,255.31822822499998
8490,354,291.9874001999998,249.5476133749998
8491,354,252.51612877500008,346.0805020749999
8492,354,263.5647534000002,285.92871132499977
8493,354,227.84304084999985,271.24677814999995
8494,354,281.1934176499999,252.4391556000001
8495,354,262.1270432250001,235.52712245000004
8496,354,248.15910737500016,234.39303537499984
8497,355,195.8685396249999,206.87207822499988
8498,355,186.83306295000006,216.01945544999998
8499,355,195.11342447500022,204.72656197499995
8500,355,222.70009647500007,173.757489675
8501,355,237.27486292500026,185.54090142500002
8502,355,230.40935815000034,228.53707390000005
8503,355,243.3862730000001,238.3263025249999
8504,355,283.6354480000002,317.8841605
8505,355,260.7029336000002,281.21499097499986
8506,355,264.58049774999995,330.4159060249998
8507,355,284.53456295,325.8522116249999
8508,355,327.3992702250001,255.1636348000001
8509,355,246.766341275,251.05608974999984
8510,355,246.04727777499994,251.59407422499993
8511,355,263.24060947500016,281.22908095
8512,355,248.66195135000012,301.06492995
8513,355,239.49300665000015,284.03342627499995
8514,355,280.4325457000002,244.32860129999995
8515,355,231.58824150000015,287.3768354749999
8516,355,277.2240666500002,336.6727255749998
8517,355,260.4011927,263.9444925
8518,355,238.67391884999992,185.22645660000006
8519,355,202.07166652500018,176.99991435000004
8520,355,164.07689170000006,169.73664540000001
8521,356,143.948649575,153.9271517249999
8522,356,158.73629497500013,153.97238814999992
8523,356,144.18757742499992,188.18993607499993
8524,356,190.84982195000012,192.47131892499988
8525,356,173.84686260000024,167.78193067499996
8526,356,194.73425847500016,152.255165875
8527,356,250.18688199999997,230.94776062499992
8528,356,302.2276644250003,224.94801265000004
8529,356,302.9923235000001,209.61503695000013
8530,356,278.9816185000002,249.38417519999976
8531,356,272.14783235000016,255.97904874999998
8532,356,260.11839142499997,245.40742659999978
8533,356,209.66128525000005,217.42465457499998
8534,356,192.5380969750002,260.29170922499986
8535,356,198.0062408750002,185.38817859999995
8536,356,238.21321384999996,255.2286785999999
8537,356,214.66937882500005,234.30312352499993
8538,356,276.6279359750001,240.34942084999983
8539,356,223.23708554999993,263.29586744999995
8540,356,203.68374392500021,228.96994004999988
8541,356,273.1832064500002,220.32308525000005
8542,356,198.07135555000002,232.742328575
8543,356,181.1524071000001,204.14819772499993
8544,356,153.68822580000028,183.82950689999996
8545,357,178.7310240750001,159.22702924999996
8546,357,162.1378902250001,133.56656715000003
8547,357,142.92179520000008,166.43116505
8548,357,132.32504757500016,140.113397125
8549,357,178.075003675,165.29231117499995
8550,357,206.9605600749999,170.529104775
8551,357,195.77046862499998,253.3781879
8552,357,218.27812759999983,266.140844775
8553,357,224.55131114999995,244.80997407500016
8554,357,326.10089577500065,259.77240502499996
8555,357,265.8413783000001,193.5215609
8556,357,267.7501113750001,239.11276117500003
8557,357,201.9825792000001,292.49080850000007
8558,357,236.4110969,195.48199147499983
8559,357,199.52198175000012,171.12513282500004
8560,357,223.233722125,210.68098767499998
8561,357,234.1792338749999,181.87823730000014
8562,357,221.07033505000004,210.92103037499993
8563,357,278.67866202500034,273.1043155
8564,357,226.09343484999988,220.03021305000004
8565,357,259.70278462499994,257.70760825000013
8566,357,276.2707580750001,200.28520962499985
8567,357,228.7251963000001,174.15419924999998
8568,357,189.06265792500005,187.94980462499993
8569,358,139.2669291750001,143.14027519999996
8570,358,129.72847717500002,144.789291225
8571,358,133.63425195000005,165.54331127499987
8572,358,156.07412640000007,157.09293709999997
8573,358,198.05717242500003,159.82536344999994
8574,358,196.65825187500002,171.72933522500006
8575,358,231.82624765000025,225.04726794999993
8576,358,244.82202592500028,254.391640275
8577,358,264.97186092500016,273.12544049999997
8578,358,222.05589552500004,257.5607401
8579,358,244.30927212500012,281.97818709999973
8580,358,215.29315752500028,334.1804514
8581,358,252.707825625,264.4683351499999
8582,358,195.62598437500014,255.77914482500003
8583,358,245.09607837500033,262.761120075
8584,358,215.6883174250001,220.148853375
8585,358,212.92497600000016,182.5137569750001
8586,358,303.38379255,237.86344394999983
8587,358,241.06672135000008,215.28311157499988
8588,358,250.77236662500025,198.49184047499978
8589,358,221.04666429999992,211.16471052499995
8590,358,224.13104555,219.82942359999998
8591,358,183.41948240000016,161.33983037500002
8592,358,173.4756866000003,174.15597617499995
8593,359,159.23183102500013,152.61204809999987
8594,359,141.35902854999995,140.3456518750001
8595,359,154.255015875,135.49752590000003
8596,359,172.22919937500012,165.9644136249999
8597,359,121.71704770000014,150.81994347499997
8598,359,157.36148385000013,188.53045094999993
8599,359,173.55927962500004,253.2617433999999
8600,359,196.38094202500017,152.10466624999992
8601,359,224.38688932500037,172.87223017499986
8602,359,198.9588697750001,228.7408152750001
8603,359,208.928155725,222.17382109999997
8604,359,249.47822442499992,204.2971107999998
8605,359,278.5911146250002,286.517920275
8606,359,242.0552722750001,224.03644774999984
8607,359,208.4470605750002,250.17746225000008
8608,359,167.6769688,192.82292955000003
8609,359,217.38185295000008,246.05675714999995
8610,359,195.2042658749998,226.27103567499987
8611,359,182.47418789999983,221.09388385
8612,359,173.68997965,225.85710727500006
8613,359,221.5636601500001,191.91809644999998
8614,359,197.15969802500027,200.57281159999994
8615,359,183.79386452500017,188.77940585000005
8616,359,184.31475260000008,165.06981862499998
8617,360,137.9492037500001,187.27580767499995
8618,360,215.03393005000007,135.33907462500002
8619,360,152.47912477500006,177.73278877500002
8620,360,217.98085005000002,191.5933065
8621,360,216.42205117500006,143.27270972499997
8622,360,184.0413466249999,179.51354174999994
8623,360,155.7871854499998,186.56586327499997
8624,360,226.5080621749998,224.3892565750001
8625,360,251.60621987500016,269.35630757499985
8626,360,293.013230875,235.28830942499985
8627,360,284.91274687500015,281.80958947499994
8628,360,261.482215925,275.99188024999984
8629,360,265.3693843000002,273.68404949999996
8630,360,287.29898337500015,249.0621708249999
8631,360,241.26022440000003,249.6541949249999
8632,360,199.89669000000006,200.2193852249998
8633,360,204.77998657500018,274.76997019999993
8634,360,256.0971008250001,306.4054872749998
8635,360,278.4755281500002,217.714070375
8636,360,267.7283188999999,260.03844099999986
8637,360,248.67368230000025,232.8083671999998
8638,360,261.00770014999995,235.30505829999998
8639,360,227.5224254750001,223.57003204999995
8640,360,235.35870762500002,198.47546957499992
8641,361,219.17648470000032,184.12548687499992
8642,361,183.22609667500004,200.129423975
8643,361,179.60214757500015,167.05092667499986
8644,361,176.00704585000034,166.81887519999992
8645,361,176.72097980000004,166.82402409999995
8646,361,265.96707770000006,233.33530149999987
8647,361,187.78128150000023,210.03962494999996
8648,361,263.1736969999999,326.11918704999994
8649,361,221.0883656500003,221.0560489249998
8650,361,251.10335564999986,247.81244265000004
8651,361,296.8755252250003,237.40708477499993
8652,361,265.7890894000002,277.66011110000017
8653,361,248.70778562500018,268.08913075000004
8654,361,204.75292555000019,271.10157864999996
8655,361,171.83047212500009,268.2334055250002
8656,361,258.4798803249999,186.75093340000006
8657,361,255.33614219999993,208.86018725000002
8658,361,340.4773315500003,284.1777445499999
8659,361,263.9028457,248.80703727500006
8660,361,272.62493190000004,229.12234757500002
8661,361,212.74773619999996,227.40995827499998
8662,361,215.38290312499993,217.6935250000001
8663,361,237.99798435000002,228.30357999999995
8664,361,176.1121196499999,183.93695097499986
8665,362,187.2960279500002,190.33179529999992
8666,362,147.28280897500014,193.04788624999998
8667,362,157.40862807500002,183.24430434999996
8668,362,139.51142842500002,190.82587912499997
8669,362,172.46246382499996,161.29058257499992
8670,362,161.12864487500008,213.4722390749999
8671,362,235.1094181750002,241.66048510000002
8672,362,232.76666727500015,267.76238617499985
8673,362,252.57246340000012,242.93446720000003
8674,362,252.42751730000032,289.797482625
8675,362,318.76364642499993,286.799814475
8676,362,234.86888382500007,257.10139892499996
8677,362,226.99145967500016,262.55440797500006
8678,362,253.37129355000016,280.0935886999997
8679,362,274.5440519250003,232.30821155000007
8680,362,238.03410187499992,221.0311467000001
8681,362,202.270095,246.86542272500006
8682,362,209.47578132500007,242.14225019999992
8683,362,259.83889679999993,228.25450554999992
8684,362,243.9897988000002,296.3066950249999
8685,362,277.3008697500003,201.5451847999998
8686,362,207.91648120000013,232.05986947499994
8687,362,237.3542573250002,204.8854696749999
8688,362,175.40076327500003,194.11080319999996
8689,363,156.00073907500007,181.49212837500005
8690,363,157.30275195000007,197.34505447499987
8691,363,145.34465149999994,150.1111742249999
8692,363,166.37581505000009,162.79448432499998
8693,363,158.1196943250001,196.32831940000008
8694,363,194.5195492500002,188.81932719999992
8695,363,196.55294909999986,212.13206045000007
8696,363,279.9103938250002,230.29900132499984
8697,363,213.17415167499996,218.86954719999994
8698,363,284.49068350000016,274.7867066999999
8699,363,314.5614359750001,282.7730113500001
8700,363,232.2162294000001,258.44919419999997
8701,363,209.459854775,232.0307927750001
8702,363,245.3237819750002,273.0050119750001
8703,363,196.7088732500003,227.82796524999998
8704,363,234.84580010000016,243.73131399999994
8705,363,244.98837102500005,201.12439412500004
8706,363,279.23204442500014,240.96821452499984
8707,363,242.69584217500005,294.48935545
8708,363,284.7170559,196.0456267749999
8709,363,289.995249675,204.88495417499985
8710,363,229.28067127499997,255.43442799999997
8711,363,232.18685847500012,236.54093827499986
8712,363,187.85902079999983,178.95414199999993
8713,364,201.16371700000008,198.08647199999996
8714,364,207.12619040000027,172.02556927500007
8715,364,218.46603467499997,198.13603834999998
8716,364,247.93673782500002,200.11778220000002
8717,364,217.86097177500017,207.8014863
8718,364,199.53914287500015,205.57672662500005
8719,364,203.01375700000017,188.66949454999988
8720,364,213.38012490000017,187.315754325
8721,364,187.62011952500006,227.66224914999995
8722,364,224.26366062500014,264.222802475
8723,364,193.48559214999986,241.53199915000005
8724,364,217.32703549999997,271.2211881499998
8725,364,221.02452324999996,205.31232644999997
8726,364,211.1022164500003,192.30895512499998
8727,364,219.08979092500022,189.38594297500003
8728,364,189.620560425,214.73599017499998
8729,364,241.46857674999987,173.88841389999993
8730,364,247.7688329000001,297.5312096999998
8731,364,270.22004867500016,258.1073000749998
8732,364,249.03707260000004,219.57970934999986
8733,364,217.67182585000003,206.95844009999985
8734,364,240.82715732500003,215.36473399999983
8735,364,209.703451925,152.0888721999999
8736,364,168.8502334750001,134.43324110000003
8737,365,127.8924878000001,171.45463542499994
8738,365,193.42555097500014,148.38037422499997
8739,365,147.0084466,159.96078905000002
8740,365,160.82167572499992,153.246820175
8741,365,194.43945894999996,198.90272567499994
8742,365,170.436731925,242.2687188
8743,365,261.02883222500003,217.14072919999995
8744,365,217.03947399999993,239.77968587500004
8745,365,241.4466846499999,257.2849873999998
8746,365,269.17392632500025,219.69971339999995
8747,365,219.7077973250001,268.33341687500007
8748,365,313.9662893000001,298.53938022499983
8749,365,235.95265077500002,197.79563734999994
8750,365,217.25748825000002,255.0527701
8751,365,193.16929772500004,211.79130557499997
8752,365,213.18845650000014,169.65932029999993
8753,365,219.8927906249999,253.7562942749999
8754,365,240.63901800000002,267.4784679499999
8755,365,211.70024099999983,236.20656815
8756,365,235.61684877499994,229.09783762499995
8757,365,198.97268332499996,217.85386609999998
8758,365,211.3324660250001,175.73529959999996
8759,365,206.08000267500012,145.0511155999999
8760,365,148.99848859999997,160.08286184999994
